(0.07525370720060139, 2.332080622576016e-43)
(0.14295876058332074, 6.777024082270418e-44)
(0.9980115900804726, 5.18347008438208e-44)
(0.7370152639134822, 7.1435954361052e-44)
(0.7772566803063738, 1.1264905489014591e-43)
(0.12122192615401528, 1.1743570202546272e-42)
(0.24775253933504016, 2.3970714934260423e-43)
(0.3139235835210093, 3.3471383635217495e-41)
(0.3937806742909973, 1.7342158259684811e-43)
(0.4927190996266585, 9.635102040495279e-44)
(0.03387296248129846, 1.286178627980468e-41)
(0.7459960134563156, 1.4229307906032717e-43)
(0.938193791401164, 2.840309835123179e-43)
(0.8822413643189289, 1.0039856428099393e-43)
(0.42495523744680447, 1.0451974545393834e-43)
(0.7620566718866514, 2.569112223550719e-43)
(0.07644009675724946, 1.4231025081355458e-43)
(0.7639434165639446, 1.1736369527806346e-43)
(0.023611805368096192, 2.1238507765230808e-43)
(0.8389021919336901, 2.2982039647545817e-43)
(0.942628804064739, 7.895596896287547e-44)
(0.09180496819456313, 5.907606004938787e-44)
(0.5248868064385162, 3.734963941084993e-43)
(0.047145166321452575, 6.77979914556515e-44)
(0.10962815228019239, 5.497548146356435e-44)
(0.2508493652786228, 5.652559260430258e-44)
(0.8059225176186332, 6.89505273151083e-44)
(0.09344860815432011, 6.267772693805751e-44)
(0.2170756419358421, 6.109695924154919e-44)
(0.003226725314435296, 1.2507623220326905e-43)
(0.3536393061992651, 2.127880088481557e-43)
(0.08713836097534582, 1.4908242576632852e-43)
(0.14059571578940216, 5.905531633924423e-44)
(0.5765928735603026, 9.685614524353684e-44)
(0.5398897785949022, 6.761248419751502e-44)
(0.6232557851722434, 1.0968135699299622e-43)
(0.8124595405393994, 5.116490394007634e-44)
(0.5775162445031631, 1.0829729730695599e-43)
(0.6482900028863303, 4.4254869941781044e-43)
(0.7151652413456147, 1.2836810574148764e-42)
(0.43070204644589216, 1.0916011275455252e-43)
(0.5903883302109684, 2.9579153064193416e-43)
(0.8551890257428952, 6.870693122762836e-44)
(0.2915607707947143, 2.909892127660847e-43)
(0.21926539428708827, 2.8020281290968048e-42)
(0.38145299590261267, 6.516594326697713e-44)
(0.03749487008098186, 6.017782697816918e-44)
(0.21272376606632995, 5.766262834993592e-44)
(0.48969687062258777, 6.916828452863415e-44)
(0.3087497550603773, 8.602842958472232e-44)
(0.4856108276706311, 6.740215466655276e-44)
(0.9278096080487139, 5.113636153947029e-44)
(0.4280008432290157, 2.579448422771659e-43)
(0.18042799485822728, 8.862726305721646e-44)
(0.4545266274068315, 5.304523963795874e-44)
(0.7203366019431641, 1.26895574896466e-43)
(0.10054979616920205, 9.156879401801875e-44)
(0.7799425042660639, 7.0455879831185e-44)
(0.11813911223830922, 1.237456733661649e-43)
(0.04929421535477381, 1.4954218065516948e-43)
(0.951972716224474, 6.770701602015242e-44)
(0.18788744010593286, 6.040732141502249e-44)
(0.8869160996790393, 2.32758205464209e-43)
(0.7150468683086806, 7.924510304219188e-44)
(0.7709512823073648, 1.7541115166445795e-43)
(0.3642833132717573, 7.098607434708265e-44)
(0.361587304481738, 8.563471327587696e-44)
(0.100623006004318, 1.6910137379175771e-43)
(0.5330945743802304, 5.930581519561777e-44)
(0.22137829192262715, 6.636254777932802e-44)
(0.7109055791985824, 1.0343466549289077e-43)
(0.873723328158258, 1.0517030838898444e-43)
(0.7666220339562198, 5.535622692107873e-44)
(0.12077888350602435, 5.158189068895037e-44)
(0.46294252156586113, 1.1802857472602851e-42)
(0.40036538105442365, 5.430658008463119e-44)
(0.5513766273943992, 1.942500824250058e-43)
(0.010698084874358462, 6.381005761858166e-44)
(0.35344070659247667, 1.4485660090603878e-43)
(0.6463901613463515, 1.3645642287557632e-43)
(0.6120100504370352, 1.991788963893196e-43)
(0.07967568356173865, 8.130857033833254e-44)
(0.25934878207019857, 7.087531704497247e-44)
(0.6112455959914188, 1.02011237873599e-43)
(0.5101412998579599, 7.77019790859473e-44)
(0.9981625322552139, 5.86829769415268e-44)
(0.21913298416251947, 7.009472867213516e-44)
(0.13718032628190632, 6.133949625074726e-44)
(0.4320688770118853, 7.51404912034476e-43)
(0.4043575272467579, 8.610573026242443e-44)
(0.020039109949389143, 8.109269548224589e-43)
(0.4804266976708928, 1.0417690207541549e-43)
(0.027434808085308977, 1.1911202782650571e-43)
(0.7545715244657089, 8.517213306441282e-44)
(0.08638829301195255, 6.494329612743885e-44)
(0.501718667927503, 8.479833757312903e-44)
(0.2304295273275719, 9.288741257138807e-44)
(0.6203482224117751, 2.4479361503773453e-43)
(0.28880397984302897, 5.677718080801725e-44)
(0.316425140486333, 6.496827754004792e-44)
(0.9760099431590922, 4.132509816128658e-42)
(0.08118258228990426, 5.433081535354807e-44)
(0.9788068579656838, 2.276561174725793e-43)
(0.430938623889781, 5.272224701150271e-44)
(0.7396455649475383, 1.239843871968676e-43)
(0.07186215586737825, 2.070848531728163e-43)
(0.15324709606333908, 1.011709429357102e-42)
(0.7559053560837224, 1.7793505265950894e-43)
(0.8509498309825575, 1.2206632278330292e-43)
(0.8278262213346127, 7.006621894338547e-44)
(0.6404360307364153, 5.538181820697676e-44)
(0.394164269232544, 5.557896879963624e-44)
(0.6893471623587397, 5.038860437554521e-43)
(0.9629176896784797, 1.1264795382216399e-43)
(0.5882763111312329, 8.506300882586856e-44)
(0.5577987093349455, 3.756750526046252e-43)
(0.025849432700862943, 9.212200624313341e-44)
(0.5506252361768822, 1.889854266065885e-43)
(0.713508078943304, 1.0312126335752536e-42)
(0.5378464863310959, 8.496309720284528e-44)
(0.8990664457076027, 6.287213168820777e-44)
(0.08432470697976875, 1.82739504943451e-43)
(0.08520252652309215, 6.96151069616658e-44)
(0.585004174325693, 1.7632708674139377e-43)
(0.33673988344243494, 1.1593650715391503e-43)
(0.4531724189739133, 1.2071682436722413e-43)
(0.950261573376394, 1.2537809632540962e-43)
(0.7860115160482478, 1.0437626614836177e-43)
(0.1579055827781281, 5.879195627772144e-44)
(0.6426000547040434, 1.2326702826901512e-43)
(0.6511506921658926, 3.1063513157984397e-43)
(0.3168595602873189, 2.083612748526055e-43)
(0.6318345508135884, 5.910843397267556e-44)
(0.5993641185244574, 6.424840663170142e-44)
(0.8034067478636733, 5.754569363424289e-43)
(0.31343456435968, 6.071052799760833e-44)
(0.8909394267727553, 1.2980321875806173e-43)
(0.9283635290035082, 1.0651841837258236e-43)
(0.30281210685190973, 6.562318154465965e-44)
(0.7186244645640549, 5.132435964386035e-44)
(0.45662478121618194, 1.080516514518765e-43)
(0.9902342111111112, 8.986278887493657e-44)
(0.20448915122186842, 9.76417903538832e-44)
(0.6618397274397291, 6.593983392205125e-44)
(0.7038007477385987, 6.011924123387187e-44)
(0.8148043615392314, 8.919448338494365e-44)
(0.4619397309410791, 9.251873656979338e-43)
(0.8495960541929359, 4.1706031571043295e-42)
(0.1063242507982289, 6.060137742506219e-44)
(0.4837819705410082, 9.929276057382098e-44)
(0.5022929696779992, 6.856139472965536e-44)
(0.7005523048292214, 6.305912812007968e-44)
(0.34912130571236677, 5.929318690193634e-44)
(0.9247354716502459, 5.713544685858023e-43)
(0.39689856595814804, 1.3336727491396092e-43)
(0.36025111747525984, 9.354944787913277e-44)
(0.33891590416611894, 1.7905274203188127e-43)
(0.551532126112174, 8.016944322706326e-44)
(0.500195269882243, 1.6813328145312004e-43)
(0.14518680200930364, 1.6545345110806418e-43)
(0.4824583124940405, 7.407614834254365e-44)
(0.7932030880831898, 8.565057195515005e-44)
(0.12680608387888354, 8.679828141510637e-44)
(0.24568918316984165, 5.439388436896371e-44)
(0.8996788790705659, 5.088842344135949e-44)
(0.40430407164310017, 3.4243025587359093e-43)
(0.0933223923450642, 1.2597621706093908e-43)
(0.19285101804584381, 1.549563614219204e-43)
(0.2726880367043888, 2.6836088434373722e-43)
(0.9925782978759911, 5.580334339932353e-44)
(0.0979264455477236, 9.383097557178727e-44)
(0.9710180585147299, 5.673945415451021e-44)
(0.8115262558517196, 7.457195691570006e-44)
(0.7491471657479909, 5.114229244109344e-44)
(0.8914646214457286, 6.263306246188104e-44)
(0.7548246049534381, 4.074625692822488e-43)
(0.3434815259731092, 8.976472090441937e-44)
(0.015189180748381503, 5.373492256329444e-42)
(0.008407014518964409, 7.426068209785487e-44)
(0.9100373447343806, 9.084482992363659e-43)
(0.9115770666249657, 5.31152650832377e-44)
(0.5935164547267971, 6.043487407595627e-44)
(0.7366940390980192, 1.6681011555212084e-43)
(0.22399311278366724, 9.925700749916683e-44)
(0.6378745901341579, 1.8383789637123715e-43)
(0.9935210212701917, 7.505691087558643e-44)
(0.4079562215199887, 1.3385977649797459e-43)
(0.7661966523833224, 6.597469100928819e-44)
(0.9579428160782374, 6.432649262529306e-44)
(0.08093676598954012, 5.71533134074734e-43)
(0.017883282826565806, 1.684809479972025e-43)
(0.0044253160117315215, 1.053737484489541e-43)
(0.9144487684576909, 5.183987798260495e-44)
(0.22807094231765265, 1.4111210853240137e-43)
(0.3362369835774664, 6.690123780840214e-44)
(0.42461113187388466, 2.425599245890627e-43)
(0.9708826309807461, 1.5170981682623173e-43)
(0.7343114450167391, 6.99491777945486e-44)
(0.6925355509745426, 5.854176260179527e-44)
(0.2565200517744242, 1.653401074837957e-43)
(0.5363123242525559, 4.6444831908922355e-43)
(0.07391029746932022, 1.7213360912394853e-43)
(0.7583849820952452, 8.601932682071832e-44)
(0.45696610379080926, 1.0452915923089288e-43)
(0.3344509343081499, 4.661888784347725e-43)
(0.756096792483491, 7.868540914151747e-43)
(0.1291974269855695, 1.0508437634452288e-43)
(0.3362101318349426, 1.127022386673463e-43)
(0.7060781295007713, 8.081595013100241e-44)
(0.5598162632217663, 4.853693591332379e-42)
(0.5732905104474281, 6.756352766243631e-44)
(0.29733216506587934, 9.599322723753533e-44)
(0.8402189779411569, 1.2034856193172262e-43)
(0.32292099285763537, 7.502807274606984e-43)
(0.4805988915509264, 6.516099638338047e-44)
(0.7612420813964854, 4.0887371560925345e-43)
(0.1347987132703358, 2.415972656353415e-43)
(0.6615356335039773, 9.48739430171362e-44)
(0.9707008480981119, 7.937383455562515e-44)
(0.10437848360700656, 6.058307726312629e-44)
(0.7515570941819643, 1.5092390440602105e-43)
(0.2840295146742469, 1.5342639670482318e-43)
(0.15871655259454387, 7.90298693628831e-44)
(0.49604126031142975, 2.110682666503303e-43)
(0.7349902332894082, 5.651761052076609e-44)
(0.3160173901266822, 1.2612403631720534e-43)
(0.23431543187653409, 5.313150664006356e-44)
(0.6979672494828457, 5.724896434953494e-44)
(0.17597561549631824, 2.0246374640445475e-43)
(0.5587823125291476, 8.416159337992432e-44)
(0.22020391388541208, 1.0505634250871363e-43)
(0.6124552330409317, 1.8481263145620584e-43)
(0.27964944725747926, 5.934674120228579e-44)
(0.43192718373152267, 8.57556323415341e-44)
(0.984417315072501, 8.843270828563871e-44)
(0.30020850568849083, 6.298841931665765e-44)
(0.32920324096405945, 6.955970508178539e-44)
(0.7044653902650567, 2.6649199377058454e-43)
(0.3917570564274907, 7.407150960513212e-44)
(0.07271783854097635, 6.204314157984198e-44)
(0.7642239150520518, 8.49421418636926e-44)
(0.9873236328016487, 6.712589709864807e-44)
(0.8452061270032211, 5.780511533251943e-44)
(0.042684793269721126, 5.178436590677271e-44)
(0.8275886590325426, 6.7607117242334926e-43)
(0.23093473005400517, 6.276375128939981e-44)
(0.7581208377028072, 3.497066298745825e-43)
(0.13934295102543925, 1.4526868890653763e-42)
(0.8299960118642916, 6.302097113012868e-44)
(0.7224710106818585, 1.4981632492407436e-43)
(0.6921764313493906, 3.332238257960259e-43)
(0.5944890364708735, 1.9410101985946833e-43)
(0.536775594450603, 1.32900789489447e-43)
(0.6732803696584999, 5.473892370069939e-44)
(0.4445461131196379, 5.72348097089703e-44)
(0.6476798491414744, 5.945872830027553e-44)
(0.6448395367662985, 5.808001522983412e-44)
(0.4195620647185938, 9.498785639255358e-43)
(0.30796840090028965, 5.600399584182654e-44)
(0.15425192755514353, 6.188450160919967e-44)
(0.8793276564990903, 9.270856926571155e-44)
(0.8982015475726509, 8.232114100115769e-44)
(0.6113802814412805, 2.789963046602469e-43)
(0.11810526066367825, 3.565320875430521e-43)
(0.5498367653158119, 8.638342787606793e-43)
(0.3310141031047249, 5.381559724045403e-44)
(0.8468820768868706, 9.64864546168836e-44)
(0.579359726453451, 1.0389016198111973e-43)
(0.2016831150579518, 7.957013894041122e-44)
(0.8247309010593362, 3.1819650170633327e-43)
(0.18003454414177847, 6.344509248897127e-44)
(0.7765844100168847, 5.139496590048857e-43)
(0.7901134695591684, 3.4814265102245618e-43)
(0.5119006878053819, 5.595031266229738e-44)
(0.5688676835678403, 8.040066527570309e-44)
(0.6110640881730629, 5.253887518793876e-44)
(0.8801851754640534, 7.164432678235014e-44)
(0.5758617758924288, 6.294108424057591e-44)
(0.6945967852287728, 9.82456766358505e-44)
(0.36679579333897494, 8.195324752061085e-44)
(0.2925959657437104, 2.8090645903719615e-43)
(0.3979635660920437, 6.099845716751032e-44)
(0.18061216388185347, 1.1276932315783237e-43)
(0.9116801761365512, 7.299103783780807e-44)
(0.5585646286523769, 2.2339269106960063e-43)
(0.9716861668393015, 5.052154601260863e-44)
(0.16230463409543067, 6.111750620162254e-44)
(0.9092606730302805, 6.003456361938456e-44)
(0.49968553868113136, 6.571292724730475e-44)
(0.13341609567072646, 9.859319827960185e-44)
(0.4002649630739783, 7.3724191497836e-43)
(0.4849719614002564, 6.497189650176257e-44)
(0.49739107585647696, 1.6975427210931072e-43)
(0.8215159949373154, 5.589721153229859e-44)
(0.12314854492013323, 3.1857345041614504e-43)
(0.02220349933873874, 5.694199464229474e-44)
(0.6783474011578021, 9.81077122284425e-44)
(0.2470667815143822, 6.276198062668872e-44)
(0.18797767043567565, 7.611017391920723e-44)
(0.17538819622638888, 4.2163300815243464e-43)
(0.865372056302977, 1.7918996144856587e-43)
(0.16353537238974059, 1.0817318939635242e-43)
(0.35307935644379157, 6.733478780797057e-44)
(0.04086379009172462, 8.838103342565643e-44)
(0.6869643551090583, 1.2445528681167819e-43)
(0.8611800498585162, 6.987469629460907e-44)
(0.08059916136468154, 2.5634904404293907e-43)
(0.37325877839198385, 7.229088147423967e-44)
(0.6511142169648029, 5.620409740536574e-44)
(0.4937409408804833, 8.425416740231557e-44)
(0.4258293910751949, 6.217077656077583e-44)
(0.17150977895581307, 9.541776007663655e-44)
(0.13809212956726036, 5.395791406025358e-43)
(0.9283745137980965, 1.0654879572488865e-42)
(0.6027087239887159, 5.304089187712102e-44)
(0.8369493062848089, 1.7122851522794872e-42)
(0.009760258454170088, 2.1308108288804853e-42)
(0.12529941455072902, 1.43588000458207e-43)
(0.7075808784061605, 5.560203430564367e-44)
(0.9588944725576055, 8.533876328544012e-44)
(0.25156611054162165, 3.224501514024511e-43)
(0.32815838527503477, 1.876305133229028e-43)
(0.3775987175170907, 4.5076393290623204e-43)
(0.5525283721817705, 8.012676952418034e-43)
(0.3536441420845656, 2.8537455741605184e-43)
(0.8003436073334091, 3.7141946050234006e-43)
(0.5837701834515084, 2.5741281030277613e-43)
(0.5225033201088956, 5.889468843732376e-44)
(0.863098308204432, 1.20290432988423e-43)
(0.36840486784463167, 9.465621716855541e-43)
(0.9578148442427441, 6.041728415093848e-44)
(0.6723097601026095, 7.452999473205034e-44)
(0.7834152096825953, 9.105955156377894e-44)
(0.8411598484781907, 1.4350781033326584e-43)
(0.016297520842484238, 4.383345961229322e-43)
(0.1475080754286463, 8.646385876791515e-44)
(0.37799390947316236, 5.59842662182975e-44)
(0.6908965668626873, 6.240417465634268e-44)
(0.41342118287848, 5.882617183176534e-44)
(0.18604999724039845, 6.0970155272604e-44)
(0.04608932237012109, 6.554318081371659e-44)
(0.08375617428059891, 8.080064857583515e-44)
(0.24086320136744532, 1.5668380292630515e-43)
(0.4813051912705375, 7.488992845809619e-44)
(0.14204118567179383, 7.890231509785705e-44)
(0.14075765179160687, 2.0889150285511718e-42)
(0.5935605707459415, 1.3881630565846644e-43)
(0.28156710232759785, 6.412649792463173e-44)
(0.3354523597707764, 7.790523957429022e-44)
(0.18411643088102478, 1.2137400131473023e-43)
(0.4157906580648598, 2.7999343621522245e-43)
(0.3863777920344023, 1.165113075284962e-43)
(0.481108072842146, 1.1819837991347033e-42)
(0.5253699761066446, 3.3591261577853223e-42)
(0.9739643036892915, 2.4599646810620095e-43)
(0.6970369874971254, 7.615535125613683e-44)
(0.321436386541372, 1.479417120970389e-43)
(0.31928545074501224, 2.717011805110316e-42)
(0.7529943367486669, 2.291317158196837e-43)
(0.7923212481356079, 2.0457005362136797e-43)
(0.7694311930713946, 1.0785195757918325e-43)
(0.1177742949996603, 6.858200506772778e-44)
(0.5477910629407698, 1.6462386595324317e-43)
(0.9742766606432494, 3.710728929103598e-43)
(0.627436930335099, 3.88203849150294e-43)
(0.5291073734565543, 1.0764264133644897e-43)
(0.07973831791546808, 6.074797939400928e-44)
(0.2894448310563957, 5.352841837624141e-44)
(0.2439447434565673, 9.415256817697786e-43)
(0.14815622322874175, 5.480349899837521e-43)
(0.5627753580631243, 1.1803384178603662e-43)
(0.40311003887875185, 9.137077799953997e-44)
(0.9077934608608054, 7.071220816335576e-44)
(0.5795678272322923, 4.1667189279964025e-42)
(0.4789418272064342, 6.610517839945843e-44)
(0.19060653392368795, 1.546500747199573e-42)
(0.5835563047654648, 5.225432810751424e-44)
(0.03196590554038229, 9.23170753694172e-44)
(0.5763655131764961, 9.893871483337133e-44)
(0.5728430316163703, 5.631744050481565e-44)
(0.556950502171291, 7.484020085318869e-44)
(0.725055803856997, 1.298624388917756e-43)
(0.5305557693133507, 7.19715616583045e-43)
(0.5922770491876664, 5.777662188512508e-44)
(0.11375901341391617, 3.164579878632871e-43)
(0.16444952518449138, 1.0745576743133098e-43)
(0.5122097556439411, 5.280523191756128e-44)
(0.6646850065736145, 8.218066814145923e-44)
(0.9074951370710245, 7.06457280776775e-44)
(0.3624652968535994, 1.1638386105694555e-43)
(0.04443361906514839, 6.684353514411929e-44)
(0.39152099230121257, 1.3992796570941843e-43)
(0.361019539831293, 8.747786763427925e-44)
(0.8579105087707695, 1.205375720128383e-43)
(0.28576558118490775, 1.0242225198763174e-43)
(0.8610186617503566, 7.475420291852232e-44)
(0.7697583290823888, 1.0207130236924861e-42)
(0.5528858014921891, 1.2237589856722957e-43)
(0.9122231424358023, 1.2499151162992453e-43)
(0.7366743423147158, 5.823067947729573e-44)
(0.33340762971951493, 1.3483941488922042e-43)
(0.6287816816466936, 6.70879516532775e-44)
(0.848163904731467, 5.530865728983875e-44)
(0.4746345814748381, 7.956001986801313e-43)
(0.39803296693045165, 8.306630876957094e-44)
(0.0816614703200477, 2.0225243398352307e-43)
(0.41074431398438827, 6.309958974412332e-44)
(0.8507922602046272, 1.3201062642858417e-43)
(0.7386735491221853, 5.079019700432638e-44)
(0.4271130763995339, 5.084478176878808e-44)
(0.7775771479654089, 1.128453867365004e-43)
(0.06320451662741515, 1.5532730979760045e-43)
(0.18845197001852235, 2.4411934888608337e-43)
(0.03271958704139372, 6.018146988499525e-44)
(0.3384761332020121, 3.676990059529452e-43)
(0.9188538108955407, 1.9964336109162762e-43)
(0.05633100902618109, 6.001361701005245e-44)
(0.3686440885982742, 5.727569668366981e-44)
(0.16206566147515214, 1.5551093763011928e-42)
(0.622018498030114, 1.2015988074269472e-43)
(0.25308325346822463, 8.33111339799572e-43)
(0.6792545415707332, 1.5738134466028915e-43)
(0.8155577231225668, 8.309228786855208e-44)
(0.2547104043200693, 1.3785130398775065e-42)
(0.9223438625382469, 5.209428176173572e-44)
(0.4514073906885016, 7.464773962069796e-44)
(0.21353498932646003, 8.810368576734688e-44)
(0.1298519844804144, 6.795712142813468e-44)
(0.8116466552313732, 7.891360527081002e-44)
(0.42306671828513814, 9.497346962126795e-44)
(0.6347722620656779, 6.420517861727266e-44)
(0.12042764958872187, 6.446599721311834e-44)
(0.6159202692169423, 7.701628903478479e-44)
(0.13372563352657507, 6.116862485512923e-44)
(0.819737962628178, 5.406585460077229e-44)
(0.5512077188228641, 5.615454600209551e-44)
(0.28156910869636814, 2.1048588109444886e-43)
(0.6947550716951819, 6.471772655245897e-42)
(0.6269807538164869, 7.0578062306277815e-43)
(0.1008881336399023, 1.1474038017327817e-43)
(0.7233986254606791, 6.8464164335122585e-44)
(0.007278905669700878, 5.798399583171189e-44)
(0.5229342253759154, 6.306223269555238e-44)
(0.8731392609897118, 9.0097035864294e-44)
(0.6410078310475843, 1.0798264112242486e-43)
(0.9262153727791214, 6.002150695341745e-44)
(0.3506494195146564, 9.248766170988717e-44)
(0.844489405765667, 1.0020044229319814e-43)
(0.4139665517638653, 7.801665427650713e-44)
(0.9472875153684949, 5.391277451163002e-44)
(0.2869733092644823, 7.470127790473771e-44)
(0.0005804659034202133, 9.861362933503405e-44)
(0.0070778919152486445, 1.0545259341812094e-43)
(0.48922004581735307, 2.8564544614008644e-43)
(0.21720952542087077, 1.828986180892272e-42)
(0.28454947417159776, 1.560357135528216e-43)
(0.5696625347661359, 1.1597242263394602e-43)
(0.13198686455414452, 6.59925263488503e-44)
(0.7612167606029643, 2.231579884053465e-43)
(0.39683383507102493, 1.0622456899970678e-43)
(0.24898351216556583, 5.102315651708156e-44)
(0.20255866454020352, 1.031137307931125e-42)
(0.9530551922066441, 9.89078712446793e-44)
(0.2133864326188344, 8.888646998709267e-44)
(0.7578294401987532, 8.675915208834101e-44)
(0.9402220376551752, 1.5859083591517676e-43)
(0.11061179511788354, 5.112481310222862e-44)
(0.5545313786285615, 3.818213565461111e-43)
(0.817586907638479, 6.950314269386296e-44)
(0.7512892050395418, 1.9704685208159532e-42)
(0.7084875500900603, 2.639917968098909e-40)
(0.7817027956750807, 7.061772414670496e-44)
(0.044613682398965036, 8.729891556922386e-44)
(0.9795719330387713, 6.354341641608128e-44)
(0.41346254651205266, 5.123132932782574e-44)
(0.5494062512846031, 6.014098383998937e-44)
(0.6860292502033779, 5.109369887096576e-44)
(0.8948975070992519, 2.7201368513644423e-43)
(0.5526700216644919, 6.792132895668549e-44)
(0.3568179573433044, 6.810712698116699e-44)
(0.4743117550099825, 6.6163478974808125e-43)
(0.8195842835240259, 5.321757224323995e-44)
(0.8634422995482552, 2.93135571600785e-43)
(0.04242806269352163, 5.183410476964134e-44)
(0.9709753828388455, 4.6697760607989815e-43)
(0.17361706038332309, 2.274483864757494e-43)
(0.6402735610781544, 4.19897528111676e-43)
(0.7937138651835068, 7.77361172086723e-44)
(0.25262049030847705, 9.927994944528296e-44)
(0.35506410576266384, 5.562458237213441e-44)
(0.8233221581253997, 5.934863058621761e-44)
(0.5826710859808495, 6.435444011173608e-44)
(0.5865646579143043, 6.611473163104757e-44)
(0.23304683630738948, 1.620701741186626e-43)
(0.44106975863292486, 1.527242745719141e-43)
(0.25563724716326386, 1.2674729792152035e-43)
(0.34123480036084824, 7.726670618803228e-44)
(0.6005098991308395, 2.9225678698541062e-43)
(0.8497174412225426, 5.576298061340585e-43)
(0.12868364405555824, 5.850127044000833e-42)
(0.7837462263690546, 5.690880321368144e-44)
(0.4624697385029931, 1.7729412949232577e-43)
(0.0397870119285891, 1.3491668036500054e-43)
(0.0347862899984921, 6.551890501347223e-44)
(0.7950395816773322, 5.339382943290133e-44)
(0.9765095643188685, 9.846296165647346e-44)
(0.6750631516693892, 5.683944043891999e-44)
(0.7566394894094177, 1.3550783046510351e-43)
(0.2672526545407437, 1.4787860586518912e-43)
(0.31298537538107546, 5.533788565574188e-44)
(0.031437486451898686, 4.609917388456355e-43)
(0.0021057717652622435, 5.081246964039944e-44)
(0.9635843906267196, 1.0238468705655293e-43)
(0.507865701941522, 5.887124878905365e-44)
(0.6285592752096401, 3.813091267242461e-43)
(0.8346350246510462, 8.893720298896972e-44)
(0.8257071905188598, 5.379750361061569e-44)
(0.4028725579886736, 7.067909633213198e-44)
(0.6879305592072325, 5.520151662854642e-44)
(0.39408913618593894, 5.774118366270199e-44)
(0.519014155618508, 5.035937125758337e-44)
(0.5343956534548316, 5.429029557800945e-43)
(0.018050825962149655, 7.252109535099966e-43)
(0.719441148292181, 6.102964247126845e-44)
(0.12507948753835163, 7.690117981170675e-43)
(0.6660004427148873, 8.307103341704661e-44)
(0.4021099371490659, 1.5099423530328406e-42)
(0.6027665493641576, 6.196125191369572e-44)
(0.5764721193187143, 2.9631485724850236e-43)
(0.5425650661604994, 1.006223403139294e-43)
(0.1674936422421373, 1.2328260139843038e-43)
(0.09907907007730678, 2.2810680986765116e-43)
(0.508093760858484, 1.676372981159725e-42)
(0.8635568907363896, 1.2261091113919685e-43)
(0.2152506109550984, 5.779151575235917e-44)
(0.06328937306510489, 1.1444105514066344e-42)
(0.3488625657247591, 6.517805500569606e-44)
(0.22555463585479613, 1.6472012877424413e-43)
(0.8767033570792143, 5.893108855988465e-44)
(0.22516984883151803, 1.1376979058050633e-43)
(0.001193937890433808, 6.040517447719277e-44)
(0.5303318649603801, 6.393401546648108e-44)
(0.5718008799525963, 8.595486593327258e-44)
(0.6273441241819627, 5.519783358529347e-44)
(0.8152063090085118, 1.5330268045594747e-43)
(0.4541301150095966, 4.145055887966497e-43)
(0.021058123653502493, 6.318635807936041e-44)
(0.755602403593139, 7.234552405906838e-44)
(0.02780148297274363, 6.491699141256931e-44)
(0.38998708489891665, 5.032063623026823e-44)
(0.007209149471671876, 9.747418662048703e-43)
(0.5912033957804226, 6.258446890529071e-44)
(0.08502127658133543, 1.362389990764141e-43)
(0.009389376959454358, 1.0136484832377092e-43)
(0.38781373961585397, 6.614207986127115e-44)
(0.6870342756256482, 8.231601585141039e-44)
(0.8088143933041387, 1.1332292864377473e-43)
(0.11973636785141985, 2.39304558912609e-43)
(0.42057444814685047, 7.645242912212168e-43)
(0.13434736441716738, 2.6316468172233297e-42)
(0.9027082360525756, 5.663455420571858e-44)
(0.7197337032883228, 1.8049409985799567e-43)
(0.9008554805002229, 5.861205765854346e-44)
(0.603705574299716, 5.931356077455389e-44)
(0.614047864704184, 7.914499001069213e-44)
(0.6107006225936064, 8.427696951912e-44)
(0.046384248855745505, 9.893128308254867e-44)
(0.1538943714280664, 1.781218493293999e-43)
(0.27085918257108815, 6.193074125493655e-43)
(0.09255827793888657, 7.641435535299105e-44)
(0.032944768128492334, 1.0732047194928604e-43)
(0.8687806021561935, 6.256528588090281e-44)
(0.4484821042981988, 7.905927602095388e-44)
(0.6413499472962203, 5.569959901981306e-43)
(0.20908982586072636, 5.387569020092245e-44)
(0.4437744824246031, 5.331379869395404e-44)
(0.16051006665904047, 8.702914658495624e-44)
(0.22264813861485683, 6.446540301719064e-44)
(0.8383665800431273, 8.779973016382744e-44)
(0.5232869652252451, 1.0151066935196698e-43)
(0.21641063368444094, 7.585277096536024e-44)
(0.7246848168634281, 6.404355481674601e-44)
(0.5592933616480052, 1.1433071936624304e-43)
(0.9490684460269212, 5.230904023121352e-44)
(0.17756678279492583, 1.2228567088126981e-43)
(0.3248845003354264, 1.7369016458121118e-43)
(0.33433163184430775, 8.312994905342004e-44)
(0.6872860856101952, 5.998261057582639e-44)
(0.8153808253877382, 1.3562476126871684e-43)
(0.4447543455822366, 2.0890299235100942e-43)
(0.610888797198554, 6.88319680757956e-43)
(0.42514431686917975, 5.953389298627873e-43)
(0.35857204119636205, 4.152108297532982e-43)
(0.8134603256699925, 1.0798475450896685e-43)
(0.13205084967589256, 7.58774617840545e-44)
(0.800889269911339, 2.7409135219075243e-42)
(0.9661970949903107, 9.18508413338107e-44)
(0.3283025250972349, 4.6996119805158105e-43)
(0.9473358331252953, 5.242799010365749e-44)
(0.941402268413326, 7.876506113929307e-44)
(0.70184554042089, 7.429240571454931e-44)
(0.016688775533879843, 9.58335055418962e-43)
(0.479363004253446, 6.289771456865913e-44)
(0.015613847517954487, 2.6635792658232892e-43)
(0.8362086776250204, 6.48898631482097e-44)
(0.6036284340593764, 5.070229948773408e-44)
(0.9163289121251671, 3.2332869293844654e-42)
(0.9952647048816272, 7.8236973832244445e-44)
(0.8721665725937197, 1.444897747020571e-43)
(0.8708738974552553, 6.66845873635262e-44)
(0.34168170801776443, 7.1699352160237075e-43)
(0.941537389617813, 5.756847715093247e-44)
(0.19522186756736118, 7.36127702519384e-43)
(0.08424047463115189, 5.908037015213343e-43)
(0.20370921583547624, 5.370274005014987e-44)
(0.7962504685650581, 5.454857770279045e-44)
(0.4041713775440439, 1.5920870144802204e-43)
(0.44415067446805545, 2.099791097489297e-43)
(0.05128693185463725, 1.1011430363801379e-43)
(0.9908683657520678, 5.201101660669158e-44)
(0.32536032497328626, 5.257847444256203e-44)
(0.26812030625750355, 1.021957729441264e-42)
(0.629342029839657, 8.246251855907235e-43)
(0.8921218094262684, 7.55497617351901e-44)
(0.07255685418357913, 7.737397133484354e-43)
(0.3286964042673041, 5.133207499159372e-44)
(0.4932156507497557, 2.0959665984778177e-43)
(0.21128738133448086, 1.0469786928872824e-43)
(0.029570459787439766, 1.6907793269763796e-43)
(0.60799939836641, 2.8974472977715906e-43)
(0.020783724766702028, 7.55329875428131e-44)
(0.483820092408057, 1.0001505814873273e-43)
(0.23947261091678024, 6.031373187751174e-44)
(0.11088968937610566, 9.986195383772873e-44)
(0.606602986473694, 1.106442784357025e-43)
(0.8984722953493859, 8.602221152268414e-44)
(0.7239573590412719, 8.325646789155422e-44)
(0.8711852690212443, 6.447308740018286e-44)
(0.18193499269986974, 8.019440339905746e-44)
(0.43121374731414475, 1.0192129831596484e-43)
(0.21170651718312714, 8.415072911976281e-44)
(0.1606749181498612, 1.0777906661767955e-43)
(0.09305308394508936, 5.274124507777917e-44)
(0.6890653106472587, 5.757416575722285e-44)
(0.4194526068296156, 1.8251296969649573e-43)
(0.6425132250541479, 1.1646492347129967e-43)
(0.46019827287308385, 5.10181175878602e-44)
(0.7709582769119641, 6.101791209582787e-44)
(0.09414908239343252, 5.387608311260329e-44)
(0.40710231079081627, 5.112402496618522e-44)
(0.15409919867989516, 5.584343372149034e-44)
(0.9433413492051691, 5.141503800717056e-44)
(0.9596501603081047, 1.5492315078956607e-43)
(0.6593183328635119, 2.6244100707605038e-43)
(0.21908069730994012, 6.267913544571565e-44)
(0.6095732161470147, 1.3185263004554715e-42)
(0.631107285825101, 1.1254513102072267e-43)
(0.9317493473442574, 7.779084639213037e-44)
(0.40861296492213617, 5.108395129314704e-44)
(0.48944476355130795, 6.525402950064443e-44)
(0.15770686614754953, 1.615463456784671e-43)
(0.03487140396678537, 5.109757427759817e-44)
(0.2732056006370965, 5.783330345441794e-44)
(0.4539781595213493, 8.261297691625602e-44)
(0.2329711316533217, 9.580788005037754e-43)
(0.7330062969633677, 8.459621628400867e-44)
(0.07389398577242721, 7.439823911279636e-44)
(0.14943643015217037, 1.4846591092892608e-43)
(0.5723989766171977, 6.222005447095928e-41)
(0.8826315348121455, 8.964087292122598e-44)
(0.8173289444634371, 1.665535064583447e-43)
(0.7221335084920236, 3.754062226905091e-42)
(0.05654540977020251, 2.3823316352904615e-43)
(0.3707521780115841, 9.016077746940311e-44)
(0.09329145580352864, 5.28494195605528e-44)
(0.827521861492241, 2.3508284356608002e-43)
(0.7793478038231201, 1.8031343640518438e-43)
(0.16799656217391995, 9.454026385293662e-44)
(0.3377591344471991, 2.607932901830212e-43)
(0.2095956766346702, 2.2584089332368897e-43)
(0.562134663781181, 7.583881985017969e-44)
(0.8104300196974382, 1.870501584802194e-43)
(0.012574826448103614, 9.426610251592067e-44)
(0.85122702681477, 7.624330241342974e-43)
(0.4680345224940462, 8.687065997831255e-44)
(0.9544375197885321, 5.111946975942367e-44)
(0.2522558641318076, 1.3240486303487912e-43)
(0.1969661999724159, 5.131066196103308e-44)
(0.3975673162199419, 7.962643155149322e-44)
(0.8097860085240516, 3.912271721411412e-43)
(0.3106691029758929, 6.392906492474195e-44)
(0.5590684459676138, 1.063774581442912e-43)
(0.3153887625667208, 5.592731739819747e-44)
(0.5596858744279856, 7.83735330878585e-44)
(0.13924366413569791, 9.10449559782104e-44)
(0.7098319429244808, 1.0944660494357243e-43)
(0.8987583435096956, 2.485811359708236e-43)
(0.8018786433854808, 5.297959776887751e-44)
(0.35964492365779094, 2.486250558652219e-43)
(0.9838503761292788, 1.1372382493517188e-43)
(0.9639563508172095, 9.08135246258696e-44)
(0.608303860224827, 8.927408732911349e-44)
(0.07071434471587482, 9.190771251974707e-43)
(0.11152054360280343, 1.3767448921081158e-43)
(0.17055490800148557, 5.25124723632666e-44)
(0.37299474193659504, 6.01405389787179e-44)
(0.30672013185579367, 5.3078750114565995e-44)
(0.2830128861913882, 5.027653032725303e-44)
(0.009757696796271748, 2.2482319866929498e-42)
(0.6317631543648491, 5.067904531132169e-44)
(0.4350335909550829, 6.567315261699765e-44)
(0.49537225689871817, 1.0001882224184507e-43)
(0.9031534917857065, 2.6483771744716447e-43)
(0.9985950690997472, 1.4465887905553957e-43)
(0.377982751618308, 6.728582847474763e-44)
(0.3385973094249239, 6.120947209753672e-44)
(0.5120496715651445, 8.370691478545119e-44)
(0.7941212162419292, 6.152779014303664e-44)
(0.6291018463350452, 1.322199351174059e-43)
(0.7053449795080988, 6.462776032399077e-43)
(0.5096563697391912, 7.204912403446088e-44)
(0.7005929285517231, 6.154006651036029e-44)
(0.9705787191729439, 1.0923344677006315e-43)
(0.8650795048613512, 1.2291799714095756e-43)
(0.450776109072201, 6.67351457181034e-44)
(0.05604699390908579, 2.7015234732365263e-43)
(0.8141474330360565, 2.1169684603947313e-43)
(0.3093396154150137, 5.39914179646996e-44)
(0.37482674820219314, 5.556022079238219e-44)
(0.12663269153719553, 8.061945143161587e-44)
(0.23600950449102878, 5.109098471762227e-44)
(0.7659138512076493, 7.813239745259596e-44)
(0.03590442118123091, 8.264023968114274e-44)
(0.28781794160763047, 7.026984327726905e-44)
(0.14976006114035995, 5.096112417491935e-44)
(0.33314003869231584, 1.8308227197105156e-43)
(0.2119690457780665, 1.0980558931024678e-43)
(0.4765160231045133, 7.1081621539242036e-43)
(0.4747049521710306, 1.2446588329972613e-42)
(0.7926354638362482, 6.402482582604198e-44)
(0.1903569493948691, 8.939476403272035e-44)
(0.15106703162726753, 6.442053821587616e-44)
(0.09381972630659131, 1.802312622856646e-43)
(0.3379319186833092, 7.53663815108477e-44)
(0.7611746603994668, 8.144193636483219e-44)
(0.7458146890252, 1.0008179541034013e-43)
(0.9429577806754651, 8.894571131714531e-44)
(0.8687651888873166, 1.5276489806003162e-43)
(0.6282054892675882, 1.5202684683180597e-43)
(0.6071186251303818, 1.3681901567325157e-43)
(0.31150455430330476, 2.5246216786262518e-43)
(0.5103140130115668, 5.742228157065193e-44)
(0.5969193279737748, 1.375218204466647e-43)
(0.5708116517126928, 1.1345473711424025e-43)
(0.8368604379098675, 4.70668522181074e-42)
(0.5294361422885825, 3.9102414745640265e-42)
(0.10298645095442797, 5.314194129017445e-44)
(0.16159243497787681, 1.1503306864915906e-43)
(0.3170452775171776, 8.879029988868662e-43)
(0.9287590025366881, 2.8333201568060697e-43)
(0.6284904403186452, 7.12169065923754e-44)
(0.3501110460744222, 7.824931539338821e-44)
(0.35191911095949546, 2.7968028879207535e-42)
(0.07350782768733537, 6.071679597027294e-44)
(0.46624586348885333, 5.104467630440438e-44)
(0.7946990578876294, 8.478270486645697e-44)
(0.4518812352288341, 5.754404728893765e-44)
(0.2419055752939135, 7.546850446604947e-44)
(0.593963198402077, 1.2148604686540578e-43)
(0.04858237847805996, 9.514419533167009e-44)
(0.8447371403779902, 9.155459956205833e-44)
(0.13560417683949333, 9.459961511757608e-44)
(0.21737042215733168, 7.456442349515057e-44)
(0.2562263818362147, 7.555419007144873e-44)
(0.0036470488223841087, 5.382704739899396e-43)
(0.910274137374951, 5.415295790085685e-44)
(0.29782860254613924, 9.684317222602206e-44)
(0.8368321568565487, 1.7453503411183382e-43)
(0.8489752704376324, 9.586710875700944e-44)
(0.7218286335002915, 7.55729864104472e-44)
(0.011029609091186918, 4.764405852781211e-43)
(0.5658466340311787, 7.629361257675219e-44)
(0.7642688842178313, 1.2652930158614694e-43)
(0.4761203851106615, 5.474139189855235e-44)
(0.982623197910783, 1.8826198830980716e-43)
(0.6457333333928377, 1.4530007741054477e-42)
(0.8486981113582709, 1.8528285131428046e-43)
(0.45505509506363934, 5.758309349788538e-44)
(0.12977797497386234, 2.0160572747819368e-42)
(0.695670426377724, 8.637955828546367e-44)
(0.7819274865646224, 3.95470864200886e-43)
(0.4790720151654322, 8.19047895459227e-44)
(0.8260189716900564, 6.012269844333444e-44)
(0.7155029466955816, 1.4817038106450827e-43)
(0.9800797142922612, 2.819471661264106e-43)
(0.4722302891975172, 6.224783629262601e-44)
(0.45146517496430916, 6.564855750841882e-44)
(0.7272651560226594, 8.019276017040214e-44)
(0.6043922140377014, 1.4274548623938227e-43)
(0.13339477533608615, 1.7769111029009434e-43)
(0.4736613434580627, 7.258733124995692e-44)
(0.34063849777100264, 5.515752358724618e-44)
(0.026354076618637475, 6.074649099873259e-44)
(0.321267325996618, 3.0491221968045115e-43)
(0.7394276008504304, 2.387889609078228e-43)
(0.2963487018033542, 1.0364273482659408e-43)
(0.10188482723529188, 5.282385403597717e-44)
(0.8651105022228313, 4.2591587050205895e-43)
(0.43069613094122733, 8.842890697962085e-44)
(0.011853406518680719, 1.0153933162053808e-43)
(0.20402520420683426, 8.062119974148237e-44)
(0.19837041896438048, 7.741147174139657e-44)
(0.059627166753593155, 4.064389045351779e-43)
(0.4065809756728059, 6.215926338483894e-44)
(0.0022870454789240212, 6.331622045732608e-44)
(0.5793881596588966, 6.498205806644133e-44)
(0.15630914469903606, 5.700823313092367e-44)
(0.027285217806181906, 6.917667688027496e-44)
(0.3812812797340188, 9.680990206043287e-43)
(0.14790647955308647, 4.5508340274574345e-43)
(0.6323933126574961, 6.493778657544749e-44)
(0.18892204823258105, 1.2875071783380347e-43)
(0.25792891714369637, 9.944984561727239e-44)
(0.13058166525554157, 5.533553241841601e-44)
(0.4737986414577316, 3.2325908261267665e-43)
(0.4112381773938225, 1.4997959741472169e-43)
(0.8751067963881998, 1.3183687828771089e-43)
(0.11532817616245285, 1.0565884171539776e-43)
(0.9887742042714917, 9.222287606098664e-44)
(0.5135330524735365, 6.446516975304823e-43)
(0.9459758123432453, 1.4891947416057422e-43)
(0.012421845718759369, 5.921220063015017e-44)
(0.49204350457980495, 1.186004932538233e-43)
(0.1368679790738815, 9.53469169549806e-44)
(0.42944581873485665, 5.35297298092314e-44)
(0.018778692346870914, 6.347056356483936e-44)
(0.9180424419257648, 6.891894215523947e-44)
(0.23991010051629624, 5.0655801865035246e-43)
(0.22030289726079375, 5.064777338871975e-44)
(0.1587909961508751, 6.921655306907041e-44)
(0.688169183099027, 1.9445158655939166e-43)
(0.3070670410356757, 2.3070076634230773e-43)
(0.6943583626883332, 1.1234295295840848e-43)
(0.6611330635569337, 1.1893936916405306e-43)
(0.20440431669094053, 1.592777154907887e-43)
(0.5993076249227427, 5.545505920048019e-44)
(0.7275745827340481, 1.4395006857338724e-43)
(0.3678442929093592, 9.303195317683075e-44)
(0.8412604307851135, 5.161348278140563e-44)
(0.12750339602271724, 8.536912591224631e-44)
(0.8086730394040321, 9.363818945822638e-44)
(0.7507914069891942, 7.294821902514015e-44)
(0.8259508164838408, 7.990676839435154e-44)
(0.7728524972509668, 5.569390948164943e-43)
(0.5547744413261502, 9.140705983079576e-44)
(0.9192497661373613, 1.2822441975657098e-43)
(0.7983008859499314, 2.389493617635989e-43)
(0.6555201205502827, 4.088158084941125e-43)
(0.18872247329523073, 1.106413435370796e-43)
(0.30957493737102104, 1.0622861465607967e-42)
(0.5760761006343741, 8.821663700262245e-44)
(0.12363793985146045, 7.245732142154703e-44)
(0.921100649146664, 9.325834203874075e-43)
(0.5417861924539292, 1.3910319669672043e-43)
(0.8308222772174365, 1.718917971185977e-42)
(0.9231278831239091, 2.6392478148372756e-43)
(0.7696309056080028, 3.724430150996023e-43)
(0.14733731140951928, 5.850850737460514e-44)
(0.5381331471574057, 6.807554695398023e-44)
(0.47598183114564596, 5.777001048817499e-44)
(0.4031806161352533, 2.2329306187231395e-42)
(0.2290836127953043, 7.37948966643131e-44)
(0.1478389892265767, 6.527163820068759e-44)
(0.07259069568827782, 2.409769339188939e-42)
(0.8872382711809707, 1.5158185765760513e-43)
(0.12668294181277975, 5.836809843998524e-44)
(0.056482429030270564, 5.50071101984369e-44)
(0.1718780931760064, 6.924633399300362e-44)
(0.4750803486526052, 8.404585717737088e-43)
(0.27196649425080643, 5.021124745418015e-44)
(0.6777680455010328, 5.277540730221878e-44)
(0.2619685167139562, 7.104650438998137e-43)
(0.723765364010916, 2.223552627435478e-43)
(0.8032152003823954, 5.204497425713574e-44)
(0.021355111915426456, 1.7152335322753676e-42)
(0.3720210231622585, 8.844263519048802e-44)
(0.42393986122316407, 9.446602604390646e-44)
(0.307499531550661, 1.0781350671103104e-43)
(0.8694942359778912, 1.6670638547046649e-43)
(0.3911787376092804, 7.132482783658595e-44)
(0.7833209370993763, 2.6823684436330547e-43)
(0.3431272285084669, 1.2200372825685189e-43)
(0.9339199004801707, 6.394816066576016e-44)
(0.6995044163055696, 5.339871043662949e-44)
(0.20762087688190858, 7.863598802259305e-44)
(0.805137231887222, 5.108588271057135e-44)
(0.1599200381266559, 8.505475389039794e-44)
(0.8754550268343306, 1.0941484431534519e-42)
(0.8143390072774733, 8.874868182672763e-44)
(0.5257293034128738, 5.960281436800158e-44)
(0.4242888318006059, 5.211849155057857e-44)
(0.7912402894469871, 5.824080830301382e-44)
(0.20743770910924747, 7.608069331265029e-44)
(0.7672919618850557, 2.6849947867291674e-43)
(0.16530985184462443, 7.678283880133417e-44)
(0.45706567416541194, 7.98346523009806e-43)
(0.5690225458032053, 2.2660890271660926e-43)
(0.14882667438529013, 3.721578901510325e-43)
(0.6693805757447971, 5.063925041819344e-44)
(0.5041635490288936, 2.1564041215407464e-43)
(0.3948965577965933, 8.017809070368992e-44)
(0.899783342137814, 1.3557007218137614e-43)
(0.9293486026584881, 5.608826978464937e-44)
(0.43329171579296893, 8.447588996179383e-44)
(0.917538155698023, 1.2418586622798315e-43)
(0.22367611976806584, 9.158655417104822e-44)
(0.4550037064029409, 6.255928052445546e-44)
(0.7399960018877209, 9.81040329761634e-44)
(0.4728059385012972, 5.118378799008851e-44)
(0.17106251066564568, 9.19801226345652e-44)
(0.7964503248377082, 6.014451016853188e-44)
(0.6575269774895613, 7.037703514511881e-44)
(0.6159418584814207, 1.144124102495811e-43)
(0.4170670346317016, 1.9582106421471262e-43)
(0.5847926694842308, 1.4510562131355114e-43)
(0.7832853067539138, 1.0895513994966182e-43)
(0.22928849485702127, 2.483927411036919e-43)
(0.005753033127994194, 1.800268550159927e-43)
(0.5307981896728965, 1.350701089785363e-43)
(0.44122825355649653, 6.969962221728476e-44)
(0.5802451527958786, 1.0211690918566612e-43)
(0.6242180491931684, 5.219485292506079e-44)
(0.33254537682637975, 1.5305409306352901e-43)
(0.9056760967225534, 8.107272748929206e-44)
(0.48608899194940547, 1.2596838043375938e-43)
(0.5329064415936913, 1.0674182896842634e-43)
(0.6489680170274131, 1.8667923156992934e-43)
(0.4566781551208442, 1.2023063161094724e-43)
(0.6519653828000245, 9.770246148640814e-44)
(0.34514696084872454, 5.402076818932627e-44)
(0.0084197509393495, 5.271964766391468e-44)
(0.6481816437221108, 2.436877600758026e-43)
(0.7926100325110589, 2.261385333924042e-43)
(0.9732259231835015, 9.370970370708715e-42)
(0.4240827148978469, 8.007737552258826e-44)
(0.6479180576391464, 2.9413314618881183e-43)
(0.7055414521796081, 2.1509865694868043e-43)
(0.7623462466557517, 2.967680799738019e-43)
(0.2034612425661244, 1.8908107697139307e-43)
(0.33016770904393467, 1.0570721079064153e-43)
(0.7183852263177463, 1.4394022717550611e-43)
(0.43016988443627335, 7.392071683103915e-44)
(0.26131834000649434, 7.351164155139815e-44)
(0.6407785383312424, 5.694151721228456e-44)
(0.08844111317598483, 1.935805637429195e-43)
(0.7517528740869611, 1.069980111846352e-43)
(0.6059584366890209, 8.52420032760577e-44)
(0.30813992950544017, 9.747635591383597e-44)
(0.08402577617173873, 2.7191923364038835e-43)
(0.040062480372057646, 1.8259963844332538e-42)
(0.18309332932297645, 6.204136991751614e-44)
(0.9923707763301284, 1.070409362515077e-43)
(0.3420548021459407, 5.194905499910692e-44)
(0.7634651537092759, 7.057819812352665e-43)
(0.7071765775144182, 1.5283977269099856e-43)
(0.39132167560970826, 2.5292454065333062e-43)
(0.4008462927402613, 7.633326428223134e-43)
(0.4984847444277202, 1.3306726996773228e-43)
(0.010945315990590657, 2.247436501181909e-43)
(0.9522962150307548, 7.474826689845593e-43)
(0.618942651654209, 5.736519909804297e-44)
(0.947243447910524, 1.3405316154470318e-43)
(0.6199426022239267, 1.833098896161626e-43)
(0.7712287691064093, 5.806644203153926e-44)
(0.44883730855317566, 6.68228874987727e-44)
(0.7463194945587847, 5.218717970845333e-44)
(0.5383225555574126, 5.790729154137282e-44)
(0.3818249930480804, 1.5716520230829358e-43)
(0.722748905977729, 7.101809495901688e-44)
(0.4457209942133251, 7.285612210909359e-43)
(0.09172580855376916, 5.777902007122425e-44)
(0.6078799432143558, 6.556509268347151e-44)
(0.5948062172348938, 1.0758454605962462e-43)
(0.04464596413939435, 1.0670503296879413e-43)
(0.5948995734707632, 7.066437565613193e-44)
(0.36133571716491386, 1.692168243756764e-43)
(0.31634688780169296, 1.004894710717996e-43)
(0.5960788877617714, 6.476375646070196e-44)
(0.9641987581850617, 1.1988452771669258e-43)
(0.7932178027804517, 5.117233111338087e-44)
(0.4955508608279727, 6.003922184884809e-44)
(0.1858889185155245, 6.071381544101239e-44)
(0.5017730529867934, 1.3153589640222244e-43)
(0.7050095445022089, 5.326317374971983e-44)
(0.03830245575793331, 7.058105517270911e-44)
(0.04494312959539293, 6.814219057998462e-44)
(0.12592135458329828, 2.1624850954330254e-42)
(0.7281710153690584, 1.1096914511946185e-43)
(0.9428493237662027, 6.071106210514567e-44)
(0.6742575821100262, 1.1316570164669274e-43)
(0.7987072700807041, 7.189922587133568e-44)
(0.6944347472781778, 1.8469865075004915e-43)
(0.2447042961257956, 6.188703136033399e-44)
(0.6486823271452149, 2.0458227090933057e-43)
(0.4650393179207157, 1.981084115172277e-43)
(0.9093282212098522, 1.3938995781398361e-43)
(0.3141236620917194, 5.409503877114748e-43)
(0.2009310863030625, 4.248228417025511e-43)
(0.5205657890126921, 9.286426728021759e-44)
(0.42006862786410115, 6.7933240491056e-44)
(0.002192548623513026, 5.89629051697313e-44)
(0.16694556090857302, 6.714096628840733e-44)
(0.48272610223167467, 3.4615814881989137e-43)
(0.749361505951237, 5.773640557942869e-44)
(0.8537011116887004, 8.129369521546608e-44)
(0.05632834273955206, 6.690765526403244e-44)
(0.23174426708384452, 6.156796394814406e-44)
(0.6407742440121641, 8.912025362799288e-44)
(0.6799289310429861, 1.5239255314098669e-43)
(0.1921889975018278, 6.910841643485075e-44)
(0.4897874482483572, 4.181498621398769e-43)
(0.6850120094460027, 7.148544403240722e-44)
(0.7608970258508659, 5.741734320518069e-44)
(0.19286297967337368, 9.8871006554613e-44)
(0.7616678274551506, 7.633904572139905e-44)
(0.37905034675392346, 1.2386491079643965e-43)
(0.6745795624654685, 2.059103215395728e-43)
(0.0875611568016681, 3.1969124602203326e-43)
(0.7189453416680097, 1.2958498326617875e-43)
(0.8713657644988254, 7.39368142322393e-44)
(0.7839380092038172, 6.977822564390978e-44)
(0.45595470068072763, 1.5336805611287504e-43)
(0.5872832205253973, 4.806333508760531e-43)
(0.4560400017376898, 1.7890457233608225e-43)
(0.39991383213721277, 1.84319773052074e-43)
(0.2493517716809512, 6.050229000658035e-44)
(0.5319248917880733, 7.794323168040572e-44)
(0.06686049424262586, 5.26626823963771e-44)
(0.806477669783843, 1.6866870780001964e-43)
(0.8612335289152038, 1.7575261397961114e-43)
(0.8046669440177896, 7.425657075595702e-44)
(0.17061488911333142, 9.595584131831422e-44)
(0.36935133811241144, 5.518366032571857e-44)
(0.8834556123661834, 7.429080164253328e-43)
(0.6536929546407203, 1.1888248611431352e-43)
(0.46415810238956057, 6.65106831760446e-44)
(0.21862969659550607, 6.550009254448826e-44)
(0.7979349206462961, 2.0300794290936416e-42)
(0.8709535986164223, 3.5297737915639652e-43)
(0.8392787953489653, 7.351723736872388e-44)
(0.5713164705138285, 5.097620249877007e-44)
(0.7834694391247893, 1.7824733197474886e-43)
(0.3068216858563242, 9.850241636545596e-44)
(0.3077383786756538, 8.550172819849114e-44)
(0.8029639936978544, 7.644753529800668e-44)
(0.6986310310106114, 5.141643717235742e-44)
(0.306215509459611, 1.3453660912550192e-43)
(0.2806193953988744, 5.244046779478222e-44)
(0.9015344651407265, 1.9430240573842392e-43)
(0.387996988343843, 1.088500054755648e-43)
(0.3396612710845654, 7.699487828122268e-44)
(0.1327553175964144, 4.02729291281699e-42)
(0.6810998425543479, 6.956879457052958e-44)
(0.7868589659574541, 2.8479898563162605e-43)
(0.4943408973699544, 7.753510255645792e-44)
(0.35078142987956346, 7.01855308791263e-44)
(0.4397015536179127, 5.049038550902545e-44)
(0.9805608899244678, 7.610498523169963e-44)
(0.8541693769978492, 1.4962628388763786e-43)
(0.5293013418648271, 5.237487787485232e-44)
(0.8463012333419396, 7.737524095205655e-44)
(0.498924689858403, 7.081363400060916e-44)
(0.7495915999654769, 9.32139202837524e-44)
(0.3190554096588117, 5.427963593076616e-44)
(0.9075521232799821, 7.813740638921531e-44)
(0.3870553028109528, 1.0103681909549537e-43)
(0.46902459082230413, 1.1734136787456974e-43)
(0.8589295509289611, 7.087163980377452e-44)
(0.45084429732949477, 5.895259173537157e-44)
(0.4663884390689975, 1.002068873251708e-43)
(0.17834026262872957, 4.214601434704767e-43)
(0.7647943150386347, 6.362023216314297e-44)
(0.5692844577456709, 6.569540533656112e-44)
(0.04327492462018904, 1.2070591826756634e-43)
(0.29940379597194117, 1.931753191186663e-43)
(0.7852780436467078, 8.994114712086592e-44)
(0.3448986558960696, 7.471026695189326e-44)
(0.8324867221974716, 6.592790239822211e-44)
(0.19360479043300824, 1.853933608548914e-43)
(0.4162280241918781, 1.5279343628537283e-43)
(0.09030283892852527, 2.0603377666531104e-43)
(0.2942874543385601, 9.040359558731649e-44)
(0.678129244070408, 5.958644958599659e-44)
(0.3642231762785461, 9.313484363387322e-44)
(0.944966432333631, 1.855685044653922e-42)
(0.3285778997044391, 6.24818808563791e-44)
(0.674709109865305, 6.945366596102087e-44)
(0.03578072186609616, 1.6720038676420065e-43)
(0.7571972790316728, 6.775795481425821e-44)
(0.5074908055927125, 1.3169467561236541e-42)
(0.9828219122213249, 8.165702002613106e-43)
(0.4978148941046403, 1.6510319769956509e-41)
(0.4380476446571701, 6.61601409829481e-44)
(0.9488796956562635, 2.253330723056726e-43)
(0.004990041062183338, 8.217532163014982e-44)
(0.2378200989295853, 5.323497510946197e-44)
(0.8644413890814672, 8.692565099518053e-44)
(0.8319168742544955, 6.107630365783922e-44)
(0.13529064019399076, 3.0656876994535377e-43)
(0.9629242701153026, 6.068330186553874e-44)
(0.33406423373591654, 1.6966954277915966e-43)
(0.3560706212541928, 6.921593198850131e-44)
(0.9025065945311368, 6.486415075748094e-44)
(0.823758359712208, 7.012421242222512e-44)
(0.726095818436095, 5.157688078081372e-44)
(0.25425286670032743, 9.475510776450621e-43)
(0.5979570346748602, 2.0667651125870444e-43)
(0.16038522645038072, 5.808258841574477e-44)
(0.17885887000503953, 7.296942969916409e-44)
(0.5674242190876725, 5.946558544752328e-44)
(0.12963483607516713, 1.4997578770218183e-43)
(0.2992687322843645, 9.350784733845979e-44)
(0.019042048270231256, 1.583686551233587e-43)
(0.9892195058999346, 6.466658092554293e-44)
(0.729466520397875, 6.336811995274935e-43)
(0.18422632150018461, 8.671182331058205e-43)
(0.2277326081191469, 1.5963241300385471e-43)
(0.8291460380168567, 8.840180907675277e-44)
(0.41163974979627627, 6.895884152272374e-44)
(0.4876632235829126, 1.3123772538840421e-43)
(0.46812936036812475, 6.42440018166515e-44)
(0.18456758226742487, 6.74039141777964e-44)
(0.3283442582577927, 5.691422409595166e-44)
(0.8808732760864838, 7.017290863226885e-44)
(0.8501258336552944, 5.533542749654779e-44)
(0.5805932170607624, 7.384221461440012e-42)
(0.22437908450451372, 5.605125317486669e-44)
(0.039736861394551695, 3.8900068184471196e-43)
(0.8520338173967058, 6.18365192515543e-44)
(0.4362603815634554, 8.247556625698592e-44)
(0.15208219172993384, 6.166376840926597e-44)
(0.3461674103688162, 6.479225936921315e-44)
(0.7488836225374466, 6.281928801481978e-42)
(0.20085727515622645, 1.3615982173049508e-43)
(0.08674626996627045, 1.261709135224962e-43)
(0.6025653435979846, 5.183563592079817e-44)
(0.13035477416339683, 2.107970590178443e-43)
(0.14900547147488757, 8.68970228681465e-43)
(0.6725333608213465, 8.188676880891186e-44)
(0.3054287330760543, 1.4389021791579586e-43)
(0.5769115238725486, 6.571007781985901e-44)
(0.890649742905992, 7.172122180660026e-44)
(0.25199750296303713, 5.188881090565849e-44)
(0.7661314050775432, 1.2809962206351485e-43)
(0.09224421846520438, 1.5534320143680012e-43)
(0.17377681481847956, 5.289584621462088e-44)
(0.6269982913565831, 1.054593313027597e-43)
(0.6204040947363318, 4.94087689031748e-43)
(0.04768523074945456, 7.026919365875261e-44)
(0.3850400736878247, 8.934112286447182e-44)
(0.6611332498464242, 7.359499801995815e-44)
(0.02740890292275431, 5.560559490593691e-44)
(0.14172717245271177, 1.2713365628486147e-43)
(0.6423065337353532, 8.098073574263898e-44)
(0.5821270277013725, 1.6458037144387958e-43)
(0.04570758272887598, 6.259735228098503e-44)
(0.5569271338550895, 2.854280542902816e-43)
(0.7913965848078055, 7.369205029125224e-44)
(0.9347799896980333, 1.2864335771599558e-42)
(0.91587379595324, 6.040604054635979e-44)
(0.30129121092650707, 1.0935301390939246e-43)
(0.16399755834420923, 8.222188500952968e-44)
(0.7413543864949428, 1.0167057181906025e-43)
(0.19519046093679251, 1.2515878803784204e-42)
(0.21984275120607258, 3.864481710025521e-43)
(0.8787924678567064, 6.365647901630895e-44)
(0.15552703100330487, 7.964830578877707e-44)
(0.2379744047449031, 6.09328318087062e-44)
(0.2956502623995309, 5.752283062154929e-44)
(0.1241328667098945, 1.4716046093735007e-43)
(0.4302166632865731, 6.205476834280675e-44)
(0.8444430826791142, 8.698115881374493e-44)
(0.45427489410832345, 5.550190826832641e-44)
(0.46270447088235483, 5.655170171443802e-44)
(0.364905024849074, 1.012335449253357e-43)
(0.9837906557770664, 5.824742695502001e-44)
(0.2976829127664162, 1.0442729803681003e-43)
(0.5464245682908867, 1.358096326042464e-43)
(0.3579152528450571, 1.4776308834264821e-43)
(0.8288539174782479, 8.745509703041621e-44)
(0.48430814817176243, 5.858256418549276e-44)
(0.24157149949471934, 9.48323665142961e-43)
(0.30334127252250387, 3.234798662841122e-43)
(0.7809021229566018, 2.03452073325854e-43)
(0.8168738661066147, 8.373678078115003e-44)
(0.21709117290357857, 6.882020831419146e-44)
(0.3399843763011234, 5.624021231777334e-44)
(0.29349910476481894, 1.4933244465427758e-43)
(0.8979253853843125, 1.0635114308022338e-43)
(0.9373056768851752, 1.0035309572550876e-43)
(0.5638450811653931, 5.838999212168568e-44)
(0.8586017251997922, 6.551407921786464e-42)
(0.4504961506924219, 5.993575543374529e-44)
(0.06644317028619126, 6.387754427209361e-44)
(0.15357708006992382, 1.0984823280191498e-43)
(0.24479721695760034, 1.6126516142992802e-43)
(0.7076899635425904, 6.102430939513938e-44)
(0.48160132681019097, 2.06572815067826e-43)
(0.2816481829462065, 1.3261693902322466e-43)
(0.27590888827825977, 6.066467167830149e-44)
(0.47045425155316084, 8.425815075577538e-44)
(0.8989292033529932, 5.695768927652147e-44)
(0.01977598469093471, 6.396163444660317e-44)
(0.29562479403148845, 5.725407263581584e-44)
(0.8928560734882558, 5.651985872626817e-44)
(0.20616503625075866, 1.95368775491796e-43)
(0.08214686854211145, 1.0573855902532503e-43)
(0.38551968213837673, 6.083292970646889e-44)
(0.10428965545542863, 6.589885124173946e-44)
(0.18426569265038825, 5.392664859583419e-44)
(0.8293808867675275, 1.0461289060828675e-43)
(0.8843457075452241, 1.308959321270263e-43)
(0.5914495997508507, 1.4158652738665012e-43)
(0.329515417267606, 6.7790901891685845e-44)
(0.919618318344774, 9.228683207041334e-44)
(0.8074950225477244, 1.6710221939372646e-42)
(0.1795696211849056, 8.414437390413104e-44)
(0.5301613137574058, 6.621206042183193e-44)
(0.9923527584962951, 5.437049248564898e-44)
(0.7940026353532651, 1.3785617526727841e-43)
(0.14839408665937345, 5.061605731097404e-43)
(0.743242888268373, 8.086627401749279e-44)
(0.4241764825221776, 5.773535472744803e-44)
(0.12924839996796783, 4.327645064360595e-43)
(0.6185903969546537, 7.53644011382253e-44)
(0.9333932739189702, 6.494283636312382e-44)
(0.7428300678518353, 1.6683548567479328e-43)
(0.22894665085422725, 7.907702034932264e-44)
(0.6961996559370365, 7.311093877629645e-44)
(0.728221706303103, 5.47149696552232e-44)
(0.9902738102500122, 9.646783491228183e-44)
(0.051694568563005416, 2.581898397043491e-43)
(0.32126124287216506, 4.175646838179711e-43)
(0.8068668920710411, 1.292042760489024e-43)
(0.9058698542331544, 5.4788878230714695e-43)
(0.48974885139754465, 5.597035008062323e-44)
(0.25722997445438495, 7.37536452904428e-44)
(0.45465921314492996, 6.646501962685374e-44)
(0.5599696186779511, 1.902519203030244e-43)
(0.374371034897269, 2.37736595417845e-42)
(0.9310369933975137, 5.1880853913291e-44)
(0.522420675642794, 6.502656471364093e-44)
(0.0730388095120852, 3.702397491848349e-43)
(0.4603131237883602, 5.083597487576922e-44)
(0.25499632114688353, 1.7819695231417793e-43)
(0.6902852329889921, 8.46486342502548e-44)
(0.030836353851774842, 1.417742831930961e-43)
(0.26884446045913624, 8.361919119529644e-44)
(0.4720998517558272, 5.052771856564337e-44)
(0.7290961769348973, 6.7601408932224e-44)
(0.10347046759126949, 1.1793183096575147e-43)
(0.8210407647738142, 3.986926119510996e-43)
(0.6687835144115494, 8.429313083004663e-44)
(0.5630879234306353, 9.010974759682082e-44)
(0.8369958574468213, 1.0311516753908716e-43)
(0.7578040219928941, 1.0802850966935783e-43)
(0.39890061175853536, 9.422525988057984e-43)
(0.7006286145684073, 9.667587343661482e-44)
(0.92947940254835, 1.5417952282405416e-43)
(0.5591128370727653, 5.576909878558208e-44)
(0.2895864741354813, 5.711547929569775e-44)
(0.5680795454631571, 7.589682679062918e-44)
(0.414547820180903, 4.8536420111202576e-42)
(0.626321768753452, 7.40887282061234e-44)
(0.3037447717383207, 5.472924580934036e-43)
(0.8748529655834205, 7.155306811461476e-44)
(0.8329525025304134, 1.1132163774280408e-42)
(0.7881573190477291, 1.1073282205648456e-43)
(0.2379754898908845, 6.796696349416866e-44)
(0.19528456833152852, 3.881719419332111e-43)
(0.6909198054733989, 5.123196168373018e-44)
(0.2022462104936545, 5.672241393859974e-44)
(0.8054779294388615, 5.816820473840102e-44)
(0.7613980024139482, 2.242313212831337e-43)
(0.4339685990510226, 1.0321818968385294e-43)
(0.8513579207859744, 5.51756933284386e-44)
(0.5585429097555172, 5.491390560419648e-44)
(0.8424339139332798, 9.892577750671328e-44)
(0.42023641190522415, 1.0883618821841698e-43)
(0.06934782710158913, 7.245273868296961e-44)
(0.7598051497245987, 1.4728687216224685e-43)
(0.4024591607920235, 2.4594246300038126e-43)
(0.3304185322285173, 1.1493755397358642e-43)
(0.3646992788094039, 3.235007034211019e-43)
(0.2644315679676475, 7.599814703723683e-44)
(0.8921370979789883, 9.998320871144918e-44)
(0.8013477610282362, 1.2289769781391082e-43)
(0.9897550838040591, 1.9971123398546623e-43)
(0.7198169894785007, 6.441335586577307e-44)
(0.49697994032666076, 6.964120473497786e-44)
(0.39283860178158914, 5.866284942668978e-44)
(0.05679982499568124, 1.935397094130111e-43)
(0.9546042685591225, 6.870475862944563e-44)
(0.8668719710581315, 3.171953393235023e-43)
(0.3441131820011546, 1.0139764454871893e-43)
(0.9509970913309359, 5.607949069868904e-44)
(0.14406577556527658, 6.718934960159883e-43)
(0.6484464819239398, 8.867239707155028e-44)
(0.12548717701243256, 1.2916102489583649e-42)
(0.3147152720991818, 5.52670841003466e-44)
(0.7385154973847546, 1.9195396832908266e-43)
(0.46927350522603345, 1.3369578469041426e-43)
(0.05168524188967317, 5.120747976403069e-43)
(0.2373458696145653, 8.884071219090087e-44)
(0.6507550339585975, 8.846263182207487e-44)
(0.6860188693611485, 9.702876797962308e-44)
(0.9945332353009438, 2.0847364948747533e-43)
(0.44477164739080344, 6.264995155506901e-44)
(0.7438802712111829, 1.8708319037379044e-43)
(0.10055213922474698, 1.3924805998815738e-42)
(0.6817013606711696, 7.521841020187237e-44)
(0.6607524329575819, 5.258895694403855e-44)
(0.6747999766883434, 8.732057688007485e-44)
(0.31543563442044925, 5.314401039098595e-44)
(0.9315161051707547, 4.030632026159403e-43)
(0.16152102907301633, 6.630139483979938e-44)
(0.3253465781002403, 9.083839340110214e-44)
(0.8782257827193244, 1.9696771556524233e-43)
(0.9360565900618879, 1.4686913849710543e-43)
(0.08605226979732265, 4.331686114040682e-43)
(0.59257415218881, 1.4489822320293972e-43)
(0.49488303312845966, 8.81966009602189e-44)
(0.97504338229781, 1.1238290326800788e-43)
(0.6282297802036886, 1.368428043549365e-43)
(0.02208434410670792, 1.4239938627907976e-43)
(0.9265406611652456, 5.071504388131777e-44)
(0.9955473871068505, 5.1734411049774375e-43)
(0.3955652266842654, 7.714813016953943e-44)
(0.6096290636181236, 7.674169560706124e-43)
(0.8298453910557871, 3.1796030495590098e-43)
(0.8741192734776343, 1.382714536748393e-43)
(0.6693119343056428, 5.129364827665638e-44)
(0.5480907943700244, 6.872218588847649e-44)
(0.2794417698097315, 5.485444190672218e-44)
(0.051224158407734054, 1.0949499313612023e-43)
(0.9420823065728062, 1.7400459703708811e-43)
(0.31498904440086534, 1.1202874353488383e-42)
(0.6064410489154664, 1.2510546458436355e-43)
(0.5840510141768095, 1.370283368190697e-43)
(0.9621366481610913, 1.3879700806335593e-43)
(0.21462613576635767, 6.944558252637657e-44)
(0.9564508296120718, 2.179616415690575e-43)
(0.3199190527216708, 5.127628346415844e-44)
(0.4799223600606258, 2.074747705140935e-43)
(0.5126294496687985, 6.990982372316366e-44)
(0.03926883668973563, 9.158136422029302e-44)
(0.7202414539381655, 1.7801263086385568e-43)
(0.1185532521340824, 6.160321037567507e-44)
(0.5380103250216335, 2.1504512737317514e-43)
(0.5706415883522062, 1.0980765263211438e-43)
(0.28330620347460783, 3.813332566155037e-43)
(0.07090851043971282, 2.2851703684534963e-43)
(0.47150444757309684, 1.1612482934591578e-43)
(0.8201810998144334, 6.864096850368914e-44)
(0.8321089818403563, 6.959908077900338e-44)
(0.4672907872181287, 1.7493142852720882e-43)
(0.4264384658233951, 6.639350682678621e-43)
(0.9089364341915518, 1.4788838988679052e-42)
(0.7104582064260117, 1.0254019358033133e-43)
(0.6733420045735812, 5.272393620779457e-44)
(0.19959066273072146, 4.596041533435985e-43)
(0.9365843883154031, 1.1259383096802933e-43)
(0.6995565774379779, 2.08869860086231e-43)
(0.2295151943930763, 1.802714465791059e-43)
(0.26862504661019615, 5.140179603183639e-44)
(0.4740170787120741, 2.492605145065449e-43)
(0.6934264067642393, 5.470153635979741e-44)
(0.7165134154975544, 9.332009001717208e-44)
(0.7604392352182884, 5.095320860527991e-44)
(0.8519332282723917, 2.072152353997814e-43)
(0.7418658910953425, 6.640862149240428e-44)
(0.315321140460124, 2.008698682123867e-43)
(0.6450041938386161, 8.021455154212354e-44)
(0.932868953400139, 5.02567736384423e-44)
(0.37374079901884877, 3.7449308962872325e-43)
(0.9010340397390791, 9.190511371647254e-44)
(0.4947333145379623, 1.7340008652081268e-43)
(0.386076150631666, 9.756239926516336e-44)
(0.3974924828012436, 1.0248350877124815e-42)
(0.448488140373568, 1.2231155355707147e-43)
(0.48453402363209447, 7.684638813317443e-44)
(0.1930011407585169, 1.6010199782940636e-43)
(0.22788303672582247, 1.2666010244734616e-43)
(0.8312729967532521, 6.339169306331481e-44)
(0.11510096344058508, 7.425727271604609e-44)
(0.5730696627589457, 1.1445116422953597e-43)
(0.044719334227385395, 1.377976157347807e-43)
(0.152285703414464, 7.188391570286501e-44)
(0.29121821132768366, 7.562020361015001e-43)
(0.4508810511290053, 1.8152007166214027e-41)
(0.04367463414210037, 5.349108386683625e-44)
(0.282623557912289, 8.1754916627915e-44)
(0.6911573611462951, 5.087865750274333e-44)
(0.08559760067796254, 5.046258001381655e-44)
(0.43152141495476193, 1.3556863350246761e-43)
(0.8376962933244467, 6.725300213259886e-44)
(0.3231254256907227, 5.41186078371902e-44)
(0.18084251801527199, 1.4615291891795541e-43)
(0.9870420733341491, 1.0103109586676264e-43)
(0.04178217831960456, 1.2959858710586034e-43)
(0.7312757459909041, 8.25183714086754e-44)
(0.9946066819001386, 6.775118666870542e-44)
(0.3414252806681565, 1.5229509644522697e-43)
(0.45541979965457063, 6.519378512758374e-44)
(0.2992411845929276, 7.982192191096368e-44)
(0.9749857254908816, 1.5897999052345377e-43)
(0.11297212529922482, 5.272533362622923e-44)
(0.963387986433529, 5.845271611107632e-44)
(0.4319496084972592, 7.252185235328779e-44)
(0.9337335989742553, 6.444288087370882e-43)
(0.15018354980806284, 5.249304268976807e-43)
(0.41213083325393046, 8.055039988599057e-44)
(0.3105026163778004, 1.3375935514030873e-43)
(0.05460719546413971, 1.7208905127988506e-43)
(0.5738272905479712, 2.3103513491202507e-43)
(0.8801120041389109, 5.516999953395364e-44)
(0.7181387787311776, 5.967564662689319e-44)
(0.9216958026376457, 9.266104507474985e-44)
(0.34503218666626984, 1.4959137258134162e-43)
(0.6050432561011019, 1.7538111569467057e-43)
(0.9910603461431348, 6.232394753525792e-44)
(0.3886440390489058, 6.31807928771638e-44)
(0.15478499737343054, 1.7520750250676541e-43)
(0.9989073220313289, 9.06917614060112e-44)
(0.7567407406520349, 5.069509637480845e-44)
(0.3181172915778134, 5.870925780737233e-44)
(0.6908474844409735, 6.639461366457368e-44)
(0.4687427677290911, 1.1260187244442714e-42)
(0.12633087679974006, 6.322233480580825e-44)
(0.2574384851460616, 8.621941918865388e-44)
(0.049063156238845634, 5.972242347970804e-44)
(0.8630363772271104, 6.9720241706582365e-43)
(0.47615726485715076, 1.3889899169541657e-43)
(0.5739125749100008, 6.60077540382432e-44)
(0.800228588431233, 6.769667379964912e-44)
(0.5370758425315059, 2.041650236785762e-43)
(0.6829932340028532, 7.850193870303528e-44)
(0.22174473305332043, 2.495249520617393e-43)
(0.09726465006575098, 7.572089209180494e-43)
(0.7746819120506663, 6.596810930690282e-44)
(0.1242155587490169, 5.648905815821076e-44)
(0.017433175876646053, 6.981815016780257e-44)
(0.46703733744170667, 1.565692632978805e-43)
(0.055496173265314044, 2.5751892342221257e-43)
(0.8054147840386418, 1.4599694536391546e-43)
(0.9674123446618864, 7.288465525915482e-43)
(0.3759822334553362, 2.641915900540449e-43)
(0.302633871299561, 7.71569544489391e-44)
(0.014124533670738605, 1.8279776725618007e-43)
(0.40705351961236685, 3.649460268601142e-43)
(0.5443645530668315, 8.97499790655228e-44)
(0.2580570630771112, 1.2465970618192606e-42)
(0.7455951931619507, 2.1677486988968804e-43)
(0.4758281172423378, 9.87847525261642e-44)
(0.33010038675729947, 6.397610545040819e-44)
(0.8239776122980199, 8.2000912556706915e-44)
(0.850405650481206, 1.6323848389100869e-43)
(0.6842959230101066, 7.420537940614587e-44)
(0.1735193390614986, 1.462131478975492e-43)
(0.1664191240142121, 1.3138460311754404e-43)
(0.33542875433702835, 5.226290247425669e-44)
(0.6642270973749895, 2.4488298838995856e-43)
(0.8548980994413584, 2.9247468946862133e-43)
(0.1874173019955993, 2.106919131895149e-43)
(0.171084106813226, 2.0937298435259748e-42)
(0.259374203769081, 1.0651132080249933e-43)
(0.5623866924882414, 1.658512776560419e-42)
(0.11289835367372934, 5.527244260009792e-44)
(0.12285155111104298, 6.770527403611348e-44)
(0.8296684970094266, 5.237336449694038e-44)
(0.07872420810492885, 6.435565131429902e-44)
(0.08666102266942488, 1.3179094223956214e-42)
(0.08446322894294558, 6.669463077757032e-44)
(0.8240359345262639, 7.401529051035217e-44)
(0.20385044137384328, 3.5901316423943136e-43)
(0.18556066739292026, 1.1837127825133905e-42)
(0.774256074410786, 5.174267837123803e-44)
(0.5714666944540899, 2.1148215125085573e-43)
(0.9631037511878514, 4.489708265092576e-43)
(0.34558735773548505, 5.091680209550651e-43)
(0.9150746511025942, 1.6002189638039525e-43)
(0.365305971581432, 3.613191891326756e-43)
(0.4302906476420603, 1.2361328514216749e-43)
(0.4493660241418637, 7.227926299561722e-44)
(0.296230388670817, 1.1137913731143615e-43)
(0.42265833220507243, 5.391846524936973e-44)
(0.9648968790391866, 1.5546236940204878e-43)
(0.2720829456908008, 1.884933695200468e-43)
(0.5906744991693695, 1.417871959569741e-43)
(0.20271652781695562, 6.352391447900333e-44)
(0.8777660245349606, 1.4550957455760045e-43)
(0.8662934365599749, 6.383753556192581e-43)
(0.5177360497408809, 7.963168788128465e-44)
(0.5886810099113033, 6.085012888125945e-44)
(0.8409986178379176, 1.5342097216927597e-43)
(0.3783381981549065, 2.6086123494364043e-43)
(0.8702842504727978, 2.4901331606100006e-43)
(0.14150303034960712, 8.837085936281245e-44)
(0.8281412356624458, 2.6453860310848997e-43)
(0.604805254054925, 7.898691213041119e-44)
(0.5293489082777117, 5.446844665364376e-44)
(0.2608190684397379, 5.757762639670162e-44)
(0.2154689488403448, 5.694674972880436e-44)
(0.24688612844114513, 6.607015069445631e-44)
(0.2958090950938646, 5.572041953713845e-44)
(0.7232376103033501, 1.124921870158061e-42)
(0.5826786259218216, 4.665499405732457e-43)
(0.5667527447992853, 1.9894773210893236e-42)
(0.8189258595483675, 1.0471254524452308e-43)
(0.8336136864139115, 6.110846494660126e-44)
(0.6077927919758717, 2.6853580252809354e-43)
(0.8636698995590195, 1.087720916652007e-43)
(0.5116731330194952, 2.899410928820143e-43)
(0.26769927171861296, 9.57360821882171e-44)
(0.047532380211616335, 1.1139934180768034e-43)
(0.4836677872436753, 2.2068045795136246e-43)
(0.7141563459491844, 1.4975536891678054e-43)
(0.145921435719473, 6.971271237219799e-44)
(0.5725790687006224, 5.53448360316426e-43)
(0.8946645081661816, 6.075679559782117e-44)
(0.3156597461136295, 5.281338909731973e-44)
(0.5854786590563354, 9.930925341844074e-44)
(0.0652949729197671, 7.803528286850129e-44)
(0.4532460058229607, 4.993029312565128e-43)
(0.23816416742182564, 7.357510171506366e-44)
(0.5490458078062145, 1.3397683826878646e-43)
(0.7561789174653576, 1.267094819356444e-42)
(0.8195638990122819, 6.058672428007425e-44)
(0.8869208722473438, 7.783807881568855e-43)
(0.6237988685121734, 1.531969559416796e-43)
(0.11697881516797597, 3.318935982252473e-43)
(0.4730550897148318, 1.159985856107867e-43)
(0.23442511109885616, 5.511756368161034e-44)
(0.9624761108043078, 8.588392555809572e-44)
(0.6045756049722939, 6.10884993829013e-44)
(0.14736871684423347, 1.7700311946551931e-43)
(0.42532727219823385, 6.525253337326874e-44)
(0.2752816867586365, 9.165251531435297e-44)
(0.8051216395468762, 5.569400786603645e-44)
(0.3062945207420795, 1.2951610427109106e-43)
(0.08799806002167174, 2.633916922484193e-43)
(0.8225443981226509, 6.337241913221209e-44)
(0.011372718159554774, 1.0800386631623436e-43)
(0.23176343189327928, 1.6440057629257837e-43)
(0.8853272260402092, 1.5329709137547592e-43)
(0.7792739556808135, 7.36749987873511e-44)
(0.042534167581038666, 9.180542320921656e-43)
(0.029120795624987837, 1.1370349714066647e-43)
(0.49837957445137865, 5.922298600694141e-44)
(0.5889108186011393, 5.112565843107757e-44)
(0.9503571814170403, 1.080141856779257e-43)
(0.6132906093317485, 5.60010817227347e-44)
(0.9739499002348692, 6.40281311844079e-44)
(0.23505011734338438, 5.795311912227568e-44)
(0.6919669419986808, 1.3812804914526127e-43)
(0.7129831311839192, 7.888596370859931e-44)
(0.030212047856129486, 2.077435483505062e-43)
(0.23242952799500588, 1.1186661557013228e-43)
(0.6532014388447386, 3.79794248223114e-43)
(0.5929061322206799, 1.2422061917407115e-42)
(0.8292219626065019, 2.7850804580842046e-43)
(0.7749991846712309, 1.4927279205694489e-43)
(0.3444552901942783, 9.323186717895146e-44)
(0.23131383736800634, 1.1878111578884154e-43)
(0.6901255494415469, 2.9368300185666047e-42)
(0.012676025856354236, 6.316451465618673e-43)
(0.24329853720779845, 1.0983422308354613e-43)
(0.04585633789222398, 1.067307654553655e-43)
(0.6887121698754799, 5.728626118284468e-44)
(0.15331875333869152, 1.4974561190435328e-42)
(0.11204720951680065, 2.8297851982950248e-43)
(0.4326724642208443, 3.4093338584879927e-43)
(0.7589207449061289, 1.0620987521692642e-43)
(0.39799821273845754, 1.2065586578476652e-43)
(0.15685630827851635, 3.5019076335232234e-43)
(0.7516797314607881, 2.7627084540174593e-43)
(0.966511326925707, 1.107208658522432e-43)
(0.7288082220279638, 6.504364295740722e-44)
(0.847771049686055, 2.8784737076038863e-43)
(0.3424670869166375, 5.674095404865268e-44)
(0.0534436417902507, 6.341281964610208e-44)
(0.2852998849645767, 5.024128163249977e-44)
(0.831312313882727, 5.711609203397828e-44)
(0.27415508237248853, 7.102734128925645e-44)
(0.3899535076795326, 4.130800305690389e-43)
(0.7317169901256866, 6.961490941336699e-44)
(0.40161754848057674, 8.581962252067158e-44)
(0.7248123127443096, 1.541245083467723e-43)
(0.21276671302700909, 7.082358368369922e-43)
(0.06912957966734634, 6.121265100047641e-44)
(0.333573990148483, 7.093980876970392e-44)
(0.8260020071615908, 9.363147660576183e-44)
(0.8385739175570728, 5.02161484693366e-44)
(0.20833012324763658, 9.569582415797105e-44)
(0.998715038231295, 1.9279296245566485e-43)
(0.2825818473886789, 3.4432088340263195e-43)
(0.3688265970624327, 6.056850459248308e-44)
(0.5199598847689558, 7.732331670039177e-44)
(0.5519022712949774, 4.080005537595564e-43)
(0.10342637731990532, 8.5014256672735e-44)
(0.5388418780372394, 7.403388607245827e-42)
(0.014058384952096077, 5.1918544434674834e-43)
(0.3208421826297736, 2.8647803130869436e-43)
(0.18936650569582103, 5.93939476741275e-44)
(0.008865222698293733, 5.536426171665077e-44)
(0.025165391186697073, 1.0555260202569986e-43)
(0.25298295291047496, 6.891743108989206e-44)
(0.1389149097533503, 8.293013903016134e-44)
(0.7328888041378664, 5.243290919006028e-44)
(0.8045662979142232, 8.438864157873994e-44)
(0.47852773839473556, 1.751276024954813e-43)
(0.9583325187550662, 3.0859456168326017e-43)
(0.5377651273780684, 1.6368234014448946e-43)
(0.27938841231178585, 8.713906270847168e-44)
(0.9267339132735417, 6.311768998713916e-43)
(0.4292823040195068, 1.8972442850264195e-43)
(0.728746685161286, 1.561472759712975e-43)
(0.8604324811009498, 2.1391408093737906e-43)
(0.5043679797170311, 5.258728214617922e-44)
(0.8734135730537774, 9.011810851476791e-44)
(0.34786367645199134, 6.571611780921247e-44)
(0.39490905951235045, 9.452612748372612e-44)
(0.29690358596316463, 3.296388622367351e-43)
(0.8470204389485934, 8.391590492936234e-44)
(0.397506433288988, 2.541640528096803e-43)
(0.23345752896010852, 7.331933217478988e-44)
(0.8209862567520833, 1.298763528105134e-43)
(0.620613123554225, 5.075702117817921e-44)
(0.9989627954582239, 9.362041702686903e-44)
(0.6498557166640379, 5.998843010290952e-44)
(0.8652433735660945, 1.6553458301548206e-43)
(0.7652361218774535, 1.0757536376147364e-43)
(0.7794001103827425, 7.914095497877355e-44)
(0.19121191778769517, 3.0031905580988786e-43)
(0.7065614018290737, 1.142530864188112e-43)
(0.12464357651304536, 7.992161180374196e-44)
(0.8873048570718884, 5.217053929064341e-44)
(0.22800643667130926, 7.527530402011072e-44)
(0.37978025994784703, 5.704027097725685e-44)
(0.14634172501542936, 2.3028978558186024e-43)
(0.11500332730051245, 1.7464302262156096e-43)
(0.4272873449624433, 3.5649860171929973e-43)
(0.7492677631540404, 3.581733021383448e-43)
(0.6779390943287205, 6.190809789431584e-44)
(0.6918016167070786, 2.5854027978019986e-43)
(0.9213845254221975, 3.3666452096252297e-43)
(0.9246464036022344, 1.30728890337379e-43)
(0.894191247822849, 2.6024484487893083e-43)
(0.9806651048469196, 6.891271286542449e-44)
(0.45771606106985835, 1.0057071406411577e-43)
(0.0060745205874219626, 1.1636448601437913e-43)
(0.7403767975470209, 3.4344047345387324e-43)
(0.7782412172927233, 3.497235677051032e-43)
(0.47636626838433754, 5.6070560786035554e-43)
(0.4086923449836685, 1.4237285177855571e-43)
(0.671573946000149, 6.817234351553814e-44)
(0.19804297983326646, 8.747800892096623e-44)
(0.5722162490662658, 2.0196911202273985e-43)
(0.7334381502284735, 1.407102034162639e-43)
(0.5158624642168815, 1.1834165453460076e-43)
(0.2322619120519245, 5.264294290444633e-44)
(0.5626933665167545, 6.087679826604831e-44)
(0.04540099044119212, 9.374718428949547e-44)
(0.1638142870281243, 5.315019182140851e-44)
(0.3612086414778063, 6.24445339976604e-43)
(0.7429868580851698, 5.350198300087885e-44)
(0.10906660786400789, 2.812391764388727e-43)
(0.6862408530496059, 7.960881735095594e-44)
(0.1969726537276159, 5.618050147325579e-44)
(0.30289330043558865, 6.053747475306382e-44)
(0.04314695985240254, 8.65142662985677e-44)
(0.7761075919559081, 5.476530140063145e-43)
(0.8871515557419194, 7.60589177640492e-44)
(0.2946639633355613, 7.837637066949495e-44)
(0.9678963816369637, 6.278855531026237e-44)
(0.9591009128709772, 2.369450275164732e-43)
(0.7701839606513313, 5.096529862159651e-44)
(0.8404892478005928, 5.511243941968114e-44)
(0.4460001327838597, 9.433954748581641e-44)
(0.2457645244250501, 2.6775653220345515e-43)
(0.55557242037777, 8.962978765803315e-44)
(0.7703385304644442, 5.240956977853047e-44)
(0.7730658402048357, 1.0146559401855084e-43)
(0.5587984683153556, 8.178176027028862e-44)
(0.21853556780400837, 5.544757211546418e-44)
(0.0017334255514253227, 1.3760618495165183e-43)
(0.3226556257856173, 6.408041435975159e-44)
(0.3103513511856731, 4.404382252268167e-43)
(0.529332968723321, 6.167623438745584e-44)
(0.4755747083045489, 5.213835632221702e-44)
(0.027514927926053215, 6.686492674144453e-44)
(0.8886837358146437, 4.983988609385843e-43)
(0.43849107314035535, 5.312529204335939e-44)
(0.7890851991163925, 5.0696226658918066e-43)
(0.01330729016232001, 1.0867767254379591e-43)
(0.39069438317277977, 7.391780251366028e-44)
(0.15444908812836697, 6.305224509469517e-44)
(0.8768384336005828, 6.975219721804909e-44)
(0.8344500589349343, 9.064729082524374e-44)
(0.8792363802052723, 1.1497095608569758e-43)
(0.763925639408128, 2.7290028780151537e-43)
(0.39795172684461466, 1.3603607093132703e-43)
(0.7539336691366475, 9.16514059852829e-44)
(0.8142702767154294, 1.3505224262342305e-43)
(0.04735310607638421, 9.457314754256717e-44)
(0.5540607977761911, 5.773103980349165e-44)
(0.021607245749023476, 2.2545729999451725e-43)
(0.11379725594109637, 6.894402311492303e-44)
(0.7381890315908722, 1.0554688480262795e-43)
(0.5092797033805068, 1.1681689372191514e-43)
(0.9703173442303391, 1.373373519644069e-43)
(0.25666655916301934, 7.562621278704e-44)
(0.9698852708331029, 8.227954981567367e-44)
(0.27017546764738315, 6.767984549180291e-44)
(0.6779376040554164, 1.7864504410634039e-43)
(0.7269177474099954, 6.425991046147058e-44)
(0.8054576265652857, 1.2785357605305177e-43)
(0.00928912745327473, 1.0172471878277713e-43)
(0.6577939600391679, 1.004118081094169e-43)
(0.35540735629998477, 1.864753132761086e-43)
(0.5089575440598076, 7.730857568389359e-43)
(0.5064343534508157, 5.765680750182393e-44)
(0.2094748278480666, 6.339019594446971e-44)
(0.8843663740257889, 9.965438973961584e-44)
(0.37702844917822187, 3.4655323408137638e-43)
(0.7285444584757327, 8.273936603919205e-44)
(0.7878065345271491, 4.186365953546635e-43)
(0.6470822414380906, 7.856480294033572e-44)
(0.552152175398788, 1.7687340663802101e-43)
(0.0643724994617585, 2.967275293404425e-43)
(0.635841320842421, 9.130609771458232e-44)
(0.017776860076572636, 5.393923603361491e-44)
(0.18956209809605695, 9.063619553789644e-44)
(0.6028753977984664, 1.2453654254515063e-43)
(0.6845828534875513, 5.461905497468558e-44)
(0.1876023653395083, 8.97921171926463e-43)
(0.30864828699854824, 8.625528279115608e-44)
(0.636436454685676, 7.000899381376236e-44)
(0.3657605407364592, 1.9138632984761863e-42)
(0.628483211384914, 4.218565723031696e-43)
(0.05650642992882179, 5.699890073701072e-44)
(0.5620232532294838, 9.570363757106153e-44)
(0.6427444986885423, 9.705483168598685e-44)
(0.18667475828091745, 5.456579974836861e-44)
(0.1496420786006274, 5.943200961132348e-44)
(0.9926250685247147, 4.12975622650001e-43)
(0.9133284381147295, 1.1831293467667195e-43)
(0.7615392696851389, 2.405084856936398e-43)
(0.5140118524760634, 1.0274375396495672e-43)
(0.9967232089666402, 1.154781699696116e-42)
(0.32444999834379123, 8.995577955157627e-44)
(0.2641962119872102, 5.897406760568786e-43)
(0.2817067643514605, 5.067290444838956e-44)
(0.7723037792459149, 1.9942697266110136e-43)
(0.6166217132107056, 9.374557867895844e-44)
(0.6711878918074847, 7.104206093481123e-44)
(0.550516696338721, 2.471535315719987e-43)
(0.33674090826981856, 5.067398395707022e-44)
(0.3249811142445435, 5.553085249861165e-44)
(0.7595932651845778, 7.853180037732696e-44)
(0.4788993194742472, 8.596024354144957e-44)
(0.4749531020916955, 3.934075752084982e-43)
(0.6222191291761018, 4.049811576246109e-43)
(0.3688437359046859, 1.9714831211378973e-43)
(0.8904459315111563, 9.537659306201283e-44)
(0.10475897347137621, 4.50382476355498e-43)
(0.7136377736395423, 5.059767658483117e-44)
(0.581713121653635, 5.571478226549051e-44)
(0.5557978283848941, 2.029284450677206e-43)
(0.6142980447293247, 5.332431192766748e-44)
(0.8206004115692169, 7.640737213504154e-44)
(0.8228586540595526, 7.059056400032566e-44)
(0.8425865582626136, 6.1094230491399075e-44)
(0.6126584345420036, 5.773209387636995e-44)
(0.829474583634855, 2.7791288438301473e-43)
(0.9038455441436457, 6.149167352902958e-44)
(0.8135690813530505, 3.1754795504882072e-43)
(0.5481882108421896, 7.769051001080864e-44)
(0.9291178732442515, 1.0862742478320888e-42)
(0.1527871421379825, 7.972217186367574e-44)
(0.12279133512200115, 6.036490682096468e-44)
(0.4514494252195911, 3.295976461529294e-43)
(0.6458480507355694, 1.005630847518307e-43)
(0.06995957767889051, 7.303629074639341e-44)
(0.1680148999112404, 1.0735492463943197e-43)
(0.3528712360612563, 9.837644832116352e-44)
(0.2899433348130997, 5.467513971633326e-42)
(0.6522017498681971, 2.7308093680846262e-42)
(0.6635161631734136, 1.4300207759199106e-43)
(0.905972808347907, 2.7119235724837677e-43)
(0.07727514677219906, 1.9440459781332785e-43)
(0.23937138688035983, 3.4698256947596282e-43)
(0.9102062045892505, 5.278429789844618e-44)
(0.3406553522732417, 6.175981170088276e-44)
(0.8566361548258372, 1.9692635868329807e-43)
(0.1819917782156096, 1.1075084831521988e-43)
(0.5646854053091701, 6.383754622023414e-44)
(0.9216768782860357, 5.667829343518979e-44)
(0.5771080148336651, 9.862799223320443e-44)
(0.6645932318511233, 1.0743339253682376e-43)
(0.7093338563436824, 8.799032005257241e-44)
(0.8152324627440786, 5.869638356535148e-43)
(0.5036232281394308, 8.642625877703688e-44)
(0.7194940249375429, 1.4517721526193085e-43)
(0.07738990161649753, 7.924609054317503e-44)
(0.4823085874511411, 3.837439620799871e-43)
(0.6409382553499343, 1.4810162400110365e-42)
(0.1718368905453752, 8.239142820079763e-44)
(0.7754369117962697, 1.8599015594350076e-43)
(0.07665482883723955, 7.247811512224602e-44)
(0.23109398716689666, 6.387342306272991e-44)
(0.9402297471900977, 1.507005172760717e-43)
(0.8563951617035264, 5.834024472507251e-44)
(0.9259077384224533, 1.6399822081170422e-43)
(0.27080992890243705, 8.399355058904407e-44)
(0.36890073710826005, 5.616180081716665e-44)
(0.5786447001838187, 5.205571426998697e-44)
(0.9761535484245094, 1.553461214201795e-43)
(0.6794977108138994, 5.738858968944629e-44)
(0.12182013171573387, 3.608630968205362e-43)
(0.9242783035331698, 1.5367527046834169e-43)
(0.1804919045600718, 1.0478098907501711e-43)
(0.11407782491561348, 1.114148058234356e-43)
(0.24851390064114717, 6.816033278203554e-44)
(0.6478789047767984, 5.214967709048731e-44)
(0.6873518739637203, 5.3311038305154974e-43)
(0.15538545692441524, 4.493663823946652e-43)
(0.44326750355029004, 1.2245435716373177e-43)
(0.7828309842289826, 3.314663510460627e-43)
(0.16212295743024632, 6.707409224530753e-44)
(0.9454042214132973, 2.025873697487778e-42)
(0.6402595060139066, 6.089480369480871e-44)
(0.6657616612993515, 6.025624334266364e-44)
(0.5334186769972028, 5.379006462848904e-44)
(0.09126254976746019, 1.1455884341973156e-43)
(0.39850304948131415, 1.435771611254837e-43)
(0.5621868376160685, 4.098368035877716e-42)
(0.19608878514326927, 5.76890944141128e-44)
(0.04744937651665752, 1.099332374050543e-43)
(0.2676015905357162, 9.974427140612752e-44)
(0.29843770975484796, 3.0335845290632853e-43)
(0.8386587610422598, 1.3595858321968015e-43)
(0.28028080889635976, 9.175125686372563e-44)
(0.7692496335804317, 1.539804698357691e-43)
(0.16823811497890015, 1.656890881826511e-43)
(0.47553971692671815, 9.149886663097382e-44)
(0.9018388225183684, 8.451443935922748e-44)
(0.9773187933941871, 9.104029165795181e-44)
(0.462529512751373, 1.0165454401180946e-43)
(0.8264666435379696, 1.7401772312968516e-43)
(0.2699539240751931, 1.4941004535394887e-43)
(0.8384981035711353, 9.271825323417148e-44)
(0.8140335738097686, 8.774331188201227e-44)
(0.7351537460828195, 8.547966105880518e-44)
(0.5718670221444113, 6.570787202546969e-44)
(0.4591310469594402, 1.025297038235522e-43)
(0.11644899882394953, 6.646045482114307e-44)
(0.9069785726954769, 9.385520996968554e-44)
(0.7377857437537524, 5.475226914601544e-43)
(0.0184795014411376, 7.39914649081519e-44)
(0.5812872711588556, 3.1084895860642128e-43)
(0.7321742757700016, 1.190963438196323e-43)
(0.6363117423493608, 8.020161381399105e-44)
(0.8163878107455476, 5.043089541839318e-44)
(0.032531930205055994, 1.5218562097432725e-43)
(0.8310970330134606, 4.1889998708748775e-43)
(0.7630941445621439, 8.003884967223818e-44)
(0.9881831817460938, 5.949763584401105e-44)
(0.6380747117311226, 6.112484459601164e-44)
(0.17018532704078987, 1.24166009388902e-43)
(0.8749002793608401, 8.138809582600869e-44)
(0.18155564441728234, 1.8039794428442358e-43)
(0.8648184540927153, 8.64549453775425e-44)
(0.38097253300132233, 5.418916471317631e-44)
(0.8927942224487078, 6.047160026861619e-44)
(0.8644376426417838, 1.1507979091665168e-43)
(0.2711274226856156, 1.5302320760477042e-43)
(0.3120844144767539, 8.686562127244637e-44)
(0.1566842506330939, 8.483391750885521e-44)
(0.606781282273608, 5.707834110229714e-44)
(0.6220030824938858, 3.789546674874579e-43)
(0.05276508372440824, 9.103093254454467e-44)
(0.2131917756195538, 6.022168534534809e-44)
(0.9166067960802666, 4.035315041388933e-43)
(0.12012941580120205, 1.9310228193971976e-43)
(0.9234656106074225, 5.875522680855624e-44)
(0.9109747359081031, 5.588431811565139e-44)
(0.7300515756232192, 8.925033195669573e-44)
(0.070020064259733, 1.9550289587476943e-43)
(0.9862723042690877, 2.0586494476240347e-43)
(0.7509501871778446, 7.405833224877531e-44)
(0.8314779396206635, 1.480692544199294e-43)
(0.16424142690044852, 9.25398763368858e-44)
(0.7999655515840266, 7.054458956459659e-44)
(0.9352783544471718, 5.426203435844292e-44)
(0.498394808391496, 9.090803189045025e-44)
(0.303009804923697, 2.8026122823499198e-43)
(0.4397639043482403, 7.567891253501064e-44)
(0.41574523864959256, 8.493374265138767e-44)
(0.37443834974106227, 7.507557512219152e-44)
(0.11765124524251132, 5.626846570095848e-44)
(0.4621543231135746, 5.877208362999979e-44)
(0.4070838142615273, 8.599568178587121e-44)
(0.3992100253708137, 6.390761549138812e-44)
(0.6626932084169114, 8.538840219867301e-44)
(0.1147314580197216, 9.070307040511107e-44)
(0.7118986573660758, 6.188711150656044e-44)
(0.2587599040207059, 6.876652567169093e-44)
(0.3498210127932954, 1.0314479985835342e-43)
(0.8447161002769994, 1.828740206688949e-43)
(0.5762320127910366, 7.175094885004534e-42)
(0.842444142069899, 1.5175403485322498e-43)
(0.14299737732192233, 8.24632345185757e-44)
(0.7790319085574525, 5.313194374959465e-44)
(0.6452027513675193, 1.1065196539542757e-43)
(0.04399700435122372, 6.364016005634289e-44)
(0.05139277117554969, 5.773278714058367e-44)
(0.20066723274560452, 3.981409045058612e-43)
(0.6507539322036531, 1.9758050398577213e-43)
(0.3675802624988041, 5.908057037564824e-44)
(0.03737128600331589, 5.617914512738954e-44)
(0.6580383448789495, 7.392415605248103e-44)
(0.13585058029757294, 1.4342886112000926e-43)
(0.7563949030582522, 1.35427441113956e-43)
(0.10153591784857886, 1.3022202475880947e-43)
(0.3020866731421192, 7.943650139674431e-43)
(0.9962311562370216, 8.012260051654144e-44)
(0.7819329946160327, 8.011898636565416e-44)
(0.07041632753509, 1.091956375567205e-42)
(0.3649813767540519, 9.944314483776236e-44)
(0.7258856782735044, 1.0225982496889627e-43)
(0.24022938993743753, 5.687912283509782e-44)
(0.7414733194587868, 1.136299260632285e-43)
(0.34813101536546376, 9.455099316860008e-44)
(0.6277585384086571, 5.178925803281157e-42)
(0.6756052094150867, 1.323557706672025e-43)
(0.4664112548434469, 7.973966459541642e-43)
(0.1725847306849131, 9.727450791882003e-44)
(0.9950306330582052, 9.008672320716578e-44)
(0.6569899230213203, 2.454836225143283e-43)
(0.6792870311874027, 5.899304968548942e-44)
(0.6972449122507063, 1.3466831221465711e-43)
(0.4828560462947844, 1.7550298035320852e-43)
(0.5145258136187891, 5.222122394539557e-44)
(0.11351596987571987, 5.212063877333643e-44)
(0.14834091843256497, 6.277599630355286e-44)
(0.8817436259342413, 3.259682870743559e-43)
(0.08724160971159471, 1.583391744872066e-43)
(0.2797239921104504, 7.797701242262274e-44)
(0.9220721584451257, 1.6621047562048835e-43)
(0.09002061109139718, 8.847584111914262e-44)
(0.45699222333001754, 9.863293507765398e-44)
(0.39498381834644286, 2.2170236616561787e-43)
(0.38639732766157003, 7.116421874701657e-44)
(0.1544753373064702, 6.032944180734959e-44)
(0.9265824545653097, 5.57514118752188e-44)
(0.19750704839119904, 1.4946907941723055e-43)
(0.6312626496465996, 3.002286342923072e-42)
(0.7340613574317865, 6.200532193122891e-44)
(0.6432153304459477, 5.211351963368222e-44)
(0.09535278365267039, 1.5141788098611146e-43)
(0.47356999280293943, 9.58923046662735e-44)
(0.9441239392153564, 1.5739624735831966e-43)
(0.7854816107706941, 1.202228825447425e-43)
(0.3384562308207847, 5.865698608085423e-44)
(0.3854258950971879, 1.9709732442593154e-43)
(0.7932406655364052, 5.939243925946313e-43)
(0.8486715447909878, 5.027121674189198e-44)
(0.8748351692366108, 8.473536517264031e-44)
(0.8765395973127583, 7.114390894853447e-44)
(0.8979345246560965, 5.273694308146569e-44)
(0.8271106484756512, 5.174105857101062e-44)
(0.18700949614278575, 1.7675328631871113e-43)
(0.6203473648577916, 7.530371240263183e-43)
(0.08147363608913383, 6.377201657844843e-43)
(0.9560017459628551, 6.893359318911119e-43)
(0.08195225294648995, 1.3647605451200913e-43)
(0.19753378055920845, 5.397214006465483e-44)
(0.1280550914769055, 1.995637910204537e-43)
(0.05826569861072896, 9.438809898906811e-44)
(0.8219093157415461, 5.1960065071516695e-43)
(0.4271025049754836, 1.3975683655440375e-43)
(0.8927713988208765, 7.535285075461303e-44)
(0.8042997271659834, 6.326969498042915e-43)
(0.9779453869311585, 3.1340694770091663e-43)
(0.2190776360301932, 1.094098151335493e-43)
(0.9554399673208255, 5.568011153560553e-44)
(0.010994831298079459, 5.481775725010334e-44)
(0.3330902472447115, 6.963692141501936e-44)
(0.19847561798799118, 5.615587866078296e-44)
(0.4736943716071602, 1.1212355169364039e-42)
(0.5752040744507552, 7.086446480983832e-44)
(0.13003671856651525, 5.6010364138846675e-44)
(0.07232330513675034, 6.222928109814785e-44)
(0.6861486549150002, 8.446251927044427e-44)
(0.525033758593161, 6.042021888027294e-44)
(0.9710298236442714, 1.89397360538902e-43)
(0.6178839657907593, 1.830819840791942e-43)
(0.5472849669942206, 6.581839369404141e-44)
(0.23742211560955043, 7.400052519652968e-44)
(0.9348733647428074, 8.659887622997043e-44)
(0.37793985716652767, 1.4586074731863107e-43)
(0.7248254709400002, 1.3641195488686926e-43)
(0.7486942854895215, 5.196511567229837e-44)
(0.49070094130469133, 1.0795551500968895e-42)
(0.44008517752177606, 6.265384454477542e-44)
(0.9217581401794818, 3.4639409284296554e-42)
(0.42603381971391263, 1.3043328943396229e-43)
(0.9233992574945098, 5.079323362090423e-44)
(0.8223988756977836, 9.265615773309623e-44)
(0.26372048295354356, 9.882440014681164e-44)
(0.7877895614498016, 8.696299657771291e-43)
(0.5165752295369813, 2.453483482864233e-43)
(0.16531104424755955, 6.133487631662829e-44)
(0.5322413990847314, 5.872684753100745e-43)
(0.6763685914972725, 5.405872110633224e-44)
(0.13037407302651824, 3.721673659132143e-43)
(0.8484564162879839, 5.239877017242785e-44)
(0.5931401638008389, 1.0203437514481662e-43)
(0.5430657213273286, 5.039490018290101e-44)
(0.6104472691723066, 2.5106585265210875e-43)
(0.20629060449839376, 7.617738615329483e-44)
(0.3827118918422851, 5.524115214481453e-44)
(0.36626735564245544, 8.51575186244334e-44)
(0.5019377420594611, 2.0444368370436385e-43)
(0.8330561017135966, 6.212465554337723e-44)
(0.4695543809744618, 7.064852493629165e-44)
(0.7325463649480553, 6.069252782970239e-44)
(0.2268818444120867, 7.330179793644522e-44)
(0.42368384235052864, 7.158933032780758e-44)
(0.6913799808288809, 5.810928211797602e-44)
(0.33194406970268586, 1.01964253104171e-43)
(0.20177685198523335, 5.718242892297196e-44)
(0.662453122068169, 5.77109159826086e-44)
(0.3300052880659822, 2.492427310979806e-43)
(0.8439770574888191, 2.5105233006616773e-43)
(0.23276116538373798, 5.354654970909288e-43)
(0.9126270850284584, 8.194329552911209e-44)
(0.9526603582070647, 6.412523716036303e-44)
(0.937035032989094, 1.3572091281851352e-43)
(0.009829657805933641, 1.9420634709466006e-43)
(0.055255705103229906, 8.621633547379771e-44)
(0.7379191421630341, 1.158254207801245e-43)
(0.30942750574954986, 1.2345850673443635e-43)
(0.9867796173588834, 5.795237963720007e-44)
(0.13704910954471752, 8.085752888883949e-44)
(0.18369712506423705, 8.344345549698287e-44)
(0.03233171377983882, 1.1492339853169796e-43)
(0.5431331709685522, 1.2884794841992651e-43)
(0.6291875030140988, 5.134640262689929e-44)
(0.3597890607627862, 7.595777481869983e-44)
(0.27643720685826895, 5.889296454506846e-43)
(0.8038739209557251, 5.116752836722077e-43)
(0.14176714855908717, 5.477516876237963e-44)
(0.5136230669150322, 5.112993441089066e-44)
(0.9996496120066374, 1.2631351429464632e-43)
(0.0043563865309087305, 4.06210139802181e-43)
(0.43174704493640204, 2.114867793711896e-40)
(0.9881613891807802, 5.573657967075433e-44)
(0.5796045425003759, 7.481578335206383e-44)
(0.33254978216780084, 9.208675503508116e-43)
(0.7607097438519106, 5.104116955836769e-44)
(0.035876682300587194, 5.547234043647334e-44)
(0.4024005602073111, 6.797243379394756e-44)
(0.2650495829915693, 5.723527357703223e-44)
(0.6041955549810906, 1.479688241672123e-43)
(0.7521662560655271, 5.39906166929868e-44)
(0.09502549355394282, 7.09261615561727e-44)
(0.6299344331454283, 5.9591605106498855e-44)
(0.32923312423529516, 5.680161016032075e-44)
(0.5530212672496321, 7.787507905795309e-44)
(0.6647675284243907, 7.17257593023827e-44)
(0.10275125166671652, 5.650446849094219e-44)
(0.5933880995793257, 2.2247337838313605e-42)
(0.16774776738958053, 5.240149568237425e-44)
(0.4157131482396848, 1.4048119838200296e-43)
(0.20501269081002793, 6.739870849948128e-44)
(0.5286291645767675, 5.039911793615997e-44)
(0.4708154724655507, 4.420804847277638e-43)
(0.20504906478624968, 1.9087733493323207e-43)
(0.4904510767907848, 1.9812095142221443e-43)
(0.8932387410773741, 1.1902591890386017e-43)
(0.7964677621327017, 8.174060007979672e-44)
(0.5202433353354776, 5.192586456395435e-44)
(0.8624228387157046, 1.995457400238914e-43)
(0.3241340560264523, 2.4273821766270363e-42)
(0.001314963522796144, 9.138268203081994e-44)
(0.5862268197131477, 6.507265518768758e-44)
(0.004937727379943481, 7.865360919933735e-44)
(0.46094270830185446, 7.538862374190038e-44)
(0.17613469870300447, 4.124451780895514e-43)
(0.6589817278594677, 5.383656603687859e-43)
(0.7133695782242426, 8.848107085265886e-44)
(0.3082761663042378, 7.455580552746764e-44)
(0.08337090090843992, 9.12726359296035e-44)
(0.60112024075082, 1.6834965938713158e-43)
(0.7610611039690883, 9.367523017744101e-44)
(0.9955949536602091, 1.2826846063562367e-43)
(0.7753519834584234, 2.960081984886146e-43)
(0.6511330255964728, 1.1137240871398748e-43)
(0.034545221502523045, 1.049846476700981e-43)
(0.2698852559815369, 9.379952983571556e-44)
(0.5685584733070289, 5.014085712617951e-44)
(0.6649547195471109, 1.2030285025032265e-42)
(0.1338340774525913, 5.091127101756132e-44)
(0.7516146111557657, 7.242072130905831e-44)
(0.5949576675700052, 5.031419800722018e-44)
(0.9956382065062576, 1.2165253449729273e-43)
(0.9025347279458739, 1.566635851764625e-43)
(0.8044698126682556, 5.575470184909882e-44)
(0.7593438866151839, 9.030029598655507e-44)
(0.23393305373613596, 1.1308569602111423e-42)
(0.8503367823439743, 1.3164128374056014e-39)
(0.40259032407658785, 5.398308361628509e-44)
(0.11989911024168858, 1.0152717360811218e-43)
(0.9161317460658194, 8.250767117445494e-44)
(0.9383528527642369, 1.355898108847483e-43)
(0.5897911439842866, 1.168726676462684e-42)
(0.7260574136855849, 6.935703903103984e-44)
(0.33934160756385917, 8.914090366202973e-44)
(0.10380398712142212, 8.36605965944166e-43)
(0.6075893952230902, 1.1653353539295388e-43)
(0.5607153800315743, 5.623817750428632e-44)
(0.7680281627872845, 5.730953433708165e-44)
(0.525700644444072, 5.438899766438631e-44)
(0.22456287630224944, 1.2259542024799092e-43)
(0.4599223167934565, 5.966134690426746e-43)
(0.983147203361493, 1.0306895251367456e-43)
(0.8182445626619163, 8.150988774390773e-44)
(0.0303962696274281, 5.068327629944542e-44)
(0.7298120685484841, 7.51724066204541e-44)
(0.8046873783203876, 7.821381142441877e-44)
(0.9154298706899796, 1.7911776486202575e-43)
(0.6650587903744746, 4.781888837963309e-43)
(0.8709159969533721, 5.126606252598409e-44)
(0.9887122185161205, 1.321051018469091e-43)
(0.710177987000729, 5.902738168731344e-44)
(0.5465565919914607, 8.518345664377545e-44)
(0.11123619147350469, 3.011020376359176e-43)
(0.5947151339192226, 1.0542044931140706e-43)
(0.5586104975014163, 3.012554465073051e-42)
(0.865455272311349, 8.146466380070445e-44)
(0.9349403238178641, 5.249518362713387e-44)
(0.5680186658276903, 8.499749576976406e-44)
(0.5984940626377766, 3.243731835679674e-42)
(0.8568499821062263, 6.094266724760165e-44)
(0.22007162932157628, 6.323945506321559e-44)
(0.842321523524975, 8.782968443072425e-44)
(0.5849611110768851, 5.061110907624056e-44)
(0.08855105074322717, 1.279338680746746e-42)
(0.07750783535862772, 6.297346613482178e-44)
(0.3429799394216005, 2.3576681908490464e-43)
(0.9809694894126005, 2.1361034516754865e-43)
(0.08916625900117837, 5.80907950867828e-44)
(0.6230565982210716, 6.984049777302707e-44)
(0.6557941601321784, 6.691025048673823e-44)
(0.4494441886488016, 1.17514215106818e-43)
(0.4946798211671197, 7.597302708088391e-43)
(0.6820189285497, 7.144913703659281e-44)
(0.14170630737093287, 5.189053670340658e-44)
(0.21171125075112834, 7.5076220222631e-44)
(0.5607768503147647, 5.115834598300644e-44)
(0.9634408215989231, 1.3155974160902217e-43)
(0.6444940390700425, 6.486529527434039e-44)
(0.47129508152099475, 9.30993172894462e-44)
(0.2381037621742385, 3.9909775219039095e-43)
(0.8551510328381905, 4.157053876829468e-43)
(0.9417236053089888, 6.848926337566188e-41)
(0.6436250630075129, 7.841718273483788e-44)
(0.4240864585381555, 7.205458607065633e-43)
(0.8623558624100535, 5.579614467473881e-44)
(0.08654855456278485, 1.590343929973245e-41)
(0.3626546819539449, 5.273453045123922e-44)
(0.11987014053993873, 1.2858458900707745e-43)
(0.07798395306376572, 5.518579436483362e-44)
(0.550501097680369, 5.426949399506849e-44)
(0.3869678647332872, 7.968126753299364e-44)
(0.6376254551882382, 8.966973506699918e-44)
(0.7783957696699912, 7.878000311106678e-44)
(0.08297310152781372, 7.529345626716515e-44)
(0.4117495171717884, 1.2383502925326108e-43)
(0.33979735761969126, 1.8922288143161414e-43)
(0.6796544728220876, 5.624192768287329e-44)
(0.7030318857545529, 5.266366957662073e-44)
(0.5091786829518075, 1.370148864915877e-43)
(0.3847607100889994, 1.4032298594172592e-42)
(0.1727866993475905, 3.5611699334999358e-43)
(0.21761677522675107, 2.5426232406228093e-43)
(0.4867609991128429, 1.405938302319761e-43)
(0.49328871396965507, 1.4083750024930339e-42)
(0.1017596441815732, 1.4175942770233488e-43)
(0.7329513169575476, 5.080163967816253e-44)
(0.26672177659538, 6.42707094644953e-44)
(0.6500260939043385, 5.363026757599906e-44)
(0.0411332630757768, 5.174692788706894e-44)
(0.11410816637359197, 8.620665261707657e-44)
(0.5422451094456893, 4.1061813440372986e-43)
(0.44252873324246267, 3.1474280475774307e-43)
(0.05070655471522105, 5.827314718902829e-44)
(0.5458797064340025, 6.35399049017369e-44)
(0.22616944266432681, 1.457062068122401e-42)
(0.45427976987376417, 1.982418925424522e-42)
(0.0150794599595839, 5.576634899473513e-44)
(0.8993835301205192, 1.301995971516528e-43)
(0.12527488715578494, 3.133960813218164e-43)
(0.8405367619634483, 7.020744737989834e-44)
(0.9571306476180664, 3.0733832161768106e-42)
(0.9011651261620021, 3.870264937606212e-43)
(0.22215667952147988, 2.014268040038904e-43)
(0.023822342915538194, 2.6367088101533156e-43)
(0.7363182858935001, 1.0391500797860104e-43)
(0.45504657540670246, 8.8018474528476e-43)
(0.9869132296498614, 1.2383761511287448e-43)
(0.7710602644882611, 5.172129132995151e-44)
(0.4433705070184497, 2.3776915191396276e-43)
(0.7683297866618507, 1.0279831188460352e-43)
(0.9408142954394085, 1.95930997046615e-43)
(0.6147065352825426, 1.1646731632853977e-43)
(0.051705007165003807, 5.040967665690038e-44)
(0.10080435392775473, 3.645186984977019e-43)
(0.16104235098645595, 7.989836653304264e-44)
(0.16252668639757367, 1.263039271379695e-43)
(0.9580907849515788, 1.0521034932700012e-43)
(0.9865486272026038, 1.5688616238982466e-43)
(0.8639635769044036, 1.4538149371365277e-43)
(0.6044127221580917, 1.365774495007394e-43)
(0.3192548755938184, 1.2774616477443149e-43)
(0.76542409037744, 8.997397189962238e-43)
(0.8260323187475446, 1.0131571376680842e-43)
(0.20759747418826663, 8.989101911435933e-44)
(0.6582860058529769, 1.1723177264386752e-43)
(0.03167911199399781, 5.85803960212488e-44)
(0.8060228618082642, 1.4143953228263813e-43)
(0.060628143911292065, 1.1482941788262628e-42)
(0.13387152410118805, 3.1364260757909465e-43)
(0.7779673930678899, 1.1077561623418033e-42)
(0.6740464955249381, 1.2718800253484074e-43)
(0.8737215401849888, 1.2183998737509632e-43)
(0.3582799970671522, 8.902043573381706e-44)
(0.7052521385754016, 1.960697694478823e-43)
(0.4692525905346994, 8.408666789236812e-44)
(0.12435135440158195, 4.781036232770811e-43)
(0.3540557686304895, 1.3131334748483535e-42)
(0.5975033621900813, 8.982110324605985e-44)
(0.5754801263823982, 1.2430843366180701e-43)
(0.999152885694084, 6.455424693805354e-44)
(0.16820036653940074, 8.728821576759737e-44)
(0.4855406758797368, 5.571433735953306e-44)
(0.48376153293291163, 6.07219465138178e-44)
(0.6588776137631202, 7.156166551586156e-44)
(0.03430335837635475, 2.391167967612006e-43)
(0.23689620909701586, 1.6436282953006266e-43)
(0.4280468724407707, 3.050023828093141e-43)
(0.45549200750952895, 9.281815843796032e-43)
(0.32450454594970646, 8.515481026192708e-44)
(0.5360047876868544, 2.532372401434895e-43)
(0.5506412844024617, 6.186223601575531e-44)
(0.36900245985913493, 2.132730517064681e-43)
(0.1524485747827599, 6.337374298147526e-44)
(0.445794197767846, 6.170235162839776e-43)
(0.8822241752763431, 9.345101252635392e-44)
(0.39042532269656405, 5.694350321903518e-44)
(0.821434759019228, 1.947551893453254e-43)
(0.8377235085253857, 8.78017210223455e-43)
(0.8226232991079485, 1.88262191055712e-43)
(0.823204591364544, 1.8566278963454466e-43)
(0.9469539863445451, 2.2559040800758923e-43)
(0.32639656426579183, 6.221902910279981e-44)
(0.323899849444361, 1.9511636782181466e-43)
(0.3168669757312393, 1.07124185727361e-43)
(0.7196952183734151, 5.712321328496073e-44)
(0.552599908391949, 6.501926128308211e-44)
(0.2550118074774574, 1.4469938386596747e-43)
(0.22041960578034042, 7.086751634530519e-44)
(0.32500418770039896, 7.1357774546469e-44)
(0.6770924339994754, 6.105240118909271e-43)
(0.7572908721324654, 5.501093191001001e-44)
(0.39502438748973673, 9.541108555249481e-44)
(0.10129632832886369, 4.1342930373341703e-42)
(0.44933456402844246, 5.983915403878443e-43)
(0.25060870196483837, 2.0837422951989234e-43)
(0.16478466892267785, 5.965434835792316e-44)
(0.1965208367460139, 2.1965188344101712e-43)
(0.03313785567416046, 3.353096480474775e-43)
(0.3305042526558871, 8.555369971182462e-44)
(0.8616998165564842, 2.7202364570063435e-43)
(0.15944551659781447, 2.2948023502271926e-42)
(0.5178883946094885, 1.0883454973224498e-43)
(0.2611768542690249, 1.2045769946996967e-43)
(0.07931673102813683, 9.91186844077579e-44)
(0.5619457033214548, 9.130369581564594e-44)
(0.40178769095742645, 6.252160939507797e-44)
(0.11763916077085305, 6.556950364897969e-44)
(0.9110929828236805, 3.162436419374092e-43)
(0.31069509375006144, 3.9790565310291925e-43)
(0.20755795505603616, 4.471354813107728e-43)
(0.5875810373203826, 4.502349490397474e-43)
(0.4534181894366764, 5.280609106709961e-44)
(0.8247970741057041, 3.0084796428867337e-43)
(0.653803604571633, 7.777032022542174e-44)
(0.1896709990525322, 7.204898153323152e-44)
(0.6484717496371678, 6.262722747180566e-44)
(0.3316812294432061, 1.0093183542034391e-43)
(0.46600043529825225, 1.729399763661805e-43)
(0.8596535341028919, 9.581563045321364e-44)
(0.36534017270178126, 2.437728796166932e-43)
(0.6797189907251053, 5.309369398948437e-44)
(0.1732224163829921, 6.001771034331498e-43)
(0.3052504397432019, 8.384301872080308e-44)
(0.3270843494350206, 1.0956165651271056e-43)
(0.2676108805318153, 5.01827165859308e-44)
(0.21853061250291575, 6.692636645875897e-44)
(0.8881203912058229, 7.671289505220606e-44)
(0.9058425502705714, 5.381206440296323e-44)
(0.944979017966189, 5.040803216772551e-44)
(0.4751537199256098, 9.261460082882022e-44)
(0.06968490355972616, 7.265875241441073e-44)
(0.6916727614492709, 1.067059469399277e-43)
(0.7240697849419334, 8.949393893412715e-44)
(0.29366445428730975, 7.188656950213479e-43)
(0.24182513300696254, 2.377768618694918e-43)
(0.051964969994685195, 2.0416059549964535e-43)
(0.48800139164525824, 1.0084438069222502e-43)
(0.714863533718495, 2.3481734637974836e-43)
(0.554558747989723, 9.712133689246432e-44)
(0.9718847919732986, 7.567478324731011e-44)
(0.2887751034910102, 1.4745221271198306e-43)
(0.48656755570224847, 1.481946497686714e-43)
(0.22250703176741535, 3.37964662578281e-43)
(0.474780938961472, 1.1760449866589613e-42)
(0.7112459800979565, 1.0325621833747296e-43)
(0.3165054192003004, 1.3772374859918397e-43)
(0.4238935035032553, 1.5694635846469093e-43)
(0.14245797833626117, 5.408189227810323e-44)
(0.019110575687660506, 1.762523675988346e-43)
(0.28191056509842827, 1.0318028339406837e-42)
(0.899603230342234, 8.240868449901847e-44)
(0.5232679901155513, 5.104516486459576e-44)
(0.01913618955742988, 1.8354413903598668e-42)
(0.16756970435313723, 1.064309132989602e-43)
(0.0703072008101793, 1.0620562863101917e-43)
(0.6084570420348664, 1.7896575435475864e-43)
(0.9230674207241685, 6.218658420656931e-44)
(0.5524685124677892, 8.225329838411656e-43)
(0.9280376868485679, 5.458988593739289e-44)
(0.10621946831170542, 8.715372387772358e-44)
(0.05231577693204305, 7.018997137173595e-44)
(0.032021678860806986, 5.962698954704078e-44)
(0.4028265801890552, 7.033139929731252e-43)
(0.9731581941983808, 1.1340401533133708e-43)
(0.983279628777007, 2.5984563948930946e-43)
(0.6336411656406586, 1.2225906989011735e-43)
(0.06790606089465437, 1.4292315404460867e-43)
(0.0745317042758039, 8.474990093085098e-44)
(0.8038915694089962, 5.053548234259519e-44)
(0.5788375616444235, 1.5387018791175297e-43)
(0.4919387631101735, 7.32728376434697e-44)
(0.5449741588271885, 5.713130781875339e-44)
(0.051923351273813804, 8.272971517597641e-44)
(0.6439501900911034, 5.146740029123146e-44)
(0.19173829535810916, 6.098240226538703e-43)
(0.11848546268558392, 2.886770382095779e-43)
(0.10520178907711995, 6.449113295951304e-44)
(0.6740603002884717, 1.2333512095804056e-42)
(0.6979820490964646, 4.264674906150027e-42)
(0.763860983945283, 6.609585561570303e-44)
(0.3257100858818895, 2.5690792037170908e-43)
(0.3761971430110991, 7.232052743239743e-44)
(0.38598973858431473, 5.433858610490556e-44)
(0.4737384220898691, 5.678786790086602e-44)
(0.35393296193721785, 7.528753035813035e-44)
(0.7889789170217456, 8.273889970648421e-44)
(0.8404297411273872, 5.3362497970490815e-44)
(0.6764286459059059, 1.4881655477437745e-43)
(0.515841182367249, 5.17279634188751e-44)
(0.24900903899280066, 1.214913026225014e-43)
(0.6482873686051747, 3.676006608773305e-43)
(0.10348284139179952, 7.978568729444593e-44)
(0.7933741664143622, 5.756654199185847e-44)
(0.8868862684742255, 5.80771042081261e-44)
(0.33319980063565585, 3.1770406922163175e-42)
(0.4801965260572463, 9.518809274345276e-44)
(0.1366204351799747, 9.358769278851001e-44)
(0.21343630301161975, 9.5862431540258e-44)
(0.7247472282018803, 3.5827158152576625e-43)
(0.7072287104661426, 5.41721369214506e-44)
(0.996483998142114, 3.5537699473778734e-43)
(0.39901773966507476, 5.969335729311253e-44)
(0.25728223842378306, 8.050930430852574e-44)
(0.93667145437603, 5.7145807467434e-44)
(0.2498781491917059, 5.446739952486585e-44)
(0.25566935985748734, 2.9345151264777636e-43)
(0.5901514788428114, 1.017620576164835e-43)
(0.6741572205802067, 1.74074900381467e-42)
(0.8297691866494267, 4.63453058427939e-42)
(0.8263142604234561, 3.3898938210402967e-43)
(0.5470619058542672, 6.699934718795632e-44)
(0.3401466781542221, 1.2098397252349333e-42)
(0.9386228834410323, 9.786227931564057e-44)
(0.6964092647413823, 1.1100814857140226e-43)
(0.42763075109670307, 2.3682302082577017e-42)
(0.8377526618917345, 5.294185772250888e-44)
(0.07343226680439499, 1.4413579542645097e-43)
(0.8431426679011368, 7.658120279157174e-44)
(0.29928813945591237, 2.3548096266569332e-43)
(0.670623642870065, 6.418784192938451e-44)
(0.6758000153755943, 7.769239195984931e-44)
(0.33334084609436065, 6.388146283182497e-44)
(0.18335199715360845, 5.795838832497301e-44)
(0.2954015039875061, 9.43424086063203e-44)
(0.7979246683698044, 7.862527336205057e-44)
(0.6623998976295719, 5.347488604019411e-44)
(0.2588222455481837, 5.175121624928989e-44)
(0.3742963135641293, 1.976924871855175e-42)
(0.490706480277239, 6.131463594091867e-44)
(0.02794282153564654, 6.776324148399736e-44)
(0.7036515116448007, 5.554494684681004e-44)
(0.5753259397705098, 5.673455146541325e-44)
(0.8306969381584884, 9.097134993528592e-44)
(0.2547667583009316, 4.358326295801212e-43)
(0.11922070867987865, 5.693195395224684e-44)
(0.4292507694929813, 1.4335225335861692e-43)
(0.31149752158838395, 1.1461301307756196e-43)
(0.258748083012217, 1.4786858985292564e-43)
(0.9193771520097631, 3.965476264926292e-43)
(0.06322833150422963, 6.608329082066238e-44)
(0.946897215514429, 5.114877868496072e-44)
(0.06090439306017336, 5.031409595653442e-43)
(0.7591606034989078, 7.585661888395429e-44)
(0.9476378446998749, 3.887404237596858e-43)
(0.8358402074773119, 6.318265834121581e-44)
(0.30107952430076146, 6.632449077801937e-44)
(0.23985757111024034, 5.6094745366502e-44)
(0.0023151683585849207, 6.96927438121062e-44)
(0.756951111251164, 6.056352228811791e-44)
(0.3834289385314197, 5.599436056097752e-44)
(0.15986642498904538, 2.8961573376808715e-43)
(0.8131708819489106, 3.3426353911843265e-43)
(0.3983857428995305, 1.031276805387803e-43)
(0.20105154597527086, 5.035967215436218e-44)
(0.928112064480856, 5.880440461914025e-44)
(0.038527592496215395, 9.144845975032379e-43)
(0.8387846180572914, 1.2461252845767201e-43)
(0.9113230438335432, 7.143401793434721e-44)
(0.15737644347974314, 5.743985660712687e-44)
(0.9349391487877626, 7.955702971729275e-44)
(0.6516501679178655, 5.89563970958484e-44)
(0.5386866493380701, 1.1196066744825695e-43)
(0.8595953497068761, 7.924958551896205e-44)
(0.8717584301214852, 2.7599849533359968e-43)
(0.6493971140246838, 9.45373758052969e-44)
(0.5846904668461862, 7.072508511458755e-44)
(0.19734968581374399, 9.534101750662622e-44)
(0.6259652345854987, 3.2002231682753594e-43)
(0.7313916127118666, 9.409656789510788e-43)
(0.2571285694989534, 7.709513471474905e-44)
(0.04071180496086925, 7.088642270808359e-44)
(0.11653147909130555, 1.6637832648294443e-43)
(0.9121406414133781, 4.782520255753201e-43)
(0.28605131456792365, 7.29962903741205e-44)
(0.4787943901146048, 9.818295168389005e-44)
(0.1071337972646897, 3.079230119186994e-43)
(0.0026456007595727854, 5.683472973678292e-44)
(0.9501983922852572, 9.041766236428992e-44)
(0.9281629896300286, 2.031589924280566e-43)
(0.16238454539524147, 1.2441105365911835e-43)
(0.3970591666967475, 1.265083831032717e-43)
(0.2543206294115095, 6.720895299691209e-44)
(0.4260411811831354, 1.3788109476282832e-43)
(0.7682835886818118, 7.486186049020275e-43)
(0.7657345135084582, 1.3596920716953504e-43)
(0.17782553623715916, 3.9148097314246156e-43)
(0.12880222516187037, 4.359152660816509e-42)
(0.9547804179679565, 7.149379324643546e-44)
(0.45132436784868524, 6.929709278635824e-44)
(0.7373506213537404, 5.479582265948483e-44)
(0.38531624592538144, 9.266942239743891e-44)
(0.2849146505349663, 5.282029566866433e-44)
(0.9226734701096063, 5.892474502165044e-44)
(0.8073513217929131, 6.562193594915051e-44)
(0.2987464445287333, 1.242587775073873e-43)
(0.5272496291231222, 4.331642527902178e-43)
(0.45072245391175514, 9.819993676347731e-44)
(0.8362996134370068, 2.881757061853793e-43)
(0.9714330039851693, 9.7782947418348e-44)
(0.47358557890266234, 1.1596700400119444e-43)
(0.6447366519567257, 1.51279244146345e-43)
(0.27548182689244327, 1.56200177140338e-43)
(0.6070659779341752, 8.431501811483534e-44)
(0.1818357926564204, 1.0795700775299567e-43)
(0.7279878873652342, 2.760458856912979e-43)
(0.44058049804474686, 1.1000985140890045e-43)
(0.7759223997287094, 1.0613163561591398e-42)
(0.9519796720404239, 1.5409976623013552e-43)
(0.7659437418234751, 2.961224830068244e-42)
(0.7096448381678158, 5.300836561297265e-44)
(0.5817575926832508, 5.661805431465457e-44)
(0.0007963572774799778, 6.86315392303221e-44)
(0.8227706724840279, 5.673145044167688e-44)
(0.014571632126737203, 6.872878020251449e-44)
(0.034340647376356594, 3.945444425833207e-43)
(0.34971997789162623, 7.280029346904644e-44)
(0.06996617279942136, 1.3627467949731528e-43)
(0.3210318587922876, 7.668037183510901e-44)
(0.473408151914913, 5.621665651411723e-44)
(0.3819137462931182, 1.1672245403047358e-43)
(0.2351831513739966, 2.8030762765642135e-43)
(0.961118585722376, 5.646125479270077e-44)
(0.3687136893710811, 6.581165198256187e-44)
(0.39153807283061265, 9.437996045688518e-44)
(0.6333504733395383, 9.034398804731235e-44)
(0.7047309129997607, 1.3775616163318342e-43)
(0.002823816087431532, 8.724185719054379e-44)
(0.608109245503697, 3.302291449630209e-43)
(0.2877722235954388, 1.2159784875644224e-43)
(0.7673998552148396, 8.053395268762762e-44)
(0.24012903606816247, 7.967580133160567e-44)
(0.8107672643572201, 1.3113154135470609e-43)
(0.3775474605806158, 1.6303433908322513e-42)
(0.8629141784080637, 4.355467536255078e-43)
(0.7525459853905095, 8.405893950956402e-44)
(0.921313051716037, 5.16780173349125e-44)
(0.17507603426560195, 1.3736916821788127e-43)
(0.40711900956215696, 1.2661052504247711e-43)
(0.33357447082463115, 8.342711614647401e-43)
(0.49411402272278754, 1.863351851452136e-43)
(0.06190666673148014, 7.686261996592749e-44)
(0.4459302354405282, 3.653473629403285e-43)
(0.8727488231548176, 1.1184812839318512e-43)
(0.6317702343806778, 6.237643514387913e-42)
(0.040349836012289565, 1.6483446128699728e-43)
(0.6460402859042906, 7.958093666529965e-44)
(0.19990231059414668, 1.8471037584684977e-43)
(0.12111825579335193, 8.343786450698128e-44)
(0.20826360293863988, 6.589955257190165e-44)
(0.7799992884106405, 6.824001852571203e-44)
(0.5443753548839764, 5.034694078228173e-44)
(0.015456216682541653, 5.458068985264741e-44)
(0.7462323235031348, 7.448722499863651e-44)
(0.30623819022765464, 9.343281352085539e-43)
(0.1857290196589493, 6.297597356284885e-44)
(0.8021343342601887, 2.8207684758067053e-43)
(0.9471905304030042, 5.278718468768915e-44)
(0.5754097709187288, 1.0212656482898218e-43)
(0.1878700679951251, 1.7559789723948903e-43)
(0.4770354513179204, 4.016113739947525e-43)
(0.7106471810558246, 8.222534856542552e-44)
(0.5212790088546723, 6.068426013465723e-44)
(0.6148111597188335, 9.005503402145635e-44)
(0.44355538791634036, 1.909084956946719e-43)
(0.3770227404851165, 1.0937569844427968e-43)
(0.9456318063164177, 1.402911988817466e-43)
(0.016809197252696383, 1.060053444032201e-43)
(0.7612638238787455, 1.7033445335560591e-43)
(0.2586303587569975, 1.0003047411126455e-43)
(0.7082736094061702, 7.542490474522047e-44)
(0.7412207362588118, 7.861314345520239e-44)
(0.11243710613654054, 1.6911654903811006e-43)
(0.47594144325001997, 5.625416091775011e-44)
(0.025315570562184267, 1.0780999033137874e-43)
(0.4157861751940551, 2.0754174795704575e-43)
(0.29670748985162443, 5.436908703732712e-44)
(0.9512498904604696, 5.316213336126029e-44)
(0.9514257460556165, 4.660161111947289e-43)
(0.9553280009261427, 4.130811181541988e-43)
(0.49584411851228155, 1.061304418993385e-42)
(0.5467570494230038, 5.53303450109683e-44)
(0.0992598398892826, 1.7333332962164744e-41)
(0.18637556368552124, 2.740253657685116e-43)
(0.9604532429201886, 2.045375153078645e-43)
(0.9794282484937549, 5.140809784337723e-43)
(0.8989550576512546, 2.0895964357899348e-43)
(0.5483562929197344, 7.235795600839529e-44)
(0.4552698689982121, 7.399384305264305e-44)
(0.9420318643182797, 5.617348370733111e-44)
(0.8669154970095603, 1.0271729146932391e-43)
(0.8415329727277066, 5.35453797571287e-43)
(0.12147253087514662, 1.4513246034753284e-43)
(0.9753237829521698, 5.179180764733038e-44)
(0.26028884407422154, 5.693434767145837e-44)
(0.29264264411462887, 7.102036425780823e-44)
(0.3598827773084921, 5.23761281253118e-44)
(0.1408350705157587, 9.382011689608804e-44)
(0.7341597814112807, 5.275683726527798e-44)
(0.07279299387955936, 2.0348709695688044e-43)
(0.27660595441692987, 1.096276004761911e-43)
(0.03889142046601259, 5.485760826896875e-44)
(0.7677048212069565, 2.3919832832534773e-43)
(0.4502317567897388, 8.307135828377028e-44)
(0.7270886330531894, 1.1961970708984522e-43)
(0.7629101913449744, 1.6738964860320732e-43)
(0.26607265202725705, 5.797230478361531e-44)
(0.17927576508314128, 9.608060810043478e-44)
(0.09372333016172774, 2.0035130602447827e-43)
(0.4849702874160214, 5.823216459167498e-44)
(0.5667097236092821, 1.528849776498012e-43)
(0.5933340740155973, 7.234080638800111e-44)
(0.6813284230466872, 5.254653586176601e-43)
(0.3299934324758067, 5.26458291084398e-44)
(0.8495866148111013, 7.978363382828307e-44)
(0.520264188986142, 5.417202713555297e-43)
(0.19342191850009657, 6.108462039220302e-43)
(0.19079405023599577, 1.1905757273033728e-43)
(0.8243926401551469, 5.139175923946137e-44)
(0.4570862510699453, 5.036611005269567e-44)
(0.26731194909047856, 2.3384533692472243e-43)
(0.7891326665392873, 8.058089509931522e-44)
(0.16496259624544318, 3.3727686161068672e-43)
(0.14030819116680981, 9.481307425385855e-44)
(0.318934248851729, 1.5571141466737021e-43)
(0.8457490763665114, 1.1563366559030906e-43)
(0.2986891138421549, 6.347441265949657e-44)
(0.6892673876457259, 7.880162755115409e-44)
(0.5311557548202043, 5.0477807626453055e-43)
(0.9320301168430083, 2.001371271849627e-43)
(0.22404146551472431, 9.082540276418643e-44)
(0.5838667545873965, 3.13112563230531e-43)
(0.46138744396969505, 3.103877557418099e-43)
(0.47615433706784355, 1.4486181213058264e-42)
(0.2956296667670817, 1.3908873093922717e-43)
(0.7137210937156199, 1.209206125802888e-43)
(0.39745842622921507, 1.272267241935369e-43)
(0.3152804983347479, 2.2072656302445033e-43)
(0.6975608137165049, 3.1308384209163447e-43)
(0.9006752063507305, 8.356095677115541e-44)
(0.8832389103607658, 1.611690297531877e-43)
(0.1941791175833271, 9.110070474729732e-44)
(0.42564529432322656, 2.321002732791347e-43)
(0.5158513585029567, 6.4721362555249576e-43)
(0.9030502209973646, 6.802193484953902e-44)
(0.6588196893106497, 5.61804294332894e-44)
(0.15268697018571997, 5.264471232779303e-44)
(0.9038207193718221, 8.305780003722169e-44)
(0.3515199588019778, 1.9935542029883933e-43)
(0.2935134312710909, 1.6799474866394963e-43)
(0.11816719583902618, 2.4176958522231373e-43)
(0.11552551997312606, 5.349793400193269e-43)
(0.2127233240969934, 1.1131692631112074e-43)
(0.8876478720798908, 2.2343991250773346e-42)
(0.28100273609680904, 1.4536137726663843e-43)
(0.3204486796364074, 5.570224245151016e-44)
(0.610249753373024, 8.504063909536104e-44)
(0.9743494607610551, 5.811139607630578e-44)
(0.36447194035760566, 7.516911500817753e-44)
(0.15420012115227144, 6.457897830867155e-44)
(0.33750171344231145, 1.430168967229829e-42)
(0.7626346544919913, 7.077416124013181e-44)
(0.24207154620827923, 1.274955783390704e-43)
(0.7034329546563939, 3.8575132393632694e-43)
(0.4406093973442654, 5.244747758444996e-44)
(0.6563017098801849, 1.262643386815226e-43)
(0.5205654845630369, 8.365176598589281e-44)
(0.08801033700417606, 2.803250388071137e-43)
(0.9523487919932904, 4.270851734811154e-43)
(0.7067601769627538, 1.705670790384022e-42)
(0.7148176881792284, 5.023037761168185e-43)
(0.24827855525162887, 5.450043416174267e-44)
(0.016144619470041043, 1.2000633324435003e-43)
(0.7035872556480844, 6.7323093941982255e-43)
(0.25015860152886565, 1.2629468721266962e-43)
(0.07033165889361934, 5.694075465185013e-44)
(0.9864899797768589, 5.0757624582011574e-43)
(0.01852887382781301, 1.1739931065941706e-43)
(0.995639804611326, 6.730176596707211e-44)
(0.7109058377570714, 1.026616255287119e-43)
(0.25554917114134823, 9.66634245253192e-44)
(0.5653059451443343, 5.35821133869311e-44)
(0.28099257739535505, 2.566700730178687e-42)
(0.9766426981464074, 7.260874467813112e-44)
(0.35683635482987947, 6.304209437975109e-44)
(0.5316550991611196, 2.002046887842839e-43)
(0.37179173141884353, 8.480030892031638e-44)
(0.9286681453972796, 5.517516828978323e-43)
(0.35527653211702853, 1.013561429438195e-43)
(0.650348140907659, 7.753073695153493e-44)
(0.04731993701113578, 1.7041473605337094e-43)
(0.4583182558696886, 1.565196126707357e-43)
(0.5298519494730121, 5.573364007122184e-44)
(0.8043038575701499, 5.223141887587729e-44)
(0.8805326659305246, 2.898242168109398e-42)
(0.9012655433726812, 1.0194171996898258e-42)
(0.46978065812793723, 7.973393155600164e-44)
(0.7175239209622197, 5.344601445564397e-44)
(0.566381921118571, 1.242370195578924e-43)
(0.8829373978743568, 5.097442436476363e-44)
(0.10353800965682217, 8.864176400354824e-44)
(0.07861543229474649, 6.272362980877781e-44)
(0.7417625805486967, 7.591406222822799e-44)
(0.5164433870532812, 6.37057893856419e-44)
(0.39840411983521445, 1.8863452900907235e-43)
(0.8235851060424154, 1.198854990407801e-43)
(0.02285482445156943, 5.678967112434586e-44)
(0.40430628833500976, 5.6979905946142e-44)
(0.49327572403174685, 2.754020837272205e-42)
(0.4921473759890593, 1.225595376522209e-43)
(0.32783769997684836, 1.5286310793772698e-43)
(0.02642622003342983, 9.543702623386647e-44)
(0.6699073035528189, 1.9639026445154938e-43)
(0.8802572340499665, 6.909436661591967e-44)
(0.6310377614141204, 1.1917405141746594e-41)
(0.19160512069314717, 1.0097037412527534e-43)
(0.14964380449064474, 9.474871171903298e-44)
(0.5898876670120212, 2.9548275754880943e-43)
(0.7898184779994273, 1.879574584436852e-43)
(0.5791416584127895, 5.408485544324473e-44)
(0.276409095372985, 2.5453448462699676e-43)
(0.4379154109447599, 1.2061595534857501e-43)
(0.6903894298733428, 1.4068226840075267e-43)
(0.20780430944463701, 7.915271160237146e-44)
(0.8833920363478516, 1.0195551222370939e-43)
(0.3962982551343205, 5.171662118213961e-44)
(0.9923654760020426, 8.860704766998002e-44)
(0.8739421189116561, 5.281104339877744e-44)
(0.5053093673216601, 6.37979936695736e-44)
(0.3615921952563994, 7.98979165217102e-44)
(0.04761345656920143, 9.60132990124381e-44)
(0.3113556937963596, 2.201176934270402e-43)
(0.10987535278348816, 8.102681667536915e-44)
(0.6794734500471098, 7.355807223381272e-44)
(0.5493585070694532, 7.241651325210911e-44)
(0.8428610056282612, 1.011773369970374e-43)
(0.8688968655183745, 2.1155208582886046e-43)
(0.6515836523300743, 5.978005385420928e-44)
(0.4345091116727626, 1.0651036545377713e-43)
(0.13966421194892237, 3.0088335553239674e-43)
(0.848776046230578, 5.261041914580696e-44)
(0.7119759193570173, 5.499942090382853e-44)
(0.48093008551386607, 6.054567127268756e-44)
(0.04327191403889337, 1.4531437685276916e-42)
(0.23823881136738922, 2.9198248658856156e-43)
(0.946481915538093, 2.811719630871808e-43)
(0.16429241201471326, 3.0354330230795222e-43)
(0.13603664891405215, 1.894875016352597e-42)
(0.22302788349328667, 1.0112755390278148e-43)
(0.826776217293369, 8.145645526139153e-44)
(0.4658514865919074, 1.925832413857785e-43)
(0.9492202991011823, 1.386825171390717e-43)
(0.3916079601064726, 2.0372864626413372e-43)
(0.9272314566202429, 6.849380359836051e-44)
(0.5390137147890572, 9.77085220150249e-44)
(0.9106603965618648, 1.0505074784840992e-43)
(0.8988959711885645, 5.274036439187623e-44)
(0.007160407951535108, 8.168516275990664e-44)
(0.07665693311606853, 1.0760248948208855e-43)
(0.5268135074852393, 1.0124328957140352e-43)
(0.9495126662393519, 5.041993954407158e-43)
(0.8831772052596305, 7.787688792821962e-44)
(0.928016832039917, 1.3394733860922134e-43)
(0.3050309294508167, 7.348363300709352e-44)
(0.5853117516005908, 7.573383450347602e-44)
(0.40058728233200763, 5.658915578386478e-44)
(0.4323684602357727, 5.796152716367597e-44)
(0.8398005097388827, 1.9549071993211573e-43)
(0.3163906463212458, 9.841203973885684e-44)
(0.47811610270109617, 5.253407706921922e-44)
(0.5938563877802302, 5.970286506791462e-44)
(0.5528485846090625, 2.112076218752516e-43)
(0.567281998260482, 8.19989037498959e-44)
(0.2897770209287251, 1.0757548239455338e-43)
(0.19999658385953653, 8.164471712970426e-44)
(0.4304146489190709, 2.0141282358742128e-43)
(0.9176637147789463, 6.080755650257183e-42)
(0.39980367951836654, 6.300374644206832e-44)
(0.0447131787311505, 5.073047366046614e-44)
(0.7211951510594541, 1.9280798737221998e-43)
(0.5894850844311187, 6.198477310384323e-44)
(0.666451213867855, 2.0672960680612585e-43)
(0.21864338941372832, 7.202746146761142e-44)
(0.19569687408130718, 1.1022752926645728e-43)
(0.4291753251364153, 6.582025167985755e-44)
(0.44930436870645013, 7.782745740184183e-44)
(0.8282586486479683, 7.823545622248904e-44)
(0.3594018410066653, 8.341328526257512e-44)
(0.08908217227660369, 6.0848955767066436e-43)
(0.45671535267371405, 1.8481830068933833e-43)
(0.9615841932007343, 7.298887360336568e-43)
(0.45697887811129057, 8.526634454577457e-44)
(0.18282474161088183, 1.0767582965350819e-43)
(0.053862280851149545, 6.888175074438363e-44)
(0.019831303961409485, 4.6352527549886025e-43)
(0.12460120305981912, 6.368537462754262e-44)
(0.9193864273807731, 3.1011799153989737e-43)
(0.27261759998131724, 2.1454876869125742e-41)
(0.7750032202882956, 2.387055913880753e-43)
(0.7960604661130144, 7.930107130340798e-44)
(0.14172258014014671, 2.3861469250972548e-43)
(0.1463285660775925, 6.649454136305954e-43)
(0.8983567765852745, 8.956188600866973e-44)
(0.4567442692145046, 7.085122949520699e-44)
(0.1117201740543645, 5.026728152006383e-44)
(0.8156887834245016, 5.74981550342363e-44)
(0.29784756404885426, 1.6625964615881685e-43)
(0.7811617149429603, 1.8588184526946134e-43)
(0.18261082045166296, 6.702305849298363e-44)
(0.15664916511855592, 9.670235322345868e-44)
(0.44975861581899673, 3.3365626120033644e-43)
(0.07064379149611442, 5.895796454043928e-44)
(0.15817157069121007, 6.859396399915295e-44)
(0.10776322982937987, 5.291175503292837e-44)
(0.7129482438161369, 1.0781199262674164e-43)
(0.3731502258725034, 8.542125962503741e-44)
(0.6375344942847294, 3.5811884388149587e-43)
(0.21726176204722036, 6.557595570232617e-44)
(0.8373764398032552, 5.952564139663931e-44)
(0.13220950177132978, 4.1065162476639626e-43)
(0.12887357288598625, 1.434141489319452e-43)
(0.49054275638194456, 5.487671104148022e-44)
(0.8665595953492533, 1.4565872175379904e-42)
(0.8533487370036871, 1.0439875368759887e-43)
(0.1508446064376673, 1.129032383815875e-43)
(0.49033206149191005, 5.990145131257094e-44)
(0.5868830142369184, 8.201990930706054e-44)
(0.7699473792165566, 7.797799510183102e-44)
(0.1705796351266678, 1.4661859686896859e-43)
(0.06389531867514837, 7.72473506112259e-44)
(0.2000633339795867, 1.0748233160092329e-43)
(0.645295918965131, 6.402001907408581e-44)
(0.9337411703135544, 9.476892179423735e-44)
(0.6155368149752307, 3.1698479162574937e-43)
(0.8588756867030227, 5.048722871219528e-44)
(0.5447583775771079, 2.0532579583027484e-43)
(0.2327225217012756, 8.002240612824549e-43)
(0.8032093149430344, 5.152803547400017e-44)
(0.2833239833587303, 5.558363294233884e-43)
(0.8103146929886693, 1.0410994026203987e-43)
(0.7953172849029086, 2.254065739188689e-43)
(0.5002644969203314, 2.7201676755148403e-43)
(0.5400124276887568, 9.09305712403782e-44)
(0.21696249495003042, 5.513110545676307e-44)
(0.39922449397520443, 4.653525601243436e-43)
(0.6096027296223326, 9.700965084790752e-44)
(0.2542691125130748, 7.027442112332067e-44)
(0.3796763607387362, 9.568097820184563e-44)
(0.40334929337284614, 5.03120400735311e-44)
(0.6544263231509188, 1.9985201440013547e-43)
(0.8124009328465519, 1.4521211536734312e-43)
(0.9676776703995521, 5.817804451140122e-44)
(0.17090197554347797, 5.929061410085861e-44)
(0.4772221617827913, 7.360780185288082e-44)
(0.8085985863018503, 1.1745943048996968e-43)
(0.8375419508071181, 5.147357518031943e-44)
(0.2450281579158564, 2.649251974196556e-43)
(0.6081340187979852, 5.691702165479403e-44)
(0.03399779088390032, 5.228436661472772e-44)
(0.951665760005752, 3.8375366087927605e-43)
(0.34153579101015613, 5.262326772003642e-44)
(0.19580391768262279, 5.443715056096997e-44)
(0.9980197571067644, 5.156214640552126e-44)
(0.2684946745550379, 6.341528750020299e-44)
(0.9875426718019248, 2.088931578831457e-43)
(0.9836957277315869, 1.887300499526222e-43)
(0.1381458254808806, 9.333564416024885e-44)
(0.37685769406278247, 1.9445671882016173e-43)
(0.526850370677974, 1.231802625007774e-41)
(0.6822929948618259, 3.2508803501528623e-43)
(0.41873440196516687, 5.38583101141664e-43)
(0.27286032271721805, 6.271137755931958e-44)
(0.8000632040072643, 7.651928390692135e-44)
(0.6104274814572334, 5.661866578321335e-43)
(0.06427558849651367, 8.06480682850994e-44)
(0.566074417842033, 5.300304640972227e-44)
(0.03335291755130672, 1.1911653551098787e-43)
(0.29900231883573436, 5.256415526610976e-44)
(0.5672405398388304, 1.3244134454834735e-41)
(0.4922630557232289, 1.2748069374873923e-43)
(0.6928023285549777, 2.9883034166600974e-43)
(0.14610446214736778, 1.8591801354417435e-43)
(0.5194750182554764, 5.402378839840825e-44)
(0.6690758119719977, 2.324167421422029e-43)
(0.8506874707932882, 1.0842698443193812e-43)
(0.8440912855214184, 6.881101331886683e-44)
(0.7948410405401627, 7.181922437702917e-44)
(0.38529942892031543, 2.93789490028069e-43)
(0.04538752463783949, 6.490134812803682e-43)
(0.38080760349228254, 1.1176969821861144e-43)
(0.27546167638452007, 1.679026332587945e-43)
(0.33343395076310683, 1.5003535331603467e-43)
(0.9266735572863871, 1.158377002070259e-43)
(0.2364427568707475, 1.4635038355808417e-43)
(0.5278974942650448, 3.618779603483641e-43)
(0.7648887216084236, 1.4948805611260231e-43)
(0.54456720443301, 5.257711110592187e-44)
(0.10053651059342453, 2.2244724196168436e-43)
(0.36668490052847874, 3.2448081913245664e-43)
(0.8177141079611776, 5.577994296517288e-44)
(0.8113494142409395, 9.460258869612504e-44)
(0.7250437240426629, 6.519124243788532e-44)
(0.08140787459939042, 6.957049434197176e-44)
(0.6550455083594612, 5.782023358661702e-44)
(0.05842877812297474, 1.6793016960537501e-43)
(0.16034306602002785, 1.0092011853602043e-43)
(0.6868846518295059, 5.271188553745058e-44)
(0.17587928265789451, 1.083112504036842e-43)
(0.6180119172435372, 6.5225112858706e-44)
(0.9720078179248263, 6.335154010218594e-44)
(0.9176440487003323, 7.623474386431344e-44)
(0.7910797477941821, 7.969731751357321e-44)
(0.8415174169640959, 1.1965800543940482e-43)
(0.7018369964299553, 6.79030971825396e-44)
(0.4510292994481148, 5.287441246405221e-44)
(0.49881141498805026, 8.964279347379211e-44)
(0.4000923416357881, 1.9279769153901957e-43)
(0.0738275889760827, 8.870349201276839e-44)
(0.1768916002261591, 6.237310595686566e-44)
(0.6118195533485479, 8.581146425015074e-44)
(0.9202359985662357, 3.089118119503815e-43)
(0.4024926006225566, 8.657478627892451e-44)
(0.377706122855901, 1.0763724509670877e-43)
(0.05419682157772041, 2.1093991012264155e-43)
(0.02874997783373446, 5.688597703280498e-44)
(0.7206355814582119, 2.210017658089542e-43)
(0.17482821701879087, 1.5237369714720635e-43)
(0.7758518490326518, 1.2111944832949393e-43)
(0.2757458671002403, 1.1626974996440353e-43)
(0.7495319596639448, 1.3632166379451743e-43)
(0.13194427665147998, 1.4151167267724101e-43)
(0.38144733002271364, 5.11005083111719e-44)
(0.9833298056390594, 9.68885330954097e-44)
(0.9394381101242094, 3.293640007232132e-42)
(0.9026583695662408, 6.627409478014057e-44)
(0.45540422389261864, 6.580312147066745e-44)
(0.2810691619339226, 7.326220827915816e-44)
(0.3698670990563742, 5.719760296583958e-44)
(0.9792088805941676, 6.214796972020648e-44)
(0.508195844800002, 6.458415561485227e-44)
(0.8984158620715166, 1.0138745834651182e-43)
(0.5142290779807768, 1.4160151095854517e-43)
(0.3482299021984447, 1.0051934976442886e-43)
(0.5623786084626856, 1.3888693345927276e-42)
(0.8962787750034615, 1.5102222275037689e-43)
(0.027077437330052613, 7.049458721801776e-44)
(0.6439705348583865, 7.666298478011504e-44)
(0.7906808848552085, 1.5708421476211667e-43)
(0.4819851322122601, 9.543607948870544e-43)
(0.6009511573866342, 7.047534578497478e-44)
(0.7133840842235959, 1.0930395366098284e-43)
(0.6291024534918201, 5.475356868623335e-44)
(0.2941138457283297, 7.860815366040256e-44)
(0.06731225296630158, 1.7487271318085206e-43)
(0.005383552015398308, 7.870209801359821e-44)
(0.5372167670709274, 1.5539890183885891e-43)
(0.33509299740527204, 2.0358144165365092e-43)
(0.44580286065764696, 1.7515980256728179e-43)
(0.17160505721521055, 7.066142622700594e-44)
(0.4476898291438859, 1.0660491373030268e-43)
(0.21161013094833586, 6.844762891737878e-44)
(0.13234334890635724, 6.964711086338098e-44)
(0.822942474556057, 2.2253748991849587e-42)
(0.640844245204882, 9.210185965806542e-44)
(0.671986976711768, 1.1951272059301065e-43)
(0.5652289769843206, 3.5807623276537883e-43)
(0.9549694237340022, 5.926901787661397e-44)
(0.26861010601994706, 1.6952624539624878e-43)
(0.15980165280768446, 5.718113069320296e-44)
(0.05471597620685556, 7.285784370912406e-44)
(0.4767011566712234, 1.2088495181771084e-43)
(0.8024865039649495, 1.5535843679595696e-42)
(0.4894480002237447, 1.1862092119304156e-43)
(0.27796610786857284, 5.149966058355396e-44)
(0.3543299211372193, 2.9648217216186827e-43)
(0.8527932424775225, 6.27998821232247e-44)
(0.7774621188920737, 1.4961920409550298e-43)
(0.048265530750516726, 1.9263020710230525e-42)
(0.05990254399026384, 1.8217609667489574e-43)
(0.9400612306993046, 7.07236066479254e-43)
(0.057196747170552564, 5.125561375740056e-44)
(0.06573728471003958, 1.3401054188899882e-43)
(0.7738742905422396, 6.046659878420766e-44)
(0.2861634416499589, 1.872649442207526e-43)
(0.5256614956880595, 1.6762526688368152e-43)
(0.4761627010634019, 6.755419176873513e-44)
(0.6280368105856659, 1.2477733397179973e-43)
(0.878240374849243, 6.11454324212652e-44)
(0.21821368500311408, 1.2735678965443846e-43)
(0.8529902664439521, 5.33831168137122e-44)
(0.6129698854490513, 4.982632774667648e-43)
(0.27850198496486095, 1.1952548149342635e-43)
(0.8416953211079357, 5.73071639947541e-43)
(0.0017163870369364133, 5.088405848866684e-44)
(0.7515896998990707, 7.025640656568521e-44)
(0.7085785060910229, 5.476671247434963e-44)
(0.9371474458324164, 6.822457818201909e-43)
(0.6731431223346266, 1.6386969816116571e-43)
(0.889836241177959, 1.4372012764947579e-43)
(0.18053376308224814, 5.664638655971748e-43)
(0.5243033361714357, 3.4415324876720603e-43)
(0.5236470830983723, 1.833799082608346e-43)
(0.3242076847812607, 1.8938310166077278e-43)
(0.0020570069031444344, 7.427092183728222e-44)
(0.11438798321253096, 5.938972724873075e-44)
(0.5961414556473391, 1.7618096850554868e-43)
(0.4061415699420811, 5.022748711446433e-44)
(0.19715868426668023, 2.2565373340270847e-43)
(0.868348090724959, 7.914699490576668e-44)
(0.312530815061495, 3.7618031457958954e-43)
(0.7623144405931553, 1.63795496696099e-43)
(0.16967219512553064, 9.178148988911188e-44)
(0.7285594332208973, 1.2239100259747565e-43)
(0.02219246724247239, 1.6889426817909412e-43)
(0.05277766245412134, 1.490755830607381e-43)
(0.9742611517602164, 1.2172543082321634e-43)
(0.8684393102985367, 7.022799502785269e-44)
(0.4901928872148563, 5.768576745923706e-44)
(0.5824524902382112, 3.3922168250158953e-43)
(0.035166396010266734, 2.626859336130611e-43)
(0.03405621777621379, 9.39572912971339e-44)
(0.47139344068399985, 7.099759475190612e-44)
(0.800657502861209, 5.862297738414288e-44)
(0.49040469450679497, 9.434292081739104e-44)
(0.8163980780405615, 9.84108584403577e-44)
(0.9900276988469638, 8.307667912168554e-44)
(0.8476761736876056, 8.657088326743602e-44)
(0.14773779736636938, 5.188870599816645e-44)
(0.29714753795280907, 1.0038796489295066e-43)
(0.45035102245229985, 5.470877902853651e-44)
(0.1189976585739343, 1.0532348801954937e-42)
(0.13929592924610099, 4.2680285528813515e-43)
(0.6790463923351607, 6.97174846883216e-44)
(0.4538128172358759, 1.977013232617197e-43)
(0.5868946464795478, 1.1948833430193842e-43)
(0.7337271617832362, 5.459500612857425e-44)
(0.4983927889170917, 1.9835504152653492e-43)
(0.30665094871034987, 1.5665318474886165e-43)
(0.9343929437320434, 9.661840193209044e-44)
(0.08625238902929905, 5.326802038766126e-44)
(0.7815004392540634, 1.5102320219281164e-43)
(0.3383671948022854, 5.9771986741445e-44)
(0.9517964194843808, 7.798065178889051e-44)
(0.3877236747689147, 9.588143501611385e-44)
(0.8263660572124759, 5.755790337186893e-44)
(0.45711607050141323, 3.0419113357352573e-42)
(0.48485980478139207, 1.0914953332620275e-43)
(0.21096331732030416, 5.852919221681073e-44)
(0.39172528989508915, 1.724474623487491e-43)
(0.4997362748517413, 5.753019666280752e-44)
(0.795267447234672, 7.796998817075152e-44)
(0.19300171756669948, 7.892629675880145e-44)
(0.3658832544410874, 1.6862657955173957e-43)
(0.6290753249961126, 1.4538877075941138e-43)
(0.4369511249373238, 9.091510814757073e-44)
(0.37492963982164174, 7.015342664404259e-44)
(0.4444014405698935, 8.709268182896236e-44)
(0.6779449154187293, 1.780308306882346e-43)
(0.8832936025930818, 5.756166966130032e-44)
(0.4808886850031128, 6.168476656838509e-44)
(0.7982229472774622, 4.080334760802216e-43)
(0.13331213639117398, 2.5571837921257845e-43)
(0.17312106045670925, 7.495942564698089e-44)
(0.7815734039611515, 5.338619823226527e-44)
(0.7123602592760758, 9.22683538866962e-44)
(0.7671041611620573, 5.716243972051642e-44)
(0.7743138846399407, 1.2669233389122634e-43)
(0.07880846392055688, 5.694358393299615e-44)
(0.020446067512809175, 1.296250895927623e-43)
(0.14794244849285879, 2.1358148204294902e-43)
(0.6452294197726092, 6.189996659727168e-44)
(0.5348538259417208, 5.718417699322073e-44)
(0.08381781935692635, 7.507737884969548e-44)
(0.7323682159262775, 1.3882174130420115e-43)
(0.022952880357835912, 6.804558093600677e-44)
(0.5720673005799202, 3.499333043856744e-43)
(0.6642135133674393, 6.733811057024361e-44)
(0.725485961787538, 5.823643815192017e-44)
(0.9074392114395208, 5.032888230384552e-44)
(0.5222110479184207, 4.908601895208045e-43)
(0.8252891336995895, 8.404648807510511e-44)
(0.07571657509773069, 2.627792159535857e-43)
(0.7331125052096975, 1.2116153409353615e-43)
(0.9506946070067619, 5.907453827604845e-44)
(0.19683428927661953, 3.284543601172525e-43)
(0.2572783060095896, 6.321262709834779e-44)
(0.7713223255281578, 6.808187574750309e-44)
(0.7489150129374424, 3.627711343521197e-43)
(0.08440642318473272, 4.050885010898375e-43)
(0.8758978524725343, 6.40703020382111e-44)
(0.4824162970553948, 2.4326160169252748e-43)
(0.5608137435165976, 1.0491038219842036e-43)
(0.31177304493059127, 1.0013233658314286e-43)
(0.12216996451952507, 5.239651138467908e-44)
(0.2866597404102398, 2.0535741165369072e-43)
(0.5203285319558291, 5.28364662757472e-44)
(0.6446173947529651, 6.769082471733724e-44)
(0.013793834892035223, 7.216517928721314e-44)
(0.26403218608079676, 5.017594716894774e-44)
(0.0980121275712829, 9.47852338923337e-44)
(0.4511391624561284, 2.2704326317195777e-43)
(0.04821315439492298, 1.1498442495757186e-43)
(0.7202883413771523, 4.511587006605053e-43)
(0.11481326732658616, 1.641451144194584e-43)
(0.285490411789291, 8.464993388674235e-44)
(0.32708091041650394, 7.297232818838639e-43)
(0.11073907800653482, 1.7782093586000858e-43)
(0.6433034925037372, 1.1267838259904387e-43)
(0.19485719910468877, 8.539874025249626e-44)
(0.905213942505778, 6.289412811994229e-44)
(0.6702281805398264, 8.089330855868274e-44)
(0.23074336752067426, 1.0088353618260232e-43)
(0.16290582917923485, 1.1334287026799672e-43)
(0.7609911594189329, 1.1391283788600128e-43)
(0.6459488970808986, 6.328600032266369e-44)
(0.22795735831450264, 1.2835981202941057e-43)
(0.29388717295323846, 1.7385705147544726e-43)
(0.24486915107555093, 6.51927149923136e-44)
(0.7959151936204129, 9.08445227037041e-44)
(0.4126960428415492, 1.2308921702981312e-42)
(0.04007577924939982, 1.0189723328527428e-43)
(0.837394966672406, 2.960410488953647e-43)
(0.9626631164240019, 9.354275645548322e-44)
(0.35123835003886694, 7.41522073841871e-44)
(0.590471072164466, 5.072060750668107e-44)
(0.4023512466185936, 9.436272235820074e-44)
(0.9207900559097721, 8.877448904839134e-44)
(0.8383516742667833, 6.278949378838481e-44)
(0.28884829286446173, 1.6407656060301761e-43)
(0.30192479850653525, 2.9820863786351165e-42)
(0.8520316845126814, 5.508543063295005e-44)
(0.23969677388842817, 1.0329617865428032e-43)
(0.2431035390283833, 1.18638780468055e-43)
(0.8328465574391873, 7.168998384562557e-44)
(0.42041232766862585, 1.0329840519027423e-43)
(0.2982124616187624, 2.2282634209422405e-42)
(0.9610885545775887, 6.943360007874393e-44)
(0.9552559139209595, 9.704242292743405e-44)
(0.5671455601602996, 2.3095039672341776e-43)
(0.15051406496561326, 5.436253473859006e-44)
(0.5802799694952621, 9.61331967349137e-44)
(0.8580446050303325, 5.423060592512348e-44)
(0.7662962242557784, 5.482744658052887e-44)
(0.5048720446736337, 6.521643937217098e-44)
(0.7338015271962312, 5.885045886067738e-44)
(0.7776803453520886, 6.716096799248352e-44)
(0.13121867009505442, 1.3011258738283982e-43)
(0.7588621414321775, 1.2002126327554417e-43)
(0.566758311255324, 6.853590922982147e-44)
(0.11120196589944438, 9.560363332400975e-44)
(0.015506676546845063, 5.343386016861701e-44)
(0.1207456110114053, 6.748119981208581e-44)
(0.7155313823416078, 8.894325941354995e-44)
(0.32416852858671297, 3.06265998052973e-43)
(0.08075506048174995, 2.1762609186465367e-43)
(0.7015635399665527, 1.061612531890666e-43)
(0.7385072902836147, 1.4180050380136777e-43)
(0.3385988807450123, 5.618142837833898e-44)
(0.5737218394291113, 5.252037917654784e-44)
(0.9324248490744917, 6.277493117867597e-44)
(0.9049237848551005, 1.2298060976314422e-43)
(0.35653673479488746, 1.9248891136459783e-43)
(0.4043764200766779, 1.2919492928619888e-43)
(0.7598665068867688, 7.955276814452199e-44)
(0.16897260747991177, 1.7571733718573198e-43)
(0.9967343244610402, 4.5298035814291804e-43)
(0.274174129535855, 9.138363288907229e-44)
(0.1155145946259071, 5.51579482305351e-44)
(0.12452212209292668, 8.322178384612654e-44)
(0.1403403761586963, 9.52471564113595e-44)
(0.04946594538267191, 7.702050061489023e-44)
(0.774873028499005, 6.418481746513771e-44)
(0.9466802314345593, 1.0138998135220843e-43)
(0.21450459970281918, 2.4377993264774336e-43)
(0.44826334138931695, 1.3518677117436032e-43)
(0.818633278488572, 7.247036003123083e-43)
(0.4677451183085096, 6.194147023256774e-44)
(0.6919628554784566, 2.714489131051397e-43)
(0.9826761454432481, 1.0374180301939322e-43)
(0.5369680497138275, 2.0035338050744405e-43)
(0.12382244241981426, 5.648447248202212e-44)
(0.964205514845291, 1.7662023070231518e-43)
(0.832299717735701, 9.6614112391306e-44)
(0.5575513281303138, 6.094543919387445e-44)
(0.2396084340745305, 1.7144017741303376e-43)
(0.7983592186675329, 6.126436718611408e-44)
(0.35234598267782524, 1.2602770097097453e-43)
(0.04230277241074981, 2.0150706000079025e-43)
(0.5630532908074114, 7.727136289539114e-44)
(0.00046819918708412264, 5.028383938817079e-43)
(0.5043191466531415, 3.203591227743986e-43)
(0.5695851043411759, 9.779830518675665e-44)
(0.015296785753749953, 1.0412666886864404e-43)
(0.4386438353361552, 8.983928077485744e-44)
(0.38105561192543813, 5.630236240223793e-44)
(0.7384738390922109, 4.222388646620902e-43)
(0.3504541643893095, 5.20646696506217e-44)
(0.36957271122309, 1.0586972847136437e-43)
(0.2648299826194248, 7.606686544582756e-44)
(0.30544049266156303, 1.9451881546325357e-43)
(0.24682456213957027, 2.5485430829097642e-43)
(0.815748904960969, 1.4299892511528803e-43)
(0.004617620219178666, 6.15935521675421e-44)
(0.5220404040487546, 1.533911514827242e-43)
(0.16156254458603286, 1.938306156965114e-43)
(0.02324490808328334, 1.3841364165279257e-43)
(0.23893479355700714, 1.599511931304338e-43)
(0.8079514029866549, 3.30715961833246e-42)
(0.43949254545499267, 6.39158847520648e-44)
(0.8043517364090629, 5.018791980211908e-44)
(0.3478274459222048, 5.333624838635634e-43)
(0.6603442436739647, 8.468867662944371e-44)
(0.44220356928192517, 1.2681738715027147e-43)
(0.8097596190022128, 1.4343289159410516e-43)
(0.37243086195072145, 2.879695664043079e-43)
(0.3328307027218229, 5.469049859411282e-44)
(0.9370459046602327, 1.1666725279032707e-43)
(0.24260669866643178, 1.7820466269769687e-43)
(0.13060652967813172, 5.322310939874007e-43)
(0.022401320074902233, 9.426895395528727e-43)
(0.18059697891968862, 6.634732303855037e-44)
(0.18910966878612284, 1.0234278542543869e-43)
(0.2766076920665821, 9.963754001234799e-43)
(0.42011085736093456, 1.0060497387510752e-43)
(0.630843965645844, 4.360567309972667e-43)
(0.5607118291322506, 6.304890254446016e-44)
(0.8226601808527639, 9.267614142963037e-44)
(0.07313191458968252, 1.937126979584056e-43)
(0.3080458810581054, 4.7336500013429046e-43)
(0.5121438137229098, 1.7022197509246846e-43)
(0.9204381815514464, 4.2575319292933946e-43)
(0.21072318968332926, 5.955347044813536e-44)
(0.25606203487081913, 7.381900000909409e-44)
(0.06223301884448522, 1.12629314988445e-43)
(0.233993102114116, 7.980833622577034e-44)
(0.9150554247977276, 5.157033680892546e-44)
(0.682771511077124, 1.668555958763961e-43)
(0.04015241044473025, 6.099351852761658e-44)
(0.9301573188790949, 7.001836163242105e-44)
(0.732082693631075, 6.368132502581492e-42)
(0.699581294479713, 1.1658773965814075e-43)
(0.5989252471740852, 1.0472281263026219e-43)
(0.591228869877944, 7.371177294312365e-44)
(0.6088883815657804, 4.292424249229893e-43)
(0.1900572679853205, 1.4557695296672134e-43)
(0.51975810021224, 7.2100234823867e-43)
(0.11845774888413481, 1.4635638528296265e-43)
(0.6455936561736663, 1.447663214543205e-43)
(0.989847200086516, 1.580238713807158e-43)
(0.11291471397328408, 9.2308160378624e-44)
(0.05265257173906532, 6.946314381634028e-44)
(0.3177378195094339, 6.059436575546971e-44)
(0.7672486066451557, 5.871119823368702e-44)
(0.43428134070038216, 5.233667476504871e-44)
(0.5082901598108996, 7.649013482966861e-44)
(0.6286041282482961, 1.7222769176037092e-43)
(0.08471152281226733, 2.347040137070678e-43)
(0.210114182554789, 5.549524939723605e-44)
(0.2157115793921365, 8.832862002712102e-44)
(0.044038201508347204, 2.2486717149851168e-43)
(0.7189221768240058, 2.010225838260085e-43)
(0.3049132308785921, 5.569501509617634e-44)
(0.37976358535220756, 1.0346952583828786e-43)
(0.2379868500666588, 5.440812172863597e-44)
(0.9863703040708277, 7.55998895289328e-44)
(0.7062761139290502, 6.64692367815538e-44)
(0.3232660909140188, 3.295977512728989e-43)
(0.8747446633037925, 9.96961469216538e-44)
(0.3568185357038335, 6.276113607566792e-44)
(0.10194719451052538, 9.269110496289579e-44)
(0.09755277343844593, 1.0420409741470626e-43)
(0.5244973024146001, 1.1245198631519814e-43)
(0.560419945818617, 8.924382417333477e-44)
(0.5280381096169247, 4.195008369107495e-43)
(0.5316435085700137, 3.0209304426321126e-43)
(0.8110800614388516, 8.944522846649573e-44)
(0.5403828559114572, 1.8360887081491965e-43)
(0.5165023463034069, 5.169789385735308e-44)
(0.2857118903464582, 5.031983199693215e-44)
(0.8131877251430054, 5.777093257221235e-44)
(0.9305172655866984, 1.0930382796596403e-42)
(0.4748942336061165, 6.414044738464903e-44)
(0.9066251144070183, 6.458089841780037e-44)
(0.9038256395131645, 5.766961896137224e-44)
(0.8358397687954938, 1.5956239542802904e-43)
(0.9263901660989305, 1.1508195768407833e-43)
(0.7549364879735062, 1.7207193038375173e-43)
(0.6804174672880638, 6.18023356972118e-44)
(0.4404881995693145, 1.5674682325779883e-43)
(0.2640107030071329, 1.1329150983173469e-43)
(0.17861217740862623, 7.16181604480466e-44)
(0.3120319808697113, 1.0924304999922523e-43)
(0.4847643966319228, 8.00535518610096e-44)
(0.5673391390783608, 7.521462939391688e-44)
(0.6978520835379444, 7.221338859173048e-44)
(0.24145904102401097, 1.0389059352938492e-43)
(0.5756944569595808, 5.109879243308858e-44)
(0.6310595572611651, 5.976041701629001e-44)
(0.46950627370630554, 9.2441862181442e-44)
(0.8127298589397265, 2.0590722792408086e-43)
(0.4755020514083233, 8.067574638073142e-44)
(0.8693910660501679, 6.780260690827385e-44)
(0.9472289991046621, 6.868715421396616e-43)
(0.30370946965367784, 4.441227058717123e-43)
(0.4284475579870389, 7.067643368769399e-44)
(0.5689507055854157, 5.201459606815072e-44)
(0.2207519572504233, 6.082447133252838e-44)
(0.4899608747684128, 2.0270964343471746e-43)
(0.04146770414477685, 2.0596667801304668e-43)
(0.5538315094284019, 5.124248873451559e-44)
(0.2699927837954491, 5.510593407885938e-44)
(0.009321142488981386, 7.064174155064987e-44)
(0.7897510803818156, 6.714450632967469e-44)
(0.9764065136692303, 9.601792411571705e-44)
(0.7459836704145093, 8.759156763507766e-43)
(0.7435799225968158, 2.9426499982448327e-43)
(0.4321655943953106, 1.117890083783872e-43)
(0.8835078268742498, 8.312926022784399e-43)
(0.14129006278240702, 4.5275653867142935e-43)
(0.4291647488353888, 9.025948776136052e-44)
(0.46855345814341226, 2.4093228087377695e-43)
(0.8968424264875826, 6.885272172041451e-44)
(0.21615376932250993, 5.682842930350079e-44)
(0.007156896660783133, 1.868843072942176e-43)
(0.6079647890716002, 1.3502118871085644e-42)
(0.6969321343070509, 6.256141319790283e-44)
(0.21994346872815518, 1.2328828736097935e-43)
(0.9244715666592412, 1.591144508824192e-42)
(0.5627124339184892, 5.305281704168618e-44)
(0.9168590142950873, 1.6032115676184724e-43)
(0.7950329239928687, 1.1255806047024115e-42)
(0.4693741070633537, 8.943022610729356e-44)
(0.9378555321162934, 8.017926794887197e-43)
(0.21412955628382702, 7.152310288568576e-44)
(0.043541117375157, 1.0139505784743711e-43)
(0.9534774661528604, 8.034550772182228e-44)
(0.4732571174736058, 1.2531448216700837e-43)
(0.11630386689241722, 3.4823689819073985e-43)
(0.5305259986030586, 6.211146585987398e-44)
(0.28117547936441323, 7.399144440671276e-44)
(0.50568071386983, 7.975198990620428e-44)
(0.7338414033893742, 1.3970699185656812e-43)
(0.8463730239014958, 6.010242443991431e-43)
(0.14003589518656925, 1.87276554238343e-43)
(0.3957436704321908, 9.720226097905549e-44)
(0.1521567358486143, 2.6040000726159954e-43)
(0.40169505869826905, 9.380893219857281e-44)
(0.2258755729163924, 1.194427709661386e-43)
(0.4087567816931056, 1.6287659596007185e-43)
(0.7138971099961552, 6.775107254633834e-44)
(0.3750959261031525, 8.211236228030848e-43)
(0.5073521471234984, 9.63917068727056e-44)
(0.6733926714473738, 2.432512456149256e-43)
(0.6814196602835766, 2.8478157860991295e-43)
(0.9036488620787304, 3.6442947905742664e-42)
(0.23007359377984998, 7.624489946643583e-44)
(0.4279947617581525, 5.120870095790446e-44)
(0.7100902114483975, 1.74825541729593e-43)
(0.8397593257154664, 9.430473174769218e-44)
(0.6708974716666035, 6.308744578967385e-44)
(0.19709613017707875, 2.489305088176971e-43)
(0.08794372453291296, 7.570214220017592e-44)
(0.2686891950346268, 6.607477787851889e-44)
(0.47178052108022595, 5.766306499450174e-44)
(0.21944932306469653, 4.614165311350173e-43)
(0.9795735677044375, 5.788438479835468e-44)
(0.225679255792879, 8.419114974840498e-43)
(0.20127870289999322, 6.996451920687514e-44)
(0.20062629742417293, 8.997691599033235e-44)
(0.11566246040361472, 1.0892539819527183e-43)
(0.2690111470812261, 6.589751741210221e-44)
(0.1588258605373593, 6.016313322950362e-44)
(0.035299557870130324, 4.128196200422259e-43)
(0.3436052182382783, 3.698628406089475e-43)
(0.7477335008026693, 1.0725412101992416e-43)
(0.47838520485316627, 1.828350476705283e-43)
(0.47296478665692676, 7.989078645191063e-44)
(0.28986041078518837, 3.464909750150888e-43)
(0.24187029378040908, 7.5139028722302e-43)
(0.7591273899533291, 8.012929024622859e-44)
(0.974602871658579, 1.6172307540570874e-43)
(0.3640928710055388, 7.817919117483775e-44)
(0.023701255931418603, 1.0629863686373503e-41)
(0.09473400367354573, 5.016175326877536e-44)
(0.1800172721975086, 1.7308788620980013e-43)
(0.32350266094618885, 2.7254787887698884e-43)
(0.25453914317311793, 6.308212157531956e-44)
(0.12668021634744772, 7.276008315606483e-44)
(0.10890379096045812, 1.1066207087539509e-43)
(0.1325477292064426, 2.12009847523554e-43)
(0.6091727836438264, 5.601099105595665e-44)
(0.30257639417644355, 7.156634631933758e-44)
(0.8433456605605648, 1.869264061407378e-43)
(0.9656168746506312, 1.2459774947400726e-43)
(0.8407372952773455, 5.761587325050811e-44)
(0.2876606244942846, 5.321349851634833e-44)
(0.3299731111402047, 1.8121385579505413e-43)
(0.7182455384700852, 7.234988790011421e-44)
(0.49225898039312443, 1.4818485064559128e-43)
(0.0749601072662543, 6.637991793619757e-44)
(0.08736486502589148, 5.600785668244233e-43)
(0.5746095453465244, 7.093785376658344e-44)
(0.645503868309814, 1.0544785241965372e-43)
(0.3737960124342834, 7.400780456828905e-44)
(0.16108252684213942, 2.060035060870116e-43)
(0.7439479093498121, 1.2130437683380894e-43)
(0.14587437625586408, 1.8709838099520206e-43)
(0.7340169484819249, 5.50440334486232e-44)
(0.986858181873047, 1.2305751557568828e-43)
(0.5742736874690011, 1.4361380068808968e-43)
(0.7170274426554283, 6.135143718355664e-44)
(0.7880326891750762, 8.412965008140272e-43)
(0.5906263254342822, 5.480300064658293e-44)
(0.3632707596111211, 8.779897338975433e-44)
(0.2562543470969677, 1.014200852120412e-43)
(0.28487030236877287, 7.731912543545608e-44)
(0.6163288267939235, 6.726457002004454e-44)
(0.29282005289562124, 2.2015342251967522e-43)
(0.043889053266878905, 2.6738381179791804e-43)
(0.28273492080101514, 1.115125347320076e-43)
(0.12193366271251874, 9.34505352014722e-44)
(0.4253925177943143, 5.873414102611638e-44)
(0.4717939023637941, 1.1800577780928455e-43)
(0.9952302798187225, 1.0196401159234712e-43)
(0.13241766481604927, 1.1602250004181306e-43)
(0.2930518527488997, 1.0880406410018481e-43)
(0.28632845030963516, 9.102262263686854e-44)
(0.4816679822643672, 2.2221287154994247e-41)
(0.025303367199361944, 1.489229988541775e-43)
(0.44060117079621514, 5.773167518567405e-44)
(0.2966784560264889, 1.8548930701225593e-43)
(0.8355335413667281, 7.090269817615193e-44)
(0.23291071062422816, 7.046559712299237e-44)
(0.695793162709606, 5.953108480377945e-44)
(0.26384181826630587, 9.464998618549205e-44)
(0.6073579408350736, 6.472857160099662e-44)
(0.6383108733957774, 9.739261895066645e-44)
(0.6027086136073752, 5.121108805672894e-44)
(0.6979556671961068, 6.331438506661836e-44)
(0.08983699666825719, 7.484025524941046e-44)
(0.891770089707994, 8.75849902305791e-43)
(0.17677645684831494, 5.567845438726706e-44)
(0.6778729201025372, 7.021943043401817e-44)
(0.07514827934087595, 1.82732603223996e-42)
(0.8074744861907587, 1.405026622901257e-43)
(0.5520051302128027, 8.81342978875142e-44)
(0.77213056044033, 5.970240176689999e-44)
(0.6523006442290331, 2.1053795798796174e-43)
(0.9927569382490161, 7.221618535579745e-44)
(0.8255061042860001, 1.701843671210806e-43)
(0.35191544420341964, 7.206210399820591e-44)
(0.023677550599301312, 5.351904265103697e-44)
(0.683539158728005, 8.849232630872277e-44)
(0.8417741777647019, 7.448218789762068e-44)
(0.2533804797018599, 1.760389253848037e-43)
(0.821728580141705, 6.125741574297193e-44)
(0.1943739856394378, 5.584879272677787e-43)
(0.9352217787908996, 1.7861475661947412e-43)
(0.7701760462823898, 3.627861305594418e-42)
(0.400778872661655, 1.6710993112828913e-43)
(0.7855535025364997, 1.0897487374296103e-42)
(0.45952363182571065, 6.424498303227216e-44)
(0.8093674787121254, 1.4558767577508156e-43)
(0.3240444454711358, 1.371118584751847e-43)
(0.2526497189352398, 6.871570999336303e-44)
(0.5816511652058511, 5.445046897459315e-44)
(0.5989082670406024, 6.963171412304187e-44)
(0.7163705787749499, 5.881597327027073e-44)
(0.16802284536112855, 6.528224221694075e-44)
(0.4167660735216874, 6.620254205206716e-44)
(0.8463215057961567, 1.0214784483880866e-43)
(0.5341940567942826, 1.7034873647877057e-43)
(0.6748001585580609, 6.001778886470274e-44)
(0.298168732778539, 9.409525490499278e-44)
(0.5899674149258299, 1.8658553772519794e-43)
(0.23354771267398758, 6.277250618199415e-44)
(0.999572898721351, 6.036252074077815e-44)
(0.45212880371674474, 1.186424642891096e-43)
(0.1579945327074658, 6.409912412591732e-44)
(0.1125313440585673, 8.562328589394455e-44)
(0.4750452743773084, 1.0887088248371688e-43)
(0.5459059369810602, 8.087584694988898e-44)
(0.6848141796689274, 3.4439170257124116e-43)
(0.33525349766331913, 6.59556944373909e-44)
(0.2563478741927961, 6.58774672877348e-44)
(0.9191761940480132, 8.107771908881363e-44)
(0.141502388222545, 6.166268332260992e-44)
(0.11080765158475679, 4.3288456697364136e-43)
(0.5375311193950159, 7.662493353969348e-44)
(0.9999123077760239, 3.5294204496048535e-43)
(0.2963353285039582, 1.1900155837605072e-43)
(0.1981258123413154, 8.477629726907694e-44)
(0.7561906923907764, 5.058121110459899e-44)
(0.27162888492273696, 5.974481877820992e-44)
(0.7111402442618074, 1.0104146491072957e-43)
(0.48724359665500044, 5.071456804707743e-44)
(0.09222926857290384, 4.6596695936737956e-42)
(0.21997269615783308, 1.2509666522763326e-43)
(0.8645525255200995, 5.363243370681037e-44)
(0.6757355395805911, 1.8329741332802847e-42)
(0.17501254069609742, 3.2331660587647688e-43)
(0.28332315896254656, 1.1464250161215793e-43)
(0.5731362058152673, 1.4179333619682143e-43)
(0.023282551026533805, 1.3565968331515038e-43)
(0.9645948325857762, 9.50707033153562e-44)
(0.22200758168312934, 7.600180629884455e-44)
(0.6803259516014187, 1.4020265291866933e-43)
(0.7494603615568701, 1.860080412992305e-43)
(0.6313032568113883, 5.477831856925321e-44)
(0.6234095202735759, 3.3958633619369947e-43)
(0.119538765452654, 1.860020895140296e-43)
(0.9087036842940444, 6.804558441439108e-44)
(0.3873709777423636, 6.453554376029169e-44)
(0.9434959305861484, 1.706360085691902e-42)
(0.8638268805519386, 8.022876816828933e-44)
(0.05008067844350136, 1.3102843768308105e-43)
(0.6598292883467829, 5.301584978481827e-44)
(0.6069265935453123, 4.900840120378105e-42)
(0.443226437781307, 7.749746624879388e-44)
(0.9801700352003737, 3.570084969199756e-43)
(0.9068463265011014, 3.241702568250311e-43)
(0.13670362526059335, 5.850123494093145e-44)
(0.497077640444087, 2.2040320809231258e-43)
(0.14257055335281935, 1.0720561348156884e-43)
(0.9553715756150374, 9.324892562529297e-44)
(0.9283891846739275, 7.721361063887195e-43)
(0.6435412197679116, 8.075800469814061e-44)
(0.9902165219303375, 1.1639532663382543e-43)
(0.9884780391614028, 1.0018634001602835e-43)
(0.521531556699534, 8.872467688909437e-44)
(0.6003626165142415, 7.966570858565251e-44)
(0.35244041260321496, 1.08604690077229e-43)
(0.5547111919260768, 6.709262162855398e-44)
(0.36979715347652725, 8.489875691719167e-44)
(0.8948547612437786, 3.803702560351891e-43)
(0.6094426133445322, 1.5434562417051623e-43)
(0.8068518963735833, 5.881194841891444e-44)
(0.6803283288361403, 7.251812050283368e-44)
(0.43706722838650985, 6.511026378998868e-44)
(0.49766332594846435, 4.938879031913174e-43)
(0.589142721647104, 3.0003635003349184e-42)
(0.10830419934929178, 1.0053030221381615e-42)
(0.9529474349080846, 8.177579164060133e-44)
(0.2707692351867167, 1.7329756377934357e-43)
(0.2414098764477545, 1.4502847142311846e-43)
(0.2132827460405684, 8.913140162242045e-44)
(0.8496555651973503, 1.4580213091326906e-43)
(0.908091111021048, 9.44275647643519e-44)
(0.7422327333552214, 6.932426887189769e-44)
(0.05544236978174302, 1.9180258363339114e-43)
(0.23647001074760957, 1.8077718715582147e-43)
(0.5988854666169455, 4.4781122383128334e-43)
(0.6360443675646879, 6.466205073855793e-44)
(0.46602645985206625, 8.743541498583629e-44)
(0.08374526112429093, 1.4273834152654267e-42)
(0.6837114538055913, 8.146679149757668e-44)
(0.773367888097357, 7.022507726816356e-44)
(0.13737739883733788, 5.419399538344333e-44)
(0.6813430451722443, 4.454926849979854e-43)
(0.34544790194863345, 8.589635239038405e-44)
(0.1470603091387854, 2.1005135087621496e-43)
(0.6027483758573985, 1.7097429249430508e-43)
(0.6341128939018533, 6.842022602005502e-44)
(0.43456109489853884, 5.645057627286857e-44)
(0.8551919979783267, 2.2804341208911784e-42)
(0.7752768626452355, 1.8397648606416586e-43)
(0.4439098135390434, 7.794179254778268e-44)
(0.7440321875080503, 1.2049404325424937e-43)
(0.16477538514217047, 6.053630727877363e-44)
(0.053142793911900056, 4.090826787450875e-43)
(0.7705326682843612, 1.1672354579366561e-43)
(0.5183169107923695, 1.1127946090247494e-43)
(0.32069083905974943, 1.5925281365365369e-43)
(0.9749459904399046, 8.575029970661948e-44)
(0.7973071259407727, 2.021552094257838e-43)
(0.5542494278901438, 7.322725661877451e-44)
(0.26781640620025987, 1.2467045499504748e-43)
(0.5438239060432407, 3.108143277147966e-42)
(0.6497404745993633, 2.9975394182621355e-43)
(0.7857830322219181, 7.625038099183603e-44)
(0.8264097672948565, 1.994263833002414e-43)
(0.7067395301344406, 8.179290070444118e-43)
(0.03210664213657946, 6.957096564922576e-44)
(0.585081425196359, 7.303957872677417e-44)
(0.4484141986619569, 6.031768214977125e-44)
(0.46251073838520523, 6.3114780784915274e-43)
(0.9499826605818842, 1.1819985198995357e-43)
(0.5284713020761858, 1.5452881917869472e-43)
(0.8213465727604243, 1.0325471583805096e-43)
(0.3198710257345814, 6.829692850881887e-44)
(0.032439735435488136, 1.3783087365303246e-43)
(0.8123266348166027, 8.187343898304515e-44)
(0.6604175769622794, 9.757842345472499e-44)
(0.05442550769235133, 1.0617852038758578e-43)
(0.5616913519365895, 1.1144085404039996e-43)
(0.5827946070003006, 2.9549011636025892e-43)
(0.9164974219209644, 7.555634330931203e-44)
(0.510937861178059, 6.863552912326547e-44)
(0.1620592405961339, 8.746534414615778e-44)
(0.18251202527104035, 9.826448591765277e-44)
(0.19009363631977524, 1.0733180767451477e-43)
(0.06249523014686713, 1.6125784541070485e-43)
(0.08431004732453254, 1.3888035638471204e-43)
(0.9201482091089537, 2.474322194150537e-43)
(0.09344734963142513, 2.1365978199430368e-43)
(0.2672559350300009, 1.2826021799261017e-43)
(0.31415602630249095, 7.060931675764544e-44)
(0.9935539659107424, 1.2880431607969202e-42)
(0.4943402176766316, 8.62087973710252e-44)
(0.07795887996584647, 6.002801678302134e-44)
(0.8375007900031843, 1.3815796933345772e-43)
(0.3902436445825574, 2.7265502341142955e-43)
(0.8336584349596985, 9.518070234980927e-44)
(0.4551210460023179, 5.354417027486992e-41)
(0.7774497660588209, 1.0418508467848355e-43)
(0.7071944041257952, 7.383901980111224e-44)
(0.5763330520188927, 6.156466231782144e-44)
(0.26539035309981773, 1.1600669591814963e-43)
(0.6363710986535206, 3.3496182337826837e-43)
(0.6202533168929156, 1.7491434655324958e-43)
(0.4585043354705961, 1.1716305812058036e-43)
(0.106429665780049, 8.371325626191906e-44)
(0.5422694302223879, 1.5543870548042917e-43)
(0.8697984983259284, 6.826539398408666e-44)
(0.3091810547317055, 1.8410931243566757e-43)
(0.7900561577800166, 8.321496037621597e-44)
(0.7843698394198073, 8.647404686196499e-44)
(0.4655117174330249, 1.0256409557220161e-43)
(0.9034494412444835, 7.227133774811517e-44)
(0.5983835848588195, 8.588157969992628e-43)
(0.25508257418608205, 4.591241106240399e-43)
(0.35267728454204755, 2.0967955013092443e-43)
(0.879436675425002, 1.5748330148589363e-43)
(0.9618787638845057, 7.595797621863084e-44)
(0.19674078855802135, 1.5147590411389207e-43)
(0.041098791286846875, 4.191186129958892e-43)
(0.9870217192241035, 5.497824462643155e-44)
(0.6697027308107092, 4.085485502589748e-43)
(0.5931371301220573, 1.2081608315875756e-43)
(0.33460282850860673, 1.6447178745928696e-43)
(0.5518531302141196, 1.688059613037527e-43)
(0.13232942803188427, 9.834722765486312e-44)
(0.7558901772838101, 9.009923430293256e-44)
(0.7164268778276713, 9.491970188996895e-44)
(0.6688657887556706, 2.762390557784288e-43)
(0.6508116092234357, 1.033611152029446e-43)
(0.7622157277190181, 8.000920885306299e-44)
(0.269850770891539, 4.014128574042898e-43)
(0.9057945406198273, 2.2211770946935236e-43)
(0.22166095832927918, 1.723071475794514e-43)
(0.18131233584274456, 1.8899831887095478e-43)
(0.5653789310285529, 2.2375251726857585e-43)
(0.8582633277578846, 1.1536189325752104e-43)
(0.747336517265882, 5.440297583412921e-44)
(0.013026545818215097, 2.6827041561689377e-43)
(0.26802438055969663, 5.036637116775431e-44)
(0.06328826754833494, 2.567747565580986e-43)
(0.7485610242250613, 1.77230303237636e-43)
(0.27066724555533533, 7.250458198317037e-44)
(0.06284361368757956, 1.0835754817755701e-42)
(0.02508795649102977, 7.041961670147277e-44)
(0.061878229338395936, 6.130828982507291e-44)
(0.8518994462068149, 6.05261669425715e-44)
(0.033645393155579864, 1.3062158481824445e-43)
(0.1395493721109877, 8.211317738442833e-44)
(0.12149067650694576, 7.308684971677424e-44)
(0.25637560636915896, 7.203766128147078e-44)
(0.933779515785724, 5.858519946033426e-44)
(0.4491109861878649, 7.56826828385276e-44)
(0.9964123417502333, 7.67547925175452e-44)
(0.5091443956107012, 1.034397136646102e-43)
(0.8613464878178518, 5.239937759844083e-44)
(0.7603879482553577, 5.127809835912912e-44)
(0.0521229042272552, 2.979615684861673e-43)
(0.38978502413757177, 3.059544268667041e-43)
(0.7374439615558882, 3.0547243247109602e-43)
(0.738516404351943, 2.7704203624020695e-43)
(0.6311749979384659, 2.1730345709032166e-42)
(0.8710703383499727, 2.718175812889784e-43)
(0.20638714286509194, 1.462283322500083e-43)
(0.13837231913859807, 3.957382905830579e-43)
(0.3670736551326084, 7.996900270143834e-44)
(0.1706908589586506, 7.749609603116603e-44)
(0.6581673968442138, 1.6935637768135948e-43)
(0.9786047353400668, 9.58059538443656e-44)
(0.30758454080823655, 1.1562568983006986e-43)
(0.5732845476915092, 1.1550941848791877e-43)
(0.8215356174497277, 1.9652610950976236e-42)
(0.9807811312205817, 3.619259106393821e-43)
(0.04189109164612536, 2.8470381613096916e-43)
(0.46448424508200237, 5.264015799443237e-44)
(0.0895018967399202, 3.337181824545645e-43)
(0.9431147791463934, 2.1996435521634536e-43)
(0.23324118035711972, 5.018442665488129e-44)
(0.144613614327672, 1.076650815527325e-43)
(0.5510770892485697, 5.510090028655e-44)
(0.004345999986901085, 1.5522522555264273e-43)
(0.4289884486902026, 8.638978521896201e-44)
(0.15126162187013123, 1.226073871316874e-43)
(0.3387000621710542, 3.80334243677531e-43)
(0.02605662214205047, 1.0200402673714076e-43)
(0.5744330607352287, 9.915413473664927e-44)
(0.39546727225632494, 1.2915562493265238e-43)
(0.08000674330398891, 1.4062823652347745e-43)
(0.8236234260185755, 1.276127182874541e-43)
(0.540065834887877, 1.4529026272095438e-43)
(0.35826117168305965, 5.028092239479184e-44)
(0.8806327665780171, 5.518050849059348e-43)
(0.6246410392016098, 4.157838766514012e-43)
(0.9526389902162344, 1.5332042787115168e-43)
(0.27728624423393494, 6.747969751313182e-43)
(0.942882511101069, 8.504443873019553e-44)
(0.38057463785586154, 1.0263226145924735e-43)
(0.85800996047653, 5.301757811503788e-44)
(0.43547823721528406, 1.2918950426957038e-43)
(0.09978627823817063, 8.061345462999347e-44)
(0.9890482176978244, 5.467566792862639e-44)
(0.9015388860705592, 5.731772315953396e-44)
(0.48460453860781477, 2.2629557828461623e-43)
(0.2814530635486581, 1.7717871038781474e-43)
(0.7009625167665379, 3.0223802773764517e-43)
(0.7063085601457944, 1.1129348590380313e-43)
(0.5719161750900341, 5.372080260108983e-44)
(0.5830176256970179, 5.76952322192185e-44)
(0.8075645672665989, 1.0396136658275229e-43)
(0.18300448319588863, 9.671537562410107e-44)
(0.6396535859771142, 5.292231545014246e-43)
(0.08569597006587286, 6.117967723929856e-44)
(0.0835925495267499, 5.867730737476877e-42)
(0.1613795405649201, 5.391832029521812e-43)
(0.15478926121738124, 1.3571329313310469e-43)
(0.4632671934692875, 6.610281614445758e-44)
(0.7434202734170098, 7.750293542565874e-44)
(0.7427753614982084, 3.2144444068264784e-43)
(0.1887925668537482, 5.539742853878936e-44)
(0.20949108354744828, 6.549328379160217e-44)
(0.7319709901648723, 5.427504969582835e-44)
(0.3826223759161865, 7.268207323841976e-44)
(0.08617652948760121, 8.216122437427785e-44)
(0.9012274563199187, 1.7123751520216082e-42)
(0.5842503981580685, 6.811257742700238e-44)
(0.6260797350448903, 8.66849202855965e-44)
(0.26444879126640053, 2.9847895344082406e-43)
(0.7609274549276167, 1.802276849818488e-43)
(0.8524207073625238, 7.942074824821865e-44)
(0.28100910111640093, 1.1079819614221496e-43)
(0.5189181289649483, 1.425118327359683e-43)
(0.571493734102866, 8.185228856187156e-44)
(0.6585076478676888, 1.485159671504321e-43)
(0.5829299429110544, 7.866432121001044e-44)
(0.6299662998187415, 2.585382513251283e-43)
(0.677562247572441, 1.1266760121451934e-43)
(0.9046854183372427, 6.705066421311147e-44)
(0.18943655661995543, 5.076423101721068e-44)
(0.41985003913198304, 6.478432992033082e-44)
(0.11490866234095927, 6.078193678422827e-43)
(0.5135281975379165, 3.5184176041422333e-43)
(0.024308633486898885, 7.1874379972988e-44)
(0.6819569145054222, 6.424665528587376e-44)
(0.008651592593547211, 6.327241690758954e-44)
(0.4843919052867852, 7.627974726657131e-44)
(0.04123820884855907, 7.700925099639935e-44)
(0.8085800598547707, 6.482624142304055e-44)
(0.47407485125636817, 1.0021914057753412e-43)
(0.13471396898000518, 8.007247914478977e-44)
(0.7146955069338358, 7.252080085895636e-44)
(0.6829971325832301, 8.277281892833799e-43)
(0.6560032573815577, 9.383779532041635e-44)
(0.4844125279179588, 5.576542565937854e-44)
(0.3398546697326707, 6.366116777928052e-44)
(0.3147050265445828, 6.148935754884989e-44)
(0.06740354645824811, 5.673125558288405e-44)
(0.7249714856052131, 3.361737038436545e-43)
(0.42745163063134617, 2.539259515478652e-43)
(0.13149209501920178, 7.026691262481331e-44)
(0.936775924427707, 6.602865738934082e-44)
(0.28337101642629603, 6.959712855517753e-44)
(0.4774178161452127, 8.65217769808331e-44)
(0.32885066733852997, 9.235526502840393e-44)
(0.15590736042243256, 1.173071938539599e-43)
(0.860849841348315, 2.3769950676226103e-43)
(0.7373767703914631, 9.114962485697827e-44)
(0.638207390758013, 1.2122023807807579e-43)
(0.46014604700491524, 1.2379639769792363e-43)
(0.35862271510612553, 7.6976506596564e-44)
(0.7904605171251016, 1.4936915890235969e-43)
(0.2222028806943444, 1.1355341859787966e-43)
(0.005601693064686471, 2.580949154219438e-43)
(0.43789981021031643, 1.983816518381401e-43)
(0.6087033905136913, 6.726870470107279e-44)
(0.6661041126686291, 7.510665703380524e-44)
(0.9543069559783045, 6.920174367052048e-44)
(0.18752222159380572, 1.9624839805937796e-43)
(0.354124632134155, 8.604153008812372e-44)
(0.22427415761653527, 7.172810920137999e-44)
(0.4230151729775707, 9.199627384732065e-44)
(0.9161160514389118, 9.408605418080204e-44)
(0.7610684852116741, 8.859022845724208e-44)
(0.9554102795828457, 5.309241885218286e-44)
(0.38768893368227825, 1.1106192932695753e-43)
(0.15782761330894463, 5.18297591996974e-44)
(0.3915360162871503, 8.046239686391553e-44)
(0.535758351869719, 8.657777177889548e-44)
(0.24081466194826576, 1.1181932261161187e-42)
(0.4172010783980796, 8.100516469528445e-43)
(0.6499159636494231, 3.866616809566501e-43)
(0.8171486719179198, 1.0284195074301104e-43)
(0.68458294635044, 1.9107962284641424e-43)
(0.6352546596692324, 1.1978776717885014e-43)
(0.04650558657997902, 7.788906291237922e-44)
(0.5323423199787297, 6.677443091649303e-44)
(0.6862230428595165, 1.7544216958955983e-43)
(0.006718593813807426, 7.110765808851857e-44)
(0.06836313151675744, 1.1185878284525282e-43)
(0.044174746956249594, 7.903109569792959e-44)
(0.26106184979302893, 8.490810762819509e-44)
(0.20110060242572186, 6.959280929023894e-44)
(0.47766308086336834, 9.266147710920155e-44)
(0.8453956471507316, 1.4871200043753914e-43)
(0.6869545263938049, 5.839015137862392e-44)
(0.9503474369283728, 5.750271201858561e-44)
(0.5311537222923148, 5.04471570383995e-44)
(0.06330226164347108, 8.56731731012653e-44)
(0.25444083451338917, 1.0033541321560923e-43)
(0.9473948487798182, 4.467969002546771e-43)
(0.9744253471326968, 6.218263299428512e-44)
(0.6922829804028798, 1.1267267000821264e-43)
(0.2552580423024402, 6.957031847672162e-44)
(0.6053182484054253, 1.228922297291477e-43)
(0.5646009218890022, 6.881460113700772e-44)
(0.9342209134798237, 5.59225499072851e-44)
(0.9415017916597603, 1.0141601515642386e-43)
(0.8388112950141534, 5.607039672547139e-44)
(0.349759388629107, 1.42134642598796e-43)
(0.7295183656131577, 2.475728817302685e-42)
(0.0064169467513297, 5.717979980304266e-44)
(0.38401241237155237, 6.534040177106788e-44)
(0.4922196612847588, 5.307339112820782e-44)
(0.5789003961923641, 2.1961397662488965e-43)
(0.38323735020123234, 5.962243388829059e-44)
(0.2982400100020851, 7.668828826328992e-44)
(0.3034300453279038, 5.135060144534072e-44)
(0.19597446068733979, 8.734730831142634e-44)
(0.07890734039937561, 6.296250011912671e-44)
(0.25836203393400187, 8.291367827121237e-44)
(0.7635491861495719, 7.056877603230448e-44)
(0.5968310318474932, 5.047492170916458e-44)
(0.24726970550214597, 6.494175847307484e-44)
(0.7071263920323396, 8.944806607121339e-44)
(0.07327506127584124, 9.82022384509695e-44)
(0.012176420946570385, 5.278436881266519e-44)
(0.7639504908863578, 4.804917962277013e-43)
(0.274813199897307, 2.1661703135281905e-43)
(0.031508491087635995, 2.4649414006258522e-43)
(0.5960549994103929, 5.058242332782281e-44)
(0.5207401382686835, 5.105672548099489e-44)
(0.7357180456308252, 8.006365480390561e-44)
(0.9314492925431028, 6.432350254584328e-43)
(0.8835558542250844, 1.0184153608110144e-43)
(0.8919596461174397, 8.29845179671984e-44)
(0.11524787083365434, 5.212442877772904e-44)
(0.03554274547560498, 5.200812708551149e-44)
(0.5636100180005305, 5.827659936392048e-43)
(0.41469767489899234, 1.7469023699081681e-43)
(0.821471561045604, 6.093470008480893e-42)
(0.19318792334177848, 9.89451836393909e-44)
(0.38987075096187357, 1.5713110090697465e-42)
(0.33997214483626254, 2.879474340536134e-43)
(0.46052620341098394, 1.0461594115273377e-43)
(0.007150939866529157, 7.512103625147123e-44)
(0.1154968236179364, 1.0425465845391247e-43)
(0.703456564148803, 5.660459379601761e-44)
(0.5147012908915182, 8.145516013818504e-44)
(0.030967397846498892, 7.051501661323213e-44)
(0.08289112840241533, 2.8885700086112147e-43)
(0.7565087790181442, 5.689813714796407e-44)
(0.8685355280039913, 1.2987903225033994e-43)
(0.1211091218346512, 1.446553097223647e-43)
(0.08638511662258026, 1.0925530437180895e-43)
(0.3785045177176006, 6.475557766037935e-44)
(0.7615183792426988, 1.4954930714004979e-43)
(0.6875766296357192, 7.926256505624462e-44)
(0.7986948752802286, 2.44050882458065e-43)
(0.4102885203730094, 2.265988679643799e-43)
(0.2232888380485909, 1.987653524237086e-43)
(0.6165817625177896, 2.550713392564281e-43)
(0.9479877488638573, 5.2793042378e-44)
(0.4546010344984409, 6.077192681390397e-44)
(0.7789437338249031, 1.1184939242971611e-43)
(0.7219742479617068, 8.48729779178617e-44)
(0.7625401937457077, 3.6615044438731025e-43)
(0.6140376216213549, 1.2444134790277392e-43)
(0.1924941230124199, 7.741479388430919e-44)
(0.9994243311126227, 1.4525909265581946e-43)
(0.7302967920996047, 5.20273993531458e-44)
(0.21412217544624496, 5.531519243351629e-44)
(0.37198051360291, 7.91154547408911e-43)
(0.29408297200226585, 3.842396738363408e-43)
(0.3638007989267722, 1.1458212502356685e-43)
(0.42509531339752527, 1.460540691972956e-43)
(0.6968665840245536, 5.94698776171783e-43)
(0.8485876654882681, 1.3216880119923012e-42)
(0.820208100608504, 1.7299908203549338e-43)
(0.968548128095392, 5.958278668630725e-44)
(0.895839042762363, 7.991685963960696e-44)
(0.5299350977064238, 1.2276134702561039e-43)
(0.7208732885237157, 6.74023351451346e-44)
(0.4130295130103868, 7.821735036465058e-44)
(0.6210381725981903, 7.227221156467188e-44)
(0.25219272325172776, 3.951890094531147e-43)
(0.13276668139449616, 6.966133479418133e-44)
(0.8695954205923557, 7.124082303208569e-44)
(0.029925671141796655, 1.0800409439454892e-43)
(0.8395493762446536, 2.6304258028933507e-43)
(0.37089282987624356, 1.8672669982054774e-43)
(0.8940181347607665, 4.714116339408401e-43)
(0.14481284615799148, 2.1908642881405227e-43)
(0.585228715801534, 5.977555213853996e-44)
(0.9894733723576847, 1.288409063324979e-43)
(0.9205880271887696, 6.127261099145686e-44)
(0.5905359029522091, 1.0969062103132243e-43)
(0.10113309799134215, 8.525136823694772e-44)
(0.018847162426454192, 1.5876812713984285e-43)
(0.6598917931037871, 5.304084293255306e-44)
(0.16077004756384675, 6.204000418416154e-44)
(0.8054648642927624, 3.5132430935479918e-43)
(0.545630313855975, 1.0836068759531456e-43)
(0.8988356216893687, 9.939623670491823e-44)
(0.5428230416181142, 1.1025644856179383e-43)
(0.3119926412150303, 9.647428391888157e-44)
(0.9649346776783702, 7.255185691198701e-44)
(0.6710953746407154, 2.349294151840601e-43)
(0.5415978425219111, 5.298094418324369e-44)
(0.5307465446414205, 1.6051743745802126e-43)
(0.6277393213623572, 5.3990008016001e-44)
(0.13442971350419525, 1.8299856865690398e-42)
(0.24451087893958176, 2.936843216593615e-43)
(0.1268693006977813, 1.6911071287595682e-43)
(0.6686149015280773, 5.381448857309477e-44)
(0.31215415400104907, 5.838313622747529e-44)
(0.3765854497871748, 7.524874320016922e-44)
(0.47012214224087095, 9.181890273617997e-44)
(0.5732771850991013, 2.6522686967407047e-43)
(0.11749200195064215, 8.868451976195876e-44)
(0.15502021608604524, 1.1134642631694344e-43)
(0.6468992762661346, 6.946002761954404e-43)
(0.312588998079988, 5.564530858958357e-44)
(0.23772420482346204, 1.8553371463208596e-43)
(0.07544349326878826, 2.5999472291218414e-43)
(0.49505144345487656, 1.363306670169896e-43)
(0.09765750068711306, 1.049430841263569e-42)
(0.2830370604532715, 1.936409129270992e-43)
(0.1655571833311187, 3.132869404925361e-43)
(0.5026004277855922, 3.859744568621933e-43)
(0.3436603192244671, 6.417079372323888e-44)
(0.46034300472597517, 2.5179724856890715e-43)
(0.8093056664232758, 1.932200625371396e-43)
(0.7016476398690188, 1.0003809815764071e-43)
(0.40557172144500636, 5.334841169669727e-44)
(0.0809750782550586, 5.476055195011504e-44)
(0.6806402875364177, 1.306917339007724e-41)
(0.7766796276292843, 5.965594220686437e-44)
(0.9439539494806183, 9.754732496479e-44)
(0.4622401390351014, 3.491021073456637e-43)
(0.5371992414354627, 5.769337287582741e-43)
(0.4930112822978268, 5.372580986746567e-44)
(0.7973854218077835, 2.400128351523935e-43)
(0.010586281001629207, 5.10708804433384e-44)
(0.3254726342871645, 1.1608860434384982e-43)
(0.7984692665051267, 2.198584877602569e-43)
(0.8778903156205486, 2.4193330645482342e-43)
(0.17300007541682563, 8.394227471384685e-44)
(0.6254556446595095, 5.692754338307103e-44)
(0.42501859191841385, 5.922270633514075e-44)
(0.9105354180202545, 5.902219802322194e-44)
(0.17577210242647368, 1.2369045525424787e-43)
(0.05253069071661366, 1.4134275792883108e-43)
(0.6798807057823815, 1.536041725889533e-43)
(0.4838388938040102, 8.783508710485793e-44)
(0.11577112742584741, 1.6895292858525255e-43)
(0.6982852944392691, 7.047239784908018e-44)
(0.7262698030257392, 1.4603863458777555e-43)
(0.22486637020910508, 1.4374580326449584e-43)
(0.06655038986354227, 7.260025418103201e-44)
(0.6289937578949425, 7.41195778076429e-44)
(0.5306807699307886, 1.6893824713108296e-42)
(0.3686283609901616, 6.820087632188314e-44)
(0.2885044623935553, 6.912628026175179e-44)
(0.5467731137924978, 7.735318767054433e-44)
(0.37628609939040525, 8.298790818155497e-44)
(0.21278962016918673, 5.161314837419038e-44)
(0.2547422776016823, 6.415166095645058e-43)
(0.08441787668401267, 3.5380440858597015e-43)
(0.25639575943569226, 6.534571932122069e-44)
(0.8668596467714937, 3.3915681806247017e-43)
(0.6287084907472673, 3.2176693846167238e-43)
(0.34565235984347153, 1.0046564041694712e-43)
(0.21089982882712066, 6.283492733597381e-43)
(0.5103287169321995, 5.765666872423043e-43)
(0.1261537234637336, 4.1635227018325466e-43)
(0.01977311839720962, 1.1277843853997754e-43)
(0.43788680432244564, 1.2322361052621677e-43)
(0.33890312088264685, 5.781945623838497e-44)
(0.1554284717180339, 5.17974248269761e-43)
(0.8009546682653566, 7.263923124743398e-44)
(0.5890485266301232, 3.0603253195085257e-43)
(0.310301336281708, 1.7638775529688135e-43)
(0.32692899891210403, 5.508999841845246e-44)
(0.30789867855118874, 8.966918745957604e-44)
(0.9554376051761289, 1.3561085604130734e-43)
(0.6808000236281586, 2.22662861619458e-43)
(0.12569103851727248, 1.3888889730146076e-42)
(0.3506821914371655, 1.7696585260410537e-43)
(0.2803375958507124, 3.108504427270897e-43)
(0.3837964830244129, 7.591677536565535e-43)
(0.7072409649466254, 9.254882400994641e-44)
(0.9051837313524588, 6.107039745420643e-44)
(0.9535226435297894, 6.84756604935168e-44)
(0.25920960352518374, 6.545297782722067e-44)
(0.19895052231436847, 1.0734576529850357e-43)
(0.5066399518881408, 8.565552812981909e-44)
(0.6165659374128716, 1.818109854676375e-43)
(0.9109897375679209, 5.063624568417204e-42)
(0.5258768842211173, 1.91618194436467e-43)
(0.9865784207169532, 1.1994262454725154e-43)
(0.1816539928603371, 6.526970145421264e-44)
(0.3246295224634827, 5.013176786204621e-43)
(0.49098588758186507, 2.4787311196863468e-43)
(0.07891018629420501, 1.8764651339417003e-43)
(0.799678452508994, 6.137737004985256e-44)
(0.8117754843049246, 7.921363682891487e-44)
(0.015658087120363973, 9.817485508786183e-44)
(0.47140063139010346, 1.7127484186690883e-43)
(0.635275287280188, 8.578487234407141e-44)
(0.20696259969157937, 3.999756165988581e-43)
(0.024830459878654183, 5.823638460891786e-44)
(0.05322663202678653, 2.8527167844196322e-43)
(0.5668138384002782, 2.5058254758529193e-43)
(0.7689488715991809, 8.200709246834538e-43)
(0.6287283268854389, 8.734446953441587e-43)
(0.3562180002106722, 1.2263645605106376e-43)
(0.3695583457040877, 1.268210864968619e-43)
(0.5379192448943664, 2.950886354730243e-43)
(0.751949279529591, 1.801067326079845e-43)
(0.4317987654152654, 6.827878415319813e-44)
(0.9199350518736616, 5.244850153248249e-44)
(0.2838290273205454, 1.3998491386856695e-43)
(0.5835653413239564, 1.5896184816161115e-43)
(0.9812053017858238, 2.2742558244744725e-43)
(0.5397168356210147, 1.1148234681616608e-43)
(0.1393139943883484, 8.43169216263249e-44)
(0.4390247248606304, 9.006584587075573e-43)
(0.8806696414904478, 5.217825195032951e-44)
(0.6685953918390031, 5.178443206194679e-43)
(0.4193784209926264, 1.0022204665449367e-41)
(0.025568911006512814, 7.884825363473073e-44)
(0.8245181788271166, 1.9375669369507586e-43)
(0.9197789160093248, 7.533922156669629e-44)
(0.7967509841228234, 8.190749147755452e-44)
(0.3658070500142105, 6.804782214589169e-44)
(0.4735857272774868, 1.6608647577078812e-43)
(0.48306633565552526, 5.999279046563278e-44)
(0.5634313844395834, 7.583205612930447e-44)
(0.043832999964086655, 6.122573884277358e-44)
(0.7570957944065746, 1.2577827803598518e-43)
(0.24662456806752064, 1.0251446725359275e-43)
(0.4081928842287207, 6.000079750494394e-44)
(0.09833465627523275, 2.024511725754947e-43)
(0.7206127121745504, 5.680313652859415e-44)
(0.07755615858461992, 7.118191777195027e-44)
(0.05348239580390134, 3.3619922407769017e-43)
(0.290732680647337, 4.6803856010013385e-43)
(0.5001652143355374, 7.428655353112946e-44)
(0.930144249379818, 5.895336785401416e-43)
(0.2723953135820552, 6.364221664965056e-44)
(0.09072339162487252, 1.9420654047571332e-43)
(0.9176108057589483, 1.850397885195983e-43)
(0.35458392115607545, 9.043497369913323e-44)
(0.6232143840439035, 1.2681990088663021e-43)
(0.15971235442982157, 1.3554245993223781e-43)
(0.5956692340106756, 1.503582914192884e-43)
(0.3623524740042472, 5.830439204056699e-44)
(0.42793333253154814, 1.0874188332026696e-42)
(0.6290148122588658, 5.730908104619162e-44)
(0.07637312197191541, 9.263891522995938e-44)
(0.8835768659752654, 7.994345677467007e-44)
(0.1652220658992419, 5.0699300557630265e-43)
(0.12317759600586028, 5.329410635734983e-44)
(0.6468846971445088, 7.153971316890133e-44)
(0.9184611637861246, 9.69212240319513e-44)
(0.17178824656956684, 5.828496261160696e-44)
(0.3572020623044094, 3.4548063329460958e-43)
(0.4358507226225098, 3.909192451166326e-43)
(0.37448790763472795, 6.317273766107662e-44)
(0.7342101958069053, 3.4132302252565637e-43)
(0.2598768363922838, 8.454094528732999e-44)
(0.2580705068217455, 6.150911249938895e-44)
(0.12723404018618803, 1.446671150429088e-42)
(0.6272010639087852, 2.048081392840294e-43)
(0.002614817615150653, 2.0213617905855513e-43)
(0.6647646055530092, 4.529428548093236e-43)
(0.8486081115127263, 9.002963372867753e-44)
(0.13658633583642146, 1.1972343708861003e-43)
(0.9868482309494916, 2.437650356713725e-43)
(0.6714977810361225, 1.0933562142494523e-43)
(0.32826521128015307, 6.256142011033726e-44)
(0.4378603863911446, 3.571440579831021e-43)
(0.9927121836904432, 3.975635185178086e-43)
(0.31604018131153333, 4.8416095196825765e-43)
(0.8755784653106229, 6.482359311818013e-44)
(0.5745067588617535, 6.363923950966698e-44)
(0.00674508299445285, 6.516786339058728e-44)
(0.6957785080415254, 5.389942267321846e-43)
(0.6409091912997377, 6.261098158701834e-44)
(0.08827208880360993, 1.284877985304805e-43)
(0.48513971646885773, 1.0073229044391267e-43)
(0.18484009118113387, 6.832889230404014e-44)
(0.825270560721998, 5.874977525171959e-44)
(0.9617976415991014, 1.5243538137307343e-43)
(0.254021578078164, 6.246689520459882e-44)
(0.6454980356184813, 5.346748164567212e-44)
(0.7189152784775042, 6.418156826095044e-44)
(0.3981821424846186, 5.96608199640096e-44)
(0.5310565736595921, 3.550932112103651e-42)
(0.7189265668960643, 6.534515134070166e-44)
(0.5318285885273302, 3.859453859118784e-43)
(0.5783866876351924, 5.095403248579852e-44)
(0.15481272933591328, 6.171563739715067e-44)
(0.5241229360765868, 1.2480668132538046e-43)
(0.9701580467620533, 7.739357248170375e-44)
(0.23145276701565884, 1.9717835900539075e-43)
(0.2846593398047156, 5.98838584243208e-44)
(0.9702630619297462, 7.676012332263009e-44)
(0.13084558008947017, 1.0052466918814976e-43)
(0.5528532783736916, 1.306140899521914e-41)
(0.19342786320565347, 5.184185596224343e-44)
(0.2837577788063562, 6.959325954817149e-44)
(0.6267585537779141, 6.700355339030852e-44)
(0.48792423998687706, 1.0342521943903088e-43)
(0.10835727664904378, 1.722648354238868e-43)
(0.6891832395882456, 1.449804269259457e-42)
(0.5807064009442966, 1.7876383825523338e-43)
(0.8588813829762997, 5.67622820169028e-44)
(0.3287120027502707, 2.0358242566243234e-43)
(0.2851546758723979, 8.266373414426632e-44)
(0.4517100926953601, 1.908281143065653e-43)
(0.7997449829799196, 5.3907914756941e-44)
(0.3469861147764329, 8.087899322895942e-44)
(0.7020414079503611, 4.375435029821858e-43)
(0.7704797774336413, 1.7467859431341826e-43)
(0.04843037463966609, 6.50138152199852e-44)
(0.8854301732034047, 8.302798640426045e-44)
(0.35690843204859857, 6.356618231973587e-44)
(0.24594382477381332, 2.0688117463113023e-43)
(0.7924294184928754, 5.628143610109304e-44)
(0.2032556565574541, 1.5246380129783888e-43)
(0.3138183685095273, 6.411789952484881e-44)
(0.2582871938188627, 7.145288419888288e-44)
(0.0865474741969824, 5.040321471362797e-44)
(0.3225255303315867, 3.618027647230501e-43)
(0.04861433022479771, 1.3532701906221576e-43)
(0.1851348927803031, 5.05111599647951e-44)
(0.404108433480505, 5.751396811628196e-44)
(0.25284414624179574, 7.979189017507417e-44)
(0.6693984862172647, 1.5127770214784769e-43)
(0.8075193637653019, 6.026851491455697e-44)
(0.9670900534221353, 7.372296198461997e-44)
(0.3527756538630428, 6.87481816991838e-44)
(0.4980037386250866, 1.0073427210503119e-43)
(0.3122839753606501, 1.1317675015451997e-43)
(0.3502777526409473, 5.083555182753349e-44)
(0.8565534564809401, 6.062079725861231e-44)
(0.12054092790116411, 8.142021815612702e-44)
(0.27759191547420925, 9.566718116693553e-44)
(0.4562571747545147, 7.362470794215235e-44)
(0.17531405534027228, 1.3048162027835477e-43)
(0.2670735025638011, 9.876481001136557e-44)
(0.796609950922061, 1.835103267088618e-42)
(0.7189778186000583, 2.5884116673790282e-43)
(0.5400052581550303, 2.2496917041387856e-43)
(0.6417582970032999, 7.282155119480573e-44)
(0.3229629717321966, 5.289901012119406e-44)
(0.03312541579837548, 1.6830246731930406e-43)
(0.4058538402919994, 1.912077066813942e-43)
(0.15905994808965873, 7.26267802461772e-44)
(0.0707270057607362, 5.487057959366959e-44)
(0.12091346646954786, 6.664678211934784e-44)
(0.23267285714171446, 2.1914212438236043e-43)
(0.676688856785514, 6.607687273680507e-44)
(0.7628520331390661, 5.575732568949989e-44)
(0.5010876671703348, 5.7573628317306894e-43)
(0.11431525486002239, 1.5847823227984483e-43)
(0.08832636097732903, 1.2505232354455084e-43)
(0.043725969359579536, 9.573837481545813e-44)
(0.5220520344388232, 9.100712725846595e-43)
(0.5438790457489803, 5.077678519193993e-44)
(0.25471742873619707, 1.2300938991613651e-43)
(0.32632762780178914, 1.85568178747035e-43)
(0.7031941649619904, 1.4545496087008784e-43)
(0.7357775627553012, 1.1985926392531678e-43)
(0.9881369182142212, 1.6270462806142437e-43)
(0.5385423456588456, 1.0647798798408405e-43)
(0.5016529160423562, 5.280064808200888e-44)
(0.7753476471415026, 5.163791681755887e-44)
(0.844716457302073, 5.4749109640733706e-43)
(0.5932568616834172, 6.046769310208444e-44)
(0.17924184440939608, 6.887254794207214e-44)
(0.847622513453374, 1.0271320536595531e-43)
(0.19118257948442047, 6.993496961603767e-44)
(0.5459874601922092, 9.307969578788286e-43)
(0.2708943306706086, 7.342597318899622e-44)
(0.3096763707181222, 1.260461476802553e-43)
(0.4781196047782212, 6.05734249774015e-44)
(0.4060592519652076, 1.151670650388296e-43)
(0.9061510661101595, 6.319488574461708e-44)
(0.8514316624270577, 9.542883504068345e-44)
(0.9612365707924444, 6.12348049070456e-44)
(0.19019031625714822, 2.3721263394812366e-43)
(0.3362927214021037, 1.818169906700731e-43)
(0.8400623822663171, 5.911074183913139e-44)
(0.3495078191332813, 1.7675318595909627e-43)
(0.5532376691175932, 1.4428227878163836e-43)
(0.7327290778843649, 6.088228936255357e-44)
(0.8464894255025307, 1.0818653725728865e-43)
(0.13200438873053275, 1.5832069803526425e-43)
(0.8597412694552546, 2.4344788563796113e-43)
(0.4809566203574045, 5.713422774586241e-43)
(0.8103859592142143, 7.063378219146685e-44)
(0.06344140977830467, 6.265200166233653e-44)
(0.6556947255791044, 6.813014296498524e-44)
(0.16781920027545782, 6.106615164513748e-44)
(0.9951879241132859, 1.6145465050413096e-43)
(0.1591733387560896, 6.072450328767575e-44)
(0.9210648396454152, 9.520049686809323e-44)
(0.6262485256647397, 2.8050596980638255e-43)
(0.9554615521918385, 6.4649091386538e-44)
(0.8762560347267173, 7.253383360290549e-42)
(0.3540661975942486, 2.584683641428195e-43)
(0.489927657465387, 1.0107001329103346e-43)
(0.5507843444884197, 5.407671546906544e-44)
(0.35313482151874837, 5.077568390109361e-44)
(0.3070902259819267, 1.1410821185675666e-43)
(0.04725586615855292, 7.541355840568853e-44)
(0.15144422810657934, 1.3851280792262002e-43)
(0.4603401249916618, 2.2237784676948242e-43)
(0.2642905516227366, 2.1521221049569604e-43)
(0.23877392758636556, 6.27619726081722e-44)
(0.6949779020825861, 6.335787325817143e-44)
(0.7166327336364139, 7.377757623111446e-44)
(0.08937959427819134, 1.5625133239293803e-43)
(0.11323475395316879, 8.59879463328642e-44)
(0.2332797293044062, 2.106628897214224e-43)
(0.5057971300024854, 9.67057783505899e-44)
(0.9297485476893226, 8.035849088584077e-44)
(0.750624377524553, 5.10731083583491e-44)
(0.05469603804751608, 7.243529294543274e-44)
(0.01645630386971154, 8.066756049689116e-44)
(0.9732593619293726, 8.960163015723035e-44)
(0.030076088958907215, 1.4857855023151666e-43)
(0.8570210005547164, 7.560987899750654e-44)
(0.7093028812877117, 1.82533110818008e-43)
(0.030677532962501263, 5.084779373470631e-44)
(0.6165916788607313, 6.447487944274563e-44)
(0.14147612135293414, 5.396291409712442e-44)
(0.27280327447385755, 6.952049634827599e-44)
(0.7813799599278325, 8.732998493394128e-44)
(0.990924687450411, 1.8183615408187127e-43)
(0.5050379059812548, 1.2642958971854424e-42)
(0.924340593414638, 9.385048110141982e-44)
(0.4933453988120331, 6.977294460907104e-44)
(0.8744566794911076, 1.075013066267891e-43)
(0.09510829778526915, 2.8641738034074816e-43)
(0.2513581748857599, 5.0789517068459776e-43)
(0.17226166541766622, 6.804761899639199e-44)
(0.9835494053038688, 3.7806907268013005e-43)
(0.3388564412046021, 1.946759933338918e-43)
(0.1499622536666784, 5.049026215699552e-44)
(0.10619843164776442, 7.261719774255408e-44)
(0.7832959366694651, 5.868098059264596e-44)
(0.3556064904531591, 8.602687058449024e-44)
(0.7847033227026458, 9.130064948732949e-44)
(0.37607021980400346, 8.036225181339265e-44)
(0.5012376936813313, 1.7630608295830623e-43)
(0.9261515823469857, 1.0572689245956806e-43)
(0.7258024612749686, 5.552762570232752e-44)
(0.9112634353272165, 1.5462798928467651e-43)
(0.09226709627654679, 1.8396827285131508e-43)
(0.7801012048787097, 4.252726711999487e-43)
(0.3759829318207942, 6.648546766196594e-44)
(0.6745048866313658, 9.963046555242542e-44)
(0.6520608660833555, 7.731583813927078e-44)
(0.5831876533953456, 1.1806472958088762e-43)
(0.28258130331169246, 3.54027599994844e-43)
(0.09043585324758725, 6.038167552478021e-44)
(0.5282497446399298, 5.027811604643399e-44)
(0.7016106745783209, 9.117909961285716e-43)
(0.4190869814315651, 1.8897014758623342e-43)
(0.6219189893194298, 6.676433157313473e-44)
(0.4611493752007442, 4.343282278818031e-43)
(0.3021497868477279, 5.85101848356707e-44)
(0.18349848848742323, 8.65867464157313e-44)
(0.08929033530727223, 2.53772542492998e-43)
(0.07787237386364311, 2.81871772859356e-43)
(0.7847769272523574, 3.706311407237283e-43)
(0.7543499176978379, 5.4801378852913065e-43)
(0.5284242850731362, 1.975178186847968e-43)
(0.9797632752722302, 1.63613089327651e-43)
(0.894573080492221, 1.6997099183959611e-43)
(0.4986932622990031, 7.388952722473357e-44)
(0.3963413403851275, 1.4880740459524485e-42)
(0.6673404733637364, 5.51830193967707e-44)
(0.6693555219557267, 7.609897902607597e-44)
(0.3743387079550263, 7.677125075026316e-44)
(0.5755285061503321, 2.4096384113451873e-43)
(0.17085108693745737, 4.646538964210512e-43)
(0.23452644123972116, 6.832000145385712e-44)
(0.8891839689513563, 5.671895584358491e-44)
(0.46005431356536497, 1.2448874544484214e-43)
(0.8246757413286272, 1.5155650974786294e-43)
(0.36377291750915997, 8.092891287592383e-44)
(0.8818997569725022, 5.429237827669032e-44)
(0.8819960317372346, 8.541546347128661e-44)
(0.6077619937027378, 6.509044877019764e-44)
(0.6685982510927957, 1.034723280027237e-43)
(0.23689639786174546, 2.1460397618366186e-43)
(0.14402226130331897, 1.4921369437933448e-43)
(0.007426138210689593, 5.04971688870524e-44)
(0.8616482517228435, 1.577427130538544e-43)
(0.74947463349444, 1.2300468217018657e-43)
(0.8201778660274843, 1.1904801368587543e-43)
(0.41163803773751756, 2.2531340358286827e-43)
(0.42625243321316447, 4.3017453196288355e-43)
(0.5899111588307109, 7.798057722253953e-44)
(0.1046364060245072, 2.0272831945898852e-43)
(0.9415029896834295, 3.603179359276474e-43)
(0.25221750575230034, 5.059582572906683e-44)
(0.5271726438363235, 1.1094286910550124e-42)
(0.16738855796272747, 7.871994594237558e-44)
(0.23126832689768256, 1.7894188621470826e-42)
(0.03125035512190106, 8.558406354039273e-44)
(0.6617189843544923, 7.952449340279033e-44)
(0.33254956176487355, 7.307558736793236e-44)
(0.24369799016756463, 5.043068967419326e-44)
(0.3293054632250452, 1.9305918009861746e-42)
(0.9010319900400439, 6.425600648458144e-44)
(0.44163295513236134, 6.652027451998671e-44)
(0.6638130767946395, 4.629638418913801e-43)
(0.4872922801332805, 3.4658383156441517e-43)
(0.08903570493191243, 5.761241637481285e-44)
(0.3861539062633065, 5.341788393436086e-44)
(0.5418616445325091, 9.034160369676556e-44)
(0.10081738008156997, 1.3736127429170178e-43)
(0.6729960741351668, 1.7814483780739167e-43)
(0.7638142143854934, 1.934087010488623e-43)
(0.1566607670943565, 5.894910612469323e-44)
(0.8262385013776546, 9.995728440870868e-44)
(0.12903335902468985, 1.491069509689746e-43)
(0.017416900191368743, 7.096890198027512e-44)
(0.9810940417428707, 8.237659427912371e-44)
(0.41161995070246743, 5.86607145821757e-44)
(0.5687541902094948, 6.162553608453248e-44)
(0.3744709463815424, 1.7560934860839367e-43)
(0.08910774506658328, 5.280037700144549e-44)
(0.48051201995256665, 2.449949052233402e-43)
(0.9111567631843857, 1.1484173607309535e-43)
(0.12123664778592197, 8.659091878709591e-44)
(0.21211135520108243, 4.082906357711337e-43)
(0.887340765572082, 6.3193103368493795e-43)
(0.36515781381865725, 1.0943924228571344e-43)
(0.9479302641842998, 7.13668426758692e-44)
(0.7007394211543828, 6.291982780763108e-44)
(0.49532979895295054, 7.965278218555319e-44)
(0.9127535968633779, 5.442985329740005e-44)
(0.38251773131232125, 1.6274378693893896e-42)
(0.7732977911209513, 6.606140521149113e-44)
(0.24328531054959984, 1.2956004498191084e-41)
(0.10805327357451797, 5.371630074786777e-44)
(0.2301286941596633, 2.2597668568665777e-43)
(0.2313078111841659, 6.296091576007097e-42)
(0.6955026906523497, 1.381785761091335e-43)
(0.6042227072152292, 1.1079758125580397e-43)
(0.9965341060844736, 2.1678388422640797e-43)
(0.10374860825756879, 1.5531180686933494e-43)
(0.2755134343195487, 7.582102960464566e-44)
(0.19261131509639756, 8.556998166765923e-44)
(0.20098963384052854, 6.253052657731456e-44)
(0.8064231837407736, 1.4485792074164566e-43)
(0.2581654303628418, 5.701267295148214e-44)
(0.9648651570448131, 2.3438990489497546e-43)
(0.7667373584805764, 8.597951895514806e-44)
(0.6003857401905597, 6.045467364914908e-44)
(0.9931236331275084, 1.681878630303745e-42)
(0.658475548234005, 5.036082824057863e-44)
(0.6784821499592694, 5.138330614441083e-44)
(0.32961964615634176, 2.6756001025756482e-43)
(0.5964421129309032, 2.3442590272137377e-43)
(0.22194549349532416, 6.848328528613038e-44)
(0.4455398201877371, 7.699952948052853e-42)
(0.6524984008545989, 6.622403027027664e-44)
(0.5996559642331866, 2.3405411823319728e-43)
(0.4653432863278421, 5.541420766734888e-44)
(0.8349228269958666, 2.724746943002121e-43)
(0.05494831224634735, 6.931229624990113e-44)
(0.5142024946376164, 1.0135979682264975e-43)
(0.2951820820334019, 6.342278245052239e-44)
(0.14784432742249828, 2.9402394372626133e-43)
(0.7145713157601624, 6.53966606873943e-44)
(0.30055558048468595, 5.607847996749333e-44)
(0.4692503566896995, 8.722084107893618e-44)
(0.90430188087949, 7.586160219763435e-44)
(0.6500398258072335, 1.9273621965870293e-41)
(0.6836795722621056, 8.881773439253517e-44)
(0.9749202633602347, 7.735438043999575e-44)
(0.5194099271670546, 5.415920011715252e-44)
(0.6906684889077743, 2.7626777492206574e-43)
(0.16602092683193384, 8.360432051500375e-44)
(0.8603191092371516, 1.4025969832768566e-43)
(0.8388822031105774, 3.0120576444320458e-43)
(0.20213611075121848, 4.5121905844920176e-43)
(0.38783163408994287, 6.467351937395694e-44)
(0.07005391101301442, 1.313386943642177e-43)
(0.6992807727754634, 1.0330202511236465e-43)
(0.6382307407343512, 1.0260946581187116e-43)
(0.5901541693866165, 5.171708969370889e-43)
(0.5026119083081453, 5.824218882182392e-42)
(0.7529238469896897, 1.701339576446803e-43)
(0.2481172661580342, 2.008157525745473e-43)
(0.5243898278774943, 1.742197578132356e-43)
(0.9457822426110805, 1.0858197298130404e-43)
(0.07599383156124083, 6.580788026794704e-43)
(0.5851273558415345, 6.752254418423728e-44)
(0.7949153152742098, 1.7193160238852768e-43)
(0.2680241020857502, 9.568578218868985e-44)
(0.3548003947875861, 8.936184638832328e-44)
(0.2950479934890217, 6.737592613320213e-44)
(0.09975808551793063, 2.920611154322939e-43)
(0.018831635533626268, 7.397287445642912e-44)
(0.13902338663132313, 1.8745890578401176e-43)
(0.004207246558929686, 1.0372589982916697e-43)
(0.9875711125865383, 9.660272164403322e-44)
(0.7248606648605852, 1.1385033235653839e-43)
(0.1280160158983562, 9.161778551971066e-44)
(0.48636310992923604, 5.69104407822978e-44)
(0.9842073997231435, 2.096489334483052e-43)
(0.8226259043685277, 7.508915757310078e-44)
(0.018774177420205526, 5.087146095537219e-44)
(0.5238549736491337, 1.50700861416485e-43)
(0.35021970114627626, 1.1207501592834183e-43)
(0.6461941052300656, 1.2773956295151017e-43)
(0.44811901840655344, 6.594698623332662e-44)
(0.17116767795402746, 7.928133958515551e-44)
(0.3510777804004684, 8.477596710553129e-44)
(0.8796445947719842, 1.044069539555288e-43)
(0.5979470714809214, 5.490503330275108e-44)
(0.4152625519182994, 1.97307771082343e-43)
(0.7088511208476006, 5.571883187730467e-44)
(0.6039527279280176, 5.646954634663648e-44)
(0.6560198146697205, 8.676252570472672e-44)
(0.7671615636795538, 6.160875862220264e-44)
(0.2514747265763224, 6.16050731619145e-44)
(0.4169181045678314, 2.06767380747158e-43)
(0.39573123357571455, 3.0413854288399007e-43)
(0.1265666989933799, 1.1611075463554683e-43)
(0.0691555830386677, 6.987084359234081e-44)
(0.9293194235400268, 5.861735031329093e-44)
(0.07448456334263483, 9.551842509468775e-44)
(0.6973193319766988, 1.1048977418022393e-43)
(0.8311378031000146, 6.709387142170319e-44)
(0.48692560466378904, 6.754765516328995e-44)
(0.34901504562537616, 5.559737444399032e-44)
(0.9479462872436064, 5.948665974751129e-44)
(0.8420990716679384, 9.361044552241728e-44)
(0.050245358133032894, 7.563997618937742e-44)
(0.33009759608424555, 5.212930107541219e-44)
(0.3638994964121937, 2.5160866281802644e-43)
(0.7680549918539537, 5.794624926301363e-44)
(0.5934089303515296, 1.0638415204165232e-43)
(0.7640705525943692, 1.2793805199891046e-43)
(0.7756364420987749, 5.736620282969948e-44)
(0.7259885751296034, 1.5782464133457883e-43)
(0.6354181371159262, 7.373745814724244e-44)
(0.2887839546155175, 1.0062329033639848e-43)
(0.7755101036766934, 5.875922006212666e-44)
(0.6376448440884251, 5.588293483984951e-44)
(0.595622783604514, 8.584243088984845e-43)
(0.1354397333887818, 2.7587564658911183e-43)
(0.9865312449794863, 6.143549495422621e-44)
(0.7631363007951717, 8.018175499720198e-44)
(0.2619660218727641, 6.919621663278249e-43)
(0.886862856185207, 8.430171351945013e-44)
(0.8350530605281924, 2.3373355211961364e-42)
(0.7517752765883967, 2.0213927138978306e-43)
(0.1409101651943323, 9.229753694809071e-44)
(0.3107785886523432, 7.427618694173977e-44)
(0.8516738427626293, 9.95257147642434e-44)
(0.35867988215234575, 2.373749260439739e-43)
(0.8287606417808542, 6.180391478989696e-44)
(0.30014607940661564, 5.7917414240017e-44)
(0.9136904493069029, 5.38915614744146e-44)
(0.06569501754019944, 1.668628927416885e-43)
(0.8748773072086173, 1.5732203462400016e-43)
(0.9892382285506612, 6.353667433436914e-44)
(0.9415679662649494, 6.020156594991154e-43)
(0.3053637917801737, 7.111535460278166e-44)
(0.4236030066794751, 5.253536707523271e-44)
(0.34652589054977767, 2.5100290796135886e-43)
(0.9938800510101476, 1.2006108797881724e-43)
(0.7114742784686866, 2.68120216915393e-43)
(0.3546830729942579, 2.8217085213127065e-43)
(0.725351341564742, 6.093788573705273e-43)
(0.9941363439997544, 8.015906972499879e-44)
(0.9333585095941674, 4.4189537873506776e-42)
(0.46579615797368107, 1.5782513858956733e-43)
(0.9118571937790204, 7.204142951241269e-44)
(0.809498221676101, 5.9424173211760446e-43)
(0.05444709031081379, 8.411953232871477e-43)
(0.23514594992795043, 1.6671739966145303e-43)
(0.8922095805023195, 2.612766036208059e-43)
(0.8484998123260629, 6.088491514600672e-44)
(0.9351543000034448, 5.019418936745873e-43)
(0.9767669419225044, 1.3254344508349784e-43)
(0.3947450109045853, 1.1871126008085346e-43)
(0.31173055473246514, 7.250793724396467e-44)
(0.2776903746602825, 4.137661907004547e-43)
(0.7470910765761606, 3.0093744000637167e-43)
(0.3783685464197602, 5.919405170316685e-44)
(0.8029741702268499, 2.368460879984861e-43)
(0.6255819672192936, 7.537997949131671e-44)
(0.569015422267162, 7.782286979576929e-43)
(0.24327727915755884, 1.1182878840488198e-43)
(0.6432276358497462, 7.544819877356284e-44)
(0.5446709109532262, 1.6416972547242483e-43)
(0.6797776958191313, 5.742857930815025e-44)
(0.9699285947967385, 7.159214908566059e-42)
(0.35701864155124985, 9.497507025840712e-44)
(0.6198379161641334, 6.247335320036648e-44)
(0.7308720949880103, 1.0412871641965505e-43)
(0.8672900885003442, 5.26622294598236e-44)
(0.9315779146926861, 6.108758642104263e-44)
(0.42424695299864146, 8.668559326283063e-44)
(0.2685013408618508, 5.114588869946038e-43)
(0.6126108323563558, 8.583932854348163e-44)
(0.552475342896111, 1.5261530168663414e-43)
(0.016774972228890652, 1.901361998723163e-43)
(0.8196511703592438, 6.98428630848423e-44)
(0.7356106646032109, 7.489596810871296e-44)
(0.527095444359652, 2.470989485747558e-43)
(0.528892953409981, 7.485864595929295e-44)
(0.43605708315111713, 9.071911261951716e-44)
(0.5328324204986364, 3.775171079337747e-43)
(0.7787117968678695, 6.393069944726637e-44)
(0.8278009746605492, 1.5577956045193772e-43)
(0.008596349704288696, 8.46728328404905e-44)
(0.2055405215521884, 5.378811987041846e-44)
(0.5499099434561607, 8.17720077418361e-44)
(0.8165038673218717, 6.511662047566324e-44)
(0.1519943455014001, 5.685487925218142e-44)
(0.3055196973473903, 1.3514699678318817e-43)
(0.2695828828251816, 5.238582692469753e-44)
(0.03585300209852801, 8.131222233368357e-44)
(0.9517028585861823, 6.438529289557151e-44)
(0.6621257354984887, 5.244599642922232e-44)
(0.3313427476254599, 2.169275018792335e-43)
(0.32086536338994714, 7.761801202098785e-44)
(0.9806497828475002, 5.2923895352322605e-44)
(0.3348984300982632, 6.547789210886337e-44)
(0.953730615106121, 1.993724037845643e-43)
(0.7304518292034452, 5.681362349328042e-44)
(0.9045406243938612, 7.492723216911118e-44)
(0.5827214924229052, 9.29178458042722e-44)
(0.6477380947317324, 1.0701202787519534e-43)
(0.9449927285785008, 7.581686085153496e-44)
(0.5666408974299483, 7.829398751362e-44)
(0.10515139260867436, 2.5956246764560355e-43)
(0.8423915816837625, 4.0353098396743236e-43)
(0.22536647022923162, 5.072057335705188e-44)
(0.02355445911018053, 6.051646445694568e-44)
(0.21024945144334445, 7.520137991712963e-44)
(0.1031920916583388, 5.408079445604165e-44)
(0.7958890892726391, 6.964478951552055e-44)
(0.5989167761451907, 1.253847647884371e-43)
(0.86572353457633, 3.3510703310662888e-43)
(0.821798650650134, 9.706973855920379e-43)
(0.9405247914730217, 5.373745296701979e-44)
(0.14807649697555894, 1.2860062932241433e-43)
(0.6627584120539678, 1.4648231827028236e-43)
(0.21025083371429815, 1.956455167186407e-43)
(0.6950709484046117, 6.926740374734278e-44)
(0.30744287325802666, 4.4209580765684245e-43)
(0.8069158342690957, 1.531783605207652e-43)
(0.29328775991490286, 1.726175263588482e-43)
(0.3494158918152286, 1.0321501708294443e-43)
(0.12081345158960004, 5.261368241502765e-44)
(0.20597265176888901, 5.109270001530365e-44)
(0.07655524321033826, 6.654300554746711e-44)
(0.17499360016192486, 8.942595706093682e-44)
(0.5932156635260051, 2.3473684632424574e-43)
(0.647358128523131, 1.8011913480864065e-43)
(0.943588081293984, 5.056163528636835e-44)
(0.5994330251457279, 5.469326729658389e-44)
(0.7276956610386333, 1.498325766201205e-43)
(0.44430792879207276, 7.485466097456304e-43)
(0.09402564248082043, 1.0548774482355304e-43)
(0.7556809733883428, 6.236010822138575e-44)
(0.8105572767307697, 2.299058148908307e-43)
(0.6194599615038388, 1.2261834858097976e-43)
(0.39069237639343485, 6.646495110289731e-44)
(0.6988093530861795, 7.939583402973522e-44)
(0.2142528635979742, 1.059002435361751e-43)
(0.8318307445228633, 6.492225867738187e-44)
(0.5079964804015695, 6.102631723079839e-44)
(0.7242795641783282, 5.904272671779369e-44)
(0.3917602076705513, 9.645164392228195e-43)
(0.6871495305943054, 6.167512884986159e-44)
(0.4605285734455545, 5.615524475758773e-44)
(0.21981660212143195, 5.187380642923767e-44)
(0.26427599969492, 1.2894471822111474e-43)
(0.9095897051328978, 1.4597925973352605e-43)
(0.7266663239439904, 6.595168710347154e-44)
(0.635047225067999, 5.139314102164598e-44)
(0.24132156340088065, 1.2910776424984994e-43)
(0.3572549632211103, 2.773227143344178e-43)
(0.8660922197890305, 1.925664556859338e-43)
(0.46717662576294905, 1.0400118751667855e-43)
(0.9093819310170157, 9.781522901169985e-44)
(0.6578594423796849, 8.133648373686386e-44)
(0.5197600569788535, 5.08912899742492e-44)
(0.057054339389589065, 1.4945102714785431e-43)
(0.658702019221573, 1.3261443930466937e-43)
(0.7042190400043885, 5.330620287986628e-44)
(0.3250954807211897, 5.678188861520513e-44)
(0.22883662892263334, 2.8052523070865894e-42)
(0.5024276496652911, 4.9097258714720566e-43)
(0.1063984429498534, 6.311016808244507e-44)
(0.3742425428892437, 6.966741067186741e-44)
(0.04890931262374979, 1.0286775404929533e-42)
(0.3522154243811318, 1.7408496064664365e-43)
(0.6292167528497383, 1.310402356563077e-43)
(0.6294719676109213, 7.891162367066926e-44)
(0.36074940615216444, 8.626462355624222e-44)
(0.8762482587317517, 7.201497105518487e-44)
(0.6990190155108995, 2.064986977010488e-43)
(0.1495006740076792, 5.982626981530487e-44)
(0.9754216708035353, 8.9301264249688e-44)
(0.9662689598869149, 6.940274459007321e-44)
(0.21600723552623508, 5.764384678003527e-44)
(0.586936238707731, 1.4863734605857912e-43)
(0.7792293144372783, 8.778509369861769e-44)
(0.35753216763653783, 7.237697698285246e-44)
(0.3525164458635644, 1.9108563053179046e-43)
(0.38243998884114744, 7.410609696560474e-44)
(0.1812192649493909, 5.094434287136333e-44)
(0.936387160213344, 6.42593237464503e-44)
(0.4636579622982537, 1.129264790703889e-41)
(0.46167280623176854, 1.7564572917879147e-43)
(0.17247694858763354, 6.206079986256297e-44)
(0.5438763139633253, 4.923337395830311e-43)
(0.8575469032696493, 6.314659821221376e-44)
(0.3723031711436334, 1.6652022893250357e-43)
(0.14499871997727004, 9.182425319785636e-44)
(0.018744238811372257, 2.719409281722449e-43)
(0.3205105821341282, 7.934630515691911e-44)
(0.24538758369460067, 5.328722088067793e-44)
(0.03617674809071508, 1.334138413706237e-43)
(0.08025128006565799, 5.28494965337175e-44)
(0.3000149976059285, 7.524626611675329e-44)
(0.49252395609572136, 7.991804047778736e-44)
(0.8757912363418838, 6.625935458405709e-44)
(0.3433250333151394, 6.115536737437988e-44)
(0.4662554723996502, 5.1235601887133776e-42)
(0.48544622557543904, 6.059196920534936e-43)
(0.8215183548813313, 5.075018154880959e-44)
(0.3835107041082773, 1.1902175028605665e-43)
(0.26055119653981684, 7.428981506155765e-44)
(0.5084034546193826, 6.853000579559076e-44)
(0.24791080029844353, 1.5285736615532732e-43)
(0.8290913790138366, 8.024976578432043e-44)
(0.7253288330567924, 7.311708952709928e-44)
(0.5451259673793464, 1.412463554575368e-43)
(0.252115527633476, 7.292794573928554e-44)
(0.8403370373074395, 1.6907387786434726e-43)
(0.2596369907173785, 5.659515774053564e-43)
(0.953112883896374, 1.2687155773655106e-43)
(0.36342074902920907, 3.5814178926631495e-43)
(0.09971842358558262, 1.2645801252188168e-43)
(0.026998627728511936, 1.171790927101961e-43)
(0.7765609572369511, 6.8506549794297e-44)
(0.30023789915856747, 8.863812720214495e-43)
(0.4314556580377165, 5.615945540802982e-44)
(0.748373001075984, 1.3112646144050207e-43)
(0.06708138855043212, 5.789503717691729e-44)
(0.051884356122589466, 1.3593583706162186e-43)
(0.7317331713203039, 6.089989849734888e-44)
(0.12868375703683746, 1.4825629608149242e-43)
(0.5756650924959869, 6.394845766314611e-44)
(0.8730248731007747, 2.0425773119299375e-43)
(0.12419761002495605, 5.058288359732403e-44)
(0.9616576897068579, 7.086539283749197e-43)
(0.5486875892480223, 4.812286932024644e-43)
(0.05997504332315889, 7.080438052208071e-44)
(0.34819307293966334, 3.2420076378117114e-43)
(0.25499259598948254, 7.548829002078858e-44)
(0.2813810686932545, 5.572947749089416e-44)
(0.9850698155978277, 1.6056037438504605e-43)
(0.9159957790143484, 1.8023243750004744e-43)
(0.329196855213075, 2.356677517543132e-43)
(0.4634124218608013, 5.572453359793285e-44)
(0.5879200345320684, 8.334608180257254e-44)
(0.6238387466886982, 6.173239374708024e-44)
(0.038792024124276084, 2.3402066961121265e-43)
(0.24002495811029967, 6.80196989559416e-44)
(0.28625676592181276, 1.1545373094861015e-42)
(0.7963366977436537, 4.832013232655392e-43)
(0.659636670543265, 1.6283514445373543e-43)
(0.5683608800421631, 1.2938341832060576e-43)
(0.49301883922547723, 3.611697105651376e-42)
(0.6196070094824903, 8.096369279532443e-44)
(0.054399548603217246, 6.241712691433987e-44)
(0.2886844430740129, 6.590007807809633e-44)
(0.7078438849015282, 1.1226736781893788e-43)
(0.6044314609932459, 9.264152503637647e-43)
(0.48318796255892527, 1.851511426652323e-43)
(0.5742661885710204, 2.333935218655997e-43)
(0.6152889362130881, 4.8625235005183576e-43)
(0.07557771580563544, 1.0932292371785146e-42)
(0.09815240185808992, 9.685596901514325e-44)
(0.19435540784957217, 8.197154380182697e-44)
(0.2507195168368485, 2.5655051891719023e-43)
(0.09470829158907891, 5.132277840972954e-43)
(0.8719451101068919, 5.286617726731126e-44)
(0.7841577113993738, 9.625982241222231e-44)
(0.8452828392149959, 1.2905414950323784e-43)
(0.01903677954179457, 8.14680662393399e-44)
(0.10875549715542965, 6.960807015720452e-44)
(0.9940186451926328, 1.0907194846917167e-43)
(0.9537373695523146, 6.817718524579641e-44)
(0.96649678725119, 2.918222644856574e-43)
(0.03893043416773067, 5.246966943223024e-44)
(0.4411966779165709, 3.77803774431871e-43)
(0.3567553987322534, 9.576027139847845e-44)
(0.2976398791952297, 8.032252015146248e-44)
(0.7366746296891173, 8.203533116332982e-44)
(0.133493327308407, 9.221009091240123e-44)
(0.29860894154893436, 6.231430973918639e-44)
(0.8551594971329398, 1.2069329703666116e-43)
(0.5744354428992218, 5.301802638807309e-44)
(0.9277991784654739, 1.989588879589149e-43)
(0.6388010278591865, 6.741441542198359e-43)
(0.5249255062359495, 5.318383059917711e-44)
(0.7948420254315061, 7.905690121425036e-44)
(0.4104083416337701, 5.446402138186224e-44)
(0.976376812725906, 2.751462889930634e-43)
(0.7094589650749087, 3.5724020083104286e-43)
(0.47108129029100293, 5.347648282988832e-44)
(0.06423957986573926, 5.835099807769384e-44)
(0.1416871474533398, 7.02093846425512e-43)
(0.04186078014875781, 6.077039389860438e-44)
(0.9677378185667657, 1.4606187912465576e-43)
(0.3079750785719473, 5.089155828793251e-44)
(0.2722963741612848, 5.628784877410641e-44)
(0.6841172731595867, 8.967120501660703e-44)
(0.3987278038104645, 1.0012292281807153e-43)
(0.5908624616527821, 2.9857126690575033e-43)
(0.689950628535688, 7.257424313133083e-44)
(0.1613043475077163, 5.296917505676487e-44)
(0.851238867228843, 1.047236142780025e-43)
(0.49717961522302156, 8.240715371154535e-44)
(0.12597508179236916, 1.1718736132086834e-43)
(0.5768492505800407, 6.500638508065822e-43)
(0.49186606597331806, 9.78339173054523e-44)
(0.9403084392009222, 2.2408620456026335e-42)
(0.3361588276794143, 5.360957805775512e-44)
(0.6296635939572491, 1.7701303179614664e-43)
(0.6108713713475075, 7.066934715565824e-43)
(0.2834191176032638, 9.365271533463392e-44)
(0.9876177864943881, 8.005514430605264e-44)
(0.11366679237421183, 3.2192228427389294e-43)
(0.926901491192284, 5.707582558805377e-44)
(0.861035542691577, 7.720394595255057e-44)
(0.1682731055973256, 5.280343812646371e-44)
(0.6765021137639446, 1.0231658948641546e-42)
(0.9825020560379163, 1.5771428168078417e-43)
(0.6451289287989118, 1.455392136878838e-43)
(0.6031307220465517, 5.476468693886066e-44)
(0.8881247858375029, 1.2970388976061531e-43)
(0.6762299194102596, 5.475462367688763e-44)
(0.6757746609988986, 5.83586489838206e-43)
(0.7146178247377394, 9.385231975229817e-44)
(0.7070962010056, 9.318672316664364e-44)
(0.16545139314198484, 4.688982477203991e-42)
(0.7195580149003513, 7.800025259830429e-43)
(0.18323292026099672, 1.6696612622561012e-43)
(0.9367868346704741, 1.0241731286078482e-43)
(0.7032690903021998, 1.0536322157231524e-43)
(0.07126238929897202, 7.868944516958262e-44)
(0.29953764483819645, 2.546355342431731e-43)
(0.7500480017562978, 1.1436100883467743e-43)
(0.7747686830816306, 5.819611947076029e-44)
(0.08929492669730023, 6.744159274093576e-44)
(0.46528055089649006, 2.057909494896154e-42)
(0.06393067057828253, 1.0674433879532835e-43)
(0.6580912703342694, 1.1276583818234322e-41)
(0.28985296747909856, 7.955715126657243e-44)
(0.08158456711220288, 7.09044158767728e-43)
(0.07554410497399058, 6.899382758902864e-44)
(0.9930244696381328, 7.981304482435603e-44)
(0.45208839181496835, 6.101789338354855e-44)
(0.4678466019997723, 1.5498919399344868e-43)
(0.32415119007809234, 1.5166442566100835e-43)
(0.9618050940175202, 5.201472784450901e-44)
(0.19409266186325233, 8.820913784608183e-44)
(0.48088846015396525, 5.492836742327338e-44)
(0.17213439805310757, 7.051697926998246e-44)
(0.46574322710896926, 1.066561779130058e-43)
(0.860386255846347, 1.0199883772552904e-42)
(0.4893916463397933, 1.7508238809718427e-43)
(0.7907717906716244, 1.8633085685809136e-43)
(0.33447277088714855, 1.0289288937274976e-43)
(0.2785572564492704, 9.32159082358543e-44)
(0.20938192254820057, 1.7846537216353755e-43)
(0.4124577640649369, 1.2645955633031773e-43)
(0.2715404236325146, 6.431779656208386e-44)
(0.4816790184277175, 1.5014938827402458e-43)
(0.24898823836796796, 6.53330513721324e-44)
(0.7404522365395354, 1.310518306446412e-43)
(0.9892630611622317, 5.929461627602603e-44)
(0.016166577169008777, 8.169307411471797e-44)
(0.9238874162186964, 5.215324573326768e-43)
(0.05895091974037821, 3.1822682863723696e-43)
(0.0887787680068132, 5.303826955603153e-44)
(0.5104716394622049, 7.929230408302244e-44)
(0.8627346721183587, 1.116487197260619e-43)
(0.26666238498561656, 5.179011606097537e-44)
(0.46886122102565625, 1.0840724575747507e-43)
(0.7465471218001328, 6.059538862808101e-43)
(0.5448226920828153, 2.991376432530142e-43)
(0.5890858960337546, 8.413744042694778e-43)
(0.03640873761729546, 1.3087161723883605e-42)
(0.7283013765936639, 1.432965716876985e-43)
(0.47378509481637754, 2.5668972573559134e-43)
(0.9775278011321797, 8.546668915402263e-44)
(0.8843418142537913, 7.358903444922142e-44)
(0.8914882322972757, 1.2812123191138254e-43)
(0.5989757731478373, 9.567459898902797e-44)
(0.450838780060217, 1.4233409435331896e-43)
(0.9845320334871207, 6.823478052990497e-44)
(0.9206363684219135, 5.132645679206452e-44)
(0.9209058016262396, 6.235859345963643e-44)
(0.35951853919253013, 6.638980735618987e-44)
(0.3542379975615368, 2.6577077173792135e-43)
(0.13597660687319815, 3.700056003467224e-43)
(0.2621957244759278, 1.4462150918224534e-43)
(0.19072770013977555, 2.1277712728714448e-43)
(0.728733308668779, 1.3204568138773757e-43)
(0.49940516645768424, 5.172713420606708e-44)
(0.46219609651243704, 8.814578247908164e-44)
(0.2854921211758486, 5.333212375157024e-44)
(0.030978229427794924, 9.080152646712507e-44)
(0.18504417909337492, 1.4102147646694804e-43)
(0.34528519691792275, 3.3890159903251576e-43)
(0.7266520692969752, 1.804845547962783e-43)
(0.7642920373963783, 4.288296528516016e-43)
(0.9658955407214641, 1.3810454960377552e-43)
(0.12605076785505667, 5.25086246294886e-44)
(0.26876356198365786, 5.302950623948308e-44)
(0.6918765422893328, 5.699132174659922e-44)
(0.21314461821168648, 6.803714969947091e-44)
(0.6350744257295429, 5.601199676583161e-44)
(0.4182419520883173, 5.114425809364038e-44)
(0.7546764883517272, 6.653733691467923e-44)
(0.7545289931105402, 6.375650895398578e-44)
(0.9081968036423319, 2.0177153293439784e-43)
(0.48170350148633345, 7.894071016080778e-44)
(0.3023455729212377, 1.9360700441474793e-43)
(0.9343374781664532, 6.484520725700663e-44)
(0.16324810612287433, 5.225037325516883e-44)
(0.399018116428888, 6.516431527072414e-44)
(0.6961080320561236, 5.589509419055229e-44)
(0.3839906949983873, 1.0348703208811243e-43)
(0.9896846346283897, 7.517954701232352e-44)
(0.21854636621353712, 2.3067511706523147e-42)
(0.4708425744723563, 1.1899599517471221e-43)
(0.6086395479453138, 1.6279382477862706e-43)
(0.557808993973506, 5.34348663775029e-44)
(0.39181205296704863, 7.732625102937391e-44)
(0.08506430371897956, 1.0418979930043536e-43)
(0.20251448427973068, 5.89720257176753e-44)
(0.0273176429641392, 2.4299117585545716e-43)
(0.9851321591704487, 7.081752887448854e-44)
(0.6577624576019474, 1.636897690819854e-43)
(0.5606739173431775, 1.286170335481751e-42)
(0.44420095115197644, 5.954265432015407e-44)
(0.34161320006719864, 1.2512347039251665e-43)
(0.8867629106753584, 6.514508390650173e-42)
(0.29347985968754736, 8.302381669707156e-44)
(0.6640007171249402, 8.051175101098002e-44)
(0.7239643823099629, 8.880303985081656e-44)
(0.2482148177980545, 7.09660202340298e-44)
(0.7389621777813977, 1.9952334155525996e-43)
(0.9918812310490881, 9.263387212009495e-44)
(0.8167882487972747, 1.5361943260053707e-43)
(0.8664622640843701, 1.4830695935166896e-43)
(0.8526549464401122, 1.455745191394365e-43)
(0.3768739406438739, 3.595831528685977e-43)
(0.844133357071957, 1.7429082140555714e-42)
(0.3870843506632274, 3.1206981072482643e-43)
(0.3128532129632085, 1.6487231796975486e-43)
(0.26456558817171755, 9.20802081448446e-44)
(0.7203216580078337, 6.245348757045003e-44)
(0.033255909010328814, 1.4546990258597346e-43)
(0.49088545122100613, 1.0157552887783457e-42)
(0.8981616371128129, 1.4471939322736308e-43)
(0.5026633659436774, 5.482581390651156e-43)
(0.907295156132389, 6.684325892677608e-44)
(0.6387098117021425, 1.689063088428284e-42)
(0.712482652558904, 1.397151925358486e-43)
(0.2636436268565404, 2.654774259536266e-43)
(0.1218186218786222, 7.930191677106778e-44)
(0.8118116552686997, 1.0443475806869696e-43)
(0.9320919475343532, 1.0081382812244343e-41)
(0.7341893108802022, 1.1180914848474649e-43)
(0.5825118284330927, 9.635161321016537e-44)
(0.5054874051039601, 1.353718238812847e-43)
(0.9298034067931422, 7.127136610018048e-44)
(0.016633726420005147, 7.272412104738547e-44)
(0.10094253944219561, 1.9161675132132174e-43)
(0.7506149696564359, 1.3951790060895745e-43)
(0.06590218260260786, 8.606353476773659e-44)
(0.768816660515937, 5.189056738203176e-43)
(0.32140597883892136, 1.6748707447903459e-43)
(0.5477871716543061, 1.2540141509859393e-43)
(0.8666048821016442, 5.036743933574776e-44)
(0.3104720532138608, 2.758407656164636e-43)
(0.20291970899190842, 5.759363402076389e-44)
(0.38582047559999183, 1.078963922191135e-43)
(0.9509898545400342, 1.283988261557637e-43)
(0.22359831164423483, 2.215818340475637e-43)
(0.994306726970216, 9.519814393233961e-44)
(0.508849917080882, 5.945552839959304e-44)
(0.9485011338312234, 5.544316923351262e-44)
(0.6084686600859843, 1.8334793111502754e-43)
(0.30491219022399946, 5.266276652223891e-44)
(0.9209900205554011, 3.441148267894864e-43)
(0.8026378380192882, 6.80343992454754e-44)
(0.6434933023492285, 6.392159645285741e-44)
(0.21970669636047666, 1.3492179461333682e-43)
(0.6773352233175516, 5.433113767556999e-44)
(0.08824715048294564, 6.145502830197956e-44)
(0.11090927304020404, 1.2717120050524493e-43)
(0.7711665894979985, 6.899473190669799e-44)
(0.940589378362108, 5.548277058939074e-44)
(0.006754000388736194, 7.259101904588853e-44)
(0.6172508283464592, 1.0663717902569243e-43)
(0.5010351051552148, 6.404933287279387e-44)
(0.3876472838050057, 2.9385726575852144e-43)
(0.7844087646236659, 9.693834770433475e-44)
(0.06787395631892042, 2.972422023877979e-43)
(0.9050064442932936, 5.045721606076431e-44)
(0.05028731264258006, 9.04536895610231e-43)
(0.16975971916893356, 8.600852464375048e-44)
(0.716826693375826, 1.0749994899593747e-43)
(0.08778686406657829, 1.2702787749039894e-43)
(0.9766479784576094, 5.955400387842675e-44)
(0.7890595565332748, 1.124499034161909e-43)
(0.8931135702532903, 1.635211441728546e-43)
(0.35036459331996633, 2.4710289751902943e-43)
(0.8074382463350631, 1.5792708269917789e-43)
(0.7647622133326547, 2.3789239031995342e-43)
(0.7907928709806474, 1.2752313483644586e-43)
(0.9670198981412566, 6.376825187949302e-44)
(0.09942047768009253, 6.574366094620735e-44)
(0.7747933052324063, 5.212869706545035e-44)
(0.7788158634938935, 7.736743383725348e-44)
(0.6688330622309858, 9.221702696044154e-43)
(0.35430348922101856, 6.7258364526158884e-43)
(0.10686745550968518, 6.837402742371415e-44)
(0.4271564247264187, 5.130025191196652e-44)
(0.31133274423631463, 8.863699375164558e-44)
(0.9538751118355209, 1.557920589836857e-43)
(0.35878665702233137, 8.319807348825807e-43)
(0.3758485528043061, 6.138044323939192e-44)
(0.013614261048589154, 1.8888638141395967e-43)
(0.446071808349639, 2.2171477688288087e-43)
(0.49248480505597414, 1.5692290942832565e-43)
(0.47503426530172044, 1.0791707746805342e-43)
(0.3242556437914121, 8.249357725821569e-44)
(0.8550075839602236, 5.077730978715778e-44)
(0.8123288979997694, 5.089578907930802e-44)
(0.679517374623891, 9.31333855386984e-44)
(0.42049243255800034, 4.066039799831998e-42)
(0.4604515248770891, 4.42723750918542e-43)
(0.5472702751225031, 1.3560832473530312e-43)
(0.6011657423955725, 8.978197783908172e-44)
(0.0493531613875282, 8.166687181926491e-44)
(0.27654440995609664, 6.340944722423949e-44)
(0.24325553786226614, 1.8483232480249827e-43)
(0.5426112425389382, 5.565253968362877e-44)
(0.07009959084429791, 1.2163128983209048e-43)
(0.21576872304641562, 1.8229965420188175e-43)
(0.5045226591919071, 2.610882031049354e-43)
(0.31028467802677395, 7.413964819038336e-44)
(0.5354745493181142, 8.502298155647493e-44)
(0.8842834367041283, 1.8022275671394922e-43)
(0.8449703427001849, 8.25145885682553e-44)
(0.4337653198806372, 6.990872368164478e-44)
(0.43655936659949074, 1.2773020894670573e-42)
(0.08276474072723501, 8.015310982164831e-44)
(0.22705769359768127, 8.485793565900214e-44)
(0.7990922554900519, 8.42381138281545e-44)
(0.4938829138856495, 1.2773917351164824e-42)
(0.9535898625524832, 1.0194083106361694e-43)
(0.7180398450048185, 5.829385309900822e-44)
(0.43322638893426535, 5.043480585889232e-44)
(0.30869019377088547, 2.789781846140456e-43)
(0.805947060076351, 5.06436463648519e-44)
(0.702686786093207, 1.7623510076521221e-43)
(0.5568211317599795, 6.405778194516619e-44)
(0.5456544153568685, 9.007736677319162e-44)
(0.8861797261042684, 5.704600846509188e-44)
(0.0675733731910566, 8.776093498738881e-44)
(0.04615606157432669, 5.81328409586205e-44)
(0.16766818548217083, 1.8703590638289903e-43)
(0.7094320527765691, 2.937977582994804e-43)
(0.821022523224827, 5.09742102729161e-44)
(0.5469376271116133, 9.143954927093038e-43)
(0.6497965894695135, 3.350155072107124e-43)
(0.7757786277428228, 7.086894385428758e-44)
(0.5893796642069119, 1.0113210842222671e-43)
(0.6697005555459145, 1.0489499055085006e-43)
(0.9898329933373546, 3.3561606938789606e-43)
(0.6634874244407701, 8.395849426179054e-44)
(0.6745418710367135, 1.1415192843796023e-43)
(0.20620348321459042, 7.242163733945276e-44)
(0.4641683365116278, 7.625242597130334e-44)
(0.20562084801357064, 5.216220975596877e-44)
(0.3283145522037414, 2.062398483097453e-43)
(0.2483907272710874, 1.4302671603172653e-43)
(0.33228803134305807, 4.7077637387731654e-43)
(0.8901878741645427, 6.980233522506054e-44)
(0.055506393058649364, 5.105339974415111e-44)
(0.9766121924331862, 7.745325319414806e-44)
(0.989840300262478, 9.108198458042497e-44)
(0.17283977951584162, 7.592480897999678e-44)
(0.9376430000682521, 1.7780699681992074e-43)
(0.4777212755477659, 2.4606729422446126e-43)
(0.7947367769290565, 2.2159566891233976e-43)
(0.926189614767542, 5.839925646088731e-44)
(0.8314789906956508, 8.666705466608782e-44)
(0.6638346995085722, 2.319742851123757e-43)
(0.7518686189578702, 5.999307681442689e-44)
(0.5030259521375184, 1.4354329930294121e-43)
(0.06281752245712625, 1.7907455536335709e-43)
(0.8694691572057318, 1.5442703821881167e-43)
(0.6296969099872778, 8.344298128321905e-44)
(0.7219367220295937, 1.0368818934404385e-43)
(0.2623840817174231, 7.979651467993544e-44)
(0.8720696651205629, 2.903605172264803e-42)
(0.006236968933958391, 7.283338592175836e-44)
(0.5137964272096519, 5.123839420675318e-44)
(0.8499778416576033, 1.4809008348890058e-43)
(0.5989348518005675, 7.375971911784749e-44)
(0.10919559736610492, 1.9659893359270833e-43)
(0.29784179841897596, 7.557925793060561e-44)
(0.4497168447152458, 6.268454272004791e-44)
(0.8224473363163947, 1.3518999733333562e-43)
(0.6961376414563951, 6.989040514440115e-44)
(0.31827069321161794, 6.586899416657924e-44)
(0.04009648361250177, 8.076501243461395e-44)
(0.18728948188802783, 6.072944430442263e-44)
(0.6021338232044782, 7.825511460040452e-44)
(0.8287008375250662, 7.084989817109774e-44)
(0.8419665779982405, 5.751883570909908e-44)
(0.01794449676230245, 8.059061182865259e-44)
(0.7375694803547423, 7.119637367675636e-44)
(0.9020115367390165, 9.858989709129677e-44)
(0.8747970315446536, 9.714699586538992e-44)
(0.6193728109431608, 5.746184223920537e-44)
(0.14103506702844598, 1.140195137212138e-43)
(0.20150135058426624, 5.513053649784955e-44)
(0.4261260937484984, 1.2145076269148206e-43)
(0.7131227528333881, 3.67349549280435e-43)
(0.7463353818019524, 2.0468150708370184e-43)
(0.29480191241842113, 1.1597470604504191e-43)
(0.35398929778192884, 1.4994069588101738e-43)
(0.8408490642194216, 5.456544344011074e-44)
(0.076592825903088, 1.1832756608313606e-43)
(0.03116331510960509, 9.901298050834408e-44)
(0.8669860706973563, 1.5225026879573117e-43)
(0.9923099608425173, 6.802821761008837e-44)
(0.6209157157843396, 5.41970556773632e-44)
(0.6080441198072202, 1.0680573486203667e-42)
(0.11792704913331632, 8.890865989425059e-44)
(0.5482516135506835, 2.643442675231663e-43)
(0.8959890397803052, 9.517437674279593e-43)
(0.40894596752447704, 6.746953397414549e-44)
(0.4860655274043785, 6.015570798669872e-44)
(0.10036497120967733, 3.0524284119829858e-43)
(0.6964519235624684, 5.660936554549041e-44)
(0.8954248092319218, 4.1794903075071296e-43)
(0.7633888925649365, 1.3604651059471757e-43)
(0.7353781385430039, 8.57347909308208e-44)
(0.5316361797744307, 4.858115557452965e-43)
(0.8001144696536563, 1.7850024224992593e-43)
(0.5289449522663785, 5.219388567188135e-44)
(0.061979933505499886, 5.622973926436634e-44)
(0.42164235655134386, 9.102814295612409e-44)
(0.8024280540001572, 5.999493016038341e-44)
(0.46405702953112893, 5.97840405445657e-44)
(0.3601807153961828, 9.565106950827561e-44)
(0.6365957419310537, 8.311390340885958e-44)
(0.5782028429564854, 6.751025716493576e-43)
(0.9579519738741996, 1.2750821101644476e-43)
(0.28233840164326407, 6.498889451761605e-44)
(0.795894148106365, 1.2511258963101171e-43)
(0.9869982418688771, 5.207210420902992e-44)
(0.41074009199387423, 5.525152936623244e-44)
(0.7899073261879294, 2.904112857516993e-43)
(0.6897759196825376, 9.779991789886755e-44)
(0.7181676366770545, 1.8859410700310974e-43)
(0.8909706009823153, 1.6026696895849894e-43)
(0.09254633845025736, 5.049691576105362e-44)
(0.9713474183069266, 5.605343942555537e-44)
(0.24193013959102513, 2.2683893581297607e-43)
(0.04828368120288688, 6.440085814044294e-44)
(0.15032054969286873, 1.7401301250064888e-43)
(0.5800740910829221, 5.370715567038673e-44)
(0.07298258203389532, 1.8792557174238646e-43)
(0.8804091136366733, 4.516055627482565e-43)
(0.48912021462934474, 2.508973962926057e-43)
(0.3768835372784249, 1.4555635506838307e-43)
(0.8526040286180084, 5.130767518250553e-43)
(0.6095704246884959, 8.581354364626475e-44)
(0.3556817112952453, 5.049198789066402e-44)
(0.32091677030448335, 1.0935023079944814e-42)
(0.5236648755992973, 8.324870536840155e-44)
(0.9762695875814433, 1.1237274438772916e-43)
(0.8355041074698468, 5.220955146183714e-44)
(0.12568867370085085, 7.883991846069257e-44)
(0.057941171571082736, 7.179704379412314e-43)
(0.6087116746063368, 4.4554346961837315e-43)
(0.4004306784772751, 4.547594232153043e-43)
(0.04625989712634833, 7.97407691336589e-43)
(0.0693367726992871, 5.218386894492527e-44)
(0.809188399716829, 5.246719017325315e-44)
(0.33516495452236544, 1.2099431360577388e-43)
(0.5060776371297031, 6.329413855731013e-44)
(0.7864646834953986, 2.2588479915445025e-43)
(0.38052114059637765, 8.166883345006844e-44)
(0.0375568352776205, 1.963545603850256e-43)
(0.09150492329829585, 5.433724180732425e-44)
(0.08794372433056048, 5.719637734503736e-44)
(0.7071590215742949, 6.051164413165466e-44)
(0.1421534752289898, 4.967327283176589e-42)
(0.1391861133520906, 4.468992932985641e-43)
(0.9308926946355407, 6.178210415942061e-44)
(0.6014245526041455, 3.2954290851642933e-43)
(0.634214108102213, 3.1604323691859093e-43)
(0.5058773566905497, 3.3146860263443595e-43)
(0.3894437767209146, 7.111351482692042e-44)
(0.3433086968418472, 5.621661998870032e-44)
(0.6407106591982489, 1.0150049461989474e-43)
(0.7679001078550272, 1.2325326729215e-43)
(0.19367616478137795, 1.1012670473472575e-43)
(0.16227994284442568, 9.687720999618002e-43)
(0.1820505355667497, 7.801716513891602e-44)
(0.2830370376843118, 7.461217879418624e-44)
(0.9988308944301877, 7.404871640121314e-44)
(0.323154404992932, 4.205694661788475e-42)
(0.49985535828005534, 9.201392396820413e-44)
(0.5368121953094896, 5.335470405892342e-44)
(0.15210086266431583, 1.9953940450979997e-43)
(0.5682151594678775, 1.0668651863170106e-42)
(0.4006263014925102, 8.226362603952281e-44)
(0.2823779973318075, 6.516109226452429e-44)
(0.8034300050270428, 2.011246932060671e-43)
(0.23453307837458864, 8.363037753486688e-44)
(0.6642808060571825, 5.626621394400017e-44)
(0.2377511001226588, 1.2878699014984718e-43)
(0.6132109144406076, 8.478289036128254e-44)
(0.4975257554662234, 3.1493845968976905e-43)
(0.13892738864181436, 5.74095947428553e-44)
(0.839854620937081, 9.57807952776219e-44)
(0.17674053594943379, 5.366695410783794e-44)
(0.46778279754936725, 1.7075364751829446e-43)
(0.1751734129478608, 1.1660521254575966e-43)
(0.7619225457661747, 6.591360093415214e-44)
(0.005808388909459983, 1.9693546379798273e-43)
(0.9596561511177066, 7.966706821957505e-43)
(0.02096803895552354, 7.846688257998663e-44)
(0.5709644705303771, 2.1979385969191516e-43)
(0.9639679397226681, 8.392377649770116e-44)
(0.8569444858573445, 1.4864892083983203e-43)
(0.9301888045796504, 1.7603541810098311e-43)
(0.9372997954900177, 1.3499672370141056e-43)
(0.3277029491195341, 6.575055144398973e-44)
(0.2874602680019605, 6.913549934854747e-44)
(0.17386596105762694, 1.1591994472153746e-43)
(0.5176613416696272, 8.413968373857105e-44)
(0.7113186664041353, 7.51025493817431e-44)
(0.421662428953132, 1.7515767722242324e-42)
(0.8841883411328392, 1.5991531999886472e-43)
(0.8643410816802222, 1.5787630155186584e-43)
(0.46629996579378236, 1.3267620553830768e-42)
(0.7431055574102781, 5.83443047435603e-44)
(0.4493830328911283, 4.190609608222295e-42)
(0.9999459103250977, 3.4541712308016563e-41)
(0.9543701000143302, 3.1662959363152814e-42)
(0.056989375718371406, 6.330533230452606e-44)
(0.7963544469565815, 1.2214253933907397e-43)
(0.9693378422041024, 7.166525733981557e-44)
(0.7018114485503018, 7.198751788272293e-44)
(0.8875099246337729, 8.339463528736356e-44)
(0.5351801905860025, 1.0559090771672044e-43)
(0.3980997089433159, 8.093274414503968e-44)
(0.16428823081642385, 7.344916993264986e-42)
(0.48184472735458317, 3.3491769950669583e-43)
(0.8096430166455982, 6.15918898608963e-44)
(0.20714313639962922, 2.8008262849507202e-42)
(0.4617915818198866, 6.288673568475179e-43)
(0.32545823958337355, 4.137542283366364e-43)
(0.4304159086596114, 1.7238189446034448e-43)
(0.9749782902897727, 1.5583643058805503e-43)
(0.5614251397222735, 2.2679922353476307e-43)
(0.09672966145034058, 5.821726645430329e-44)
(0.6378275761812392, 5.228151700697241e-44)
(0.6151290900468612, 5.456426868930549e-44)
(0.49578327199059746, 1.3180502030133626e-43)
(0.5991535212927689, 4.214559165163096e-43)
(0.2760254886719395, 5.386733967285084e-44)
(0.07707250505022945, 5.428977281145026e-44)
(0.8328754908226788, 1.6495481126895076e-43)
(0.40610311529817006, 7.972013274352147e-44)
(0.0719769903797434, 5.862452569649162e-44)
(0.9535188395866203, 5.352494795347618e-44)
(0.5989716562958077, 6.824423582063608e-44)
(0.2601591743865686, 1.669389634750402e-43)
(0.3955360973685234, 9.345683464087167e-43)
(0.2597640255549295, 1.132266914414996e-43)
(0.4387160118431302, 6.549024856409131e-44)
(0.5948969780010214, 2.591403183094509e-42)
(0.6870396674037292, 1.7150349564670673e-43)
(0.06265405385289971, 1.4530695994141524e-43)
(0.8870442242513608, 7.55679012722312e-44)
(0.21990783334039699, 5.574348024122055e-44)
(0.9448386079827144, 1.2524927249918481e-43)
(0.05848870471173528, 7.958912530380408e-44)
(0.10559338297117489, 2.431363990935669e-43)
(0.6029536688947167, 5.035782574369385e-44)
(0.6305775900670243, 3.0900562750074672e-43)
(0.5626629500149155, 6.306197707133401e-44)
(0.7271552827656219, 9.833044289531387e-44)
(0.05321031396076965, 6.792955320042508e-43)
(0.3836100164048635, 1.0257786661343198e-43)
(0.7512152887930681, 1.6065047070865754e-43)
(0.16621452921924623, 8.712685308772677e-42)
(0.5001246656549441, 7.681032904637123e-44)
(0.41804355003131916, 5.58063213017064e-43)
(0.04633201058414084, 1.4128387167773833e-43)
(0.7046503564666137, 1.3117304303471384e-42)
(0.399087748314032, 4.539027148306106e-43)
(0.8989471795279874, 7.203349022855115e-44)
(0.19390528212664476, 7.776328130758881e-44)
(0.44144589262054423, 2.1801794439974317e-43)
(0.8200414934184005, 8.085464920675667e-44)
(0.3638235275084153, 1.0320314454640043e-43)
(0.3836871797569824, 5.048038886726043e-44)
(0.7821533312579595, 6.757552582852429e-44)
(0.15574446060549244, 1.463416088148513e-43)
(0.15277291734019974, 3.026885332646204e-43)
(0.74087531276664, 6.055338301560519e-44)
(0.40676571032637876, 5.089629913442607e-44)
(0.07012874135844609, 1.1533568028915886e-43)
(0.49481761095811627, 5.520074320506656e-44)
(0.6091197948437825, 8.336985080617311e-44)
(0.5185723725722996, 2.6649006768619713e-43)
(0.9247661090439757, 7.52499213321428e-43)
(0.8329728373788083, 1.226998724017106e-43)
(0.21202105683703912, 5.671334936264051e-44)
(0.08960519835858224, 6.616383166293365e-44)
(0.2937062822053404, 9.406405662747128e-44)
(0.35730460736104325, 1.209648726905541e-43)
(0.687943902570817, 1.7240902671827606e-43)
(0.48970024900235226, 5.607999408886632e-44)
(0.5998302610795021, 5.840635584797482e-43)
(0.7116076317520339, 9.104438677603244e-44)
(0.08643440482697785, 1.3545178016375682e-43)
(0.8022323741109039, 9.182492783807407e-44)
(0.23100547636591776, 9.137014504068284e-44)
(0.006659754804031958, 7.233041803391788e-43)
(0.3522713844703269, 1.2512803797183524e-43)
(0.2512249470816624, 1.0252299140815777e-43)
(0.30903883081573374, 7.963324422784896e-44)
(0.37581326044067553, 3.619558328077121e-42)
(0.5963665258537569, 1.3854619771658862e-43)
(0.5307837895762545, 2.7581303586792124e-43)
(0.9883681704989646, 1.0124538169144149e-43)
(0.3785855858836988, 8.291543494718359e-44)
(0.1931541616056846, 1.9907140069136265e-43)
(0.6921428027209688, 5.524547604722267e-42)
(0.3075928354505259, 4.078224692587292e-43)
(0.8816981759809375, 3.9666160126718085e-43)
(0.3959926812746737, 1.690674407874407e-42)
(0.4065882727132904, 5.172735055945078e-44)
(0.2567030449187638, 1.5992588027011408e-43)
(0.8441452574421149, 6.156171371874317e-44)
(0.9261676752457804, 2.804794169291095e-43)
(0.6501630469006373, 7.423737882069801e-44)
(0.530000368007554, 5.30800196100225e-44)
(0.2841424075933265, 6.297012768299973e-44)
(0.5582927686503651, 6.390565445757187e-44)
(0.9867557028600249, 4.84637762530434e-43)
(0.1839075137225904, 6.523765068791679e-44)
(0.14097083868666443, 4.130713944068344e-43)
(0.24241595902232127, 4.4979865818017294e-42)
(0.7077283936186136, 1.0202159813411519e-43)
(0.03289577181959333, 7.478808429309401e-43)
(0.9175875825601243, 1.050300964832661e-42)
(0.20007441771683038, 6.160235149482129e-44)
(0.2714508398042153, 1.3240784802803757e-43)
(0.5444201707997779, 1.6507097684813487e-43)
(0.4041369333957362, 1.498622492158525e-43)
(0.5550172191428305, 5.821996970782497e-44)
(0.186233885184584, 1.329116855647545e-43)
(0.10829603820250452, 2.0795908337742856e-43)
(0.8150436168647297, 3.0306427155197702e-43)
(0.7329865526733843, 2.7970481332727428e-42)
(0.9308681593789156, 9.838502544545766e-44)
(0.23760706996581135, 1.0215299077020651e-43)
(0.8922917098828145, 1.1989344994301108e-43)
(0.5250365483049576, 5.037748324695629e-44)
(0.649733097280155, 9.676141077992732e-44)
(0.5981078550924688, 1.2240050039849953e-43)
(0.14065281621445153, 1.0556959988590073e-43)
(0.6934405208483876, 9.053879659344053e-44)
(0.14319739812972176, 5.779211649434908e-44)
(0.8774100155775799, 1.2486577721592192e-43)
(0.5253936075582526, 7.855358611727654e-44)
(0.6402047288783692, 5.625203177849518e-44)
(0.06453206706913832, 7.208763363365927e-44)
(0.4835014946915955, 7.834387134317767e-44)
(0.7285344429331541, 1.5746899760913765e-43)
(0.535787432369111, 1.5473091320956788e-42)
(0.32593558809619433, 1.3276779745471042e-43)
(0.04882828733498102, 7.195717235566502e-43)
(0.09130131666055986, 3.403904124442321e-43)
(0.9748281829266461, 1.3625240045098619e-43)
(0.8082288112651533, 1.4783868669955695e-43)
(0.3409050489059312, 3.655631708037136e-43)
(0.09270701887162468, 2.876927478716595e-43)
(0.695247939492221, 6.098027144372921e-43)
(0.7828610238344231, 8.801198348339487e-44)
(0.19121396558604534, 7.576666221553624e-44)
(0.4303514004113075, 6.84910487655336e-44)
(0.10304831929469503, 1.3419133966730175e-43)
(0.8170469289069756, 5.768160491870634e-44)
(0.7606975620240977, 8.48843296736792e-43)
(0.962426687618695, 1.7125960016409274e-43)
(0.3919018314652828, 5.662238706959671e-44)
(0.6641466679689377, 4.871828072203579e-43)
(0.18085440556501084, 5.579143322203238e-44)
(0.06374935187182112, 1.2840492353730324e-43)
(0.259576807571815, 9.66746280176324e-44)
(0.008113064090455887, 1.3971444758706219e-43)
(0.15571520472024517, 6.315171699442376e-44)
(0.2887001697144207, 1.31501329631518e-43)
(0.27438657104816505, 6.038810610794212e-44)
(0.42762225444995017, 2.3263030816055697e-43)
(0.27550793435240684, 1.9949506456462372e-43)
(0.2691277022896689, 5.490909638457452e-44)
(0.42889940373237095, 2.983063967261778e-43)
(0.06940804373504855, 5.843340016533306e-44)
(0.5782633434182514, 5.289419705383725e-44)
(0.2601189862871589, 3.5032801959059608e-43)
(0.632526843270885, 9.892659138555845e-44)
(0.3427721849812516, 1.989703902514809e-43)
(0.31683235757637274, 1.150721754043418e-43)
(0.320934514871459, 5.337255140145702e-44)
(0.24479710525280607, 2.3596234091653915e-43)
(0.32773076189261285, 3.1598724274796184e-42)
(0.8387762348482365, 6.198023956990506e-44)
(0.02431595605194551, 8.191119771134294e-44)
(0.799697234945681, 5.974330008142721e-44)
(0.4073725687831032, 1.0010344490922922e-43)
(0.022377677204355035, 1.1215956346211675e-43)
(0.29743320371174614, 1.7955060798327916e-43)
(0.5190562845050591, 7.756905833502968e-44)
(0.2873555546367892, 9.383759436496652e-44)
(0.30162619398467644, 7.171325242152762e-44)
(0.7821633488444268, 1.7357060482083318e-43)
(0.7457158662529725, 8.8442554614375e-44)
(0.7473071501063417, 1.441520770121696e-43)
(0.06626593778877092, 8.074318041457151e-44)
(0.48186269209180776, 2.2575389169603264e-43)
(0.9597209793653682, 2.0858218560827588e-43)
(0.6950009192564507, 6.612061284495265e-43)
(0.9796392376739482, 6.199724125281185e-44)
(0.2891119343883206, 1.4347115309170731e-43)
(0.510171632989464, 8.730384455387307e-44)
(0.5404204127826855, 1.2956159127896326e-43)
(0.6542233870337089, 5.085158918684956e-44)
(0.5120860053025608, 1.9846229418333303e-43)
(0.9345701902613492, 1.041862979365607e-43)
(0.7184947560645173, 1.2680252277356502e-43)
(0.5112881031844001, 8.227280818974427e-44)
(0.38911098612990574, 1.2819971012675921e-42)
(0.8831183800195916, 6.226677836515166e-44)
(0.372029476352018, 6.488240299880818e-44)
(0.2558334293264558, 6.145722375896343e-44)
(0.6634126186713422, 6.161216767278061e-44)
(0.22281956887214552, 1.2545741553344511e-43)
(0.4447285656451907, 5.711000939249588e-44)
(0.0286275171311499, 8.383332299444616e-44)
(0.9377157429782182, 1.8595651339424898e-42)
(0.8797878253843145, 5.368276433208091e-44)
(0.5147302608924308, 3.983126632110769e-43)
(0.3578393272475068, 2.5947226672119527e-43)
(0.34847733433447564, 6.011104771544281e-44)
(0.3115331988412438, 2.181715048128173e-43)
(0.2482398415095786, 5.947738285853733e-44)
(0.412907010082132, 3.3546756734821244e-43)
(0.925335960866656, 1.7640828408746896e-43)
(0.11229515027206069, 4.389655220598896e-43)
(0.22964039734772002, 5.332259647214923e-44)
(0.7069596939524788, 6.081986438540756e-44)
(0.7640989265652903, 7.182694380008191e-44)
(0.008629058350873391, 6.9107801927131e-44)
(0.516947584716879, 4.562274357146935e-43)
(0.5752149821031698, 1.0059538120973082e-43)
(0.17591582975446232, 3.1025866891895463e-43)
(0.2220657080750965, 4.04332917468929e-43)
(0.7300758408377742, 7.152516558914693e-44)
(0.727372126145355, 6.093957642465143e-44)
(0.29811534851547755, 1.0473325577033643e-43)
(0.7547750558759327, 6.398054495772756e-44)
(0.5591340822622914, 1.704734884341361e-43)
(0.4285631346503002, 5.370902979022013e-44)
(0.4756491687260945, 3.144629461685381e-43)
(0.0668775523678084, 1.7847272366015546e-43)
(0.2007633329410583, 7.371953519491967e-44)
(0.31394105873720535, 5.030362348511401e-44)
(0.384426833533398, 6.493117089684723e-44)
(0.9722843440956852, 6.1900427133915e-43)
(0.7167105676193274, 6.533642603214636e-43)
(0.4388301754380532, 6.593475162183991e-44)
(0.8305019930960857, 8.818580232231384e-44)
(0.04990449651126377, 5.779606302889971e-44)
(0.3988347794749466, 5.507737034498424e-43)
(0.7584576601316863, 4.432510296363872e-43)
(0.6657384350130613, 2.1936019922649173e-43)
(0.7606418015254754, 7.653237287169979e-44)
(0.06583396441628488, 9.069056873071682e-44)
(0.5208011090927114, 9.572208092065392e-44)
(0.4055426165791087, 5.416379614514753e-44)
(0.025858789406522635, 1.4130834625218656e-43)
(0.08949136083017388, 7.25487071269619e-44)
(0.42557007243366307, 7.971438220952809e-43)
(0.30155820668607947, 5.857547521726064e-44)
(0.6381382304273855, 1.5395496199818597e-43)
(0.1602904931205252, 9.151523383543093e-44)
(0.4038367398622574, 8.718201223335007e-44)
(0.78384645421634, 2.986764023007828e-43)
(0.33040662832114776, 1.2512485031651664e-43)
(0.9996462582099915, 1.4199557142062364e-43)
(0.5324434808799339, 3.6816805760535336e-43)
(0.2877549476973322, 9.481155411594877e-44)
(0.13674571742857716, 1.332701654326333e-43)
(0.1258682241295915, 7.344438785018973e-44)
(0.2960935193371194, 1.0336496194514858e-43)
(0.3349331284035904, 7.444047393342497e-44)
(0.8773939488906818, 1.26303225758877e-43)
(0.22020350463533733, 1.008478262086665e-43)
(0.49562549403562123, 8.980489355242556e-44)
(0.8581850985347979, 5.355684970488757e-44)
(0.8896484643670883, 5.038470689559353e-44)
(0.7141471025112445, 1.6358904894276228e-43)
(0.24281342310531187, 1.3645900245333104e-42)
(0.45089498194612976, 1.4487591703483826e-43)
(0.49493344034005665, 8.038647906411544e-44)
(0.6357123952109012, 4.481544325933053e-43)
(0.3765097007046805, 5.061363834509094e-44)
(0.40455907766954885, 1.214210163249675e-43)
(0.010083267786613118, 1.896823211660609e-43)
(0.6335597054880051, 6.359496266368602e-44)
(0.6163047972028454, 5.947410188385364e-44)
(0.7390863093863047, 8.316701747392645e-44)
(0.29692362346609397, 1.1294258713950892e-43)
(0.4972178986115456, 1.0900856474187143e-43)
(0.6451644106247338, 8.555629167238481e-44)
(0.9640558833981157, 1.1711692977887673e-43)
(0.8440267359291527, 2.3506193041558595e-43)
(0.5317631385128424, 1.0604710102784181e-42)
(0.39220001929483284, 9.21708495138181e-44)
(0.9760959098549165, 5.840590858248512e-44)
(0.4856684240805793, 8.128694635131508e-44)
(0.9340230800744812, 5.865037233741373e-44)
(0.4629106746246035, 7.184890432109505e-44)
(0.15427357504713038, 1.8788825558299998e-42)
(0.3968709820803704, 2.484431743831401e-43)
(0.5415444984920404, 8.714610903694347e-44)
(0.12146223733794959, 9.261179943528509e-44)
(0.5707375450413094, 5.746249669466248e-44)
(0.41856071567287423, 6.861685866780003e-44)
(0.08527896603865057, 5.487879507494026e-44)
(0.034148665972775855, 1.0386293037898584e-43)
(0.2891025923165699, 6.141012616478738e-44)
(0.8081418098655905, 1.0151470481903675e-43)
(0.485367017546826, 1.6488070384394458e-43)
(0.2940816441329048, 1.0376713689655207e-43)
(0.9242252620797796, 9.314854461436887e-44)
(0.39830734347644114, 7.092715927822698e-44)
(0.2659603054524604, 5.746584927788316e-43)
(0.7368504660334759, 1.0618016652538025e-43)
(0.8917326936474841, 1.3002584259689942e-43)
(0.4234034053883887, 1.1932371009424935e-42)
(0.7277201816275711, 8.080737997797602e-44)
(0.49853847243403976, 6.002122492537795e-44)
(0.41302790545682244, 3.134691701058443e-43)
(0.580066234034782, 1.150743845951643e-43)
(0.5102998483464581, 5.159489442413742e-44)
(0.559143233328462, 2.179285101828253e-43)
(0.13197586299638275, 8.173662906241817e-44)
(0.8416321762967806, 6.84752871302296e-44)
(0.9505471179600694, 8.249920520725312e-42)
(0.9010607524472345, 2.3790576899550282e-40)
(0.41332233974925003, 5.855903751029648e-44)
(0.6668628705665227, 1.5389652685775258e-43)
(0.5199612915597845, 8.824992654367471e-44)
(0.9382571587375961, 7.442627495829416e-44)
(0.4369649986146995, 7.060677621194731e-44)
(0.7866715439695924, 1.9614437637870003e-43)
(0.16638086665880525, 1.6093504126355575e-43)
(0.33440581613244397, 5.123096265515325e-44)
(0.04256255142543414, 6.365319713510794e-44)
(0.6142496380510726, 9.763197601987702e-44)
(0.5122694844887654, 6.39664312898602e-44)
(0.08199882144421076, 3.20227547598913e-43)
(0.5598268320036958, 6.151996688386859e-43)
(0.5399526007297544, 6.983794602968479e-44)
(0.9564835883929439, 8.762606461489692e-44)
(0.7953068430042153, 3.906306050321015e-43)
(0.4963881063736314, 5.235605965591072e-44)
(0.0678489167288928, 9.416932567833717e-44)
(0.6554774762767125, 8.251629953730563e-44)
(0.4403632035150445, 5.330521754377076e-44)
(0.2828647138570373, 1.2672317796996839e-43)
(0.35175901336686055, 2.0998405674701486e-43)
(0.5580275980275589, 7.017665977317993e-44)
(0.6324910599867327, 1.3869061590840395e-43)
(0.4268980751469929, 5.223542969920076e-44)
(0.3026353746032143, 1.140006015787504e-43)
(0.7647712904966286, 1.5064926651143162e-42)
(0.26795050799792575, 1.7834467862065763e-43)
(0.6702002533362837, 2.5297528485330345e-43)
(0.7137601916127506, 5.321751957362592e-44)
(0.2283248696941232, 2.0015027302571022e-42)
(0.8623405913541663, 5.532254650272911e-44)
(0.3807265948967153, 7.841387435018037e-44)
(0.7821387231755196, 1.1894227612859284e-43)
(0.84279752290167, 1.226175112379806e-43)
(0.11255247530475658, 8.870339320446353e-44)
(0.019757845905135164, 6.270966755028085e-44)
(0.40429719210965714, 7.099119736588504e-44)
(0.31223337432802667, 1.0085067511904226e-43)
(0.9936574408589725, 6.950269524703117e-44)
(0.8663727644752487, 6.362040933224768e-43)
(0.49955986762887467, 9.611164157490128e-44)
(0.7228367456614712, 8.477107217995685e-44)
(0.6456142846630775, 3.318276484753004e-43)
(0.30361283856595406, 4.1439198634764765e-42)
(0.7916968409035476, 8.10273291000458e-44)
(0.07735892592127375, 2.9854917783015688e-43)
(0.7263208450556803, 8.716554255876375e-44)
(0.7272413688502615, 8.126058276672039e-44)
(0.6526298876235358, 1.606211764297633e-43)
(0.20911642106265735, 5.208009465593252e-44)
(0.8282992105185845, 6.271559392084859e-44)
(0.267766030232961, 9.02968364178565e-43)
(0.005976721761887068, 6.68179573202065e-44)
(0.7988192643295958, 2.131934943876544e-43)
(0.8295983479173537, 6.033413646903431e-44)
(0.8760589453501998, 4.284502387662696e-43)
(0.69292422432021, 3.4312494119955655e-42)
(0.660616036700175, 7.585392469485427e-44)
(0.2734508676498339, 2.3648417877981483e-43)
(0.6426662938074033, 2.740632097844287e-43)
(0.7393629078270904, 5.737935320626765e-44)
(0.21818835923268118, 4.97642518568383e-43)
(0.9924205371120323, 6.891432947348026e-44)
(0.17574656707921052, 1.1634385094352592e-43)
(0.9002173613567825, 7.897739922625048e-43)
(0.23730594590250262, 8.311662807854947e-44)
(0.4169526026419568, 5.779189147017902e-44)
(0.04760470784143831, 3.169178752566856e-43)
(0.09832055760507716, 5.373521224525568e-44)
(0.5595313785816604, 5.785894357312823e-44)
(0.8484414236477092, 6.020097785704239e-44)
(0.3557082482852189, 1.0760839147574632e-43)
(0.4109114350969026, 3.0779338491120897e-42)
(0.7371697683893208, 1.743783796787725e-43)
(0.3091410606349761, 1.1928050300141746e-42)
(0.24270510193533396, 2.306943642279955e-43)
(0.3512535896692085, 1.030786532790538e-43)
(0.38367292231949257, 4.2617744370036515e-43)
(0.10994703120855649, 1.345148461538799e-43)
(0.9437263602997237, 8.121762795520806e-44)
(0.39271583557259554, 8.083530977379633e-44)
(0.9031390444808249, 4.128484880265936e-43)
(0.8534069560653336, 1.0244272232340548e-43)
(0.5940614652330327, 5.150935359970545e-44)
(0.3910509538038162, 2.1921442515719713e-43)
(0.4817802757471106, 6.551888078706803e-43)
(0.1943757641498245, 6.347006291463536e-44)
(0.575816718099199, 8.307723743066323e-44)
(0.5840141843068557, 1.1820656337609716e-43)
(0.6733655504198788, 1.066256785437023e-43)
(0.03396275538894626, 1.2288335291080884e-43)
(0.24559245161101326, 6.325007522900696e-44)
(0.09812863136269315, 1.324695169278999e-43)
(0.773641001978488, 1.2997513064183862e-43)
(0.6062674295068483, 1.1976444241686507e-41)
(0.9924949295130933, 6.220181121633601e-44)
(0.3091089368337822, 8.434485139527143e-44)
(0.4171567419015032, 5.019006470337355e-44)
(0.5648892951378985, 9.2589560895527e-43)
(0.8881163284391784, 7.022028189439222e-44)
(0.41396908860141596, 4.455647819623178e-43)
(0.19488329673456567, 7.844810874972465e-44)
(0.06610266481561246, 9.926799288746211e-44)
(0.9028802155375018, 9.054891155762698e-44)
(0.2405347334849144, 1.476919366351783e-43)
(0.8298698482951756, 9.103800747311442e-44)
(0.057175657280696804, 8.875998696150707e-44)
(0.6873560867320067, 1.617423002962231e-43)
(0.2178858099817453, 4.509292998170465e-43)
(0.6378490263763407, 2.0938155556889256e-43)
(0.31946598474289933, 5.211713248591094e-44)
(0.5214829587011626, 9.7911598373973e-44)
(0.37651918544438606, 6.341437415685931e-44)
(0.16812755186800324, 4.149659483821668e-43)
(0.5711210073483096, 7.899117376037587e-44)
(0.3551130687205697, 5.664599932288659e-44)
(0.20106175614444377, 7.487487091429796e-44)
(0.9749445934657391, 1.6382761397891443e-43)
(0.15046440207355344, 7.508599521169908e-44)
(0.4005599947927257, 1.5183962983776051e-43)
(0.8975788166490994, 5.639755736058774e-44)
(0.708351989696826, 2.7231253180870685e-43)
(0.3197135142885671, 1.6784561540314203e-43)
(0.3475401755220934, 1.3860117171180853e-43)
(0.8330886519193628, 7.253623671430453e-44)
(0.771299750963837, 1.460843024991984e-43)
(0.15260321985433228, 2.807019753367419e-43)
(0.31321682534148954, 1.9542895876681237e-43)
(0.8284220409416592, 7.827038454536615e-44)
(0.9529495008828711, 6.351222226936851e-44)
(0.6829364030497554, 4.225222003749579e-43)
(0.31663750490790504, 1.877657499146361e-43)
(0.12892108383793982, 9.179453611081577e-44)
(0.5551774835246124, 7.580891477305152e-44)
(0.44394275138546185, 5.715286226921599e-44)
(0.16284818972521903, 9.43586198542631e-44)
(0.6823391650648333, 1.797393140387277e-43)
(0.01623771790450788, 6.347110113420037e-44)
(0.4868511213692815, 3.1515640235165522e-43)
(0.5193618551409815, 7.149926336697798e-44)
(0.4854531906883809, 5.329989214444353e-44)
(0.6609077569627341, 1.8131661444708604e-43)
(0.7443678737746696, 1.3549976241295117e-43)
(0.8255713371839253, 6.75249258747088e-44)
(0.6688284288814039, 6.550959854605306e-44)
(0.5240847998703809, 2.9327581799080434e-43)
(0.15020396704196193, 1.8212790396095542e-43)
(0.03322712173630679, 9.867000921131111e-44)
(0.03052396107318769, 1.6287728798014666e-43)
(0.23871920210418185, 1.4366919058877205e-42)
(0.8961986895209118, 9.032133209013683e-44)
(0.4458941253302511, 2.915761584097244e-42)
(0.5679073637112205, 2.815778813208283e-42)
(0.8446215617998452, 7.081165632022118e-44)
(0.8860968493771175, 5.3679660014615365e-44)
(0.6705303447426616, 1.021019363251694e-43)
(0.5161480849007457, 2.0647952018007935e-43)
(0.494932877137189, 7.215195085697277e-44)
(0.19474492429296414, 8.616628838179378e-44)
(0.3954739678765198, 1.6382191360286209e-43)
(0.41302108978132857, 2.7446910936818178e-43)
(0.7131915877944122, 5.180231365300712e-44)
(0.35968737777913334, 5.651500819095287e-44)
(0.3488977051989928, 8.5761976153220445e-44)
(0.34067705989980124, 1.2066765541787262e-43)
(0.6634929243081678, 4.6809745621489266e-43)
(0.5365659137472151, 1.088872058306732e-43)
(0.41872124929455734, 4.2649197564046256e-43)
(0.6333042511021819, 1.0136799365857352e-42)
(0.29833594769763594, 6.334630329711149e-44)
(0.1833091895234628, 8.74773843245516e-44)
(0.5149246609945004, 7.27221185582572e-44)
(0.7650564776587158, 1.2251770430342978e-43)
(0.8432239632310767, 1.762691537561663e-43)
(0.5820440334133186, 6.718498047380494e-44)
(0.5321397949269514, 5.805561289786495e-42)
(0.702298193630317, 5.882401780990428e-44)
(0.3117380783012516, 1.3689161701894647e-43)
(0.94370930986727, 5.574133534608493e-43)
(0.17008293736061078, 6.706141280471167e-44)
(0.9742066783609121, 1.425949300979247e-42)
(0.9854081342899099, 2.6778668551786516e-43)
(0.46220003494583894, 5.147424698441649e-44)
(0.598796459466216, 1.967769475706741e-43)
(0.9252663927452488, 1.751204990168908e-43)
(0.09481312719772317, 7.325555301744e-44)
(0.9522980491416837, 6.444270813203111e-44)
(0.9772589758385893, 5.443956052809676e-44)
(0.5530555267421352, 1.9647000541733725e-43)
(0.014066025450563176, 2.768330923437644e-42)
(0.47567223776323425, 6.383116595161164e-44)
(0.7200502032964344, 1.7612635583657092e-43)
(0.5671668761992198, 6.509715959293268e-43)
(0.40074539300369233, 2.9451829335419576e-43)
(0.5065870724206694, 9.365350304712512e-44)
(0.3553888400814053, 5.116481331286542e-44)
(0.694974415414976, 1.2360637115259544e-43)
(0.8838741729742642, 1.1085654550349116e-43)
(0.11347811528766487, 6.383222328183659e-44)
(0.9144141780415825, 8.554170853458992e-44)
(0.6163465650190337, 6.656316793197055e-44)
(0.9724481532606486, 7.834327198033276e-44)
(0.07045117175362353, 2.2005849869964002e-42)
(0.5917853598080215, 1.9267344977184947e-43)
(0.8079898305459157, 1.0686199944411723e-43)
(0.3090812586060472, 1.3987400978601099e-43)
(0.9988546028139269, 9.733298945863522e-44)
(0.20534131037901604, 5.466906984860923e-44)
(0.1318001840921702, 1.6737280260989195e-43)
(0.06399319078115376, 5.290149642367717e-44)
(0.5635270110096599, 6.975533801169903e-44)
(0.2953181305812994, 5.997380585567652e-43)
(0.21470775986128202, 8.747108609466085e-44)
(0.6664922084133966, 1.1641002953060747e-43)
(0.15971843438055636, 5.942969201312054e-44)
(0.3657972799073515, 5.759252001631179e-44)
(0.030962667211878087, 9.902359526398583e-44)
(0.9765673709724259, 9.223112444300469e-44)
(0.6650760733402967, 1.6075866628119368e-43)
(0.7204057501701875, 7.098998338278764e-44)
(0.4025281023137361, 1.4387598607290167e-43)
(0.4033804094102755, 1.2191711541581909e-43)
(0.2793256121760641, 1.0611824180102226e-43)
(0.22143246334712066, 1.2956973772559401e-43)
(0.35631959129904, 7.823160079174385e-44)
(0.127385668688081, 5.531572632991814e-44)
(0.3228191744631445, 6.702149502192847e-44)
(0.16666675916700055, 5.073324722176922e-44)
(0.49568924601414094, 6.026024278324451e-44)
(0.9002627704506745, 7.673339610268999e-44)
(0.7213268413549233, 2.1928307925947102e-42)
(0.5835677817803568, 5.216941080031086e-44)
(0.31822376951016873, 6.269058440686858e-44)
(0.5139111565805776, 1.2428026064432732e-43)
(0.03785810752296187, 5.976190443098877e-44)
(0.6392616886117907, 7.329295263146163e-44)
(0.8629738812881376, 3.5645887861050195e-43)
(0.44354122205707214, 2.2702789913846234e-43)
(0.9944359346323103, 4.0770240811886e-43)
(0.0046809839072955986, 7.54138663080703e-44)
(0.15949695500198785, 1.8290650261251614e-43)
(0.8175272602512335, 7.655342664530711e-44)
(0.683816834480423, 1.8101551301176618e-43)
(0.8079003141164633, 4.474318134066344e-43)
(0.7474486709539729, 7.946042074572028e-43)
(0.7270271795286384, 5.336920342146993e-43)
(0.27052361590669366, 3.964022581655932e-43)
(0.24668955431564094, 9.73193674118683e-44)
(0.41334291458752587, 1.0620609088413362e-42)
(0.6317451441806882, 7.123745174334679e-44)
(0.4400996327374622, 8.257673768148428e-44)
(0.42240814798217313, 5.517578652021954e-44)
(0.6642033450751664, 5.440454865764224e-44)
(0.057987193672091784, 5.679937345358859e-44)
(0.38340627360924034, 1.2736511697287379e-43)
(0.8070220526267888, 1.0773226275670969e-43)
(0.14002228198860595, 1.3181540907681961e-43)
(0.5327600385256606, 1.0822234072969404e-42)
(0.008844996887974957, 1.100572422503055e-43)
(0.2842082102828021, 1.6997996333666512e-43)
(0.9823209212815692, 1.3146726988874124e-43)
(0.9244321863269775, 5.090773586044232e-43)
(0.7929130638951145, 2.454784642695663e-43)
(0.5027755389817335, 5.975915132318884e-44)
(0.9818726813646284, 1.006366474837269e-43)
(0.919867252432824, 5.359628851767918e-44)
(0.31141180720056866, 5.873423892802617e-44)
(0.7670954664717572, 1.6111971643467337e-43)
(0.8807190525117923, 8.017866438542044e-44)
(0.6876109583215918, 2.878303036109417e-43)
(0.5803669419111049, 6.019772329047899e-44)
(0.64674686031528, 1.7125358121688301e-43)
(0.0757527989696977, 2.4507214762782406e-43)
(0.30127268012224206, 2.830164520012736e-41)
(0.34988763830445274, 7.734002645024648e-44)
(0.652265752637824, 5.0378585867045e-44)
(0.4380617860448844, 8.977850187059174e-44)
(0.5905358308057366, 5.603625231543313e-44)
(0.5081477950076166, 2.160379958578222e-42)
(0.8741785057345814, 9.470892138770257e-44)
(0.4797526301427777, 5.937832341516873e-44)
(0.7275637240511282, 5.972348250218764e-44)
(0.8137460316286461, 1.3030551798459221e-43)
(0.8575250905153236, 8.478913076973756e-44)
(0.25405816150980787, 6.220435750133131e-44)
(0.9147317741000145, 5.692093237008984e-44)
(0.09508690949439687, 5.111208146340818e-44)
(0.2825427900872051, 7.371205972634319e-44)
(0.3375966754235827, 6.764432658792718e-44)
(0.70609396148543, 1.3175303322603045e-43)
(0.44167754149778704, 6.488845397523592e-44)
(0.43541403277075497, 1.1773811857755531e-43)
(0.14125092589005497, 7.014711407336434e-44)
(0.955448375911931, 7.1623342829209e-44)
(0.6185152367892335, 7.079893605471868e-44)
(0.27343008804378466, 7.077104869282599e-44)
(0.5976647535503414, 1.1297365371925277e-43)
(0.8175417948656454, 2.1465463568371067e-43)
(0.5416220912116461, 5.117682702074743e-44)
(0.06304614238585993, 7.220349998002634e-44)
(0.6681151056043846, 5.6720699534318125e-43)
(0.6087901442485046, 1.578118171113983e-43)
(0.5535111420933789, 5.312555292910503e-44)
(0.22054199544144235, 1.4517028737747343e-42)
(0.027818439371593777, 1.3039140741534565e-43)
(0.24153483310071203, 2.5185371300583208e-42)
(0.03602420732928319, 1.6119217852592554e-43)
(0.5987088389828759, 7.254038587430942e-44)
(0.7389247019158143, 5.1067214666832254e-43)
(0.3381234201606838, 1.1121746258963044e-43)
(0.18702189021819485, 6.928993704217659e-43)
(0.30433520596807656, 1.4421537548182606e-43)
(0.7162682720426107, 1.083450938837521e-43)
(0.7835435564822854, 1.945848118631547e-43)
(0.9920997719704574, 2.054191439764902e-42)
(0.1428879709168924, 7.5665627570685095e-44)
(0.22000085529838054, 8.040677493263809e-44)
(0.9215532655694734, 9.707735850014606e-44)
(0.10034805022769218, 7.602822842569523e-44)
(0.8444763818714045, 5.924325631255073e-44)
(0.13127579966114744, 6.866948019564318e-43)
(0.6153185184708869, 7.123242440028868e-44)
(0.17181668561931898, 1.0934382102969612e-43)
(0.8332162040275235, 8.232412541711985e-44)
(0.6167248767051311, 8.197982508663498e-44)
(0.8001800962160993, 6.857301944330085e-44)
(0.24788251195737124, 2.9289953155589227e-43)
(0.7688075718016892, 6.263462955833015e-44)
(0.72594840732506, 5.533037859584193e-44)
(0.6868290224628583, 1.2551779451743856e-43)
(0.05823669177368849, 9.15558990358912e-44)
(0.7399238919179344, 3.9100338437713636e-43)
(0.49232056173561445, 8.493314607195152e-44)
(0.1300903709237392, 7.883446206625455e-44)
(0.044021727152023064, 1.5321587674022462e-43)
(0.7510230979401536, 7.664091049973348e-44)
(0.7511127199879322, 1.4053226440627828e-43)
(0.814895799990709, 1.4554696289959492e-43)
(0.9638910812582744, 8.318705353004165e-44)
(0.6950023314418796, 6.740225800933917e-43)
(0.03332524186150612, 6.456739971247823e-44)
(0.7449007412699169, 7.067417276567733e-44)
(0.7418328636439807, 6.35293642454215e-44)
(0.42149921557880793, 9.189799054514385e-44)
(0.4467733660835034, 3.0418494924972696e-43)
(0.11115072303870448, 3.809460335936311e-43)
(0.2147573729941904, 6.787521259906354e-43)
(0.9757879007684951, 2.4896914399123633e-43)
(0.6073419460168764, 1.046449663470267e-43)
(0.9448021595294098, 1.5193965184275642e-42)
(0.8502294067493105, 2.3621896745003304e-43)
(0.7036028706209344, 5.932752570479035e-44)
(0.04632805268197183, 1.2279336488225777e-43)
(0.4405180329381306, 1.8963345910690177e-43)
(0.6271872187455829, 1.871856151034194e-43)
(0.1072520000782234, 8.065612340691562e-44)
(0.6365511039130629, 1.0125634636618861e-43)
(0.13303444007314855, 1.3025404765508383e-43)
(0.39356075614846975, 9.345258044578818e-44)
(0.9597326890403282, 9.123718742812233e-44)
(0.4157247598956324, 8.412320668873291e-44)
(0.6712037495930878, 8.212348516267577e-44)
(0.7105329374295816, 8.232457403591e-44)
(0.49846033666570955, 8.609920071859388e-44)
(0.4069583434203393, 8.52173532393436e-43)
(0.6305452345516762, 5.961516166326516e-44)
(0.27321167396181617, 5.791059962011918e-44)
(0.5573453335650309, 9.084027359718377e-43)
(0.15373026104230922, 8.373478895129464e-44)
(0.466503463790449, 1.2100160402978396e-42)
(0.49286076111709853, 2.3662845871841017e-43)
(0.45815487808666644, 8.644367522560417e-44)
(0.4427132593948064, 1.1069614749919567e-43)
(0.34783633479039233, 1.9215850939808812e-43)
(0.38928531484402645, 6.053940910290804e-44)
(0.05344181392143219, 5.051754958834775e-44)
(0.7312405345103669, 4.5327065655281933e-42)
(0.3253228736439746, 6.645372226519307e-44)
(0.08637709546043655, 2.9160994949689505e-43)
(0.5913664113410202, 5.293865105038223e-44)
(0.8803020422879129, 8.175244309827041e-44)
(0.20632706124235753, 6.311918669075464e-44)
(0.1833739416703496, 3.0865785901494783e-43)
(0.640809465528682, 6.669697838298609e-44)
(0.8623215768567843, 8.57117414876382e-44)
(0.6163250217500458, 6.69816784620927e-44)
(0.5746774834954826, 6.394277553968638e-44)
(0.4506307349157767, 1.4600322397366704e-43)
(0.6730707047233047, 5.920955041466786e-44)
(0.15754831000056263, 7.177287462978755e-44)
(0.0226290482066663, 1.2063557787515113e-43)
(0.834756649558306, 1.3428124420876234e-43)
(0.6600726431883983, 5.293349297633685e-44)
(0.4769493735469546, 1.5424610470682936e-43)
(0.27647205517227, 6.297708600066556e-44)
(0.8510085848098784, 5.479937509316414e-43)
(0.3849586748782614, 7.926159135773417e-43)
(0.9573989412819431, 9.476874722457754e-44)
(0.4709896065089676, 1.1713741344958373e-43)
(0.8906230018369762, 5.400641190416795e-44)
(0.15803417706590092, 5.992886124110321e-44)
(0.39047630349677953, 5.964866760549243e-42)
(0.1466570849765722, 4.086716576058115e-43)
(0.797762188765717, 6.075897273085772e-44)
(0.5204041720207871, 7.933137150361969e-44)
(0.9101377238820361, 1.1232803290401385e-43)
(0.4116205827578864, 1.3496024535025383e-43)
(0.6242962413522212, 6.704294527295201e-44)
(0.40040891403819556, 1.0140875902666132e-43)
(0.1317924936441781, 1.6663538703086082e-43)
(0.35469925184324436, 1.93514263676442e-42)
(0.9753618624015465, 1.0256866814618414e-43)
(0.5230779962778871, 1.1707876672501418e-43)
(0.698570193105334, 1.186328971269726e-43)
(0.028069871789999146, 2.0625148078330477e-43)
(0.4415534099365198, 1.6205178994835774e-43)
(0.01858597500379838, 3.710503289782979e-43)
(0.06521003243258844, 5.754109827418799e-44)
(0.72355392059277, 7.986987274546739e-44)
(0.9844113584707993, 5.526040169333388e-44)
(0.6102489458959779, 1.0645694293931219e-43)
(0.29143514464624853, 3.4904466962916846e-43)
(0.9431693323051172, 3.753386664592696e-43)
(0.5909134049057068, 1.5063969845152373e-43)
(0.1800816415736087, 7.624612753663082e-44)
(0.7035105166340531, 6.469451091346738e-44)
(0.2105074359720782, 5.345226442026554e-44)
(0.04808311534215085, 8.177603405241919e-44)
(0.059003762786267296, 1.4683567009719434e-43)
(0.39190689123124994, 5.71780750411376e-44)
(0.14343851094180285, 9.109691436343985e-44)
(0.6605258850531026, 2.967065677843615e-43)
(0.7028195124824763, 5.343824267498665e-44)
(0.5716165015327263, 1.1307166758235846e-42)
(0.3814248556133446, 7.654624802711331e-44)
(0.38924393417282355, 7.912714756248389e-43)
(0.5531657690266566, 9.758235905570159e-44)
(0.3381180798619042, 5.153873779867911e-44)
(0.9199159259489984, 2.395170614305628e-43)
(0.477517999813182, 2.143840536634434e-43)
(0.24596595140492228, 1.5965868047925703e-43)
(0.01434181957669274, 1.990798542756336e-43)
(0.9521509143366738, 1.0129843802156663e-43)
(0.936062976460654, 5.609602433922138e-44)
(0.6930506407786057, 7.084295077631269e-44)
(0.3935644235458176, 2.4617461959382836e-43)
(0.2700553930402071, 8.879482562769696e-44)
(0.1132734546281935, 1.5050884292482691e-43)
(0.7045597294986363, 8.915753315652941e-44)
(0.25747487400378655, 8.900738674345371e-44)
(0.966707874714437, 7.939948541449122e-44)
(0.7860619161554646, 6.23973890820201e-44)
(0.5695253696625754, 8.208839647455191e-44)
(0.07606807065468515, 5.615660196773313e-44)
(0.32673724191242476, 5.885087246123027e-44)
(0.5897245151225801, 6.813314260352869e-44)
(0.4308191611537037, 5.703591772158141e-44)
(0.45131293518405174, 5.03564543261038e-44)
(0.6424871557855276, 5.733941530824599e-44)
(0.12740807745823157, 8.485365079165226e-44)
(0.6541958151048791, 6.05025327604651e-44)
(0.5814993346817902, 5.161688732129604e-44)
(0.6855501990182453, 7.867422387703116e-44)
(0.3440154518208569, 5.651545351436876e-44)
(0.8939072617080435, 1.2891467134087194e-43)
(0.10120126829404548, 1.3536513702782931e-42)
(0.5111385615929884, 4.433724950797852e-43)
(0.7065447177360759, 8.02705367991065e-44)
(0.6015063472692634, 2.9896785149073896e-43)
(0.0887406353480105, 8.684002087915731e-44)
(0.6170069114841775, 5.353007238928478e-43)
(0.3912854837072155, 1.0805196883780238e-43)
(0.6677768968637379, 2.0455363740799535e-43)
(0.6265119680687815, 7.916670427884759e-44)
(0.5362669309403136, 5.154813223365173e-44)
(0.09423509678513274, 9.99150000572195e-44)
(0.8010498663284483, 8.812711053962112e-44)
(0.9589095866620929, 2.20148825225686e-43)
(0.5908213420350743, 1.9565585281772885e-43)
(0.8686449573052791, 6.53185159066765e-44)
(0.9652355298575396, 5.719349409668238e-43)
(0.06786110094212068, 9.383504098001198e-44)
(0.5595898295919896, 2.619876500105957e-43)
(0.1927025384004979, 9.888767505745536e-44)
(0.0602373350190392, 7.717818539298944e-43)
(0.25201220147131065, 6.589124272455402e-44)
(0.3068641669286149, 1.5450660338432437e-43)
(0.09607985263629847, 6.023649055931151e-44)
(0.7074996867354318, 1.6716808203246095e-43)
(0.18164601881050266, 2.2341929942354842e-43)
(0.7481275912456539, 1.0339309464036546e-43)
(0.9089794734133774, 1.3904259391535356e-43)
(0.06383499706429266, 1.0643801727165044e-43)
(0.2907408099241641, 8.866648195713377e-44)
(0.5248539560191599, 6.438680584924022e-44)
(0.5643356584208032, 5.164745886390433e-44)
(0.17037893398363949, 1.6507487390570947e-42)
(0.07727755969355064, 7.89679245207615e-44)
(0.8109948536070819, 6.249747464616732e-44)
(0.04447687259473901, 2.200652871766697e-43)
(0.6669319836724286, 6.609042926982952e-44)
(0.6164340873914905, 7.849886145651964e-44)
(0.32920833873106836, 1.3680700028375587e-43)
(0.058895815448333354, 7.727433415887433e-43)
(0.6656795042018762, 3.924767249152151e-43)
(0.49990133948642246, 1.2788228032255622e-43)
(0.273574684706434, 5.703561555045704e-44)
(0.8822303471480332, 8.761689571171916e-44)
(0.8191730758149526, 1.165205512269109e-43)
(0.6897617286234201, 5.202591177269589e-44)
(0.9174173911214754, 2.298498932088802e-43)
(0.9762417896724006, 1.5550724992273346e-43)
(0.3742956931892823, 3.766221102718667e-43)
(0.7453486639753145, 7.612252794831517e-44)
(0.10755887945081066, 1.2953386057742099e-43)
(0.3288262045026145, 7.023217014136845e-43)
(0.4370652283476413, 7.036437130350156e-44)
(0.12930075059095333, 1.9237421120860447e-43)
(0.9476571901779016, 5.474416448616832e-44)
(0.23476158291670582, 4.61425872482122e-43)
(0.27304385826220656, 1.4127279275086333e-43)
(0.17726436451508787, 2.1252345951467975e-43)
(0.3949704512839839, 3.196339404039747e-43)
(0.431042806072192, 1.131250638393897e-41)
(0.6102325471615934, 3.0791467584399838e-43)
(0.014631621201348009, 2.1154471262035444e-43)
(0.03545731245631317, 8.027526302481741e-44)
(0.6067677335230746, 9.015709180778808e-44)
(0.8089122708217366, 6.5212897437725e-44)
(0.680861438278196, 5.100539913488579e-44)
(0.9782939588707431, 5.612815942146326e-44)
(0.6910734954161211, 6.661962908721473e-44)
(0.4847361693254534, 6.374104111029276e-44)
(0.3006288570524635, 7.24229730311657e-44)
(0.48157948827253505, 5.579277291482119e-44)
(0.47648559008133945, 1.2182281647063395e-43)
(0.5235396211049411, 1.9101357972757287e-43)
(0.36846475054448863, 1.9784882488653235e-43)
(0.8330000528275148, 4.019935288732287e-43)
(0.5153619949861823, 8.075266582347148e-44)
(0.24803441485585717, 6.338120520452971e-44)
(0.12712142238106067, 1.5858184613322701e-43)
(0.26677420705716987, 9.448046259475954e-44)
(0.8332813179206452, 1.2786666680880287e-43)
(0.7035615988954673, 6.637866384092123e-44)
(0.2942693498524738, 4.1435125477311415e-43)
(0.6930058616915681, 2.206525870879319e-43)
(0.3424149090448889, 1.5519261102087266e-43)
(0.383492798023627, 5.397368866454753e-44)
(0.3236467182185836, 7.446169473859331e-44)
(0.8279499090849307, 2.149936956009947e-43)
(0.3737341973543436, 3.8001166387382326e-43)
(0.03839930426835253, 2.177062784148064e-43)
(0.4739306445205491, 7.128019246874108e-44)
(0.37769388765473133, 1.3198612837751381e-42)
(0.8477579186295517, 5.808361251027524e-44)
(0.11840063115706671, 5.288982512743019e-44)
(0.48236671840409756, 1.1892697174203874e-42)
(0.7396298342199424, 9.103692666206634e-44)
(0.4327802478101657, 3.885702231693724e-41)
(0.4329968474042293, 3.5090644366815973e-43)
(0.20017078041643288, 1.2195391094331467e-43)
(0.9629308540053741, 9.370926043719123e-44)
(0.6880216206760565, 1.455961472006553e-43)
(0.7908478518896479, 5.80889565457977e-44)
(0.7781556976007956, 1.1559104339960643e-43)
(0.24899529073820045, 7.721646894862081e-44)
(0.012932231694074045, 1.314571813041487e-43)
(0.07876694296124422, 2.336881113893789e-43)
(0.12398882334401286, 5.802143938268106e-44)
(0.30647682921274033, 6.039642679953506e-43)
(0.8720595875989832, 8.18029129248469e-43)
(0.440810443618817, 6.713621211877486e-43)
(0.5328132548908711, 3.4723218905632955e-43)
(0.32336688759579013, 8.400213745446715e-44)
(0.07827112134682009, 9.195797323782769e-44)
(0.5934615867836304, 8.745422472685297e-44)
(0.4461979773776973, 5.822343158550396e-44)
(0.7078509839858969, 5.221487811024173e-44)
(0.7483038165612375, 1.0946723236216039e-43)
(0.021180526585978014, 1.092638017170711e-42)
(0.35522138548926013, 1.5061952824936154e-43)
(0.7496006965959786, 7.850814905108574e-43)
(0.7022180716916457, 5.0231628560664165e-44)
(0.9398033643503779, 1.012142658400632e-43)
(0.6319611549593427, 7.76828607032371e-43)
(0.4563837667964921, 6.603260411174647e-44)
(0.6607334157987067, 7.277505665575488e-44)
(0.028774724785065597, 5.022767004034017e-44)
(0.9570244164241873, 1.1115411348043218e-43)
(0.6214646612115465, 7.17825262158513e-43)
(0.26651093424702865, 5.082289768564218e-44)
(0.9722763900167268, 1.597460126947791e-43)
(0.053915499830105865, 8.470132468894111e-44)
(0.7843514607624826, 9.733877772789869e-44)
(0.6642247053102448, 6.478391338868834e-44)
(0.39861937432469363, 1.983482276655386e-43)
(0.25191712731074933, 1.514483220686106e-42)
(0.20986825698768863, 5.411825970204651e-44)
(0.3023146487601197, 8.493557378422292e-44)
(0.1638713448901867, 1.14505249242238e-43)
(0.1758964599022502, 5.471133728154579e-44)
(0.19135648774702335, 1.2531404783290749e-43)
(0.557167898683812, 9.614456596593027e-44)
(0.8300314317557658, 8.237486538621241e-44)
(0.400873079504203, 5.748499896636797e-44)
(0.5176730595838488, 3.509448905571933e-42)
(0.7769732033227275, 8.029754474206485e-44)
(0.8467546221130259, 1.3363161308271258e-42)
(0.14360521423647182, 2.1172529548624157e-43)
(0.8260351191451952, 8.139303138929062e-43)
(0.6205470739260989, 6.62059130410111e-44)
(0.7613197466181132, 5.62357619541324e-44)
(0.037769264521122274, 1.066562580117094e-43)
(0.9631299201190634, 8.815243516765843e-44)
(0.36163489759128026, 7.745748031759724e-44)
(0.42613394359273477, 1.1441537781883163e-43)
(0.7172087004542272, 2.7723118821727955e-43)
(0.2453643462742905, 3.4259723532712342e-43)
(0.19471581297668072, 9.098258145813592e-44)
(0.8115964928493327, 7.767427001014733e-44)
(0.047694257463334395, 1.0373912670384833e-43)
(0.9300746169949872, 5.188242260371291e-44)
(0.4102976212328317, 7.089239072095096e-44)
(0.31278659188031205, 8.335087402968393e-44)
(0.7585224898195446, 1.9032153676469067e-43)
(0.49232927136410926, 5.221720088656481e-44)
(0.6581321452705132, 1.2366378221894056e-43)
(0.27130326514587555, 6.138108518024987e-44)
(0.5641208207913113, 2.005739317038781e-43)
(0.10506629268072236, 1.5477905040095877e-42)
(0.4558275684563579, 2.9912892162451762e-43)
(0.8994714938267228, 1.3352070503620186e-42)
(0.4157777529916401, 7.744619211825699e-43)
(0.3507625662787716, 4.436236213285838e-43)
(0.30444909007295, 1.5774506804209585e-43)
(0.217722852031393, 6.694039594533367e-44)
(0.49182315810760185, 8.504937375837564e-44)
(0.025285568241194375, 7.482895712957636e-44)
(0.35692597768568785, 1.5467055365414692e-43)
(0.9114970624343743, 5.049940304500707e-44)
(0.644263729744608, 6.870421068617891e-44)
(0.9744115550634583, 1.397037293090185e-43)
(0.7751503430805217, 1.310216938474839e-43)
(0.6150290822077067, 7.495212444294443e-44)
(0.7744186261921667, 8.415859500647781e-44)
(0.779079161703506, 1.7603370128514912e-43)
(0.5275987655476274, 2.0363074597643755e-43)
(0.02690363564489448, 7.369718146513176e-44)
(0.9795577017612865, 9.42096245556545e-44)
(0.9840642868877474, 9.902019118929975e-44)
(0.599474618539424, 7.058990215148824e-44)
(0.015486777324343445, 6.164715711761267e-44)
(0.6299680339416381, 6.794896609151126e-44)
(0.5728965300894785, 3.292907489472076e-43)
(0.3623704958790872, 9.693128876396617e-44)
(0.8420677331791903, 1.3658625406996946e-43)
(0.8320222336726492, 7.8627287954896e-44)
(0.22066517645615813, 7.479262784988034e-43)
(0.8205442970870152, 1.2090617830213981e-43)
(0.6055853061178303, 6.7914632075615765e-43)
(0.8639981906682856, 8.382374296738222e-44)
(0.18911573451167207, 9.809722467205173e-44)
(0.22913562758463507, 1.0097026810051725e-43)
(0.8447174450639482, 1.2721973827028985e-43)
(0.43113094202380003, 5.543752734532797e-44)
(0.8105305934146048, 9.567479200505303e-44)
(0.5139026047011408, 5.312383499476652e-44)
(0.7215243118661936, 1.7216018563711983e-43)
(0.45089418879520843, 1.109635587662978e-43)
(0.560494611185417, 6.018332746817869e-44)
(0.8969185015701509, 1.3071269773827826e-43)
(0.14096718093709426, 7.794945512651099e-44)
(0.8437301767043035, 6.992642809753844e-44)
(0.5780240302186924, 7.120349928077137e-42)
(0.4006595644005401, 5.172167264596801e-44)
(0.17365062408130175, 5.52614580294239e-44)
(0.9700334890778349, 3.8614181128250256e-43)
(0.9033001984970006, 7.762979768512917e-44)
(0.5834900727382927, 7.933359937089977e-44)
(0.8480575811408997, 4.4860565940244066e-43)
(0.27217513641627705, 1.0100910897757715e-43)
(0.0844178671763061, 2.3625004034349463e-43)
(0.9080655905877617, 3.7603636734496075e-43)
(0.3675069729528346, 2.5776832507900408e-42)
(0.048107590175937236, 6.876842945015289e-42)
(0.21286169221314313, 4.6190993270144925e-43)
(0.7371566821845636, 2.989295029038791e-43)
(0.48397532308537977, 2.5941583310189888e-42)
(0.5227421351936796, 4.4821578890984855e-43)
(0.4143462421580609, 8.261740553706414e-44)
(0.39958405678695663, 3.704750987504281e-43)
(0.8182533262197311, 1.5545613930715986e-43)
(0.20524709470438987, 5.738446878364476e-44)
(0.9813350971659754, 1.2791048533463216e-42)
(0.6486319690035407, 1.2326539224944482e-43)
(0.2627036442884766, 2.7241224219033624e-42)
(0.5734556161321485, 1.308860483490495e-43)
(0.21595577644058106, 6.537567783973847e-44)
(0.5870254009554441, 6.77118899395397e-44)
(0.5954711559248617, 6.013272155088564e-44)
(0.9401227907625243, 1.9410542924275815e-43)
(0.26337192214364047, 7.860388831227087e-44)
(0.37307657175170456, 1.8662913134601547e-43)
(0.2125733316475423, 1.3125427969361072e-43)
(0.9319835138267909, 5.817133702360214e-44)
(0.7382222146808388, 1.189055761711438e-43)
(0.47503562968088076, 5.471568484197803e-44)
(0.8558658173511724, 7.925068596257702e-44)
(0.6166994322925576, 2.4526871444602233e-43)
(0.6384354491668297, 1.349490163025967e-43)
(0.605085207256099, 5.802374417142116e-44)
(0.7731440882934023, 9.009320152390133e-44)
(0.5284615708526352, 7.34273502059598e-44)
(0.46935104710187675, 8.696224594213245e-44)
(0.09262102264472862, 7.457544455327925e-44)
(0.5142933182452366, 1.5503921398351865e-43)
(0.8139399507509226, 5.491258058049508e-43)
(0.9538344025882911, 3.5750724220123737e-43)
(0.17418960786880844, 8.502760743228516e-43)
(0.6033403901083509, 3.1111897835699313e-43)
(0.3105339796186342, 6.412923391873451e-44)
(0.5495990575433066, 2.0287164133131085e-42)
(0.9151377250635719, 1.2325684381976025e-43)
(0.004741612941615358, 5.014012296554693e-44)
(0.5154659382948573, 6.858520483867051e-44)
(0.1245209942894761, 9.32592474339911e-44)
(0.07504133486397511, 5.651382026620198e-44)
(0.7381106754423978, 1.226312224188229e-43)
(0.5127803945811099, 1.5437998215659838e-41)
(0.6413586993520674, 1.0107339958820322e-43)
(0.920019624091758, 3.976725446993445e-43)
(0.20610706315001578, 6.954138434235783e-44)
(0.016315268214072216, 1.1050938998835464e-43)
(0.9689201187777167, 2.4274395124251218e-43)
(0.7445793088686183, 9.938542142581204e-44)
(0.05304871207138282, 7.336242974577252e-44)
(0.5121250596556912, 2.30420940211748e-43)
(0.6561742842008386, 1.0480386781361494e-43)
(0.9500883883041582, 2.090141802248058e-43)
(0.3281329581780789, 8.552832424830106e-44)
(0.26675765979959426, 8.58623777655931e-44)
(0.6270467549447979, 7.593451641462238e-44)
(0.9000342071221276, 4.1723959562794086e-43)
(0.06585454491369593, 1.6532539335935703e-43)
(0.8371792603106224, 2.053468325705651e-43)
(0.6064598952629174, 5.554225473122642e-44)
(0.5119251218763975, 6.482066355648031e-44)
(0.826592054283879, 1.8037821309287274e-43)
(0.7109287348810385, 1.6269430533967827e-43)
(0.8705952152749539, 5.403867136345951e-44)
(0.0833128358248102, 1.0149954910422588e-43)
(0.4006857256571151, 9.497830198309443e-44)
(0.19525410369347837, 5.65451221035046e-44)
(0.13876752451283286, 5.160501352000525e-44)
(0.022334828529719426, 1.5324213805404392e-43)
(0.360558906687234, 2.0843474509564163e-43)
(0.5702535543598036, 1.180903486518643e-43)
(0.3138899014399933, 8.058562861735728e-44)
(0.48439913139172197, 1.5362678197502316e-43)
(0.12501509107704717, 5.136602046303776e-44)
(0.8524721426334273, 1.2587506125985178e-43)
(0.05948013818802437, 9.812237156056948e-44)
(0.8102439437259069, 9.468123907801224e-44)
(0.3078850657181796, 1.1132182681116124e-43)
(0.9041003497232586, 1.1411556735049362e-43)
(0.8723458019702744, 1.2262337423920986e-43)
(0.40555848388433635, 1.3799333379687749e-42)
(0.394183778816114, 4.5339491176079615e-43)
(0.5025024890864481, 1.1915217174642853e-43)
(0.2413638475369754, 7.547404885657005e-44)
(0.8274768386794252, 2.2256567192275738e-43)
(0.5462426556304978, 1.0152279532775025e-43)
(0.8985430400189769, 1.0615926682226276e-43)
(0.8080306555808634, 9.443631670475175e-44)
(0.31280991268335884, 5.811677271412995e-44)
(0.9091620409826731, 1.628826435561116e-43)
(0.5023139046172146, 9.523105026731781e-44)
(0.36780183294708724, 6.036765755356454e-44)
(0.008134221190628543, 2.9834379188184755e-43)
(0.7851008415460252, 1.0394613157062023e-43)
(0.3267608089350572, 6.468097730194558e-44)
(0.3141787184557272, 1.074836781328069e-43)
(0.4942968711535995, 5.216918315005042e-44)
(0.6024249538359762, 6.293895138832953e-44)
(0.34693132101905744, 6.468140350563064e-44)
(0.17815035814019348, 6.312372792665404e-44)
(0.43763766740705673, 1.33814104312089e-43)
(0.19489229867214028, 4.578115815948016e-43)
(0.5699950988216352, 2.662609860998074e-42)
(0.7568633672894634, 5.341993266168796e-44)
(0.24021482865738983, 1.8051090717027516e-43)
(0.06197075756497548, 2.4490921744272053e-43)
(0.34632892592036757, 1.025288291833798e-43)
(0.2935931650708759, 5.974509899178537e-44)
(0.1479245416597125, 9.020801820771864e-44)
(0.5876591755866604, 7.222853709796262e-44)
(0.7504523434464943, 6.498134472869295e-44)
(0.9583445208124348, 6.055927580289784e-44)
(0.08620628316187787, 2.0327419055552814e-43)
(0.14385343537080814, 7.357261571268571e-44)
(0.9230403874992011, 4.683340708930205e-43)
(0.6985344716820423, 6.089661504440506e-44)
(0.4281133279900915, 6.786089120016012e-44)
(0.9248244097384841, 6.96448839576836e-44)
(0.5750446822202521, 5.483015002451255e-44)
(0.22635735123406997, 8.027513360299585e-44)
(0.10015614263899449, 1.7528793582480036e-43)
(0.6426323291748018, 1.1795267585596169e-43)
(0.556569046313903, 6.030735111107711e-44)
(0.6809800413465542, 1.3676578739219415e-43)
(0.6259446708594926, 1.1066904411425612e-43)
(0.87368900968259, 1.1529338263606817e-43)
(0.11558129645771142, 7.357747212888654e-44)
(0.9423750125066178, 8.812746447722734e-44)
(0.06919617469101567, 5.307869059741916e-44)
(0.6855588755540867, 7.133906500148787e-44)
(0.6055120496113855, 5.392214923915403e-43)
(0.8276116734161695, 1.4504162614800032e-43)
(0.17365019210307844, 3.858333154305319e-43)
(0.2549182061149958, 5.883787400156657e-44)
(0.8500020543436504, 5.705237330235914e-44)
(0.26410613253834586, 2.466663883178146e-43)
(0.5605462186689284, 6.823368649833577e-44)
(0.8020392563590302, 1.4014794249528996e-43)
(0.11872296056578933, 5.299978683612986e-44)
(0.03304713035319437, 7.230564682344944e-44)
(0.25788617276840636, 1.5131549832085963e-43)
(0.221674849815328, 1.8807984239800208e-43)
(0.7020831993773551, 6.996309062703877e-44)
(0.10165139683446245, 2.0453525684160955e-43)
(0.32745323483703326, 4.677358913775938e-43)
(0.8435894717677246, 8.949163035966062e-44)
(0.014934600183883382, 2.3328551165845347e-43)
(0.9136618117492216, 9.58555314573165e-44)
(0.730824714413718, 8.511772938640854e-44)
(0.032104148191543634, 1.8500250811674794e-43)
(0.05591900071783547, 1.3691386139554645e-43)
(0.15708454072761832, 7.806170196977665e-44)
(0.11784966139127949, 6.676636655158319e-44)
(0.216861298313576, 1.7011516467501876e-43)
(0.8147732370154952, 6.449203669417062e-44)
(0.7734380972930063, 5.656116235472603e-44)
(0.5409274989749447, 1.4163411059801625e-43)
(0.990979588073075, 1.486275579254561e-43)
(0.4558303067705788, 1.029258536403806e-43)
(0.6856007009648566, 1.9656715119268467e-43)
(0.37538824784110203, 6.19481395753605e-44)
(0.7288677544692259, 1.3060750457155538e-43)
(0.2948930642990487, 5.417774301678313e-44)
(0.5981001834314288, 1.1345796474005877e-43)
(0.9219399512872126, 6.171113926167894e-44)
(0.7079626696773703, 8.282716471605839e-44)
(0.8206141632018492, 6.069680344016715e-43)
(0.0003601538554018395, 9.784568659726354e-44)
(0.21873179328209852, 1.1513772866916458e-43)
(0.36904769875066734, 5.99900578559959e-44)
(0.874111657653059, 8.95192688134294e-44)
(0.03900715533092053, 1.154791789029752e-43)
(0.841981143583287, 1.9594499869346974e-42)
(0.9965046431979024, 1.2732535005168563e-43)
(0.673871593336076, 2.464552934171474e-43)
(0.33765589460075185, 5.63893157758882e-44)
(0.26541399030930474, 5.018006733728345e-42)
(0.6020404399212962, 3.79424695003098e-43)
(0.1136173144701699, 1.6182157921050638e-42)
(0.8507479224144067, 5.799485586568502e-44)
(0.7531231437160654, 9.516625114017388e-44)
(0.9249444857987373, 5.615413356987968e-44)
(0.5471230219616233, 1.9317676288455012e-41)
(0.8316160311541198, 6.826351527489909e-42)
(0.9296876437935468, 1.3231499889628268e-43)
(0.7072991600619546, 5.429395665504177e-44)
(0.4997194438163222, 7.749350810207953e-44)
(0.42668033214773443, 6.934051014116014e-44)
(0.06969826341577742, 7.61672680344281e-44)
(0.6388173562797689, 2.4639105262432135e-43)
(0.40552789090038355, 4.84515667038035e-43)
(0.21714776255528812, 1.248021685125911e-43)
(0.6912855512008143, 6.446711171344708e-44)
(0.3885124685278911, 8.138897398816045e-43)
(0.611359098811544, 1.0084473183007996e-43)
(0.8638006399357528, 5.31839695490348e-44)
(0.9685967696895561, 1.285935765769816e-43)
(0.8147155982243097, 2.186577658212419e-43)
(0.9513249386688835, 7.981325791309819e-44)
(0.14220687029721124, 8.489283609755098e-44)
(0.6336933734915887, 5.880101269576832e-44)
(0.7410186710104638, 5.084605852760669e-44)
(0.14532841353153267, 3.919507613782748e-43)
(0.835293402356677, 8.195541340327855e-44)
(0.5608710222562153, 1.103215652403498e-43)
(0.7982298107411556, 3.621159865443624e-43)
(0.7488579363565265, 7.80158559793601e-44)
(0.7311904882350917, 6.601453280282947e-44)
(0.4026187475744876, 1.0183725223388288e-43)
(0.8632270358668215, 6.937979504073207e-44)
(0.11728275506230286, 8.116764287792358e-44)
(0.7877837321728656, 2.5200393415578526e-43)
(0.9201971709271092, 1.5005480277059016e-43)
(0.28782301250101666, 1.1420571909923784e-43)
(0.3941148809557117, 1.4346834833785754e-43)
(0.09380719321328161, 1.314805595324095e-43)
(0.6217561298158187, 1.2024726166356978e-43)
(0.7395864430995683, 1.576658832150434e-43)
(0.4797760966737165, 5.276092182303984e-44)
(0.19000131562535083, 5.950147457335913e-43)
(0.4014788975437045, 6.678797985297289e-44)
(0.08400711324074972, 3.425036820205726e-43)
(0.11242238370417625, 5.230268323910741e-44)
(0.20464553715221973, 1.533798126139078e-42)
(0.1607179631613255, 5.150373476826016e-44)
(0.9932212452189472, 1.1490455752292023e-43)
(0.8790108199344268, 6.21365878691212e-44)
(0.16915050324443426, 1.0774714729205084e-43)
(0.047869019833946015, 8.021851114707264e-44)
(0.5458206050047744, 7.454827437480664e-44)
(0.3463164680733576, 5.671735540202335e-44)
(0.13135646428895903, 5.354998742362303e-44)
(0.19830214182773437, 6.609519838631873e-44)
(0.1360689855538019, 2.3666155167500508e-42)
(0.07722949619162572, 1.2683296063460934e-43)
(0.3188648343383112, 2.525124013758791e-43)
(0.1424841242366531, 2.1370869402200134e-43)
(0.46171397861492425, 5.219178628279601e-44)
(0.8760207670093876, 1.6602008855794194e-42)
(0.10152469795922371, 1.932632772088408e-43)
(0.27666251904364564, 5.049506578977324e-44)
(0.044225909418398206, 8.036444270313273e-44)
(0.564947900437634, 1.2972629573574098e-43)
(0.6790001343859164, 6.722140385413241e-44)
(0.6069810928915816, 6.16297420668726e-43)
(0.15176812560866865, 2.0323513384894225e-43)
(0.884351856419858, 5.512586983075073e-44)
(0.029210082000788853, 1.0949977830789428e-43)
(0.2698681017633227, 5.527465257287735e-44)
(0.6843414570837739, 7.605724050405392e-44)
(0.4098096866986482, 3.296247118116039e-43)
(0.8914931238497182, 5.229220904832568e-44)
(0.4365905101763626, 5.503963956530203e-44)
(0.38639364457911757, 1.1806596581811208e-43)
(0.822652867202438, 7.195954311699155e-44)
(0.6894027837627242, 6.648194137361078e-44)
(0.7263560415958572, 1.6831258873970546e-43)
(0.18798770217728117, 8.092128001150027e-44)
(0.4585877981670312, 5.983894656642509e-43)
(0.8944064103509101, 7.148274825213544e-43)
(0.8755810840595054, 5.215154804162071e-44)
(0.3544048840562806, 8.883660311097475e-44)
(0.6410385131365267, 5.84201734074727e-44)
(0.29784088904942113, 5.019679208294262e-44)
(0.7284673237635562, 6.074076383763165e-44)
(0.45679626278404445, 1.1323973357794746e-43)
(0.6126880244650047, 1.278064435928199e-43)
(0.8248065769293133, 1.9618987909479213e-43)
(0.3176250763223617, 3.906186765015727e-42)
(0.8821765537327658, 1.7544732364566567e-43)
(0.054733542648857936, 1.758575025163743e-43)
(0.8129273105578221, 5.391573870616356e-44)
(0.2157595080871754, 1.2939267005022408e-43)
(0.13433346611636346, 7.38153409769972e-44)
(0.7074479515982387, 1.5144311449601704e-43)
(0.861335935114723, 8.490363716221396e-44)
(0.8341572682449403, 5.317110627927926e-44)
(0.6844150980706268, 1.5256705321117512e-42)
(0.11934016055182058, 2.6995634628966163e-43)
(0.23949181803495467, 7.424935351783725e-44)
(0.9140152955227501, 5.823620721928293e-44)
(0.7194947944578235, 5.922583065063342e-44)
(0.1356872275578796, 9.21137149763153e-43)
(0.6240619099123723, 6.225214074120862e-43)
(0.0760524829370844, 2.2727776976620028e-43)
(0.30998693097858376, 6.227798859019353e-44)
(0.4182270433174484, 8.577481666199023e-44)
(0.020802166639940913, 6.93914185200805e-44)
(0.317563119825001, 1.4367818101446547e-43)
(0.20720462725561942, 5.494195515749713e-44)
(0.09835315680065815, 2.059702653547067e-43)
(0.43210910105792966, 5.375657306502569e-44)
(0.28970669270225147, 1.286553124380181e-42)
(0.35714789044365863, 7.472923133382264e-44)
(0.0986692005685669, 1.0955677182280484e-43)
(0.47998993961901654, 8.646093734080735e-44)
(0.7814364372171084, 1.3551927116562365e-43)
(0.7279597327595733, 1.3515320212130194e-43)
(0.17965214252489076, 2.1787455523206063e-43)
(0.8635005495476442, 1.0967350981709e-43)
(0.5682817186320271, 5.081264939335941e-44)
(0.605340562655497, 5.37082106833414e-43)
(0.025249574713632008, 2.937094232378289e-43)
(0.5727259087730273, 1.7953722450702134e-43)
(0.7539271052809341, 6.680690971606341e-44)
(0.795763154805475, 5.030991914029173e-43)
(0.3644232061346915, 1.0643626072117226e-43)
(0.09141928499354068, 1.2556016376175775e-43)
(0.7515541542104479, 8.065685265608086e-44)
(0.1755586401023189, 4.547092551498286e-43)
(0.42558329297972086, 5.724549925160996e-44)
(0.6975859122822285, 1.0745022715525634e-42)
(0.8109964345852012, 1.166920754600214e-43)
(0.5946779964670743, 5.803295542662741e-44)
(0.15001197396331048, 2.0524725687453017e-42)
(0.5503126697629516, 1.36108211971281e-43)
(0.7258661993680632, 5.574144898684772e-43)
(0.19920604429416292, 6.135581433962673e-44)
(0.1766255741086927, 3.4060735105989666e-43)
(0.6361736610938316, 2.6728313442132773e-43)
(0.6137539017633021, 1.090549208813623e-43)
(0.7076608681918081, 9.659242125246192e-44)
(0.09900284551391833, 4.709045194397461e-43)
(0.940055600173658, 1.4345858224505389e-43)
(0.6450498482096019, 6.537258375864221e-44)
(0.7844046060667247, 1.1949335770611568e-43)
(0.9954440106564744, 5.780716640007276e-44)
(0.9421472553468858, 5.795154495276011e-44)
(0.9411169516913768, 5.380867606303058e-44)
(0.5289943519729123, 1.161422444355829e-43)
(0.6815060579356111, 3.890193324750648e-43)
(0.2270657760198483, 5.429230672931099e-44)
(0.8404319552978345, 6.257564787628934e-44)
(0.5604859826539901, 1.1628328766030375e-43)
(0.22902479105774332, 6.80092408702949e-44)
(0.8160577304486644, 1.4447388070197907e-43)
(0.4478892926814276, 2.4646589650718114e-42)
(0.7733043934782089, 2.3648364128657954e-43)
(0.27651735947253825, 7.212452481525261e-44)
(0.1951387841150393, 3.567130123660548e-43)
(0.5512493703676569, 5.033532124345648e-44)
(0.49080778043793105, 1.2429965444677512e-43)
(0.8222009160915268, 7.29190195892813e-44)
(0.1786203871685183, 4.210932751720685e-43)
(0.04424731451030258, 1.5419414523181604e-43)
(0.4684962820647096, 2.7569149998210654e-43)
(0.4582384225548034, 1.0677874467316602e-43)
(0.5105233208741301, 5.128060877514259e-44)
(0.4418523639679001, 9.925015125850768e-43)
(0.2915954166421619, 1.7353698932038537e-43)
(0.6088497490900074, 1.7598944618634696e-43)
(0.03482201960400315, 1.1286841359403574e-43)
(0.11896036356372522, 4.2543611680282915e-43)
(0.29560527908440914, 3.4029796483733764e-43)
(0.6188829714552223, 7.995531761699198e-44)
(0.6851511610705137, 1.3705704308299266e-42)
(0.461595019654041, 5.072184758534541e-44)
(0.7191043705127748, 3.5441246604484773e-43)
(0.5721110207312207, 5.733438402978668e-44)
(0.6010021051538716, 2.2602979664275126e-43)
(0.23408053864183498, 9.814967776765347e-44)
(0.32510435617772976, 6.573268617302503e-43)
(0.6523201591172725, 1.2843050916992899e-43)
(0.46322388790318947, 1.0273474094836143e-43)
(0.05861781654845426, 5.325325490931624e-43)
(0.667497090855016, 1.0007248513352148e-43)
(0.4576201884513629, 1.9436818401496504e-43)
(0.17458350261583327, 1.0308220440496937e-43)
(0.5679912727576834, 6.380930049964014e-44)
(0.6712359406297308, 2.1899961794549544e-43)
(0.3215087599632233, 9.165481945237673e-44)
(0.7350319106935358, 1.4525301761211883e-42)
(0.9230373792377379, 7.423579389601892e-44)
(0.1849405166411556, 8.999442233814674e-44)
(0.9985352385226688, 1.3606854805188551e-43)
(0.020164027272548714, 3.8569094133274785e-43)
(0.45627088480848016, 3.92640034264649e-43)
(0.6151792244557158, 6.259576001815108e-44)
(0.23931702945003339, 7.242656496734e-44)
(0.3142931796354537, 3.4688820753584154e-43)
(0.09095568110931221, 1.9290556225368317e-43)
(0.32706962625607305, 7.526411200354727e-44)
(0.23280895411259106, 6.098167637317348e-44)
(0.6178316862406348, 1.1507564467913614e-43)
(0.20672394688468196, 6.470964930014883e-44)
(0.10251568924996479, 4.5238099471414836e-43)
(0.8119886980383072, 1.335883243772214e-43)
(0.30969474437646644, 1.0817742974788555e-42)
(0.9937897359829901, 1.525547505014737e-43)
(0.9275077225571886, 6.063180909355429e-44)
(0.529956557161009, 1.0502077484545077e-43)
(0.24527962760485755, 5.0316476329278505e-43)
(0.7302057714366548, 2.0176252493372773e-43)
(0.3474789136271182, 1.1918967128893947e-43)
(0.2707926796244264, 1.2116319026268126e-43)
(0.866636393583279, 5.287320140126161e-44)
(0.7509065907917691, 8.277841518405525e-44)
(0.7865065874805823, 6.760186998654292e-44)
(0.9030766193868537, 5.753308689729417e-44)
(0.23160680713228074, 6.756476257647027e-44)
(0.09768957599572643, 9.273366533911714e-44)
(0.4517258544922482, 7.282772566818193e-44)
(0.15935820319573366, 1.0285482089406607e-43)
(0.26873913474655836, 3.3021109520099908e-43)
(0.5519159241441055, 7.221367289565355e-44)
(0.2324777547432211, 5.036628181573456e-44)
(0.5128835789393426, 7.062508756803362e-44)
(0.29330099225268086, 5.497724897810165e-43)
(0.09930655859417768, 6.267879520644503e-44)
(0.5374426645801931, 1.0155520021823313e-43)
(0.4996913654174793, 1.631944558977585e-43)
(0.6016257240123325, 3.125943303913576e-43)
(0.9177500796791178, 1.6704599784641704e-43)
(0.07780847784689618, 5.413411312596088e-44)
(0.29161102059358807, 5.17331889679089e-44)
(0.21827264555051248, 5.026664484634701e-44)
(0.9846319972296818, 6.641151069251859e-44)
(0.4531621828980177, 8.348172883231689e-44)
(0.8135346692340398, 1.2809945571949017e-43)
(0.1293184593303591, 2.5028965612241372e-43)
(0.9424710520055536, 6.712543960695976e-44)
(0.8772271320882818, 9.354325118396215e-44)
(0.8138059825207482, 1.643499676615027e-43)
(0.08344406915087632, 8.012446098619311e-43)
(0.17181519334955628, 5.516479470536774e-44)
(0.053576925461760266, 1.1223277984583547e-43)
(0.14162882327878903, 8.904868575264554e-44)
(0.7862841860506922, 1.3719504866438748e-43)
(0.49962791824447894, 7.71565899743806e-44)
(0.5006945962203602, 1.052734450195719e-43)
(0.7253410939362267, 1.3885451227785229e-43)
(0.7153696754623129, 2.3627625927504555e-43)
(0.3378373831277053, 7.238674959489902e-44)
(0.07554994982816758, 6.9756322279155e-44)
(0.9550581669130165, 6.504758235675444e-44)
(0.9156693939501814, 1.3814134746605302e-43)
(0.09063916880004322, 1.0827092639195643e-43)
(0.22571602189425027, 6.126177834294673e-44)
(0.6843645114439046, 2.328005727417293e-43)
(0.2992099284723703, 6.244588120652572e-44)
(0.3075095440677289, 6.735886312931013e-44)
(0.4115436244513064, 2.6816180337197988e-43)
(0.5463724753902798, 5.682063659783374e-44)
(0.7081546184268208, 2.171996034232658e-43)
(0.5781625408924458, 3.2432520390647845e-43)
(0.30960242694632906, 6.713110850292687e-44)
(0.43573728058909833, 6.688435916624506e-44)
(0.515713545960122, 2.2709175409906157e-43)
(0.028746118575180196, 1.1522088382770182e-43)
(0.13776228459846435, 7.922291423188776e-44)
(0.5798267835755632, 5.054651183625819e-44)
(0.25022623930878723, 6.076429127285848e-44)
(0.539855563102128, 5.030407911480493e-44)
(0.3821206354347825, 2.4282979393710897e-42)
(0.4630156465100725, 5.640289113327408e-44)
(0.5301711783840606, 1.5905129703833965e-43)
(0.9735777022941173, 1.3026238038006414e-43)
(0.11005098347671137, 7.121083127468891e-44)
(0.9579794306890974, 1.3191966700512746e-43)
(0.2557169506056736, 5.476891376614035e-43)
(0.44909526310278886, 8.23009517083159e-44)
(0.5717392529309102, 7.509498874155274e-44)
(0.06285706877886718, 2.0032828494402137e-43)
(0.5014920665436183, 9.691536832125893e-44)
(0.49819306837108474, 5.035460556116963e-44)
(0.4239006141688259, 7.451783478823325e-44)
(0.1395341464860344, 1.6893733412411774e-43)
(0.9218990362024689, 7.117763406738431e-44)
(0.46306268704879217, 5.536038096531032e-44)
(0.8400614927699174, 5.702161314562044e-44)
(0.42852016782662333, 3.0321617481005617e-43)
(0.9262547897930227, 2.4884330678397752e-43)
(0.9380504523894307, 1.6889997228633628e-43)
(0.5284785380565659, 6.560527233900943e-44)
(0.11228467466371995, 1.1147308804753998e-43)
(0.8722813885019539, 8.456702318413808e-44)
(0.7346431799287013, 6.809732497889746e-44)
(0.08539883721212595, 1.3777485281179527e-43)
(0.28010891509288877, 1.435153716643671e-43)
(0.3667223700325761, 8.576509353051491e-44)
(0.3025231101206568, 1.1024938565869065e-43)
(0.21226907770733203, 9.631002487229306e-44)
(0.8681356981901763, 1.6226893476266553e-43)
(0.6474364514280939, 1.4802625331402387e-43)
(0.7387557244842726, 1.3575717486228454e-43)
(0.8123429949819783, 2.1198475099389075e-43)
(0.5316690508471568, 7.582931971078736e-44)
(0.43638376002252266, 1.2587623346700818e-43)
(0.6202904465092016, 2.643022586820838e-43)
(0.32900049605947507, 1.3451569482618948e-43)
(0.12865184703040386, 1.2916670527376783e-43)
(0.12097530386416358, 1.0472702358943205e-43)
(0.07856691803467969, 6.673518245739374e-44)
(0.6897874905541719, 1.545214009061907e-43)
(0.9688596020889548, 6.520784628666787e-44)
(0.3528929812602967, 9.095240296765846e-44)
(0.6588801035015236, 1.667421741148926e-43)
(0.4615733868640349, 2.0442005224658374e-43)
(0.6346806328782104, 5.749735121416893e-44)
(0.42119382899698127, 2.0371382362136612e-43)
(0.8209539404345295, 6.55828396121896e-44)
(0.7857962708341885, 5.523698010019761e-44)
(0.47975743694636536, 7.0589197631595016e-43)
(0.356004252396511, 1.4677376897173061e-43)
(0.6094074242679277, 2.0236285637895744e-42)
(0.4924387349668391, 2.3348912270099092e-43)
(0.9379834744759672, 1.5450747028074252e-43)
(0.8565471133936556, 1.5214452540852088e-43)
(0.211453321942766, 1.162997648097177e-43)
(0.5068609666686574, 5.676241066646433e-44)
(0.6183158841127107, 6.056273718154887e-44)
(0.028446111703449184, 6.527782368883429e-44)
(0.6915685410869677, 6.341023571321296e-44)
(0.07470609284665401, 1.2748384039196844e-43)
(0.4328460190804004, 5.732511969333534e-44)
(0.8662441980288977, 1.7165695212602804e-42)
(0.4389270357691036, 5.172092951502331e-44)
(0.3884735007153935, 8.815233483230689e-44)
(0.6796450510881964, 7.871088436273516e-44)
(0.4668344650168673, 1.0452613154454856e-43)
(0.5244504188784648, 8.527079508502804e-44)
(0.21343215374389143, 5.252682716543741e-44)
(0.8353797836323155, 8.346458728405358e-44)
(0.349513795243396, 5.709464642360926e-44)
(0.48709913446222636, 1.0218466888331678e-42)
(0.37743061666796746, 9.474421589491657e-44)
(0.6583211118019142, 1.1548944501512187e-43)
(0.09220908121990647, 6.913442893289825e-43)
(0.2878757764095145, 9.82310299703205e-44)
(0.5954885566159812, 4.138323011710302e-43)
(0.08957981939874025, 5.333923899446222e-44)
(0.4825041569378721, 8.276462698239201e-44)
(0.9005911526199047, 3.3946608021247994e-42)
(0.833431932602776, 5.395611711898959e-44)
(0.9848299177690485, 5.87579619329781e-44)
(0.056560983006767214, 6.0242957779595e-43)
(0.5097482769764514, 1.0438342081611591e-43)
(0.3980746446028427, 2.7947764907400384e-43)
(0.5204227875837122, 9.49277025799747e-44)
(0.9199453883401842, 2.2328813449643134e-43)
(0.24333858974210806, 5.396129176540981e-44)
(0.061023996169479636, 2.1283163116415356e-43)
(0.66087523326088, 6.193372960518866e-44)
(0.28479058685662145, 5.489523428320894e-44)
(0.3028027400318454, 1.3040365057187153e-43)
(0.3428539592015496, 7.693852481458908e-44)
(0.16069770854308993, 8.220285662699647e-44)
(0.25450203143862177, 7.939777255668578e-44)
(0.5955642224179379, 6.218660284868611e-43)
(0.9273893246589058, 1.769514289978297e-43)
(0.06226978805640936, 8.541007037664272e-44)
(0.10495100522699409, 2.970409650033017e-43)
(0.6045635125984978, 1.9879256887422476e-43)
(0.23524960174268783, 6.306355945744526e-44)
(0.2659628457845774, 2.3900641927607837e-41)
(0.6497016766275754, 5.213376489612279e-44)
(0.5427540027747927, 2.03059926804833e-43)
(0.21921750682868416, 9.60713334474227e-44)
(0.33313519767138433, 6.631607145122751e-44)
(0.12533385011467058, 5.214125261904018e-44)
(0.953303826007559, 7.272777190272619e-44)
(0.041603110424075655, 7.796846943574882e-44)
(0.10173257063757651, 5.384728814068755e-43)
(0.5761833603175927, 8.475747429209402e-44)
(0.4204366974974378, 5.79857063042784e-44)
(0.957608244051448, 1.336106345031347e-43)
(0.3117912359208014, 5.370709641718837e-44)
(0.29696747163982173, 9.635314511070973e-44)
(0.8419269790355463, 4.033540644256204e-43)
(0.45132057857915947, 1.6375739534916386e-43)
(0.4314699999855891, 7.800066294641083e-44)
(0.3968201987418116, 5.463356048243219e-44)
(0.48034317527218556, 5.059851135113278e-44)
(0.4401999511360525, 2.5022684961965362e-43)
(0.40241151310501067, 2.6236125819592475e-43)
(0.43832930802868797, 6.798249653975017e-44)
(0.7623693151169891, 1.7393278615612834e-43)
(0.3610522121408293, 2.589567554355631e-43)
(0.8171980836890063, 1.794702684670012e-43)
(0.5134920594281938, 4.5341501090709186e-41)
(0.23819793075824436, 3.073054050322523e-43)
(0.7005447942932127, 5.068415293053008e-44)
(0.39083782890175456, 5.479121622663744e-44)
(0.8210821912982907, 6.709626758159892e-44)
(0.2194842741565016, 6.627186334847896e-44)
(0.5730505603864104, 2.507669481411935e-42)
(0.8002393293015421, 7.019333771433323e-44)
(0.14331473184803523, 4.105209597509898e-43)
(0.8016295555151269, 7.643742759976864e-44)
(0.5679688315631665, 1.0476121642245414e-43)
(0.1013811145416287, 2.6355167224974547e-42)
(0.3987982400826572, 1.4574662362202737e-43)
(0.7189233911208807, 5.284537850443709e-44)
(0.5604950101724868, 8.479569724539821e-44)
(0.09598693322371549, 3.5969435193059566e-43)
(0.7013062078011257, 1.3045982489359358e-43)
(0.6912213467123811, 1.4177030236813914e-43)
(0.08391133744143549, 3.777350688052894e-43)
(0.3180298144986731, 7.672558383286014e-44)
(0.7727977781725031, 3.2558141437987645e-43)
(0.19618361798047793, 5.806326754863908e-43)
(0.6116601241972999, 3.5197653797114325e-42)
(0.8750083435653329, 3.5010476967817377e-43)
(0.7119042882151954, 7.761460924455236e-44)
(0.47746595189806457, 1.008828422903316e-43)
(0.7704814785812677, 3.346102322845683e-43)
(0.9833762049660346, 6.084556642902426e-44)
(0.994794917333828, 1.0317185201455627e-43)
(0.6511854409632511, 5.718246751416411e-44)
(0.5689912459131011, 1.2009978763613445e-43)
(0.8202708562606531, 2.4227299966731313e-43)
(0.05113223782736549, 7.078553835247628e-44)
(0.8248502892490761, 6.374725657905809e-44)
(0.9117221099329635, 5.694782800792441e-44)
(0.5019639447273324, 2.156871957574309e-43)
(0.40235936334026245, 1.0565646331562385e-43)
(0.0786361057006849, 5.908696606296344e-44)
(0.13125136331195722, 1.3289610779250101e-43)
(0.004745849574777806, 3.942732037037027e-43)
(0.26417331849202824, 8.641363361265769e-44)
(0.1742003375675479, 6.042840487853604e-44)
(0.8575282207463872, 1.3138908070730723e-43)
(0.4318721906337983, 6.729911827848518e-44)
(0.40890743952147884, 5.156107190094361e-43)
(0.48337288783282684, 1.572768283663573e-43)
(0.5875815813702505, 1.435860546567699e-42)
(0.8098055474931928, 5.019795413286822e-44)
(0.1789400596601494, 3.720439493790561e-43)
(0.3222008853639463, 2.7262832195593184e-43)
(0.9956483490838586, 2.088958636273551e-43)
(0.5940188372233343, 5.473972462307212e-44)
(0.06371536131542396, 1.0380407500593536e-43)
(0.369455611463967, 9.026988439818795e-44)
(0.27718546898302715, 3.1013465568033846e-43)
(0.8343306953025326, 5.293327005815388e-44)
(0.8601399361956703, 1.021458686008441e-43)
(0.33304339166677077, 6.269168015946883e-44)
(0.7034208819228825, 6.706177346384013e-44)
(0.7401801762789789, 7.972294836270704e-44)
(0.005719950936613654, 5.711849741593382e-44)
(0.7294550005285287, 6.662748260618555e-44)
(0.8703178427122193, 8.723452897093676e-44)
(0.21512467880199543, 4.390438154919262e-42)
(0.598915412778844, 5.061572555886954e-44)
(0.48381454377141325, 7.960703354329927e-44)
(0.12885299773827258, 1.5069877923352336e-43)
(0.45977268734934607, 7.368735060081574e-44)
(0.9554997913536083, 6.93877168625692e-43)
(0.9062251215837879, 7.517529972407151e-44)
(0.6098215091634995, 5.201175672558641e-44)
(0.6405278953802652, 6.341966328245286e-44)
(0.953308654942785, 1.1943171206081979e-43)
(0.7015209834821738, 4.487808629798165e-43)
(0.6600042768860619, 6.856824703686744e-44)
(0.10017215814387885, 2.9590647061472888e-43)
(0.9290510463549309, 5.838116642447961e-44)
(0.8782422213646313, 2.523233788339862e-43)
(0.2326819632954419, 6.023690110946174e-44)
(0.7513591218160319, 8.148760284405962e-44)
(0.10254678682892891, 1.823530045138431e-42)
(0.9355986337185379, 2.7596436672031493e-43)
(0.6575237379272534, 7.466741655101174e-44)
(0.8477911402553799, 9.512262753816554e-44)
(0.33402075805160125, 9.100900600473205e-44)
(0.9314012703688196, 9.870998228112018e-44)
(0.7718411623262065, 8.448132432134287e-44)
(0.8127990397643305, 4.070844698441895e-43)
(5.905107660681257e-05, 1.3102081044686866e-43)
(0.8914668766271591, 7.964024880884141e-44)
(0.08402423831976173, 5.818587465633072e-44)
(0.7653509845117167, 6.964179361847617e-44)
(0.8761013805689206, 1.333095346626009e-43)
(0.06735023266530889, 7.270199549229988e-44)
(0.9728302743617289, 5.218896894997394e-44)
(0.005952851416253058, 1.662650950129944e-42)
(0.4182681972457721, 2.1880713816051605e-43)
(0.30076102712292135, 1.3552497637177512e-43)
(0.2012793580192402, 5.498807006230695e-44)
(0.9480451321119749, 1.0883011510745884e-43)
(0.7116841478804641, 4.0086864345659204e-43)
(0.2844752825145195, 1.1044860570984609e-43)
(0.864347295035359, 6.059004262543747e-43)
(0.12550355301790722, 1.3976148962379149e-43)
(0.2985996476344647, 1.223586604562434e-43)
(0.6113645554491796, 9.280774034374469e-44)
(0.5560421087595236, 1.2348172771330408e-43)
(0.3518942771901697, 8.46962396824116e-43)
(0.012376875818274909, 6.274280364930154e-44)
(0.6534241099966758, 1.7506716348396796e-43)
(0.8818765671116608, 5.2150403909094515e-42)
(0.957476519473616, 1.0703326707219501e-43)
(0.4636966324524033, 2.7704866435510597e-43)
(0.022046657250383014, 6.803077192636051e-44)
(0.4576859669127854, 2.9515622764473476e-43)
(0.7716743124209757, 5.618979881450823e-44)
(0.937615799307086, 9.652136511726266e-44)
(0.3753127023092547, 2.7805386850840843e-43)
(0.6498340241253509, 7.798994625315479e-44)
(0.16114600351243094, 1.5856410145692789e-43)
(0.3578318710042114, 6.979885164741647e-43)
(0.9491472038917639, 7.346650955610999e-44)
(0.578733383479581, 7.337338908323818e-44)
(0.5643119530338744, 1.1486771661847657e-43)
(0.7463050084298267, 4.734209925988734e-43)
(0.5453928810479394, 8.77864638930358e-44)
(0.6458567522896235, 2.172234901685028e-43)
(0.10698805223218825, 6.515793829181635e-44)
(0.31725216493391106, 7.999592702347385e-44)
(0.5533395434247946, 7.866918966467641e-44)
(0.6090496210665807, 4.221100527991272e-43)
(0.6045044624151258, 2.6657298545610476e-42)
(0.2310957353583985, 1.5982571959348297e-43)
(0.8150467469189938, 1.5289740396348652e-43)
(0.04229935776075315, 1.1607054357528089e-43)
(0.29949760572825146, 8.337095604870751e-44)
(0.37975848113856975, 1.7349724201596106e-43)
(0.7293703206515209, 4.0021223921283484e-43)
(0.38863720549229347, 1.657486009983035e-43)
(0.9334118592046952, 6.895600402429575e-44)
(0.46993363738522537, 1.056831330528147e-43)
(0.28536096692083235, 5.981787039300701e-44)
(0.6017326947973513, 1.2373613898319126e-43)
(0.6805342383358212, 9.941445680744574e-44)
(0.7792441772181058, 1.9467954009552084e-43)
(0.9497817734269145, 3.984099499814348e-43)
(0.12672986039657683, 2.982239880800635e-43)
(0.04047147766345943, 1.4636045706686704e-43)
(0.6296131061408493, 5.917073971151495e-44)
(0.9798347123640673, 5.734900772668252e-44)
(0.6823349101612031, 8.860740259843734e-44)
(0.3127191618773198, 7.17708697632298e-44)
(0.971721457608754, 6.0318980015549925e-43)
(0.5786028786311812, 6.044015544820559e-44)
(0.10602746877662013, 1.1537210088483452e-43)
(0.36013503138902997, 8.958367148484376e-43)
(0.8746411337300527, 2.9119525878347305e-43)
(0.5598700213471868, 1.1162615856154633e-43)
(0.010810745637364703, 1.1095725124867888e-43)
(0.40103528074776074, 5.172016132990592e-44)
(0.7267432205354041, 5.099906462677217e-44)
(0.5159404341495092, 1.0869344430134305e-43)
(0.24978977206423897, 7.659813219011701e-44)
(0.08007516138330693, 6.550411705387672e-44)
(0.48609343205574757, 6.379263008239159e-44)
(0.9875826814775656, 9.143724026176174e-44)
(0.4693745918952645, 2.9989064026287182e-43)
(0.7762148422318115, 5.635061570777396e-44)
(0.630969942621877, 6.668415901586085e-44)
(0.02468509239369231, 6.691267761786791e-44)
(0.13418910953834748, 5.359425424750408e-43)
(0.5853863374531653, 7.762094254910719e-44)
(0.41209005413937805, 6.256335711476904e-44)
(0.891514136546228, 2.5210507713129176e-43)
(0.7350044374803341, 2.0197824921710065e-43)
(0.6115307261937623, 5.25672480073928e-44)
(0.6491728486739266, 1.190290750714892e-43)
(0.649378716924186, 5.433545573504711e-44)
(0.40581281328083313, 7.935147573375522e-44)
(0.37205633856260945, 9.398174187795828e-44)
(0.3338547474948024, 8.09518504754295e-44)
(0.032587661251750055, 1.3593441917600763e-43)
(0.9929606453910214, 2.0177641675165273e-43)
(0.07988000261957182, 2.4059078149620948e-43)
(0.4162913582553933, 1.430942209566921e-43)
(0.8180269080058938, 1.08311325730072e-43)
(0.5909130869971296, 7.358968458032425e-44)
(0.5001997805600679, 1.276521610854235e-43)
(0.6923442599560485, 1.4884340531762741e-43)
(0.25758540373682026, 4.316178026618629e-43)
(0.8641260767498876, 2.97350108691596e-43)
(0.39548413464920495, 1.1359433527356001e-43)
(0.13115824098869114, 1.094866919195581e-43)
(0.8985770671670783, 8.285391140699193e-44)
(0.8348435788599653, 8.632884402558477e-44)
(0.27571376070796577, 7.578035990286636e-44)
(0.9677211714069998, 6.486427951574503e-44)
(0.41503100240787716, 6.075916526864208e-44)
(0.31039913564691074, 2.0121435767925004e-43)
(0.3423901662705101, 3.996270878803846e-43)
(0.28248363967545637, 5.739212777657295e-44)
(0.45822161714882564, 5.801800880275154e-44)
(0.3850543562440767, 3.7660373344069324e-43)
(0.261625216535686, 8.493048272046017e-44)
(0.627117892328094, 9.04651505704067e-44)
(0.5528471519670374, 6.628647393134235e-44)
(0.10040260447269933, 5.189769787088697e-44)
(0.5144310423406313, 4.5798590650638605e-43)
(0.3968094368659341, 1.0452030681236386e-43)
(0.5831947093973519, 6.36181032331029e-44)
(0.5067394972554728, 1.3015904471361734e-43)
(0.860771757162276, 9.633174281586664e-44)
(0.2671817378264563, 6.0471604226916245e-43)
(0.9638547810316399, 6.153905909229312e-44)
(0.42353139827665376, 5.9242607476126235e-44)
(0.9254053551397835, 1.6616637979593327e-42)
(0.14861599572535825, 7.244434774948706e-43)
(0.16928715110222367, 3.4487680410846687e-43)
(0.8194033673425821, 2.028047942129664e-43)
(0.37966407221188603, 6.714405588537874e-43)
(0.9522129494292312, 1.4334264002143892e-42)
(0.11885866560774576, 6.838590922635393e-44)
(0.11775485433797832, 1.2786882717463334e-42)
(0.5922362810940389, 1.723359367889719e-43)
(0.02677652389440328, 4.012755155085668e-43)
(0.2828567209480868, 1.5190358449740317e-43)
(0.633140321286237, 5.465144797307008e-44)
(0.9743698784399007, 1.0364238120348395e-43)
(0.04341072852990205, 5.490767711626277e-44)
(0.20800222355693795, 1.701762422567405e-43)
(0.24526419003206631, 2.3362877824740533e-43)
(0.7196636359859712, 4.3974637454508885e-43)
(0.7404703260197731, 5.737435124048311e-44)
(0.8559755135025922, 3.748805738522144e-43)
(0.7891310353909764, 1.782027089107346e-43)
(0.6386061625112265, 9.521710695087526e-44)
(0.08932850864229011, 7.464802571364648e-44)
(0.2459910922541271, 2.1589296071670194e-43)
(0.7246399655324374, 5.274131202526699e-44)
(0.13073126952403138, 2.7734055464015066e-43)
(0.1721936441226584, 1.7538081171958683e-42)
(0.05758610346268567, 3.5235356232902885e-43)
(0.8556391786761717, 8.46521355406397e-44)
(0.48861984271793063, 7.479905846599675e-44)
(0.36172329352400023, 3.0663614442181516e-42)
(0.37985623084520315, 6.12456546542091e-44)
(0.6135765228780218, 1.576602416960534e-43)
(0.17552849232183956, 4.4469482185832855e-43)
(0.889375370830834, 5.734273306404264e-44)
(0.015412615581461047, 7.42738200118719e-44)
(0.8165295911431552, 1.4782281616997379e-43)
(0.13636360834920452, 1.5125600153816074e-43)
(0.45705768272292424, 2.074619149347549e-43)
(0.3283828869217302, 3.1732032584595725e-43)
(0.4919384767782612, 7.298506244067021e-44)
(0.17897507792731723, 7.209678412156885e-44)
(0.02719957282283156, 1.0082521709097671e-43)
(0.5798981439421421, 1.718670202014071e-43)
(0.24026378458218742, 6.666166831570665e-44)
(0.04347132694662903, 4.360833602214331e-43)
(0.5189114020885794, 5.581931156700187e-44)
(0.33107497907381117, 3.6381304892333476e-42)
(0.5775418430218847, 1.043126018036864e-43)
(0.7616975270837343, 6.518181636050547e-44)
(0.44978803324768296, 7.640189077596543e-44)
(0.9666078275813937, 6.992563950469048e-44)
(0.5740740963374488, 7.780304594498967e-44)
(0.13957079680519546, 7.126486217365147e-44)
(0.9734485940205065, 1.3652950838725396e-43)
(0.27665283281064185, 7.569863780063789e-44)
(0.26299280106328987, 2.0232922210308946e-43)
(0.4591933926464727, 5.786268233694032e-44)
(0.4487747421588278, 5.528362728591765e-44)
(0.17113157804711696, 1.1780302604856875e-43)
(0.4300684697649782, 6.332415089404907e-44)
(0.20889495720989104, 1.168503231684353e-43)
(0.262643752689084, 1.0204937093752689e-43)
(0.6676198589054776, 1.890268671061002e-43)
(0.7341510504042928, 2.209789302608989e-42)
(0.47126701640101987, 6.221499273971334e-44)
(0.8378753758764484, 8.402638319407984e-44)
(0.534437456821185, 3.76042248949519e-42)
(0.8676903741013456, 1.0026748060292295e-43)
(0.2286269428929062, 3.2183200412994374e-43)
(0.62763770571947, 6.697189479199287e-44)
(0.28840861463637707, 2.011678207368699e-43)
(0.780617641262425, 8.039650648685798e-44)
(0.6735567804509224, 1.7145565630905218e-43)
(0.4793463134789588, 9.571661401141145e-44)
(0.7789830616862963, 2.736911153958506e-42)
(0.4813977622740947, 6.434165010321739e-44)
(0.7748284590831074, 1.061503560078002e-43)
(0.7353414200825314, 7.449955956773302e-44)
(0.5642772888593318, 8.32303656092067e-44)
(0.3259086279984003, 1.5969934506650135e-43)
(0.5785401739889798, 1.5811404128731199e-43)
(0.45704004218300376, 7.378220750206753e-44)
(0.5412171405795924, 1.075264658651243e-43)
(0.7896749996545621, 5.915948824827452e-44)
(0.8862339790970852, 1.000291723069262e-43)
(0.21698382278421463, 1.0586835261145507e-43)
(0.27100983962194725, 6.242329373884134e-44)
(0.19466365100623273, 1.2653762437480218e-43)
(0.6507514303974061, 2.772168808630094e-43)
(0.35065625256328364, 6.729042587948962e-44)
(0.022713358608664524, 8.897203819695385e-44)
(0.9452204678172451, 6.930760163603866e-44)
(0.009802141023028935, 3.0273140371659403e-43)
(0.41241197125087753, 2.0650979839957132e-43)
(0.4867092740182123, 1.9802677184510765e-43)
(0.8589357368782498, 6.252563398114216e-44)
(0.6793520890970449, 2.183733967363025e-43)
(0.7629863669414814, 7.720570069742601e-44)
(0.8164056342292655, 3.0387893626904577e-43)
(0.04167479026441984, 8.230042775892205e-44)
(0.7283910745554539, 1.440479018647729e-43)
(0.9923877121010238, 5.579443588778827e-44)
(0.21290743309371943, 1.308829747168183e-43)
(0.5029283870163529, 1.0509838224449591e-43)
(0.40391730972855816, 1.2583091467288085e-43)
(0.3380457221647354, 7.129725148124037e-43)
(0.24075719410335317, 1.0552236829534067e-43)
(0.38914442028466373, 5.714012599869703e-44)
(0.16968565228446783, 8.422024231460614e-44)
(0.9482012692449854, 9.660815844993227e-44)
(0.4055577942798568, 8.091353712464227e-44)
(0.242580242790563, 1.3015707744643353e-43)
(0.12746068032893584, 1.1629972344401244e-43)
(0.2973472734029835, 9.480060988933178e-44)
(0.006448562640772763, 6.374500647653532e-44)
(0.2677235008323143, 5.315065958788089e-44)
(0.42957434987068327, 1.208668385075023e-43)
(0.23019761992355722, 2.121310975495751e-43)
(0.9740713487389375, 1.0214617923627417e-43)
(0.6146190394714135, 1.2978684355977388e-43)
(0.8784160554373928, 9.151925620771166e-44)
(0.5391332808375887, 1.0841511967387545e-43)
(0.5255343257154437, 7.654073395494855e-44)
(0.26062303768793954, 5.388774606411768e-44)
(0.020575416528259997, 5.361306263514893e-44)
(0.471645295999987, 6.787734349889724e-44)
(0.485664062541623, 5.866921432840293e-44)
(0.019055318785269084, 6.639794095038046e-44)
(0.2742513607025137, 7.642756575794815e-44)
(0.782369707312359, 5.967529088864581e-44)
(0.38193085662068416, 6.295706826374453e-44)
(0.9574654488210259, 1.1918276479888048e-43)
(0.739861358731421, 1.6147791050343072e-43)
(0.8360640522781129, 1.57467113520471e-42)
(0.5366161637133825, 1.5649318371481235e-43)
(0.6686335466362381, 1.5823170971772542e-43)
(0.8305154482158179, 1.101145651796394e-43)
(0.8752620541929689, 1.8757843855169814e-43)
(0.5693214131793555, 6.831938510762961e-44)
(0.5169863716348311, 7.805194392310838e-44)
(0.6379950762509401, 1.1438113559206708e-43)
(0.6663181091478235, 9.553422244206103e-44)
(0.474644997277833, 6.296541935685442e-44)
(0.35755508244900086, 6.301651276733987e-44)
(0.7453169128246985, 1.5565069702313227e-40)
(0.4391116939454031, 6.8211177636424615e-43)
(0.015763677176048443, 8.214950916796021e-44)
(0.6442131096051018, 5.8623962977437975e-44)
(0.15170863185455657, 5.1479092896944e-44)
(0.15328564220157828, 1.010866345519216e-43)
(0.3043076165686224, 5.932032626567362e-44)
(0.3597260303404651, 2.3972666214933257e-43)
(0.9433143530774937, 5.571487723056113e-44)
(0.05254300642993712, 1.3349183135444437e-43)
(0.1767261639792334, 1.6324151438968392e-43)
(0.9520213305543093, 5.34884416191237e-44)
(0.9683367933319695, 5.051279914187033e-44)
(0.3608924792483037, 3.7535388662626055e-43)
(0.18321270626014816, 6.226892744564437e-44)
(0.5861174578993642, 7.057326646575411e-44)
(0.6514831138620863, 6.950547849636119e-44)
(0.8751847607303002, 8.055851540796627e-44)
(0.2634404130944067, 4.980379114801999e-43)
(0.956214666402852, 2.6499218202243084e-42)
(0.6316799342531284, 6.464498152809615e-44)
(0.5202175929982387, 7.744535754859299e-44)
(0.8132853357780956, 7.574766071349587e-44)
(0.20144155145202028, 5.380941742381024e-44)
(0.07031477833332116, 1.916862435983895e-43)
(0.012792873724985393, 9.618225669943737e-44)
(0.7113519964403794, 3.786087337085258e-43)
(0.8948238573780722, 5.6460836995733706e-43)
(0.6640442412255307, 3.0806077121489362e-43)
(0.8382487455787645, 5.085967584961297e-44)
(0.1252012365379939, 1.5423171141299308e-43)
(0.29125255293705293, 2.9445334942730302e-43)
(0.8990701458793966, 2.2773228875281604e-43)
(0.3410743777044064, 6.089543835522136e-44)
(0.30340954224277245, 1.1308505487656443e-43)
(0.8799846027394943, 2.0990934232790268e-43)
(0.8584463624268196, 1.0960835639801852e-43)
(0.494751700870409, 5.391195122499133e-44)
(0.5960985548115444, 9.34860258470054e-44)
(0.11644627179198543, 1.2564495801441577e-42)
(0.016698416030043215, 5.657698781383592e-44)
(0.5947941442481334, 8.888632601175521e-44)
(0.8558941006928924, 8.235388778226008e-44)
(0.5514101462288915, 1.065311376306474e-43)
(0.44067583320807496, 7.828215806701324e-44)
(0.8348526956338662, 6.388994212447684e-44)
(0.38694936945711333, 3.691784786374029e-43)
(0.4604089306227985, 5.678132819207137e-44)
(0.7216054184084832, 8.028616054087835e-44)
(0.04597180409250847, 2.2136782204033954e-43)
(0.8516386121299614, 2.8134897948392477e-42)
(0.7774869200978201, 9.161387606383592e-44)
(0.8471178932195778, 1.4557361979999227e-43)
(0.2111913853398401, 6.208444387393974e-44)
(0.18771936245499188, 3.609082805322954e-43)
(0.6532269387016164, 5.185588538224525e-44)
(0.6815422552220675, 1.7511347972186454e-43)
(0.7457539878553664, 7.270313337186806e-44)
(0.27757194215714226, 5.82486858819619e-44)
(0.5542969347468428, 1.530667151776565e-42)
(0.5785115946228572, 9.748230583870815e-43)
(0.4994193428215094, 1.6010734534848453e-43)
(0.7330833543806136, 3.0507952340030173e-43)
(0.8914170758824551, 1.3664854326855635e-43)
(0.6984090244700484, 5.650026945914439e-44)
(0.1035431947979224, 7.329447677279851e-44)
(0.2000807899018972, 1.2986792288147944e-43)
(0.28058785868582387, 5.281391056829179e-44)
(0.8265757180837388, 1.4411427645492664e-43)
(0.7355865711663677, 1.2264682859138836e-43)
(0.09980854201677831, 7.940083843074863e-44)
(0.5829131595092716, 6.011403871409693e-44)
(0.8311494891083641, 7.397462754520558e-44)
(0.12755255669941631, 6.381350132381307e-44)
(0.24852311919155395, 7.976861987443816e-44)
(0.7440852247264137, 5.073485509858413e-44)
(0.02004598021499153, 5.735050481959111e-43)
(0.9016579853057761, 1.1377678516573295e-43)
(0.14475287429078168, 5.400077260093312e-44)
(0.43579280139315413, 1.2472771627302729e-43)
(0.0674366756507845, 6.535655135790343e-44)
(0.4363100928597612, 6.649058119447645e-43)
(0.2536893106672045, 7.516361911346155e-44)
(0.04921346836209138, 9.635371640167594e-44)
(0.3827073935225035, 5.924796737228134e-44)
(0.5080179324795991, 6.406621725950659e-44)
(0.10393741747403619, 5.1370106921196844e-43)
(0.3046674267624092, 6.570843126221458e-44)
(0.45654296465667493, 7.15256190712516e-43)
(0.5055476588579987, 2.0694463306664557e-42)
(0.7711452589760505, 1.9810679204051727e-43)
(0.32167170107612447, 1.3256492489785586e-43)
(0.6715466147553898, 1.0480119337088612e-43)
(0.7265210587546963, 1.2460703298106662e-43)
(0.8418442314006688, 1.4667445407993203e-43)
(0.15843243181463318, 7.517662630501636e-44)
(0.05365646856706787, 5.455110497869867e-44)
(0.5616338449939311, 1.8312428970074047e-43)
(0.6928912545171758, 7.28926223573397e-44)
(0.4607626042448941, 3.706238887431922e-43)
(0.9089942058249505, 1.4963404489194117e-42)
(0.28928443624015543, 1.7963453607902048e-43)
(0.3596458320003881, 2.829218587142019e-43)
(0.3620720006910421, 2.3106540845140774e-43)
(0.28611957865239046, 7.097731348439156e-44)
(0.17214886708054403, 1.1604954123154038e-43)
(0.7777697520426295, 7.46592811434798e-44)
(0.27029475319781016, 3.861591519852766e-43)
(0.9485528560724519, 8.022980517672235e-44)
(0.7484909135929495, 1.5479769372478923e-43)
(0.44710747349582275, 8.035180671678335e-44)
(0.37799435382459473, 3.338195807342281e-43)
(0.8702673604039813, 1.1996691703304678e-43)
(0.05246247837996591, 1.6621578556331528e-43)
(0.05733683052362621, 3.0987540209932775e-43)
(0.8139177081854578, 6.500256911245306e-44)
(0.08459290123779238, 1.4290274986266034e-43)
(0.3687555298038416, 4.158602052378468e-43)
(0.8062146271045748, 6.056395857312496e-44)
(0.4307442994980136, 5.144746965810636e-44)
(0.4755005373051329, 5.636866147565152e-44)
(0.3292762195516299, 7.313007619935046e-44)
(0.12353402051316294, 7.066083983909717e-44)
(0.2899374315055999, 1.3776170333774399e-43)
(0.9360487034576855, 1.3029953623075659e-43)
(0.6494585860508092, 5.829203520739587e-44)
(0.39124505817739275, 5.036128677351233e-44)
(0.3402397953277132, 4.6424227794177466e-43)
(0.7999484330786338, 4.337463588624432e-43)
(0.1405460201951378, 5.385666886315248e-44)
(0.962749078893919, 1.0530454962875574e-41)
(0.21509761044680523, 1.7175047268366215e-43)
(0.07509485844594897, 5.155997678742065e-43)
(0.18297914998789874, 2.3775377536682707e-43)
(0.9197712202919648, 1.330860355478881e-43)
(0.7589642503109572, 6.876035943308498e-44)
(0.6594276101212805, 1.6391544092411578e-43)
(0.6789292849048931, 2.4056110772128582e-43)
(0.10477840592563199, 3.4496036438963558e-43)
(0.9580114720649067, 3.1298251596072124e-41)
(0.887181329674231, 9.452240427773203e-44)
(0.19155153680392611, 1.3659986715851385e-43)
(0.5120334556303403, 6.520532496757967e-43)
(0.23454584068091802, 5.799139350851047e-44)
(0.6813291024586108, 5.963510598765851e-44)
(0.4756552679639163, 2.20157436073503e-43)
(0.6961220952296437, 2.0796195362118547e-43)
(0.7680404022424927, 9.158081762981618e-44)
(0.871631020794289, 7.88911291635795e-44)
(0.7656613116631084, 4.828529318529869e-43)
(0.018641962603484687, 1.2032211568222494e-43)
(0.11744675436478588, 1.471403117459016e-43)
(0.548689245445219, 8.915329073729697e-44)
(0.25278743970108886, 2.396674100363933e-43)
(0.9333288583615073, 5.38012232772692e-44)
(0.2298012419683678, 2.039039091646169e-43)
(0.6552992165803445, 5.360106386335517e-44)
(0.7369746281162393, 1.1126173254132173e-43)
(0.3294696195164772, 1.0505559946078073e-43)
(0.941149556165206, 7.31889031097278e-44)
(0.8663597186237273, 5.263465063734415e-44)
(0.06867316624364912, 6.251905476664328e-44)
(0.14023466598864595, 8.476048344752332e-44)
(0.9582165089258642, 2.3506094773456144e-43)
(0.18419300837293506, 7.966552027956919e-44)
(0.09454442437304901, 1.3625176784671285e-43)
(0.718782356187082, 3.3310002443710395e-43)
(0.8308310909588834, 6.652263411144906e-44)
(0.14325694592487426, 1.7177020742986676e-43)
(0.7308652690466471, 9.90899735306879e-44)
(0.3309815212600061, 6.942253950044196e-44)
(0.7068874499206789, 1.16934111684925e-43)
(0.44284893162612515, 2.606332487866697e-43)
(0.033189393615203955, 3.075972166732351e-42)
(0.2244732231598201, 1.6495893070947377e-43)
(0.23159852731038427, 7.532912265761177e-44)
(0.6228810010209666, 1.2886930689123375e-43)
(0.30053879847274084, 1.1805089526830779e-43)
(0.3072575997892504, 6.32309516599002e-44)
(0.4812519253201318, 5.813220644772405e-44)
(0.534731180725785, 8.344917447943267e-44)
(0.40444273042781875, 5.044226475703131e-44)
(0.6180675155847526, 5.546600885761142e-44)
(0.9300161142490223, 9.164049188517125e-44)
(0.7595011401802384, 6.720161554150836e-44)
(0.7605615894485827, 9.572838853256407e-44)
(0.6934616038691762, 1.5065885367937696e-43)
(0.5662715478288892, 1.0473757187976815e-43)
(0.6357746208831897, 8.041311420152877e-44)
(0.928638506056105, 1.2570608262764908e-42)
(0.4753419245974873, 4.236172137061505e-43)
(0.9069865744281095, 5.69341397924878e-44)
(0.3063546321840849, 1.1881574481057507e-43)
(0.8626491059363195, 3.835429829537149e-43)
(0.6438731762942433, 1.4861501357998064e-43)
(0.14538166107879866, 1.0425750914663913e-43)
(0.060349667545483855, 3.881929956755635e-43)
(0.7221924752325846, 1.494377674265922e-43)
(0.6188980099724743, 9.017110735550697e-44)
(0.49170921240687243, 2.3470342241269305e-43)
(0.4155217712350252, 7.153254671887791e-44)
(0.9516451670585081, 6.98732725420381e-44)
(0.8058330334698891, 5.423914422556655e-44)
(0.5023620655892329, 1.7932486477795733e-42)
(0.761911882571087, 1.6657643894266718e-43)
(0.49902578008041804, 5.000749234842649e-43)
(0.16271494691290664, 1.1822111574763865e-42)
(0.0643477944043711, 3.1164475864196125e-43)
(0.22221851059101658, 7.411225046154797e-44)
(0.9390147048710213, 6.741336198252847e-44)
(0.7639111015394098, 1.5722764093158691e-43)
(0.16814852752038054, 1.9754400066857237e-43)
(0.7599782172763928, 9.39174294091697e-44)
(0.9959288605911482, 2.9352023182542283e-43)
(0.07934702861396058, 6.811002320247508e-43)
(0.8876572578787141, 6.444099485295068e-44)
(0.8982703119829571, 6.788769551845675e-44)
(0.010310861639498929, 5.96838784689864e-44)
(0.7402883452399457, 5.210974523905577e-44)
(0.7714626219454909, 1.7004954960694085e-43)
(0.044885034192105995, 5.145260614322556e-44)
(0.9277066788531892, 4.0234064298781715e-43)
(0.6914361115099685, 4.158881938159837e-43)
(0.036256622946547835, 6.723283803285419e-44)
(0.467519844972968, 8.310181091195417e-44)
(0.22530999994971398, 5.722130180330344e-44)
(0.8812812717863097, 1.7645139597824214e-43)
(0.5149660976911002, 9.710207707569079e-43)
(0.5762079870593064, 1.136491315912552e-43)
(0.29320484053041856, 7.615082107150131e-44)
(0.9210577387367835, 8.032323419845807e-44)
(0.4255028582964367, 2.7635071806609344e-43)
(0.1297624978737326, 6.01631631582113e-44)
(0.5951273661670046, 1.0999017965585917e-43)
(0.3783095260734722, 8.413122256970659e-43)
(0.3965742617733731, 6.469883183542558e-44)
(0.8584330197836597, 5.070127737383641e-44)
(0.8810731707582804, 9.954558846508151e-44)
(0.7695087839515214, 5.296877013764901e-44)
(0.08077113624567912, 1.4884544473240286e-43)
(0.0228436772199117, 5.723723281606869e-43)
(0.43452310784644227, 1.6007042326172767e-43)
(0.09308252975228805, 5.832684321768945e-44)
(0.33245422984016576, 2.4204875319019884e-43)
(0.8935099798420554, 3.4680600087223332e-43)
(0.47789337814616556, 5.046743260994445e-44)
(0.957775537849235, 1.712282559716558e-43)
(0.31206351668787, 4.978466647039419e-43)
(0.795990718155132, 1.3012959229906478e-42)
(0.5253592936645324, 2.248231056839152e-42)
(0.691905702725479, 7.83627311359155e-44)
(0.7983679491382847, 5.929856726663336e-44)
(0.4716969820528036, 5.099590483748587e-43)
(0.38245149165237513, 6.322460663249176e-44)
(0.2912993279529954, 5.461815661943744e-44)
(0.41372674225806255, 8.002320162431593e-44)
(0.1907197954968429, 1.0031057889443034e-43)
(0.07877069179860616, 5.049390073142077e-44)
(0.9011217838609279, 1.6428653501939798e-43)
(0.6903923244073511, 5.094359816647271e-44)
(0.8155629741549933, 5.772891188514808e-44)
(0.3789232281533011, 7.26854375103228e-44)
(0.37941844049600365, 9.605003471478715e-44)
(0.8378284900118783, 1.1507687850978669e-43)
(0.23811946460508784, 9.325532624461315e-44)
(0.8304347533260346, 1.7250363804720684e-43)
(0.1079726603139826, 3.5662941604490098e-43)
(0.4389201440662823, 5.465985172721201e-44)
(0.24018663633826376, 2.709449451192343e-42)
(0.023045815189636526, 5.46820709733744e-43)
(0.03738941400551278, 4.632922313963193e-43)
(0.6611829336553752, 7.781400427404315e-44)
(0.8122164206520955, 9.009988053582317e-44)
(0.8494593253533439, 6.736090938765481e-44)
(0.9049952212540182, 1.350529781016844e-42)
(0.575811338459693, 6.929693655871634e-44)
(0.9702512579663094, 1.1690231776111087e-43)
(0.2399312828898816, 2.053931563736631e-43)
(0.9931137413013237, 7.200251007300473e-44)
(0.4855787336573091, 7.688609397649675e-44)
(0.5088867885184029, 6.636004176280268e-44)
(0.4908241299434446, 8.995107784678983e-44)
(0.9764760060004507, 5.669806603595068e-44)
(0.4588945413697604, 1.5707188739420447e-42)
(0.03821934282421296, 5.738078671324705e-44)
(0.3658771297646206, 7.365784148828334e-44)
(0.06851126635535383, 1.0112904275004907e-43)
(0.006796178692363239, 2.068454432100415e-43)
(0.13138312059343207, 5.5544276448301024e-43)
(0.9481745631572212, 6.089004504504198e-44)
(0.5829125635028803, 7.484170381759786e-43)
(0.8967269481861543, 5.517871102039184e-44)
(0.22007076595509625, 1.251217963651639e-43)
(0.20654449846242012, 8.809434921422655e-44)
(0.4947425052552349, 2.3423155690271796e-43)
(0.7080926538397261, 3.26248634236401e-43)
(0.8365528505515762, 1.8142942304575943e-43)
(0.20928360286702305, 9.01431537264716e-44)
(0.40982629670335113, 8.814265135873697e-44)
(0.19547111805154066, 7.125689641392062e-44)
(0.2201071169242788, 5.461080233338893e-43)
(0.9223928339929323, 1.4754298136311122e-43)
(0.9106676454794367, 2.859839996666474e-43)
(0.5762120878488141, 1.0894952090373276e-43)
(0.45333115793726286, 3.77538062356593e-43)
(0.6550655424848796, 9.780052816410035e-44)
(0.03944069819697906, 1.2065467519117233e-43)
(0.3687107695188539, 4.325029742986261e-43)
(0.4528528041922975, 7.632443388611144e-43)
(0.10376574703551747, 6.114341809126745e-44)
(0.39685460520600746, 6.12496100911962e-44)
(0.01360660459766377, 6.67720425728017e-44)
(0.3716530539597517, 5.717275079550634e-44)
(0.01996382483991961, 2.0319676544579653e-43)
(0.33823707614079745, 2.528781387360168e-42)
(0.23708830193226751, 3.1019711429985068e-43)
(0.9977302172384327, 5.106060555387361e-44)
(0.7264847974588738, 3.68132529640405e-43)
(0.17715843778935447, 1.5949645910933857e-43)
(0.07893217682412586, 6.20480487074684e-44)
(0.10146516627876054, 1.638321195969212e-43)
(0.13115239893286118, 1.125680106162958e-43)
(0.05576024276537992, 6.156124364654647e-43)
(0.23253204188311843, 2.680253321839777e-43)
(0.0807951375981417, 7.60450018552957e-44)
(0.9963270222725451, 5.618986503955222e-44)
(0.9533467533488205, 8.767110778091077e-44)
(0.5671829518021281, 6.884901903701398e-44)
(0.7156381127399967, 7.626542705135143e-44)
(0.9170474831259406, 5.587664476777514e-44)
(0.5528122185446744, 9.473187733956651e-44)
(0.801808720089166, 2.962437577904842e-43)
(0.3236862158733972, 5.569329616763505e-44)
(0.7132015666545318, 7.253469525376931e-44)
(0.6931825764014145, 1.4399585936318225e-43)
(0.6404843682792549, 5.693658239480818e-44)
(0.15022283373796283, 3.1676399900719133e-43)
(0.9495900184135821, 2.951416302379128e-43)
(0.26923930058711787, 1.4436825115687847e-43)
(0.8959052069380563, 5.687051752988789e-44)
(0.7098511804111581, 1.3602125949514073e-43)
(0.7351737375755126, 1.8082977728738116e-43)
(0.2815893026014108, 1.792618475009298e-43)
(0.7160108191576606, 5.19940449335868e-44)
(0.4514891499215176, 7.799515223240561e-43)
(0.10014617231871294, 8.710238612703472e-44)
(0.3984451373298957, 1.0647334294316863e-43)
(0.42976693231826996, 5.137523693570338e-44)
(0.8179044707434739, 1.1186783586053797e-43)
(0.8648816269851153, 6.831440111598396e-44)
(0.9102989736741289, 4.506674247316004e-43)
(0.2655482742207886, 5.19101159622682e-43)
(0.0408379218831237, 7.830186028958769e-44)
(0.19376484402793856, 6.015587780094898e-44)
(0.6846662615560231, 7.088091605900564e-44)
(0.6021517826903847, 1.2191434478215233e-42)
(0.07238865180747378, 7.007406176231813e-44)
(0.0627476596178602, 8.119232984560039e-44)
(0.40241523051259115, 8.36919924848608e-44)
(0.6573124296414604, 5.013557242426822e-44)
(0.7080822474071642, 1.205780449290633e-43)
(0.7407276181843432, 1.5651786259979319e-43)
(0.7195635053391054, 1.0337580671505572e-43)
(0.6184708809117602, 3.2702129472579405e-43)
(0.09812322368979709, 6.44882008522592e-44)
(0.5052246564777635, 6.604086985315626e-44)
(0.7594075259370254, 1.0550272741939001e-42)
(0.6307150245277041, 6.468706201812683e-43)
(0.03987658530973715, 7.394301548009274e-44)
(0.5313512247251846, 7.656630949181296e-44)
(0.18625832972592873, 5.253017566303907e-43)
(0.4059377045545425, 5.103777367332337e-44)
(0.02117868817013199, 1.498325687599798e-43)
(0.30943954175918936, 1.9153693559265063e-42)
(0.2177939389990542, 2.4641765846241315e-43)
(0.7149683420744387, 5.454827663132049e-44)
(0.3514352255008134, 1.1268063877891232e-43)
(0.9601238798928866, 5.97417477752244e-44)
(0.6487041167671684, 2.1682601072807577e-43)
(0.13666150233187047, 8.364519353771355e-44)
(0.5747117536859625, 1.160527185874506e-43)
(0.10957689467819912, 5.487223188795959e-44)
(0.890292491575414, 2.357707811855028e-43)
(0.9879765734980881, 1.7524002658594858e-43)
(0.29897833577654903, 6.900321123270279e-44)
(0.7439258237213123, 6.816016936933267e-44)
(0.00018158631808951452, 8.238452085994611e-44)
(0.4751372054289192, 6.540144480422838e-44)
(0.5593984470031474, 5.516813593491925e-44)
(0.7586818138268882, 3.673250279886977e-43)
(0.32534160428625986, 6.834211917137124e-44)
(0.6101887918025071, 1.640667724472084e-43)
(0.9436369295514615, 9.788521955979367e-44)
(0.799189655468505, 1.3353877091113501e-43)
(0.13771653042048104, 6.180139225989001e-43)
(0.47636727482700375, 1.7447909944962475e-43)
(0.3986824599243841, 5.353970524471469e-44)
(0.21779746497302144, 1.3941859978902178e-41)
(0.628887311969448, 6.789746720779766e-43)
(0.35356062872833127, 6.739932147733441e-43)
(0.9820606206298643, 1.2422979053880743e-42)
(0.9701893202784578, 1.217537459445002e-43)
(0.4665903382848173, 2.7263314016666795e-42)
(0.9495676275557956, 2.7939493062202665e-43)
(0.8016667564558272, 6.576884861021176e-44)
(0.5573651733874386, 1.0117590290959486e-43)
(0.35146181633215123, 5.785545873592014e-44)
(0.35707387102243215, 7.099338854250598e-44)
(0.9579685434905877, 1.4953459776372252e-43)
(0.7645211636512362, 5.349212933243341e-44)
(0.7709555805974803, 5.948277166649901e-44)
(0.13045167570467653, 5.410596073493772e-44)
(0.8484779189381628, 5.249732071560343e-44)
(0.34943403152881297, 5.3753075947273e-44)
(0.42712622516991916, 5.984327308568689e-44)
(0.2545691133509356, 2.158213219037734e-43)
(0.5222224868304535, 7.617513990497983e-44)
(0.3191339266505932, 6.987443908469871e-44)
(0.5032492300062151, 1.292622355387674e-42)
(0.9768307496601746, 5.688398000686585e-44)
(0.7968097620352504, 1.0732021385827497e-43)
(0.19963083953562374, 1.7147798426351278e-43)
(0.6735346248157517, 3.1828698156697357e-43)
(0.6410073537620279, 1.2051443837800343e-43)
(0.130895178304086, 9.827748343891478e-44)
(0.9901187573252473, 5.826377851389573e-44)
(0.034369915940713015, 1.9374925114348985e-43)
(0.04903385193814498, 1.6668910620025898e-43)
(0.9759808810836981, 9.089108855576897e-44)
(0.4725632233718899, 7.528807178522142e-44)
(0.025961213342806405, 5.433262427852645e-44)
(0.46744870161770824, 2.5272821981371e-43)
(0.2573677594516532, 1.0444096570429726e-43)
(0.6698987752972856, 6.234664262132797e-44)
(0.10306211978359921, 9.637192517825593e-44)
(0.09464729454546715, 1.4798191415445248e-43)
(0.05418486615332696, 6.295460522164123e-44)
(0.43660957562858715, 3.8579866188040125e-43)
(0.5867618801160976, 9.017746442898276e-44)
(0.04024027633792972, 1.6406496801988248e-43)
(0.5196329395754368, 1.3843297450621802e-43)
(0.1918214821743412, 5.335062292199884e-44)
(0.9033499086840857, 1.8375709812586476e-43)
(0.9017435594134283, 1.8463480188532236e-43)
(0.5986599535396018, 6.916137770633039e-44)
(0.3831766358122316, 6.767663426384439e-44)
(0.5161822428366515, 1.8656839103685048e-43)
(0.9882744516725441, 5.183768987042545e-44)
(0.16842993395481787, 9.551521836308813e-44)
(0.9092446011983204, 3.884114612226558e-43)
(0.9641428833787359, 1.1089740358965956e-43)
(0.21729256980691114, 9.265939911083798e-44)
(0.38651795077786383, 8.426705962587536e-44)
(0.5857791859241159, 1.6625839791199263e-43)
(0.4119867078037942, 3.511675491730302e-43)
(0.24397176007138885, 6.381403921647904e-44)
(0.695814403618383, 4.0469648649136545e-43)
(0.7719814264101361, 7.188124113981862e-44)
(0.3032629462015801, 1.0344390321818079e-42)
(0.2854295900164819, 1.3116893643476694e-43)
(0.6792504025875231, 6.014643170390203e-44)
(0.6239452564987985, 6.794160761687754e-44)
(0.3343521807332465, 5.321697370157434e-44)
(0.5803589034173264, 7.508200013350745e-44)
(0.0120136979934785, 1.2998464710442469e-43)
(0.13315061733361616, 6.946654770356121e-44)
(0.8583820625032758, 3.52752325869823e-43)
(0.7360100039469328, 1.0155505051751616e-43)
(0.13161559778408702, 4.16880128320519e-43)
(0.393811563934734, 1.785171325797793e-43)
(0.9034248501570088, 5.994769616255939e-44)
(0.926768310965904, 9.563575425751517e-44)
(0.5875203865183257, 6.053959451811312e-44)
(0.5918184336679747, 5.496011655892404e-43)
(0.755770049824977, 1.741616833089684e-43)
(0.2394960710622238, 5.518858468746121e-44)
(0.05994435668389848, 6.909309808114907e-44)
(0.9779738921158327, 4.9106334498565455e-43)
(0.32934582391514133, 3.5515634625013245e-43)
(0.9338342333092168, 5.799188451283375e-43)
(0.2897899614779247, 7.222186163554701e-44)
(0.9668476409950584, 1.1352015565174344e-43)
(0.11528693871545814, 3.273099456252117e-43)
(0.2918595100719133, 3.328261387157495e-43)
(0.8942690307484319, 5.919860832404947e-44)
(0.28699657614746193, 8.674446088960639e-44)
(0.27217332455146703, 3.965058479883581e-43)
(0.26370306864286247, 5.513683892539956e-44)
(0.9957865288192074, 1.3139778873959263e-43)
(0.5219807324912994, 1.2582907263051635e-42)
(0.8739696800985942, 4.817300813915161e-43)
(0.7115529117272255, 5.163250185042449e-44)
(0.21862834545932705, 1.1079431516331157e-43)
(0.16271234317253633, 8.097908597256405e-44)
(0.37368909001434797, 1.0439241156478356e-43)
(0.8031492155612062, 3.607283848515619e-43)
(0.2850481559500467, 6.254658775310727e-44)
(0.020500919376034488, 9.019564007036253e-43)
(0.09429548239977091, 1.6761729900140727e-43)
(0.17589689191589702, 5.959802652112628e-44)
(0.40087104310487603, 1.063356394021722e-43)
(0.8431866812403644, 1.2980385879254502e-43)
(0.5541216258659587, 5.317916258603646e-43)
(0.1907626496680983, 6.224637836281011e-44)
(0.8014377798600899, 8.417560782980988e-44)
(0.7265020642761766, 5.856666313165508e-43)
(0.47720822591876083, 9.484700017439087e-44)
(0.5400548262030523, 5.613303825362798e-44)
(0.11766716275918841, 1.3833464254521297e-43)
(0.8458777095707852, 2.6654478262336018e-43)
(0.060174366587902574, 7.187077570151918e-44)
(0.6714360882904803, 4.835925939780037e-43)
(0.8968573009261503, 5.648179313407995e-44)
(0.42791316817645614, 6.923031364992772e-44)
(0.02727196692911335, 1.4650090778958508e-43)
(0.5261764963602742, 1.3511222942874253e-43)
(0.5446652117620413, 1.8426528424683887e-43)
(0.6523612889110829, 1.1414510824376724e-43)
(0.08762637742365022, 5.883591023849416e-43)
(0.7697797018081907, 6.330410212257591e-44)
(0.46618372625849996, 1.1455982531130251e-43)
(0.12392945424597239, 1.4523869402484654e-43)
(0.21986327722751559, 1.1391792603974623e-43)
(0.32652115118529795, 7.969379396882119e-44)
(0.7458713288607991, 1.1437785702526801e-42)
(0.698498979731264, 5.364827906943802e-44)
(0.834343636658308, 6.08787992958163e-44)
(0.029470054802382874, 1.3313261641491769e-43)
(0.5268492997819225, 1.027787469808348e-42)
(0.32225156367117846, 5.142352663851606e-43)
(0.5061065283189043, 7.701803237955003e-44)
(0.27693997271607473, 8.58549737899684e-44)
(0.3713032918857597, 6.023143645995176e-44)
(0.30844390703692603, 5.497459871406742e-44)
(0.6374146343247153, 5.214819030473524e-44)
(0.9844442323681206, 6.614113452356596e-44)
(0.9463797632365645, 8.36476177445477e-43)
(0.6433899600030931, 5.333424150542083e-44)
(0.20864255575779753, 1.7642173534513789e-43)
(0.3202439995251663, 6.326236820996825e-44)
(0.5796040921972153, 9.488257484347248e-44)
(0.7253230184135686, 1.4882457814776677e-43)
(0.8534030517370522, 3.1654885729714446e-43)
(0.4750398920218838, 5.018656687058853e-44)
(0.3105515377608776, 7.362837743670175e-44)
(0.8392812184977553, 5.710491623752762e-44)
(0.871481287691969, 7.818941373550503e-44)
(0.8957207125857475, 1.5821582146442266e-43)
(0.37089349858647125, 5.490816822528354e-44)
(0.048852835818312255, 7.934175845011036e-44)
(0.06751450987387173, 1.580669122071619e-43)
(0.9914861044730611, 6.673963622209883e-44)
(0.5467250558125833, 1.344468564896209e-42)
(0.6549607909232433, 6.271630498581427e-44)
(0.22987911153442753, 3.1262788651870987e-41)
(0.44054568773386565, 1.8125858698352657e-43)
(0.14830416910533326, 8.199903590832207e-44)
(0.499023113189341, 5.451229950681125e-44)
(0.684915613789123, 9.04647286067539e-44)
(0.8229736301709605, 6.220146763573759e-44)
(0.9270738667745689, 6.295532941634611e-44)
(0.15305397851568955, 5.219205418147047e-44)
(0.5489841459346897, 4.488895636968801e-41)
(0.2133100276578176, 6.353184063822121e-44)
(0.6619157254088202, 2.917214670715356e-43)
(0.9642895075539362, 1.219023651378756e-43)
(0.011059061621373979, 5.73247489898064e-44)
(0.3477522856255852, 7.584723784229116e-44)
(0.5830510159602462, 6.737581703690834e-44)
(0.8358872843154247, 6.298999429464354e-44)
(0.11588856323440389, 2.0121674618040472e-43)
(0.13409021321859316, 6.413070794261832e-44)
(0.8849029135762955, 1.0111756776185354e-43)
(0.5203866167787642, 1.2709952901512348e-43)
(0.16909002320328154, 6.171654378844382e-44)
(0.5786055271512316, 1.729447222596242e-43)
(0.5055556056670879, 6.256347536099211e-44)
(0.25384630563519334, 1.5594029402117178e-42)
(0.5299187610782894, 1.2287845525898658e-43)
(0.17354332206964787, 9.279759618644519e-44)
(0.21734402621203613, 7.691705966531172e-44)
(0.4393942512587509, 1.174054065995785e-43)
(0.6590154546576013, 1.8558936909433453e-43)
(0.12324868439786887, 9.104202025140561e-44)
(0.5027690814836927, 5.872141996795492e-44)
(0.2507286636453049, 1.3122026299005852e-43)
(0.25922306779981225, 5.036035484634578e-44)
(0.3272291297127497, 9.665483268956884e-44)
(0.758723582742369, 6.235417041951436e-44)
(0.8304871235335336, 7.61800875357993e-44)
(0.3871633365683178, 1.95332636138063e-43)
(0.38225642251878705, 6.264629862945474e-44)
(0.27393665416261165, 1.2844212315055226e-43)
(0.551058192565599, 1.1411034707454506e-43)
(0.2172968478069868, 1.381053554880927e-43)
(0.8322728270840204, 7.049305619821879e-44)
(0.1961735431079156, 9.403835260811536e-44)
(0.8686934470748998, 2.346192349958935e-43)
(0.207021820297988, 6.116284448608614e-44)
(0.26709625495148825, 7.151049206882829e-44)
(0.198338295357223, 5.13791355810685e-44)
(0.5838863448120759, 1.3312086062574593e-43)
(0.6555882605320587, 7.181434402779577e-44)
(0.7450328042249923, 7.400880170964721e-44)
(0.7105566397078664, 6.733078731353227e-44)
(0.1358141322334653, 5.62934258443988e-42)
(0.8825556524134875, 2.089046030456187e-43)
(0.8997225772299178, 6.7807017990775504e-43)
(0.03201564091402961, 1.79026397600121e-43)
(0.5724921051706979, 8.701283415611288e-44)
(0.5183761937170778, 1.6376800700295776e-43)
(0.3202548307947682, 6.584381372403552e-44)
(0.07625345446961262, 5.104259842581511e-44)
(0.9249584270798848, 5.215046088453249e-44)
(0.11039740817934074, 2.1444596562549396e-42)
(0.5727235123606913, 1.6979922716644759e-43)
(0.9506088177386274, 1.2440223191528726e-43)
(0.006953286142588188, 1.1643719411237266e-43)
(0.048335181228945485, 6.143367910852483e-44)
(0.5788091167527032, 2.629319301723914e-43)
(0.4523197493345011, 3.0151486109946687e-43)
(0.23734386045319852, 2.8400416256558148e-43)
(0.5208969772937274, 5.359808663136756e-44)
(0.09980665356935632, 7.478272607578523e-44)
(0.7571278971309094, 1.240582864595095e-43)
(0.8480449469587616, 6.745735581028497e-44)
(0.06729696148782019, 1.7900938682328038e-43)
(0.07957828835413217, 8.994180869945033e-44)
(0.06680210620812851, 3.1511279889543625e-43)
(0.38092454342460713, 1.9615967529661662e-43)
(0.225414140521376, 1.952342225302108e-43)
(0.3634165083302296, 1.0233986470440168e-43)
(0.5617438226690488, 8.99818473714177e-44)
(0.5734964982135239, 1.083995836086521e-43)
(0.7300075951157953, 8.663609509297237e-44)
(0.6611022616149334, 1.3290171031006563e-42)
(0.20090374172003103, 8.134579884009784e-44)
(0.18897452141747745, 5.351788760870138e-44)
(0.20467243304272487, 6.087093234604264e-44)
(0.22872311407507664, 1.766946577146081e-43)
(0.6838043898575764, 3.3755736269589974e-43)
(0.545432394495046, 1.5235621374347048e-43)
(0.28285753611440445, 7.131931721062338e-43)
(0.4814279910062184, 5.705158606966026e-43)
(0.4876595639164802, 1.071190375275597e-43)
(0.8346537430938061, 5.1369400587414845e-43)
(0.1275488358481361, 3.4579447644145422e-43)
(0.8339851820303631, 5.566483150048108e-44)
(0.2470071674458554, 5.642637542747907e-44)
(0.754578554744157, 2.1725313518968494e-43)
(0.5935852626594149, 7.36384847242594e-44)
(0.22681691501423495, 8.106837130386262e-44)
(0.1592789911361258, 1.6556183609884278e-43)
(0.9180483030188658, 8.278482575951851e-44)
(0.3919713690791604, 6.796821605097293e-44)
(0.9087730169498296, 6.599329180246692e-44)
(0.6132761576587642, 1.0128804860241625e-43)
(0.3633946391940077, 4.583263291597762e-43)
(0.5471852309477475, 1.1973846849351898e-43)
(0.279768243350842, 5.950469938856954e-44)
(0.26218241284161675, 6.119422537393007e-44)
(0.8362756427054543, 2.885324989719714e-43)
(0.8209935408411366, 1.2162276124389896e-43)
(0.05958879308130843, 1.3509318660558416e-43)
(0.9086812769726923, 4.621750214318588e-43)
(0.026021652796245118, 1.2938142281367726e-42)
(0.7102247671527829, 1.3773173653808507e-43)
(0.844035406569289, 6.254770144755517e-44)
(0.3239629230783748, 9.006146167034807e-44)
(0.6116370585427995, 2.8830910187294996e-43)
(0.040965103716642276, 9.549480101785289e-44)
(0.3941125132577185, 3.356615241041396e-43)
(0.689752301538462, 7.367502630964259e-44)
(0.5315847344941281, 1.1352709966521034e-43)
(0.5223231117707342, 3.2660410862285897e-43)
(0.07253023037288416, 6.818644838626769e-44)
(0.7359983702693602, 1.7036255723841075e-43)
(0.8092334036009656, 1.0109184759919762e-43)
(0.8472637181186732, 3.497052188316902e-43)
(0.9331499712253658, 2.650556635586426e-43)
(0.9645971222629692, 1.0078135645515343e-43)
(0.9433534850349462, 6.388133458902001e-44)
(0.1566786254950042, 1.1215364228101892e-43)
(0.5912664730601973, 8.519240267821282e-44)
(0.1740669814367037, 7.25820667571635e-44)
(0.9032443892780612, 1.385108591607556e-43)
(0.1137434495641887, 5.902324329823179e-44)
(0.7240261537036917, 1.97524916681504e-43)
(0.774900553739266, 5.252601448371192e-44)
(0.26656315340732073, 7.154689742698713e-44)
(0.41215333791891523, 1.4210611180701397e-42)
(0.9423870398466712, 1.5647202545448069e-43)
(0.4078303713961322, 7.183641042573098e-44)
(0.7759464610436912, 7.37014279736589e-44)
(0.960143497308394, 1.6058481084751364e-43)
(0.8832625805671428, 2.1205440303762105e-43)
(0.5821069819137841, 5.195473062794806e-44)
(0.9620109431792236, 6.411977659831931e-44)
(0.5676398722805304, 7.549989025862188e-44)
(0.3629234171694679, 5.206838378570774e-44)
(0.5650680908844906, 3.2894181884851063e-43)
(0.5338175878525008, 8.00309866121269e-44)
(0.39336562610266607, 3.4231922528403815e-43)
(0.59003898001717, 8.910622692345638e-44)
(0.3346488915604542, 6.401410812103723e-44)
(0.6614941976897456, 6.071769752332571e-43)
(0.3343390807681057, 5.443604876515861e-44)
(0.8887658638088954, 4.28170791467567e-43)
(0.6428449175886856, 1.2686289553311317e-43)
(0.9969206592108119, 1.355930045002813e-43)
(0.4663071899515521, 6.308988679689123e-44)
(0.7060484816859715, 1.0254202579711267e-43)
(0.1912411871092118, 6.330690903399258e-44)
(0.6788855711427542, 8.712315949639865e-44)
(0.47190240075407275, 1.01827948573605e-43)
(0.3758141231943903, 5.194689401326696e-44)
(0.9383580875705863, 1.1186793688707388e-43)
(0.03952242213722362, 1.452522580562927e-43)
(0.9288121065469694, 9.954419893447273e-44)
(0.48550080584259875, 9.840489206583374e-44)
(0.5853756760995878, 1.4256303989316124e-43)
(0.4025880607239058, 1.1428822003483056e-43)
(0.7627105055644996, 6.82853944375616e-44)
(0.4588087684187521, 1.0495391319138586e-43)
(0.7902643479674277, 4.173346538669505e-43)
(0.3083222129454266, 1.0221520621978502e-43)
(0.7414147571721212, 5.404056329588644e-44)
(0.0795261802052058, 7.234930359627767e-44)
(0.5112943846704392, 2.8961213506457727e-43)
(0.642784384925311, 1.3078407541873024e-43)
(0.5599422501245078, 2.8935849988180953e-43)
(0.3535175584190482, 6.045008385902363e-44)
(0.7713993128381037, 1.6848681602428382e-43)
(0.3513251069611486, 2.532786858504373e-42)
(0.7718545490837974, 5.938011681904823e-44)
(0.7919593355488964, 6.607559384209628e-44)
(0.41661630978519315, 5.557195461168211e-44)
(0.20205184938458298, 6.755001935802767e-44)
(0.6929639173683741, 7.623133673232824e-44)
(0.28687295067300894, 3.647286967808317e-43)
(0.08412748212917706, 1.7376944218851902e-43)
(0.7172434481517211, 5.615049714237176e-44)
(0.8247928861975524, 5.959319290384195e-44)
(0.7722017410902098, 6.250402965732844e-44)
(0.7790569738735362, 5.977567454631877e-44)
(0.6900550121275881, 1.5438759778678379e-43)
(0.38304368963809615, 3.8438642024398226e-43)
(0.6107648208078172, 7.609759107447199e-44)
(0.038533622351293956, 6.867640222420363e-42)
(0.14686704849184062, 6.946186011349986e-44)
(0.6630232938336538, 6.325487916224701e-44)
(0.542284935197642, 1.671232665858698e-43)
(0.01590757196877666, 5.092190290476643e-44)
(0.06921386491122042, 1.0678673326595048e-43)
(0.2658474481032968, 6.630391165068063e-44)
(0.2764241063961201, 1.4671290558791319e-43)
(0.736623546129548, 6.564595187094466e-44)
(0.5232842466384856, 1.8214234289014834e-43)
(0.3509250966167739, 8.644775984893098e-44)
(0.2251812937320366, 1.7936198997507716e-43)
(0.0953725101198704, 6.16668976584245e-44)
(0.386903327169964, 1.1066185577001797e-43)
(0.5696563520706017, 1.5518349774464013e-43)
(0.6645672207845621, 1.3343041408735823e-43)
(0.8065908144282649, 6.461125471492262e-44)
(0.8352426049809639, 6.232777536622932e-44)
(0.5832089544710735, 7.046450659403285e-44)
(0.11893874937754083, 6.357513785603201e-44)
(0.8286355476353005, 5.695675151585001e-44)
(0.6070409996034639, 9.253679115970799e-44)
(0.5499370775228389, 6.452557251695861e-43)
(0.940341527568622, 8.599496931462314e-43)
(0.038377471082219755, 1.3797124885997447e-43)
(0.09925296793067565, 7.998660977804669e-44)
(0.4530716187268034, 8.135669937093633e-44)
(0.9069867473207144, 2.165773205576359e-43)
(0.39786767831861736, 6.438958918940349e-44)
(0.08361188811166213, 6.737324051315091e-44)
(0.7210589833956229, 7.271329763895622e-44)
(0.27484395003650447, 7.168375597786341e-44)
(0.34665941910761366, 5.291854516049622e-44)
(0.9813099225280548, 4.3440989549788515e-43)
(0.16860923335624275, 1.2024270457903368e-42)
(0.40703226632559186, 1.6215872370133738e-43)
(0.0776860662987433, 5.860085085348983e-44)
(0.9647744738316281, 2.2138706246093025e-43)
(0.539022884583784, 7.966882105385686e-43)
(0.4109514351865775, 4.4764085360440265e-43)
(0.6449577566077163, 1.106823650404082e-43)
(0.7718235505930553, 1.106445475067899e-43)
(0.03279556254113648, 5.981440257745449e-44)
(0.19925273591553647, 5.053556490164422e-43)
(0.03481821906276768, 1.906270932822376e-41)
(0.9083831028288282, 8.820160753471281e-44)
(0.48983858892951126, 8.132758095438597e-44)
(0.5867519028909759, 5.988463033403487e-44)
(0.5922605072374844, 5.520087879582171e-44)
(0.2409908751878379, 7.398966310352501e-44)
(0.713568695317437, 2.2058899314679424e-43)
(0.31523834853445637, 7.639478120690963e-44)
(0.9075572806826278, 5.277784946304047e-44)
(0.7973782936813248, 5.751518084188408e-44)
(0.5011568925163558, 7.12085792680031e-43)
(0.43465520582678596, 1.180340687802409e-43)
(0.5310968465483187, 7.217568335164482e-44)
(0.4594927129835907, 1.266180735502695e-41)
(0.019513488649145583, 2.648439237906726e-43)
(0.8149168950992801, 1.7273584211150909e-43)
(0.5815019325169722, 6.220833517592102e-44)
(0.18666254810147667, 1.6792117436544128e-43)
(0.12209817739548173, 7.319764944574501e-44)
(0.2753396308089457, 3.839128224607537e-42)
(0.4643393515573562, 5.093905154100638e-44)
(0.36413556851872325, 1.1623947260928597e-43)
(0.32259858680721604, 1.0893222756441915e-43)
(0.5120763499318313, 5.166976477465688e-44)
(0.6566001504356708, 3.774787522108838e-43)
(0.40319580128871935, 4.106366329583167e-43)
(0.3849532548658949, 5.477748425545775e-44)
(0.40798411220411757, 9.495827735447526e-44)
(0.8279385511493168, 5.975763828649786e-43)
(0.8783189297372417, 7.93115271509691e-44)
(0.43004419723396115, 2.656238114624592e-43)
(0.10807938002970537, 1.5079874177402537e-43)
(0.028574709883609214, 1.1316516026425077e-43)
(0.7275370747873127, 8.197804843817604e-43)
(0.6897447952400355, 7.38030184534663e-44)
(0.4801671557657585, 5.269109171886e-44)
(0.8387415909562561, 9.553589672670238e-44)
(0.5859948545277587, 7.980054117215737e-43)
(0.7777272547783393, 6.523066694102896e-44)
(0.7932197233030388, 1.892988644422047e-43)
(0.5873466902404358, 6.4625151827797e-41)
(0.04807937280452544, 6.022100417325006e-44)
(0.32016233202702915, 6.570154791359772e-44)
(0.7753904140779045, 6.090895830308274e-43)
(0.7134259150009727, 9.887997936769733e-44)
(0.8908243396964081, 1.7548119533462806e-43)
(0.4735003974066335, 9.089708242890908e-44)
(0.06513759381359532, 6.694426680808455e-44)
(0.019622208973110185, 1.4593300868003878e-43)
(0.9369350711966169, 2.1836978252578995e-42)
(0.048305503990100945, 1.9761248136641377e-42)
(0.89832414055432, 5.10578839447866e-44)
(0.6255852433206295, 1.0753381941873657e-43)
(0.8428679301147581, 1.0642596697096142e-43)
(0.23987968137105053, 5.246689905658565e-44)
(0.7708505426080074, 5.376428270908855e-43)
(0.2701117152047486, 6.810243226434019e-43)
(0.5294656616234918, 5.656923709131694e-44)
(0.8017524153733904, 5.447997034545248e-43)
(0.032327813223383996, 2.816881640496198e-43)
(0.7245192248937659, 1.045685798921893e-43)
(0.3120355419849652, 1.1905424568273343e-43)
(0.3450793804143588, 3.680461799214267e-43)
(0.8602549486964733, 6.053597227282457e-44)
(0.8049419494080517, 9.783603147204674e-44)
(0.9217884788255745, 7.51890592175867e-44)
(0.8699522035355475, 7.292246090384672e-44)
(0.43286812332371616, 9.646858359015611e-44)
(0.8264374427913409, 5.403844377956467e-44)
(0.5254624172993307, 5.106059056634048e-44)
(0.28653966744636294, 5.499959950494646e-44)
(0.2600883653440526, 1.9230741255714703e-43)
(0.44600002798372046, 6.807275815525192e-44)
(0.3277065554348915, 1.8954964700263936e-43)
(0.8125568112615135, 7.246577940915574e-44)
(0.6147353355225741, 6.206341141028377e-44)
(0.14117119941131295, 2.3957529887475897e-43)
(0.7745200008172916, 1.0145834309808695e-43)
(0.711101512293093, 2.044345478908823e-43)
(0.5217405642152838, 1.0170448789767977e-43)
(0.5882811648413283, 7.146010988596724e-44)
(0.6701025270399338, 1.4785781490042753e-43)
(0.12190703859614352, 5.931759542501138e-44)
(0.9490808003633352, 1.0663539682697659e-42)
(0.4694112577182089, 9.681395265772557e-44)
(0.8184924218460604, 5.308814949876511e-44)
(0.9390724426039754, 1.188668065947446e-43)
(0.08471816192798205, 1.1997484769488702e-43)
(0.16780300402430906, 5.731232701459958e-44)
(0.46776484186266354, 2.460378120410963e-43)
(0.6693685734947742, 2.8625739872120493e-43)
(0.1707295220847654, 8.054916334465965e-44)
(0.03865048706813833, 4.219301316547973e-43)
(0.14917354832639343, 2.1985285342293044e-42)
(0.527604128871195, 1.2399549556703715e-43)
(0.2901024143718669, 6.648633810557224e-44)
(0.2518919038976187, 8.458413740599181e-44)
(0.2276502579962219, 5.818566710482797e-44)
(0.2981677229435838, 5.161361260550381e-44)
(0.26296034397100315, 1.1118217591573896e-43)
(0.8248307291921216, 2.5445223126807984e-43)
(0.4028957152043707, 8.266977632107008e-44)
(0.35408707523154453, 1.4067790293732031e-43)
(0.5677515592495486, 7.53630900998029e-44)
(0.3867803492698226, 1.2502492567251057e-43)
(0.6183370569975418, 6.968346015125696e-44)
(0.7545625969707414, 8.725400078448214e-44)
(0.9996728456003638, 5.015825518215057e-44)
(0.7376690571634558, 5.140282754123501e-44)
(0.5303241610630736, 6.311709099522834e-43)
(0.9656626218044748, 9.533669263738066e-44)
(0.26458847685731607, 6.706163216813878e-44)
(0.21308786038378363, 4.624513105719353e-43)
(0.28392002174449676, 5.657485374695131e-44)
(0.2870211995171711, 4.460871602040504e-43)
(0.9399117890368953, 1.1424630124189566e-43)
(0.06646316740886245, 1.6407540741454106e-43)
(0.1621953558594665, 9.388794241693387e-44)
(0.1880090030558561, 1.3013299398534552e-43)
(0.6569049773234722, 6.694553242982875e-44)
(0.3547263971355032, 7.694328262562651e-44)
(0.7739687907045587, 6.388529279874756e-44)
(0.9824950901055673, 7.191584687147441e-44)
(0.16843885353942903, 1.671039017367113e-43)
(0.8652628462079673, 8.092106102500036e-44)
(0.15900084671351372, 7.980075652853965e-44)
(0.94441277446652, 5.736062289378042e-44)
(0.2478033322065896, 1.7832134020092494e-43)
(0.9520311905360169, 6.127829721801315e-44)
(0.6708596571514823, 7.354221488028595e-44)
(0.8929655568971344, 1.7697118782200911e-43)
(0.9260557322464665, 1.97687961159752e-43)
(0.6320198174299404, 7.413904041875042e-43)
(0.11856526663419824, 2.2534717446796206e-43)
(0.913410173074858, 7.214708874153154e-44)
(0.05463542946577421, 1.7714833273971286e-43)
(0.28825924192725305, 5.241898351595095e-43)
(0.9136913116676407, 6.103789051625032e-44)
(0.9242365831200797, 5.30455706987866e-44)
(0.09959454762564166, 5.677611810877148e-44)
(0.7836433719484691, 6.265752220641524e-44)
(0.6778696414059481, 2.5819151709747246e-43)
(0.21233124743126927, 2.483332437165764e-43)
(0.7082134215610354, 2.210565384926017e-43)
(0.8058282091534201, 9.331857795188592e-44)
(0.53039167645151, 2.374469797021751e-43)
(0.027824853590317743, 6.44807048518048e-44)
(0.11080979285936715, 8.945286915744405e-44)
(0.06564892566947884, 1.1933012962876106e-43)
(0.6595297590051618, 5.101411287786162e-44)
(0.46106769484595156, 1.428824456211742e-43)
(0.07593055705883502, 7.126436613199244e-44)
(0.6672327684408638, 5.095986071961861e-44)
(0.7151044314591488, 4.464198338640429e-43)
(0.3386950317616277, 1.9548485804786865e-43)
(0.9495297582335359, 1.614677197307208e-43)
(0.39503211803627303, 2.1656632598971673e-43)
(0.8353605020661804, 9.440171292630725e-44)
(0.6170665346638606, 5.629928957931897e-44)
(0.031156783685022588, 7.107315805948483e-44)
(0.23061455981843085, 8.922706746870138e-44)
(0.4056337856760727, 1.8796302545514535e-43)
(0.943147865867352, 5.19485268389828e-44)
(0.730463206667253, 8.664885265630442e-44)
(0.46959543843449303, 1.7374508248189505e-42)
(0.9183006344537574, 5.640095849485315e-44)
(0.479328755620241, 8.318854290901594e-44)
(0.8373352594903084, 4.978462812068655e-43)
(0.43205647381781814, 1.7037430658735387e-43)
(0.2340956579315935, 7.287481864040969e-44)
(0.8202656036384295, 2.069490890954626e-43)
(0.8072955878364212, 1.0305357423765391e-42)
(0.8700916236658773, 5.118053303100366e-44)
(0.8096712558290867, 1.619309871529171e-43)
(0.8058205955763388, 6.99611248292253e-43)
(0.8078568429196511, 1.0030201333027768e-42)
(0.3404980037922627, 5.6867760529463e-44)
(0.27533787104315066, 2.1425327975697424e-43)
(0.45420746362518644, 5.570549301287327e-44)
(0.29490680383840684, 7.711679069337366e-44)
(0.1234730075232989, 8.247149743294572e-44)
(0.14978914362265344, 1.910718134822329e-43)
(0.52834865443442, 1.8754740996367494e-43)
(0.25392564168623183, 8.551444082410367e-44)
(0.5473713616297702, 4.287828259385535e-43)
(0.21414820394726972, 5.215042553067825e-44)
(0.9387777145149472, 2.022224042173637e-43)
(0.2167352879865437, 3.31085730380493e-43)
(0.5946394502251121, 8.291212613120624e-44)
(0.7231668234215783, 1.090491156473117e-43)
(0.5664966337030615, 2.557655634963125e-43)
(0.7519437199711397, 5.902185902113748e-44)
(0.34052891397999624, 5.446635560567309e-43)
(0.3570266819529388, 8.182018779618957e-44)
(0.14636430887506377, 2.3890524675712436e-43)
(0.9319850915966421, 6.117946890147779e-44)
(0.4333599073056926, 1.692609226621157e-42)
(0.6817291925397229, 3.4571165071022872e-43)
(0.002504565775889179, 2.8025291444672656e-43)
(0.18792919186592466, 1.0202272141350867e-43)
(0.5689234879462167, 1.0503810147707771e-42)
(0.8994526530177316, 5.7079548356564e-44)
(0.6863635418473534, 2.6042873599955453e-43)
(0.009267051087610924, 5.987071400226087e-44)
(0.6002825330984997, 8.267371579047305e-44)
(0.210731405566693, 1.6204888351064067e-43)
(0.8770744223490473, 1.1286819061310455e-43)
(0.316092005944844, 4.839160950143108e-43)
(0.69995329898908, 7.530229685912111e-44)
(0.8709758490098842, 1.2663858827264278e-43)
(0.1816753484085857, 8.224914314633016e-44)
(0.8872056067701284, 5.323389843364977e-44)
(0.5972241650006527, 7.184597059046277e-44)
(0.5808531940313288, 9.657631678627207e-44)
(0.08623052153054782, 4.776715935255196e-43)
(0.9435047495872002, 6.662482549693943e-44)
(0.12156845404921553, 2.2762887784461447e-43)
(0.2659463222262713, 7.04077989074801e-44)
(0.4965599688222102, 5.895726608589553e-44)
(0.5594842456932427, 7.413042724511496e-44)
(0.7878727858510792, 4.243938993945361e-43)
(0.6248925125773802, 8.565083803997043e-44)
(0.1486795758569736, 3.4652461396287065e-43)
(0.172992978979604, 3.2084934974388777e-43)
(0.9231922716920347, 5.771614603099237e-44)
(0.020130659756252337, 1.2034761646612716e-43)
(0.6518773177415219, 1.484724528109784e-43)
(0.16335817926960916, 1.5467134761569297e-43)
(0.9272142514893461, 1.5304377932567458e-43)
(0.8947557754647467, 4.573794784109279e-43)
(0.6413711801270592, 6.746674793710629e-44)
(0.49584068386387753, 2.767883553705486e-42)
(0.874061945579273, 7.979360755715036e-44)
(0.11237985577436437, 8.746625002538108e-44)
(0.3300668745255091, 5.533472842946397e-44)
(0.3324507529186034, 1.8553133173756146e-43)
(0.5756266673463629, 9.757405048433807e-44)
(0.9258362143826128, 5.544237822939912e-44)
(0.7087538313104211, 1.0596995586583475e-43)
(0.8961193093769035, 1.0045269139109954e-43)
(0.6245072871686737, 7.643161271732498e-44)
(0.6375334570577129, 9.130074384234809e-44)
(0.006134179651954546, 7.395708799848151e-44)
(0.43940148177516336, 5.137769505637286e-44)
(0.2255932557395909, 2.394824571163328e-43)
(0.7861540853293338, 1.1710260536722165e-43)
(0.6040656890511545, 7.157716862740125e-44)
(0.6341184222118724, 3.37798498602214e-43)
(0.227880851447556, 9.432872907732403e-44)
(0.3177023791548392, 5.458554960126027e-43)
(0.03578795694582069, 1.3475204029372165e-43)
(0.35237269990694575, 4.110074129354995e-43)
(0.6463225575538879, 4.949711497140205e-42)
(0.745047667306003, 3.5035488104451795e-43)
(0.5059031875368661, 2.316784711587938e-43)
(0.39938791998812173, 3.1240196835419148e-43)
(0.16240464752768308, 2.399910048092005e-43)
(0.7860180174664256, 2.0479879271567693e-43)
(0.2526872400350802, 9.632736991634796e-43)
(0.6057732504773444, 2.837134168357352e-43)
(0.9139194871036181, 1.001046082120555e-43)
(0.8230393683636823, 6.6299483993513515e-43)
(0.1649664511523513, 2.8282929375708395e-43)
(0.23062519949467988, 1.5385398426068636e-41)
(0.7537561589220095, 1.5312001368009183e-43)
(0.48579735086325015, 2.8687963014695474e-43)
(0.8201790621804683, 7.652720140456982e-44)
(0.15095475239204142, 9.216731131742031e-44)
(0.5102575117929498, 6.257200845590717e-44)
(0.6635121647646784, 5.799282063607854e-44)
(0.31005722410249453, 7.972020894518777e-44)
(0.3027490657536097, 1.0149398735877462e-43)
(0.8698676705337184, 8.336477784518452e-44)
(0.9684684066469809, 8.050444245350719e-44)
(0.4224102718382192, 5.039992859580265e-44)
(0.28165085957623026, 7.222807954262026e-44)
(0.10406953544553352, 4.670882349514232e-43)
(0.6952145667682275, 9.980477478810619e-43)
(0.5711259952618082, 5.076024466820785e-44)
(0.7128517737232846, 1.085144458706814e-43)
(0.7829740315281657, 9.041182128876678e-44)
(0.7064829799068926, 6.575682358157623e-44)
(0.07856403814577195, 7.932237079203286e-43)
(0.05454921218451411, 5.924201290312856e-43)
(0.787598722251329, 9.474545757430244e-44)
(0.6296736925870574, 8.846714786084593e-44)
(0.2423102947694437, 9.518920459390546e-44)
(0.022771168526815423, 8.719358850352136e-42)
(0.0994831994985735, 7.151859098633371e-44)
(0.9085687006213011, 2.2359720281155412e-43)
(0.6538153228357435, 5.77977871186388e-44)
(0.3553529984195917, 5.655361172915664e-44)
(0.423057696339247, 6.291463913817687e-44)
(0.7306233754189208, 6.484963622042074e-44)
(0.5308229821617588, 5.861037488182825e-44)
(0.5053586738288782, 5.754351888968742e-44)
(0.8472794015302433, 6.599437203660001e-44)
(0.4732026749154157, 1.9106079671813037e-43)
(0.9906755300952312, 5.897962232658446e-44)
(0.5895239130317564, 6.781871202181872e-44)
(0.7902757218234858, 1.1672152118641626e-43)
(0.7052157182387345, 9.080013988959039e-43)
(0.5371435961043018, 5.45655989885187e-44)
(0.25897006101646436, 5.230924823469426e-44)
(0.38835661650387204, 5.597498016923479e-44)
(0.07704038922075532, 8.179546265554506e-44)
(0.682742129545444, 6.951862113215347e-44)
(0.5035872558678055, 3.6407906212147494e-43)
(0.06082281721763709, 5.687599148523209e-44)
(0.7548441150129106, 6.987430892326881e-44)
(0.29166925784138764, 2.4927144417044665e-43)
(0.5989993400928042, 9.127646175513185e-44)
(0.9570820588020521, 2.1986071745559363e-43)
(0.5046552138083659, 8.720077600600632e-44)
(0.28528393306315436, 5.86677033829645e-44)
(0.7430546896699803, 1.0023601738250723e-43)
(0.5526183872341605, 2.0689857435639627e-43)
(0.28391791250614934, 7.535279006026529e-44)
(0.632146306248244, 2.1091952140874796e-43)
(0.44139176573080063, 6.903405095759759e-44)
(0.8224764202482931, 7.925398181120476e-44)
(0.28905377197897714, 6.195596580102549e-44)
(0.5945959538185407, 2.874322547979462e-42)
(0.9132309385941144, 1.535422371225922e-43)
(0.8659416410868767, 8.416544363946675e-44)
(0.36474385178627383, 5.919952504348245e-44)
(0.2812904239198091, 2.093479164752337e-43)
(0.3439788856500909, 6.4995133613078e-44)
(0.5544848004092721, 3.4047854298374004e-42)
(0.2959157891612185, 1.1828297475104147e-43)
(0.8043786199457778, 4.433175552650268e-43)
(0.3933562603235369, 5.910067389496811e-44)
(0.5071796773926555, 6.872824440405425e-44)
(0.0052160917861774824, 1.5742196092660661e-43)
(0.4100127766943153, 3.104274064229583e-43)
(0.277610058809923, 6.403455574013076e-44)
(0.49026894591069425, 2.383884029155524e-43)
(0.21264794001686596, 6.665765950684598e-44)
(0.6531901699431594, 8.50006399849288e-44)
(0.6522649508487938, 1.2685137709274038e-43)
(0.8649359886802297, 2.475919917969466e-43)
(0.2006851685069197, 5.805210387208273e-44)
(0.6522129556876247, 6.740826441463265e-44)
(0.9895082349484658, 5.118884342502356e-44)
(0.6314393699895646, 1.0699469255510003e-43)
(0.7030739594968843, 6.215849458890636e-44)
(0.33626158012311846, 1.6088856350837965e-43)
(0.9825009176996388, 7.553947818430308e-44)
(0.14709158634109182, 5.274823973292043e-44)
(0.5624665852293437, 1.5165319005016238e-43)
(0.45238079853587154, 5.295874169549417e-44)
(0.5152831630317087, 5.257920384903371e-44)
(0.7284384125465931, 5.742824017349896e-44)
(0.04864379963245901, 7.756843061470387e-44)
(0.6698078515498617, 6.933996243682933e-44)
(0.8383031164639084, 1.207420014459531e-43)
(0.48889055545775734, 1.163122009175409e-43)
(0.03457552619891707, 1.997470867149005e-43)
(0.9556878921532308, 1.0414077573125564e-43)
(0.16818617833257782, 5.055894160334822e-44)
(0.8513982757871772, 5.083232457169851e-44)
(0.8907762496963055, 6.153495469054749e-44)
(0.9065581399178867, 1.0626008429916323e-43)
(0.19056613562244842, 4.949238654371624e-42)
(0.7136038982672213, 4.179200082845154e-43)
(0.25694356799405677, 7.772034674277847e-44)
(0.49846119528273747, 2.7016020176657126e-43)
(0.25297659848664983, 5.750181642781194e-44)
(0.6321085885264979, 5.703792518419763e-44)
(0.7448910079896484, 1.5475470602339586e-43)
(0.04815633656988761, 7.048832298527914e-44)
(0.01609743354337767, 6.79411713636513e-44)
(0.7490030957542199, 1.0479097070629467e-43)
(0.40666361199132295, 8.752242650306073e-44)
(0.44017669886313326, 5.551379904682986e-43)
(0.34182832816764525, 6.531133650131587e-44)
(0.6161200469969491, 5.565690911600152e-44)
(0.8239496463462636, 6.888355332278608e-44)
(0.008696106623193953, 1.1212558144260146e-43)
(0.9377511070597221, 2.228202761811376e-43)
(0.3475123055336664, 9.423696308387397e-44)
(0.6976673489180041, 8.060619227851132e-44)
(0.25817834110593096, 1.462815251371027e-42)
(0.9544263848724747, 1.5107393407596975e-43)
(0.950387221684628, 7.970652815723977e-44)
(0.5275032697964063, 8.149468516210123e-44)
(0.11876926973776823, 5.510171180259511e-44)
(0.571533060977488, 4.179243543401672e-43)
(0.08164679373063802, 2.159592951720101e-43)
(0.5738686576519653, 6.481753382291389e-44)
(0.04149155826354324, 9.973798000186526e-43)
(0.623584132930703, 5.725232911928181e-44)
(0.16317160531384353, 8.155067721475687e-44)
(0.9687381218393679, 2.1174270962274035e-43)
(0.4520767444601652, 1.5787387108968949e-43)
(0.14053142411392744, 1.3027513121948837e-43)
(0.23088311358597252, 5.183274912441359e-44)
(0.2184963707278622, 2.1018534583893826e-43)
(0.5757189602180305, 8.527478514450527e-43)
(0.33965605830475587, 1.0870222181546233e-43)
(0.7373472037461669, 1.1711769310251429e-43)
(0.8874472460656158, 1.4677431504340792e-43)
(0.28751331930690077, 5.052250072751979e-44)
(0.7896597585268815, 1.6737838029053674e-43)
(0.3274102630002529, 6.990945168998458e-42)
(0.669875102121256, 5.962938479190388e-44)
(0.9743460576397873, 5.545168642576444e-44)
(0.14624909788215298, 8.320972918433047e-44)
(0.8733411893595316, 1.909449191651726e-42)
(0.24561001432534235, 9.581400539254416e-44)
(0.8756774355362572, 5.94347892757676e-44)
(0.8144849416404057, 6.035892954669165e-43)
(0.5151820071398768, 4.762444990992418e-43)
(0.19000831382195382, 9.47060371261281e-44)
(0.3217488811973546, 1.1204276736262866e-43)
(0.8901177749919763, 1.1764001235614915e-43)
(0.9259018634332875, 3.2376984807128487e-43)
(0.5654017689479524, 5.108570013915173e-44)
(0.7669213753638775, 2.4856096811832408e-43)
(0.9104002890341016, 8.003250569881168e-44)
(0.9460388437446353, 1.2255229136505564e-43)
(0.8699651916404507, 3.967265908716866e-43)
(0.4162740723016341, 9.259073779428532e-43)
(0.8226123884201952, 5.044075401027385e-44)
(0.9296454082246649, 6.394986608451299e-44)
(0.39787798624283804, 1.6229504253078354e-43)
(0.012619536745756652, 7.928448987130137e-44)
(0.6533260635685904, 7.77616123361308e-44)
(0.16584846756737218, 2.442036184830483e-43)
(0.10115347930792642, 1.3593168369019028e-43)
(0.5951620962037261, 6.250199295253148e-44)
(0.7665626441353713, 2.1113085871298564e-43)
(0.6575442609042652, 5.799421128184927e-44)
(0.5857001657609844, 9.386193538396604e-44)
(0.2602295727990912, 1.1477310401879299e-43)
(0.4900715660800211, 9.091197736187312e-44)
(0.26219206109209725, 1.1517325140625901e-42)
(0.6285327321278664, 8.393180700790833e-44)
(0.36242015064691885, 9.634541789121414e-44)
(0.43245956405986924, 1.9121761550776894e-43)
(0.5480755814956245, 6.463137196801339e-44)
(0.8890930318854986, 1.4449702099138037e-43)
(0.8906491443774789, 5.332473127102879e-44)
(0.37091521018347345, 7.741317116204649e-44)
(0.5643696758020996, 5.21799679625079e-44)
(0.4423358131379664, 6.667644069018298e-44)
(0.6333034844907331, 6.335827845122911e-44)
(0.26304895094480774, 5.711561101010687e-44)
(0.6737986713777044, 8.389339908796713e-44)
(0.7929610536321298, 7.341419212023488e-44)
(0.7333048087310106, 1.8071195124909983e-42)
(0.7807172832207053, 1.3027325542119845e-43)
(0.9756004611290908, 6.088071730840569e-44)
(0.6057356474478836, 5.855167744984573e-44)
(0.08867194468923915, 7.211064259595147e-43)
(0.1855313382686884, 5.858453211121206e-44)
(0.23667709797034028, 2.8064675765777967e-43)
(0.04687711022591582, 6.305151252515176e-44)
(0.5205404524868404, 7.095906061031066e-44)
(0.9709387739402459, 1.047003724176439e-43)
(0.6352086755076919, 5.511083346214501e-44)
(0.30970445962039955, 5.052749184727534e-44)
(0.3840031498887646, 5.322255138146118e-44)
(0.39155255268089617, 3.4724948137552383e-43)
(0.16534445081276436, 8.678507788371737e-44)
(0.012653247516621474, 6.571522375603207e-44)
(0.028490655209433894, 1.6681812020701922e-43)
(0.1874623432105229, 1.6364959321272327e-43)
(0.25285398294410133, 7.445716769757638e-44)
(0.01242245878534595, 1.007085265249263e-43)
(0.9176930147910611, 1.0783399359507803e-43)
(0.06580880728969067, 3.29271238483243e-43)
(0.36767310519322904, 2.954713966317174e-43)
(0.6941299004082736, 1.1929718233843537e-41)
(0.8622029106096165, 3.4191261275886525e-43)
(0.5985942317555045, 1.4133363928857951e-43)
(0.22017684537014615, 2.0459374073764945e-43)
(0.5482346320757819, 1.3960861381458216e-43)
(0.2873796423904448, 1.3804855687161016e-42)
(0.23993642332632417, 3.3864391691631543e-43)
(0.7836995415257347, 3.874368625353937e-43)
(0.9092825729262185, 6.828110355813318e-44)
(0.7365288907558464, 1.0904551709525339e-43)
(0.07334412400800623, 1.9522098822665526e-43)
(0.7962055920846767, 5.37734613407344e-44)
(0.7737909094171586, 1.0324856290303922e-43)
(0.2533577895058038, 1.1896800947101689e-42)
(0.9507694180819846, 8.538529211829665e-44)
(0.7771533007241871, 1.374169021565656e-42)
(0.7258050793516049, 5.31098692420941e-44)
(0.3267711092255911, 1.7197200338328348e-43)
(0.35084849265706325, 9.636632939888874e-44)
(0.12994649436329733, 7.913360329309649e-44)
(0.02869348789334112, 6.700714179756263e-44)
(0.24733629800884024, 6.686190807092712e-44)
(0.4695492879391989, 5.454266221955792e-44)
(0.9013306328503091, 6.464595230726026e-44)
(0.5096560850607104, 1.824781811996107e-43)
(0.23550671359284137, 3.5052773745635292e-43)
(0.5418614871872146, 3.958739731003893e-43)
(0.173040492048947, 1.1518548574032821e-43)
(0.6292320709362942, 3.3781868015944763e-43)
(0.06435802741138298, 6.192777840151891e-44)
(0.8192801720981889, 8.178914149765806e-44)
(0.410766949730352, 1.0860988248126016e-43)
(0.9726713709570866, 1.5269916295527e-43)
(0.13728261636080305, 1.0989554843479984e-43)
(0.6641952055269073, 6.639259889058752e-44)
(0.0181108485217581, 9.514620625359875e-44)
(0.9086120009716433, 1.3149388377731387e-43)
(0.8149864318589016, 2.861626688426013e-43)
(0.5494685795451831, 1.8159986355176944e-42)
(0.08673165565330895, 5.133805502452416e-44)
(0.5303540245974291, 1.336058523377971e-43)
(0.7620513706137394, 5.472403802817355e-44)
(0.051791804963680535, 2.932099433839396e-43)
(0.8850758237995222, 1.0580473078527775e-43)
(0.4109748501191813, 6.557425508320359e-43)
(0.07798111039625383, 6.667775838309539e-44)
(0.8709380127344043, 4.655871476751088e-43)
(0.9472130898323091, 1.0802065938620756e-42)
(0.7173084831068988, 1.4442313827901845e-43)
(0.48083121090111247, 1.4991265359129103e-43)
(0.12152222943764658, 2.0851182670865418e-43)
(0.20297389884140699, 5.163292601297527e-44)
(0.13818644546549816, 7.437206195202964e-43)
(0.04336222574017723, 6.719599409889509e-44)
(0.00998331310889469, 7.332737956074821e-44)
(0.44362074747722646, 1.1917321199565278e-43)
(0.06335371456511968, 7.95967421938471e-43)
(0.050059120684724075, 6.411953952039654e-44)
(0.45755200956015224, 6.358671965038138e-44)
(0.48364443494993303, 1.3341953148889475e-43)
(0.32592216724682893, 1.0437309226999056e-43)
(0.2653162603329991, 9.25171154867064e-44)
(0.6243420504223841, 8.953250460123965e-43)
(0.3404023942645688, 7.172583106909265e-44)
(0.18592341470643536, 3.8310415382718534e-43)
(0.6873907770067851, 1.3675105978231616e-43)
(0.9316873395126933, 5.429698702368205e-44)
(0.05420953209134955, 6.658483967563184e-44)
(0.5351730082084858, 8.019784518739975e-44)
(0.9433123884068929, 1.921983913178536e-43)
(0.9646480933457814, 8.807914939159991e-44)
(0.43766897480642647, 1.0188940560998377e-43)
(0.8584562886884349, 4.8790720747260655e-40)
(0.3305549647636653, 1.3275509385623352e-43)
(0.8011127472929663, 5.158103395538169e-43)
(0.5028720796954285, 8.047341352861401e-44)
(0.7437483865555928, 5.040792541253438e-44)
(0.37002784754431767, 5.795369823614709e-44)
(0.8589238501179999, 7.581520780515391e-44)
(0.7832474482441171, 6.486245875085104e-44)
(0.9605453689698943, 5.559191048480435e-43)
(0.8702255675740651, 5.253297649968706e-44)
(0.40773552712373634, 1.999166135526864e-42)
(0.43041552861310833, 5.105359833232825e-44)
(0.8220354630575865, 1.6214988925135282e-43)
(0.36310825869889773, 6.18763440890862e-44)
(0.5306907926984888, 1.1501291801684408e-43)
(0.944958954383172, 1.7757950776767702e-42)
(0.8205462819220617, 5.412363270791895e-44)
(0.6644183116431364, 1.875140435783362e-42)
(0.7316249318047121, 2.5015711850932946e-43)
(0.2946202149470331, 6.363980520145841e-44)
(0.44055174389274654, 1.1238486208851906e-43)
(0.25232867477517423, 8.095870967360277e-44)
(0.6142378696692466, 9.566121494498807e-44)
(0.39424683215162554, 5.87684132501218e-44)
(0.9121234178498447, 5.069759164039091e-44)
(0.3991800986819629, 8.032414729578034e-44)
(0.11606309776194529, 7.134022226092232e-44)
(0.03466333576803557, 7.848687900795961e-44)
(0.5485670788912804, 6.083956656064701e-44)
(0.3401504986845964, 6.770863205752954e-44)
(0.30046688327039806, 5.419182088857588e-44)
(0.004802865739763468, 5.160746635601049e-44)
(0.7853889362888984, 1.213916866006367e-42)
(0.7589417445216313, 9.455392126325832e-44)
(0.09873399874581756, 5.839144252855667e-44)
(0.48187043731527596, 2.7745287926445577e-43)
(0.9678196248328275, 7.707787055941384e-44)
(0.4005199968514531, 4.182025887381429e-43)
(0.655783442327651, 2.961268211526087e-43)
(0.12177665670870862, 2.996154854574638e-43)
(0.8049849904564735, 1.1980367379896275e-43)
(0.7272496733382848, 1.145808558524885e-43)
(0.3267294379204605, 3.109443231626902e-41)
(0.7100859733691297, 7.526211282005033e-44)
(0.9750917845315876, 2.010723576905504e-43)
(0.4003233853123064, 1.1395068879397172e-43)
(0.4624087309963357, 1.2943892377811674e-43)
(0.5616728338871377, 1.4514718418340539e-43)
(0.9603229991346635, 6.540266817991081e-44)
(0.6710564505846642, 2.966482619281768e-43)
(0.7531724955247656, 9.344113158866095e-44)
(0.9469953221499795, 7.044065250977462e-44)
(0.8460284523284404, 5.783987192143727e-44)
(0.9757562454694665, 1.8100445812012935e-43)
(0.902387588027017, 5.903442140172896e-44)
(0.8360977376302156, 5.811891200005913e-44)
(0.7362728904678192, 8.143198646775683e-44)
(0.6477074547516035, 2.4302508565186444e-43)
(0.08331854281924704, 1.2946619857552168e-43)
(0.9648762307960846, 5.943972273712127e-44)
(0.2817695672810609, 7.187153857625461e-44)
(0.4965945806820133, 5.303828062479507e-44)
(0.5376746697186662, 9.829974318271261e-44)
(0.9492430919002005, 6.015721056707737e-43)
(0.570219774487442, 5.65512526836539e-44)
(0.3668722403494828, 1.9685343242361756e-43)
(0.1199493386491332, 1.029321080998318e-43)
(0.18013806386799477, 1.2092231001112143e-43)
(0.5241473472453259, 4.77664954425071e-43)
(0.2622011944498078, 1.2949424188972452e-43)
(0.08785624163611282, 5.468072148014021e-44)
(0.3739501258231127, 8.116140259318451e-44)
(0.7374587007178919, 1.596793091562393e-43)
(0.9296801317298969, 2.8440078670819303e-43)
(0.3278280531971579, 8.97357871715275e-44)
(0.48515993519102546, 7.165551226825562e-44)
(0.627016816576407, 1.1160899247318521e-43)
(0.3019256278331438, 6.773446175039615e-44)
(0.16438691886456405, 6.232501950006772e-44)
(0.23019931248013462, 3.1416681630611412e-43)
(0.8189174409422443, 8.481319659942618e-44)
(0.8593842629827885, 2.065944013648074e-43)
(0.5690755202371572, 3.786984957455995e-43)
(0.8874393825687203, 6.678656130531988e-44)
(0.3241800347655962, 1.3139787693828356e-43)
(0.040847513159008, 5.314677646626561e-44)
(0.03389979206054152, 4.1266598715717154e-42)
(0.25551956752526517, 2.4503581578422456e-43)
(0.7025913381825021, 5.616492780892e-44)
(0.7635456601523284, 2.9997423197069248e-43)
(0.5061440969893807, 1.8700122671375948e-43)
(0.6654301433298236, 1.1047679370818603e-43)
(0.7394464781625155, 6.058209148619805e-44)
(0.5442750181779339, 2.432320157110146e-42)
(0.9519788909573531, 9.24987293001006e-44)
(0.1657671480796499, 1.9703010446932632e-43)
(0.2497429760423225, 1.026406336045945e-43)
(0.1357717547842042, 5.038009906332413e-44)
(0.3915182177457669, 1.0231145023002907e-43)
(0.7493005227289394, 2.0133998153669584e-43)
(0.7012418813314387, 8.433850558070398e-44)
(0.17697833175395375, 7.288773716289899e-44)
(0.33211818699723483, 8.715138376140014e-44)
(0.35607648256868746, 1.9243998706479176e-43)
(0.9760933201850536, 5.295659342197773e-44)
(0.30522372417552807, 5.068383694835091e-44)
(0.2708449576590674, 1.3390971565442054e-43)
(0.12540457105816397, 3.042605889257028e-43)
(0.7360875701890784, 2.4820475482472314e-43)
(0.3334850719258814, 5.925151020934682e-44)
(0.8494449266285399, 3.041588121548703e-43)
(0.9338066325028878, 1.1132202371725612e-43)
(0.8388637650469681, 1.2963362701153784e-43)
(0.6631564482915441, 1.418159082263534e-43)
(0.09643533279863076, 5.089067882197374e-44)
(0.06297165216810773, 1.92296994601931e-43)
(0.9509445713142071, 5.582738064645871e-43)
(0.05484693825558973, 5.112072230792641e-44)
(0.9876077164616561, 5.485760406625101e-44)
(0.3352042755026776, 1.3725228364983476e-43)
(0.059493039076729315, 8.730228826359144e-44)
(0.8120840503565132, 6.428570397268469e-44)
(0.8621833495852942, 1.1430149482590982e-43)
(0.7287821844964757, 2.0631258579011714e-43)
(0.7272485907869041, 3.587450400281558e-43)
(0.6067855313867891, 8.043336143278466e-43)
(0.9224900054625566, 7.20609010092091e-44)
(0.8505381432549337, 2.0205253413517555e-43)
(0.5536560753348405, 3.5520273718542793e-43)
(0.38604059861704876, 1.4374070413981617e-43)
(0.9015146054307274, 7.203827612895506e-44)
(0.7651520211548266, 6.873368264443006e-44)
(0.8137904644832921, 7.993910583221781e-44)
(0.5439201510762439, 1.666743535388384e-43)
(0.4499175705943347, 4.1378905152593966e-43)
(0.2638887020477814, 6.123594006967598e-44)
(0.5805519254894775, 6.731906338042495e-44)
(0.7596120313326861, 1.16956405381758e-43)
(0.34723398771005287, 1.1462778253207266e-43)
(0.02630134156152049, 1.1667247642704968e-43)
(0.7597497260882744, 5.472070794463804e-44)
(0.9027941217787453, 7.915220818038594e-44)
(0.6255134152835871, 3.156940539686028e-43)
(0.0910086052216871, 1.4345714327380037e-43)
(0.5915079929535566, 1.1611000833049526e-43)
(0.6719322385290093, 1.5297367744518429e-43)
(0.14701005541195925, 6.128310211429056e-44)
(0.47133884806528553, 5.358997067929435e-44)
(0.706747175365238, 7.839245493493366e-44)
(0.1129481101675167, 6.840649009696606e-44)
(0.7075349509047764, 5.370010149785489e-44)
(0.5976591759066118, 4.634339741743431e-43)
(0.5504011167565099, 1.1104894764126505e-43)
(0.5713023841379878, 3.2033696199117675e-43)
(0.7691613535355329, 9.547698061370747e-44)
(0.20977962150973017, 1.3977158082676706e-43)
(0.41580448227512634, 5.1451105628779425e-43)
(0.5614407790686449, 1.1981223742399912e-43)
(0.43260056936860536, 6.781618209624302e-44)
(0.8287744366386185, 3.1458465515801548e-43)
(0.6677820203840703, 1.0011449714005739e-43)
(0.6115139917097172, 7.96613718886406e-44)
(0.3067229174071058, 6.678996475138173e-44)
(0.2078360734205299, 7.033622692293921e-44)
(0.11829186179198187, 1.6122983579297489e-43)
(0.5011938157817194, 1.5451232587741464e-43)
(0.03935345904784867, 6.043982106380741e-44)
(0.002849279400915638, 6.650919154448532e-44)
(0.6150534474136934, 5.055339731536531e-44)
(0.7774049137907226, 2.040055401642758e-43)
(0.5134043294030919, 2.6685455064228376e-43)
(0.28820089076461464, 1.0775488594450144e-43)
(0.4198345359935054, 6.031679426944694e-44)
(0.28583952459371686, 1.0629506960634761e-43)
(0.9315167803959663, 5.026383317508964e-44)
(0.8515562459859958, 8.800858834184745e-44)
(0.35510403027652476, 1.0093165737220655e-43)
(0.24094705815288367, 7.683813786546806e-44)
(0.6738153448984325, 8.499559213029386e-44)
(0.42898873978888596, 9.909419253760726e-44)
(0.5864192430163636, 5.537533834117518e-44)
(0.9446728341027795, 1.0518851255585248e-43)
(0.34135693299022174, 1.2106954412186787e-43)
(0.4895394231705985, 1.1772156331872968e-43)
(0.2905372200007158, 6.222337449245465e-44)
(0.8532641825536298, 5.142013810192886e-44)
(0.5435051550480788, 9.38923961405106e-44)
(0.06063736689998024, 1.8014438018447663e-43)
(0.22764013742809056, 5.446240136728727e-44)
(0.11962267335308227, 1.0327675892915251e-43)
(0.032306611598497556, 6.260000687904171e-44)
(0.9239492333466482, 5.35647548833571e-44)
(0.22375051458129552, 2.7699245787653326e-43)
(0.8704644355577011, 1.7246771611251473e-43)
(0.7629192680029209, 1.2680800966642343e-43)
(0.5350077683049472, 9.353371138603562e-44)
(0.9981133903758391, 9.872630796221269e-44)
(0.3567654750829854, 5.920795501033546e-44)
(0.4551954446471169, 9.759013430916858e-44)
(0.6539317408342559, 2.0418041630643523e-43)
(0.9698751246547954, 1.843987694552954e-43)
(0.19539098014143613, 1.3937603272682665e-43)
(0.6070473390559408, 8.112034653803306e-44)
(0.15052214923574803, 5.602180769688923e-44)
(0.3268438329999195, 6.752768242625403e-44)
(0.5742442101458956, 1.3232024318599216e-43)
(0.5063610029774894, 6.187579122991924e-44)
(0.2990604343050507, 6.609561719325808e-43)
(0.9540632932189125, 2.2707820705867652e-42)
(0.8396027865053246, 6.747221259378507e-44)
(0.9145606325906758, 1.3822670875591164e-43)
(0.41535603654569, 1.067806808197818e-43)
(0.7834322435693296, 8.051636609780165e-44)
(0.42284155802981865, 4.47224184598335e-43)
(0.3527872958693888, 5.683523084233702e-44)
(0.8429905961082869, 9.003346116076055e-43)
(0.42363692221130006, 2.7799341048710737e-42)
(0.047804959837770736, 7.58577565348406e-44)
(0.4863039278560338, 1.163898572654495e-43)
(0.5081262342885856, 5.721662084886429e-44)
(0.9530955803892305, 1.4741860127453507e-43)
(0.36897204990393034, 2.244981992840814e-43)
(0.2883534578812311, 1.4255488713158691e-43)
(0.5296627336354891, 7.982894682632833e-44)
(0.5988153072735705, 1.2471326516127222e-43)
(0.37368620258603585, 5.345642085438404e-44)
(0.23237676336105373, 2.6167229683397394e-43)
(0.7386144673198778, 1.1207066497262178e-43)
(0.5773163190273886, 1.0306723097690765e-43)
(0.16307869089661842, 1.1760311223890318e-43)
(0.10552828399360964, 1.0787599177048947e-43)
(0.10731188085796352, 9.723217590805527e-44)
(0.05463561129150074, 6.14620401765791e-44)
(0.6734765411638072, 6.589692262739998e-44)
(0.2239320008611897, 6.030015004934362e-44)
(0.5911688662388235, 5.72105333704752e-44)
(0.7959317133362135, 1.1273832763062335e-42)
(0.9254356644503263, 2.272696230662545e-43)
(0.37840283942097064, 5.3418815228347916e-43)
(0.16329029972553544, 5.774115733618284e-44)
(0.7855019091646622, 2.779773060370915e-43)
(0.8683322969945376, 1.3327212280005925e-43)
(0.5650958275738842, 1.5094404362745223e-43)
(0.26372536350001186, 1.063694519440521e-42)
(0.5923871727732831, 7.678368441075937e-44)
(0.6406544079674906, 5.616438080013312e-44)
(0.5549690799005628, 1.1421526362297667e-42)
(0.14809597432355384, 2.7188865360581214e-43)
(0.7994380752698595, 8.386103725502716e-44)
(0.19622674738456458, 6.303344219556864e-44)
(0.29840428259651264, 5.376186381219256e-44)
(0.38920657943401, 8.617285876112609e-44)
(0.629682882372175, 1.938381663110769e-43)
(0.48175266718247317, 2.6532456545343793e-42)
(0.07387878328106172, 1.0087418101063235e-43)
(0.4804986189721856, 2.166210386803302e-43)
(0.7113356504853366, 1.2675546158779e-42)
(0.02151527564122307, 2.0178934848773005e-43)
(0.29474087729006226, 9.509152764104074e-44)
(0.6537038469455231, 5.514771346563957e-43)
(0.09180645425458374, 9.039942329914905e-44)
(0.6224655087119643, 6.401794914949024e-44)
(0.35035341971903244, 1.5163694119225744e-43)
(0.9539041924727275, 5.136386745681291e-44)
(0.169969286159407, 6.849502023634263e-44)
(0.7127821752888307, 1.0080524599137386e-42)
(0.32356664096408533, 7.414051178182244e-44)
(0.7174360941168353, 5.579723729900894e-44)
(0.5427255047027701, 8.843539378420829e-44)
(0.06116672228684738, 2.174225434739807e-43)
(0.7075544508767735, 1.528987649370619e-43)
(0.9250835927753251, 2.464094293977346e-43)
(0.020282213914521386, 1.096479975676218e-43)
(0.28870369100028886, 1.1275772273661035e-43)
(0.3509468488808892, 2.683745184123071e-43)
(0.19471148164813357, 8.152631479316277e-44)
(0.8347324618066172, 2.4434398573566772e-42)
(0.9222855516417622, 5.198568892170922e-44)
(0.35044833871380426, 7.874648934088962e-44)
(0.23820198735510803, 5.814148110209786e-44)
(0.8846123481682143, 1.1739970293977206e-43)
(0.730831715114731, 5.747057741510754e-44)
(0.5098644725443331, 2.273688669174475e-43)
(0.25190751336948025, 3.4665273842576833e-43)
(0.5538428478371722, 9.254955874167774e-44)
(0.8288969026801547, 2.725698623628112e-43)
(0.6121102268794085, 5.511482134203118e-44)
(0.032436031676981454, 9.326416009202666e-44)
(0.9784981335054164, 7.416751423273203e-43)
(0.8231356662825443, 8.689226251626305e-44)
(0.469938620235217, 1.7295562775779673e-43)
(0.9848019409183136, 6.338197941227179e-44)
(0.31561103937541, 5.040069492987246e-44)
(0.4941225605882115, 7.327494144535048e-44)
(0.549693273857633, 8.938286329693197e-44)
(0.6537122008702294, 7.337341300744129e-44)
(0.6793199278750897, 1.5599055183845657e-43)
(0.34898681817675586, 1.2514509481487867e-43)
(0.14044299149273232, 1.9957644465273715e-42)
(0.9625711869128971, 1.142804979919955e-42)
(0.9167137564511154, 2.738547709160157e-43)
(0.6531337226984433, 5.692929876220715e-44)
(0.8367876011567987, 1.4485600029900365e-43)
(0.18877938252291526, 1.5586426499955774e-42)
(0.7920342405411426, 6.779211011247019e-44)
(0.7580005885061722, 1.722708113426268e-43)
(0.19820526762504664, 6.645272886263404e-44)
(0.6750144902513775, 5.206930867705805e-44)
(0.3070521645837081, 1.0035934341981502e-43)
(0.9917641267724893, 2.536292360248697e-43)
(0.19654402809965638, 5.834955778282603e-43)
(0.9395285593281316, 7.244043331805943e-44)
(0.9589020689931244, 8.092260077309061e-44)
(0.3695759739515939, 2.053989178697549e-43)
(0.8422481374384254, 1.1262356452445888e-43)
(0.3844134677833835, 5.34536837188236e-44)
(0.9276797625968275, 6.469673556299573e-44)
(0.4203716162633527, 2.3773507093357543e-43)
(0.06813344061485518, 1.300238143949341e-43)
(0.69296647179163, 1.0339387221657075e-43)
(0.04199853410704926, 7.178246371293696e-44)
(0.8257791373899993, 9.931052873508625e-44)
(0.8980832266754367, 3.5877381997377705e-43)
(0.4721972959082699, 1.0657988442049117e-43)
(0.3511164808701542, 6.043987610341699e-44)
(0.9918292675108182, 8.98297034037465e-44)
(0.9001269503400231, 1.2388045826114872e-41)
(0.6895836938549315, 9.122416534430001e-44)
(0.3879275170700243, 7.183083562621092e-43)
(0.46999042350208575, 7.145071217591089e-44)
(0.8441182304212289, 6.886330408944609e-44)
(0.8479552298446091, 9.365509721110636e-44)
(0.22716482421239237, 1.7974928478114023e-43)
(0.8556555741393309, 7.842022645965372e-44)
(0.8802417831176426, 5.256624571336982e-44)
(0.40570484282497943, 6.280789052048122e-44)
(0.19567344888966368, 1.2472968963159633e-43)
(0.6013750538144687, 3.4001864398672556e-43)
(0.3188650567871289, 1.965164791234396e-43)
(0.11665934093367294, 1.59553810374155e-43)
(0.7496705152265929, 1.9706629377225328e-43)
(0.831146205956, 6.134793912535944e-44)
(0.8005436228794381, 9.447732489852113e-44)
(0.9419484269149493, 2.3961482835457773e-43)
(0.3205854352594921, 7.766086544196194e-44)
(0.5098950443549606, 6.952674457671559e-44)
(0.5882879093952135, 7.255291397296191e-44)
(0.0853602596398223, 1.0029480153625175e-43)
(0.08181682002581771, 9.050862667768747e-44)
(0.05239752099995989, 5.032260157620086e-44)
(0.0813258058809988, 6.564520790500207e-44)
(0.07604313576456641, 7.116980605774325e-44)
(0.8957212264031429, 6.872691540208944e-44)
(0.33058851468237205, 5.621268663444915e-44)
(0.5083843548366322, 3.4654225865229254e-43)
(0.8157241788517207, 7.005341698199964e-44)
(0.4132424590101626, 3.548171021196021e-42)
(0.6480747409971618, 8.456116638727397e-44)
(0.4532756555887471, 1.3847376097127777e-43)
(0.4316915346365595, 8.883193051966517e-44)
(0.8252494362884544, 1.7343400570614464e-42)
(0.5241204766689005, 8.976078264581829e-44)
(0.39996140454365753, 6.819726964055996e-44)
(0.35177224464369683, 3.3680071633566855e-43)
(0.5177301199993724, 5.050246665846704e-44)
(0.3746089895608185, 8.369458069734999e-44)
(0.2201864666958446, 1.2780382475505112e-43)
(0.9945694863817806, 7.427956170768216e-44)
(0.34962336504383934, 5.225029925393374e-44)
(0.7141092182940658, 1.9274910499850265e-43)
(0.17254045015640218, 8.981190212713449e-44)
(0.9957367657803002, 9.021258388334531e-44)
(0.6941900594156019, 6.081769200342163e-44)
(0.8318068153366321, 1.0944719913995135e-43)
(0.4178757889538785, 1.10802869436724e-43)
(0.4477757592203238, 1.3692616196149e-43)
(0.7347854890114067, 8.855842619794704e-44)
(0.23938617380309102, 5.03930465954218e-44)
(0.519921177804388, 5.284815914797119e-44)
(0.5271857507095462, 6.905623159090268e-44)
(0.9853654711780655, 6.110110986823773e-44)
(0.03755383982937269, 7.577524286989558e-44)
(0.47057799427427394, 5.672655613617645e-44)
(0.14836448301817934, 2.154316540962244e-43)
(0.9977112920948134, 7.320478208981115e-44)
(0.19181406073613144, 3.0302809555921772e-43)
(0.5665365300750211, 5.270311131510306e-44)
(0.019399161730772503, 3.570898104063936e-43)
(0.5049070154917167, 3.05177064627365e-43)
(0.017914731993397236, 9.376995335980274e-44)
(0.5308474012561077, 6.598205172650862e-44)
(0.24829449301676573, 5.057902397650855e-44)
(0.4264085455459939, 1.3804528051698885e-43)
(0.982957030393284, 1.5706424563198013e-43)
(0.5451704708604154, 6.613408143278944e-44)
(0.47084797631331504, 1.0179082934867915e-43)
(0.17825548014266135, 1.9897151101383855e-43)
(0.13417907168449408, 7.844060270835722e-43)
(0.6368364746439465, 6.348106289949452e-44)
(0.873857845874594, 1.1254468624287195e-43)
(0.38543741309250606, 1.2803059237041152e-43)
(0.293397248888216, 2.1969193391086776e-43)
(0.1712801716883973, 1.1932991722111593e-43)
(0.483881301499172, 5.344676652483951e-44)
(0.7675534202188125, 7.276662251116633e-44)
(0.8110202866169012, 1.2325091351151574e-43)
(0.12762228472307058, 3.94098481991531e-43)
(0.6969912183347925, 8.208917368419378e-44)
(0.10511261202026195, 1.216374898404398e-43)
(0.8468338459441351, 1.2054718673741532e-43)
(0.8732280575485567, 7.272534317079508e-44)
(0.7153248236868256, 6.2907576506775264e-43)
(0.4885479243887419, 5.038488488336379e-44)
(0.8500464648744844, 4.29568207114216e-43)
(0.8072325972583669, 6.497097788060487e-44)
(0.5821623250353689, 5.899392600702459e-44)
(0.04616488942241247, 9.036646562071845e-44)
(0.9621420111572402, 6.282821654858299e-44)
(0.7840878727501784, 5.098939777474248e-44)
(0.5664081052069271, 3.2216139607558983e-43)
(0.5255220441412203, 1.7370243163716395e-43)
(0.7829000862310611, 7.546455687840688e-44)
(0.04350466961828627, 1.145880008441486e-43)
(0.2030534264706797, 5.292001526334591e-44)
(0.16278671770580114, 5.995817068023862e-44)
(0.060010188024356044, 9.533776454212548e-44)
(0.35623850041437743, 2.8048553777198804e-43)
(0.5307251122984993, 6.899901304532807e-44)
(0.09609131925872037, 8.051948575955322e-44)
(0.7842780492290258, 5.500430266720809e-44)
(0.39445934766844015, 3.006292249138092e-43)
(0.3314347595313514, 5.880612972007407e-44)
(0.9387292604515489, 6.20153040623815e-44)
(0.34138842511459505, 5.666440433854788e-44)
(0.7136726380781422, 5.258331599302268e-44)
(4.0292562071973464e-05, 1.97364693553831e-42)
(0.5824813014061566, 9.067744061472707e-44)
(0.4051414255805112, 7.250375724045967e-44)
(0.1895008297627505, 1.1913061208827263e-43)
(0.8007374848770973, 9.326057883635164e-44)
(0.9525177915438554, 1.098651110972694e-43)
(0.24881749086742755, 8.318731659808788e-44)
(0.12415026847022387, 9.245229481056612e-44)
(0.6302374400249959, 1.5662500616994584e-43)
(0.5089989722856083, 9.520521182337353e-44)
(0.2000368641548743, 3.1394106097186925e-43)
(0.3162940614857636, 2.357243473506245e-42)
(0.009859237463389839, 5.135940764250723e-44)
(0.6912397094951002, 1.7636569132981421e-41)
(0.9714331315267234, 1.1386743947579898e-43)
(0.2238880401059754, 7.039738244311476e-44)
(0.8999474854892877, 5.827269620373218e-44)
(0.35432959465176045, 5.865908159285492e-44)
(0.7510902504411046, 5.602897698400688e-44)
(0.5574900084955895, 1.7100236189365273e-43)
(0.8444951991235929, 2.061891032115536e-43)
(0.7484985168176609, 9.598857578985392e-44)
(0.642808616717894, 2.016918571392846e-43)
(0.9616659790270524, 7.418675441610766e-44)
(0.3730814209346705, 6.465290127635933e-44)
(0.3214428645236883, 1.0708948625540989e-43)
(0.024072830955318578, 5.065480128001962e-44)
(0.7804142711249643, 1.17326592606383e-43)
(0.6657727171549845, 6.848162917927427e-44)
(0.8980413627397704, 1.3924588991907938e-43)
(0.11842914266759708, 9.799539088140267e-43)
(0.5324974950282287, 5.665412721432837e-43)
(0.9675117679150859, 8.33807911066804e-44)
(0.9487001069415527, 7.984417445259452e-44)
(0.14558120130429697, 9.098624858339338e-44)
(0.0028927348356549832, 8.754833938648899e-44)
(0.6527167734261379, 1.4758718958197895e-43)
(0.948668630443494, 1.791937573384172e-43)
(0.06580125563736997, 5.072727295594693e-43)
(0.3663351253015142, 5.190078410548204e-44)
(0.9355646894561569, 3.7093849557956475e-43)
(0.19965234708614601, 5.710456117640259e-44)
(0.504366716364053, 1.6498999664867849e-43)
(0.4727139104377905, 1.2723389101581683e-43)
(0.4115757300459104, 3.822099455256895e-42)
(0.9030519361629774, 3.4900268334148186e-42)
(0.5447825965700265, 7.143886258482496e-44)
(0.012190045549097753, 5.435264202212023e-44)
(0.7312325827048526, 4.6767619115147576e-43)
(0.693203370624995, 1.1546953556731599e-43)
(0.4279909749835313, 2.6737633548984657e-43)
(0.6583552339076582, 6.067375344009479e-44)
(0.7177067046424224, 7.92149985195302e-44)
(0.7853304322265977, 1.2830881844023203e-43)
(0.9012420340680964, 8.791726617466095e-43)
(0.8705519308329279, 1.939027295486447e-43)
(0.4326364793103482, 1.318628366499393e-42)
(0.1583535665378729, 5.811620602303018e-44)
(0.36732695330810644, 2.0513612570388778e-43)
(0.9068077425839521, 1.33103674124282e-42)
(0.7239125789487328, 1.1267908278471432e-43)
(0.0023326928434000134, 5.059861307295239e-44)
(0.11208446369530764, 8.77614557958463e-43)
(0.040185666065430246, 5.134495740815711e-44)
(0.9383380142036758, 7.456100788447181e-44)
(0.4591983449865719, 3.0520416808298415e-42)
(0.8885778815665121, 5.331405553287821e-44)
(0.4535504549108513, 9.117286588876084e-44)
(0.3139608093440302, 5.536151810919842e-44)
(0.5513795597680483, 8.905772256693184e-44)
(0.23455741086310783, 1.0986625230706293e-43)
(0.11799145565816793, 1.9234794137979317e-43)
(0.24026310750738492, 5.230478892937036e-44)
(0.42681949115616585, 5.359514929432805e-44)
(0.3805054822422731, 5.901883099434463e-44)
(0.819010759494754, 1.3616724062778978e-43)
(0.622713036094894, 1.1938386628306233e-43)
(0.08838466574581255, 1.1864296370411793e-43)
(0.08582533801185867, 1.617509779893537e-43)
(0.44492544602862316, 1.751990619281552e-43)
(0.18704518028369158, 1.6701809235820447e-42)
(0.5967300969041908, 5.651577938041678e-44)
(0.016652177287800503, 6.649962979974069e-44)
(0.34780360336581684, 6.23569608643608e-44)
(0.6820087924300129, 7.850560534410344e-44)
(0.980951198621984, 1.8114303441411807e-43)
(0.8057961207053929, 1.1522468013106937e-43)
(0.6718928957842212, 6.828951485121936e-44)
(0.25589557533252144, 5.560997477052959e-43)
(0.014416688651572585, 9.665739639350398e-44)
(0.6579743721847144, 5.4067228531545666e-42)
(0.7519380389171973, 6.868398916737568e-44)
(0.9545883577664098, 9.628055549785496e-44)
(0.009632836154473813, 1.1693466218858766e-43)
(0.3680727984121729, 8.364465941667271e-44)
(0.45935317430334743, 6.712569912494196e-44)
(0.2494484883808765, 1.197867236771542e-43)
(0.3061771500212825, 3.0023771498167304e-43)
(0.5951102369390844, 1.9829627480680344e-43)
(0.2535857690597941, 6.550612943171263e-44)
(0.5746091518178531, 6.492970768781755e-44)
(0.15640256199350688, 8.217104587750577e-44)
(0.4569110202051083, 9.422263828505592e-44)
(0.14911687358543502, 1.84524001651216e-43)
(0.2316376851976107, 8.922579385718868e-43)
(0.42759432151531807, 6.791458062108982e-44)
(0.08645026113958959, 7.999957537045866e-44)
(0.7826832653473754, 1.2029200508859518e-43)
(0.31813536480819316, 9.745565382805997e-44)
(0.5780102047099013, 1.579506473725428e-43)
(0.43152665049631034, 1.8371624775537455e-43)
(0.7642699840361723, 6.932445085542922e-44)
(0.5042973957523511, 4.267661105227761e-43)
(0.2361526473567887, 8.850892001169095e-44)
(0.5200173609828339, 6.171095036362058e-44)
(0.6472650354589524, 1.293523369159481e-43)
(0.6418674660996017, 1.3144458129285655e-43)
(0.4617435652323636, 1.5901245383709174e-43)
(0.39498618868546886, 7.206627063788907e-44)
(0.41584540919566304, 1.441765301130662e-43)
(0.8001683717142292, 1.29935879496186e-43)
(0.3430700382571084, 5.99523391424423e-44)
(0.15001209666856472, 6.48320235239428e-44)
(0.9745310583163819, 1.0224652252776553e-43)
(0.2766508525213179, 8.196457161739545e-44)
(0.8199650810563004, 5.13435578821171e-44)
(0.04724033294609134, 1.5098722821959998e-43)
(0.07087340519446567, 8.606705380601267e-44)
(0.15657273168059055, 9.792722634429836e-44)
(0.004174910814009362, 5.033376728393155e-44)
(0.28163203227620814, 4.32791002933905e-43)
(0.24835008043055037, 1.163349281822515e-43)
(0.9836335333212508, 5.203496351042196e-44)
(0.5483106465056616, 8.656933445614759e-43)
(0.9251704538516535, 7.922727862563553e-44)
(0.5730009131991473, 1.8119827795996063e-43)
(0.7105725906741324, 5.553267769535147e-44)
(0.43820768773169744, 7.567049722081465e-44)
(0.7523031257453213, 1.1690400864824226e-43)
(0.5306453244516379, 5.266434827034491e-44)
(0.9446833543793447, 5.634699285434833e-44)
(0.8913872710592102, 1.6571897770319975e-42)
(0.6007299480482302, 9.161507220727489e-44)
(0.5511633107702982, 8.584388058145595e-44)
(0.9417849911017268, 6.75793918574233e-44)
(0.9228814324769999, 2.285439178738115e-43)
(0.8437972951154069, 9.521148777038724e-44)
(0.4150577648462611, 1.089559019668052e-43)
(0.7142500080833221, 6.360602883798895e-44)
(0.8952814386385566, 8.864393484458726e-44)
(0.633882915025258, 6.190923383981046e-44)
(0.7033777978783172, 5.491098196205477e-44)
(0.18673653379350963, 1.6031350557313056e-43)
(0.33014191098888024, 1.0692645005742978e-43)
(0.44956530040759607, 2.6661191486951208e-43)
(0.21771594813970424, 5.025089207917271e-44)
(0.4923382971494276, 9.529069001277726e-44)
(0.819554597971648, 1.7411659229791328e-43)
(0.04559877978703264, 8.525522085576008e-44)
(0.5109996097289593, 8.975525990303503e-44)
(0.6095413615143437, 5.267372409960448e-44)
(0.9406209091240051, 9.186986744261812e-44)
(0.7581580772258852, 5.184446564041722e-44)
(0.13329634772999907, 1.7899982364905449e-43)
(0.5706775671442645, 8.162167152508204e-43)
(0.9749711370158345, 1.2677333237923337e-43)
(0.8717439457777374, 9.37955546738528e-44)
(0.7552808524501625, 8.840527938347875e-44)
(0.9761725358365229, 6.1389833598159045e-43)
(0.09617601523480562, 2.5313053215404717e-43)
(0.3980682220010645, 7.650302972913149e-44)
(0.5551576578425919, 1.1981337905899114e-43)
(0.7554840851185156, 1.1830761357489906e-43)
(0.24121479049840736, 1.6492422882120634e-43)
(0.6776662609839408, 8.353125833223963e-44)
(0.9518917982577327, 7.501853814263068e-44)
(0.9670918444269858, 2.081933124687572e-43)
(0.20323668646728804, 6.279761951644994e-44)
(0.5707285959615053, 2.1224886445283975e-43)
(0.5776242679712753, 5.028672657476946e-44)
(0.7807920597391095, 4.919442439122633e-43)
(0.7821504839380654, 3.547661778193217e-43)
(0.2089854236508665, 1.0573861643705981e-43)
(0.6584646786564199, 9.513882724206345e-44)
(0.5241970698195438, 9.954588585371446e-44)
(0.7399151538521122, 7.752852106540383e-44)
(0.252190475706358, 7.864829518799571e-44)
(0.29635776918545964, 1.033725756453025e-43)
(0.2215702954355642, 4.800231401222644e-43)
(0.7238107500236448, 3.3633282822626306e-43)
(0.5066124745889402, 2.131430148966036e-43)
(0.3960319697590951, 5.457962060084913e-44)
(0.14012638082800233, 1.8304256719557417e-43)
(0.7256571026464427, 5.260493237325551e-44)
(0.2324061939926088, 1.0235902888729039e-43)
(0.6486614816853629, 1.6938841889545644e-43)
(0.7268657398331414, 5.986955745113568e-44)
(0.43769738151874116, 9.773708869049194e-44)
(0.9473338588200982, 2.35979460174361e-43)
(0.9223173924728175, 2.015625156608211e-43)
(0.4309964557193607, 1.799642879461204e-43)
(0.22717805825253004, 3.384264772647545e-43)
(0.254469358712802, 3.214732560672372e-43)
(0.1489005462167659, 1.3290603811573102e-43)
(0.37941006857470394, 1.8506810753566315e-43)
(0.8723944646220383, 5.15922663986101e-44)
(0.8929689291408187, 1.7963090270553293e-43)
(0.9103566615636128, 5.392986506770659e-44)
(0.7844355322896964, 1.5266888507662358e-43)
(0.6834246484069023, 3.4583861832712643e-43)
(0.09439870235810058, 6.431856534954389e-44)
(0.7439833450463897, 1.2154325165197989e-43)
(0.037352257692045095, 1.591534010273088e-43)
(0.41478934903170234, 8.98424268517433e-44)
(0.8359176646480366, 1.6006371122666097e-43)
(0.8976656368011541, 5.91395808863128e-44)
(0.3538339460889816, 7.28238861849261e-44)
(0.013879785831726277, 7.559324569188984e-44)
(0.43238560936100445, 4.0263401577093164e-42)
(0.3123343839498041, 2.1093092606824972e-43)
(0.6511199360737645, 8.503300371295462e-44)
(0.1599722322751533, 7.456539358297036e-44)
(0.7408124902746835, 1.0021402665269076e-43)
(0.33553914669759743, 1.6514118134549726e-43)
(0.6765638158252748, 2.4735816803061475e-43)
(0.5313834943849225, 1.2691500580439947e-41)
(0.008129496686633387, 9.01177274087817e-44)
(0.5305568494813421, 7.548969521479719e-44)
(0.19499513588492023, 7.075896670617138e-44)
(0.4338696094707612, 1.0236674776034425e-43)
(0.29383122309508747, 1.2209439076110959e-43)
(0.3134645815280503, 5.3438116918010224e-42)
(0.8000196697751517, 9.18465929579003e-44)
(0.00840292558837944, 1.361490756056575e-43)
(0.43923727690734254, 5.0938770128030394e-42)
(0.6028725349125018, 9.090947868034696e-44)
(0.06042882529763082, 1.83297237830973e-43)
(0.24326773643484598, 6.798172134300032e-44)
(0.6415009002305879, 4.916935615996636e-43)
(0.7022966483501251, 1.0014800896653917e-43)
(0.7851566242728072, 1.0239240603689504e-43)
(0.3494259275286238, 7.06559134520663e-44)
(0.46658847276747256, 1.9192526512500493e-43)
(0.6710689784802516, 7.223935637490921e-44)
(0.7440138821100105, 1.090767517586498e-43)
(0.9038820597678542, 1.3812721590159164e-43)
(0.9810018330053596, 5.742337857715489e-44)
(0.13258801218284896, 9.871363521881212e-43)
(0.6321813435699558, 4.784527987142706e-43)
(0.9962043065895597, 1.4111220104970375e-42)
(0.1428502003211795, 1.8726968575768685e-43)
(0.8693636862042451, 6.42205001964534e-44)
(0.41158607201571906, 6.850437451581426e-44)
(0.8590589031937355, 7.388015590791677e-44)
(0.7811461701097432, 5.081538897266654e-43)
(0.9774998926890875, 1.7820339532339152e-43)
(0.41842302122562597, 6.993991669090708e-44)
(0.9766167904053437, 5.811105489689463e-44)
(0.3092392211983633, 8.972107931990152e-44)
(0.4787568830043457, 3.687785321663518e-43)
(0.6134910988223994, 6.018050916618324e-44)
(0.31634532990066083, 7.934878524458585e-44)
(0.12064189213599301, 6.766306053007371e-44)
(0.17213369602374778, 7.880370642178956e-44)
(0.6452243061393156, 1.3814273115759478e-43)
(0.0864560013668245, 7.847275037932003e-43)
(0.7052703773494672, 7.290695932284358e-44)
(0.1558583399876164, 1.1589392145024406e-43)
(0.30524315381497247, 1.5467983233464493e-43)
(0.5881463181945701, 7.509171492516758e-44)
(0.8157910022286491, 7.725422154209539e-44)
(0.3143922680745768, 5.155015054395934e-44)
(0.35891229487219234, 6.529712776124887e-43)
(0.5262266053633071, 1.2507815685583817e-43)
(0.5454502892563081, 2.956788663026638e-43)
(0.34239278505898235, 1.685617884505285e-43)
(0.6838800926067466, 5.929638139633848e-44)
(0.8333985616845675, 5.631191857280643e-43)
(0.9047508222241188, 9.300346087406202e-44)
(0.9712843595407089, 1.9041129335961605e-43)
(0.022508479266429855, 6.085372181533662e-44)
(0.14823422835614783, 1.5570635687553114e-43)
(0.8279585817533934, 1.9358069710240905e-43)
(0.5747077280004188, 1.7993623727574472e-43)
(0.7924157168447475, 1.987647501175407e-43)
(0.9449784901058684, 5.738295614827033e-44)
(0.5774720669262382, 5.047960976415685e-44)
(0.24025673949391488, 7.70664501311079e-44)
(0.8799241065098309, 2.0425278807543178e-43)
(0.9391342363474621, 5.715687634965629e-44)
(0.9824904141383185, 5.014981064232333e-44)
(0.6266634796404862, 5.349241904213735e-44)
(0.7027048001976816, 7.356419056664079e-44)
(0.2476389179567766, 1.2752346228652424e-43)
(0.5281353641159245, 8.021271916557454e-43)
(0.05414168082562571, 1.219398124543349e-43)
(0.1931095792629302, 1.935359243972894e-43)
(0.5982144438949061, 9.501652801141418e-44)
(0.3650838496523692, 6.18946435241435e-44)
(0.3905994865053654, 5.976879684209248e-43)
(0.17667162673856998, 9.303368270611864e-44)
(0.1729372527225068, 2.451888914113385e-43)
(0.18231974436877296, 1.0549592613478884e-43)
(0.8090739618684376, 5.148546862877964e-44)
(0.7395167692851696, 1.3233114623685705e-43)
(0.3229984230978477, 5.083992414206921e-44)
(0.49612392698416585, 5.255020710085553e-44)
(0.21516437317348386, 5.350207411198869e-44)
(0.9180628833018258, 1.9819592476581064e-43)
(0.02403323888289961, 5.047929100501732e-44)
(0.7833746186707793, 9.18370272772215e-44)
(0.9314708538754845, 1.3912009609302928e-43)
(0.5063843439544461, 5.942488655600336e-44)
(0.7490376303097225, 6.882554772396767e-44)
(0.3436889131350711, 6.88410222379403e-44)
(0.3368755809021252, 4.9120164357309894e-42)
(0.46585199529117505, 5.925375680256938e-44)
(0.357588465940543, 9.274986249545007e-44)
(0.44248511617718894, 5.732807265831543e-44)
(0.8860321424499648, 1.4034199752688445e-43)
(0.9153089148082616, 6.228083849773369e-44)
(0.019158106825097193, 1.0650575465183735e-43)
(0.18414697664690402, 7.316723044926453e-44)
(0.28079523407906387, 5.315916317366691e-44)
(0.26592585914446515, 5.954193777033267e-44)
(0.4205918861679364, 1.9719799253634724e-43)
(0.9062612587176907, 9.539107803217408e-43)
(0.5141854111950912, 6.082593107954945e-44)
(0.6737335086018886, 1.0704851780170356e-43)
(0.2512984230045181, 5.166272082592887e-44)
(0.9583351820359013, 1.356448736325275e-42)
(0.49930188261989306, 7.592661797101086e-44)
(0.8342337100415537, 5.787365866483932e-44)
(0.9545498427385288, 2.6535334663029875e-43)
(0.007806697933723391, 5.077475564361254e-44)
(0.23013955853770707, 5.2132775389060005e-43)
(0.8934309452210378, 5.869846629777516e-44)
(0.15574554057128034, 1.0407315818815796e-43)
(0.2495888338916717, 1.681367765402932e-43)
(0.45263680838756837, 1.2580382210791181e-43)
(0.48183273398982285, 5.426070254534749e-43)
(0.10118304673502707, 3.2684737715940387e-43)
(0.5167524387031006, 5.124157145977667e-44)
(0.8056170920041116, 2.6225974567620604e-43)
(0.6999533625998087, 7.701676527082659e-44)
(0.5541687919001758, 6.261618402313823e-44)
(0.6942068594575863, 2.2260857936043166e-43)
(0.3194156353413476, 3.06654491005328e-43)
(0.6357956232093646, 1.319511677832156e-43)
(0.2589643782363415, 1.7273093632568668e-43)
(0.6611345771239354, 4.322509477507934e-43)
(0.8065939077176021, 1.1105058358844585e-43)
(0.6926115162958009, 7.52332222722263e-44)
(0.4168933210771573, 1.6663283638227267e-43)
(0.33190569700588857, 3.276899932728939e-43)
(0.33888540230171416, 8.408022721360207e-44)
(0.9013631711376132, 5.064288351676945e-44)
(0.42487767520401953, 1.1202300621736141e-43)
(0.2372070285874373, 2.7853880613868466e-43)
(0.5596893661482831, 5.102421768543406e-44)
(0.204860821856412, 3.1124081974422176e-43)
(0.8510457398141238, 6.526984301503406e-44)
(0.9572717659268892, 1.3650612598073237e-43)
(0.5976879338217488, 5.272919612728795e-44)
(0.5187790372970422, 1.8337320432512213e-43)
(0.12426212435272378, 7.395618169135742e-44)
(0.8566455152061557, 8.655105261393616e-44)
(0.15789113614716613, 1.2899219693317944e-43)
(0.4081457791810098, 1.8426709285388047e-43)
(0.35063268442974016, 3.714745879078207e-43)
(0.5371641562666424, 8.059227989478077e-44)
(0.6769321191781179, 5.113721882441662e-44)
(0.2228229829602378, 1.0282067353081503e-43)
(0.6879915914253736, 1.5495918999553426e-43)
(0.5026982561080315, 1.9927411052214224e-43)
(0.2978177454437817, 5.933565961202369e-42)
(0.7793851563214641, 5.336503161891873e-44)
(0.3263618855975581, 5.953502074086291e-44)
(0.5381275619037184, 2.8034478849610246e-43)
(0.9468543042940648, 5.050550943908698e-44)
(0.05273633183471799, 3.367038017631283e-42)
(0.028462378598840456, 1.9003309243292336e-43)
(0.4395523201181112, 6.375798576438108e-44)
(0.37534472954990367, 8.072421365785657e-44)
(0.8769810100857621, 1.876358283324305e-43)
(0.0010280235576289954, 3.5186495925106236e-43)
(0.28888097045601496, 5.24076436912318e-44)
(0.18270837570305298, 1.0076687039955256e-43)
(0.13686314916194037, 1.5610959951976862e-43)
(0.7201767749738432, 1.96364248535925e-43)
(0.8982830529526675, 8.526769005811637e-44)
(0.4602435800138714, 2.8624799076185594e-43)
(0.1341141724113502, 7.618440752252404e-44)
(0.36240719687678336, 4.87865204014565e-43)
(0.3998812342476412, 5.398582340604824e-44)
(0.2953647460963527, 7.284164926349905e-44)
(0.5502634072344285, 5.290258708462119e-44)
(0.9144668722317246, 1.0474080436906918e-43)
(0.07502862540491911, 7.241643668816528e-44)
(0.6363913251929187, 7.560245727250145e-44)
(0.6187753198003347, 6.268348295589398e-44)
(0.9110937202972653, 7.993341256848242e-44)
(0.057513452158790425, 5.049218662266665e-44)
(0.43153803674711116, 6.978235667870121e-44)
(0.7816790419806309, 7.034169638641448e-44)
(0.3642557481246182, 9.812568592118132e-44)
(0.07174143523544832, 5.817569540578287e-44)
(0.16955652718049996, 6.497686108533591e-44)
(0.8889833585705249, 1.3688500066424654e-43)
(0.08455334402045928, 1.6550066728943514e-43)
(0.7295157921945551, 7.018052809370658e-44)
(0.7452781069429485, 5.230985404981229e-44)
(0.11380885379178882, 8.174091717182593e-44)
(0.2541974826462091, 1.536583902634353e-43)
(0.5159945947906364, 6.433367588347055e-44)
(0.2788465673581199, 1.1510100220950287e-43)
(0.07935277261642712, 1.227359768724598e-43)
(0.809309733058389, 1.453997400800899e-43)
(0.8446107759879727, 7.544545249086755e-44)
(0.43755006594628804, 5.619249863711135e-44)
(0.5595893987069526, 6.613976361111952e-43)
(0.15448432723786418, 5.928259166089693e-44)
(0.8784413020707111, 5.402237219247137e-44)
(0.3732231779088525, 9.308530153645205e-44)
(0.9793323554453947, 6.10733846876708e-44)
(0.28056601037872364, 5.845059087046074e-44)
(0.8829529343286074, 3.1810380317646685e-42)
(0.7664983989112093, 6.509408068218814e-43)
(0.09353953773486154, 8.240565464784117e-44)
(0.9542768971454881, 6.323189423884127e-44)
(0.9638042129870975, 7.197080754333556e-44)
(0.6569262812685438, 1.677052734346099e-43)
(0.28596782653638453, 4.959673791350302e-43)
(0.533189692890152, 7.113021265154687e-44)
(0.7056391650352835, 5.411931998658264e-44)
(0.4088174040617517, 2.8212968061831937e-43)
(0.8823801990470833, 1.6436544311566006e-43)
(0.9468056164427827, 3.4214664571372997e-43)
(0.6162284026796354, 5.481629564984031e-44)
(0.22198390820007496, 9.907875014640706e-44)
(0.8645209441421052, 5.173698294374333e-44)
(0.1845461175964877, 5.591914992473797e-44)
(0.3897540166801962, 6.056194431508023e-44)
(0.6087476951137691, 9.179776079094936e-44)
(0.7227869852507384, 1.629833073703093e-42)
(0.42265095129790603, 6.357512238866031e-44)
(0.12597154384765144, 1.1531472701271282e-43)
(0.6824192986535972, 1.7313589838833896e-43)
(0.8541041948548554, 1.524661993973695e-43)
(0.8803446503888036, 5.054901164993374e-44)
(0.12940514594228392, 1.2660598693885033e-43)
(0.40593073433824334, 3.6664966433311824e-43)
(0.6417943784226806, 5.138394218289247e-44)
(0.5876910484429477, 1.2304762703656753e-43)
(0.9232076680114389, 5.300428021315582e-44)
(0.4718591661099724, 5.519967227696089e-44)
(0.414889962276642, 5.136667667010172e-44)
(0.6777619234961282, 5.026610758313816e-44)
(0.6853592719000071, 1.7770296092944068e-43)
(0.6186132958914992, 6.025561466166766e-44)
(0.12376265513750578, 7.649582159705481e-44)
(0.9320934553610558, 7.522024075082771e-44)
(0.1499660140507228, 2.131945733429074e-43)
(0.23405406446876764, 6.789772769785083e-44)
(0.33113853443859587, 2.376513651729e-43)
(0.4807939404154125, 3.4957318339259098e-43)
(0.784192306388985, 1.1549867424026044e-43)
(0.16681077233939545, 1.2616685695198235e-43)
(0.8589999002678048, 9.153641933148384e-44)
(0.4155320071216141, 7.81253780146447e-44)
(0.020881697767033577, 6.474470801461383e-44)
(0.20581026446113707, 1.3312813108828276e-43)
(0.06553883184224196, 3.598729776765457e-43)
(0.34696825885860144, 1.3775497345198312e-43)
(0.05781471989665616, 1.4215142102278047e-43)
(0.22100899585953435, 7.171937993956296e-44)
(0.38993039198184454, 7.070568620400912e-44)
(0.43806071711815686, 1.3943586997964009e-42)
(0.5694439962307988, 8.550339121038386e-44)
(0.952436395671216, 9.522462668009482e-44)
(0.8695936646658715, 8.683642801221662e-44)
(0.7118787072819153, 3.5389000636446663e-43)
(0.5417058999145841, 1.087186082876677e-42)
(0.9930729339609473, 4.204478674561053e-43)
(0.0019619658916859768, 9.449120221430389e-43)
(0.6509391158655369, 5.452123808127738e-44)
(0.39420066896252426, 6.967073547595024e-44)
(0.9620362506414538, 6.253881352382841e-44)
(0.515237739110193, 2.1425095620804655e-43)
(0.49510262381128334, 2.9152264455785896e-43)
(0.21146490846503735, 1.0182202750182334e-43)
(0.5922648896756407, 1.0005920643005242e-42)
(0.17427346935531665, 8.288109358462903e-44)
(0.6418807476812604, 1.847454669002643e-43)
(0.5049075622437206, 1.096987523010456e-42)
(0.3008028873919548, 1.0510324179279247e-43)
(0.19163974642234916, 1.1246334618810893e-43)
(0.9533255716185319, 2.062015173494051e-43)
(0.2896797189839604, 8.963030115992663e-44)
(0.5072565742449775, 9.743879574550313e-44)
(0.24576825148300357, 5.873730603499848e-44)
(0.5245144971164823, 6.191401769852564e-43)
(0.7234428649774954, 1.7049007566394898e-43)
(0.7158569933606371, 1.8809976085254108e-43)
(0.8309259520579195, 5.73726271196496e-44)
(0.40084898454611156, 1.1500133444477086e-43)
(0.05332287474550164, 7.044299941273375e-44)
(0.268311779897597, 5.653724333039329e-44)
(0.7038688267465485, 4.075851605171156e-43)
(0.972232471877122, 5.912835866781147e-44)
(0.14972569610155959, 1.6286939899503908e-43)
(0.5052540409149874, 9.319620464039977e-44)
(0.8337139488873105, 4.005260789762285e-43)
(0.792132236943151, 9.716305301596463e-44)
(0.30875891613981005, 1.4413863647539779e-43)
(0.9300470779433178, 1.8440612976938388e-43)
(0.8859344265465751, 1.9515912442661816e-43)
(0.903650214244811, 5.899175695491338e-44)
(0.27062725356711465, 7.939363884572595e-44)
(0.947661525276769, 8.484726835636336e-44)
(0.07950076989584215, 6.658421185292433e-44)
(0.3386056957241921, 1.8349868295703174e-43)
(0.8098415958159958, 8.504439545605361e-44)
(0.18657633631578704, 1.7392222677413056e-43)
(0.4130177314520431, 7.211028374266841e-42)
(0.5962017025219628, 5.795367553974297e-44)
(0.40657129478918524, 8.036149269580407e-44)
(0.9926076245537144, 7.034568810799565e-44)
(0.5768057277936146, 6.192561700486216e-44)
(0.9466377936440786, 6.333702299228934e-44)
(0.6852988085551237, 6.855614012354978e-44)
(0.055348179274293044, 5.472155114130794e-44)
(0.16825150709893294, 2.311400193780236e-43)
(0.9543663244300264, 4.857764059283196e-43)
(0.6806030467608805, 1.3048414348011494e-43)
(0.8664597854323368, 7.3085928479568e-44)
(0.47566858824055414, 7.793469353173496e-44)
(0.8489585300402954, 2.718450923158709e-43)
(0.48339083851995585, 1.3300539189269265e-43)
(0.036597118546421, 1.6269769388775203e-43)
(0.34983209656189845, 2.2656484549604226e-41)
(0.414557022198813, 1.14198104130261e-43)
(0.931917490532989, 7.763068434714425e-44)
(0.6363842913932888, 2.8317545778647062e-43)
(0.576511179028338, 9.810383546484148e-44)
(0.7856621826786474, 1.4653413170625108e-43)
(0.10171124301139267, 6.43716458610097e-44)
(0.7137482370609751, 5.090918621547946e-44)
(0.08957654175373878, 7.930444022124507e-44)
(0.8200086298797872, 2.2103761439582602e-43)
(0.8330323086392248, 1.0714812330779031e-42)
(0.696786069079627, 8.829982950239537e-44)
(0.44635419728565107, 2.9345944514695987e-43)
(0.058940717271962366, 9.353482106665872e-44)
(0.4048911470403182, 5.496302982088801e-44)
(0.22347242977343762, 5.4556847268247235e-44)
(0.7618640126237709, 2.4508414096173533e-43)
(0.3653181980427585, 5.069811931831616e-44)
(0.09827092355162063, 6.437696578545853e-44)
(0.9244057424048212, 5.114180920025671e-44)
(0.47548823908967197, 1.3019487052671726e-43)
(0.03950787465110172, 5.517915327169535e-44)
(0.8469378951177514, 8.771711639278689e-44)
(0.9546464821603741, 6.455236281724096e-44)
(0.8542686076237503, 5.930300785011776e-44)
(0.7179305780036664, 1.5363926480471473e-43)
(0.2015485998767016, 5.265580583243565e-44)
(0.5335245040250256, 7.304549864445821e-44)
(0.6545096518635969, 6.465009034181507e-44)
(0.0678132812450659, 1.4618042323556776e-43)
(0.5926658498263203, 4.009442583459581e-43)
(0.7237477574714796, 6.577944178653566e-44)
(0.8621463809091129, 3.1495018408685804e-42)
(0.9948483499821283, 1.4355874951055477e-43)
(0.8171947981423426, 1.5814762985142527e-43)
(0.9525536347717304, 6.414302049872563e-44)
(0.5731770865610588, 4.4496888086152065e-43)
(0.056886329746365996, 2.2273548575552017e-43)
(0.5112868921461267, 2.443477458200026e-43)
(0.8058102370378603, 4.031699544243568e-43)
(0.07925114423210058, 7.15981766825437e-44)
(0.8475219522095759, 1.1636695232060131e-43)
(0.5551424354230006, 7.740062528611797e-43)
(0.9694434969651935, 4.948306653808495e-43)
(0.6716383273201685, 2.4941841486223744e-43)
(0.7550020757725139, 5.9756922525009975e-43)
(0.1276829783251454, 9.25879742925319e-43)
(0.2267742424521357, 1.168854271997529e-43)
(0.8208471617395401, 5.684890304842499e-44)
(0.756122101219525, 3.5896419249323174e-43)
(0.10308073077289392, 8.437611840654355e-43)
(0.0536134435615388, 6.132105407956312e-44)
(0.10832844839095272, 6.163865661471575e-44)
(0.9947220062130222, 9.079394719646156e-44)
(0.1660638544649206, 5.587864324824429e-43)
(0.23928981141872135, 8.184317103910272e-44)
(0.6211352333943109, 6.812334425714246e-44)
(0.7462080344242042, 8.030411976463863e-44)
(0.005693418487439766, 1.2470568265356165e-43)
(0.8220575607322654, 5.231004215773823e-44)
(0.5107181723387394, 8.995560388488074e-44)
(0.3147596196544368, 6.446030826970756e-44)
(0.8861594483695246, 7.137179743953782e-44)
(0.6716070445373916, 5.870022804678915e-44)
(0.38308854807668535, 1.3518138877667126e-43)
(0.8809158213743045, 7.079073854799539e-44)
(0.30625109375522136, 1.7327341449698421e-43)
(0.7582585551032295, 1.0905794779148147e-43)
(0.8172830507493695, 1.3376352376772544e-43)
(0.37275883652838515, 1.0390357003035167e-43)
(0.32669492485712864, 6.305067727157693e-43)
(0.3257835816186697, 5.845945666171324e-44)
(0.35554194539127104, 6.794156115364146e-44)
(0.7244958363147707, 8.032975721283575e-43)
(0.8160037164782165, 4.701544206685688e-42)
(0.3645849120586522, 5.164420507431703e-44)
(0.24944525307963128, 1.9358614303922572e-43)
(0.32087579532334215, 9.631389016911656e-44)
(0.6582287945547011, 7.158402325194542e-44)
(0.04689391891669104, 3.0695691615174322e-43)
(0.7180236258697283, 5.749275260671154e-44)
(0.9945923207748736, 5.859433923343136e-44)
(0.8896879207036239, 2.6937820248362828e-43)
(0.8872609181400984, 5.47281342848209e-43)
(0.6421129851827289, 4.2894172105922575e-43)
(0.20116351687610606, 5.912159782460468e-44)
(0.8837971027930341, 1.6915184952155326e-43)
(0.150720356549568, 5.203588431432998e-44)
(0.6762803963569373, 9.032813188751016e-44)
(0.97378959086837, 5.920063620720163e-44)
(0.19137873651521753, 6.547410414478046e-44)
(0.40391705923943355, 7.787259777937189e-44)
(0.7334452279331091, 5.768362804529826e-44)
(0.9027791687296541, 5.463039098149321e-44)
(0.4939869948916539, 8.346779388934143e-43)
(0.13747069099648793, 9.748344539390652e-44)
(0.47173930768520705, 6.581317503007831e-44)
(0.8839663687058649, 1.184310506932953e-43)
(0.7415403908415583, 1.3748387605705868e-43)
(0.5428886764471057, 2.358647363355035e-43)
(0.26399715959064574, 9.78973437500302e-44)
(0.5283143458403101, 7.984919576094966e-44)
(0.5468291089871086, 6.800256367094668e-44)
(0.900597441424456, 2.9592454406596477e-43)
(0.38419054960428806, 1.850450156916734e-43)
(0.29754140621335584, 7.097271016134698e-44)
(0.3404563716406984, 5.050215539086212e-44)
(0.014863290419537373, 2.5541901189355865e-43)
(0.5469624810272238, 1.0479617783444975e-43)
(0.9393716526701194, 1.2029948753880215e-43)
(0.591934955626455, 5.793260609966378e-44)
(0.6067184261838479, 1.918090274036605e-43)
(0.5874582103899254, 1.0769131969015111e-43)
(0.8842860649594214, 5.970075047266249e-44)
(0.5901696218525407, 6.077395191292551e-44)
(0.24846823999108616, 6.329898941471952e-42)
(0.2014045796999673, 1.1597872255453227e-43)
(0.06765914894308513, 9.927799756031972e-43)
(0.41306177026634977, 9.251463170079756e-44)
(0.8458041592520373, 5.614551986122254e-44)
(0.3243725274457271, 5.908958411280983e-44)
(0.0982389311803847, 1.4090609027428901e-43)
(0.09336793562068826, 5.024977416495021e-44)
(0.18550755982762301, 1.3530447718549215e-41)
(0.6130687938525669, 6.423805277736764e-44)
(0.2137594407352784, 5.881923461665285e-44)
(0.6777906591706615, 1.4781402363804134e-43)
(0.16733569139357046, 9.855112808107316e-43)
(0.6498485435569097, 8.402217541226896e-44)
(0.45754508465897126, 2.47988518713994e-42)
(0.7044992208237657, 1.0781630127590354e-42)
(0.20577135004578084, 1.820688679496145e-43)
(0.29048853592548335, 1.6409269820453858e-43)
(0.7898549190916289, 5.266462324741494e-44)
(0.7700049041020496, 2.60494671069853e-43)
(0.24437346807211646, 8.079749722878031e-44)
(0.7377261416326326, 9.023986554942702e-44)
(0.15058900863057842, 1.1612666580986453e-43)
(0.7751380521335886, 5.201240265293413e-44)
(0.8722566512675056, 9.422109069007837e-44)
(0.9645684529386636, 8.726228542798572e-44)
(0.061397669715548914, 4.109511842030546e-43)
(0.8999422298425882, 2.850096983774526e-43)
(0.8811886187360977, 4.1844422877123015e-43)
(0.4026204288183556, 5.443197522951866e-44)
(0.3017941629302562, 1.2646200309453676e-43)
(0.314234644298801, 7.299787164417401e-44)
(0.5773965144520365, 2.4821546242197716e-43)
(0.6327048896835031, 5.27797555316165e-44)
(0.4594532646081562, 6.280008661322112e-44)
(0.7872388851283543, 2.7445109745877375e-43)
(0.0007276577697577307, 1.204143647640341e-43)
(0.4327153763937171, 6.587221182892655e-44)
(0.7348830799033522, 1.1810776274045427e-43)
(0.05459348226451073, 5.245512294195594e-44)
(0.3929645630677418, 2.5784615337580423e-43)
(0.6926235767084191, 5.455279090779259e-44)
(0.6470310571128233, 1.080878892607986e-43)
(0.4164000643068975, 4.099122453359138e-43)
(0.5338650792819185, 1.798768728265704e-43)
(0.9865811511421709, 7.878950715906137e-44)
(0.7482040688483398, 1.539551180817152e-43)
(0.6833485052367031, 1.2823068478445228e-43)
(0.38266089238396994, 2.2661052142838646e-43)
(0.6905766053595392, 5.235231372414214e-44)
(0.7806564250300573, 6.378053544379864e-44)
(0.0839483912436422, 1.6371308526951695e-43)
(0.6226693069112659, 6.732054347806908e-44)
(0.8764377476784048, 6.816731991514464e-44)
(0.6834249162411158, 5.558308614182604e-44)
(0.44373746679051623, 9.2235858447018e-44)
(0.43914741056880685, 6.424501728061263e-44)
(0.4386024337643601, 1.0071715678038903e-43)
(0.6799411682041386, 1.394549206967125e-43)
(0.6723288826305108, 1.3354150516511534e-43)
(0.21535484488999482, 6.55789360813183e-44)
(0.9158926125649923, 1.238272889183878e-42)
(0.9775582560751117, 1.7521547035795337e-42)
(0.18408877355842507, 5.67975040004127e-44)
(0.25354572345100795, 5.811721966050892e-43)
(0.13490497322748538, 5.443748010365258e-44)
(0.5742256085135544, 3.186064131396656e-43)
(0.9232328866425054, 1.5951210715084451e-43)
(0.9727586056085126, 1.5924135308825687e-42)
(0.9466895197261428, 2.968551178036055e-43)
(0.07914194435782378, 9.095981001416723e-44)
(0.4011039053035212, 2.347613001531201e-43)
(0.40281950219595325, 1.44238328444109e-43)
(0.5078608858064828, 1.2145213493451694e-43)
(0.6139204291018203, 6.79424249549826e-44)
(0.800740469365442, 1.303148914820029e-43)
(0.5398740084244441, 5.249737054544329e-44)
(0.6060759042292414, 1.333325792988409e-43)
(0.4871557183171022, 6.863841042253748e-44)
(0.2687332493766017, 8.832413090095054e-44)
(0.45740554062825656, 1.1454384189427652e-43)
(0.29456979175673464, 5.500713284858313e-44)
(0.8455475513443004, 5.929293831274324e-44)
(0.549055936056607, 3.2031763245778533e-43)
(0.12076698407088388, 6.713705494248531e-44)
(0.48248775936577487, 5.174682199933098e-43)
(0.7285414463722583, 6.803986450075323e-44)
(0.4668410445474027, 7.23526639728759e-44)
(0.4479874915899205, 2.320453927041122e-43)
(0.8680196869814611, 1.2680237802805282e-43)
(0.7022212855346003, 6.010269342447803e-44)
(0.577214844796683, 1.2315884419017754e-43)
(0.5406544610339074, 1.0649418614036668e-43)
(0.15811629845483252, 6.254948647178691e-44)
(0.4066489032700208, 2.837292470863242e-43)
(0.723191411907839, 6.055052638224386e-44)
(0.03647932217251435, 5.978061927550183e-44)
(0.8287587140508138, 9.402722143454365e-44)
(0.431714654468646, 6.846680498283213e-43)
(0.730941352923114, 1.0509999590917742e-43)
(0.13611682145710302, 6.63173447996956e-44)
(0.416695758506535, 5.380879995541515e-44)
(0.8226392853407223, 9.91955313307348e-44)
(0.7505938997138859, 1.7839731237244748e-43)
(0.020319380016539323, 6.725090660315411e-44)
(0.9417150095113889, 5.868755451660984e-44)
(0.3947684273317606, 8.571694773425546e-44)
(0.20046041807133877, 5.863858656793758e-44)
(0.2116439677964866, 2.9096200371223585e-43)
(0.8497563787003152, 6.9198771718908e-44)
(0.11213278172901454, 8.493686391722502e-44)
(0.25971767962539183, 4.097671815344689e-43)
(0.24728775347330115, 9.959139214490406e-43)
(0.9067288407313878, 5.453216545626261e-44)
(0.7800227162672975, 6.575229541971291e-44)
(0.22920143017672517, 6.789403713441287e-44)
(0.8632284016220505, 2.6935631442897987e-43)
(0.3295002558899776, 7.787829546820691e-44)
(0.437809395862549, 6.879384499025189e-44)
(0.45428365494295003, 5.24405709203729e-44)
(0.422030110081495, 5.14100866528216e-44)
(0.6749105400040207, 8.657124988875392e-44)
(0.7982106575188425, 3.594223515395874e-43)
(0.37579865414241476, 1.9454090104309326e-43)
(0.6252196357502198, 1.4236592517371703e-43)
(0.5749409572670767, 4.864357512936163e-43)
(0.974797380171999, 1.0871970115428814e-43)
(0.9081783158212261, 1.4593496819360203e-43)
(0.43795579611344576, 1.8501769837142805e-43)
(0.686136639023502, 1.2408943350986594e-43)
(0.23467558336658284, 5.425556255197713e-44)
(0.30399828927096834, 7.754133951412108e-44)
(0.31820524965848745, 1.3367614718622085e-43)
(0.6022926647529177, 9.942451097082728e-44)
(0.51130706470346, 1.1526262036645536e-43)
(0.6095767909159412, 6.565619725215401e-44)
(0.6354415681724981, 8.364076849595734e-44)
(0.9266532476455771, 5.307992971810422e-43)
(0.8320314575754605, 8.318503189473607e-44)
(0.9642481185841305, 5.452467639920857e-44)
(0.33549217099802486, 1.5269318988429656e-43)
(0.946887616813384, 5.463368845172679e-44)
(0.11006888847946623, 2.5602964438191657e-43)
(0.8756009817882845, 7.656176113519136e-43)
(0.9797405232617352, 8.28528781134896e-44)
(0.03253610805243983, 1.1119879465884335e-43)
(0.8114595071894739, 4.610345297414492e-43)
(0.48555897753073246, 9.302808877581908e-44)
(0.8853414610419736, 7.000336390698274e-44)
(0.4643856354859487, 5.20796178068972e-44)
(0.8965645078103637, 6.667745298683942e-44)
(0.018230639002925587, 2.149301161355758e-43)
(0.07005344856033677, 6.915811983869038e-44)
(0.7730269083921952, 6.073805735837072e-44)
(0.6238508937997667, 6.491690289494852e-44)
(0.09107998358882004, 2.2872978246955477e-43)
(0.28375618029799127, 5.645736521936264e-44)
(0.9648033777451821, 8.747209611692939e-44)
(0.57137582070188, 8.170734827726155e-44)
(0.6815139817417527, 6.862794851553727e-44)
(0.2560331143969595, 2.4768669914680422e-43)
(0.3327604610220315, 2.173763915925226e-43)
(0.7782789769486642, 1.7667087485415648e-43)
(0.09687547761903852, 1.1958742859678486e-43)
(0.555510542339368, 8.967462220739899e-44)
(0.4981969950684314, 1.0567166757638907e-42)
(0.42508108382337995, 5.320169253445431e-44)
(0.37058428191939646, 5.041172865719974e-44)
(0.907566824770055, 9.923362307268707e-44)
(0.2515153270432415, 1.876713774729495e-43)
(0.4234439735425496, 1.4164556224664115e-43)
(0.26178584132345395, 1.0403845998077377e-42)
(0.7981539704454044, 8.513838386003528e-44)
(0.37877767577442045, 8.553716349683803e-44)
(0.42817707862298693, 1.1925377496457586e-41)
(0.11345215619696475, 9.96255648425886e-44)
(0.16055414010899494, 9.617223675088871e-44)
(0.5603285086494951, 9.379440401511308e-44)
(0.4707235678264588, 3.287757823588473e-43)
(0.8397810623348698, 5.066299875451453e-42)
(0.8297989895795623, 7.622843235721899e-44)
(0.3213571194206079, 2.0034864719586077e-43)
(0.8315211293794892, 7.589546387870404e-43)
(0.662295369677785, 5.808616468603446e-44)
(0.70920105120812, 2.0877551577819958e-41)
(0.7514802605674523, 9.614483770384654e-44)
(0.2952158936454676, 8.87335887012115e-44)
(0.6436991897091104, 7.791723363413239e-44)
(0.2737494008450934, 9.956227530509575e-44)
(0.5406445429153995, 8.804866974213243e-44)
(0.4182356275066773, 1.3722933780163935e-43)
(0.9132977417627197, 8.215887771753082e-44)
(0.48163518350126827, 5.344942576315439e-44)
(0.011259301203327462, 2.0536380660684142e-43)
(0.12210368197919484, 3.2194620356140717e-43)
(0.9625911482728453, 2.470920843265893e-43)
(0.45767584868526157, 8.800456773460915e-44)
(0.0817385236650184, 5.443867717716519e-44)
(0.4681103160865562, 6.819458506105232e-44)
(0.8922177188363748, 6.206240114875376e-44)
(0.6084939482617967, 1.5309894555145572e-43)
(0.3071258584019916, 4.293171069576088e-43)
(0.7283823293486152, 1.533231179799325e-42)
(0.1486488282963005, 1.116947224384895e-43)
(0.8603567822661597, 6.924009941241853e-44)
(0.5053017760635181, 1.82606376700225e-43)
(0.020574765874194514, 1.143330323276744e-43)
(0.31070225621280306, 7.279284378042773e-42)
(0.8805721589907537, 6.019026532718282e-44)
(0.17312777566110998, 7.225750905508138e-44)
(0.5847999020589172, 7.265764269093582e-44)
(0.9013797647607716, 7.233995394558646e-44)
(0.8776880398325697, 7.109734560183166e-44)
(0.7511524470435537, 9.192630331566912e-44)
(0.8302803330158618, 6.02753313198702e-43)
(0.06599944602690037, 7.981609023647274e-44)
(0.00870270055474084, 1.940638095610866e-43)
(0.35488006530449695, 6.937968233596505e-44)
(0.6576504397562783, 8.19549808754927e-44)
(0.6119240561766597, 3.987385648175824e-43)
(0.10392998295377728, 5.705156272439667e-44)
(0.6664292616392473, 1.6277210150377108e-43)
(0.055030853318437226, 6.698653972632755e-44)
(0.19034020956952702, 1.1355411240634557e-43)
(0.5749072373184227, 5.066531813122536e-44)
(0.35956472197888817, 7.174813379195505e-44)
(0.42825245427776726, 5.78404146553196e-44)
(0.34085239478139556, 8.995885539271481e-44)
(0.9690268569353534, 6.080063723512462e-44)
(0.7441569754330484, 1.3641299178827541e-42)
(0.35021188368653455, 1.004865997552427e-43)
(0.644645987913943, 7.109434793483696e-44)
(0.33909144709690037, 5.687126826289797e-44)
(0.19305797540747946, 1.9152725938053477e-43)
(0.9155366409928053, 8.872068184287222e-44)
(0.9282407133317345, 2.8972818108340998e-43)
(0.08552052110591989, 9.102687841437168e-44)
(0.39580062049888887, 8.368387396900483e-44)
(0.1327968845964089, 1.9155175844577616e-42)
(0.6916865857219625, 9.30257167953632e-44)
(0.5260915477056596, 2.7528828450076898e-43)
(0.8268690291898647, 7.773020818390559e-44)
(0.257473643554995, 2.1085903485874216e-43)
(0.8265699129961683, 1.1582382520730915e-43)
(0.48214646811467426, 5.680860434730232e-44)
(0.6214555009257311, 5.805407927902253e-44)
(0.26134749408607283, 2.180600427303815e-43)
(0.7428867253012139, 7.756909871406536e-44)
(0.40433064292464227, 3.0922197537918996e-43)
(0.3068646046539312, 1.1012653686063767e-43)
(0.3959617123625343, 1.0418534863717091e-43)
(0.9185861145611153, 6.150295689066059e-44)
(0.41446887509195923, 5.049098763225811e-44)
(0.5128900884103152, 2.856679858530056e-43)
(0.3237606868715887, 2.6299161429709745e-43)
(0.6904699413615488, 1.3329620530247833e-43)
(0.027974743890355307, 1.4470724717190598e-42)
(0.0367345286253129, 2.612752371540298e-43)
(0.004813589453438428, 6.356199091990484e-42)
(0.8705220805565429, 5.099525788648656e-44)
(0.7864876151647863, 1.804168648920842e-43)
(0.7321017256017815, 2.1797115987288754e-43)
(0.8017479754816356, 7.486823409250276e-44)
(0.9287669505750678, 9.53870540818858e-44)
(0.049668039104170836, 1.8470612278737122e-43)
(0.7310894516364022, 1.1478799737450118e-43)
(0.21444127821975148, 1.1540480840965089e-43)
(0.26366177745077923, 1.4037356031033642e-43)
(0.1410693886889149, 1.3278204457880877e-43)
(0.9151589465644457, 5.085374541697659e-43)
(0.405261160790878, 9.56582874841986e-44)
(0.8304548259348474, 3.6713137527140164e-43)
(0.4306943613092919, 6.232458814350484e-44)
(0.19394136869403647, 8.245212652558746e-44)
(0.7573925693382093, 1.2966392549990546e-43)
(0.7093231939980449, 8.600286981973225e-44)
(0.009215444031406542, 1.1468900671366096e-43)
(0.42829321556185374, 3.1613580843784227e-43)
(0.5147994390355077, 5.878867840022812e-44)
(0.5923665425138608, 6.097785950846028e-43)
(0.7299360030998309, 5.195490024060144e-44)
(0.5872276398061327, 5.635898677374407e-44)
(0.5267819952589986, 5.542881529160738e-44)
(0.612446199352773, 5.70453084848659e-44)
(0.6918667967472895, 1.6614231106903407e-43)
(0.7420614821883472, 5.046448608587822e-44)
(0.7431310064032091, 1.3228889643932267e-43)
(0.5426504564660269, 7.646209432478708e-44)
(0.40774430502496056, 5.812831611915201e-44)
(0.47716448177452303, 4.959699578482157e-42)
(0.3233058780841537, 5.324627658694051e-44)
(0.9192857089528184, 1.2728273209896435e-43)
(0.07246518317109987, 5.59583994742139e-44)
(0.53383820468162, 6.08108622838388e-44)
(0.1279212601243167, 7.138157500644324e-44)
(0.6072645853974878, 1.0051899968509685e-43)
(0.2951982992924809, 1.5907997446357892e-43)
(0.48543703930620224, 5.23341102694298e-44)
(0.3294158672571352, 1.0495316289418203e-43)
(0.20030610680385424, 1.2385042625505142e-43)
(0.2605356011905876, 5.017463079620135e-43)
(0.579431427216642, 3.0024730390190126e-43)
(0.37858203730115836, 6.505560326461946e-43)
(0.3058408073108345, 9.341748086838866e-44)
(0.784375630489009, 1.1158647951870372e-42)
(0.3270593175469779, 7.707150173802201e-44)
(0.23810105366843012, 6.58202852478678e-44)
(0.8537407228945938, 7.531066045753162e-44)
(0.6103019850895716, 9.192373833901068e-43)
(0.2684445806530677, 7.642492747156789e-44)
(0.63865825048329, 8.772856425504788e-44)
(0.5537333905050023, 3.479280655099364e-42)
(0.9330518622346511, 9.736981996635018e-44)
(0.2634731294023827, 1.4439410033597955e-43)
(0.054576872621382874, 3.3387537769595876e-43)
(0.12911217143149198, 1.279860946351837e-43)
(0.8273061268132962, 4.285311588338392e-43)
(0.46882861718561747, 5.493386656394968e-43)
(0.7963521347663988, 8.200675340821797e-44)
(0.9040380495797137, 8.882202173534985e-44)
(0.6947783296652751, 1.2819308343298815e-43)
(0.9531062529295701, 9.360374544573083e-44)
(0.2531951700858108, 8.563287977057715e-44)
(0.025141978572089833, 1.9108293178581527e-42)
(0.40584431216489963, 5.269346059239578e-44)
(0.45725118545126375, 9.898331646842943e-44)
(0.2844748622093877, 7.758136019553012e-43)
(0.7954520386578277, 1.1850341176040363e-43)
(0.3280341230850351, 1.6312983829007225e-43)
(0.5628114483236981, 5.723709450336016e-44)
(0.6651197787307194, 7.459434020207995e-44)
(0.7791602458228007, 6.990452091135063e-44)
(0.3534485277838729, 2.539853398828021e-43)
(0.5143705078711638, 5.032456567853119e-44)
(0.7730763161394776, 6.720020590599115e-44)
(0.788441749190288, 5.07008615178265e-44)
(0.7244782370305386, 6.728218110918372e-44)
(0.6266142338536034, 6.4272524244084185e-43)
(0.2782765591052691, 1.995467373663311e-43)
(0.8735983675508999, 6.390024720985539e-43)
(0.22500118156121673, 6.594749900436929e-43)
(0.42987871889774554, 2.2115379377966866e-43)
(0.018274780796947873, 7.03464467104478e-43)
(0.8154897172729981, 5.344349553028309e-44)
(0.7626531266327683, 7.150539861201581e-44)
(0.6113439037709547, 6.212162765253448e-44)
(0.9706009850918424, 5.038396698005634e-44)
(0.45128594069977424, 7.273918629707232e-43)
(0.36854935258660415, 4.0270923168125904e-43)
(0.07400390943354472, 1.4388701747896586e-43)
(0.34073794801838075, 7.295313400551069e-43)
(0.33226638541182757, 9.946163348017502e-44)
(0.45189125492043747, 1.2738386989514847e-43)
(0.49815443671280896, 6.086090498783394e-44)
(0.48473637396056996, 1.05543351201573e-43)
(0.6773404421595557, 3.3033207244528628e-43)
(0.3032170511936731, 5.111835133455977e-44)
(0.4036176878822226, 5.721660205604785e-44)
(0.5076982143981056, 1.1083340299035033e-43)
(0.29143100663003507, 5.238967440484813e-44)
(0.7547017060325787, 5.233019408631606e-44)
(0.05177163576362243, 2.511446033086146e-43)
(0.310677210741565, 5.096320099781122e-44)
(0.28717510081608283, 1.208113735110776e-43)
(0.28799659136779626, 6.012530090170078e-44)
(0.42468352687076744, 8.284150451281427e-43)
(0.26721738726039107, 6.42731435058532e-44)
(0.9775928976531555, 1.3113535738043036e-43)
(0.7297586091072961, 1.2939211793647794e-43)
(0.37443855431982226, 6.692544847798056e-44)
(0.8228790202110586, 9.528478387149877e-44)
(0.7763508374017396, 6.092359600851441e-44)
(0.6926447938200911, 5.426646672294726e-44)
(0.49823070006843295, 7.494233071042139e-44)
(0.3246940326948736, 2.2178905507638637e-43)
(0.48413237429365485, 5.113130487248156e-42)
(0.6784966853165298, 1.8862818570054893e-43)
(0.4430006606757122, 1.5909154196372187e-43)
(0.8359926019617766, 1.3166261994299458e-42)
(0.5662874185794498, 7.087628660488658e-44)
(0.1261237923365459, 2.5616036440934468e-43)
(0.4230490657110296, 1.868999096770983e-43)
(0.3823546848861573, 1.1004014164184934e-43)
(0.4824305907298127, 1.422681646560751e-43)
(0.21388756401600031, 7.89323052199599e-44)
(0.19983900465464186, 9.67595004115517e-44)
(0.11514991282084297, 6.744565633890001e-44)
(0.3622962858774475, 1.607200647274866e-43)
(0.3987332597456476, 5.123922143928423e-44)
(0.9789691212713773, 5.17203883291792e-44)
(0.17263242610964485, 5.29777285126027e-44)
(0.9857328306207535, 1.2228171651512189e-43)
(0.5858822378698433, 8.989105247623061e-44)
(0.3155854997127378, 2.9799717984582696e-43)
(0.06823556711814807, 7.639743260955089e-44)
(0.5367300143676729, 1.7251302146490478e-43)
(0.6924874312837738, 3.1682821401327315e-42)
(0.12986275828689275, 6.681479086584438e-44)
(0.911234544737148, 1.0786114114117113e-43)
(0.6919558703639241, 4.62881348871191e-43)
(0.08750886170930407, 1.4504607497839769e-43)
(0.8557156427455919, 1.70088246488573e-42)
(0.8757368846890133, 2.6333203424301177e-43)
(0.4216949977198441, 1.8851830630949183e-43)
(0.6074118308446311, 8.99980036057514e-44)
(0.7982876097154905, 5.315300050452043e-44)
(0.5682329544792403, 5.114266105142452e-44)
(0.07843670546202422, 4.629252995079434e-43)
(0.465198570559591, 7.268451134433701e-44)
(0.5118810224596977, 1.1141996348530116e-43)
(0.04667100484220167, 5.815207027389825e-44)
(0.5405464526225576, 1.0630055097823052e-43)
(0.2615599928968404, 8.092562242687564e-44)
(0.6491190827090596, 1.4325095196776818e-42)
(0.08370773869319587, 1.73264634533406e-43)
(0.8641622847730431, 1.1989129806962615e-43)
(0.24379866626460575, 8.180046441914107e-44)
(0.5547772928376334, 5.48805503116587e-44)
(0.7663772238285659, 1.6245915758707367e-43)
(0.5959005202669126, 4.0749371058634e-43)
(0.9266009475633008, 7.091293319642734e-44)
(0.05399117535994665, 1.0569746883046208e-43)
(0.49151584038043095, 1.0896025394654911e-43)
(0.5305965279776914, 5.313484935810964e-44)
(0.5583368327272364, 2.106579698367243e-43)
(0.08572407922663225, 1.175561325787369e-43)
(0.7462910625286432, 2.1674589439859633e-43)
(0.8985646229858733, 9.417167553193608e-44)
