(0.8123744383843635, 1.2484673102797326e-09)
(0.19761625610626543, 4.569754768072248e-09)
(0.4416832375673647, 1.4961276414666044e-09)
(0.8612176646995591, 8.868052395680822e-10)
(0.1566530455317685, 1.9745841309122595e-09)
(0.45409501689029846, 4.012177182093753e-10)
(0.7788620951571726, 2.424793081515719e-09)
(0.46190861051067184, 4.2979998956829357e-10)
(0.4034915590020823, 3.1309123147804277e-10)
(0.6688577572388239, 3.115694170197308e-10)
(0.638188473669043, 1.3308366608667154e-09)
(0.2164688975522247, 1.400286717106492e-09)
(0.5268165234011319, 3.473217786374459e-10)
(0.5507108177219359, 4.3467145066728066e-10)
(0.06739516859073509, 7.592401286531399e-10)
(0.054151272659290525, 1.0280925120009045e-09)
(0.04151373545494447, 7.740923093755306e-10)
(0.27807173667261936, 3.9267948527018155e-10)
(0.025301000224742364, 2.9652447182503525e-10)
(0.2551942772194121, 3.3834650725560523e-10)
(0.4091828334869477, 2.653499348988577e-09)
(0.5898031032139696, 7.152435817212489e-10)
(0.6235614446341238, 8.029439276587569e-10)
(0.9130387917977775, 2.9219344076820674e-10)
(0.6976579540771543, 4.2078822281964083e-10)
(0.9758492116203055, 5.776808393118243e-10)
(0.5149383929239341, 3.3629827085468893e-10)
(0.9371858511727905, 3.540607694349469e-10)
(0.17236380556985265, 2.946041728615045e-09)
(0.0772306297388979, 2.8493825918288913e-10)
(0.007226529412433803, 9.482681491286681e-10)
(0.30426939113658685, 2.8791930002305e-10)
(0.969108726669375, 6.540672422529031e-09)
(0.8805203226552377, 1.948961970034146e-09)
(0.7244668057805123, 4.8150925407352e-10)
(0.7786523516991697, 8.117981465369546e-10)
(0.8435299105710924, 5.307263289503757e-10)
(0.7369065985397238, 1.1837776337487521e-09)
(0.6902917019424435, 2.7815084185795124e-10)
(0.09925647100779754, 1.1626291489423262e-09)
(0.4936940147860178, 9.717210116765598e-10)
(0.6341800430683555, 7.595505044762853e-10)
(0.560245607436195, 3.2303123127903264e-10)
(0.8565757793325116, 3.69338320838245e-10)
(0.13372670508734463, 4.928707534684725e-10)
(0.43512662880036473, 5.87408982063915e-09)
(0.18697710212384333, 2.8742708933263153e-10)
(0.49264532996322447, 1.0065059596516441e-09)
(0.4142836758226933, 1.058263413099359e-09)
(0.8809748552953892, 3.6733229724672336e-10)
(0.7396558297151913, 4.0618084043541005e-10)
(0.5771940158596354, 2.770630674326092e-10)
(0.3579574674632295, 1.5540941336174289e-09)
(0.9809276277004653, 7.414009734759355e-10)
(0.36933153729284973, 2.0680272347264627e-09)
(0.5034689447066928, 7.6442024667758e-10)
(0.5322675732056698, 4.6381302436694007e-10)
(0.6274883209094115, 1.0004917258892357e-08)
(0.8550480916168447, 7.233560970927223e-10)
(0.17683193051917773, 9.793677827978606e-10)
(0.26416033352923757, 2.807211339759049e-09)
(0.5498577966203103, 5.862840581590388e-10)
(0.9803380993160451, 3.915209044823149e-10)
(0.4174010972989909, 5.839098627797016e-10)
(0.23362272747262147, 5.506924035603746e-10)
(0.4114988483573393, 2.0760222154439822e-09)
(0.16970254758063613, 5.352775284934594e-10)
(0.18629074413770116, 4.524867105310169e-10)
(0.11320099146721266, 5.214708434061449e-10)
(0.9904447204917421, 3.389241932336989e-10)
(0.6095337533511246, 2.7948927579148112e-09)
(0.809093000804721, 9.188335212470043e-10)
(0.7897024673408684, 4.798169132638779e-09)
(0.46187700494572215, 1.2099076410694869e-09)
(0.08176764317042703, 5.710002607644255e-10)
(0.10161041976599462, 8.629586157883219e-10)
(0.620069319595394, 1.781636957910117e-07)
(0.3758345019050939, 1.0026093646387104e-08)
(0.9789410611173232, 2.7655758823178775e-10)
(0.3579427214345888, 2.652301675806398e-10)
(0.8284318005243017, 2.987488390374782e-10)
(0.5407788837705388, 4.2713104658292943e-10)
(0.5537426716290565, 7.068522559141543e-10)
(0.635553508466532, 4.1490982421075494e-10)
(0.7509806309511113, 3.696706623791095e-10)
(0.809970673797136, 4.111198270269324e-10)
(0.006058328145670674, 8.892266174794209e-10)
(0.011937020404199044, 1.2487189599741036e-09)
(0.8372775221167932, 6.095193455742336e-09)
(0.41685047125684, 6.220573558410694e-10)
(0.1869559951724081, 6.946509021703006e-10)
(0.746431251936773, 4.5561254200098545e-10)
(0.4725607710722609, 4.854713094397107e-10)
(0.48236332131386483, 7.846407470685683e-10)
(0.05186193358655108, 9.381676749201115e-10)
(0.6380364399764734, 2.0616416664065477e-08)
(0.8189438433099686, 3.3829889234278795e-10)
(0.5745417854228921, 4.4488248897631503e-10)
(0.7853150617729532, 1.2429347001066726e-09)
(0.3871231494837116, 5.948651496062871e-10)
(0.5424873663639158, 6.778845056694314e-10)
(0.08464912411781877, 4.191597879870156e-10)
(0.2858410681200919, 4.678815995188968e-10)
(0.3713832357723545, 3.0180172043759415e-10)
(0.6421993219240294, 2.6309148607761433e-09)
(0.1585519039071043, 5.601422114553237e-10)
(0.30693478413378333, 3.4478061360910637e-10)
(0.12074382886947906, 4.944807304493647e-10)
(0.9899088735296026, 4.007398706841231e-10)
(0.7650454911697417, 9.266384027271719e-10)
(0.2762234072549726, 2.2312727408499125e-09)
(0.3234240148339168, 9.600951020839969e-08)
(0.16897339542116707, 3.7987119525475793e-10)
(0.7907229838182069, 3.1441298495063284e-10)
(0.025786916554356703, 3.959226379569653e-10)
(0.5107432152526816, 4.6193205771859865e-10)
(0.8070753772932767, 3.3680442349972224e-10)
(0.4880183991736263, 1.1456047241035092e-09)
(0.6760735304666047, 5.452145028835129e-10)
(0.24138542874962463, 4.3255902175709704e-10)
(0.2472495197967163, 9.706584572839106e-09)
(0.4185578901424245, 3.312530221693226e-10)
(0.4118507571779945, 6.510362469462432e-10)
(0.441869338206592, 4.0245294819268713e-10)
(0.17568291889149806, 2.056967528621983e-09)
(0.660104959318484, 1.0639082549308815e-09)
(0.005655930195003092, 3.179792241106191e-10)
(0.7412771406806956, 4.1085496684404447e-10)
(0.18858225708895174, 7.79746643324183e-10)
(0.6188498651320622, 2.5510155307666743e-09)
(0.8748195361290091, 2.812899999103046e-10)
(0.6772062036129878, 2.5920189635873357e-09)
(0.5918895091538132, 6.084086986048315e-10)
(0.3388635499691228, 3.4816286106964487e-10)
(0.12434454125384964, 3.9721154263791366e-10)
(0.3814778411323162, 2.8878356443492203e-10)
(0.18770399794009548, 3.2996989390717736e-10)
(0.9606925992433799, 3.6176629183970324e-10)
(0.7890644439097462, 5.4209549979454305e-09)
(0.8005574943531357, 6.739861935921259e-10)
(0.26990840536707084, 4.6436928478210743e-10)
(0.4544218347888068, 9.418094594132994e-10)
(0.7144626359623637, 4.959917961342101e-10)
(0.44059689070463737, 3.891461792749798e-10)
(0.34096203889206517, 7.872697639994783e-09)
(0.06873893648049656, 4.80005019735046e-10)
(0.23893778178954814, 3.565516179455858e-10)
(0.2313481152390762, 3.177943672838104e-10)
(0.3516476017225255, 5.67315612129891e-10)
(0.7418809432879357, 4.917600301234277e-09)
(0.6805778319130916, 7.551524488432517e-10)
(0.03874473504881139, 3.765591825206631e-10)
(0.8886861200062282, 5.4669313174396e-10)
(0.5416748039566784, 2.6344343970954684e-10)
(0.8810075493620952, 3.223731199683698e-10)
(0.18131519926917553, 2.8765629318925444e-10)
(0.32398814048777247, 1.3040636072369877e-09)
(0.4723185033346363, 5.533085638125949e-10)
(0.08265787365627474, 1.1997718213083823e-09)
(0.7905768165049639, 1.9679307512535596e-09)
(0.9569565479835187, 3.290314139375221e-10)
(0.8741393306138086, 2.726990300027376e-10)
(0.26937619212173336, 2.911838715526069e-10)
(0.9394384881323903, 1.1446097230610681e-09)
(0.5497816827518416, 1.1699936455042454e-09)
(0.3829598731820002, 1.4523951268529772e-09)
(0.011379020546702678, 5.415614773588578e-10)
(0.015821672414009898, 3.4436620213681825e-10)
(0.6166618649152888, 6.01185644542283e-10)
(0.5300324131752925, 6.971957578506713e-10)
(0.6352562106338181, 4.839771978122457e-10)
(0.2501966186631139, 1.1264339590489845e-09)
(0.6580753376449295, 4.125586786315809e-09)
(0.7196140539197102, 2.727651776935975e-10)
(0.42816141415807485, 4.181916484415029e-09)
(0.03497741732086879, 4.0449587601321067e-10)
(0.5820799984537603, 6.267598373273147e-10)
(0.29443296993867507, 4.3195987602108993e-10)
(0.7408923061015211, 7.62757403622763e-10)
(0.017237614943679914, 2.624162181595048e-10)
(0.33195291674049554, 5.240861064241856e-10)
(0.386464285814392, 1.578982938679907e-09)
(0.2575614896830912, 9.441352535861342e-10)
(0.3986403094667276, 5.151320996427486e-09)
(0.06063023407842863, 2.408597659451063e-09)
(0.2476852418246613, 4.858685190818705e-10)
(0.21103099068355471, 1.424009694838916e-09)
(0.20767375049525927, 4.2650783491593604e-10)
(0.17485859933367565, 3.6419659013766147e-10)
(0.1687028619859472, 2.7606589734457564e-10)
(0.008590335921318599, 3.6977228642558995e-10)
(0.41267144258783106, 2.810325332917039e-10)
(0.6310757726719038, 9.228450857455357e-10)
(0.9110580194216197, 4.3226685918728736e-10)
(0.47097505868394085, 4.250769418362565e-09)
(0.3471118361157638, 5.905033078647881e-10)
(0.4129452856119287, 2.680606868447485e-10)
(0.8221730995345252, 4.243315549505301e-10)
(0.8923538769485929, 4.738364069815398e-09)
(0.7293814063082642, 9.268336655453874e-10)
(0.6610179178149653, 2.7437083395124076e-10)
(0.4461658208899969, 3.488116188660242e-10)
(0.009493729200068237, 1.350197070221629e-09)
(0.9716817919692674, 5.95323664423638e-10)
(0.31166315962411695, 1.3798841656750018e-09)
(0.8349918131288567, 8.55638176572712e-10)
(0.5422843528416582, 4.628831170970945e-10)
(0.9190590170714944, 1.7256615510337258e-09)
(0.40194028229620404, 4.715163614369118e-10)
(0.6690278930047524, 2.639440054988807e-10)
(0.1898094009348703, 5.971178528189389e-10)
(0.701162372017962, 7.512217879347252e-10)
(0.24443498403713834, 6.09029045412475e-10)
(0.7012558604393847, 5.052069369721152e-10)
(0.18756849602973508, 2.618351281837184e-10)
(0.1335430347763753, 2.7743845074824773e-10)
(0.2888615251284332, 3.242803622718501e-10)
(0.07305499779324057, 9.247374062922686e-10)
(0.2377805999755117, 2.104862931105652e-09)
(0.6288609418430817, 4.1029023650977595e-10)
(0.49213131257108605, 3.6321483277627734e-10)
(0.17437845837372945, 8.094462123754602e-09)
(0.1333133895284114, 5.86175123974557e-10)
(0.09537004508194191, 4.815611328870378e-10)
(0.40772868473486884, 2.874157220430951e-10)
(0.9587942746503559, 3.598899175258281e-10)
(0.5858940355187069, 1.82740129459104e-09)
(0.014577889358294, 3.49626428802097e-10)
(0.9695970944798936, 2.0497844203364505e-09)
(0.07315591536679689, 1.731319476204639e-09)
(0.7264907043553825, 3.899258894365351e-09)
(0.5970588994868725, 7.159370770300432e-08)
(0.995022617726182, 3.084065308989013e-10)
(0.053772802691234585, 8.694585691341526e-10)
(0.280992198184572, 4.437340918599598e-10)
(0.3203627904710799, 2.748439382478499e-10)
(0.31296238222552825, 1.0413995412776795e-09)
(0.5813573862033997, 3.659067540446093e-10)
(0.5591856565029792, 4.785792159976447e-10)
(0.9937348108656479, 1.6696084803133576e-09)
(0.8102959470487482, 4.0436581646456607e-10)
(0.6632295406431944, 3.298227125263872e-08)
(0.998994160346134, 9.239769790260997e-10)
(0.8160273840616719, 8.190073950195649e-09)
(0.8003276889216827, 6.0562808547143e-10)
(0.40059632285149965, 4.4872032168082264e-10)
(0.490467909130857, 5.4575404592086766e-09)
(0.4079503772438613, 3.820508648900873e-10)
(0.4877413553999643, 2.2887043779607225e-09)
(0.8769192199726394, 3.7148800927317387e-10)
(0.07015030059076588, 7.49927217346758e-10)
(0.4061964487003542, 4.52776256524202e-09)
(0.46860805205074524, 5.523430744433144e-10)
(0.5330613102188204, 1.2167952061847946e-09)
(0.6196397214446105, 7.284540532150548e-10)
(0.2558941885425432, 3.5245271270924986e-10)
(0.3563585858236383, 5.749021553839361e-10)
(0.9032885360054208, 3.9643941287930093e-10)
(0.5998274583628389, 3.0455409410468063e-10)
(0.43708611371388423, 2.190241850741189e-09)
(0.6953350554607378, 6.888606923367192e-09)
(0.6354600510467543, 3.707679278951502e-10)
(0.6638441662518519, 3.9731781174121963e-10)
(0.9925570584783281, 1.3328220720947953e-09)
(0.9531606824741342, 7.787212031865429e-10)
(0.3746924436663045, 9.742233464865146e-10)
(0.3552582799626527, 2.7304635645446926e-10)
(0.3287064585656051, 1.4089341880020193e-09)
(0.7967888818571178, 1.1737685427927725e-08)
(0.7424278057990479, 1.0957356539322062e-09)
(0.5367170488920341, 3.480977826392855e-10)
(0.602902528300007, 4.399709177973229e-09)
(0.3476253834788062, 4.055443717704917e-10)
(0.2200339492238735, 5.484832441079475e-10)
(0.898639317623779, 3.962976554817116e-10)
(0.7636275248926047, 5.78222806989394e-10)
(0.6928965826887917, 3.386295724153392e-10)
(0.3657603948830224, 7.040262602694439e-10)
(0.3887786417605905, 3.2324597968028666e-10)
(0.343138596190699, 3.2864561027682466e-10)
(0.7519675661440849, 2.264727295118242e-09)
(0.07524063073093783, 9.267396666682904e-10)
(0.5417547174216994, 2.727789215264538e-10)
(0.17433917826479875, 4.3156406854590664e-10)
(0.32493792587206116, 3.2204492431889305e-09)
(0.006198021167665148, 2.8712525206329017e-10)
(0.5209121755079128, 1.2180881641748529e-09)
(0.5255421216456603, 1.6353715639336558e-08)
(0.5642561189903957, 3.0600642136780465e-10)
(0.6197335944946994, 2.456665949286472e-09)
(0.8894010140273064, 7.522722834272679e-10)
(0.8094662799691367, 1.1573509215375913e-09)
(0.08476730474348854, 4.2765945914241773e-10)
(0.8838682498814247, 1.073982602846021e-09)
(0.23826345434687282, 6.608221312095095e-10)
(0.3979889486952872, 2.8903783833773554e-10)
(0.8947937734138943, 2.8115978170528116e-10)
(0.7877775717852932, 2.2064309788526834e-07)
(0.6138548699096045, 3.938618828237079e-10)
(0.6384295287912919, 4.0275435120594095e-10)
(0.2596477375591088, 2.9114707377385776e-09)
(0.5825735027578202, 7.450931835201177e-10)
(0.9020738207134348, 4.028452281788507e-10)
(0.9976671600048034, 5.441425906786977e-10)
(0.10731019977578406, 1.0438968542432853e-09)
(0.4056500522913044, 6.979223531897174e-10)
(0.8422093837767335, 2.7734078032095725e-10)
(0.02497774724289671, 3.615726321590551e-10)
(0.6959941518824987, 4.901958997206548e-10)
(0.4591583356295072, 2.9053694081403224e-10)
(0.9208423885752008, 3.1098823442487313e-10)
(0.9885410970847984, 4.656079629655884e-10)
(0.9861860368379572, 1.6743703307509165e-09)
(0.17725928133324426, 3.39072651698857e-10)
(0.03198043087508967, 3.917866853179756e-10)
(0.15089829151802753, 7.218993806324664e-10)
(0.5955277513601772, 3.560367929868668e-10)
(0.8478642677318702, 1.2615544180390173e-09)
(0.680464921075193, 2.6334099352959492e-09)
(0.74506110202087, 4.480159130084292e-10)
(0.15753418338657932, 2.283124699638177e-09)
(0.4116610548698619, 7.128304700037055e-09)
(0.6075388343618489, 3.5878616985244665e-10)
(0.3766571329490896, 1.174275444294911e-09)
(0.76427358969141, 2.1660025234414433e-07)
(0.7720514129079145, 6.764807170257297e-10)
(0.07017582107286893, 4.3654908344166913e-10)
(0.9717900324292782, 2.6500110156141405e-10)
(0.04761482093316231, 4.477269550211098e-09)
(0.7463802954187909, 3.9014220273591975e-09)
(0.9549795326490116, 4.877904402546783e-10)
(0.07330388394159337, 7.880311872140875e-10)
(0.7783286828754984, 2.919634003250753e-10)
(0.43701281590290225, 6.04452410656451e-10)
(0.1165361994482325, 4.912731605708043e-10)
(0.9456336876579287, 5.72818460011026e-10)
(0.33632136326773293, 8.491570709115323e-10)
(0.27147118198393455, 1.990770049139006e-09)
(0.3805926875822958, 5.686736312401396e-10)
(0.8005962592855547, 4.359086901458098e-10)
(0.8160344833490517, 5.111016213778037e-10)
(0.9095371421771583, 2.654983001689401e-10)
(0.9448187646000339, 3.522021212520826e-10)
(0.7959115607589908, 7.751554539678771e-10)
(0.4154251846373197, 1.0562634124712976e-08)
(0.43454549659869895, 2.9490416331160667e-09)
(0.5258353310565187, 2.9070281214816483e-10)
(0.4927426062968713, 1.7418159514951364e-09)
(0.7203172888317833, 3.2635585652030584e-10)
(0.6127882454716318, 3.0659513743411693e-10)
(0.7820931700308587, 6.516172168868457e-10)
(0.995223526981781, 4.155260441217509e-10)
(0.013037800449244378, 2.954482688222571e-10)
(0.9919038913869932, 3.133231586135013e-10)
(0.670744440430991, 1.5695300008316144e-09)
(0.09689197814860573, 2.762758049736716e-10)
(0.9764149996383872, 4.660557885366377e-10)
(0.6926922403609127, 4.735928031462621e-10)
(0.4257658937307168, 5.384567896188413e-10)
(0.8658151315913689, 2.657828269896441e-10)
(0.8672869357003211, 3.2667862379797977e-09)
(0.40098715332672114, 6.842093177063028e-10)
(0.5843419338893853, 9.8369774832336e-10)
(0.8245075209843562, 3.5300360614166057e-10)
(0.9722248805028177, 1.6867714217831934e-09)
(0.01860543523921761, 3.498854988346011e-10)
(0.1829845964845169, 1.321443341782691e-09)
(0.9954489721919909, 3.6038957494404547e-10)
(0.01274741695312455, 2.8120313626172736e-10)
(0.7036084745192732, 9.327948098670849e-10)
(0.7836421564009411, 6.330691288328515e-09)
(0.9655974391105479, 9.1606129327236e-10)
(0.10746266563885612, 4.767725420280779e-10)
(0.43234051481330243, 5.189623811021333e-10)
(0.7600303729329951, 3.8812637844804496e-10)
(0.09880400400190943, 5.109441994902042e-10)
(0.14631755687467793, 2.4059338919306126e-09)
(0.7286715395641783, 3.7015622381505677e-10)
(0.8622098068562009, 3.0295989660890553e-10)
(0.13127100757549368, 1.3468804551115592e-09)
(0.9368871865912504, 7.101568209624811e-10)
(0.24682694337066594, 5.089636864738504e-10)
(0.466318825421497, 4.89566120374291e-10)
(0.7954466448395153, 4.309364901332646e-10)
(0.5517279674049114, 3.012298718994929e-10)
(0.20537761440179822, 3.7458149576392477e-10)
(0.333267579570217, 3.4039148300288423e-10)
(0.4450738668897441, 3.1836397919458605e-10)
(0.5089774011315904, 2.636582752977114e-10)
(0.9142723571024418, 5.781658663061923e-10)
(0.05983427905754568, 6.546034463827859e-10)
(0.18230224085618577, 7.70553287045343e-10)
(0.9902079484516407, 1.7824968330924223e-09)
(0.3340419162540775, 1.2391978882982044e-09)
(0.05788361819052121, 2.7106857394323007e-10)
(0.47063053897465246, 5.011677193069447e-09)
(0.6521449982481938, 5.591676155834237e-10)
(0.8742610830576876, 6.731164087036429e-10)
(0.6927558550594781, 9.729460225564049e-10)
(0.9924684038889212, 3.710360337357521e-10)
(0.37780041880740173, 2.775375315914625e-10)
(0.6435265993550053, 5.229688954274901e-10)
(0.9155105202693433, 4.509940766539923e-09)
(0.44044210212920876, 7.471564333723894e-10)
(0.9207096779590026, 3.2019603103077756e-10)
(0.481206661202191, 1.8256778100910445e-09)
(0.6784761817299936, 7.816690975836643e-10)
(0.7066282628357127, 5.165123424879705e-10)
(0.4776857483114071, 6.036492635805478e-10)
(0.5068181313212539, 4.4143862932430265e-10)
(0.7093442444303389, 2.672504121753202e-10)
(0.7943170633731231, 1.552144131946375e-09)
(0.11550089548530668, 3.066470479815798e-10)
(0.09091071277208906, 3.5438563154312517e-06)
(0.45869412727337866, 4.794557491767306e-10)
(0.03614712698533111, 3.058910746023709e-10)
(0.3590209487566764, 2.6536013065130303e-09)
(0.30992911502599835, 2.8566483783425057e-10)
(0.9438863037417633, 3.657445656456911e-10)
(0.1511634502555851, 3.4145038354067613e-10)
(0.6173334786429289, 7.429569997764403e-10)
(0.6942927697974384, 1.9653136431365525e-08)
(0.9737004130346805, 3.143144978594201e-10)
(0.681802828550052, 3.192408998536578e-10)
(0.8451945547398051, 7.774170125125838e-09)
(0.5542304452847284, 3.507317011033652e-10)
(0.8984889756615294, 2.8231209754667994e-10)
(0.7230404068806731, 1.041203931677193e-09)
(0.7177358560656532, 3.9311745186715897e-10)
(0.7628780805620895, 9.209777070494269e-10)
(0.9094140015361998, 4.516987392329959e-09)
(0.7800910103848641, 8.527971663833963e-09)
(0.3633376604363392, 2.9234049726853014e-10)
(0.9736255216544343, 3.473620209894569e-10)
(0.39167790671656183, 4.683762315312333e-10)
(0.24160668369619553, 4.10265853069933e-10)
(0.8704549748254483, 3.5710804814500707e-10)
(0.7569144388161964, 1.2058224750102041e-09)
(0.6415173959221189, 2.6780349728596274e-10)
(0.4453788930810193, 3.4929408356159675e-10)
(0.6645732050443642, 2.783528581956244e-10)
(0.8943417643077554, 3.0959340281207106e-09)
(0.9142362075769861, 8.298880788350962e-10)
(0.22202915685786395, 4.076719055665644e-10)
(0.7542196618664043, 2.9244812690675267e-10)
(0.9942518799067783, 3.445346783934709e-10)
(0.24033705595588067, 4.228631170435261e-10)
(0.9626408634080976, 5.739292450201512e-10)
(0.7900435812167795, 4.3747093126100825e-10)
(0.19882909991777376, 9.679255525275341e-10)
(0.15678175265948324, 7.294843149012206e-08)
(0.013687783549516844, 1.1712276431898696e-09)
(0.8273609339031794, 2.9983137580851597e-10)
(0.08854454605229099, 4.237773043523675e-10)
(0.9661549666660125, 6.222693119019176e-10)
(0.4740302802076263, 3.418945651181732e-09)
(0.9518402565193357, 5.99314618677622e-10)
(0.9028770603283546, 3.9592920663224306e-10)
(0.19805025440908924, 5.004097319419972e-10)
(0.8988087545305484, 6.832332649324724e-10)
(0.6948801118344324, 4.487386906947709e-10)
(0.4640176049682711, 5.515092010517772e-10)
(0.9183117585610122, 3.313784428534301e-10)
(0.5167990352964724, 5.480118410667776e-10)
(0.6120430222535445, 1.1287126642592367e-09)
(0.16815657466457984, 1.9141647720198004e-09)
(0.9425681606066149, 2.701196073994536e-10)
(0.8024790557198884, 8.116315035878939e-10)
(0.3575627857923055, 1.586471727082225e-09)
(0.3007137365834141, 1.555789262421533e-08)
(0.9992678339028961, 1.778542292699807e-09)
(0.8768119013443317, 3.947123332863013e-09)
(0.2965707783945039, 3.1811635129862937e-10)
(0.6903329866363974, 1.4391178456716065e-09)
(0.8660461775963991, 3.767388558605067e-10)
(0.28048807145798793, 7.18186429105822e-10)
(0.5216196204882657, 2.9272476596145263e-10)
(0.8331789960134053, 2.995160928914883e-10)
(0.16202536038668355, 6.192186218136524e-10)
(0.7282898280898883, 1.1409557437787569e-09)
(0.30520724997954984, 9.721167796765247e-10)
(0.10387559687285478, 1.2812079917394056e-08)
(0.2390781017249255, 4.641846410589284e-10)
(0.3582940621716127, 3.511414557489447e-10)
(0.3754293507292281, 4.977959833187421e-10)
(0.9793092133073942, 5.313963596750839e-10)
(0.2735391000785004, 3.228236176480236e-09)
(0.405220585940518, 3.5147571088544207e-10)
(0.5676861298956615, 7.873186842630994e-10)
(0.7879541996122564, 6.119712344768244e-10)
(0.41485901342386944, 1.5004368840278667e-09)
(0.4452520795522278, 4.579106348762876e-10)
(0.717949835479738, 3.010305804352696e-10)
(0.273714064146313, 4.602805301605607e-10)
(0.9564371977686567, 4.755846314851117e-10)
(0.8396625137705802, 3.3743218346771637e-10)
(0.7766711449082896, 2.9807997030771314e-10)
(0.7027385911307972, 5.78776677877757e-10)
(0.34862391594095965, 3.3978474059932266e-10)
(0.5165625185178077, 4.4772809241510495e-10)
(0.6865121362921452, 5.50805907023826e-10)
(0.1395052154114754, 1.151520408764045e-09)
(0.011601472765782371, 5.934385491395137e-10)
(0.9175550145771871, 4.935849084758841e-10)
(0.6588764273370151, 5.153086789908269e-10)
(0.8772350983267972, 7.049404015629203e-10)
(0.8575205919021041, 6.464953784875229e-10)
(0.8341595249144347, 3.403490812469182e-09)
(0.7718091753598844, 6.541647438843259e-09)
(0.48666845888037186, 6.119079205461629e-10)
(0.2508414355202736, 3.1455941189670323e-10)
(0.5294930300155025, 5.081655884458241e-10)
(0.697228821426187, 9.386446343780037e-09)
(0.8140251759793149, 3.4364667905345463e-10)
(0.5613727866463919, 6.284324551747766e-10)
(0.07647733447265208, 1.2181396535098175e-09)
(0.8604739772286488, 1.503870096302686e-08)
(0.8107596842216076, 3.4063360118755007e-10)
(0.36889639148755415, 2.6671366634313084e-10)
(0.38046533123485665, 1.3066971605735021e-09)
(0.25632962850175145, 4.658413348224634e-10)
(0.30778160063026605, 1.0809260934051852e-09)
(0.5871296836131468, 2.0454238979164656e-08)
(0.135798426438555, 8.973609167804674e-08)
(0.2672575379874402, 2.7958503157083015e-10)
(0.6711840142845397, 3.5550903100138456e-10)
(0.5677805627478856, 6.47886194505296e-10)
(0.41987998157774065, 3.544139202793284e-10)
(0.1352407121291496, 2.674937638396797e-10)
(0.2638627853448692, 2.716505157258619e-10)
(0.3835549917158494, 5.405573506936744e-10)
(0.6172453803396958, 1.0712925756148695e-09)
(0.716417964424303, 2.7380273776419484e-10)
(0.28271027442236146, 2.7781276055325245e-10)
(0.7596734739170792, 7.138739586970524e-10)
(0.8705484025921398, 2.6818778596770313e-10)
(0.9282136062743698, 3.9838841347150204e-10)
(0.0806895300381339, 6.181353004562272e-10)
(0.990995485873656, 1.1857131943774909e-09)
(0.9488304885896824, 3.003064578526651e-10)
(0.23184539152484715, 3.6055089254159835e-10)
(0.07682765752698369, 2.400593811087768e-09)
(0.5926706370126024, 5.72839620653808e-10)
(0.45447233266975934, 2.970322408808592e-10)
(0.7105724778832371, 7.459499676375045e-10)
(0.7084089528420578, 3.283828685861923e-10)
(0.5994389231042944, 6.412179761418339e-10)
(0.015558884286415773, 3.128561905702051e-09)
(0.9146234473061201, 3.86413318923167e-10)
(0.6423427525234904, 2.591841034027353e-09)
(0.000967400932779972, 4.044247195512836e-10)
(0.0579475280449106, 1.42280569538916e-09)
(0.29946568765200826, 4.680068809015785e-10)
(0.29335383650194813, 3.0410359736393377e-10)
(0.6609726585434603, 2.8536749571811524e-09)
(0.4308455008368775, 2.8209648845605985e-10)
(0.015909800136252126, 1.1595039976732286e-09)
(0.2929367624576463, 5.932978026638444e-10)
(0.36047143935514886, 3.615856892761302e-10)
(0.30316054129137215, 8.042490873272054e-10)
(0.10760593352819592, 4.618023930329244e-10)
(0.22127553693735227, 3.2339304822233727e-10)
(0.7540314042330756, 3.9055891941874565e-10)
(0.851236308674286, 7.139501809661095e-10)
(0.38035436993671173, 4.4184755571616123e-10)
(0.7844820935550489, 4.061081792539056e-10)
(0.33253931210941456, 3.2312234434993294e-10)
(0.5508848419521742, 6.832569528447766e-10)
(0.9479289562440198, 1.6702230407576775e-09)
(0.1629355140056735, 3.1210889235223685e-10)
(0.3447757745895566, 1.164012014562116e-09)
(0.024421762422629514, 3.8130799626216074e-10)
(0.9399310763386368, 2.6102332361810154e-10)
(0.8820404455444997, 8.275156935075301e-10)
(0.30939095609961653, 3.0398177924328234e-10)
(0.94780039248273, 3.0047625341451717e-10)
(0.016603791737373707, 3.049576926168142e-10)
(0.8925190771268867, 6.341808605713328e-09)
(0.2987516969495474, 4.4271880173759785e-09)
(0.7913982524232881, 4.4416428103738554e-10)
(0.09084781607288117, 6.843220625783528e-10)
(0.9617915014069294, 2.9379443603103e-10)
(0.8573318481253442, 5.48324361597948e-10)
(0.48733003449153567, 1.4710551696817233e-09)
(0.8255686185727736, 8.976125759012179e-10)
(0.8341152989399895, 7.139088716023025e-10)
(0.8374308378262798, 1.0033519207781945e-09)
(0.74899239900806, 5.19559097295971e-10)
(0.04591796866269423, 2.659099579676484e-10)
(0.42759793922715, 4.7551919962219975e-09)
(0.7455021690466054, 3.000694541760458e-10)
(0.7221742970233421, 1.832167700516705e-09)
(0.0852747709744924, 7.470800276814631e-10)
(0.6131504221957162, 3.291347370082155e-10)
(0.24170616401951298, 2.0210304565170576e-09)
(0.8876592585487619, 3.245333749077982e-10)
(0.6676565773241873, 3.571522551897067e-10)
(0.06364653970473899, 4.325148959029019e-10)
(0.18396486726244082, 3.5082356935330163e-10)
(0.14247238450824176, 6.981564594322538e-10)
(0.5036336770045381, 7.543725486850963e-10)
(0.8908609466197205, 4.5520482211952356e-10)
(0.2594601776414564, 3.51063139039158e-10)
(0.7435034374274456, 3.3930268339570153e-10)
(0.32167096878424856, 7.785505404792015e-10)
(0.3328135369863114, 3.4768282882743643e-09)
(0.49618603695117747, 4.296256272419194e-10)
(0.5990009581571242, 6.114302184249919e-10)
(0.8220769248540838, 8.673837773090494e-10)
(0.5845034969977765, 3.586665129628682e-10)
(0.03760354464463789, 6.049869682244483e-10)
(0.6023627724639887, 1.2281211600660984e-09)
(0.005967600736767801, 2.3848819132140415e-09)
(0.33045742917470966, 1.9847950165400137e-09)
(0.8210631739530693, 1.098869582215309e-09)
(0.22497586828333369, 7.189635627805091e-10)
(0.5906576494071343, 2.7791629903718236e-10)
(0.21668634033425285, 5.900860948191808e-10)
(0.7117378277207039, 3.360551641552499e-10)
(0.5499608585665057, 3.264893476674909e-09)
(0.6846408602413857, 9.271718902545707e-10)
(0.20219060650582288, 5.628961897980674e-10)
(0.9826684126310982, 1.8789593574493922e-09)
(0.25566430935174894, 6.035995123795833e-10)
(0.050677049411060465, 4.139752085373649e-10)
(0.20727709588542975, 3.6674827859598265e-10)
(0.6332959958963167, 2.8666254709567034e-10)
(0.8666863828194591, 4.4549461586661176e-10)
(0.878145738094012, 3.0990060825177747e-10)
(0.8970624548694924, 3.4542218780942103e-10)
(0.7825566338651304, 3.3178929018601047e-10)
(0.24562162634643314, 4.554501605471146e-10)
(0.8170972883460488, 3.5412753305406374e-10)
(0.43401553879862803, 1.0242931224909535e-09)
(0.49113864670562, 3.089227886877069e-10)
(0.32409232492987977, 4.843946925338902e-10)
(0.9302097779621825, 4.890952398237157e-10)
(0.26223580800444074, 4.895464715526144e-10)
(0.6447255132572348, 5.685877722027358e-10)
(0.342337554053098, 1.9003154725809868e-08)
(0.7661528956391503, 8.325340612487918e-10)
(0.3431779861683056, 1.0184763519551328e-09)
(0.5801291420784869, 4.1789451334581775e-10)
(0.7449132852212247, 3.249417361284266e-10)
(0.3929781875025359, 4.657256334989276e-10)
(0.015138177708579788, 3.006831286492205e-09)
(0.5264366716949651, 7.696051301857541e-10)
(0.8121618761855447, 9.217131073410491e-10)
(0.8916649411528829, 7.062447567491121e-10)
(0.8155580985416988, 3.941978693478957e-10)
(0.7576555930377442, 6.327103268894598e-10)
(0.6415649676575219, 3.117751434741007e-10)
(0.768392570800234, 1.1830648570419326e-09)
(0.49753386557597634, 2.723753389340948e-10)
(0.6802398613845443, 3.7360293033481315e-10)
(0.9569058251747488, 3.083935200945233e-10)
(0.8284398154855269, 6.214344816169226e-10)
(0.7076694769345018, 1.6206608324919213e-09)
(0.9079353657671566, 9.240191521113555e-10)
(0.36573905268601736, 3.694326983224124e-10)
(0.49758126834406835, 9.677395238974044e-09)
(0.7644569807732832, 1.2804790398682088e-09)
(0.7960492918261723, 3.6968022320803054e-10)
(0.3373745622810915, 8.276772103532029e-10)
(0.4860644842014623, 3.0587324241508667e-10)
(0.3838261531986264, 2.941640904227439e-10)
(0.09685714706136875, 4.698649005920091e-10)
(0.7213312156506466, 5.234133883162182e-09)
(0.6655800717572858, 5.266605368576098e-10)
(0.7014860533420135, 8.858585632945148e-10)
(0.6860792343867197, 3.72124053727404e-10)
(0.7488420715609908, 7.011847464202651e-10)
(0.549816465178627, 3.0500027748589753e-10)
(0.6732702382692983, 3.2791971381514557e-09)
(0.34942206921577484, 1.0484298842021503e-09)
(0.18618946862189972, 5.253330820238633e-10)
(0.0598952716676646, 5.299542053263257e-09)
(0.8486215730431502, 9.295354793760991e-10)
(0.6173065565124374, 3.255668080039327e-10)
(0.7359454934620984, 1.0397737467895881e-09)
(0.45404331991872604, 5.743904886286033e-10)
(0.6382468814251866, 3.5037308117851893e-10)
(0.46414579676852113, 2.6598489953534903e-10)
(0.6323807093136378, 2.6170410079458846e-10)
(0.4108395930050336, 6.019784579671814e-10)
(0.9387101724676973, 1.6053459514666024e-09)
(0.29707225795892084, 5.116159764006357e-10)
(0.8539042558701904, 4.047168701955856e-10)
(0.7572174067175245, 1.7601501905227517e-09)
(0.013346198086154348, 3.4581681788690193e-10)
(0.14502051963892282, 4.023926962628633e-10)
(0.5022037884098276, 9.60860894291744e-10)
(0.6860182525554086, 3.419501173781703e-10)
(0.657119204687586, 1.1027768614677655e-09)
(0.6793228908190424, 6.801722342297298e-10)
(0.2678223534519852, 4.940661784796891e-10)
(0.1600011745573258, 9.895633671440164e-10)
(0.19457477626062844, 5.313053847952259e-10)
(0.6159490484127907, 4.4304867848970205e-10)
(0.4745338548648401, 6.231376602106791e-10)
(0.6702895674015978, 6.362972117493984e-10)
(0.6320600756753428, 1.2832256966817292e-09)
(0.26224022407549613, 6.483372200019439e-10)
(0.44556788052738666, 1.094952813709856e-09)
(0.33208505423155393, 6.36318907133114e-10)
(0.7221048708685435, 3.270723057652456e-10)
(0.8275080264332173, 2.233939296805696e-09)
(0.011603006688162696, 1.8206314558753944e-09)
(0.8567872022636706, 3.1533061349132925e-10)
(0.04667687916248559, 4.714385460021426e-10)
(0.06902290709446704, 3.3687580819337445e-10)
(0.8573520465252662, 4.4729892508083846e-10)
(0.36223216487881454, 4.3839188693185276e-10)
(0.3939181463487945, 7.62770516836469e-10)
(0.6301651724943036, 3.792917456337747e-10)
(0.36456466302085905, 4.644524922255929e-09)
(0.0014327307849265707, 3.2006780920880213e-10)
(0.7936691563154884, 3.514904659004236e-09)
(0.40025319264944725, 2.61969151200201e-10)
(0.49335089745617233, 4.350362284034612e-10)
(0.24465667832034454, 4.2568619611878774e-10)
(0.9031946075952905, 2.9811095269426577e-10)
(0.5649013130661984, 1.6673094133354916e-09)
(0.8075019688503239, 3.7084089719082967e-10)
(0.9716958948374282, 7.65806558355412e-10)
(0.9006529838501555, 3.5693814070830436e-10)
(0.7256445247219324, 5.084731020938601e-10)
(0.04391457227938212, 6.300666029126906e-10)
(0.6886017421276356, 6.526757660001615e-10)
(0.2748738914842809, 4.373220363839129e-09)
(0.3125887900018736, 4.0028962593929533e-10)
(0.12311992106276577, 3.3524193065469674e-10)
(0.20614060194803052, 5.356579714361595e-10)
(0.23976082659858916, 3.9692855289651503e-10)
(0.26893402533565663, 2.7971356517211485e-10)
(0.46512075811705766, 1.1150928179601381e-09)
(0.5047343077042521, 8.068212992142138e-10)
(0.1710223651783928, 3.175740407838043e-10)
(0.42275614373959997, 5.397807451213529e-10)
(0.29238394617591285, 5.779832864023227e-10)
(0.43261650221357945, 3.120838003367313e-10)
(0.4041931972468803, 2.657383683828635e-10)
(0.3824282508414126, 4.0834731824776764e-10)
(0.16309149337447504, 3.1334765795139625e-10)
(0.38843969278243423, 1.9822359940824996e-09)
(0.6976087001034063, 3.6621495289337066e-10)
(0.6780715723349297, 3.1861373398671635e-10)
(0.7587085824082227, 2.766902351237741e-09)
(0.9211539394743736, 3.0473714282205296e-10)
(0.9947406155125218, 3.6858903511218147e-10)
(0.9997068428681726, 1.6859693594726607e-09)
(0.17532797358526697, 3.835876601025175e-10)
(0.8201607634120762, 5.671823746001102e-09)
(0.48886665655673706, 5.709925512649374e-10)
(0.5144121337203316, 9.891102742581158e-10)
(0.1987783233293414, 5.202985108187899e-10)
(0.6903248485846316, 4.6057857900787115e-10)
(0.4311074600563647, 3.7288220024005033e-10)
(0.2764875036375649, 3.3005628910432957e-10)
(0.021543619267043925, 5.217355145443679e-10)
(0.48009070986384916, 9.428445818864375e-10)
(0.10416108916953132, 1.8860281531494974e-09)
(0.8221943831090374, 4.076533866525884e-10)
(0.23736909058078592, 7.134355212514788e-10)
(0.501463091768042, 4.330813990935267e-10)
(0.4209591544127252, 1.8501267972126856e-09)
(0.7830359885293678, 6.698492976881272e-10)
(0.10464839663916826, 5.9194582620016955e-09)
(0.8504138836290223, 7.510935802721467e-10)
(0.5972444614879121, 1.3331524961772252e-09)
(0.7699946708728548, 8.148162906016656e-09)
(0.5465907348739707, 6.864377168227158e-10)
(0.26628546550162535, 2.7334245345188685e-10)
(0.9632458538844387, 5.742531744977599e-10)
(0.9152290093367219, 2.7163617699470756e-10)
(0.11269303198206436, 3.9749828149904143e-10)
(0.08512527893829887, 2.512323000908354e-09)
(0.30280570082854663, 4.4280037204088645e-10)
(0.8498042449472077, 3.765624487856205e-10)
(0.9752575341282359, 5.158488219960769e-10)
(0.07388513451902924, 1.669300148199198e-09)
(0.7352017517182389, 2.926100229745287e-10)
(0.09964692415543352, 2.738616348685446e-10)
(0.3382738776716712, 2.913815594980405e-10)
(0.7047784790670883, 6.879142700108389e-10)
(0.5907211750513024, 4.1537211810802734e-10)
(0.8222900064037955, 1.9942803918918458e-09)
(0.7283191707650373, 9.289311004108714e-10)
(0.5040201307361614, 8.747244516180995e-10)
(0.7953021169606352, 2.8201752054757825e-10)
(0.1368689889622941, 2.6431249973398384e-10)
(0.977165697962661, 3.925879775786672e-08)
(0.05109010784269464, 5.327024593118036e-10)
(0.6859053696136727, 7.862099237442911e-10)
(0.13681372663241487, 3.3064982757682584e-10)
(0.2581809514313494, 8.695331277364471e-10)
(0.1106363138532266, 3.587734990510386e-10)
(0.021170559026533697, 6.985402931067914e-09)
(0.6134027644131825, 1.0901907313811289e-09)
(0.6640926222295073, 4.725710175667666e-10)
(0.09407955591616445, 2.8259375840364616e-10)
(0.721088295337223, 1.565822501526063e-09)
(0.18992333649133034, 6.957240774757107e-10)
(0.7253173389303612, 1.8127823415160927e-09)
(0.5383700500414261, 5.810097512906808e-10)
(0.5919905103710873, 7.1273519421772764e-09)
(0.07927800022085889, 1.0737879336472926e-09)
(0.2987343343749063, 2.472256394669025e-08)
(0.8776226271356208, 4.140189726794471e-10)
(0.8280928080763065, 3.617093824593934e-10)
(0.31328752761927353, 1.9125506401410967e-09)
(0.32587586177376804, 7.268518378829514e-10)
(0.6598282189741657, 3.421201651295657e-10)
(0.5028324432845568, 3.961316033235324e-09)
(0.7063613987539891, 3.7701257509755574e-10)
(0.6513542021472101, 3.2209441238712927e-10)
(0.4609111204618562, 3.197848255727096e-10)
(0.4556222313663772, 5.839991456061905e-10)
(0.5726428560408608, 6.344895684411808e-10)
(0.26364248294670545, 5.774124978594596e-10)
(0.7248085702401497, 4.3201168626657104e-10)
(0.5857241228075284, 4.277259792996022e-10)
(0.7012902268972697, 2.6204290480642167e-10)
(0.9380686051771053, 8.45757469349048e-10)
(0.3927833242206515, 1.2381577179071848e-09)
(0.5427200062480332, 5.77506123781265e-10)
(0.221969491194861, 4.101101913818042e-10)
(0.3733505142483451, 3.1732710769813857e-10)
(0.8096256191057839, 1.245137091309979e-09)
(0.2653968717195042, 3.0248848692423286e-10)
(0.6472608932920085, 4.408301823513114e-10)
(0.20169669594041653, 5.840842154659538e-10)
(0.49558081154834466, 6.510401878602586e-10)
(0.5156904241166731, 6.949061524271538e-10)
(0.9096109179121379, 4.0836383389285514e-10)
(0.43989141992330066, 1.0734228039139416e-09)
(0.035303042597065945, 7.762536826386766e-09)
(0.9470482396930583, 3.729800044441403e-10)
(0.03042720208305552, 2.4791200344777164e-09)
(0.4904410461547944, 7.800004649696809e-10)
(0.14624478477849423, 2.763825668092532e-10)
(0.46953791360060276, 2.839128593892278e-10)
(0.6860946094942096, 4.401280639114034e-10)
(0.16288346298179954, 3.283900499816484e-09)
(0.39627168571724203, 4.242473199453022e-10)
(0.3572488029645971, 4.5963664051900703e-10)
(0.8964526812111023, 4.699056068913505e-10)
(0.6584895250839926, 2.7100881498201277e-10)
(0.68331729574158, 3.247774514120124e-10)
(0.6919240346467295, 4.474301594107883e-10)
(0.8741746132133719, 3.06695060096109e-10)
(0.7831317171715247, 3.045137750451812e-10)
(0.8685095822074254, 6.228676485298209e-09)
(0.3287602439006389, 2.9817448447109114e-10)
(0.21131756703003188, 2.6343968833892867e-10)
(0.7046333148210335, 3.1186939515067754e-10)
(0.9223023576439727, 4.3961155820573236e-10)
(0.3199135307660989, 3.1677427310652325e-10)
(0.4544869102636832, 1.1598821301128605e-08)
(0.245802804182031, 4.6360588445153767e-10)
(0.35198656960497965, 2.843748809446189e-10)
(0.995493261589559, 1.9434201003882305e-09)
(0.5712929406471703, 6.028828131271201e-10)
(0.3568554984139251, 3.092974033280354e-10)
(0.4294291700743882, 4.5720280181910194e-10)
(0.16170477921638762, 2.71444827583473e-10)
(0.7309058689844762, 6.356788184746665e-10)
(0.8540876473805226, 2.884767526229216e-10)
(0.7414569140225095, 9.622564521853608e-10)
(0.7415729506239551, 6.929484464912916e-10)
(0.780620575008058, 3.6277492166530263e-10)
(0.1399239282030021, 3.3745274260173693e-10)
(0.014081840662459865, 1.1507839525803956e-09)
(0.3780105949176941, 6.99484764173485e-10)
(0.7298936130516454, 8.950027078632213e-07)
(0.8202566403744861, 5.580960017431709e-10)
(0.28590173093596827, 5.849710243799986e-10)
(0.17869623552525896, 5.052128374803152e-10)
(0.5463820183961287, 4.91924847776381e-10)
(0.430536193247835, 3.8151433046552873e-10)
(0.0921639818476509, 2.2308999954136196e-09)
(0.4762856682243148, 5.150804658168917e-10)
(0.5528701500150217, 1.867771262300914e-09)
(0.4019311610556714, 1.0044464243825069e-09)
(0.21628921416755179, 3.156630052678713e-10)
(0.06465598652357553, 1.1663630601002118e-09)
(0.5774799705604929, 9.072932159764691e-10)
(0.12855652775342158, 2.539429453666774e-09)
(0.8110649964183744, 6.373604362735723e-10)
(0.5891494698555045, 9.76650391097602e-10)
(0.9510498086079566, 1.4020816854666707e-08)
(0.4214714220076936, 1.2214702566179615e-09)
(0.4417363642522847, 6.253646669291882e-10)
(0.9752421737705314, 2.794502210553991e-10)
(0.275791546903387, 6.676920294214201e-10)
(0.4739741789294036, 4.669372387759848e-10)
(0.44065812801139853, 6.846837343119245e-10)
(0.04142747236581642, 4.983370627038741e-10)
(0.45346519193601664, 3.3544238643517285e-10)
(0.22186433546909176, 3.6477366782237785e-10)
(0.2207729369356237, 7.481090202355926e-10)
(0.2837237470097905, 8.250506896284238e-10)
(0.6826106061742595, 3.9961131056753355e-10)
(0.9441988337009574, 2.9226399343973925e-10)
(0.625588497886793, 4.294298782297493e-10)
(0.7433357368523197, 6.86599791073462e-10)
(0.41790517355656737, 4.0311429698990763e-10)
(0.9313677030247585, 2.8939765316768663e-10)
(0.88383230971783, 1.288849867741118e-09)
(0.7132915187297035, 3.2255517442346616e-10)
(0.17605510258560003, 4.931562974819431e-10)
(0.37596190899446985, 3.1839665901437963e-10)
(0.4587145221814703, 7.072640427004932e-10)
(0.9370516951642865, 3.4180228118879108e-09)
(0.47554678025629865, 4.302978337468908e-10)
(0.8910747319756804, 1.1298658657939205e-09)
(0.1790564098484614, 1.9205869998153453e-09)
(0.25467506740334833, 1.9903962562610232e-09)
(0.979929549425274, 3.638186710783577e-10)
(0.2660152765118167, 3.1931850983339664e-10)
(0.7195891879834333, 5.01244809812057e-10)
(0.0737254328851301, 2.8549990396387365e-10)
(0.45141863307192587, 1.0125820751333871e-08)
(0.8986463729541467, 5.854260226496042e-10)
(0.907359998271286, 4.949833710084151e-10)
(0.5711151093842589, 3.561671146039061e-09)
(0.6469059330105726, 1.2559433653583358e-09)
(0.4252119284562971, 3.463298405403151e-10)
(0.8707252266228444, 3.097720755757388e-10)
(0.10100759556039719, 3.6615642653358996e-10)
(0.7387370452240154, 4.061749694195039e-10)
(0.1842415336540527, 2.685317714898109e-10)
(0.6110302799080526, 1.533233876863088e-08)
(0.3541036979003569, 4.693479089457253e-10)
(0.4212146069886439, 2.631708246049911e-10)
(0.5812196060456506, 2.8856323556329446e-10)
(0.341887383930888, 9.638418739907392e-10)
(0.826153086263424, 2.0900632247151276e-09)
(0.6041082048110353, 2.8962616016266834e-10)
(0.9587846130089646, 2.6361240886714225e-10)
(0.5324119381504148, 3.9731005022720295e-10)
(0.12742966201561148, 4.028066448727744e-10)
(0.9191974890332717, 7.551737519898418e-10)
(0.20453901356688062, 4.421003123838129e-10)
(0.2640395320704767, 3.1306376453866004e-10)
(0.10856508842881246, 5.855101185163154e-10)
(0.7865645306620166, 9.327617070524361e-10)
(0.8725536716426825, 6.89216922981749e-10)
(0.45710817187368813, 3.159912066126898e-10)
(0.4045471542898838, 1.203772934571856e-09)
(0.24019303291485425, 2.91542562048206e-10)
(0.5221674668348097, 4.982396595695505e-10)
(0.9795200933914061, 7.423693190184748e-10)
(0.4157834004359832, 2.1089781663760165e-09)
(0.8796588450416748, 4.6384760885493254e-10)
(0.01204235784917976, 2.892984450008798e-10)
(0.4191304156787146, 3.708328910041926e-09)
(0.12734368552311284, 7.40812009108634e-10)
(0.7626322474319335, 6.948717796578671e-10)
(0.3367857221712655, 6.994765827614615e-10)
(0.21832697984497482, 5.360256015002399e-10)
(0.12363708521519785, 3.623565561566143e-10)
(0.34886528680687967, 3.7033498184121844e-10)
(0.8868791920960832, 6.944904964498286e-10)
(0.8994073443597204, 3.5283672537484737e-10)
(0.9192290120361568, 2.981639345791163e-09)
(0.9576533499589112, 9.575408074926568e-09)
(0.2056788656383182, 2.6181755111777555e-10)
(0.8275486474560768, 2.483770514031183e-09)
(0.17454250698119889, 5.492610681399236e-10)
(0.9129854664367923, 8.542036981851102e-10)
(0.3961579898919927, 4.895339818618173e-10)
(0.1016863195428195, 3.6183076341568694e-10)
(0.8794676745841702, 9.054120970373048e-10)
(0.24507922437323415, 3.609704928768782e-10)
(0.15985724665062626, 2.98200990872507e-10)
(0.023418766430671156, 4.898833091827865e-10)
(0.028706445191394255, 3.558452742372396e-10)
(0.9574206202234704, 6.075267847164775e-10)
(0.9825116992924082, 4.3736357168656906e-10)
(0.1939655945396673, 4.32691789199071e-10)
(0.3914643692834983, 9.774523113249687e-10)
(0.3020441649471633, 3.5739127626584725e-10)
(0.5876697656778082, 2.813561442312212e-10)
(0.1262010588304369, 6.046454940558983e-10)
(0.35086076055586346, 4.540756807769306e-10)
(0.9310028258283375, 4.773244399096912e-10)
(0.04484421445377677, 3.6359298992618076e-10)
(0.23921910653619038, 7.044365443377197e-10)
(0.35097804959495693, 2.698937572595467e-10)
(0.565904409769043, 1.3684405153848954e-09)
(0.5538015918162564, 3.528179615781824e-10)
(0.6137116106365083, 2.6825127448748553e-10)
(0.5580763140898926, 1.5867984528991504e-09)
(0.3334121648544254, 3.6688989614573937e-09)
(0.24895271399822347, 3.783479196857778e-10)
(0.5550214310637197, 5.613277133511691e-09)
(0.7136865007740156, 9.898267961222756e-10)
(0.1950677630845986, 2.574152160147905e-09)
(0.06102423296153035, 1.029684528373307e-07)
(0.012454007586151073, 6.617436054515209e-09)
(0.5291261737269652, 3.122387412852805e-10)
(0.6590385348677421, 2.8026356239656083e-10)
(0.38432533149661996, 6.352200397735147e-10)
(0.13687439086921058, 2.619577804975179e-10)
(0.5994418408501043, 7.368824929656962e-10)
(0.5370936234252717, 2.3720141965882978e-09)
(0.9126565366863859, 3.9052593971334103e-10)
(0.564058511071319, 3.4664973506868716e-10)
(0.1842701638752213, 2.953098001549997e-10)
(0.7080665073884357, 3.5783015914518564e-10)
(0.4213418880074417, 3.3412626075671977e-10)
(0.6216340020291546, 3.3769478415128567e-10)
(0.8562544791054307, 1.5493906281845463e-09)
(0.5950751791747972, 7.658717601353223e-10)
(0.002435192710853196, 4.3260368672383945e-10)
(0.4673234619211662, 4.143343317101283e-10)
(0.9739783097469951, 1.9120314404129363e-09)
(0.35972857119541857, 5.772784318645014e-10)
(0.2971171328877711, 4.253231985308036e-10)
(0.36585253696295406, 3.201162653631259e-08)
(0.5427440213129974, 4.538885541315021e-10)
(0.06442533565607951, 9.416846268417938e-10)
(0.9751364774155582, 4.1836102380011016e-10)
(0.5080293782144432, 2.818912096965522e-10)
(0.9805547054237377, 7.395151852911737e-10)
(0.6070745498109762, 7.408208519151068e-10)
(0.007086910645619902, 3.3222658166643296e-10)
(0.7007803854639498, 1.5776870192081335e-09)
(0.1907364607626296, 2.6543977466789943e-09)
(0.8270369294713104, 1.2803957893077153e-09)
(0.5232607946817586, 2.6899455482258407e-10)
(0.9117478510437226, 1.3792531605899642e-09)
(0.12455681383644122, 6.664220078893726e-10)
(0.6469962383679182, 3.1630064836978923e-10)
(0.12087770405985002, 4.060281127557118e-10)
(0.9746219358143482, 7.835459532013715e-10)
(0.9878304239516662, 1.6536789832224473e-09)
(0.49773347854615463, 3.5248207764439167e-10)
(0.9277753426345523, 1.0032257322116819e-09)
(0.24049038376248677, 2.850321584493339e-10)
(0.32561479343743377, 1.134086721368771e-09)
(0.7529882438583956, 3.8432909751174686e-10)
(0.36659460873385186, 4.845858185926924e-10)
(0.25020018207359396, 9.095077034736435e-10)
(0.9187693926643271, 4.3510577579983465e-10)
(0.0094890062018639, 2.464010451635095e-09)
(0.8427840153560519, 2.79719123946296e-10)
(0.5404066484300144, 5.081654012665069e-10)
(0.44504651465747586, 5.705475117657379e-10)
(0.4817706467155901, 4.2694739040113763e-10)
(0.5422146907099697, 1.0094823109363937e-09)
(0.7636808996525783, 4.1428408569770295e-10)
(0.6875487745394168, 2.7089083918337907e-10)
(0.7359260671268923, 3.6026895710884686e-10)
(0.8898510605120553, 3.482238613745623e-10)
(0.12406662362651834, 1.471137828719204e-09)
(0.21434968113745342, 6.335237715905897e-10)
(0.18003466431058607, 4.1130462722457683e-10)
(0.44498940398089326, 2.81571219003711e-10)
(0.22092738877937476, 5.053367830361349e-10)
(0.7560127781381616, 4.2527214401946187e-10)
(0.38171219607865464, 1.0443098241682157e-09)
(0.33622793036885334, 7.576369955776889e-10)
(0.44144885853357335, 2.087610231131139e-09)
(0.9856601992441087, 3.437296627612895e-10)
(0.6523472376406072, 2.6622303334101175e-10)
(0.5038831073355667, 1.2429084162104827e-09)
(0.34893018798085246, 3.344651150406936e-10)
(0.2840274361740813, 1.485715673590621e-09)
(0.935097763760426, 8.409676213873338e-10)
(0.6195234165382022, 3.2886302686952465e-09)
(0.13556459821245892, 2.1032861002228963e-09)
(0.212212989680594, 1.2239815833427359e-09)
(0.4840347398913525, 3.971469420339013e-10)
(0.04052723352538805, 9.06005821430006e-10)
(0.3189623900387445, 3.954894285010213e-10)
(0.5024149924071613, 5.90436340542395e-10)
(0.7733926603858752, 3.4547110532317875e-10)
(0.09114224746986307, 3.499078106971461e-10)
(0.6986705186058206, 3.046735353873316e-10)
(0.058025578931177026, 1.7787505052438979e-09)
(0.4547244996533157, 1.145375394409889e-09)
(0.6029443469062488, 2.911136148389574e-10)
(0.13750223772690867, 6.229349758123434e-10)
(0.6782877360527301, 3.4014991484407174e-10)
(0.7243208696202026, 5.947450286583689e-10)
(0.9331979519786486, 4.0645598751854216e-10)
(0.601783632250576, 4.170144245865235e-10)
(0.3793993378111415, 3.682392566199751e-10)
(0.9545214940549172, 3.393903920169776e-10)
(0.5175792342521672, 1.6446476844857383e-09)
(0.5341299945594147, 4.80200759663152e-10)
(0.2608757523074857, 3.464472484372258e-10)
(0.4329219797759088, 5.045848544390474e-10)
(0.1405508702188923, 7.255844053319832e-10)
(0.6049051692911487, 1.2961205894312184e-09)
(0.11374221348460478, 1.1558258871410545e-09)
(0.04708594841150239, 4.628888013613332e-10)
(0.23215373453426882, 3.253064292639054e-10)
(0.8158839892030413, 2.9974463736538263e-10)
(0.8871189081458369, 3.3138940447635907e-10)
(0.810773256426248, 4.5038636011600743e-10)
(0.33652459670526697, 4.1860854456554147e-10)
(0.4018357006976896, 3.5190108470509183e-10)
(0.6326848383178879, 3.429232997770382e-10)
(0.08240380180473691, 1.0418919881593306e-09)
(0.46963009772334735, 1.91092185334937e-08)
(0.5182359229417816, 2.756156186666761e-10)
(0.44228945988482554, 4.234718612531492e-10)
(0.361921573456644, 7.807282564103115e-10)
(0.5264013373816382, 2.257457777449186e-09)
(0.15839761525133342, 7.014009065301601e-10)
(0.45918220632116075, 7.204316295459859e-10)
(0.31549914024210507, 2.8646323415284406e-10)
(0.8463790283997781, 5.759629874863563e-10)
(0.22018484307463276, 2.9946244924730103e-10)
(0.7309548250783502, 3.39719111171679e-10)
(0.70288301238207, 1.5137472717682064e-09)
(0.4851392599766192, 1.0603726729287354e-09)
(0.8681961486136182, 7.164704237245375e-10)
(0.35301978709133586, 2.6250465153975815e-10)
(0.11961150086095325, 1.6994716417831419e-09)
(0.8209306468661385, 1.1873326784563532e-08)
(0.7590614278198216, 6.158648856320761e-09)
(0.6511214597701895, 3.3758434969340005e-10)
(0.38331652468196015, 2.709125044855277e-10)
(0.3953525065293469, 3.086700595869274e-10)
(0.24212654040316808, 2.622301909148217e-10)
(0.918162140536673, 1.001429396882074e-09)
(0.22226375776527965, 2.0189602397108384e-09)
(0.4250405465909378, 5.876716733839191e-10)
(0.08530202727111869, 5.002430772085024e-10)
(0.7676161453795616, 8.840687533667932e-10)
(0.5349929097653797, 2.7944530659636064e-10)
(0.40387360519688403, 2.7700100903498274e-10)
(0.09948618777081393, 1.4132896154626285e-09)
(0.9574989661471639, 2.7678808360177084e-10)
(0.8673231061310499, 5.8659294951813157e-08)
(0.7419557506043323, 5.062252876646077e-10)
(0.2564315285275128, 2.8226295736020333e-10)
(0.20193979552399893, 8.934746059911355e-10)
(0.46682328421748603, 2.656486697400058e-10)
(0.5517137914040375, 7.378565207754453e-10)
(0.578871120879974, 2.9329720971019245e-10)
(0.6188678659648428, 4.743209290734464e-10)
(0.4704597841927458, 1.1995349261546254e-09)
(0.6041522838741823, 3.507597935863686e-10)
(0.24448391258726407, 4.41498223912828e-06)
(0.9356247685885044, 4.918331614152517e-10)
(0.3635704115153159, 7.381341008969819e-10)
(0.9467356024238067, 4.832036088318395e-09)
(0.6406884855937323, 5.879087657700834e-10)
(0.5315530798419411, 2.69632949941887e-10)
(0.5461847183547934, 8.477985461317568e-10)
(0.009630676849288635, 1.915659511526133e-09)
(0.32063797049246207, 7.075282155957516e-08)
(0.8271869595366347, 3.595996761525385e-10)
(0.90982081115187, 3.883684900135575e-10)
(0.3436509407710084, 3.2096975849162276e-10)
(0.5254511900867971, 3.7487441038240815e-10)
(0.2477751217308856, 5.971400880476329e-10)
(0.7793037711635854, 2.7588905904683313e-10)
(0.15076798140496053, 5.666528999694551e-10)
(0.3113852220456927, 5.076144407933746e-09)
(0.16634816465402616, 2.709842973297734e-10)
(0.6507059439725843, 2.7863613718398825e-10)
(0.09153784713497062, 5.282013576283878e-09)
(0.6698278788866402, 2.7357161315232705e-10)
(0.8862202451860133, 1.6221969478002409e-09)
(0.6170477748239002, 5.496973117440674e-09)
(0.5430755634284197, 3.3048129868861697e-09)
(0.00287738778926535, 5.377580372095046e-09)
(0.6823583268504692, 4.992021408494807e-10)
(0.1792380723881653, 3.9682806679174287e-10)
(0.5977596149815267, 2.753009158147607e-10)
(0.3789612988274245, 6.660155796128126e-10)
(0.9469341917873281, 1.092526335649555e-09)
(0.932003940078705, 1.6934664266896507e-09)
(0.28608068282418425, 4.4876884297892104e-10)
(0.4197875819838394, 9.181247904019198e-10)
(0.7302642399774864, 3.4515033245699625e-10)
(0.4590574339190281, 5.186142301397101e-10)
(0.3575637094069237, 5.250578176091025e-10)
(0.9365268664154929, 1.2679436219141238e-08)
(0.8173676641962163, 3.231426726749044e-08)
(0.4489490176556072, 3.760776638527794e-10)
(0.8993711755362654, 4.090268375447767e-10)
(0.7646328837480723, 9.708716725416155e-09)
(0.0586550323307448, 3.209655303434601e-10)
(0.340041812572258, 2.011376873815114e-09)
(0.4802109675152563, 8.946224774382291e-10)
(0.8254753252385311, 7.29139342194704e-10)
(0.14220983593368244, 3.685849322140722e-10)
(0.7131332234939509, 3.506225133977794e-10)
(0.36002227422493727, 3.971984926535981e-10)
(0.5908703677728334, 6.963376806790255e-09)
(0.7867756916360883, 3.674574875840513e-10)
(0.5287300932179058, 2.772729928969136e-10)
(0.4610011628743374, 6.7909825544623594e-09)
(0.35290756116179506, 1.530802924274593e-09)
(0.3109548279376537, 5.761578090237308e-10)
(0.10008287739877952, 1.5144351058696472e-09)
(0.7505056234981223, 2.705237349182205e-10)
(0.39964886600223476, 3.0989025634060945e-10)
(0.3485164704497908, 9.146125493941849e-10)
(0.07622094555439793, 9.968789332926273e-10)
(0.989655837311624, 4.6230387121826195e-09)
(0.895848432087711, 3.284624249224311e-10)
(0.09342575633276198, 6.965016912666004e-10)
(0.9316677762386101, 8.721521472884187e-10)
(0.2634485685328754, 3.3243521346994487e-10)
(0.017878633886617742, 5.931039752121355e-10)
(0.839018238430605, 2.793930294273485e-10)
(0.5828093494809031, 5.675144478716008e-10)
(0.2947058926111101, 2.6448279966469475e-10)
(0.7854224676207068, 1.7506949632982126e-09)
(0.9133350844032776, 3.77578706347539e-10)
(0.6321222520488083, 5.702655801899356e-10)
(0.7970902065145297, 5.541864663817676e-10)
(0.25345470513475493, 3.7368504170075454e-10)
(0.5685002552542561, 2.056956219293551e-09)
(0.30737854151165095, 3.1581975317154905e-10)
(0.8743825494607553, 5.948705110126066e-10)
(0.21529356744705122, 1.1405063404478492e-08)
(0.6176642217581318, 4.558725514481061e-10)
(0.17413232992146832, 3.0972516078813425e-10)
(0.6717882063685364, 5.511998744029839e-10)
(0.5344177529246781, 2.6834512365406496e-10)
(0.9464992905313931, 8.130979690935565e-10)
(0.6992734120609014, 1.8502552727598449e-09)
(0.11807172805605418, 6.742495501415961e-10)
(0.23107523341959377, 7.784751254772817e-10)
(0.7745755437219684, 2.920003103758499e-09)
(0.6801035440042944, 4.953869549446032e-10)
(0.4790783440845768, 1.6195158173929705e-09)
(0.9180537325571098, 4.0387459192970504e-10)
(0.7170868448548358, 9.144494069834228e-09)
(0.6251959460108035, 3.177155285605863e-10)
(0.7222093509821461, 4.288744064763959e-09)
(0.5958671597285671, 3.5104888907906985e-10)
(0.7661788305209981, 5.774296236511758e-10)
(0.7562061830929563, 2.424922883822101e-09)
(0.7906748683436408, 1.2895042229483675e-09)
(0.5725985105126654, 1.4164598749022077e-09)
(0.8603134815469851, 2.8596733506180126e-10)
(0.5799690407287904, 3.510550986406686e-10)
(0.055340759701034636, 2.824311643336794e-10)
(0.19658017950495243, 2.833586086365388e-10)
(0.4149695887210527, 2.672959690945231e-10)
(0.17222821321160559, 3.1642590594043644e-10)
(0.9948604474299717, 5.814401441651681e-10)
(0.05298458145129303, 5.03535815774514e-10)
(0.40499947086009264, 3.41043120605185e-10)
(0.04399068252630327, 4.21655873357e-10)
(0.11418358517072281, 2.2933035867095773e-09)
(0.9415691208488816, 1.7802429305008333e-09)
(0.9517058836437486, 3.2126086663432356e-10)
(0.002519163649063392, 3.192092790167096e-10)
(0.6621385188643567, 3.029956819789074e-10)
(0.49929391047184124, 5.624774479220711e-10)
(0.600603495983852, 3.702322618752876e-10)
(0.5269855905041391, 3.4824148584884445e-10)
(0.522250254292092, 1.4040192943733066e-09)
(0.35126332679165456, 8.055985384402083e-10)
(0.7800512874959881, 6.247136293563058e-10)
(0.18550523161726265, 3.291145026351909e-10)
(0.3537269908626199, 4.957953136375782e-10)
(0.8665004977651015, 1.4229901479496342e-09)
(0.7245044392032315, 3.198558242451335e-10)
(0.8532982660020841, 2.1328591364108343e-09)
(0.3958924552032713, 3.6856575470715895e-10)
(0.8421705097072011, 1.2055624553463823e-09)
(0.7146835330663837, 2.813104687495825e-10)
(0.04853946067788046, 3.824005484896263e-10)
(0.8662793614801768, 3.099419135021017e-10)
(0.5553482103415991, 3.642377651053485e-10)
(0.0643445185690678, 3.9975047811599504e-10)
(0.8500225575264126, 3.1310018074817976e-10)
(0.5267366112153808, 4.714718321982885e-10)
(0.7159452170923717, 3.6877986406676864e-10)
(0.4773565755587578, 3.46058737353906e-10)
(0.7509941439386886, 2.9149033073554903e-09)
(0.5446770428734883, 2.83536483046037e-10)
(0.588410287923323, 5.848018880579793e-10)
(0.7423111432807292, 3.5723914659402265e-10)
(0.9450520799706921, 2.8294564895343067e-10)
(0.4191529050280371, 6.747108227224851e-10)
(0.1308261549747372, 1.3192108290765023e-09)
(0.19588285995286545, 4.1152911627212635e-10)
(0.4449005045162054, 1.2859787447083829e-09)
(0.2581224473522913, 4.160902894975282e-10)
(0.7271166738730901, 1.1295522717990596e-07)
(0.9528796820472211, 2.9590280295151763e-10)
(0.168838995855674, 4.650408615361963e-10)
(0.7128024613893991, 4.022601271513409e-09)
(0.6359177404960469, 2.776431426647505e-10)
(0.9212214291538251, 5.497545379567117e-10)
(0.7841753361162979, 6.690285385696609e-10)
(0.36516062826777074, 4.3205058936966993e-10)
(0.11070736871023133, 4.057753198303816e-10)
(0.3815666110395207, 6.115650766799034e-10)
(0.7782570407168988, 7.219845939829086e-10)
(0.9170883558254106, 3.785418138756024e-10)
(0.9485766086035339, 2.9101188167626317e-10)
(0.20832195680603652, 4.75880961513219e-10)
(0.3013152510327116, 1.359963480358597e-09)
(0.851205816305082, 2.193154681035642e-09)
(0.7048785488683704, 2.6677466815013797e-10)
(0.3118189237587226, 2.897352481782379e-10)
(0.6344276882091159, 5.589358104437071e-10)
(0.1323698376854828, 4.397433083060663e-10)
(0.8106025134303396, 1.2947978196355522e-09)
(0.03333950476939747, 1.2288034625613412e-09)
(0.8736451813153944, 6.591181795115153e-10)
(0.6843542993782881, 2.1259467985871506e-09)
(0.09175462385174331, 5.4243624220720276e-09)
(0.3284203571392788, 5.625467763001592e-10)
(0.4383837526826425, 2.7909691692880164e-09)
(0.028712814141109103, 2.931583375477603e-10)
(0.3270794985383152, 5.3994575985691905e-09)
(0.5339458612180478, 3.287470775248252e-10)
(0.05649080846833608, 7.0788807353473e-10)
(0.8328176726671547, 3.7295090746933703e-10)
(0.9890864127780118, 2.9626024893544574e-10)
(0.09161974597489761, 6.6158971560784604e-09)
(0.35882083466091325, 4.594181719584498e-09)
(0.36735139544414547, 3.495271885523015e-10)
(0.6391375539855458, 1.6761066758163275e-09)
(0.7173519003497463, 7.985141558119333e-10)
(0.6174514316093185, 5.013820034802654e-10)
(0.6207830865927031, 7.642769049223119e-10)
(0.9492792735914307, 3.2106206720774234e-10)
(0.35565663304797396, 3.118994842166599e-09)
(0.16518163157395938, 2.966258629237807e-10)
(0.3678263865711537, 8.32617610720737e-10)
(0.10862099258559464, 1.4481132955511676e-09)
(0.30661801968893654, 1.1355019352188442e-09)
(0.6785552660434989, 9.433746856485864e-10)
(0.5996515516674094, 5.59902759775446e-10)
(0.6349029033488002, 2.864171096529469e-09)
(0.6980466426937713, 2.8043921253081834e-09)
(0.14505790461622994, 2.8051859438221237e-09)
(0.763577768359622, 5.764598626770081e-10)
(0.0074939502886550175, 3.3451038067498166e-10)
(0.2213852198266702, 6.081284192576099e-10)
(0.9359203180737632, 9.912888362127461e-10)
(0.2465113671667959, 6.201020731115441e-10)
(0.6171188369291218, 6.158224356783834e-10)
(0.6269910157278069, 5.047974333725325e-10)
(0.354990526346499, 3.8220691956565216e-10)
(0.031210113327289075, 1.2469678910889779e-09)
(0.3324830256314351, 2.041974579624519e-09)
(0.2816166597145545, 4.1295807306668643e-10)
(0.5466312411449714, 1.9501599829462094e-09)
(0.48804213675319025, 1.1612180964499702e-09)
(0.9310719343601476, 5.042716195683653e-10)
(0.2853727487580217, 3.0214813409969316e-10)
(0.24483026891307733, 2.668955415378508e-10)
(0.1556025276933274, 1.4841794981182365e-09)
(0.5179529600732405, 2.628274429476343e-10)
(0.9464294196634591, 3.0098440014609476e-10)
(0.3965715116844338, 7.087302478348499e-10)
(0.4182554094840904, 3.8155530094717006e-10)
(0.8888562334892295, 2.846216590528328e-10)
(0.9953324840650961, 1.4896349367704608e-07)
(0.9537879874410812, 3.5661838234600517e-09)
(0.3325365697924567, 5.900333318025567e-09)
(0.033501218244739915, 3.124474222150869e-10)
(0.32538676205133754, 6.875271108593247e-10)
(0.2153256021630465, 1.562227992936997e-09)
(0.3267826515013485, 8.741722806030983e-10)
(0.960520708685339, 2.690664534784097e-10)
(0.3336769783358256, 3.6732832569524747e-10)
(0.30926647720803857, 1.3336307093046364e-08)
(0.9398695758888905, 9.333605591634014e-09)
(0.3754785639639882, 2.6798202696430085e-10)
(0.5756088785554379, 1.3913542816664532e-09)
(0.8453890164349925, 3.0437251608929036e-10)
(0.03929525520583026, 1.7299061194512488e-09)
(0.41818777624659714, 1.4397617443943007e-09)
(0.17369061698545915, 4.5833349103926863e-10)
(0.7243169448769431, 3.922926808758242e-10)
(0.6694967981959608, 3.322207170411673e-10)
(0.41822493115758946, 1.1511047955783196e-09)
(0.4355047615588383, 2.007062264209868e-09)
(0.6934360941928259, 5.214701053390393e-10)
(0.3315797793111189, 1.5073890797860205e-09)
(0.06314892862864542, 3.826965520188389e-10)
(0.9740161254238073, 5.229856691212388e-10)
(0.7930815526974989, 1.2476969278239706e-09)
(0.9046032131961762, 4.2887446692084917e-10)
(0.0537980590709936, 5.184321456637774e-10)
(0.03299753359821613, 9.362200794657785e-10)
(0.019415510146311522, 4.250393129763381e-10)
(0.5011026962824109, 4.774759749413758e-10)
(0.014757942952352377, 5.973658736144684e-10)
(0.9307653661740657, 5.764335331410987e-10)
(0.43799037753420433, 6.054014181314806e-10)
(0.5734834938433485, 2.9168219156653434e-09)
(0.3316545480784633, 3.267997755885626e-10)
(0.9904773735230524, 2.2794974889353028e-09)
(0.09230026117397377, 1.1790104360952666e-09)
(0.9829668793813329, 6.104590065142017e-10)
(0.4809400598831678, 5.835101030261441e-10)
(0.40626736935875574, 3.5033285773481634e-10)
(0.584337445193855, 4.5440464684616276e-10)
(0.4128922597031135, 4.2921169428701773e-10)
(0.8182950684249563, 4.229563013003364e-09)
(0.29540373681950544, 5.796380180788817e-10)
(0.8614144474325546, 3.7320328921459344e-10)
(0.735819900835185, 4.1524902858868456e-10)
(0.2751344168468467, 1.3773021039391998e-09)
(0.4287853664798217, 1.478542092842355e-09)
(0.910170917783401, 1.3875501361794809e-09)
(0.9230855106852625, 1.3316851617338507e-09)
(0.23988816158161927, 2.9321307741907937e-10)
(0.9259977305407041, 3.0709634147050316e-10)
(0.2479612597379942, 5.878162805832554e-09)
(0.7236276678123986, 2.7545592933469415e-10)
(0.9536224971028896, 5.105634689773841e-09)
(0.7073093768771288, 4.92791674113629e-10)
(0.0990354945764631, 5.379240010341766e-10)
(0.9056727785430714, 1.3191291788764799e-08)
(0.00909021117521154, 2.607625690964944e-10)
(0.06240229397400207, 3.7705668313714346e-10)
(0.09150940129669655, 3.5662387399899436e-10)
(0.1943384628306456, 4.4006224511729344e-10)
(0.7479612335208504, 2.698811217917777e-10)
(0.40227377646696627, 2.6898585868508777e-09)
(0.6311594496244993, 2.8895536701070116e-10)
(0.2360578640417843, 7.2347389994969024e-09)
(0.3673808373923062, 9.802388236640886e-10)
(0.7144932951064469, 8.206582102382342e-10)
(0.018376765293721644, 5.40796225995737e-10)
(0.5724531613963939, 2.0706990196493924e-08)
(0.8402171710241202, 1.8962198706094054e-09)
(0.35105305816207893, 2.966284295549806e-10)
(0.7649425036945292, 2.1636650395024853e-09)
(0.8522720630948268, 4.661648620218747e-10)
(0.6909163568731005, 4.82971768107732e-10)
(0.9041206476209384, 5.260321450253956e-10)
(0.18791800191749644, 5.764401243949605e-09)
(0.038893712008683086, 5.823990661575378e-10)
(0.820111441931352, 6.625887290571556e-09)
(0.395070891517442, 3.79287287509365e-10)
(0.5213350190962491, 3.087064569939838e-10)
(0.7231278986164477, 1.173547741249667e-09)
(0.5307398600758125, 1.3254805386955714e-08)
(0.6605855763700521, 3.286014513372904e-10)
(0.5208322737412336, 3.9308022747270535e-10)
(0.3686609050380956, 6.323920123007825e-10)
(0.13905783007732167, 1.4612129630538585e-09)
(0.7013005536153537, 2.620396201618875e-10)
(0.11422611560007077, 1.930505767932736e-09)
(0.2035802961710593, 7.579140062843329e-10)
(0.47863598131329166, 1.0104381981935262e-08)
(0.980639739493782, 2.7146854994784967e-10)
(0.16202206347914408, 3.2518561053700325e-10)
(0.8106906007767671, 3.675341595906243e-10)
(0.8527379377278331, 2.7516496342141534e-10)
(0.9254884738600193, 3.147544455148337e-10)
(0.8153398085547067, 3.391235693008632e-10)
(0.022978322132892165, 8.381200526881705e-10)
(0.47703093163747734, 1.5073214345442148e-09)
(0.5719187985052294, 4.281619372767395e-10)
(0.8827535034748724, 6.22917570987153e-10)
(0.979780105305957, 1.2556475229760375e-09)
(0.023922655106834854, 2.9556672099120015e-10)
(0.5115981914315806, 2.846362373219137e-10)
(0.44835409557120476, 3.1418374233043756e-10)
(0.8865166942600395, 2.242009824753962e-09)
(0.8807786470967544, 2.7521851501298354e-10)
(0.9366224739015654, 1.0098449272324666e-09)
(0.499765152104372, 1.8225521242769576e-09)
(0.1692791019883744, 1.7990455982875264e-09)
(0.22952379632900108, 4.527770167650003e-10)
(0.978055890217696, 2.9187273650815605e-10)
(0.23835859762008996, 6.451839409670022e-10)
(0.2252595551344416, 4.2372926580758106e-10)
(0.2789786201353694, 2.9511825344384423e-10)
(0.23042606932560675, 4.936937597766147e-10)
(0.8465411819205925, 8.694511118374281e-10)
(0.9002504708054537, 2.63632479813773e-10)
(0.2442362191409061, 1.748454650276591e-09)
(0.48784373810331155, 3.4104388640929225e-10)
(0.7706357161072375, 5.557724899765688e-10)
(0.6934007061965903, 3.7479664699947755e-08)
(0.04040277375830596, 5.06257778800183e-10)
(0.1831980649701977, 5.161089167728756e-10)
(0.02532294671188489, 3.5764386076812844e-10)
(0.10784055121357113, 5.689810193566256e-10)
(0.45560170892840507, 9.164782296727763e-10)
(0.1665322794758691, 6.101865481782449e-10)
(0.8610365093601402, 2.7042908100593626e-10)
(0.12298960098694535, 3.760663976500155e-10)
(0.7173502082841539, 2.89555714570693e-09)
(0.2330641665708989, 3.1602756030972463e-10)
(0.3812035922303288, 4.1601754039388503e-10)
(0.5623517736082851, 1.6918530517506197e-09)
(0.21358513722008352, 3.938834689380183e-10)
(0.4757287046548371, 4.333045116313413e-09)
(0.10488395861891299, 5.436074749552685e-10)
(0.9735965208377315, 4.24772950305748e-10)
(0.3510230681785701, 2.7330099315678627e-10)
(0.7527877034455928, 3.815985915168661e-10)
(0.49620375482332574, 3.6752472908809033e-09)
(0.019533205543601044, 1.433101931211692e-09)
(0.1348574964307899, 7.860952712793472e-10)
(0.5213701500566778, 2.1157253061182934e-09)
(0.40549743907737623, 4.143787993202036e-10)
(0.7091258931837794, 4.0746708845984316e-10)
(0.2704234619724795, 5.249553230030253e-10)
(0.14614827311230694, 2.9954693508470987e-10)
(0.3723284064977178, 6.09314860388306e-10)
(0.8209447529611178, 6.022305675069334e-10)
(0.18963256715203997, 2.953877133042097e-10)
(0.1440190251311109, 2.6110080534959375e-10)
(0.33593787734554825, 3.0077691112553345e-10)
(0.4170534247082169, 3.421528537499467e-10)
(0.8458572212509397, 2.2278466127313607e-08)
(0.2671355580572871, 2.877746336931887e-10)
(0.424545434446621, 4.569346010878684e-10)
(0.29259396268150095, 6.97689489157893e-10)
(0.20536237146163716, 9.45552114058485e-10)
(0.2486124300780066, 5.484821629406162e-10)
(0.46676551105963837, 3.5707890185629187e-10)
(0.283126827368592, 3.173649175569111e-10)
(0.03738044468808426, 7.454635487697719e-10)
(0.481147044126161, 4.749758641718187e-10)
(0.344285652990747, 5.156267775400967e-10)
(0.8081780341884511, 8.31785816209032e-10)
(0.5003116236005193, 4.751034467712153e-10)
(0.2898846712231932, 1.2868440059424598e-09)
(0.3392909622168211, 7.385014799256595e-09)
(0.8127588566279628, 4.302889107388272e-09)
(0.9261482827379206, 3.479068994244218e-10)
(0.6297946625716003, 3.1119014520538844e-10)
(0.08866840848337608, 2.892452582555233e-09)
(0.38224691786307285, 2.666294836885072e-10)
(0.9959320441913315, 3.5528626602375474e-10)
(0.007175632476172146, 5.205006073683024e-10)
(0.5799071816158233, 4.5650259146359423e-10)
(0.40001588133857263, 3.227085539671173e-10)
(0.6589901283615893, 3.860540893838176e-10)
(0.17250183150331752, 5.526046842803864e-10)
(0.11870243966502139, 8.230052871474537e-10)
(0.8424902605986156, 1.147699806711945e-09)
(0.9436639518005537, 6.070873567686028e-10)
(0.5606194940967182, 1.2566371594899247e-09)
(0.7221472616124595, 1.4281661219374577e-09)
(0.5143516334383462, 7.392236371430893e-09)
(0.6285640628193558, 3.128331281223782e-10)
(0.2779865164334125, 2.7396492237005397e-10)
(0.912529289593194, 2.944956581758359e-10)
(0.25365564376866534, 3.7442384130131773e-10)
(0.029532757084580263, 3.003477235243885e-10)
(0.33697461917630966, 5.40329270407155e-10)
(0.170589235650306, 5.025898324018673e-10)
(0.19251590479624955, 1.8031059992679138e-08)
(0.5341603074900567, 3.8802075784546773e-10)
(0.9544245376243371, 3.4564367786358176e-10)
(0.7008472257244015, 5.65731183853814e-10)
(0.6590931107705349, 1.7142299171962054e-09)
(0.8937574927769075, 7.139833613235128e-10)
(0.43665483701327096, 7.311516141905884e-10)
(0.9821651226808401, 3.6486414929349775e-10)
(0.9726808961838843, 1.1180702221183773e-09)
(0.4211151691488512, 3.2132756948180797e-09)
(0.4980790074516183, 1.3542100096711848e-09)
(0.6185152032087852, 3.761824102383736e-10)
(0.4608487283520778, 2.311450664899003e-09)
(0.7494991200737112, 8.198567038925654e-10)
(0.5534096187216445, 3.274681063893872e-08)
(0.6208543997373467, 2.2051654673603186e-09)
(0.1861768748486041, 5.854158293370473e-10)
(0.06818192435576677, 3.8579573947015225e-10)
(0.40956731478767794, 5.946496692394075e-10)
(0.405144832586573, 6.063634139331942e-10)
(0.8299691245104175, 7.967405709502084e-10)
(0.25603405673802826, 3.1750162813993293e-10)
(0.703954850351938, 1.106463372633814e-09)
(0.7909314393957333, 4.3434332272517876e-10)
(0.8915695990971463, 3.841518741065006e-10)
(0.713494441543315, 4.0193321308760695e-10)
(0.6198075076039258, 2.741197258076165e-10)
(0.7860744436354605, 2.0612444611985684e-09)
(0.6330445754009243, 5.034685360112521e-10)
(0.09450593115250053, 3.9486771801649547e-10)
(0.03441897254310884, 5.51576819023887e-10)
(0.9301549938922492, 5.310631752630758e-10)
(0.7359531169872527, 1.119007752915883e-09)
(0.89868358704115, 4.1855552288362306e-10)
(0.17309846917112767, 2.6639483886261435e-10)
(0.6588253740477606, 8.521087183212578e-10)
(0.7867596064186034, 9.904804236394432e-10)
(0.8429262348029104, 4.264556867499803e-10)
(0.605840352792284, 4.3270124548903577e-10)
(0.7825554295644859, 3.567506911860644e-10)
(0.9038175996266126, 3.2709906771577086e-10)
(0.9474346241116621, 6.731733723875127e-09)
(0.13264391395211825, 3.0356290326301444e-10)
(0.6177411139489357, 3.6058778837572496e-09)
(0.7034701952828525, 3.603066617078196e-10)
(0.3352880989800277, 5.656123776826291e-10)
(0.2553621881530474, 1.6229991799098666e-09)
(0.8537048859487869, 2.4031451910408846e-09)
(0.16528883821830992, 4.1930034303037225e-10)
(0.512771661656856, 4.202546333069652e-09)
(0.07906312749203374, 1.026156065895369e-09)
(0.023758661264098507, 3.439602565877227e-10)
(0.0028046390806534434, 3.4511907160951937e-09)
(0.19514971507136208, 1.5733575123156885e-09)
(0.24892146630196307, 4.555487169571037e-10)
(0.727906263986409, 4.5407854726613416e-10)
(0.6378938004274926, 5.031479425906015e-10)
(0.9824991586049242, 9.65249862665287e-10)
(0.48456806868172686, 1.086932148081285e-09)
(0.946654557391147, 5.471299156753517e-10)
(0.08095168737490693, 7.131494811281955e-10)
(0.08093856588741496, 6.822264346913617e-10)
(0.22621774663911123, 7.626814104154309e-10)
(0.15648078102979604, 1.127356749220276e-09)
(0.9678508974048029, 2.5843137957539915e-08)
(0.061449813838565126, 3.455763983583245e-10)
(0.8596803891881626, 9.162946845668531e-10)
(0.6427221738978347, 8.63479666068853e-09)
(0.517461539702749, 5.246722227569865e-10)
(0.2775681978371249, 8.015725137694426e-10)
(0.5219145825996677, 4.676299193705465e-10)
(0.5185009129445395, 2.756587442467635e-10)
(0.1315834460612064, 9.176401624749973e-10)
(0.47332480147393047, 4.0172533403699935e-10)
(0.04800656112643132, 9.130740550210477e-10)
(0.7377008631467904, 4.685332272716009e-09)
(0.5828726008884006, 3.3238065745608506e-10)
(0.057093657437319874, 4.740999592041256e-10)
(0.464803404482958, 1.0721938325075359e-09)
(0.5123887874696594, 1.5367180123705865e-08)
(0.20881767532866713, 4.781858835953989e-10)
(0.6342380635859218, 6.629979974175381e-10)
(0.9681996334894741, 4.678338476765841e-10)
(0.9515908607553918, 1.3235008156018318e-09)
(0.3391268405870827, 3.6951698249149593e-09)
(0.05644765067650021, 2.902409420398572e-10)
(0.22802692976890507, 1.3159836384053187e-09)
(0.4695073612273532, 3.8322363638268534e-10)
(0.6898143163522504, 1.0109008283629722e-09)
(0.2711547694182627, 4.609410107971755e-10)
(0.02068926366964856, 3.994622039571187e-10)
(0.7944074457156066, 3.180339849801758e-10)
(0.6883824418512462, 3.521236559716017e-10)
(0.8941504600447847, 4.111959720346386e-09)
(0.34194384600590055, 4.759897862851906e-10)
(0.24624355193999378, 2.730841729975922e-10)
(0.5687628135805611, 1.8213876136662987e-09)
(0.402493736971428, 4.720251485755468e-10)
(0.9683262311511129, 2.793768595604578e-10)
(0.6667212474195552, 6.220158627601049e-10)
(0.760579658948524, 7.600601558733532e-10)
(0.431720301731207, 3.7640152367083923e-10)
(0.39114571418530175, 4.0434750982281763e-10)
(0.8221261772805127, 1.406563063997905e-09)
(0.985457136786495, 2.7202247358218484e-10)
(0.21427303992019728, 1.0391339083463162e-09)
(0.7651064960682429, 1.838621182092542e-08)
(0.7391484270759421, 3.15655854432992e-10)
(0.13943691985780643, 1.4134745999574592e-09)
(0.695847962365373, 4.624077238403052e-10)
(0.7903452910675574, 2.6050930269364635e-10)
(0.13548408395836176, 3.1348217803606155e-10)
(0.47157867546797205, 5.74216401733105e-10)
(0.1846682656876594, 3.759444610877029e-10)
(0.4764584367157182, 1.9031038411673883e-09)
(0.10351259802954026, 3.1347314930397634e-10)
(0.9709481950357366, 5.594104861231024e-10)
(0.23399451896694184, 8.260627668039694e-10)
(0.31218382667050804, 2.7622664166451085e-10)
(0.30201818660633784, 7.085478938483041e-10)
(0.49482481188670946, 5.11957436829829e-10)
(0.9153901069014666, 4.1698227701773964e-10)
(0.902894240755343, 9.198487753644457e-10)
(0.9259798082154795, 1.9598501029355697e-09)
(0.6281984599356482, 6.981304238013946e-10)
(0.021525431367592506, 3.101555846049153e-10)
(0.6243344415458228, 5.08411578531272e-10)
(0.9428470266144696, 2.868327205103664e-10)
(0.8790978650164548, 5.177639541087348e-10)
(0.0043396598309815215, 3.8453998821202926e-10)
(0.9887327299399924, 5.522264380602672e-10)
(0.8966435905427363, 3.771347679384006e-10)
(0.2745434269334088, 6.183704826353889e-10)
(0.5094185101090387, 4.1944298925065794e-10)
(0.2106271198794002, 3.5083224493557606e-10)
(0.8614558386357146, 2.625186781730827e-10)
(0.8018921433615527, 5.519971196375424e-10)
(0.6851277319883342, 9.174196843835611e-10)
(0.2263179461617438, 4.810624676539615e-10)
(0.18292247482469295, 4.325604857358952e-10)
(0.57695437753419, 2.473761848787074e-09)
(0.22073744512441765, 3.0839191130143835e-10)
(0.7360151401881615, 4.913318416512423e-10)
(0.7938099814113054, 4.354208999613601e-10)
(0.8339138934720877, 1.7158235028597851e-09)
(0.8530572026459271, 5.405803135316631e-10)
(0.360085532086875, 1.9591888140270312e-08)
(0.8057833515630417, 3.4127293311696014e-10)
(0.48463874936105594, 3.27393318250547e-10)
(0.20442869184810555, 2.552966443452809e-08)
(0.845309535099466, 8.643434024343176e-10)
(0.7220772750526104, 3.371361611843217e-10)
(0.23769776298347944, 5.077568781051772e-10)
(0.49193480664555517, 3.8062201332424675e-10)
(0.43086966429033313, 2.8125509168838437e-10)
(0.017714895219384026, 2.827446018176619e-10)
(0.1423022009497757, 3.1854788502206183e-10)
(0.0033591058724117048, 7.611695698687448e-10)
(0.4472844696206695, 3.8768123897587636e-10)
(0.03509628114709675, 3.334460359841082e-10)
(0.4900371760621313, 3.632228297229912e-10)
(0.435234632182094, 9.459273195718115e-10)
(0.026390320732235892, 3.28304648863497e-10)
(0.8608090614856734, 5.581429920355159e-10)
(0.013233263538703424, 5.502910598616822e-10)
(0.6543609354549085, 5.434295063457578e-10)
(0.6137556840469051, 1.0838547259561327e-09)
(0.12780360347002737, 5.518874912658021e-10)
(0.6420492718374422, 1.390032906529693e-09)
(0.7703494063365225, 6.078087185030904e-10)
(0.11151015641132311, 5.748771601832834e-10)
(0.2731071365123156, 5.780333296082461e-10)
(0.1645538997842138, 2.4311399167342603e-09)
(0.5273717025954637, 2.326284009089198e-09)
(0.5952952711420071, 5.472301843597227e-10)
(0.9197609002777599, 5.871018163447653e-10)
(0.935857915878424, 7.32425973235526e-10)
(0.12673756294179414, 2.6481664787844953e-10)
(0.6656333613714307, 1.7554105379439334e-09)
(0.42646179292069103, 2.8960266226328457e-10)
(0.93780107111302, 4.924385679498354e-10)
(0.011116284425215731, 1.764780766183e-08)
(0.3623485125870333, 8.982223067569103e-10)
(0.3071353074008759, 3.913829150963062e-10)
(0.7072753866343634, 2.810080859409291e-09)
(0.3395670526310642, 5.112750496688593e-09)
(0.8321362008810533, 2.9930442033451053e-10)
(0.2854724735647031, 8.39032678091885e-09)
(0.26609860769436877, 5.585005455252863e-10)
(0.6014996990368981, 2.3124489699208472e-08)
(0.9113228274945748, 2.998255817665693e-10)
(0.2776202056473313, 3.637762940989425e-10)
(0.13900994396514482, 1.3039872503431093e-09)
(0.31671963161578637, 4.001889212665959e-10)
(0.8011877099467483, 2.637944499199262e-10)
(0.015232295866683945, 2.8124206635490747e-10)
(0.07038738905293003, 1.0051562218702136e-09)
(0.6555228628058355, 1.1524083551002098e-08)
(0.9526465100960582, 5.6927585281872465e-09)
(0.6838953103677965, 2.335398042700619e-09)
(0.678431623700703, 5.854249155520734e-10)
(0.24311194724208407, 2.8550938137357974e-10)
(0.11729864891743856, 3.478326673390316e-10)
(0.8210771388779251, 1.2966302030492933e-09)
(0.732710408123345, 7.175358164234379e-10)
(0.7611077504207548, 1.3111288093632463e-08)
(0.7703741917153551, 3.7723649684982114e-10)
(0.7273577415046566, 4.4433755409159486e-10)
(0.014811054917354804, 4.933956389529236e-10)
(0.2262110846311767, 3.922181127878933e-10)
(0.5169299871899458, 2.617144908362299e-10)
(0.46491731956023996, 2.6299862352358125e-10)
(0.30241004616464867, 2.2627903710207057e-09)
(0.14233764853889722, 4.3277265385392723e-10)
(0.2994141534993166, 4.710154800936399e-10)
(0.04476166034097686, 3.404542993089621e-08)
(0.09320685005018059, 1.488652683044394e-09)
(0.2889140875989422, 5.608770674637413e-10)
(0.8536768147318597, 1.9259779018720193e-07)
(0.2444435309923674, 2.807950658906866e-10)
(0.8492305483150113, 5.040649598510904e-10)
(0.04047834886234362, 4.5048866787616475e-10)
(0.7728373690731012, 4.874641606430556e-10)
(0.4835817785168999, 2.879440778334183e-10)
(0.05679209637914349, 1.028371720556381e-09)
(0.18685598540301024, 2.6466626412275e-10)
(0.8569012909599953, 3.2784062590301536e-10)
(0.06826708330861689, 1.1916311109812357e-09)
(0.10518140000163545, 4.158886514142712e-10)
(0.2011728103502287, 4.990534521663558e-10)
(0.24676117781231888, 2.7248503515494907e-09)
(0.28338529438445814, 5.767385441853497e-09)
(0.9843074090969446, 3.956739153070792e-10)
(0.6500057986444995, 5.737531868711869e-10)
(0.7098545667501683, 6.027713165529534e-10)
(0.8403284892305577, 5.252156972808428e-10)
(0.09356240855978129, 4.109106540559828e-10)
(0.161128599162846, 3.4697408110264186e-10)
(0.822245273380622, 7.276831344397986e-10)
(0.6766711113312984, 7.771636313142581e-10)
(0.4155088985352797, 1.3244377522981316e-09)
(0.032642140398814475, 6.456744673961865e-10)
(0.5600227221024441, 2.0436922042447463e-09)
(0.8029997935475377, 2.7260139665267055e-10)
(0.264510606367001, 2.719284048266473e-10)
(0.024838648801907164, 5.667443516921138e-09)
(0.09527226127186121, 2.8450497063223344e-10)
(0.42707997405675385, 3.771477474728577e-10)
(0.8386058101884264, 2.872436627979959e-10)
(0.9604955533951111, 1.5042261721453303e-09)
(0.0028230514264564743, 2.7983282071407856e-10)
(0.5561640208659385, 7.498181927412883e-10)
(0.5795514843610499, 1.04488762120147e-09)
(0.7643528748186731, 4.418477908506257e-10)
(0.6770019503391328, 3.9826479671730324e-10)
(0.31854228335260365, 5.357164234292087e-10)
(0.9131645736964882, 3.1263197343859086e-10)
(0.7780807345038719, 4.2791090340561167e-10)
(0.5525393021996917, 2.0210388145166317e-09)
(0.9693618431926406, 2.935079107387539e-10)
(0.5111956031828866, 7.183645034563748e-10)
(0.05794463147129566, 4.712570018688033e-10)
(0.02973831960117956, 5.232088278359991e-10)
(0.8787692642124811, 3.98734196001686e-08)
(0.46903189788049804, 3.26386527502861e-10)
(0.46623179507771245, 4.5577845368876016e-10)
(0.041111195047324765, 3.5419379519874844e-10)
(0.4270115774458214, 3.4006401288115883e-10)
(0.6520806822854861, 3.8304578175407175e-10)
(0.6752481150874217, 9.753141065810672e-10)
(0.869858935486125, 3.1883803016935915e-10)
(0.9073711042223808, 4.510140037991168e-10)
(0.3220103454842092, 5.003591205881121e-10)
(0.1924703730894753, 3.20585769103472e-10)
(0.7558996513622791, 4.6070214192553604e-10)
(0.10197731026796045, 5.638274269116592e-10)
(0.45816636969507674, 2.7665630807215566e-10)
(0.7870947750256182, 2.8257328905384953e-10)
(0.829164205210154, 4.006444734079183e-10)
(0.8070532305365687, 3.487418977914282e-10)
(0.9788351752397798, 2.9413773348755823e-10)
(0.958970003634508, 2.1726985805663388e-09)
(0.22698115220536608, 3.199790417739672e-10)
(0.7428589789169534, 1.3815704750906569e-09)
(0.7632920229114676, 8.658429100306979e-10)
(0.4455374875001804, 5.544015923638435e-10)
(0.9043882883780913, 3.1053608138878073e-10)
(0.9360333850240617, 3.0304537288280783e-10)
(0.25766403366323926, 3.9938880403322656e-10)
(0.6456596937043251, 2.689115437985781e-10)
(0.20177549081548316, 1.485740408651452e-09)
(0.711879017000022, 7.252026176037028e-10)
(0.2698775367112331, 1.6050248409179985e-08)
(0.4878611806923314, 3.5990732497873776e-10)
(0.24891019461933325, 3.7047551653930193e-10)
(0.9343988700521247, 5.5254673537743895e-09)
(0.16813594719645866, 2.707309333001959e-10)
(0.05051825253630376, 2.704999297543919e-10)
(0.13232676164401885, 4.1151381910287136e-10)
(0.5819442787338701, 5.232031892135272e-10)
(0.59515917942951, 4.856235409139258e-10)
(0.043250245876056526, 2.7267571940734773e-10)
(0.6060618821020064, 6.357586977299555e-10)
(0.550350911543941, 4.961783126190468e-10)
(0.2814198684125744, 1.8864984750356225e-09)
(0.5703306947838588, 2.238460793455054e-09)
(0.5390504880319725, 4.917490002260773e-10)
(0.01985532951118816, 1.7439571161023678e-08)
(0.7667109397927137, 2.823910275564899e-10)
(0.6163051537037586, 4.614178092424397e-10)
(0.25353742349279196, 4.273429351385583e-10)
(0.754158191843171, 2.943769186822938e-10)
(0.2214866111838924, 9.372853809853329e-10)
(0.4863042416635227, 4.7209260366725554e-09)
(0.32145665394508416, 5.209792190487893e-10)
(0.5017508160546682, 3.0952576697565567e-10)
(0.4243994219220995, 2.7604159978933654e-10)
(0.5211520645520485, 4.119800828189816e-10)
(0.2176844259339742, 3.387635739229398e-10)
(0.5869005832804327, 2.116326826296709e-09)
(0.9963980573007409, 3.0884255634148853e-10)
(0.7991569670961584, 4.978664510199018e-10)
(0.4051222897825981, 1.7262386551270762e-09)
(0.9527433176430221, 4.2127567341014485e-09)
(0.013252191410449234, 3.133577414409975e-10)
(0.3222183511323455, 1.0777934562078998e-09)
(0.1787981681254561, 4.14810352854e-10)
(0.816005209283648, 1.0603299535387181e-09)
(0.5201906782345654, 1.2770784010074392e-09)
(0.04332504038168209, 2.3405792670221577e-09)
(0.675220830311999, 1.1648319503555849e-09)
(0.3709691083820577, 3.043425507632981e-10)
(0.8976271908045343, 5.045231560263399e-10)
(0.13714826845868877, 1.467131387893619e-09)
(0.7624590807170077, 4.78377625613451e-10)
(0.9623016815694064, 2.8551381913083344e-10)
(0.6280829582232632, 3.4932244733174607e-10)
(0.523207843441501, 2.135077574370424e-09)
(0.04219526303983804, 4.4083157842880493e-10)
(0.5674646914462297, 3.456437588857628e-10)
(0.29362274279531614, 8.77553229856556e-09)
(0.2770660253782356, 2.1538716704658366e-09)
(0.9298495553188604, 3.2442693785980293e-10)
(0.5569303051635986, 6.259601352660058e-10)
(0.1369764627969664, 6.52250870604417e-10)
(0.518051788494576, 1.2620382398322754e-09)
(0.1927319767071191, 4.245071665545434e-10)
(0.042160556929804874, 1.003987121214342e-09)
(0.7958972682246862, 2.6709254512150494e-10)
(0.44685257896240904, 8.590448570295116e-08)
(0.34484256625031445, 1.744736132549761e-09)
(0.43654458985116223, 4.711757639572272e-10)
(0.4516037208502707, 5.467242632049676e-09)
(0.8486588847254424, 1.5922562654585021e-09)
(0.649025640007886, 5.216714022342639e-10)
(0.940309066771594, 2.69766687940073e-10)
(0.6171032583583402, 2.950951403961763e-10)
(0.8257643583952112, 3.8078452454085815e-10)
(0.2232441672993847, 1.166489004450715e-09)
(0.5664207015519209, 4.705644969587138e-10)
(0.4216616387710041, 4.0466227648338245e-10)
(0.40591745788045397, 4.004365012401653e-10)
(0.19912006531727447, 5.829559688670976e-10)
(0.3995362395782085, 1.2559114733770972e-09)
(0.4756363120949254, 3.156881694642391e-10)
(0.5227066294806898, 2.8233253749769457e-10)
(0.8500386890127029, 4.6316968782449734e-10)
(0.17076901970371813, 4.999882732914606e-10)
(0.42606359031000707, 9.151023162094486e-10)
(0.8697419450957773, 1.165147794045448e-09)
(0.5267473946179755, 3.7420957054010556e-10)
(0.8579836793291149, 1.1126286428268187e-09)
(0.39323794124863903, 3.927988672000566e-10)
(0.5133909641940234, 2.9011455789589394e-10)
(0.16768392534898433, 1.0365023090072888e-09)
(0.4532294349466903, 6.456396836934367e-10)
(0.5545126076374083, 3.042829318817296e-10)
(0.683181160387912, 7.30510673572648e-10)
(0.09728415190028146, 2.6485877710239045e-10)
(0.8349065460792119, 2.6576260408467667e-10)
(0.27019202552985017, 6.165626782347985e-10)
(0.573377162782686, 2.840462618311439e-10)
(0.032276130715228, 2.6215164874644307e-10)
(0.7213685929564098, 1.2554546322566093e-09)
(0.8616355775582033, 4.180345974845156e-10)
(0.968933623092514, 6.151015361199173e-10)
(0.7264377778130225, 5.953183942359985e-10)
(0.10998836394957459, 1.1221528452435652e-09)
(0.760415517791247, 2.6641919591337053e-10)
(0.21163243066432147, 2.722440354664272e-10)
(0.17495385249304402, 5.437979736870503e-10)
(0.2897710714093427, 9.461942920347842e-10)
(0.35837721580619053, 5.140464124333885e-10)
(0.6009988313014656, 3.438349120516194e-10)
(0.5108218983212034, 4.063455630087709e-10)
(0.9896125037915104, 3.6310933105692673e-10)
(0.4635825129014407, 1.1699517418066172e-09)
(0.5067408409140042, 6.923492084265396e-10)
(0.813743609823267, 3.2584079655708526e-10)
(0.9227585363745322, 4.27403422914035e-10)
(0.9603688139953656, 2.7195606108477343e-10)
(0.4053434216380625, 1.6260877981835817e-09)
(0.5160553157914858, 2.0978439904783565e-09)
(0.5661050869254364, 2.954843396381149e-10)
(0.5645787733079809, 3.225042196768394e-10)
(0.04487279213393068, 4.842461476491282e-10)
(0.20053916748573233, 2.619479996077825e-09)
(0.7081578333627284, 1.0097738240194108e-09)
(0.749430376075628, 6.115870699386037e-10)
(0.5689943711728773, 3.5778524033095187e-10)
(0.8241491319271559, 5.500427413246669e-10)
(0.8546813050541288, 5.836553299745653e-10)
(0.05517942954017094, 5.355027903904564e-09)
(0.6442889478041115, 1.5670714229247905e-09)
(0.11710914491934471, 6.710609561986785e-10)
(0.7053653859184787, 2.7212514244548553e-10)
(0.7606005880389863, 1.7443499340767044e-09)
(0.41695810663369814, 5.673824850034835e-10)
(0.15063101366186216, 1.2868555629597497e-09)
(0.34930261653739286, 7.763063226941661e-09)
(0.0953848006921558, 2.666591736590498e-10)
(0.748757670219477, 3.548611205267886e-10)
(0.6464956232970662, 6.08606883617191e-10)
(0.9709641548954644, 9.311931471244209e-10)
(0.46669249417114167, 5.197169093987822e-10)
(0.588350642822838, 4.099907328396546e-10)
(0.8776519637806967, 4.458510061614737e-10)
(0.02921894185753805, 8.414055753051391e-10)
(0.8202175226368743, 2.703564646260148e-10)
(0.17429363577790388, 2.897684084093197e-09)
(0.3656166026298615, 3.81408727607433e-09)
(0.5156727947406462, 2.0114495240742227e-09)
(0.6949438516224001, 6.489496410833831e-10)
(0.03054992214919459, 4.5177722457040236e-10)
(0.00790575576884664, 2.8372359926308686e-10)
(0.09891665214558167, 6.163102629384649e-10)
(0.8935231777650798, 3.627123570112357e-10)
(0.77002127599908, 3.60822025364639e-10)
(0.9694657080468828, 6.930130314730485e-10)
(0.6732561452099586, 4.323318563034761e-10)
(0.7616574575003251, 9.505741556649144e-10)
(0.7515232999925339, 1.055784255553424e-09)
(0.23248963657770372, 7.89886593372353e-09)
(0.4366202506299671, 6.107139086893288e-10)
(0.9277524317067374, 5.351415887365199e-10)
(0.35749684610171906, 2.7531720368115837e-10)
(0.7949792622788527, 1.0241092996554196e-09)
(0.4872684497436948, 2.6281514906041085e-10)
(0.17684263129763875, 2.778714245339122e-10)
(0.5122256968108453, 9.569954275455963e-10)
(0.188219547736199, 3.124657023582517e-10)
(0.40283400808743713, 2.7928943148055137e-10)
(0.7581510403671949, 3.540716381483981e-10)
(0.18900493531103224, 4.4773215599197644e-10)
(0.3820725621048683, 6.443243871141351e-10)
(0.5865457187869467, 1.3499188546408558e-09)
(0.42331788651407215, 3.1901104980973068e-09)
(0.3802652151011094, 1.7626361045707385e-09)
(0.6537379664062261, 6.4432588006543015e-09)
(0.2404446057678359, 1.1556270031163892e-08)
(0.07218034914575212, 5.736141983047376e-10)
(0.5881913494503145, 4.900237631965281e-09)
(0.5214417106371022, 5.993474326413127e-10)
(0.13636821747065253, 1.0981976454155736e-09)
(0.11387535653108549, 5.665281025053862e-10)
(0.41758396932112113, 5.167958378652248e-10)
(0.871135560858972, 3.236868408120359e-10)
(0.6417606812003673, 2.977046540093965e-10)
(0.4206961617760585, 4.0173114521839166e-10)
(0.4826499274274563, 3.7197600331900943e-10)
(0.5032222306638932, 2.672498498975056e-10)
(0.700256267358995, 2.7582954960844426e-10)
(0.12016452312037518, 1.6418264752744095e-09)
(0.3928933170946176, 3.805276002305486e-10)
(0.7032072723364532, 3.033128227096973e-10)
(0.777773623876026, 4.1814401291427914e-10)
(0.6682877260288428, 5.160437401904407e-10)
(0.6660888410321125, 7.378565069329234e-10)
(0.02299453412477001, 7.938576704883768e-10)
(0.4382691858757049, 3.534304137000032e-10)
(0.14278467484921054, 1.010028530778405e-09)
(0.42068085769043273, 2.529551033328038e-09)
(0.6054698982079956, 7.125829823392051e-10)
(0.2837840167292381, 9.966960982457318e-10)
(0.4170180058737968, 1.2037271236709545e-09)
(0.4337173823007759, 2.5775898043821695e-09)
(0.08921841117341744, 3.034957013898894e-10)
(0.3823365400307192, 6.695846706484681e-10)
(0.5762851825237971, 1.2500047555738487e-08)
(0.24360964943298355, 2.94978240248399e-10)
(0.6317190565813423, 2.9367701967798073e-10)
(0.7063710115625971, 1.1216711303854426e-09)
(0.05839585222416575, 1.1861181512872376e-09)
(0.28366350725542766, 9.331208334493692e-10)
(0.8356157020686558, 2.7721993155531405e-10)
(0.27426900038627344, 1.1501993838333985e-09)
(0.014200228566618676, 7.199037951910357e-10)
(0.4832741456976279, 4.831171893514978e-10)
(0.09475067897451102, 1.2122154508654373e-08)
(0.08273424769344292, 4.081839057083649e-10)
(0.8408367605879108, 3.3216970510351864e-10)
(0.25769948488326544, 2.981939772661527e-10)
(0.5054701761185355, 3.257541612493143e-10)
(0.059479497602829653, 4.34177091198842e-10)
(0.783885232130161, 4.436909585483261e-10)
(0.4020492625376443, 3.32533089415009e-10)
(0.12037743722424758, 3.4382454135859687e-10)
(0.885124813337234, 1.5260686683645197e-09)
(0.7348383215535709, 4.286149925386834e-10)
(0.39790589564396184, 3.7823875043779905e-09)
(0.6280416091644342, 3.2945518431599336e-10)
(0.7930695433285174, 9.159732460804173e-10)
(0.7028157481110594, 5.027507857890306e-10)
(0.13121975251763668, 3.7205239407427413e-09)
(0.5706740151336299, 3.4329492883976344e-10)
(0.7861867015313333, 5.491267008288967e-10)
(0.5715184883022697, 3.862391136146202e-10)
(0.7759051959289176, 1.188432486129479e-09)
(0.6151548071510747, 8.744067989004438e-10)
(0.6227438025128009, 4.237600087664276e-10)
(0.7317823212755635, 5.122063478956916e-10)
(0.4638143836438401, 4.323807400460631e-10)
(0.5461713424318927, 5.796477736379403e-10)
(0.07771859502917784, 5.268402020363773e-10)
(0.44488132600268765, 2.807735652662988e-09)
(0.5986423129772658, 3.775937108944859e-10)
(0.6955501674381123, 2.961507043758264e-10)
(0.5537547897952872, 1.954702816977144e-09)
(0.3942026165869902, 2.6621937680519383e-10)
(0.835785024169183, 2.953727157871725e-10)
(0.9705615711387059, 1.5800801566699773e-09)
(0.70041997822312, 8.515884388208196e-10)
(0.5977801497057783, 9.043774850550869e-10)
(0.8707131474826986, 3.814427394053419e-10)
(0.20230889237972802, 3.444083350931741e-10)
(0.6031587437917819, 4.076755220873662e-10)
(0.4513664053804786, 4.0425553221142037e-10)
(0.7624210423445839, 4.618146587241696e-10)
(0.1859331452398703, 2.955293500508583e-10)
(0.7819277863348694, 3.3161150095173294e-10)
(0.8535468658329348, 5.336763811411172e-10)
(0.7411619072390853, 3.9262566514043184e-10)
(0.7058671654992991, 4.842021020164135e-10)
(0.7663775438659725, 5.532599218596278e-10)
(0.7773340743898804, 4.84130316605741e-10)
(0.10594280065184912, 4.591444741044602e-09)
(0.3384173688094503, 5.206972248730274e-10)
(0.7034002621235119, 9.831295290006968e-10)
(0.5973016011603125, 8.287855325197759e-10)
(0.19275904386731327, 1.462741717046746e-09)
(0.5102667309407157, 7.06315827369225e-09)
(0.2515555149296628, 4.5109380388892204e-10)
(0.8039946622919029, 6.010934864840028e-10)
(0.2335604078321687, 1.90539186510793e-09)
(0.2477140422050257, 6.568973977988238e-10)
(0.7020472411791896, 3.684896627005677e-10)
(0.06211795780594059, 1.564893607273241e-08)
(0.6671392880096346, 2.777785425969e-09)
(0.7391334882861402, 3.785262327630737e-10)
(0.5691033985711, 4.5363428622621014e-10)
(0.016076081117857636, 5.751873062034367e-10)
(0.5071939963833807, 4.673712789857125e-10)
(0.8236471004981054, 4.11074576107894e-10)
(0.5658051844599182, 6.83081647262971e-10)
(0.7560532391678336, 4.5262985456357004e-10)
(0.557846683863897, 7.659956917256509e-10)
(0.8373895850678047, 9.569554136403737e-10)
(0.8155416083154867, 1.4908009424554078e-09)
(0.41960035349826846, 2.717844254751584e-10)
(0.5451421206728807, 1.2930352170107404e-09)
(0.41715761310258487, 1.670486008177023e-09)
(0.5002773330994271, 2.4725115777123768e-09)
(0.5691307916722347, 3.47266592100647e-10)
(0.5797946203735282, 4.306706599260216e-10)
(0.13502455302356767, 9.152434656971001e-10)
(0.6588230828020734, 2.766799125835391e-10)
(0.6624493006546246, 6.530120453945397e-10)
(0.96454222505432, 6.324846142534934e-10)
(0.8704421426790786, 4.910972538374299e-10)
(0.7626921504724021, 1.6240469758688267e-09)
(0.47446785769568334, 5.67600705597977e-10)
(0.910228277771211, 2.8434832418857877e-10)
(0.9213934061253602, 4.020319089113797e-10)
(0.24290136960479627, 3.4733141468375575e-10)
(0.22810007961474638, 3.5349057590831603e-10)
(0.3540741746690129, 2.7203511233895637e-09)
(0.8053743195892695, 4.401119665040251e-10)
(0.1422026906284835, 2.910482832705463e-10)
(0.9830016294388563, 9.415430125444984e-09)
(0.027840823804597483, 1.2435030757645199e-09)
(0.17964271470790558, 3.2077011339259137e-10)
(0.1534924190944466, 3.2277543218320013e-10)
(0.35619892791975677, 7.297744990924527e-10)
(0.2995379051246164, 3.208689533503398e-10)
(0.10602962859630857, 3.173691031987742e-10)
(0.7920360154645205, 4.929868360192534e-10)
(0.2982410903396548, 4.2001762836008187e-10)
(0.4239593946130677, 7.693518405803856e-09)
(0.17887937927243222, 2.666708502675986e-10)
(0.23030278315071834, 5.319812334433351e-10)
(0.5699861983795321, 4.0611257342619707e-10)
(0.01744899668756228, 6.954497141429805e-10)
(0.46217395493561875, 3.627435401860348e-10)
(0.9939590670917098, 1.0608916361824348e-09)
(0.4690581231690005, 2.2590852641424757e-09)
(0.33601604201821145, 1.0006081155782535e-09)
(0.9238527076083575, 6.494761788367432e-09)
(0.7989140376015382, 9.873229026063104e-10)
(0.09032015164341427, 4.777300927193535e-10)
(0.2447351003184785, 5.833195693294692e-10)
(0.4265528010170871, 6.516849625661521e-10)
(0.6490933186749249, 2.781167242030616e-10)
(0.8874387872123295, 3.6679790675720535e-10)
(0.8398630174378514, 2.9508608364520717e-09)
(0.9847961267577903, 3.3860542286774595e-10)
(0.09012781723285686, 2.9469699667513796e-10)
(0.6398023996875701, 4.729730763526617e-10)
(0.5577975776863666, 3.0292282616438486e-09)
(0.896077472797268, 3.2578317091369005e-10)
(0.2506197494005164, 1.194435382011712e-09)
(0.2885506495635924, 2.192975880184044e-09)
(0.5060975974066357, 3.964046354757555e-10)
(0.7452042840482985, 7.202403995593592e-10)
(0.31476673125158033, 3.130672478446608e-08)
(0.6808413835501685, 1.2465380454727623e-09)
(0.5847692821252749, 5.9719750926309846e-09)
(0.6230571902572837, 3.4189253934042504e-10)
(0.6155172613924353, 1.0483366994713362e-09)
(0.9000240862464104, 6.052624673833176e-09)
(0.6953775264884182, 4.2685662929740064e-10)
(0.5446906189335377, 3.320309590088061e-10)
(0.35281476368593206, 4.699455510271411e-10)
(0.9270416068829562, 3.459607467314932e-10)
(0.8650128855991793, 1.0337913994038303e-09)
(0.8155755776622909, 1.3884529109599632e-09)
(0.011266591396325921, 4.884253600428809e-10)
(0.9091195789728576, 9.213351504414204e-09)
(0.6900680184006195, 2.334578576636874e-09)
(0.497851376093832, 5.571941348805736e-10)
(0.20544169698229908, 9.315166967554302e-09)
(0.4509146687573463, 2.612696002128053e-10)
(0.915001004755068, 2.251834630865056e-08)
(0.7442081539400928, 4.6282023436909955e-10)
(0.29113838185782703, 2.683419744508532e-10)
(0.777549310412023, 3.0009047652003256e-09)
(0.13907918399433145, 5.11155394825404e-10)
(0.5547667184464875, 5.868738595617178e-09)
(0.9002310774640171, 2.868603316374613e-10)
(0.036876893583910844, 7.190468896502945e-10)
(0.8220733313675291, 8.749313832152393e-10)
(0.8003017412585576, 2.842249822094399e-10)
(0.10372553839362023, 6.93358644157745e-10)
(0.7367376580478885, 3.870466531294488e-10)
(0.6339537231957004, 1.1060352911321486e-09)
(0.5639304161771174, 4.215423365712256e-10)
(0.348760598565864, 7.747434596153133e-10)
(0.7477487153784187, 3.9740632168907373e-10)
(0.30235328657428273, 5.862740786201331e-10)
(0.9407180674690002, 8.92434002111496e-10)
(0.8093931477806543, 4.3193141865062667e-10)
(0.8010911452516544, 7.038507335265944e-10)
(0.8598535689879804, 3.5502652549814713e-10)
(0.1725318260009766, 2.922118874404742e-10)
(0.9569259569665639, 3.1422823624249633e-09)
(0.4550185658281348, 1.2035050773054467e-09)
(0.2584943995013912, 1.4243365826629185e-09)
(0.7514267276801553, 3.388465758670856e-10)
(0.9316665533707508, 7.065330722433883e-10)
(0.4666540356853915, 7.146083091612911e-10)
(0.8133778071829152, 8.580175734745241e-10)
(0.9313305426535923, 3.9000598458469907e-10)
(0.38076699165298933, 3.2169092833559666e-10)
(0.9956180536122945, 4.5397518000261973e-10)
(0.8201233280698904, 3.700530915277297e-10)
(0.6055350734322305, 6.763405296992642e-10)
(0.6947867358824574, 1.5766698169648135e-09)
(0.4904669286301278, 3.2799068284698625e-10)
(0.2892195910332033, 3.5340261981927306e-10)
(0.07265556020504194, 1.7225811959526314e-09)
(0.9621049844854463, 3.455031530456541e-10)
(0.16630991699290726, 9.221654712888489e-09)
(0.598485084822811, 6.039718886562646e-10)
(0.21782549601119167, 3.828022312203819e-10)
(0.9948708822455524, 3.001503280292272e-10)
(0.6163809194746664, 2.948384626264545e-10)
(0.17748700376654622, 1.4645973356465873e-09)
(0.7831673426724979, 1.83149550598332e-09)
(0.39721084201756746, 1.0114733322772693e-09)
(0.11798992292420475, 1.3446801953339426e-09)
(0.9635493824702404, 1.4774722187074145e-09)
(0.9270856551903199, 7.638763236383225e-10)
(0.9331981188359626, 2.677226460988369e-10)
(0.0947934979544194, 3.746374404868314e-09)
(0.9788416322650619, 3.9526315959677866e-10)
(0.1283936715911524, 3.4950724332070015e-10)
(0.35502213643377917, 1.6394900737010197e-09)
(0.8474700400401408, 3.7523608460412886e-10)
(0.36417055591582753, 2.853007962501271e-10)
(0.047687052159370746, 4.0062511653214663e-10)
(0.15058883450765806, 4.592785738781858e-09)
(0.5655884753267248, 8.267085013603744e-10)
(0.29234106938457605, 4.0953057178026487e-10)
(0.3521454405474033, 3.2925286201534863e-10)
(0.9645425977260929, 5.0390154611678106e-09)
(0.8741725914133051, 4.6374807132620323e-10)
(0.8647819254774893, 4.830745647203301e-10)
(0.028346646576727978, 9.161132752646423e-10)
(0.025089863189474797, 3.3250682008962814e-10)
(0.3162407111758599, 6.175403665204618e-10)
(0.8208638075286311, 5.516890853080411e-10)
(0.832455415185223, 1.4877017693915023e-09)
(0.4530017978295172, 2.675189197023356e-10)
(0.33685061640404296, 1.8351707488802712e-06)
(0.1341302377938655, 2.6305474974689493e-10)
(0.24972670445615405, 4.935645276300545e-10)
(0.9863468590781029, 7.412453290299563e-10)
(0.4946082808698433, 1.2372604106838224e-09)
(0.6573205614942788, 6.633018600849293e-10)
(0.7899956517347575, 4.226599832126302e-10)
(0.9002046863838732, 6.057907903469994e-10)
(0.33869778721968613, 3.3419858271697e-09)
(0.6433191072712771, 1.120462140758546e-09)
(0.8451066649667511, 2.840873712267903e-10)
(0.7100379241163354, 1.5971169014948459e-09)
(0.7301327301683039, 3.0335338233547095e-10)
(0.13664034863104993, 3.073653963031985e-10)
(0.331389415207657, 2.6017357668922954e-09)
(0.3531740769794761, 4.1920507971255303e-10)
(0.883268264524063, 4.481726738703655e-10)
(0.49133359141218824, 3.694631741238343e-10)
(0.9928642881412917, 1.0916530234890735e-09)
(0.6413518566139362, 2.8551254629402785e-10)
(0.4896787962565203, 2.712441581928505e-10)
(0.019522153137501955, 4.192821156811257e-10)
(0.14148377576472626, 1.9716478612207936e-09)
(0.39025438350305774, 2.4551336089002825e-09)
(0.7716027521730949, 6.128186983109965e-10)
(0.9746041301631031, 7.688674732144456e-10)
(0.8160308761146493, 4.805120881989744e-10)
(0.016322853891037756, 4.2802284566051746e-10)
(0.3091060021366735, 5.727497924511815e-09)
(0.9866546251565348, 3.4294214344266044e-10)
(0.19437713095858938, 5.36720519297055e-10)
(0.9569159574219877, 5.170095981034123e-10)
(0.8789900185235536, 4.463545406504151e-10)
(0.8129566264494607, 1.9272669361177086e-09)
(0.8325208226948533, 4.774199201232629e-10)
(0.8878388132755144, 5.176129393426855e-10)
(0.05400339254733492, 4.708173539149915e-10)
(0.27872320411853535, 7.896507190781687e-09)
(0.04271229601919097, 1.183792541174228e-08)
(0.6174070673503507, 3.1425950957444783e-10)
(0.885038075063288, 6.7559427170034e-10)
(0.330682424202907, 9.40916794234017e-09)
(0.08147507472915315, 1.997881613415173e-09)
(0.39524868526587337, 2.7890061323346304e-10)
(0.5627402555801024, 4.2185879951890267e-10)
(0.2233261101187133, 1.5619617654017643e-09)
(0.2493064247721647, 3.805090069506019e-10)
(0.5217648073550316, 4.43540050945584e-10)
(0.2882676436913831, 6.43495033723287e-10)
(0.18505120172733225, 4.504631426346619e-10)
(0.9851055892962736, 5.302644642863738e-10)
(0.2966122663168549, 3.407763250584185e-10)
(0.08539622110367709, 1.06907600943152e-09)
(0.2540774445738944, 1.0418330027391627e-09)
(0.5628532222591874, 3.540829947361978e-10)
(0.1944259287507698, 5.186721572266776e-10)
(0.5732644965537395, 3.21206605744643e-10)
(0.16531310650048125, 4.4572034342011845e-10)
(0.6103666974605647, 4.0616678151943073e-10)
(0.015133587778032868, 1.28908862375865e-09)
(0.6053955417916983, 8.266201936508786e-10)
(0.8185735787337058, 6.052530861866959e-10)
(0.3944513849350591, 3.558931669806397e-10)
(0.40839435263944307, 2.561767828005231e-08)
(0.819301359162557, 3.2500133333279443e-10)
(0.27625821191448036, 4.4559455427979396e-08)
(0.7742253000613775, 9.346930470428872e-10)
(0.7876969932673352, 3.620240389141029e-10)
(0.9309798603191058, 1.4130596824347812e-09)
(0.7978375939190687, 4.3891852797114815e-10)
(0.46251725011142114, 4.524593414588534e-10)
(0.10543056524381088, 3.5874370100812305e-10)
(0.37449920573584067, 2.8132150380444825e-10)
(0.3750100393311446, 7.646516345890016e-10)
(0.9420586009717751, 3.964001824574301e-10)
(0.8865134013120622, 1.0260976180753616e-08)
(0.02277942181054565, 6.118248433648192e-10)
(0.27925642232863196, 2.8814513505665854e-10)
(0.3620987686043554, 4.264231634613378e-10)
(0.7367683367486342, 2.6486635851362556e-10)
(0.7150916473827404, 4.08986178883121e-10)
(0.006045350547105497, 2.747246923199805e-10)
(0.05357257493851941, 7.78844914263612e-08)
(0.5841553888153698, 1.893894816088105e-09)
(0.46040950200140385, 3.792668960231931e-10)
(0.7072413517592646, 1.6252311045242926e-09)
(0.3554339956668159, 3.30114595785264e-10)
(0.8193411695995361, 2.8305123077203167e-10)
(0.845427140622709, 5.060234457697324e-09)
(0.32074016826223, 7.055860139283156e-09)
(0.15387076569303368, 1.2977896446366542e-09)
(0.1232546169099519, 3.9298711887510597e-10)
(0.7281175217914476, 1.3913393701443362e-09)
(0.5698340616948453, 1.3322661227805156e-09)
(0.20568692283050174, 7.087366912807259e-10)
(0.9305423830068208, 5.60922923806988e-10)
(0.5072741136789158, 9.318343083856905e-10)
(0.7709912623905746, 6.011831118435024e-10)
(0.25210087082112614, 7.974670409411181e-10)
(0.9308779475345871, 1.0509594911271104e-09)
(0.02679418259472299, 3.4039615550950115e-09)
(0.7269030973707798, 4.0722780662176224e-10)
(0.1065204332699689, 3.228662139343835e-10)
(0.8275164700095228, 8.07193678711299e-09)
(0.42472702870322554, 1.5681988054763774e-09)
(0.8105220402527583, 3.5201842167460945e-10)
(0.2039287583111111, 1.1397032611382782e-09)
(0.3668546608251422, 2.1768192541780923e-09)
(0.6297952328880702, 3.7721773331780514e-10)
(0.671857366451895, 3.152070810096081e-10)
(0.27845387130723426, 2.623955695503099e-08)
(0.5457997480803819, 3.182300151106709e-10)
(0.9875915537088411, 5.435143177806379e-10)
(0.09646611336566237, 2.834783822520566e-10)
(0.47591140153824807, 1.235874181062751e-09)
(0.7810551246306212, 7.048543297182492e-10)
(0.1484169023310122, 1.8305370270445198e-09)
(0.7857924862348367, 6.188708270863264e-10)
(0.2762700409381293, 2.8573636201287956e-10)
(0.4618554222842383, 9.255292629472419e-10)
(0.7136169229466326, 1.5643537768411866e-09)
(0.6857486805687504, 9.927577339642036e-09)
(0.6827583755540511, 3.122062526097256e-09)
(0.601875485288683, 4.47166630813557e-10)
(0.7107530450855377, 9.793056068737653e-10)
(0.3383037836699624, 2.531009817756946e-09)
(0.4870293666646149, 9.502189231788545e-10)
(0.681934771938145, 3.729559205595735e-10)
(0.18288518282947736, 4.184142234588593e-10)
(0.7420732496412064, 3.2136104106462596e-10)
(0.5700335100899417, 3.4971858697127926e-10)
(0.8180373605438316, 2.6200939849644106e-10)
(0.2981852645098648, 3.8201368200294094e-10)
(0.9982477704182644, 9.61254429147018e-10)
(0.05238031092528647, 4.0108839207951223e-10)
(0.12050024031153685, 1.325989269602865e-09)
(0.3754736935668248, 1.1262668330248554e-09)
(0.9973218406273983, 3.5137531873269945e-10)
(0.8442786373826359, 2.936084735639545e-10)
(0.7779210038824829, 5.024818440738447e-10)
(0.44971593380481434, 4.1961876186335854e-10)
(0.9686183702561088, 5.801692296090723e-10)
(0.28130436879505677, 2.81001219913594e-10)
(0.8324869639591692, 5.577170556561682e-10)
(0.2706534144986683, 1.3099120727231077e-09)
(0.06082136952134902, 2.8723322951206887e-10)
(0.22069859611809403, 3.4846162563435143e-10)
(0.5606676997035656, 4.0541905294523617e-10)
(0.2331451742171653, 2.936583386884157e-09)
(0.1641801614969115, 2.9419300410784036e-10)
(0.11559586384678065, 7.951063668494804e-10)
(0.5049263176519596, 3.4928974405375764e-10)
(0.324853615529604, 6.214346515821642e-10)
(0.9895230476935611, 8.056784291416079e-10)
(0.756271687049909, 6.319074954118815e-10)
(0.6599939923928821, 1.3478258404656232e-09)
(0.6331298102391113, 3.581205693739888e-10)
(0.9454650140374612, 2.4251781071370474e-09)
(0.5418002860560512, 1.0116314158460285e-09)
(0.9298610604446228, 4.3462820007836546e-10)
(0.8190504283825588, 1.0448805707317369e-09)
(0.28377809369477125, 8.668644914213551e-10)
(0.3472933791144582, 7.945188453880965e-10)
(0.04034571433358824, 4.057267343232949e-09)
(0.06871941334828882, 3.8692186609534153e-10)
(0.9586052095570248, 1.1215576863013519e-08)
(0.4141352768782431, 5.776797292709658e-10)
(0.30669957078510685, 2.3684633205570638e-09)
(0.372162809326017, 8.815854055176539e-10)
(0.8096729801865655, 3.0206579506179076e-10)
(0.9123359127219796, 5.035940524995687e-09)
(0.4607412239559999, 3.778551152564032e-10)
(0.27086935694005526, 2.966596611029032e-10)
(0.7537154311150986, 7.787595550652478e-10)
(0.008484391404745634, 3.2572321987743945e-10)
(0.04561621180699234, 4.3562375506362375e-10)
(0.9149286227810396, 4.64463979924906e-10)
(0.9095585024230988, 3.393880178595551e-10)
(0.6436978781447109, 1.433385737674342e-09)
(0.6570905638438725, 2.658150409517491e-10)
(0.42026885980432804, 3.490540240338639e-10)
(0.30605398283186924, 3.857394790311115e-10)
(0.9079318009604266, 4.2856811212925265e-10)
(0.5774552668548945, 3.46668767335519e-10)
(0.3178353167727343, 4.260208634832294e-09)
(0.5278601140768321, 1.1545739120394596e-09)
(0.9352447352733178, 4.045074630883789e-09)
(0.31765495924059445, 3.28435107567584e-10)
(0.39913700961640597, 2.9711150706295624e-10)
(0.6594208842982199, 7.205572506485778e-10)
(0.3816010088663319, 4.2920548280267846e-10)
(0.8425417369361111, 4.213384471122149e-10)
(0.24146767681321954, 6.5845790443409825e-09)
(0.4018615239956878, 4.0830191492290493e-10)
(0.10253609320812752, 2.3669689221123044e-09)
(0.5361271251829679, 1.2094440430698597e-09)
(0.43962217633509376, 3.330898233059126e-10)
(0.8495756353474883, 3.9140214798300856e-10)
(0.7977492508785449, 6.225167595858682e-10)
(0.08691421974934631, 4.346120617965946e-10)
(0.22312139137861778, 4.815185206740705e-10)
(0.4438434863708858, 1.3366739302114518e-09)
(0.7730775038649147, 6.283091995292e-10)
(0.1700345548509592, 3.2739222532220104e-10)
(0.21958645047238756, 8.819152912708649e-10)
(0.2641871581478067, 3.5932623355925596e-10)
(0.6818114835894165, 6.138454735953839e-10)
(0.8796660977219688, 1.5115466130426842e-09)
(0.35747665052504707, 3.1299718046576245e-10)
(0.7887688136788351, 2.666564109514486e-10)
(0.008631542330786009, 1.3755360952217043e-09)
(0.21646936532120992, 9.319251244313886e-10)
(0.2741324203969022, 4.364003417788431e-10)
(0.22170847486285813, 2.8942314594606194e-10)
(0.8519140643049458, 3.012560751429675e-10)
(0.2112335343391742, 4.1499759211600093e-10)
(0.7184723822061564, 4.046269404102773e-09)
(0.59783477146423, 6.741729096266927e-10)
(0.35293502852165887, 1.2664395610597533e-09)
(0.05186191517150509, 1.8693180153894965e-09)
(0.9881074376107091, 9.541751410527536e-10)
(0.13723356862160924, 6.99576870325784e-10)
(0.9927579851691661, 3.9305460352411115e-10)
(0.008120506580695543, 3.8638367359753207e-10)
(0.3412929824331063, 1.9263494185096517e-09)
(0.1964894019470763, 1.94843961976912e-09)
(0.3029106208149113, 4.3859761075477617e-10)
(0.9678098793246692, 3.3580410974416707e-10)
(0.33539891381575054, 5.41167437231782e-10)
(0.2765861268008219, 8.394120260095471e-09)
(0.44727619279677694, 9.712735853101084e-10)
(0.09991711875862982, 7.2255288277303615e-09)
(0.44863190277157605, 2.983264810673387e-10)
(0.6580718324694413, 2.9508389781520038e-09)
(0.8018429344949932, 2.6992277015843256e-10)
(0.6148885526665754, 4.406925636111381e-10)
(0.4715682897804622, 3.3764011766932226e-09)
(0.695541989928809, 2.830546261157607e-10)
(0.08027086437900433, 3.492588931331078e-10)
(0.4577719876031322, 3.8399164671069245e-10)
(0.029564295018690064, 5.014160451217436e-09)
(0.4123552191526933, 5.049536050709074e-10)
(0.15733324761322123, 5.463929574672733e-10)
(0.07001172368578798, 3.6662363196248183e-10)
(0.5794859547267239, 1.2050178807417038e-09)
(0.3257308183026495, 3.87344664021201e-10)
(0.581230794840527, 5.772324051099123e-10)
(0.290517276519931, 8.170802798319922e-10)
(0.250135951597409, 8.448857157574695e-10)
(0.9658858577270631, 9.245376369412585e-10)
(0.1470312955920265, 9.680664607859873e-10)
(0.6286763411758709, 4.1120940944870933e-10)
(0.8575165516537772, 5.815405744405206e-10)
(0.3883718080187361, 3.8576266083264795e-10)
(0.8111959712291403, 8.23871788508425e-10)
(0.4973191277362632, 3.707494532799799e-10)
(0.2887993324383757, 1.9819990034564586e-09)
(0.25500902512939555, 9.62731563555244e-10)
(0.06815784286435397, 4.1609528235732646e-10)
(0.016550316680985645, 5.703742972258704e-10)
(0.6892242124237258, 3.52915340689924e-08)
(0.7993960049025557, 6.327342400496257e-10)
(0.7557513690556671, 1.1968563137677329e-09)
(0.3758011610086264, 5.166663754403892e-10)
(0.21212573006290786, 7.332144078858697e-10)
(0.265268689784254, 5.526193225080236e-09)
(0.5498764105905714, 4.1538588650166324e-10)
(0.6246763323908727, 8.015577282241246e-10)
(0.3907454549963808, 7.246046552318817e-10)
(0.4951382934986321, 2.535183599159802e-09)
(0.6600521147838895, 3.3803528238532157e-10)
(0.0649712539321299, 7.632244244614452e-10)
(0.6508898893915237, 1.2394796536614279e-08)
(0.07923395054766678, 3.454273832893726e-10)
(0.41937746155082006, 2.605737572718479e-10)
(0.22653125935707058, 1.4437155620045981e-09)
(0.5838365201202739, 5.543613181852822e-10)
(0.5358795459913798, 1.0873105735124873e-09)
(0.6041805021119256, 4.607952674651296e-10)
(0.536879734588088, 4.388154846982775e-09)
(0.0069693869387343664, 4.657500678064402e-10)
(0.19553321530710382, 3.927897662715512e-10)
(0.3662086584758605, 6.007397985196232e-10)
(0.24397452700250685, 1.6121363976869539e-09)
(0.8459447757990981, 1.0826367573535743e-09)
(0.3671018662269051, 4.75382702780233e-10)
(0.9277633207756991, 2.6409555549722716e-10)
(0.7875215914590515, 5.363776366261367e-10)
(0.600768158827628, 7.962015607183038e-10)
(0.2097642606593668, 4.068436980038362e-10)
(0.5621506004694471, 2.8468379703705524e-10)
(0.6342432835358115, 3.588604630601463e-10)
(0.6127213680603699, 4.13204118495322e-10)
(0.10972414813304869, 1.6742570478574968e-09)
(0.5499909723849047, 4.02305010788192e-10)
(0.5391721947829944, 1.1065198756653915e-09)
(0.5209460470984066, 4.357527079702248e-10)
(0.5342738055459539, 4.68213957851739e-09)
(0.8434825454149554, 3.5218891310074847e-10)
(0.38280778394917764, 9.037523618003206e-10)
(0.2538947730291491, 4.0804847307610557e-10)
(0.9868804194413828, 4.3786689289456285e-10)
(0.5361008923956269, 3.5314028044047754e-10)
(0.2564961843583247, 3.0842419581620204e-10)
(0.8275927433292958, 9.286349428095645e-09)
(0.4674419623940334, 2.2553263266889527e-09)
(0.767698555347041, 2.8110507625282794e-09)
(0.47725740345935996, 4.19328566811394e-10)
(0.6912724934044524, 4.945345577248057e-09)
(0.46722879781291243, 7.047786289694279e-10)
(0.05023173767054891, 4.97048422391999e-10)
(0.662786938702449, 8.371516328893263e-10)
(0.3270390542705253, 3.775518197521029e-10)
(0.47295525594111754, 5.649965385955373e-10)
(0.9741559904330139, 5.142393659017106e-10)
(0.1419135726698627, 1.1877412019335438e-09)
(0.10966007221768345, 2.7805310384466305e-10)
(0.021455666451358074, 2.7885575213582795e-10)
(0.37053473640115026, 4.485337939623296e-10)
(0.8742280076572412, 6.674035982043558e-09)
(0.4373563075558096, 3.7031094056651204e-08)
(0.6719233403555515, 2.9614249728831935e-10)
(0.9461092655917097, 7.551549951095136e-10)
(0.9039385188962971, 2.9656740544645286e-10)
(0.7611061788745163, 3.302099093520348e-10)
(0.7730914236670473, 4.5249503984492863e-10)
(0.5674661098266979, 8.4353913178036e-10)
(0.628307575416815, 4.523726890423204e-10)
(0.07573816113886223, 1.7867066588082856e-09)
(0.17389574170715144, 4.861867573580099e-10)
(0.5404114877736191, 1.6099222984790983e-08)
(0.045696249741985176, 3.0491859838532006e-10)
(0.31765488734702146, 4.2730566165045574e-10)
(0.6291496580608043, 6.920796369916694e-10)
(0.01932885530312698, 1.4633291545083414e-09)
(0.03698485239217454, 3.1054211147788967e-10)
(0.23329977219061296, 5.266545977354565e-10)
(0.28080211966447527, 4.511282972057094e-10)
(0.9116486656060138, 4.876508200657348e-10)
(0.284525487494832, 5.974816713915388e-10)
(0.11851877502637741, 4.896558955201322e-10)
(0.8133242597584168, 2.981663811354617e-09)
(0.20337262224292804, 1.1281466633048766e-09)
(0.5358270893788805, 4.011728968170553e-10)
(0.6854203767109788, 4.852328906611201e-10)
(0.33187760539914174, 4.729404138307607e-10)
(0.23326358395270722, 5.819453592904187e-10)
(0.04580225685153676, 3.8556542572338375e-10)
(0.9815359179634514, 8.183479034175135e-10)
(0.41197873933930507, 1.2400658997841933e-09)
(0.8461253280299703, 3.326592615968753e-10)
(0.1530901737024199, 1.1902588631663463e-09)
(0.9054592210045843, 4.398628348821887e-10)
(0.6519360443230533, 3.67168584424792e-10)
(0.2996742309202993, 5.800034345106182e-10)
(0.5408504821596706, 5.007620728429099e-10)
(0.547702349478948, 3.6233306330939475e-10)
(0.6369254438839622, 4.459682464145598e-10)
(0.4470133029628857, 2.9784927594201927e-10)
(0.011046944519626832, 7.265602785083818e-10)
(0.1410144599211611, 1.4391370970823515e-09)
(0.920295302345513, 5.135809376960193e-10)
(0.9307680070573419, 3.421358765712734e-10)
(0.8030500598398006, 6.813035708466646e-10)
(0.3299572727843788, 6.559887900869238e-10)
(0.14805818211300292, 4.3670606362918934e-10)
(0.67358807131127, 6.247634127057315e-09)
(0.27192186233819915, 3.529616693104318e-10)
(0.09830833139153303, 6.642706712241711e-10)
(0.8907681090197808, 6.720786081713735e-10)
(0.5764011264778105, 8.586825558422435e-10)
(0.4449168942383706, 2.835242333241303e-10)
(0.6933100246946069, 5.445351718975194e-10)
(0.7802730287341126, 5.03120427525765e-10)
(0.7995635561883248, 2.958636088885112e-10)
(0.3405066137020818, 6.420262531005924e-09)
(0.7904684846105232, 4.8732468887455685e-09)
(0.28013822064389227, 3.235172900800981e-10)
(0.40247000507124764, 4.465704596711271e-10)
(0.4961060985133403, 6.155906033216376e-10)
(0.6883758286486146, 1.3929349310275615e-09)
(0.3973849077445449, 1.3165936068912498e-09)
(0.24024642169658994, 3.780938064201455e-10)
(0.9360210400170436, 8.513598743238367e-10)
(0.03324073001144546, 5.37539105106623e-09)
(0.26144491487689253, 4.6179105534614227e-10)
(0.5310538836133505, 8.008807111697075e-10)
(0.5353231955746759, 3.7165175750297913e-09)
(0.022249463046777756, 9.336318612718911e-10)
(0.3926691530732579, 3.8642363991912627e-10)
(0.007361484560020806, 2.5860756158213778e-09)
(0.4774431591406149, 2.805491253484607e-10)
(0.8898126969406888, 4.620438608552459e-10)
(0.027776267965109538, 6.250862159228797e-10)
(0.7029215503157639, 3.2261165497415133e-09)
(0.25344041497276204, 1.1811176058003896e-09)
(0.02643722054913392, 3.8939587211331347e-10)
(0.7835768746248625, 2.5804223295924184e-08)
(0.9231396755110071, 3.568719050310551e-10)
(0.6183018578907948, 3.329548484091494e-10)
(0.16180810332452011, 8.766385485863778e-10)
(0.8458793128346429, 2.985741139801492e-10)
(0.5665377860830313, 5.317326488182033e-10)
(0.7553100081576795, 7.328755975477632e-10)
(0.004310164887572551, 3.4058164918854035e-10)
(0.2718386680923206, 4.2040817396513386e-10)
(0.5525239993576501, 2.2336326434929662e-09)
(0.5846002262636486, 7.012948655713924e-10)
(0.13980296901551853, 3.306374949924037e-10)
(0.964410931294001, 3.001973449604249e-10)
(0.7386580717178038, 2.947137507590871e-10)
(0.36845561604936533, 7.904731763601122e-10)
(0.23794273365295213, 7.025765833739957e-10)
(0.12836769607325296, 1.8802422127405017e-09)
(0.032362118773725426, 7.189434329106657e-10)
(0.9764260657470468, 3.115871768252841e-10)
(0.14369762064345704, 7.224314132926757e-10)
(0.7865078215894741, 7.644126204881132e-10)
(0.24999432602210597, 1.0433299477326662e-09)
(0.5838007716215406, 7.823722052567659e-09)
(0.8704196521297556, 4.2321061295288947e-10)
(0.03131157352717699, 6.326010645008628e-10)
(0.6500635110112369, 2.9924207008497684e-10)
(0.4776296881219415, 3.471731675748034e-10)
(0.4071461452483139, 4.630639241796517e-10)
(0.8951446831817046, 2.658992507943286e-10)
(0.5766164283536872, 3.190780839116834e-10)
(0.14263928329783326, 6.648020095517213e-10)
(0.7669556437275714, 4.200821608540735e-09)
(0.01933140916045125, 1.2249535933350047e-09)
(0.8563496512590291, 7.700718045264714e-09)
(0.8928887080498135, 2.884820847797825e-09)
(0.7035380383024309, 2.99039552795252e-10)
(0.37192366516146824, 1.2954129331983832e-09)
(0.8670899157853166, 9.55704400144904e-10)
(0.639042402972991, 4.434782012313309e-10)
(0.2656933360251734, 1.0392906842334113e-09)
(0.6230090692481182, 4.1881338600177213e-10)
(0.2662882730488681, 5.662036981025156e-10)
(0.006504806985951885, 1.0532977115853297e-09)
(0.9330124728122923, 3.1761308550419925e-10)
(0.26609600683496615, 1.3265174486301346e-09)
(0.39467806375597086, 1.3308142544002549e-09)
(0.05847560214689192, 7.017161105075854e-10)
(0.23329872091358547, 8.885508074669683e-10)
(0.29955186694085023, 2.148793384115197e-09)
(0.33896910438889255, 2.778967030422807e-10)
(0.6204729172354339, 3.6434396375153696e-10)
(0.14283100711276114, 5.435074407931485e-10)
(0.30237639415084017, 3.238622971017196e-10)
(0.14986470477515026, 2.872781071015658e-10)
(0.15963967820935207, 3.981226661078064e-10)
(0.6518373285016078, 3.1373488356062514e-10)
(0.2518619016662818, 3.6794303579696836e-10)
(0.7148078161313024, 2.884788174332333e-09)
(0.8627738921891102, 5.562306485703595e-10)
(0.9625509177092446, 5.99957556807274e-10)
(0.11707177780757709, 5.805248793843589e-10)
(0.33519612483968797, 5.788237308396096e-10)
(0.6466432197344564, 3.3948953069741423e-10)
(0.9557745543435744, 7.253336990486541e-09)
(0.955562993150116, 3.41375659889772e-10)
(0.13018320052606586, 3.574956353596792e-10)
(0.7027026098998853, 4.6198711590102364e-10)
(0.9006836248352471, 3.115188474974972e-10)
(0.8140089902871303, 3.8731635193820356e-09)
(0.5661788764679123, 2.8294657540950397e-10)
(0.10479946682282976, 5.553414978124192e-10)
(0.16192943524651515, 3.948828977983587e-10)
(0.26851826192801004, 5.662700075217227e-10)
(0.27728156551087263, 6.757626961947175e-10)
(0.5679785508412022, 3.9997129553507537e-10)
(0.7304580020810826, 6.150335956171059e-10)
(0.8603026576749331, 1.604901495930745e-09)
(0.7166038574737147, 1.1716149255219408e-09)
(0.5227334966631472, 2.784318834798552e-10)
(0.5073175899262771, 4.030056147443836e-10)
(0.7539190417218898, 6.549260141690476e-10)
(0.3280375484085339, 1.7781658108380874e-09)
(0.24433500903939956, 1.1861091235970616e-09)
(0.8575054720204037, 3.5226268414267687e-10)
(0.8596732002089883, 5.276309734519605e-10)
(0.7592362965642289, 1.87796995717235e-09)
(0.02630855359759485, 2.7888582069330675e-10)
(0.9532480281796119, 5.0046237529075704e-09)
(0.5014461633596101, 6.257756795484428e-10)
(0.1690183975160015, 2.947444779981376e-10)
(0.9588218144350694, 3.99179955075533e-10)
(0.7836375992017526, 2.7290967727397476e-10)
(0.36434409665360307, 8.391448719805154e-10)
(0.02620983961286548, 5.147645274972297e-10)
(0.8824737108588876, 8.254517035567906e-09)
(0.20043955750335682, 1.053850171971991e-09)
(0.7249313303453746, 4.041538924845653e-10)
(0.4321767610829191, 2.909962870872198e-10)
(0.8198913289623643, 2.6057545473252056e-10)
(0.06685716843147226, 1.0546536612273498e-06)
(0.2899755637173274, 5.971518687099565e-09)
(0.26472404514956993, 1.417570421428912e-09)
(0.19064681100955527, 1.7927829700854026e-09)
(0.07358532903605335, 3.6997512699423014e-10)
(0.7959198898600035, 2.7017563143584232e-09)
(0.9519223960669622, 8.566561964048008e-10)
(0.2823397084646987, 7.481844932275042e-10)
(0.45945242791688706, 3.1999584208102477e-10)
(0.7842319012463816, 8.204784266629529e-10)
(0.13644541292795673, 1.06455964325882e-09)
(0.29273555134643386, 5.955894538633744e-10)
(0.4382091514556434, 1.1349145117407439e-09)
(0.36912903033805533, 1.4467227302155332e-09)
(0.84428671304888, 6.330427250025569e-10)
(0.2590458503842883, 5.603373148022281e-10)
(0.9918547031080213, 7.407003212212433e-10)
(0.6418363527370019, 3.4558063897265504e-10)
(0.9421829278924106, 1.8432136904758937e-09)
(0.24945783595288568, 9.718121934431133e-10)
(0.5694663056616289, 4.2906978853968996e-10)
(0.2028522371942502, 3.48582288035097e-10)
(0.3849931254311533, 3.6863667657743266e-10)
(0.6282319747538483, 2.817787535052497e-10)
(0.9904100614140411, 9.783177601623037e-10)
(0.8217110506943838, 4.462925262184031e-10)
(0.7659151775615644, 5.207367708627452e-10)
(0.22571614762963355, 2.1268411202751353e-09)
(0.2962012465859378, 3.0414185042220717e-10)
(0.0724032187306366, 3.230256246851272e-10)
(0.8296823717431289, 5.082403859690463e-10)
(0.2232141004099703, 5.726953632298901e-10)
(0.09925780810112576, 8.19841197858533e-10)
(0.3020966508343424, 8.108940929760882e-10)
(0.13122418961062887, 6.605743594334908e-10)
(0.2333081677578417, 2.887020853581696e-10)
(0.6284810923321892, 2.5434895890717684e-09)
(0.4953516240797991, 3.6331948903709355e-09)
(0.7952745495637655, 2.653397497493628e-10)
(0.43710604558090754, 5.534108018303057e-10)
(0.4406409890348417, 4.8269088626441305e-09)
(0.4505030151754904, 1.2189589457052834e-08)
(0.7402196082691052, 3.909920166745552e-10)
(0.04893221877512468, 4.3903042017832235e-10)
(0.07716598552631944, 6.456934798279264e-10)
(0.29676806624322355, 6.283236386271229e-10)
(0.7378892865226733, 4.3800681100713844e-10)
(0.5968005281492313, 3.827411077565143e-10)
(0.1674043352914095, 8.111679358076877e-10)
(0.32783660973649664, 4.937205612530642e-10)
(0.16467074472747034, 4.447607037450446e-09)
(0.2816383781133972, 6.499739069934972e-10)
(0.00482282046924501, 3.810932773264861e-10)
(0.33955994269613377, 1.1313063354313813e-08)
(0.15636310402262674, 3.345777311342706e-10)
(0.31819059713879744, 5.268701511171491e-10)
(0.33986859982320505, 6.466982302397136e-10)
(0.3789812633024925, 3.53755555112838e-09)
(0.48320396250008846, 8.911232360518806e-10)
(0.6193724858897103, 1.153067608993953e-09)
(0.9263525971398934, 5.227186684125673e-10)
(0.1608713522837021, 2.864278873125449e-10)
(0.827843874660929, 2.7815168753084565e-10)
(0.13036422757073207, 2.939084533836977e-10)
(0.9744043149566152, 5.836112405998788e-10)
(0.429746994442313, 3.9080216237767307e-10)
(0.7983381026160441, 5.179054368466524e-10)
(0.7311287069153345, 6.678562674721144e-10)
(0.295598686737179, 4.313780039479641e-10)
(0.1456938090621825, 3.7504379775539857e-10)
(0.5613499913533825, 3.389968119691893e-09)
(0.8687546073936225, 7.428300409399758e-10)
(0.35458422712280796, 1.3184631684651472e-09)
(0.8923982327513739, 2.6712750532150455e-09)
(0.3018435010083049, 3.738943451302288e-10)
(0.0854185635755465, 6.319573084274577e-10)
(0.7560668339185115, 1.732443261034758e-09)
(0.29587717608548864, 5.887061205603326e-10)
(0.03325665478350048, 2.7263306776682064e-10)
(0.8193989039809969, 4.419264903749122e-10)
(0.8789451490299539, 8.89018785155915e-10)
(0.6656123641821449, 9.747547664960891e-10)
(0.31850784109660146, 5.809898228326529e-10)
(0.7425133379679476, 1.056531922072637e-09)
(0.525872482000372, 2.796486577902939e-10)
(0.8823359345705574, 1.2315297380488384e-09)
(0.385531790123907, 2.7401366204087743e-10)
(0.1982450906223313, 5.176793034291655e-10)
(0.1527151524350053, 3.77048308573189e-10)
(0.049409214148708705, 4.1566173223708023e-10)
(0.8904419129384925, 3.98372235172207e-10)
(0.12826933536662127, 8.121971709588817e-10)
(0.523531976599089, 4.163773289999733e-10)
(0.9101132288895543, 3.3874838092689704e-10)
(0.3360253776447461, 2.8075804180385817e-10)
(0.5863862124128668, 5.995027463427908e-10)
(0.3339008536310695, 3.443820119089688e-10)
(0.8847904269859823, 3.199159331233326e-09)
(0.5864153985343923, 5.038109951979223e-10)
(0.04630801871393546, 6.792338909484056e-10)
(0.20966304479255948, 1.5394077193868752e-08)
(0.20561508734828163, 4.13427512844867e-09)
(0.9232782755715079, 5.301636626078939e-10)
(0.6976736015788375, 1.8755839194888776e-09)
(0.2881499591273765, 6.285750234927424e-10)
(0.07181336962759381, 4.099890480348662e-10)
(0.03960285522288513, 3.0413645680662395e-10)
(0.04885181646927849, 2.960019500656653e-10)
(0.7405747943149729, 1.0876982753800818e-09)
(0.7656336894976378, 7.318234050425145e-09)
(0.5489257219197808, 1.0537242016104516e-09)
(0.18188772326067681, 6.710810875226541e-10)
(0.16616752939464707, 6.597914922209662e-10)
(0.6515216214739732, 1.3534771793693205e-09)
(0.12470037569328815, 1.3025552644252482e-09)
(0.2079523440962756, 2.3283201813753644e-09)
(0.8517571152603943, 2.2988983320077892e-09)
(0.5334684287517627, 3.205915042087661e-09)
(0.6460597682697077, 9.006900428291404e-10)
(0.5667087992430465, 3.581495809638423e-10)
(0.36765254512513734, 1.097046037245606e-09)
(0.8992219010883309, 3.8539712860498794e-10)
(0.2120784205746092, 4.0301843852017047e-10)
(0.1596848789051978, 1.9488914213893148e-09)
(0.5695923109376728, 3.5625862993048376e-10)
(0.18829107317182603, 4.799865515259877e-10)
(0.6616558995336794, 2.825708439880455e-09)
(0.8439621023595879, 9.16993273420205e-10)
(0.673345940725448, 3.2896816712025297e-10)
(0.06240449787911177, 4.03356449121017e-10)
(0.05932777210606388, 7.231872980722861e-10)
(0.43614190664497937, 3.003317003576594e-10)
(0.22367203083119658, 3.55915721148676e-10)
(0.42442298833416525, 5.467213892056014e-10)
(0.7168600457138794, 1.4008118603075302e-08)
(0.848873012498363, 1.0377111087910982e-09)
(0.5187365501792541, 4.392075618635329e-10)
(0.8463294612679101, 2.92151209436478e-10)
(0.506516889410464, 4.402096508703802e-09)
(0.18880806628078411, 3.3468620505060625e-10)
(0.8460846484784628, 6.462400200779733e-09)
(0.7825286747063832, 2.8571959282131776e-10)
(0.798349194145249, 3.286823143857201e-10)
(0.14702386950091773, 3.0501182453065976e-10)
(0.939434158941761, 7.732700441703342e-10)
(0.26024522891550084, 2.7515012371663653e-10)
(0.37400377480790553, 4.748661984611751e-10)
(0.4792536693620307, 5.115347693168661e-10)
(0.5370403049892499, 5.324151108674469e-10)
(0.0635146019208781, 4.15451733010491e-10)
(0.18185627847069585, 8.652540939634665e-10)
(0.03774415360750371, 3.0967603024735733e-09)
(0.9673356868056199, 5.207495650131887e-10)
(0.6865436346200968, 5.341696866921746e-10)
(0.2127598121548183, 7.933499901352594e-10)
(0.9187677085647626, 5.42474590684974e-09)
(0.8642788072438373, 3.3025639281487583e-10)
(0.5505069860834465, 3.7255762536151894e-08)
(0.4342260520514542, 3.164115804379018e-10)
(0.5681250165805085, 4.94996680991361e-10)
(0.9005110715896077, 9.247991075190695e-10)
(0.6125541321109917, 3.346585468281639e-10)
(0.23205566045804696, 6.719497080127182e-10)
(0.4469932641048224, 5.321578368965334e-10)
(0.8840296282073261, 7.741388206389736e-09)
(0.1319450279801124, 1.3774547878686495e-09)
(0.33229216109121473, 2.642394793776371e-09)
(0.009636096881736821, 3.239630721774293e-10)
(0.2142957088844135, 3.063757770590567e-10)
(0.35641019248493294, 2.970613029771672e-10)
(0.8557865184424677, 3.3648549023832114e-10)
(0.8024347486001903, 1.4386884326740265e-09)
(0.9290656791075187, 1.0062089934856124e-09)
(0.9994958873828719, 1.290030387893932e-09)
(0.05606550394013417, 1.817166095206493e-09)
(0.6704391235783688, 8.214138169555419e-10)
(0.2537849323643278, 2.712499285154331e-10)
(0.10854392948010669, 8.608117807646385e-10)
(0.6284603323293797, 7.413076399468019e-10)
(0.4567776144128546, 3.4122297221719413e-10)
(0.5097989845562487, 3.4240547975816427e-10)
(0.1462394304695349, 9.590336252547787e-10)
(0.37262189972525306, 1.5487248000792744e-09)
(0.5846768204321596, 4.782755382298e-10)
(0.6030756707388657, 9.460464277705279e-10)
(0.7206259392837089, 1.2594299019888719e-09)
(0.6392811776915088, 7.686009681314842e-10)
(0.23831825833400677, 3.5687337395594733e-10)
(0.6691542965630318, 5.840316910367822e-10)
(0.9610907450364373, 5.263100287810579e-10)
(0.6373400675683877, 4.42776932185911e-10)
(0.9718432818798691, 9.146775070758873e-10)
(0.2826635520033217, 3.735241774248878e-10)
(0.46125967811611673, 3.5653491358297595e-10)
(0.1877542982084039, 1.6076547320720414e-09)
(0.18661598769201454, 5.057337458480899e-10)
(0.7658432138101287, 1.3768621209050961e-09)
(0.6723482622833015, 1.1325686820931196e-09)
(0.43532917574025587, 3.03073332093027e-10)
(0.5933383373180195, 2.7485665925953266e-10)
(0.6954456260011681, 3.195655540341721e-10)
(0.8728749655458783, 3.135508230627923e-10)
(0.9729904906211156, 2.6778037829028728e-09)
(0.5699308420477979, 6.436244536822463e-10)
(0.13635810772412257, 5.626491826909829e-10)
(0.06106014751020898, 8.401944164333976e-10)
(0.309518461229827, 3.868990764806365e-10)
(0.7937636295294813, 6.851589008411209e-09)
(0.020014132019279988, 3.0572456006603455e-10)
(0.5275292341251115, 1.5295606738277153e-09)
(0.10134947789880089, 5.155727489832363e-10)
(0.05925316496787863, 2.8927829111956796e-10)
(0.5510478114895899, 3.985972423458435e-10)
(0.8260540960986279, 3.34495874816419e-10)
(0.9455717139737972, 8.495340734177088e-10)
(0.2589472655075881, 5.233294932680331e-10)
(0.17222116628466522, 2.932022897469647e-10)
(0.16295053889429303, 2.8062290060017635e-10)
(0.48304176570142565, 3.978831425718537e-10)
(0.8682238125012179, 3.4444093507735403e-10)
(0.13259223311748325, 1.428955848748397e-09)
(0.32709452377046394, 1.2727610365298294e-09)
(0.39236388257534505, 4.6273252682389307e-10)
(0.5303979315997734, 5.499604906078853e-09)
(0.4478133743556921, 3.091393636178876e-10)
(0.3037230092389205, 8.81139881268264e-10)
(0.42413172611724553, 1.5977477624083408e-09)
(0.4332543769247671, 2.4331766538021905e-09)
(0.2601696148774099, 3.2291593242860085e-10)
(0.8981755041812145, 3.31133865985838e-10)
(0.7517360513171798, 4.2688905418342957e-10)
(0.6258381805108088, 3.9724120463679596e-10)
(0.3122645973477438, 3.234435016265179e-08)
(0.6572532501058077, 5.617808680588627e-10)
(0.3526037492024317, 7.614260927064963e-10)
(0.10213324325163385, 3.5671641668394233e-10)
(0.2625987284999508, 2.997566050440176e-10)
(0.33726058448019214, 2.955653023935705e-10)
(0.24897652366219505, 9.593620281411873e-10)
(0.7635676458988204, 3.5000722934306947e-10)
(0.1284106053451126, 2.1495868624628586e-09)
(0.9599250962769249, 3.72818631563338e-10)
(0.9337787192430288, 1.9357247276463037e-09)
(0.1271895755514463, 3.7807674961694186e-10)
(0.3421875397685742, 1.0951779767411551e-09)
(0.3938736518678592, 7.024573618036163e-10)
(0.19190125764084803, 1.0411006683237978e-09)
(0.9509142460497616, 3.3864241360738647e-10)
(0.26339892444040813, 2.6783699699312563e-10)
(0.22810268456025015, 5.607223636964802e-10)
(0.5638552468646028, 1.3946102852216262e-09)
(0.5240469004395727, 5.870398057822051e-10)
(0.07049023803957286, 2.7868973219215977e-10)
(0.8713948706489615, 3.2527524087921103e-10)
(0.5880670704692582, 2.6321515639788775e-10)
(0.31731414558507454, 7.143500047992454e-10)
(0.6401881546339393, 4.0583406132279e-09)
(0.5946367864809967, 5.522743542702498e-10)
(0.7476600882344406, 3.051619214641889e-10)
(0.3797398991589667, 8.260671332212776e-10)
(0.16315289835111063, 3.5468301642956254e-10)
(0.3712979741323176, 3.219029501225098e-10)
(0.026823662717253942, 4.9452767425307e-10)
(0.4357636992480952, 5.344932906496516e-09)
(0.7229153410767118, 5.914008174182375e-10)
(0.014074851280742299, 4.357975238271481e-10)
(0.7524283786628965, 3.068400451458206e-10)
(0.1596584334896009, 1.5191472742538223e-09)
(0.8831016986481679, 4.5375251861832803e-10)
(0.9269359184534194, 4.900099907711371e-10)
(0.6259780617246339, 8.006886036775781e-10)
(0.6729292890756686, 2.8720321569415214e-10)
(0.46024879944177816, 1.4554997846840463e-09)
(0.21005399549815926, 3.178904955461338e-10)
(0.4173171384837576, 5.534691428958485e-10)
(0.9679357441662237, 4.17701961411134e-10)
(0.6014827221174264, 3.535104385025941e-10)
(0.7488646705941401, 4.0094483739658035e-10)
(0.8555378595410829, 3.1320546394410825e-10)
(0.6220137286432235, 4.0416921524863817e-10)
(0.7341273601436754, 2.6086960126366095e-10)
(0.7994641619887238, 9.777342863751121e-10)
(0.7881534705741913, 4.748063511790347e-09)
(0.9403137524584341, 6.604965864035264e-10)
(0.8038499306495053, 1.3775961789731864e-09)
(0.6498263638422597, 6.931628029422538e-09)
(0.10554097463636698, 2.7086078602703625e-10)
(0.7690226082843546, 4.138069496406694e-10)
(0.40738319198915024, 2.7615761102461126e-10)
(0.08194618890353907, 4.244864665032046e-10)
(0.560744564300468, 4.417249311100103e-10)
(0.9309305770295299, 5.16169228638588e-10)
(0.4611899368830368, 3.215408043424221e-10)
(0.7473388630203477, 6.400030124690002e-10)
(0.6584061478693725, 4.393262598519718e-10)
(0.5881125089777653, 6.550964357716603e-10)
(0.5087856820737348, 8.212731370567444e-10)
(0.2310022318870276, 8.15209945545266e-10)
(0.4563680568486002, 8.622244523425693e-10)
(0.4113233581881668, 3.5503453183409347e-09)
(0.7228836547803282, 2.724306059881205e-10)
(0.17412938709829448, 4.709384730917147e-10)
(0.3915053888378311, 3.381266883208573e-10)
(0.3722245848926102, 2.7470961604634984e-10)
(0.9970693725280255, 4.2192541197099814e-10)
(0.8854051968860328, 2.619839371818033e-10)
(0.7552132279135875, 3.8560760265149867e-08)
(0.3178926858707607, 3.19815017425499e-10)
(0.5909805812730677, 1.6323082912892817e-09)
(0.5910162815321645, 3.2805339593788503e-10)
(0.7252368855578964, 3.963424722961654e-09)
(0.6944360486119008, 5.053440441552672e-10)
(0.5838516947128666, 7.595413520548387e-10)
(0.7881275568198768, 3.92669751064231e-10)
(0.907563742706331, 3.5594653540955296e-10)
(0.8936420099020796, 4.0478566106093314e-08)
(0.1588415938093305, 8.515644983305494e-09)
(0.4958722234939489, 3.040158703207054e-10)
(0.4199794522863668, 3.2113447232602125e-10)
(0.45277009596351064, 9.727408680975638e-10)
(0.18227875707105987, 5.255405953197755e-10)
(0.11930471082643754, 1.2214096075511413e-09)
(0.21687210808932522, 6.263907935793507e-10)
(0.3803594401982482, 1.2174729187404658e-09)
(0.2972686104257659, 7.800321971810073e-10)
(0.004595888804980957, 4.0469768370545736e-10)
(0.4408478142844173, 1.6317961192596495e-09)
(0.6856554973060566, 5.360570610249265e-09)
(0.4208261826264375, 3.886496104515861e-10)
(0.893445912076589, 3.525573481973048e-09)
(0.6057234978639628, 3.539238033456952e-09)
(0.32110376529444334, 6.005333890426508e-10)
(0.09043075318544794, 7.825697917158679e-10)
(0.704266447989221, 3.8469860335855067e-10)
(0.7250203550860279, 3.9617653659980297e-10)
(0.8079074705429474, 4.2075544972537986e-10)
(0.7001595981659875, 3.34657951900288e-10)
(0.695635650359851, 4.6056324568843646e-10)
(0.24455818216805159, 3.6936411712211135e-09)
(0.2931776695929621, 4.605844254137444e-10)
(0.6189907630290875, 5.612586087616983e-10)
(0.4177465321866636, 8.132696376756906e-09)
(0.19883354404191908, 6.702883637408423e-10)
(0.3652206805472195, 8.869221696495625e-10)
(0.9800719958275439, 5.378575381725697e-10)
(0.16315144254847122, 3.854849372686281e-10)
(0.5925674571434901, 6.40140210858946e-10)
(0.12322384901698936, 3.0323215217735155e-10)
(0.0893066402255507, 9.155545062574582e-10)
(0.5679228104913575, 3.1432184373601695e-10)
(0.908165192272091, 1.4569282416475143e-09)
(0.15372712811818717, 2.6721615203866323e-10)
(0.3144350749444384, 2.809181091936554e-10)
(0.09904828528911541, 4.0995167721757096e-10)
(0.2445734098884009, 1.9270250975948113e-09)
(0.04892552262831999, 2.777377085465216e-09)
(0.8839469057213618, 9.168193334906387e-10)
(0.7529441572449046, 1.1859689019306735e-09)
(0.5139813706739503, 3.7827686386807556e-10)
(0.7580761914745036, 4.183372319967989e-10)
(0.5580134768128769, 3.886798409101057e-10)
(0.9684878747858725, 4.3285486361569744e-10)
(0.9660872274851788, 2.8920342670510545e-10)
(0.3092829086430782, 5.732828167997976e-10)
(0.9421761123127071, 1.9829508866192166e-08)
(0.12892824480644755, 1.8226993424306323e-09)
(0.6416804046925778, 5.384232092779518e-10)
(0.7289629907969106, 4.78696274991186e-10)
(0.5970834133786225, 2.6859949770402127e-10)
(0.8359408524156787, 7.805971233204974e-10)
(0.910745055778022, 1.9899651656737007e-09)
(0.8452451545228058, 2.9963448232404725e-10)
(0.17844452075153827, 3.338599770107705e-10)
(0.39972302167055906, 3.806068962868153e-09)
(0.8779656129413355, 2.697686735109087e-10)
(0.6324213647900957, 4.377176080738177e-10)
(0.2417848696671634, 4.395789795713924e-10)
(0.09893514798467444, 2.63771668521329e-10)
(0.8111623103937902, 3.5403788105318217e-09)
(0.4663139993938371, 3.7076774982937245e-10)
(0.6336924050787754, 4.260497898038571e-10)
(0.4812636066104824, 2.164516176144422e-09)
(0.30514489518911597, 2.4531672164284808e-09)
(0.43762340974219394, 4.162766740139494e-10)
(0.9825941430831395, 4.112051395198785e-10)
(0.9402452647111018, 4.174417788109206e-10)
(0.016720808004943234, 2.756929271807497e-10)
(0.07468209003645877, 2.923916340821235e-10)
(0.8264611381221826, 3.7179169623951373e-10)
(0.5652590973735901, 2.6051384832463955e-10)
(0.9554582524205835, 3.4545465339994084e-10)
(0.19297944694797683, 4.54236943025197e-10)
(0.9155792807768351, 4.712202337583449e-10)
(0.22232750239298182, 4.235085490614259e-10)
(0.521767547034468, 2.235002506132961e-09)
(0.5032978292928565, 3.9918955713725446e-10)
(0.5026818681751501, 5.1969584729876025e-09)
(0.16191027080118578, 3.8661431474517353e-10)
(0.11681344127519705, 3.247163540961412e-10)
(0.6790289144987799, 4.0252309190094773e-10)
(0.17390574895723504, 3.0893279723513262e-09)
(0.7538514038037882, 3.3390299273594555e-09)
(0.5591765771845225, 3.2162898663517574e-09)
(0.2135672101720047, 3.577707196421676e-10)
(0.16552676880333744, 3.76964780797435e-10)
(0.6954670472446793, 1.9618841030217585e-09)
(0.9161730968615543, 3.992331924120755e-10)
(0.0604919421118352, 7.807160402811757e-10)
(0.05551113586020971, 3.7189648662976184e-10)
(0.6976869631554048, 3.401403533716534e-10)
(0.9111247366077372, 8.793868623274072e-10)
(0.26897640711437304, 2.7559581064402396e-10)
(0.23825527465278162, 3.5704382796892893e-10)
(0.7206819008408332, 3.233312813037704e-10)
(0.5695935677483327, 1.062138187754509e-09)
(0.7423893882802518, 8.104273034775476e-10)
(0.04947653317595522, 9.727387031173183e-10)
(0.6395299693033095, 2.668599113046642e-10)
(0.4732854755978742, 4.2318196618582684e-10)
(0.23311075195804598, 3.8112640215543156e-10)
(0.43532835799555125, 4.720731844277083e-10)
(0.21147450801635712, 3.222309255578086e-10)
(0.5333404700127675, 6.2650005388004215e-09)
(0.5664202353998369, 2.0282765212358026e-09)
(0.20259879175595874, 5.908231201007657e-09)
(0.7894010291021195, 6.265768736237274e-10)
(0.5833190892356763, 5.041673814336065e-10)
(0.28648059380597923, 9.06658921287355e-10)
(0.4757359225354612, 4.3537387144999006e-10)
(0.28189153284252183, 5.669287162898735e-10)
(0.5379376298640673, 2.1432526558375187e-09)
(0.7981082718523951, 3.2020673337627647e-10)
(0.29725886598519025, 2.885671006367067e-10)
(0.09118275507173249, 7.617467889519762e-10)
(0.49094837356571763, 6.375648559896098e-10)
(0.8930488680120108, 3.8163088258142436e-10)
(0.657954735276729, 1.269495202502742e-09)
(0.5917139228277889, 5.980349168982972e-10)
(0.7557706713221294, 2.6185139845208964e-10)
(0.9167289559414264, 2.1890886621910085e-09)
(0.3401962729574444, 3.054495909981569e-10)
(0.9442060793146776, 3.027223361468137e-10)
(0.37184336491009296, 4.2442770144928603e-10)
(0.0012252198123293596, 2.714483975888077e-10)
(0.40173186631003976, 9.681146326760133e-10)
(0.16399377603199783, 3.1671732542840955e-10)
(0.4607146072557694, 6.279978195512663e-10)
(0.098018443524162, 3.41411364774611e-10)
(0.3764576301215264, 1.0229533131856695e-09)
(0.37733122339147074, 5.292483501887221e-10)
(0.01804943586493909, 9.021488319091722e-10)
(0.848435863526315, 1.6398833635948163e-09)
(0.08977979325848255, 3.016416768314779e-09)
(0.5349037838050719, 7.065539573514249e-10)
(0.30129542668687415, 3.2612417001130877e-10)
(0.6686318125858952, 3.661319399681797e-10)
(0.3296996814202063, 2.6923487692810824e-10)
(0.8967267277421253, 1.1262653816231136e-09)
(0.5706330328034828, 3.369965522757098e-10)
(0.6945606380367744, 6.262057512272834e-09)
(0.03750336485107447, 1.0084850609339291e-09)
(0.13768654787955123, 7.436888895320617e-10)
(0.8111884928981836, 3.802099354160936e-10)
(0.8821598992999895, 2.911342604629196e-10)
(0.13029893268628318, 4.754722893700684e-10)
(0.1146230694106489, 2.9291372383473694e-10)
(0.663646411764, 1.0968274140463007e-09)
(0.5707013507823379, 1.467306722560888e-09)
(0.054623441550121686, 1.6007553563112906e-09)
(0.6008873536315726, 1.1442764363505831e-09)
(0.7708506394850685, 2.8508834546668865e-10)
(0.014630390784330793, 8.344689429862645e-10)
(0.6811094240029483, 1.381344507181905e-09)
(0.5958417051890873, 2.9169481330158324e-10)
(0.9259821131796575, 3.96648067075613e-10)
(0.2987874208800415, 3.5302899450180705e-10)
(0.20270341609872328, 2.9484788821637855e-10)
(0.04735727817163214, 5.500184151547864e-10)
(0.41626106161112864, 4.5674985846746293e-10)
(0.4581579334214953, 1.1727475690430892e-09)
(0.4621473152644235, 1.3376401282706485e-09)
(0.702762067722797, 4.739103164255055e-10)
(0.4563213616351523, 3.1968842395245436e-10)
(0.5304218285199113, 3.864888216704635e-10)
(0.6319971801013283, 3.4289290341352203e-10)
(0.6306177779811146, 6.74757709811912e-10)
(0.37200611935172234, 1.23652934375377e-09)
(0.9946210484981387, 3.2098845082094726e-09)
(0.4559664493074961, 8.368015198913902e-10)
(0.3579660323366533, 3.4096178864074313e-09)
(0.3520967321480538, 3.1284389626942886e-10)
(0.8996456362471377, 7.253138725367476e-10)
(0.6296702599755563, 3.130604908219114e-10)
(0.5572176623365249, 3.318341260622575e-10)
(0.09518986232430678, 1.3592856073280789e-09)
(0.2478763895700558, 5.553971519474615e-10)
(0.3079775821927933, 1.032842486223977e-09)
(0.6074663010720435, 2.1125888207574983e-09)
(0.31166157429510816, 1.1857579667784271e-08)
(0.4868326562505962, 1.6625438100666624e-09)
(0.8081657295857884, 4.3180594007714606e-10)
(0.7074030772992779, 2.947354673900592e-10)
(0.5963906711429109, 8.20479765089676e-10)
(0.8828226164756722, 1.070957339166373e-08)
(0.6152346797141998, 2.7588085482309736e-10)
(0.19666804408258898, 7.732481265970172e-10)
(0.7533471787159827, 9.512571569975863e-10)
(0.7780147890766389, 4.126091851338712e-09)
(0.8844780928378411, 4.6324671414651776e-10)
(0.7349049869850045, 2.648993162367782e-10)
(0.2562558145686687, 1.858080139677517e-08)
(0.5792726924183881, 4.019504561811948e-09)
(0.5999297161218325, 6.728793581520853e-10)
(0.7002358955445855, 2.8859158438794436e-10)
(0.7712502042261568, 4.1816266619078606e-10)
(0.4219001850964679, 6.077656756020018e-10)
(0.42248422695527216, 8.569923099202277e-10)
(0.8161094129334449, 4.3926367292220716e-10)
(0.5617149870494944, 1.0512700192338472e-09)
(0.6230600301758391, 1.4046401922788899e-09)
(0.5773984699175376, 5.694374611042648e-10)
(0.8933687843622294, 4.314196717576983e-10)
(0.9145012579680357, 3.023140153592034e-10)
(0.7268017620450302, 1.6756988649616766e-09)
(0.7659348669015402, 2.9110672236387623e-10)
(0.706398032382546, 2.6464081708840304e-10)
(0.27191343345614566, 8.974842376886673e-10)
(0.08220641913452995, 3.674087566547448e-10)
(0.7826606527019098, 1.8403847231736192e-09)
(0.9111829644685655, 4.5315334652664624e-10)
(0.08057305637529293, 1.068348584073534e-09)
(0.5119348816723067, 6.857643209209938e-10)
(0.582815281205547, 1.0302132064752365e-09)
(0.7209580799016821, 2.667993994761938e-10)
(0.4406775394531198, 6.155097195068092e-08)
(0.8351483881842467, 3.2546022231568874e-10)
(0.7871608560140883, 8.567938244110724e-10)
(0.24844547430538783, 2.8826928503254506e-10)
(0.3832318139527226, 7.830295193834205e-09)
(0.38540723240766334, 5.230640412546597e-10)
(0.026908661044324916, 1.7849197678630828e-09)
(0.5298392081280973, 5.384631658615826e-10)
(0.04560227349331688, 5.583399595158031e-10)
(0.3284387970149779, 1.6375361029935616e-09)
(0.3074548438605442, 7.24866511890879e-09)
(0.0372132307271184, 9.184777795720431e-10)
(0.5092964529700342, 1.9932601758515434e-09)
(0.7872155045121463, 7.674242776814644e-10)
(0.7609959243751646, 4.671079769086912e-10)
(0.587634101559875, 5.01609323298568e-09)
(0.7339291510355316, 2.9148695511284793e-10)
(0.9462110140218101, 3.6885895852640734e-10)
(0.5790517978680323, 2.8991538530432914e-10)
(0.9315518079077607, 6.578732251071193e-10)
(0.003646670250709094, 3.173722261317469e-10)
(0.9340482665835191, 3.4077492031551853e-10)
(0.8904907599942598, 3.232649570356931e-10)
(0.7296495776168846, 4.112676564517373e-10)
(0.14840036872875476, 2.784823954059126e-10)
(0.9143894195799575, 2.794846612361278e-10)
(0.8835528529556934, 7.208465515549713e-10)
(0.8953075980864554, 2.0077062634939586e-09)
(0.018750705949039, 3.525699669658216e-10)
(0.6673889608475796, 1.3126705992691642e-08)
(0.9740403438593139, 5.301196036442596e-09)
(0.9413177016876264, 4.806255573177722e-10)
(0.678907350107347, 7.532228055183834e-10)
(0.9521235332209166, 2.3345138471388e-09)
(0.47710077965633846, 3.8083261952089053e-10)
(0.9696560049967005, 1.0943246205810736e-09)
(0.5837492764333689, 2.8390357143989785e-10)
(0.48747535742665565, 6.723655706743811e-10)
(0.2735479794291943, 3.3010403988210245e-10)
(0.9477086652754477, 4.029525784275896e-10)
(0.7619442447212863, 4.030263101780263e-10)
(0.4588009588623989, 3.115960367553426e-10)
(0.7148922913187278, 2.3706128809644107e-09)
(0.6124727381318198, 1.3911078765241435e-08)
(0.7762329783203713, 2.9403606305601275e-10)
(0.3372841233650129, 2.6796070602542247e-10)
(0.8217886597877739, 5.300983468762732e-10)
(0.5019992447597036, 7.433671425650351e-10)
(0.9763446622089917, 2.1225144005388e-09)
(0.9958244255203806, 3.0945672689419596e-10)
(0.40544495426228716, 1.0700329971464089e-09)
(0.4863489588394435, 5.526707850245542e-10)
(0.9169258296418785, 3.587189745846556e-10)
(0.9923781115708683, 1.2590633953766796e-09)
(0.5552315489098175, 3.39281189602968e-10)
(0.47041457469922354, 6.183932284178811e-10)
(0.4164667032601296, 6.916326122943034e-08)
(0.5194043606898543, 9.780813199976178e-10)
(0.5911870681948647, 5.484935479840884e-10)
(0.41423352202836555, 1.3274767711157884e-09)
(0.6958307600745793, 9.288327642124788e-10)
(0.7340235640114159, 3.3957893035195824e-10)
(0.8032621102360137, 2.7210176401039723e-10)
(0.41466366686541495, 3.1886334894198115e-10)
(0.8091517909671553, 4.399683746337477e-10)
(0.014793656053605313, 2.934258989259238e-10)
(0.3166132810858385, 2.7190643275629325e-10)
(0.854960711853365, 6.448656006276276e-10)
(0.5866014214399401, 1.0896188935596375e-08)
(0.05414947481276528, 2.760824992792585e-10)
(0.31627385131856117, 1.531962957394759e-09)
(0.5622427658119051, 2.888506998571128e-10)
(0.6635950705127963, 2.0503005935183985e-09)
(0.8579484458599399, 4.45733242546709e-10)
(0.6799096347609458, 4.836886473478762e-10)
(0.8222693364335896, 2.714547883489522e-10)
(0.42778926486632435, 1.012885722757508e-09)
(0.9675088757624184, 5.71637873910892e-10)
(0.43058614488929947, 2.7626832446349086e-10)
(0.5334330708258334, 1.4731045634177735e-09)
(0.5589644100032358, 4.4056053947914324e-10)
(0.3562207010702562, 2.7595737966594384e-10)
(0.5036581993924644, 9.404412016043653e-10)
(0.7902760801541736, 8.028449613500885e-10)
(0.8720412698714457, 4.5351569928769185e-10)
(0.18317253502849842, 6.748947897470053e-10)
(0.037438897716090415, 2.6841297047478213e-10)
(0.3795829311242478, 4.434376938709246e-10)
(0.37784877981119636, 4.05711683584369e-10)
(0.7586954895907848, 5.161697358399293e-10)
(0.522710602866331, 8.421383871690888e-10)
(0.2877425446445011, 9.262818419777734e-10)
(0.4278586895495765, 5.077532785126734e-10)
(0.7780585109303444, 3.6471549991449927e-09)
(0.35928043716118324, 3.945493390434336e-10)
(0.9540654057214649, 3.3314844140104352e-09)
(0.7347744534979733, 1.13777016035109e-09)
(0.5297631855593085, 1.5659915364802434e-09)
(0.5734960309528415, 5.699696018480293e-10)
(0.2770975758150144, 1.2211271649410381e-09)
(0.5771516113715035, 1.121522171180776e-08)
(0.44553985382846023, 7.09371240776892e-10)
(0.7513621135509825, 7.156592214134934e-10)
(0.299096313377736, 4.739902375866416e-10)
(0.4036976416120118, 5.189445824235506e-10)
(0.8487131694003792, 4.1239944631764107e-10)
(0.07011986985282478, 2.1770560500850345e-09)
(0.08062182291186744, 3.489609842578327e-10)
(0.7593367749335073, 3.475490266893489e-10)
(0.42672543413279324, 2.791332166847607e-10)
(0.25163615913761406, 2.1001822954212356e-09)
(0.8701665630993968, 5.209958225134006e-10)
(0.40999729710928423, 2.732432988556397e-10)
(0.9729015628642, 1.8022825831557896e-08)
(0.6888655788115973, 4.645039088424774e-10)
(0.26275603771133627, 3.706310940960845e-10)
(0.9291167645890358, 1.3502226271423052e-08)
(0.9431150674001867, 6.283023414519816e-10)
(0.3121041246903775, 4.952088786341078e-10)
(0.48687198421447114, 8.252315049938809e-10)
(0.9431734942249729, 1.2417277123295808e-09)
(0.9814144911257479, 4.3885303740442934e-10)
(0.8742778849621989, 4.935943697657463e-10)
(0.4382526179811658, 8.242019199748846e-08)
(0.6954060215047954, 5.2209819343696035e-09)
(0.2390149141312316, 1.1127385629241983e-09)
(0.7769618256895922, 9.224053297790266e-10)
(0.0729828117207297, 1.2559447997066892e-09)
(0.2512619807276913, 2.7298286730390844e-10)
(0.45460423322165655, 5.657081339661467e-10)
(0.6654340160395701, 4.789411202030777e-10)
(0.2809284603076497, 4.169210951579406e-10)
(0.462220371482431, 1.0557555320252422e-09)
(0.7695156816978684, 6.538308504240403e-10)
(0.18359270993460017, 3.12175659861588e-10)
(0.26078267695693064, 2.669298038928436e-10)
(0.7915674537382921, 1.989578226256997e-09)
(0.12466060908922605, 5.965807165556105e-10)
(0.010749076178648169, 2.930807776798865e-10)
(0.16603967779021672, 8.189910104423921e-10)
(0.7461318534606348, 3.8360128818534565e-10)
(0.2420423552918744, 3.9261687341238814e-10)
(0.7920359237373645, 2.938305306203582e-10)
(0.7682903519616833, 2.0610375665746615e-09)
(0.9702425088375518, 2.64863473677514e-09)
(0.2534483382482861, 7.709304769061261e-10)
(0.7364290000332275, 4.5690127463306055e-09)
(0.5722261358624322, 1.7945095900297161e-09)
(0.3224898276918463, 4.193457025356566e-10)
(0.7442209627567623, 1.0837384477441694e-09)
(0.6904786220938707, 1.0358836846070252e-08)
(0.9553837106643582, 3.566271880722757e-10)
(0.601397333108055, 4.97295968635043e-10)
(0.45400403078784346, 3.4637129145572876e-10)
(0.33843629311736806, 6.606680134332881e-10)
(0.8845174812185465, 6.992243363769871e-10)
(0.5138567641564358, 2.0710512839757246e-09)
(0.5559056364205219, 3.3454463534661963e-10)
(0.4790163713953136, 1.7445912542471293e-09)
(0.6654428403361103, 5.159354692094666e-10)
(0.2947141165458851, 6.694322898394886e-10)
(0.9188330599447733, 6.429834570392565e-10)
(0.8329601384647428, 1.3577907298902533e-09)
(0.38358133699152624, 2.716663805028222e-10)
(0.9766335905066665, 6.819325386379915e-10)
(0.6315295521224387, 4.365248000562845e-10)
(0.8921554732348287, 5.241337418021707e-10)
(0.5309139020884994, 4.217748852702038e-09)
(0.456028667240016, 4.671441912366926e-10)
(0.0841299529438593, 1.2490609878618842e-09)
(0.2481309442464764, 2.6213274796711527e-09)
(0.30597823954194453, 1.416859384113991e-09)
(0.4019697320902305, 9.896079523962675e-09)
(0.11367619757230811, 3.3107829272983157e-10)
(0.69122153366822, 5.260782601824142e-10)
(0.5760433921159365, 2.947239475736614e-10)
(0.8862222803190478, 3.213693628607535e-10)
(0.4528533303102158, 6.203090703233899e-10)
(0.48188255595984747, 4.990779300488307e-10)
(0.20931197274616312, 3.751018763034842e-10)
(0.16009905471704017, 2.691469181994986e-10)
(0.6904926326705882, 5.674533382521062e-10)
(0.7193896399387631, 3.1331372745962163e-10)
(0.9370727222071047, 3.096289587788978e-10)
(0.03826187109159642, 2.9312906127876234e-10)
(0.5866288523819241, 4.759312995360135e-10)
(0.3458562288986099, 1.2244941231143285e-09)
(0.8934771932415272, 6.068139707753496e-10)
(0.2580817085103736, 5.107780938293655e-10)
(0.008513456392376242, 3.9048820003875787e-10)
(0.62214814053219, 5.487478000453153e-10)
(0.21829929828879632, 1.348054599704192e-08)
(0.6975377754581673, 4.28721736104806e-10)
(0.07007950530620577, 2.6536901302409577e-10)
(0.1900019899299644, 1.471714094278799e-09)
(0.6921358625803271, 6.055514244549742e-09)
(0.8249448582408041, 6.891987395512728e-10)
(0.025979356967850337, 5.7369903688492274e-09)
(0.5278566508969176, 8.088257072687171e-10)
(0.5166521215910688, 4.261571844753989e-10)
(0.0503902552442922, 2.557606823342965e-09)
(0.8754191319395709, 1.258024667429033e-09)
(0.9348811414758837, 8.634412933707351e-10)
(0.13059260028223874, 3.4212006696036546e-10)
(0.2334573464830262, 6.145106603797708e-09)
(0.4457493554520461, 2.608323394296604e-10)
(0.11694883547297333, 2.166376578660942e-09)
(0.8416100190305148, 2.842563956774108e-10)
(0.969633584070646, 1.9879710630994163e-09)
(0.6902784973824544, 1.328094916972405e-09)
(0.6902062808269974, 6.418648988354801e-10)
(0.2555122493923494, 3.5312197522862825e-10)
(0.24399802954747382, 8.664912762506918e-10)
(0.2342237671673667, 3.121957964005872e-10)
(0.06914771685387297, 4.529925667589643e-10)
(0.8972954198378575, 3.5720596677244293e-10)
(0.9837212995569437, 2.937002238336497e-10)
(0.2221270654285079, 3.991144539575523e-10)
(0.5522865856975109, 1.310553706800209e-09)
(0.09573331792971301, 4.3427299015998115e-10)
(0.7399987537696525, 2.894846024887938e-10)
(0.7862663365364185, 3.038218978319912e-10)
(0.3516957230730919, 2.8532839635281447e-10)
(0.8056433805090875, 6.374407778620162e-10)
(0.3689746528058709, 2.919098332018705e-10)
(0.48806402355320827, 9.591964349533045e-10)
(0.7544884163426098, 4.757958032478896e-10)
(0.005687714365347152, 3.1666069675828263e-10)
(0.9415694188156405, 1.671988591749072e-09)
(0.661453366954947, 4.403671382346355e-09)
(0.05585019549551302, 3.789533626732167e-10)
(0.43891177956415617, 2.7648835936505728e-09)
(0.851551696781421, 2.6163893005338073e-10)
(0.21190889532125434, 2.1939248799989425e-09)
(0.4462610991338264, 3.786940298005898e-10)
(0.4772735438490226, 7.474621415414402e-10)
(0.08280701709481958, 4.840834707982083e-10)
(0.38729754146514794, 5.086543580037765e-10)
(0.5995509304738229, 2.633102701192704e-10)
(0.8907234628757695, 4.08220631737043e-10)
(0.906627765986882, 4.798379549154014e-09)
(0.6235223907849006, 4.587920232880601e-09)
(0.42021017564044305, 4.395850192587841e-10)
(0.16241544971061625, 2.9805650004618596e-10)
(0.3221491889602485, 1.5052432740622306e-08)
(0.032987911765822706, 6.887149371137982e-09)
(0.9883090345432484, 7.233575731224738e-10)
(0.8644812350071246, 2.9137184732217065e-10)
(0.8083476018289006, 3.030267229052807e-09)
(0.020594297519948665, 5.369922814440754e-10)
(0.5497335374570735, 4.810346384144747e-10)
(0.6608688922452136, 7.886460218720198e-10)
(0.21401432800745882, 3.67319502637845e-10)
(0.4739568172681909, 4.249235875228985e-10)
(0.9630589300804091, 3.990594570346786e-10)
(0.027329005424726292, 3.6778093519999203e-10)
(0.8137757020950085, 1.9579506875102877e-08)
(0.46148064022238455, 2.440491566509876e-09)
(0.7662048812936388, 2.3228494025801706e-09)
(0.39854032539384043, 3.5926908350906645e-10)
(0.5382822552443062, 5.517056612577652e-09)
(0.6525711414396896, 5.755979736267771e-10)
(0.12369934151805274, 1.2690805117725983e-09)
(0.5202814299494463, 3.168832991206533e-10)
(0.0757906244733508, 2.857953726198416e-10)
(0.317222289560006, 6.620559880529462e-10)
(0.6886104530334658, 4.1934136539959436e-10)
(0.0354144848379946, 3.225230958314009e-10)
(0.548018826986534, 5.367439729563386e-10)
(0.41853002450271265, 4.578000535756702e-10)
(0.580993959074395, 5.86547305771278e-10)
(0.208260492670736, 1.7448641280853725e-09)
(0.21767012570177327, 9.5084151257136e-10)
(0.6523162420370557, 3.040839998560167e-10)
(0.9223236761001892, 2.7378193808305636e-10)
(0.26621689968994106, 6.839991351526209e-09)
(0.248590028666884, 2.6693228127869927e-10)
(0.16101813748562827, 5.361096316440173e-10)
(0.5326050522717255, 2.833365704990686e-10)
(0.7441228977178004, 5.382021482853082e-10)
(0.532640062987438, 3.1336258925140506e-10)
(0.18391560188605205, 1.3912140422209787e-09)
(0.4427797600707381, 2.287864466196373e-09)
(0.1507907541162658, 3.990993745113323e-10)
(0.901354378542267, 3.5142262025810026e-10)
(0.3346625855848626, 5.837128828265687e-09)
(0.7276011802347703, 2.0362820794498663e-09)
(0.05315035443869032, 1.0421079576942436e-09)
(0.6017672721432256, 1.9901708346204338e-09)
(0.028445912644175085, 4.6196115487736655e-10)
(0.48003414126179894, 4.2983155005583746e-10)
(0.040233809281031645, 6.459992341636552e-09)
(0.10488458657939553, 2.9670758109568843e-10)
(0.5061097190110855, 1.0852459286481896e-09)
(0.7633449303908332, 9.269217019483702e-09)
(0.21707552081147627, 1.3095796241370645e-09)
(0.6155772088062408, 2.9807641976928726e-09)
(0.22003320915744964, 2.901469302803983e-10)
(0.1322501772888171, 4.242451942889131e-10)
(0.8597978739640452, 1.1912386199920747e-09)
(0.6111565204589929, 1.107284064102461e-09)
(0.6332602450092921, 2.8681736006863084e-10)
(0.7979678786862875, 7.47009776282211e-09)
(0.8656295799000014, 6.122622892528629e-10)
(0.6267097126366475, 4.171411312857375e-10)
(0.5350463671017314, 2.837565979446542e-10)
(0.5353777357202104, 2.841580871875008e-10)
(0.5823271455389455, 5.180955814816754e-10)
(0.7149485186388154, 2.6305046594751005e-10)
(0.27384813356228693, 4.5780797025134374e-10)
(0.02769540427938469, 4.4964099560872593e-10)
(0.9318744671754797, 7.588633317806051e-10)
(0.09786719760544484, 2.079913092170333e-09)
(0.9400860843022816, 2.7317513693002524e-10)
(0.03512826727987784, 4.786580157826432e-09)
(0.4994065521235088, 5.020481545639296e-10)
(0.24004193840904123, 9.06468167767145e-10)
(0.33297965474756314, 2.8310680410012686e-10)
(0.09778057496582843, 1.3141153481517896e-09)
(0.7289117241739725, 3.562882011970185e-10)
(0.11062675227134648, 3.9663869845785217e-10)
(0.17300713162306036, 5.821369694792721e-10)
(0.6287856110929299, 3.5301266947634696e-10)
(0.8469132629076096, 4.2266441941399073e-10)
(0.2933955383503018, 7.453151688159627e-10)
(0.459394300940598, 2.9851530997663444e-10)
(0.17967100681704873, 2.964314628854638e-10)
(0.12326500751610184, 7.381225858328837e-09)
(0.9873197366619461, 2.7544362871483964e-10)
(0.5114296298654591, 9.853050066109421e-09)
(0.06946476116506418, 1.365602644701737e-09)
(0.43327070533933815, 4.679410075697137e-10)
(0.4209436819466398, 1.2235040944936529e-09)
(0.6729346383420675, 1.6017285726969139e-09)
(0.7839450296526506, 4.767605538671879e-10)
(0.3277550285234077, 2.675652332661084e-10)
(0.33926527022601505, 5.471644000198033e-10)
(0.3054581817891987, 1.0749958603062085e-09)
(0.11525737719440994, 6.584759284914503e-10)
(0.5118938518282752, 3.1476899600405986e-10)
(0.3661117920577848, 2.9939300374723224e-08)
(0.3025855495003161, 3.057015431473549e-10)
(0.09232383966959838, 1.4457224495241247e-09)
(0.45240233808100666, 8.86448502383942e-10)
(0.9841155205934514, 4.159674746068363e-10)
(0.6489193636019882, 3.305503152441289e-10)
(0.07580311654881601, 3.145700184084815e-10)
(0.032229718704917025, 3.314556774675001e-10)
(0.9210134247373606, 4.3167912958078306e-10)
(0.06507703010237156, 7.019226166744606e-10)
(0.9196527581246705, 3.132783330193572e-10)
(0.1629202356361887, 3.071038591403278e-10)
(0.3763641844547865, 8.803316766135931e-10)
(0.8917342499487616, 6.293229060534186e-10)
(0.05242042747133598, 2.781987475218395e-10)
(0.40692902105932105, 3.9754314655929667e-10)
(0.960285565276036, 7.065481188698737e-10)
(0.08696240967200115, 2.7220092872016274e-10)
(0.44262022408375373, 2.9440293403619317e-10)
(0.051031542940205205, 6.062540511898895e-10)
(0.08480827282029366, 4.486737753844747e-10)
(0.5389045327534492, 3.9740974845713166e-10)
(0.6995475693786775, 1.1703781316762083e-09)
(0.5572862983384129, 1.0712252475953233e-09)
(0.2145312245232154, 9.519719712635908e-10)
(0.44279391915704774, 1.2053275606887148e-09)
(0.7810168384135623, 4.521945877990509e-07)
(0.3655375522394267, 6.146001447522994e-09)
(0.7879743905647871, 3.3054314413574014e-09)
(0.6062155662328098, 3.467238814168052e-10)
(0.038263139460263114, 3.4751346170918907e-09)
(0.3603629217654692, 2.2454811220123576e-09)
(0.9665750279824711, 3.051712208718818e-10)
(0.015766670821392426, 5.509213898157535e-10)
(0.4329321376980202, 2.245477744371655e-08)
(0.9302771469098972, 4.503088046668945e-10)
(0.8000644786076619, 3.526379406087703e-08)
(0.9155900264145642, 4.538219890430762e-10)
(0.13388418078569392, 2.387547124513521e-09)
(0.6776490767976613, 3.675632409765429e-10)
(0.19024204094399272, 3.4049923655666465e-10)
(0.587140165146912, 2.862230660023875e-10)
(0.6302621442483372, 1.395736117127213e-09)
(0.9696366202064557, 4.0748366291381034e-10)
(0.24864325293556117, 2.9888923213161406e-10)
(0.2133570277172497, 9.856849992075279e-10)
(0.323633977896537, 4.2968499856924896e-10)
(0.24464967661312445, 4.6138474510983444e-10)
(0.34874566972736687, 9.077419103582294e-10)
(0.8500572709264987, 4.917784829976296e-10)
(0.5421406294269253, 1.1438143450263424e-08)
(0.04376441941929297, 3.988613634924308e-10)
(0.2735879882494047, 1.7970574813835447e-09)
(0.768937645453323, 1.1603536692777287e-09)
(0.441959089518095, 5.330136632868884e-10)
(0.40845220946430266, 3.2086547639943083e-10)
(0.9033279984406603, 5.94264299218817e-10)
(0.13570451677796377, 1.1066268216265186e-09)
(0.727204150195494, 3.8321727994012337e-10)
(0.18072307522592732, 5.775186809264872e-10)
(0.23300040522109697, 3.233604618145918e-10)
(0.24407341123640314, 1.1263337831909134e-09)
(0.17710645547840417, 6.475137692948524e-10)
(0.5609773977303747, 4.821790421600915e-09)
(0.04724351850079936, 3.6136423457243037e-10)
(0.7538154877660331, 3.5606906777675584e-10)
(0.1009007875848714, 3.045987185882139e-10)
(0.9139120758796823, 7.126301834327206e-10)
(0.7931914016462901, 3.51120554732849e-10)
(0.8414252929191736, 4.077802772000631e-10)
(0.4415518930786764, 1.052704224876759e-09)
(0.019557518223890936, 5.131454661633298e-10)
(0.1653032856382648, 2.4259114252571196e-09)
(0.387980808219335, 1.1714875507744972e-09)
(0.3336353006410297, 1.5539906371832247e-09)
(0.17623740644739577, 2.736289651600484e-10)
(0.9920760977761968, 3.408623087864268e-10)
(0.4523590961371724, 1.0220265303274617e-09)
(0.8588846835549242, 5.341065586780611e-10)
(0.08906706423101278, 3.472973597548455e-10)
(0.17308928055504205, 4.5979957023169556e-09)
(0.9915919002866027, 4.4597720095860817e-10)
(0.22428907864673356, 3.360844602658741e-10)
(0.2603724427323892, 2.691539142246852e-10)
(0.5923675634903951, 2.91016187286299e-10)
(0.4164007131716441, 3.1221640418046915e-10)
(0.5170473534940436, 4.74737687423213e-10)
(0.045067687524961174, 2.8044062364677673e-10)
(0.14392973811258933, 3.341487587033821e-10)
(0.12009765267300586, 3.3519581929327517e-10)
(0.8205491817151797, 4.4248566013332584e-10)
(0.9079451918033056, 1.1013200934794884e-09)
(0.03571479233118183, 3.7765013781022724e-10)
(0.6305408745556091, 3.7383046855053717e-10)
(0.960546589339902, 5.77382166100815e-10)
(0.5439637597855923, 8.932287968015364e-10)
(0.02602653016845195, 4.864628698849621e-10)
(0.6076398603106311, 2.6071083350011855e-10)
(0.893000971040429, 3.0842523302464995e-10)
(0.4723377331514505, 1.9086322754481815e-09)
(0.8820997878266014, 4.16281484578836e-10)
(0.017399723991085126, 8.77191409834244e-09)
(0.10243650726862032, 3.086713680131377e-10)
(0.002740913118502912, 3.165043119495827e-10)
(0.45266688956939355, 3.4090207172396217e-10)
(0.9767046712303286, 4.1635355685844574e-10)
(0.8425376432007583, 7.742174020650135e-10)
(0.2211393039099058, 3.8164040144110575e-10)
(0.27749162681020456, 2.771036512316141e-09)
(0.6496163585790677, 1.2393038857014055e-08)
(0.941578237573765, 6.50433980818016e-09)
(0.44161046236920554, 3.071895502905519e-09)
(0.29747405700310875, 4.15509920210188e-10)
(0.8610974535430235, 4.978569884608062e-10)
(0.8242309275050791, 9.774792016256187e-10)
(0.40943780803883106, 3.033850050930782e-10)
(0.8543630367934959, 8.683174576948101e-10)
(0.29170771272050117, 1.0621774772123257e-09)
(0.8197224096800453, 2.675263831492652e-10)
(0.8554636048464598, 4.326774742666286e-10)
(0.31736396510346154, 5.558201394258637e-10)
(0.3194021312661654, 2.693443286238561e-10)
(0.743301136749316, 3.8565142003416765e-10)
(0.37529473866002305, 2.246793946999519e-09)
(0.019419226546621503, 7.429349056085708e-10)
(0.7747287734245977, 3.9721140486800345e-10)
(0.20677191446454382, 6.642311474525403e-09)
(0.15937569867913903, 1.7026562399856765e-09)
(0.7695793788524631, 7.849659571302488e-10)
(0.7386355989284192, 4.632345439235124e-10)
(0.6886019727899301, 3.7960023776230387e-10)
(0.8942146905824344, 3.974654361415981e-09)
(0.7658698320666887, 3.9844497939927195e-10)
(0.3095276840091198, 1.608699483340855e-08)
(0.96563442511215, 1.0718388939770527e-09)
(0.9489683310346205, 8.776771070975691e-10)
(0.5961985117983811, 6.549372393822409e-10)
(0.10615620576769473, 1.4752698345644954e-09)
(0.10098327725569993, 4.424270562001462e-10)
(0.574738821720475, 6.694299452203081e-10)
(0.49042245065869056, 9.380231411564528e-10)
(0.8334481425901359, 3.131526393703013e-10)
(0.690337268091384, 4.439204946829491e-09)
(0.7861413513105041, 1.4701442698679045e-09)
(0.12877299586599245, 2.629670674540201e-10)
(0.4661691304087001, 3.691746244101263e-10)
(0.7386540263307659, 3.143047202785808e-09)
(0.9427488144645594, 7.407205633445426e-10)
(0.6703680187660573, 4.499585148435243e-10)
(0.16745598177967624, 3.089947967424645e-09)
(0.9014540455828867, 6.224471729200182e-10)
(0.9571333026100284, 3.071785866058501e-10)
(0.6905718841419476, 3.9095494553141307e-10)
(0.5588745488271845, 3.5357332868455437e-10)
(0.5016880119299991, 3.704482192698126e-09)
(0.982187446422044, 1.8254670192551963e-09)
(0.9469209599241678, 1.378358646608325e-08)
(0.05445561797473666, 2.7638226113417155e-10)
(0.2684077600607209, 3.879149074388052e-10)
(0.20553858168903244, 4.793991711407742e-10)
(0.42057533324348734, 6.3499401756597784e-09)
(0.6624004336100018, 8.856404518170732e-10)
(0.1798930300047304, 2.628561940243008e-10)
(0.5460158947087139, 5.427914377065303e-10)
(0.7351990843231756, 1.1395835059094695e-09)
(0.2310986026203153, 2.681409437851872e-10)
(0.0752863524780208, 2.8157743990901514e-10)
(0.32719533783396276, 3.529571421976723e-10)
(0.8203954019631692, 3.548231836568832e-10)
(0.23485426484527577, 3.3654757099514514e-10)
(0.47380722199045877, 3.573855260073649e-10)
(0.434922757797799, 3.075233517541652e-10)
(0.5446701225267658, 1.4802605598879772e-09)
(0.16725432022503822, 9.945996687963768e-10)
(0.88337775198681, 1.352316359751161e-09)
(0.02523576667737417, 5.308311004440337e-10)
(0.059429004201516214, 5.0267675859573655e-09)
(0.8465165292212578, 1.3890735619151539e-09)
(0.16702776292134455, 4.341876239944076e-10)
(0.9232763556164272, 6.150085550253646e-10)
(0.905087609933391, 1.252244277529221e-09)
(0.9084633965070853, 8.882862427456681e-10)
(0.5146583651153877, 3.582058135457888e-10)
(0.6902894902754748, 3.9017548568892326e-10)
(0.06909768662007534, 9.021615557024726e-10)
(0.4230598262163752, 3.6747997773485153e-10)
(0.617146027428714, 7.620323143369989e-08)
(0.8947786120959542, 4.206694203467334e-10)
(0.918161576518326, 5.120244357263314e-10)
(0.5801671059959551, 3.2101102890604924e-10)
(0.6909981287974796, 8.061845123749106e-10)
(0.9326308864211035, 3.5728559719209695e-10)
(0.9288357682094069, 1.989417045938499e-08)
(0.16549014096078696, 2.8839782565780425e-10)
(0.7356385663172225, 3.3461557413864464e-10)
(0.2469561254956222, 7.629376648189089e-10)
(0.36431085097084726, 3.070294729790903e-10)
(0.005567439839468594, 3.0622117314260715e-10)
(0.6314033718250135, 2.675333892115402e-10)
(0.48670589063890024, 9.680840853736269e-10)
(0.24345869899738706, 6.808517106347467e-10)
(0.0988803856296829, 1.1266961430579128e-09)
(0.11547901659750895, 3.6806570818179484e-10)
(0.27523441120199965, 1.0174433522948397e-08)
(0.7230823698573757, 3.6012326389232804e-10)
(0.7418020492566813, 5.348748830660396e-10)
(0.7859609724216498, 3.300207077101148e-10)
(0.6802838194368117, 1.2331749967628946e-08)
(0.7800634739833141, 4.5742784826520355e-10)
(0.33925028201211216, 4.1830735062629743e-10)
(0.5018485683435306, 3.118196446837766e-09)
(0.18743510360547525, 6.20151989821682e-10)
(0.5430447054962552, 2.9077724228330693e-10)
(0.4008087505449897, 7.171408138404228e-09)
(0.31813261343122634, 1.5900479450237837e-09)
(0.014668605166167192, 2.712268264170666e-10)
(0.6190341711993017, 1.445061932094231e-09)
(0.7856236223773894, 3.043057850365491e-10)
(0.10356532573704595, 8.548666222508724e-10)
(0.478592837222579, 1.1014541783693133e-08)
(0.2535260898710919, 3.55928833513086e-10)
(0.9048143161732499, 7.734566459288875e-10)
(0.574675134702263, 2.858304234442856e-10)
(0.8362585301451239, 9.875733421459488e-10)
(0.07813231249059631, 3.992880670661993e-10)
(0.7909547627125708, 2.9924121830333443e-10)
(0.3094549623664625, 3.482199531806263e-10)
(0.18624981917669037, 4.997543174300223e-10)
(0.3741299139087024, 3.162740131269216e-10)
(0.2501534885257007, 4.772194201554164e-10)
(0.3159292399045716, 3.2604995599705283e-10)
(0.5238357481996324, 2.666133835471272e-10)
(0.22973621432977676, 3.8244955769379374e-10)
(0.290891526453193, 6.304637234473488e-10)
(0.6433583149311913, 3.93779446852939e-10)
(0.46386482429782144, 4.784494226948123e-10)
(0.7064426964365279, 1.3936371089112813e-09)
(0.12743396828999515, 9.927899672193312e-10)
(0.8504688787292263, 3.046970693191208e-10)
(0.4363300110586363, 8.675543919636758e-09)
(0.30054643703751516, 3.6399792455639477e-10)
(0.7734043642077294, 9.631995338447414e-10)
(0.9001784539910286, 5.109830203450484e-09)
(0.4244027637016639, 3.06159819780273e-09)
(0.4548970588486178, 4.5471278437088553e-10)
(0.9949135463470717, 2.822815139658043e-10)
(0.14442863126353803, 1.6544484838298378e-09)
(0.3061895475565129, 3.108517202742518e-10)
(0.2640597222131258, 2.1129898731260245e-09)
(0.17859393368499488, 3.077236317964189e-09)
(0.5799812045284289, 4.2604601048148307e-10)
(0.9238588541379682, 1.4312767080466461e-09)
(0.5013130917350831, 2.8496613261629424e-10)
(0.7867846426389214, 2.3010733339146777e-09)
(0.6890591974786757, 3.839049956134726e-10)
(0.9129279318824531, 2.9158947397303197e-10)
(0.944145623244752, 3.84503930465511e-10)
(0.6559219449683215, 7.555257337576779e-10)
(0.8011118351379248, 7.407465470946429e-10)
(0.22618635317509517, 6.953530944115595e-10)
(0.4043875776536975, 1.0064820885473102e-09)
(0.030306890775652393, 9.72083836889226e-10)
(0.3125911338125872, 2.9802284037572193e-10)
(0.5658658044844188, 1.45306556016544e-09)
(0.5444913980044245, 3.014467224408247e-10)
(0.3370734841324475, 1.2454132044980935e-09)
(0.7649877123016062, 2.879056196716484e-10)
(0.3068723191717728, 2.2590698976173134e-09)
(0.5381450379512037, 3.5740589054910803e-10)
(0.9149420428506311, 3.3630988537668534e-10)
(0.09569282471670038, 3.740499001820021e-10)
(0.9441888330671641, 5.027207854623823e-10)
(0.9663351787896538, 3.251483097302049e-10)
(0.8081938411088484, 4.0530242421086203e-10)
(0.8489992292231716, 5.28677882256802e-10)
(0.30388944505759585, 5.064915028057079e-10)
(0.6057743428232344, 3.1060264123302046e-10)
(0.8934982646305262, 9.374936262739141e-10)
(0.022889405979138373, 7.169778139855394e-10)
(0.8764138743515295, 1.015456978256599e-09)
(0.27239718984324207, 4.0895675015751933e-10)
(0.8953586271801518, 3.2674628214711686e-10)
(0.11130336534670553, 4.6242964288065966e-10)
(0.8170326280724796, 8.029274518218317e-10)
(0.10528942724022375, 1.1878048920212093e-09)
(0.6083377463148221, 3.0753394439774605e-10)
(0.8903684356294762, 5.905930329496091e-10)
(0.878075509618093, 5.397138912967466e-10)
(0.3941356317976309, 2.0906309324517816e-09)
(0.22394006374898098, 9.70229464747418e-10)
(0.7772650309125351, 2.0734435742669047e-09)
(0.4775404279335737, 4.585612974830646e-10)
(0.5136635815635149, 3.254480868834967e-10)
(0.4015886049926477, 3.817499709836189e-10)
(0.4489033495495135, 3.0537616017312373e-07)
(0.9629400998169881, 4.3178870117576627e-10)
(0.8696410865949217, 3.2504966872982804e-10)
(0.9597093282325824, 3.3155622074673503e-10)
(0.7220511735632162, 5.011589421007663e-10)
(0.9210679992101605, 1.7430076904362253e-09)
(0.022578960147201125, 5.297610639494161e-10)
(0.4977976011252946, 3.8462667642735926e-10)
(0.4199023524374436, 5.470816712303565e-10)
(0.6139672032513068, 8.265880148987569e-10)
(0.7281692983119775, 1.4042981189931391e-09)
(0.46011675349920744, 5.555447338493842e-10)
(0.4290481614568764, 3.1206310877856324e-09)
(0.45875806083303533, 5.502370002466821e-10)
(0.7551034951398304, 1.4980488902838289e-09)
(0.03639872494194597, 5.64392585757025e-10)
(0.8415322107418002, 4.5465067392729205e-10)
(0.7875530447737462, 8.80460367633496e-10)
(0.9460290186659519, 4.709793914423344e-10)
(0.45747275532194287, 3.653771497143868e-10)
(0.6464656171179184, 3.0471359723716023e-10)
(0.3427742555508922, 8.618399864727664e-10)
(0.3979076101074875, 5.811353043830232e-10)
(0.7057199563785364, 9.065313431635415e-10)
(0.495990581521793, 2.9771722779926344e-10)
(0.20179508659242176, 3.524074586958822e-10)
(0.6247566945342787, 4.3108677606858905e-10)
(0.4999749657755417, 5.662529553808866e-10)
(0.998431404582047, 6.507412099898764e-10)
(0.9055394217098085, 3.536530088931065e-10)
(0.8801686840179735, 4.040847778326223e-09)
(0.3470455456887976, 5.001349842947286e-10)
(0.16409219468785377, 2.793551705101521e-10)
(0.21289580928645918, 2.7357465533096677e-10)
(0.21106761973184193, 7.247901158022543e-10)
(0.8053728144228524, 6.480888533363131e-10)
(0.004114420647336548, 3.6143890505491707e-10)
(0.5075815124061271, 3.5185310425111263e-09)
(0.2775332144670568, 4.4670538643058216e-10)
(0.44001791817374214, 1.011061667547618e-09)
(0.4950687317675902, 3.043088267070809e-10)
(0.47954456096594256, 4.671141166827327e-10)
(0.4633497086404939, 3.8082389959069644e-10)
(0.13405095263444383, 7.444064110444098e-10)
(0.32554770388385945, 9.320127694517421e-10)
(0.3618654526408811, 3.909327859108095e-10)
(0.4868018817901897, 2.0351114093062473e-06)
(0.515963630767941, 1.6635569244907392e-07)
(0.42094905999559784, 3.8810614468305433e-10)
(0.7427331109716873, 5.741401091161396e-10)
(0.6454603241532991, 4.066486799046768e-09)
(0.6622171161064075, 1.9412941186353337e-09)
(0.9610327330158517, 6.820857821958044e-10)
(0.8042543253753981, 6.258386663277622e-09)
(0.809905168421877, 5.716418741771099e-10)
(0.5533675375170892, 3.4100586019648084e-10)
(0.8079357831895789, 2.6045029237192646e-10)
(0.7172838179612562, 2.7749844235929974e-10)
(0.1559771621764935, 4.613533254879317e-10)
(0.023127551570119087, 2.794580583020428e-10)
(0.5331909786645811, 5.493242442520882e-10)
(0.5569330137854115, 2.6426122373121946e-10)
(0.9546176918642341, 3.975113624134736e-09)
(0.7791393047615195, 7.326296748241199e-10)
(0.25496727860615925, 6.728658972486247e-10)
(0.9481706843409956, 3.4655891011599367e-10)
(0.7196222430574473, 7.139254222818236e-10)
(0.007278886441925988, 4.882738702137982e-10)
(0.7208107603557861, 5.165719834692031e-09)
(0.5299528793801734, 6.560956645082384e-09)
(0.5092034958253988, 2.670533252701368e-10)
(0.331638164007611, 1.2410704560960307e-07)
(0.07073593575946878, 8.526278145152436e-10)
(0.7477658201751739, 2.607590004893559e-10)
(0.5837520668403541, 4.777195870221196e-10)
(0.5913904410085121, 3.7284088309259325e-10)
(0.6997200367733454, 4.224244329530756e-10)
(0.5502914564021806, 3.4602193295435117e-10)
(0.5839849840686203, 7.288726749042098e-10)
(0.5007617446464852, 2.9050731594666576e-10)
(0.09479001743828959, 1.853092728725956e-07)
(0.868246678145342, 2.6516739181417007e-10)
(0.11514155713728436, 1.5733864400462592e-09)
(0.28793045557165126, 3.4416445697831556e-08)
(0.3558083002281279, 1.0016969628414711e-09)
(0.04861072236017584, 2.89413154642271e-09)
(0.3247073097020032, 1.7945094434109142e-09)
(0.29656003365667616, 1.6922017521588266e-09)
(0.3088175363083881, 2.98735197818559e-10)
(0.41166178885531934, 1.0164446374789173e-09)
(0.9518257735637092, 4.979159722793957e-10)
(0.9311396178048141, 1.107820603298044e-08)
(0.6630753583129269, 6.882462462931866e-10)
(0.46410391751356483, 3.069942231258662e-09)
(0.4414430747839733, 3.6906587835594447e-09)
(0.13182643301034822, 1.2369622949293265e-09)
(0.010619585535845332, 9.806581597874986e-10)
(0.7603804268259395, 2.359120923597775e-09)
(0.675332447342087, 6.511494598650571e-09)
(0.056512063294652914, 3.236462987781633e-09)
(0.804390712647713, 2.981163921872532e-10)
(0.7513281627953242, 7.116766104989854e-10)
(0.5850293540188863, 9.203306359798443e-10)
(0.02917995644021148, 3.2835706180767964e-08)
(0.4083113911293034, 5.626629954491075e-10)
(0.9111901712705214, 3.114428880102966e-10)
(0.5679695559492886, 6.227509733557303e-10)
(0.7519885597773998, 4.673314937332743e-10)
(0.9592355471862425, 1.983214137343647e-09)
(0.03461675373336659, 4.582310193597754e-10)
(0.43683339015279166, 4.143929045226717e-10)
(0.642762896491827, 9.463923473348565e-10)
(0.9062155340170326, 6.778789170591087e-10)
(0.006461289691993817, 3.0780092782990073e-10)
(0.6535258270851498, 4.972748056433672e-10)
(0.575054268635102, 3.126602458264113e-10)
(0.24572315391224758, 2.6817662761711633e-10)
(0.3359014335577764, 1.9894037269070745e-09)
(0.9684427843874786, 7.222483181891042e-10)
(0.6019251106484709, 4.3284274750236327e-10)
(0.009117960816588111, 2.733142520588061e-10)
(0.4784566683221965, 8.525078266811645e-10)
(0.32006087235931824, 1.4803707234349043e-09)
(0.5414417733998803, 3.7529690127600926e-10)
(0.3364844731964336, 2.7126498876009953e-10)
(0.0001809109918108533, 1.8530921192317045e-09)
(0.5796952461185173, 2.9843975327380863e-10)
(0.3980869473939917, 6.491049946888714e-10)
(0.8406810482377065, 1.0187592034685843e-09)
(0.7530200502243309, 1.1697539425578712e-09)
(0.7705740936230714, 7.674546643304772e-10)
(0.08018038030863822, 4.2229557261332597e-10)
(0.4389115629137773, 7.796408886656104e-10)
(0.15070613045886116, 8.145822827012158e-10)
(0.1111689344638961, 4.120498979090401e-10)
(0.6611964817442537, 3.208843424295006e-10)
(0.8715576602316835, 3.2032200224607826e-10)
(0.13352938660034824, 5.747906367132116e-10)
(0.9411383144019674, 5.607139826438993e-09)
(0.22241364207324837, 4.42332126974953e-08)
(0.39077149150587803, 7.04971662808945e-10)
(0.4767871294846804, 2.551779696798924e-08)
(0.24225632992311483, 4.909061685622801e-10)
(0.024100244719070726, 1.3776902578966062e-09)
(0.11544598201694536, 3.015548084734713e-09)
(0.13123851952823506, 6.529960138147012e-10)
(0.3182786661602645, 2.837858442693788e-10)
(0.16009405628113202, 4.757458134881916e-10)
(0.4564216804104365, 3.087129074615435e-10)
(0.16605981558643604, 7.128930389594008e-10)
(0.07122438482625376, 4.5248166569695214e-10)
(0.5466562808090041, 3.448554924059591e-10)
(0.7774993121870265, 3.0414017556998865e-10)
(0.1666034259405848, 2.8615678962565844e-09)
(0.41918143711657196, 3.255665673537328e-10)
(0.33811593754672264, 3.8562346805118994e-10)
(0.9337682594515342, 4.627148430157561e-10)
(0.11077229643658583, 5.586576599788178e-10)
(0.2074052673974687, 1.0978155741205824e-09)
(0.24546861765067257, 2.8127999553510956e-10)
(0.623586572575569, 3.722076577303049e-10)
(0.5125942700192737, 1.164831361821984e-08)
(0.32625814378424567, 6.36326250340346e-09)
(0.18995351744455366, 4.730027440852772e-09)
(0.9678308664725468, 2.874590028272989e-10)
(0.48636924707354634, 1.8109099229840205e-09)
(0.3298857504868492, 6.757966493739248e-10)
(0.9670748535753713, 4.799579919867768e-10)
(0.5919142920758996, 4.269740668504766e-10)
(0.9320966770797043, 6.440307325216276e-10)
(0.43819549449174117, 4.0964628148468544e-10)
(0.1821913938750057, 6.164691499115777e-10)
(0.25568743774877034, 4.6222492997864274e-10)
(0.23213348655022367, 1.262898813177422e-09)
(0.9492554143061811, 5.463092112301601e-10)
(0.47405485349202564, 7.389145223520168e-10)
(0.3378483951300609, 3.343889881274162e-10)
(0.5255409294097285, 1.2739771019902595e-09)
(0.27314107588283704, 1.3531500804802835e-08)
(0.3152983299662973, 2.786989582308649e-09)
(0.7664239489785736, 7.5713657912502e-10)
(0.9415202813916519, 4.320080824209868e-10)
(0.17236768080708142, 3.331821105363344e-10)
(0.9377325726839174, 4.275567935057183e-10)
(0.380956515682941, 1.7815231847903514e-09)
(0.3825364980713056, 4.0065861586885327e-10)
(0.06982419846933412, 5.343837619758438e-10)
(0.5865453641783493, 6.389242698295254e-10)
(0.967022257750625, 6.456811261189834e-10)
(0.6237094273321278, 3.6660118062670893e-10)
(0.38522867337283806, 3.7714596575094134e-10)
(0.3791861545334674, 6.9856023872685616e-09)
(0.8097571314112876, 2.9686335218293933e-10)
(0.5664618632821228, 7.019205566385865e-10)
(0.18380410163472347, 5.244333521424625e-09)
(0.5133048148273701, 1.3481071063456087e-09)
(0.7241411070988594, 6.198882542824455e-10)
(0.67906855097026, 7.190502694815523e-10)
(0.20228534079861488, 1.7944895432526366e-09)
(0.07701583843601759, 5.050946929951104e-10)
(0.45952218977083525, 3.053635250032464e-09)
(0.38880717608152066, 7.113060900731659e-10)
(0.75061194395929, 6.975287584855808e-10)
(0.9633839936026283, 1.7028995422501711e-09)
(0.28861147099646983, 3.8582537265401903e-10)
(0.23116880008117016, 1.1534965122530718e-09)
(0.6468879654345889, 4.64269687296521e-10)
(0.8038318203967099, 4.787616388563821e-10)
(0.5912252060745473, 3.804325070366218e-10)
(0.5459227591238275, 1.6350986367911274e-09)
(0.0859843551357741, 3.0490683018747767e-10)
(0.4325648807914465, 4.046122474808789e-10)
(0.2785462132964579, 2.7613986559747355e-10)
(0.5024115562510589, 6.326586602922639e-10)
(0.8969232953001677, 1.7849683464875926e-09)
(0.7586119493163044, 7.575469656251328e-09)
(0.528070291752124, 5.147995130418238e-10)
(0.8314248535475381, 3.314456551211013e-10)
(0.20086220016275835, 2.3177381922938842e-09)
(0.8433490101298236, 3.89021184160528e-10)
(0.5141393280256433, 3.3497084926647505e-10)
(0.05896407786836127, 3.306229890741409e-10)
(0.8306524055998877, 2.7443086870320507e-10)
(0.5194563283294925, 5.060137900713436e-10)
(0.13303486335487485, 3.7268271687199565e-10)
(0.30874901278933436, 3.108859649127478e-10)
(0.8322152033766265, 9.238966364405548e-10)
(0.8462084126836962, 3.0933728597580557e-10)
(0.7318201783095385, 5.065034636619601e-10)
(0.13542220393346352, 7.498042652327093e-10)
(0.7885355970533942, 3.2797529937634453e-10)
(0.2389356231124225, 7.221694488013336e-09)
(0.9477756454374824, 1.1185473050781153e-09)
(0.009227666030732311, 4.588957534788494e-09)
(0.25645720318674065, 5.892739042464389e-10)
(0.4561333316639519, 3.3449443179212354e-10)
(0.3543627656836322, 3.8949755718956633e-10)
(0.18791801688002763, 5.495150416236696e-10)
(0.4668823147404676, 7.466987272669171e-10)
(0.3149903467872552, 5.108321400415203e-10)
(0.5172819501731456, 2.98504357411442e-10)
(0.1538729354616949, 3.8465944898819513e-10)
(0.3755867219804063, 8.998770210269783e-10)
(0.8450344127000484, 4.609710134257671e-10)
(0.3767063180010691, 4.567982345437786e-09)
(0.3584121577533778, 3.1979230614477896e-10)
(0.7875577897568553, 3.9665881702008336e-10)
(0.6291310470939663, 5.091347721060729e-10)
(0.5405296913895862, 1.4626200662951949e-09)
(0.9930602398519015, 4.388607989740248e-10)
(0.062069243106371165, 3.7210152060508017e-10)
(0.08233685528883047, 3.0774646110988783e-10)
(0.6219731190139298, 1.6797295601589926e-09)
(0.3133806916447506, 2.7272458211130815e-10)
(0.8081842468516427, 3.116399174165898e-10)
(0.8840573824713645, 7.260893519567245e-10)
(0.8714082974815583, 2.6608064330078594e-10)
(0.5715443286496465, 6.345886096756595e-10)
(0.16470603571987255, 7.4115185934731934e-09)
(0.8981184015283443, 3.714596391017983e-10)
(0.2600035307475275, 1.1696844321083077e-08)
(0.2536245607663032, 2.988542614329286e-09)
(0.9304127877537729, 1.202848567348075e-09)
(0.0024793648165720916, 3.904835976404529e-10)
(0.04387947159264877, 2.6833253140845107e-10)
(0.7260876459210217, 1.2079808540322723e-09)
(0.79361971306501, 6.145744494004015e-09)
(0.27311914411879207, 1.0584049457003838e-08)
(0.7245909148107376, 7.473192455298803e-10)
(0.5286096619684302, 1.3434193806240354e-09)
(0.4013327504382857, 2.8896800302805213e-10)
(0.07271646801818997, 8.516773349892691e-10)
(0.6171592467769528, 5.770429591281607e-10)
(0.2200954665048274, 7.960679767096611e-10)
(0.5646237439287431, 2.709270166594111e-10)
(0.04664647287630575, 8.603789014304622e-10)
(0.5932151889120613, 8.452302573070315e-10)
(0.003719946503222856, 5.231565713168941e-10)
(0.5230630709370042, 3.648661808230103e-10)
(0.9052996307691804, 7.668951498719358e-10)
(0.3248379670257806, 5.347966578404049e-10)
(0.21806375974679057, 4.606060717671914e-10)
(0.1643906495768284, 2.573458281904324e-09)
(0.36603576031449236, 8.104768355518538e-10)
(0.8051175017158911, 6.519459769756969e-09)
(0.09999726679780666, 1.1246263695828245e-09)
(0.11945963641123143, 4.2908250279530525e-10)
(0.22755570525934204, 2.639341626750169e-10)
(0.006515811140485367, 2.714631631029749e-10)
(0.9370952408623848, 3.654900263433406e-10)
(0.7304544025338265, 1.2286894738351929e-09)
(0.7349432420159833, 1.3618380546509435e-09)
(0.5619310731078547, 9.360832850356631e-09)
(0.1958232777059194, 2.8382168587141525e-10)
(0.2274277848383722, 7.7014226432635e-09)
(0.3236690529569392, 7.040400323784822e-10)
(0.3020964101291741, 8.173534446007196e-10)
(0.10529577090031995, 2.8642787498553133e-10)
(0.3318614563810593, 4.114339240827771e-10)
(0.2259981484527653, 3.383385657402538e-10)
(0.4029878052958034, 2.780525834273635e-09)
(0.7304530108028701, 2.809029635418764e-10)
(0.4233853052283254, 3.090808166735895e-10)
(0.07212198673609001, 1.962411789975395e-09)
(0.9229851280638439, 2.78253509296094e-10)
(0.4816782814875076, 1.5362148419813578e-09)
(0.6695005162732918, 7.306827459176913e-10)
(0.3931161738307544, 6.537031834402812e-10)
(0.010127867532730567, 1.0535553955174172e-08)
(0.23363303643968472, 1.0991752220011725e-08)
(0.8727552201095649, 2.832848648219809e-10)
(0.3637233621876232, 2.621709466201135e-10)
(0.7910212154726217, 3.0480732333935285e-10)
(0.36776152522326755, 2.7105341499169575e-10)
(0.5078895787483871, 5.855591730566592e-09)
(0.2359013502896008, 2.6575675234430753e-10)
(0.8708587027547491, 7.773006422537587e-10)
(0.33910758428728466, 7.399122531098733e-10)
(0.4989300215580845, 8.502650289318234e-10)
(0.6246917275295859, 2.7280860599620665e-10)
(0.7427947130210957, 1.0846780948539006e-09)
(0.12983728788451118, 4.733806166706148e-10)
(0.8502784089889507, 5.739748758874932e-10)
(0.7526172024402508, 1.1090275508506203e-09)
(0.9921238305613089, 3.957776858093908e-10)
(0.86709342065771, 7.2553449900676175e-09)
(0.10241317966112784, 6.473337938675133e-09)
(0.30314627176503567, 3.4548295751356263e-10)
(0.20726936497934573, 4.572902904930003e-10)
(0.7317750040186496, 8.227828928612205e-10)
(0.3749509275389954, 3.978499319098094e-09)
(0.9056467813286488, 4.87329335066933e-10)
(0.0022631281557567214, 6.309818715378194e-10)
(0.7723396544047217, 4.2128206467516743e-10)
(0.6829368659993397, 3.163965396771883e-09)
(0.7577343663338549, 8.206183889968168e-10)
(0.08920641517619174, 7.041142698253935e-10)
(0.6522336013645329, 4.4803011990018414e-10)
(0.32416680215305926, 6.868941345395368e-10)
(0.7274472052486436, 5.306958356190701e-10)
(0.9233709594034004, 7.805058162834857e-10)
(0.5790396804418413, 5.646593841866446e-10)
(0.45520829062312257, 3.164733692974452e-10)
(0.1680250643064695, 3.203711529851239e-10)
(0.4627522202490075, 7.275507012504686e-10)
(0.8377001597003303, 1.0595499813048804e-09)
(0.668725207811393, 1.1794835337560931e-09)
(0.5040250720157337, 4.814007628196578e-10)
(0.7139891673019597, 3.483462140484607e-10)
(0.48575637757935813, 3.127718336161722e-10)
(0.492453033965741, 1.1138113821863559e-09)
(0.3991939788203839, 3.23691563099506e-10)
(0.5770701566718967, 6.818798865320237e-10)
(0.007879760965808606, 2.614012747001923e-10)
(0.6164428247962341, 2.6744528147249296e-10)
(0.410054784269773, 9.731766068841167e-10)
(0.3168342621895441, 2.831184073764918e-10)
(0.5516378574472055, 2.655898482799035e-10)
(0.721336757071843, 3.365132959634431e-09)
(0.2367931327829248, 4.262897528559019e-09)
(0.5111380935960208, 4.3476942362854624e-10)
(0.010907430015817739, 8.304396814054492e-10)
(0.9608194951736648, 1.1394088755541268e-09)
(0.8042486842994362, 1.573391812398296e-08)
(0.0376400015585078, 4.901009303145448e-10)
(0.6943072342151039, 3.537348564515059e-10)
(0.861620856037277, 8.853372033710078e-08)
(0.7252802800212523, 3.18386265137267e-10)
(0.6132336741986905, 2.7684695972221836e-10)
(0.6703617786772443, 4.25307229888272e-09)
(0.35579024531450193, 1.039598657040192e-09)
(0.9914762684009223, 5.038700964790516e-10)
(0.2792940265265287, 9.286481913021229e-10)
(0.30321069153241187, 3.766600251251978e-10)
(0.6352517139138931, 5.642572985538425e-10)
(0.8391698442050661, 7.310969409331329e-10)
(0.9582533949558566, 3.193139246879888e-10)
(0.838504538668266, 7.366618846571675e-10)
(0.9181634475619037, 2.9573653183537285e-09)
(0.08359933767721853, 6.994664713520903e-10)
(0.3274798591988288, 1.218732355451153e-09)
(0.7575622019449666, 7.68551604949564e-10)
(0.9254816891619134, 4.893055799896225e-10)
(0.01021527968305637, 1.052349199668516e-09)
(0.8008484380634714, 2.171865094077136e-09)
(0.10119788141823016, 1.872880651715497e-09)
(0.20022672262067132, 4.670077874094849e-10)
(0.8728155428090361, 5.736085136420723e-10)
(0.5231279242356184, 6.581497349549808e-10)
(0.667460395426792, 3.9709197473027163e-10)
(0.8186172111657279, 6.749973580870969e-10)
(0.5236938256173637, 3.07484866772718e-10)
(0.567210108295295, 1.1072749538565974e-09)
(0.3556740250217592, 5.08562890882899e-09)
(0.13343803677923965, 3.9144203504345295e-10)
(0.10659190661759547, 9.638825269440235e-10)
(0.1111180510921827, 2.5728977586258053e-09)
(0.17586806865082077, 4.0084820620404196e-10)
(0.1730163143481076, 2.8546269015967874e-10)
(0.5374163727620157, 5.694360121726917e-10)
(0.806645486165859, 3.4806483140803066e-10)
(0.5050235871936382, 5.597557011747755e-10)
(0.5195478859440653, 6.230890442173445e-10)
(0.5042925028697642, 3.7191958086611495e-10)
(0.40782852361980493, 3.054913909669984e-10)
(0.147601062801664, 2.0792970199819464e-09)
(0.11422514661655822, 6.648524387855118e-10)
(0.43489748173307524, 4.310457580601838e-10)
(0.5520794211897486, 6.75826431366003e-10)
(0.05606192874945331, 2.9228658784773525e-09)
(0.854321438814104, 2.87402153585793e-10)
(0.3523020816526824, 4.6099236655412225e-10)
(0.6709518064985176, 1.0388192710096715e-09)
(0.4870145624780728, 7.279243701811886e-10)
(0.8328936418349971, 5.505037904797339e-10)
(0.962538142126332, 2.638656355832509e-10)
(0.5672033252741765, 3.715809158765272e-10)
(0.26465206476589653, 4.287021697971603e-10)
(0.8632530865593472, 7.469283151739167e-10)
(0.054826514551035266, 7.372476927700314e-10)
(0.5481333571092892, 1.061514258317722e-09)
(0.3966308237681246, 1.6412998441106821e-09)
(0.0965349438413556, 2.0708678694486694e-09)
(0.4021937433594334, 1.0129455849196133e-09)
(0.41409854970421356, 6.027788021931448e-10)
(0.875565977620935, 3.430464381645298e-10)
(0.3568713033142986, 4.5069469494599193e-10)
(0.9998903638057571, 2.888757298163362e-10)
(0.7155848755820526, 9.648645713101048e-10)
(0.590343524428538, 2.81533538934714e-09)
(0.017765285656991994, 5.078595956381921e-10)
(0.2029938870294972, 1.1106840875425382e-09)
(0.9810570083629689, 3.438134682399246e-09)
(0.25310524582073785, 3.1168880830316053e-10)
(0.30184767725119405, 1.3326538961782299e-09)
(0.9469827497016701, 3.019755517774506e-10)
(0.8008363564412013, 2.889731079482001e-10)
(0.6812106776482426, 1.4548118471414806e-09)
(0.14507161748337247, 9.04376733045109e-10)
(0.028967078551976506, 3.015420156732815e-10)
(0.3038362501109057, 3.171773532025403e-10)
(0.7238811273912407, 5.103835961393679e-10)
(0.5245977470936801, 1.4437203131451458e-09)
(0.507026284311357, 2.6174125534309826e-10)
(0.147196316843301, 3.7591536772925287e-10)
(0.8479847124665535, 7.342350921517386e-10)
(0.8062333193181903, 3.517925993943126e-10)
(0.8700002499858933, 6.959262443586612e-10)
(0.7005510061908555, 2.0803548093652326e-09)
(0.9954076249217259, 2.784487197066117e-10)
(0.6058046190900416, 5.987251591792748e-07)
(0.1510914478720487, 3.1016398754439124e-10)
(0.3480157567160138, 9.026813409357286e-10)
(0.1807816026368508, 2.840073407921634e-10)
(0.4260182864471463, 4.5495352948447806e-10)
(0.6209564174873307, 3.4925386227598103e-10)
(0.6035250769171482, 5.141156505136027e-10)
(0.536421164631241, 3.7723426419777023e-10)
(0.0815792093157486, 2.753861848675679e-10)
(0.9428535872211679, 3.3900616970228286e-10)
(0.2923295419142207, 4.5487064089823616e-10)
(0.8595765095460304, 2.706735777551378e-09)
(0.19220748865717593, 4.552542279856832e-10)
(0.9034378156063771, 5.840455794021205e-09)
(0.06128167856602063, 5.547821517750662e-10)
(0.2695475918646724, 3.5156232397512135e-10)
(0.46824775995381274, 7.132810719751389e-10)
(0.17589681178029168, 6.754697985515393e-10)
(0.4076083621760308, 6.384760143012537e-10)
(0.45738301872921994, 7.013731520832399e-09)
(0.06595110088452419, 4.0461439537808394e-10)
(0.6072851787924464, 3.2598143830732067e-10)
(0.38218939315836437, 1.7819675758784214e-09)
(0.3362879936761423, 5.587592862589237e-10)
(0.21043092201313654, 1.0234266424904257e-09)
(0.9220912761093301, 5.601879714547195e-10)
(0.4154700147526358, 3.795394622933655e-10)
(0.4633274884677334, 5.152348011426079e-10)
(0.21303918529602758, 8.348313017940778e-10)
(0.4306992970837319, 2.7929696137199636e-10)
(0.9882636523103218, 6.433411095593998e-10)
(0.08369154425691332, 6.93981399135325e-10)
(0.12197705863327533, 2.3558162973791977e-09)
(0.35149514024256606, 3.361454982285879e-10)
(0.8373957152591536, 6.078709782339178e-10)
(0.41484944522632716, 2.843964231460952e-10)
(0.9253728070934457, 8.180747990466608e-10)
(0.32423336520301527, 1.2149585933832835e-09)
(0.9609700134069019, 1.7166101403556588e-09)
(0.22310273800084426, 3.0694992424260886e-10)
(0.48718709807990734, 1.0367571548042755e-09)
(0.6099042560861171, 9.702224659033318e-10)
(0.3993093457306977, 7.733448710557838e-10)
(0.022051679244292265, 7.510132086200787e-10)
(0.6081368671164673, 7.175180555028224e-10)
(0.5358536714115224, 2.787547086215307e-10)
(0.0016414080736312296, 2.7274258868493135e-10)
(0.6744595641919505, 8.867358348388088e-10)
(0.2762075515755589, 1.4596754125837478e-09)
(0.904348896849041, 8.143028403750718e-10)
(0.5184094631553854, 2.829810676055909e-10)
(0.5434029496045877, 9.028506323842158e-10)
(0.32772291112735297, 3.7613554843098886e-10)
(0.14761855888209802, 2.9575263444557014e-10)
(0.3585949600444158, 4.042696220749641e-10)
(0.9104658993462987, 6.402150477643257e-10)
(0.6530259986339252, 1.998747617292447e-09)
(0.26989068196443405, 4.809264622713342e-10)
(0.3425171938136097, 2.8067193312947897e-10)
(0.15739961820073056, 2.257813871979419e-08)
(0.4950840544859445, 3.2772309889682467e-10)
(0.5747916163369983, 3.1416441411398575e-10)
(0.033824351876511685, 5.523980492469596e-10)
(0.012656717691502803, 2.7777506406512516e-10)
(0.048837358623132446, 3.505494007253384e-10)
(0.21763555514370286, 2.630944026950733e-10)
(0.3378744559677255, 2.7161724579727666e-10)
(0.08065716360652007, 3.242593863277277e-10)
(0.7826126751235625, 9.436685395178929e-10)
(0.8856983565303751, 8.861863537606872e-10)
(0.4142007698532582, 8.54092107330811e-10)
(0.8468456266382379, 2.7934052023552575e-10)
(0.43810543274386315, 2.988453161799415e-10)
(0.04594634014337654, 4.0725383671469597e-10)
(0.06791183403141393, 3.5509247607989186e-10)
(0.7777220965396978, 1.596406301155081e-09)
(0.6687621882642457, 5.043668844328068e-09)
(0.18690729778626075, 3.088271190433058e-10)
(0.2634134673522991, 1.1678315420846e-07)
(0.4218022452635335, 2.7526723873569e-10)
(0.06955297291489516, 4.906932401246488e-10)
(0.7428897148877068, 4.0836116220632165e-10)
(0.8724886576447507, 3.484099784205406e-10)
(0.46588355789090174, 8.269553805321857e-09)
(0.6159712151887432, 3.8549722997149e-10)
(0.1936712129630837, 2.3395885110702174e-09)
(0.17810890906885443, 2.653742710198928e-10)
(0.2676404771740948, 4.257419445756764e-10)
(0.8873431087848624, 1.390336013454938e-09)
(0.6466928103782429, 3.8073018353346495e-10)
(0.6741168517914917, 7.695513737623518e-10)
(0.993350411552287, 3.0105169494323035e-10)
(0.9855015594165873, 3.0212097490518493e-10)
(0.3681108190699558, 5.203844443039175e-10)
(0.758242498034604, 1.0645884007943054e-09)
(0.6912373388819681, 3.6515280379978493e-10)
(0.36240137587118193, 3.8897513404342867e-10)
(0.048897651453879136, 3.8615594467986215e-10)
(0.7629427089700842, 3.749998834153254e-10)
(0.7180584199367457, 2.675959820375335e-10)
(0.1519692402743998, 6.510304058682987e-09)
(0.8828499787516195, 1.2636715068613878e-09)
(0.2394093939354708, 7.75465503016924e-10)
(0.540521790472661, 3.0084663990042123e-10)
(0.9386285939889303, 3.1041694038473263e-10)
(0.9654385580387687, 8.045784062240447e-10)
(0.45102416506504545, 6.325898589686042e-10)
(0.352707180412395, 1.4769367106431717e-09)
(0.46036188151472823, 7.012151722091861e-10)
(0.4567157933372224, 3.8973399281212436e-10)
(0.1008203783175863, 8.540679928489127e-10)
(0.38733650264136477, 3.327987636758198e-10)
(0.5795526631815607, 1.1518491947858517e-08)
(0.9268120275830535, 3.712154861867717e-10)
(0.5859721714546225, 5.424329546738081e-10)
(0.2999053558104687, 3.3943905704319443e-10)
(0.9858923933003869, 2.6835178627701135e-10)
(0.5301269045438487, 1.5471090892988442e-09)
(0.39080657239593475, 1.1015980257256481e-09)
(0.3903375013961366, 1.5182474827480623e-09)
(0.6428528897419644, 7.448262628304004e-10)
(0.6679959124343463, 2.789269208171491e-10)
(0.8697509682056273, 1.0864642714145551e-09)
(0.1181074591218075, 4.678744934019327e-10)
(0.04890161263662191, 1.8505948202607193e-09)
(0.8504563543863454, 3.379189239949848e-10)
(0.8711654405460986, 1.1853049356104665e-09)
(0.6699608145235232, 1.3372366366176032e-09)
(0.4261865308813188, 6.216358216021823e-10)
(0.7768260000312611, 7.040191125005865e-10)
(0.7869835401638591, 2.374104060618264e-09)
(0.021679462340527044, 3.4575847936143906e-10)
(0.7085935415727733, 3.023587271146578e-09)
(0.31762392623037894, 4.584923729309505e-10)
(0.46508922195572916, 1.054739540340809e-09)
(0.8512018004603573, 2.7399162211642104e-10)
(0.5250677707105483, 3.097040087327796e-10)
(0.3284176381872322, 2.841601157919244e-10)
(0.7379837481116859, 2.6257752176138165e-10)
(0.6326256190378098, 4.792401629003131e-10)
(0.2650313227758321, 3.54538925845106e-09)
(0.40306063946938064, 3.7394802356758175e-10)
(0.15293967276996875, 2.6747387142541886e-10)
(0.5919088343182998, 9.513828372110114e-10)
(0.7465093015216548, 3.5002252219012124e-09)
(0.9421467637279745, 2.9191098568226133e-10)
(0.3837111715102532, 4.092932188557116e-10)
(0.15990561743271903, 3.4521068417645106e-09)
(0.35552713362728444, 1.1582219645467645e-09)
(0.014603449368013971, 2.9208387618436473e-10)
(0.1385886272186684, 4.071693605354587e-10)
(0.9900931051965642, 5.805670828805236e-10)
(0.2076997014983507, 1.3638851915530912e-09)
(0.33615588516107664, 1.5377457361942477e-09)
(0.7112018834812865, 4.948675247130279e-10)
(0.38565567850768323, 4.4622365950854486e-10)
(0.6004070214211457, 8.46205746208691e-10)
(0.5625099491594588, 3.9972741154788986e-10)
(0.01657092068481589, 8.291023747403396e-10)
(0.5623591604674707, 5.604851011897883e-10)
(0.82932133776008, 4.902675237388046e-10)
(0.9269351831982148, 5.357910338439178e-10)
(0.3865806444211521, 1.0323068833955701e-08)
(0.8510970671198109, 2.714594393436847e-10)
(0.42132963474944257, 3.9274420696390363e-10)
(0.8617257671072465, 3.556333931705074e-10)
(0.7952439957837588, 4.1763675349625543e-10)
(0.780537436176247, 7.526746134508551e-10)
(0.9509607148332474, 5.868202163686159e-10)
(0.9604401553255554, 2.9779251058691507e-10)
(0.11477948840243649, 1.0779367779182662e-09)
(0.9530323193719606, 7.475368126876676e-08)
(0.513601424090192, 1.547264549349541e-09)
(0.9332445002017097, 5.889250853623775e-10)
(0.9091934945193217, 4.820780978078885e-10)
(0.364525303769612, 4.981359918193641e-10)
(0.6987348518249451, 8.234940672371289e-10)
(0.5157321957797015, 5.973471470739743e-10)
(0.3722954746964225, 2.62809609267708e-10)
(0.03357328650874685, 2.675131817938788e-10)
(0.3820725987253132, 4.888482813117477e-10)
(0.8992958276750548, 3.075431081881815e-10)
(0.7793894425868733, 5.584889358607229e-09)
(0.7081955042577996, 3.144285893813413e-10)
(0.32968293947802446, 9.388999241529523e-10)
(0.1568205699344692, 4.0026393815597654e-10)
(0.6201494459022516, 3.793097257798446e-10)
(0.8161622711379352, 4.0499602699516576e-10)
(0.12703972977573147, 2.0259907215675026e-09)
(0.030274929044137186, 4.314596999950772e-10)
(0.7581110959877798, 8.290315450677858e-10)
(0.6762426059606353, 1.700300307705617e-09)
(0.39328363864754123, 2.4746943091029832e-09)
(0.5001559130684264, 8.538014508495794e-10)
(0.9962979153500117, 7.860806495171816e-10)
(0.34954291176587055, 2.1480173915936838e-09)
(0.9780229512125742, 2.6914050913238567e-10)
(0.35362882583785893, 4.6048533723531465e-10)
(0.6942043271647468, 5.746743042291746e-10)
(0.708591621869169, 2.7308165837367793e-10)
(0.8985058839078248, 7.512760043315522e-10)
(0.12395493968612002, 4.778758637313868e-10)
(0.6114495811043842, 4.108772545297655e-10)
(0.6909070958119142, 4.494051645332453e-10)
(0.6411477835766379, 1.7799144645157623e-09)
(0.08038062913342611, 1.2124567570658159e-08)
(0.8005431065857387, 2.440728564873072e-09)
(0.7858891804015552, 9.163930240071368e-10)
(0.2311580733840757, 2.0855083693369065e-09)
(0.052890251973712665, 2.1481519343648468e-09)
(0.14474209650891934, 1.6680804995020154e-08)
(0.635365275272251, 7.416146372791981e-10)
(0.747904552265326, 3.050480457592111e-10)
(0.9863459805248428, 2.285459560564137e-08)
(0.8899816702470439, 2.872188115615267e-09)
(0.4641428765223731, 1.2204238228714105e-09)
(0.354051589667489, 1.7753390111677064e-09)
(0.3247979777941601, 2.9291165799437847e-10)
(0.00178408004809566, 5.621224758333061e-10)
(0.9368089898055767, 5.862808001467278e-10)
(0.9843154148222985, 3.0667083560751203e-10)
(0.6187232631996252, 4.162221697666525e-10)
(0.5509748969748769, 3.1680388346910843e-10)
(0.6561701898664636, 4.986315578916109e-10)
(0.263603002814425, 3.423134789032647e-10)
(0.12389299848937753, 3.2769156749766806e-10)
(0.6243792995547935, 4.924696583075851e-10)
(0.34254006280461263, 2.887465140107266e-10)
(0.8188419302809854, 2.6378068533436573e-10)
(0.4757280091119312, 5.555388059338812e-10)
(0.010433910898350341, 3.7403585916976135e-10)
(0.5637341082164553, 6.314100325069885e-10)
(0.6358238698486092, 4.76468565970411e-10)
(0.9587091798523776, 3.271982593240078e-10)
(0.02197484069755243, 3.9208577146059904e-10)
(0.6889997444452041, 6.45887029490998e-10)
(0.06292605603680085, 2.988212153144782e-09)
(0.4418429432428012, 1.9538712858987704e-09)
(0.31852845472533287, 6.45850911735643e-10)
(0.44602248943736944, 3.6730924976816047e-10)
(0.5546220925149978, 3.679579143172432e-10)
(0.5598467340406428, 3.59972008939482e-10)
(0.21639265987354492, 2.6304114163388096e-09)
(0.9208950963112403, 6.484561739266537e-10)
(0.27402434710050905, 4.4468971987525975e-10)
(0.2558877403610667, 4.4385132319669434e-10)
(0.504739160560742, 4.0706140042844623e-10)
(0.8162859219115286, 3.9808634506935555e-10)
(0.2889481883170428, 3.2795018118347053e-10)
(0.40276931687452094, 6.088760880446578e-10)
(0.46422308909446286, 4.658417968389244e-10)
(0.7779905237009693, 4.4625660453307075e-09)
(0.5186953123254006, 9.60348822275469e-10)
(0.39939326518597895, 3.2185101192097734e-10)
(0.5694445904905392, 3.7620158836766785e-09)
(0.930326328441832, 5.714995030821796e-10)
(0.15372787348472813, 3.1427298779453835e-10)
(0.5540390677958691, 8.147215910877076e-10)
(0.7043256281146484, 2.86494670251887e-10)
(0.739182445827735, 3.125956343533813e-10)
(0.5418157874753456, 4.0661557673580235e-10)
(0.15214561018102302, 1.728972024063907e-09)
(0.9227391962516207, 9.653977074617867e-10)
(0.10384836262776087, 2.8620430303180036e-09)
(0.9955621261506268, 2.656219701560709e-10)
(0.991996123858005, 2.6335006990762293e-10)
(0.5681481402972962, 2.830827227451122e-10)
(0.8888553228630769, 3.605263405709758e-10)
(0.652039459593944, 2.612225933653948e-10)
(0.6352434640585486, 7.817243042743333e-09)
(0.9804160143445056, 7.104474643086604e-10)
(0.7488415345249538, 7.594863071710747e-10)
(0.4765330625245427, 3.148099350287221e-09)
(0.13810228888727674, 5.086981555916928e-10)
(0.9665232696206518, 1.3732260624565457e-09)
(0.9404341063714416, 3.721812533183274e-10)
(0.5425868906723342, 8.578748811857305e-10)
(0.7550368730135241, 5.487955422238269e-10)
(0.9697607705708746, 6.77478549339116e-10)
(0.5208778876904409, 2.7020707434423865e-10)
(0.8174975261640555, 1.4868746498170035e-09)
(0.04941011606569801, 1.193081693654801e-09)
(0.50002307883713, 1.0805281432952898e-09)
(0.2681521324641111, 4.4739317833073494e-10)
(0.04155979088336132, 3.2795313859227763e-10)
(0.17704001560556398, 1.8047008036454917e-09)
(0.3895146717732391, 3.656844691780206e-10)
(0.7837253363167416, 4.6131490000764976e-10)
(0.08695059619390484, 3.095468972552219e-09)
(0.2867624770744459, 2.881554319017156e-10)
(0.3225208467562565, 5.529821826871821e-10)
(0.33304820333082935, 1.2404831789677768e-09)
(0.0961524694736827, 3.9346738397873383e-10)
(0.08134311569077896, 3.3817096377084165e-10)
(0.7334295712580958, 3.2419434172107106e-10)
(0.6124390607576884, 8.706975036431912e-10)
(0.7810713950676869, 8.805712642470979e-10)
(0.629979421340934, 2.7554672731268955e-10)
(0.7015027691116467, 5.7149702287333145e-09)
(0.5627600356300128, 3.8128072841581434e-10)
(0.04280631635471974, 2.92355513826408e-10)
(0.7950967004842818, 9.047499589113632e-10)
(0.5284879306042232, 6.098085759710934e-10)
(0.2085475913393751, 6.54079875241571e-10)
(0.8805391649107935, 6.09814122982753e-10)
(0.29461780112669883, 1.8737023826896627e-09)
(0.05959201474755394, 5.924566244690728e-10)
(0.7269380031794539, 2.6539401088737664e-10)
(0.8935238178005058, 2.9554222480244805e-10)
(0.34359591230354525, 1.8354552090826773e-09)
(0.2970170378199265, 9.550035504628053e-10)
(0.48538689269756946, 1.6654040325682922e-08)
(0.9315797084634803, 6.272387219816925e-10)
(0.24321353651794259, 2.6829968175478464e-10)
(0.9164866132920787, 1.3651116658353576e-09)
(0.5399980842689238, 2.2570874761185497e-08)
(0.37765838794404455, 3.318957384810916e-10)
(0.10625066537324884, 6.691379866945065e-10)
(0.046418373604714666, 6.281626406264424e-10)
(0.35202763617906035, 8.8409907220767e-10)
(0.5034219758598476, 8.028934842979771e-09)
(0.507143313005868, 1.2154745220069044e-09)
(0.5328914436440475, 3.8976311892988145e-10)
(0.8062551289298163, 2.662600216039024e-10)
(0.8038230484753461, 4.517421024051042e-09)
(0.7806221000989833, 3.0585784022042777e-10)
(0.34060305647187883, 5.038631779802875e-10)
(0.6237921436914367, 3.0106471192293497e-10)
(0.2736279528227165, 3.044477022560466e-10)
(0.58618205964281, 6.601848976310345e-10)
(0.2083914916834023, 4.2205675743707065e-10)
(0.8971071394173721, 5.3943629999288695e-08)
(0.30615617848130416, 7.611101777995378e-10)
(0.6053721422756903, 2.7127800332826496e-10)
(0.39462090785269205, 1.2530788636173186e-09)
(0.46998188972675214, 4.759532206216906e-10)
(0.027086847662006724, 9.513194425836362e-10)
(0.13956067230430144, 7.18489086362811e-10)
(0.25500399678693947, 8.990585843533758e-10)
(0.5693899118735904, 2.637911353156581e-10)
(0.6442608232081477, 4.108042037632937e-10)
(0.8479543806099291, 4.738568694763921e-10)
(0.8620258835766007, 2.1586045346136086e-09)
(0.3077320428910724, 2.9820008394212366e-10)
(0.917706459714272, 4.991194145164954e-10)
(0.03394812890978841, 6.076339972748593e-10)
(0.6315876611593978, 7.953851764768734e-10)
(0.7561109468092031, 1.0152152417459587e-09)
(0.7312057814711863, 1.1729602968148872e-09)
(0.5292977559499419, 5.851857176554908e-10)
(0.5113375421630579, 4.1034536634734794e-10)
(0.27694345626910793, 3.33271841670152e-10)
(0.7353291647009645, 3.300241024568356e-09)
(0.4813862715150001, 3.4827795341074327e-10)
(0.5746412489430864, 3.67627372992686e-10)
(0.051449362114148904, 1.7470804710857731e-09)
(0.9934557465177678, 2.671513341273156e-10)
(0.8845049125102434, 3.5113894735387674e-10)
(0.5730405053074111, 1.7600692923494083e-09)
(0.7394198883756359, 2.6622161107649934e-10)
(0.8457185928634453, 1.1401755624286035e-09)
(0.11218009005833597, 3.663679520982895e-10)
(0.5378386627304322, 1.4881758476257016e-09)
(0.8246473496475003, 3.4776315759155897e-10)
(0.33215708931630694, 1.3492062455021386e-09)
(0.5426240324821353, 3.853014824633738e-10)
(0.6747409631782698, 6.514927369441519e-10)
(0.33978959624654004, 4.367171483904904e-10)
(0.6180136167079824, 4.270992859863231e-10)
(0.24133973735486125, 2.805405046166447e-09)
(0.06731865046191407, 5.7590831609832195e-09)
(0.2214927200552672, 2.6909420397676783e-10)
(0.2889740511389534, 4.933955091074587e-10)
(0.46617812022141986, 4.9230897028346774e-08)
(0.23993722339664544, 3.1957584853887904e-10)
(0.994756814094223, 7.473039257564612e-09)
(0.45488758885008873, 5.441682673080109e-10)
(0.11283467872537581, 5.712394689721008e-10)
(0.4221175208625568, 2.9955917476839475e-10)
(0.8555621260523466, 5.22004492793831e-10)
(0.349148971005802, 3.111636354079617e-10)
(0.6003089661062306, 3.0317165738661074e-10)
(0.4472977835274169, 4.3059218327229135e-10)
(0.9804148949041899, 5.73312075278772e-10)
(0.96603502821568, 9.312770217675078e-09)
(0.7333686582987935, 3.0707516087391713e-10)
(0.5470763626897219, 6.714554109144177e-10)
(0.4467826011753296, 7.962854495504585e-10)
(0.7322373984118273, 5.200847741499391e-10)
(0.42180732721334846, 2.081292464701554e-09)
(0.47310424620701025, 2.7594712464937073e-10)
(0.5163205584489302, 7.94524211258047e-10)
(0.17211707189608597, 3.0743298307254417e-10)
(0.09196910685247915, 3.89287802795073e-10)
(0.4930603443652081, 3.5500352702303707e-10)
(0.36932368430569934, 5.867964640963186e-10)
(0.22675748710348764, 3.2138284769804156e-10)
(0.03347268739665054, 1.0293477369045243e-09)
(0.7797610020546151, 3.1414028020409825e-10)
(0.3478600605874247, 3.827883537733978e-09)
(0.8540484703648425, 3.073156770011173e-10)
(0.1076790487614626, 3.4034195408362296e-10)
(0.15833455834257695, 6.00298828215168e-10)
(0.7793053851870412, 4.104601934757636e-10)
(0.42421622310590457, 5.292303720718764e-10)
(0.5543045540383096, 3.0362709315970165e-10)
(0.4075122911768325, 3.8091117774277126e-10)
(0.9188611888265772, 5.106685764823197e-10)
(0.7549237579697505, 4.065646154077625e-10)
(0.29207802948682576, 2.183230907014807e-09)
(0.6776624613769071, 3.8496656196190697e-10)
(0.3515739482116686, 9.210857294929887e-10)
(0.3765511274363936, 4.681294350612764e-10)
(0.8341106094537087, 3.6881759612597217e-10)
(0.3127426860070775, 2.752616845438926e-10)
(0.6621181610192142, 5.240424072098998e-10)
(0.6968093994971665, 2.164007065900217e-09)
(0.3183888714164011, 2.7771667006256003e-10)
(0.4235829821758034, 1.883405317212768e-09)
(0.1855480739558794, 5.542791410020101e-10)
(0.1711456106542009, 1.1147504921665566e-09)
(0.22270877288115093, 4.2656815399710405e-10)
(0.46016988768120726, 2.653114870741214e-10)
(0.9671296349255771, 3.8713498643294887e-10)
(0.8695886680670512, 1.5467905343906396e-09)
(0.40501975253640576, 3.9924678577068044e-10)
(0.9643075520040979, 3.7952303918058263e-10)
(0.6269315994618299, 3.3500223258127484e-10)
(0.1868646510651579, 3.1327561767272244e-10)
(0.23064434341034565, 3.2130328897624646e-09)
(0.8478051858904849, 1.1159445373742549e-09)
(0.27842985067172016, 7.379887035156975e-10)
(0.029346030888834213, 2.745384004812567e-10)
(0.6021568214345384, 2.651472534292069e-10)
(0.4125756957528773, 4.4411681788324364e-10)
(0.2759246539804977, 4.06410068292516e-09)
(0.30700264144428674, 2.986290660901739e-10)
(0.8215461768782609, 1.5824101827897714e-09)
(0.11654429691366132, 2.9303002466725603e-10)
(0.1641847061094786, 3.0395378659409344e-10)
(0.34201158660119735, 4.350400825832095e-10)
(0.9674832910131117, 5.094012252958848e-10)
(0.08621877430597409, 1.7943188068966572e-07)
(0.696664550445479, 4.6478835376075256e-10)
(0.279792945755159, 4.788941400744513e-10)
(0.7213463516129592, 1.4411083766454207e-09)
(0.4553851009271734, 1.0464665932967826e-09)
(0.2037720615207605, 3.150669303712625e-10)
(0.47312357303986313, 9.122108196022454e-10)
(0.8187103842373841, 4.969723246252786e-10)
(0.5796064594557057, 4.5810787689061815e-10)
(0.07131027070210982, 4.905881721159072e-10)
(0.6917492287312231, 3.663215927757332e-10)
(0.9523079050160222, 7.347827185321231e-10)
(0.5203383272804548, 9.861677189670335e-10)
(0.07553789198652093, 3.829450747521251e-10)
(0.9140692173792055, 3.7612920697549605e-10)
(0.035637939411961375, 1.1679149843940726e-09)
(0.7355433935933204, 4.677200776843959e-10)
(0.06413501060039764, 3.524792204719782e-10)
(0.41127240359929573, 7.06069477220428e-10)
(0.6597197359291751, 1.1908934595800176e-09)
(0.7053988531597979, 1.8156875571333575e-08)
(0.8409418560303292, 3.619558537003404e-10)
(0.8327709389930413, 2.8437434287399837e-10)
(0.5045462925168388, 3.9760666603358954e-10)
(0.7802810633162613, 8.119601280007482e-10)
(0.9527391702561223, 1.8488505199820393e-09)
(0.7084196463473804, 1.2831212926942809e-08)
(0.4417752577278129, 3.073137287995368e-10)
(0.5870291391039199, 1.5404118819673241e-09)
(0.2645490207001009, 2.670195883721222e-10)
(0.8208453707516985, 1.1263668578735757e-09)
(0.05843557992491494, 2.85173873416321e-10)
(0.5685220881225563, 2.0966566691976777e-09)
(0.5355972859988093, 8.785077300908809e-10)
(0.41731965727034387, 2.610118110536597e-10)
(0.21249860446635055, 8.960135337024345e-10)
(0.9351211910354476, 8.406709397046713e-09)
(0.47851480795252077, 2.6216191260952666e-09)
(0.8839287504533027, 1.0590907579072806e-09)
(0.1536281190418037, 3.8865489437917503e-10)
(0.013344760952052863, 1.1494421589235297e-09)
(0.06014392114326487, 5.355531255837707e-10)
(0.46973103186287385, 4.059455254497187e-09)
(0.7423485860250182, 2.430675572547907e-09)
(0.5430237291077642, 1.2218352351460941e-09)
(0.14744290698227283, 3.3135148056305825e-10)
(0.8690409467072064, 2.9286281121932364e-10)
(0.7814208777081058, 4.4809641607682686e-10)
(0.16196951302494322, 1.3422412255226194e-09)
(0.5243536890358803, 2.656988063052119e-10)
(0.024133938978194717, 3.3452632086037204e-10)
(0.06726893907420385, 9.874086362144874e-09)
(0.7947934687119157, 4.93526906651773e-10)
(0.7256578331774316, 2.700689235251167e-09)
(0.6811521740279256, 6.196814594717538e-10)
(0.5637800554079383, 5.210232953799617e-09)
(0.9971772574584127, 3.3726459067726896e-09)
(0.018889100876232117, 1.462288387767001e-09)
(0.23009172327026242, 5.346307668098805e-10)
(0.4970470807043048, 7.085517312332496e-10)
(0.6554450365178845, 4.530628889331653e-10)
(0.3235081805365086, 9.87036166851656e-10)
(0.40490802269105686, 2.87152499649399e-10)
(0.684312901209134, 1.0733225785933972e-09)
(0.5389364794175525, 2.704880509113466e-10)
(0.5198025818911257, 2.6463495902956004e-10)
(0.019741838711276542, 1.056645750942129e-09)
(0.11103298747618374, 3.0119625724504937e-10)
(0.6163562528044804, 1.136966315920557e-08)
(0.28300786059155286, 1.4372590198132313e-09)
(0.3463182957387222, 3.6641800510938674e-10)
(0.08551171583985374, 7.180093286725812e-10)
(0.1878992772189206, 6.395754171482827e-10)
(0.4292643398565948, 1.258800080327907e-09)
(0.840701164678991, 2.1798434827716357e-09)
(0.5268548068278568, 4.4052372493734783e-10)
(0.8040269767657164, 5.039015318158096e-10)
(0.798456022294854, 3.661801429318296e-10)
(0.9316559055323127, 4.3503353929658e-09)
(0.7494795434586068, 8.08965716023096e-10)
(0.14682858997775772, 2.8370177809861915e-10)
(0.44278133725344593, 3.951701015994004e-10)
(0.45404103816646174, 3.3529039725784555e-09)
(0.16029693880121748, 8.382096134500103e-10)
(0.8102095395975455, 6.16254500528592e-10)
(0.7320214280146907, 4.0052512125278736e-10)
(0.3619532118140849, 5.938180976613476e-10)
(0.694300356155319, 6.914217588019319e-10)
(0.026610901794840325, 1.861688248891413e-09)
(0.5215933795675466, 2.960203434102226e-10)
(0.9715690786935091, 8.623861207067956e-10)
(0.1061608183546191, 5.84869810121923e-10)
(0.2660956153079546, 2.9861209569043746e-10)
(0.5956766070969484, 4.982459988742489e-10)
(0.8951612718824011, 5.423312990192079e-10)
(0.2701606370507888, 2.9895324107717036e-10)
(0.20311688871540212, 3.2903030343773734e-10)
(0.43038857379210504, 8.670336460292324e-10)
(0.24427464514263292, 1.5912427288227112e-09)
(0.2642016052475476, 1.0086264929425105e-09)
(0.6285907257242057, 4.648615920020286e-10)
(0.11019388620197962, 2.753030400329127e-10)
(0.7025946906992807, 2.0639232735734007e-09)
(0.01281744028086352, 7.437242283610449e-10)
(0.5245410509821434, 1.3207343131700376e-09)
(0.18797874619475918, 1.7869527999408595e-09)
(0.01139848363571626, 7.590035494950446e-10)
(0.940530838916578, 4.2211110569153945e-10)
(0.7297849124972481, 3.628066043870815e-10)
(0.8284047723927316, 2.736041530805805e-10)
(0.8201839563945892, 5.008151156321776e-10)
(0.25381964337406154, 6.154211527818993e-10)
(0.37567316419723645, 1.3455686557016715e-09)
(0.7761856313419312, 2.0662415450704467e-09)
(0.04933597511309211, 1.1398666090418082e-09)
(0.49320457793666345, 3.0215228805438414e-10)
(0.5312447989354628, 9.69986747244411e-09)
(0.8478342150181776, 1.433327640052394e-09)
(0.034780126338328714, 3.529579616192436e-10)
(0.5016921954313761, 1.4729457993265278e-09)
(0.5674860388324393, 4.871020675338266e-10)
(0.7603900242891962, 4.130387089045596e-10)
(0.7571207824783273, 3.2397263044421176e-10)
(0.14813844865159254, 1.1496213354108458e-09)
(0.7328128530798146, 3.323609062915196e-10)
(0.5773454316842865, 4.5501126795055047e-10)
(0.8659521531270883, 1.0815362196748921e-08)
(0.1656283526664305, 2.848942297428742e-10)
(0.09475620693340768, 9.65135163201077e-10)
(0.4021633008786276, 4.942588548673856e-10)
(0.45528094381840795, 3.773608248124816e-10)
(0.5065800394896893, 2.230412173798803e-09)
(0.2533932007953576, 4.5853632132133086e-10)
(0.5468523984895526, 2.0819987235243545e-09)
(0.3780986878833531, 1.474405446661292e-09)
(0.8952106993414591, 3.173435100279717e-10)
(0.7647726448886041, 2.890473778917518e-09)
(0.3289900082557266, 8.783532972159704e-10)
(0.8916608499580684, 6.037590935826737e-10)
(0.48275075925775307, 8.5666938424984e-10)
(0.7929006620821528, 4.127704287272237e-10)
(0.6679129889880856, 3.3139155324498695e-10)
(0.049673072585586744, 3.328751977141248e-10)
(0.4744037186959484, 6.265554081210303e-09)
(0.3944997904925625, 3.257808410866173e-10)
(0.07452845846088522, 3.4437604568701875e-10)
(0.683999723172469, 3.617692324103185e-10)
(0.050129314255587996, 9.543448340809432e-10)
(0.11019123917498148, 3.663496813279742e-10)
(0.6422428719020596, 4.89374583345327e-08)
(0.44928247667850013, 1.2690700764355642e-09)
(0.008153573684422015, 1.015184693355937e-09)
(0.7780656410967383, 7.733301211921349e-10)
(0.5977613276299872, 8.817383240120596e-10)
(0.013445488462326466, 4.054793921263773e-10)
(0.8611277886278987, 6.942366792153149e-10)
(0.6228785831999689, 3.923009061377224e-10)
(0.14008972747791548, 1.001327024423217e-09)
(0.5573285022320862, 8.349720830062014e-10)
(0.5410970291301551, 1.0918558448352914e-09)
(0.45645516261521013, 4.4998428655210794e-10)
(0.9867173260206523, 3.692436190783632e-10)
(0.3407800872864772, 1.0449275788941298e-09)
(0.921705196274548, 6.13760381860229e-08)
(0.7171378266985108, 1.1263438943828998e-09)
(0.5667490554453818, 3.2563001427594343e-10)
(0.5462853749514995, 7.013825944082203e-10)
(0.11949722762784135, 5.344946007066247e-10)
(0.32663255429085797, 4.2335803220204727e-10)
(0.3211470220165151, 6.426005670888595e-10)
(0.7524675545303486, 8.377645888553693e-10)
(0.3410555486612501, 3.365501616471354e-10)
(0.46833806952940016, 3.3584240684786794e-10)
(0.7258493450743664, 5.343084990826936e-10)
(0.8457241152233277, 1.3521377801646938e-09)
(0.09285818616144519, 2.6911861046601516e-10)
(0.8321151273797278, 3.343665414719942e-10)
(0.7584650271519143, 2.209327595964919e-09)
(0.7746847898907375, 5.947542891536965e-10)
(0.10108565733076082, 3.2130982473220425e-10)
(0.6268284646655086, 4.6208870600049504e-10)
(0.14955895023316354, 3.004195331706943e-10)
(0.5287568290477065, 2.7339006430988865e-10)
(0.757102231025174, 2.6274919908462004e-09)
(0.9123811390978459, 3.166522233721468e-10)
(0.1776727853169404, 1.0998202945428098e-09)
(0.6523484534794065, 1.5742361209833945e-09)
(0.77581723621664, 2.794217147670488e-10)
(0.9867073048909184, 4.519649216642288e-10)
(0.10300141679049359, 4.92458450330652e-10)
(0.6027439017658868, 3.0516958763750685e-10)
(0.39890751763871435, 1.3685364900165868e-09)
(0.3866491591396878, 1.0210918190076112e-09)
(0.9846195236177216, 3.429392311722779e-10)
(0.9739472652498804, 1.0059108948278758e-09)
(0.018827776643678844, 2.9916762593262663e-10)
(0.45425135188602916, 3.505678890820209e-10)
(0.8528253790691132, 8.096683572483145e-09)
(0.5849971758256792, 5.9298268844311e-10)
(0.9278002309113016, 2.206883678018256e-09)
(0.5612294876992225, 2.784779480753992e-10)
(0.30527024155577764, 3.739758844902711e-10)
(0.11459121196143092, 3.797935664012121e-10)
(0.7457354958757382, 6.012332001395152e-10)
(0.7874511029232947, 5.461800427208021e-09)
(0.6901717268888206, 5.330677430670544e-10)
(0.8976841223451466, 6.709773396118203e-10)
(0.5535123604849996, 2.9770513428846967e-10)
(0.1142820725831038, 2.342242336669939e-09)
(0.2514485339726077, 3.78358321066429e-10)
(0.7643630057616253, 8.24036339990448e-10)
(0.7879353246337728, 3.7103843977991854e-10)
(0.19277084739489742, 2.651434954702814e-10)
(0.4109145628267314, 3.001715253316142e-10)
(0.22233053452409504, 5.550827900928187e-10)
(0.45602713575907206, 7.50591636287324e-09)
(0.8458393759734141, 4.5576195386206636e-10)
(0.5887560279447782, 9.57628540969473e-10)
(0.8265466626102422, 2.82186186649268e-09)
(0.19095665476066637, 3.137457914074685e-10)
(0.19427588754564978, 9.207518111901066e-10)
(0.6588286092124251, 6.19896552858724e-10)
(0.07777316752743754, 5.979837590901415e-10)
(0.5233416068868009, 3.164222592977042e-10)
(0.5658970404626856, 2.869478682505024e-10)
(0.8955327438681222, 8.914103339496481e-10)
(0.9234275198518231, 8.970648516071697e-10)
(0.061313180611392175, 6.261547153308016e-10)
(0.5646676333645424, 1.463951830908724e-09)
(0.5949977474864062, 2.794697323061516e-10)
(0.7992673216484147, 5.958625608065137e-10)
(0.6588156126874934, 6.862221169002701e-10)
(0.9461938960695314, 2.9106374583279046e-10)
(0.42614998059829967, 7.322900993412493e-10)
(0.34358131068902453, 4.5666459150090896e-10)
(0.9485379627938177, 3.354879504208318e-10)
(0.09758178563827208, 2.8307505435812296e-10)
(0.276081367642903, 9.365529434351586e-10)
(0.1953764352125332, 6.242497806385561e-10)
(0.9656781125664744, 3.847118873038226e-10)
(0.8670191274827262, 1.2444585198517983e-09)
(0.9745163831956948, 4.810271672925569e-10)
(0.8519147915461068, 3.1559278257666604e-09)
(0.9091525587997239, 5.44122133607485e-10)
(0.07021208603969181, 1.594502276016294e-09)
(0.40714489729887393, 4.084757517408489e-10)
(0.065892177974884, 3.8856127548192395e-10)
(0.568689405343378, 6.438547874413262e-08)
(0.8265176364026231, 7.401634555130437e-10)
(0.9193690278168182, 3.8914120966293447e-10)
(0.7329880522037248, 3.355183831067795e-10)
(0.9730731707306046, 1.7884962106162411e-09)
(0.8352626172727193, 4.040015593144695e-10)
(0.6269266661322328, 3.779585295083376e-09)
(0.5059767091794686, 4.6264633071741394e-10)
(0.9744444655545023, 3.1921628143453346e-10)
(0.2029713947433563, 3.3898605616866475e-10)
(0.45641075811943177, 6.851980498206982e-10)
(0.4229067992349652, 1.0700789920565722e-09)
(0.655358837998213, 1.7285718401492075e-09)
(0.535701445521875, 3.1182169677083665e-10)
(0.47971066158663955, 1.5223577879211394e-09)
(0.4645155964287804, 4.832145464745211e-09)
(0.7963063827987137, 2.874761864419387e-09)
(0.8652032661101187, 1.1562254802247942e-09)
(0.09643359146312963, 6.712636885428057e-10)
(0.7441640261585332, 2.2570227946632972e-09)
(0.991183624656806, 2.9019772890327727e-10)
(0.06950133791104715, 7.785224951423855e-10)
(0.08804743649648197, 5.449434324289179e-09)
(0.34694229358575934, 6.827837730474361e-10)
(0.3615729770052125, 1.1408967491340383e-09)
(0.6699270061812534, 3.51550003630656e-10)
(0.3090266407915875, 1.0793691529473435e-09)
(0.20490481799783936, 3.141485154139025e-08)
(0.361260904340671, 3.8769306580238503e-10)
(0.7967638030991534, 3.940536955338249e-09)
(0.5607086739276497, 8.86292445943401e-10)
(0.3560998810898984, 6.706827096116157e-10)
(0.9938945857400479, 5.504571109564847e-10)
(0.5267310280722771, 1.2723267318773354e-09)
(0.6461124384116295, 8.176528271680706e-10)
(0.12017026755203696, 7.381523111351597e-10)
(0.21949420749737478, 2.6383254797229974e-10)
(0.26600595267170535, 3.168665274049282e-10)
(0.6055999819465815, 3.460868510621813e-10)
(0.7649774761508359, 3.065480761806835e-10)
(0.5893927731221147, 7.474284144640294e-10)
(0.019309181416649057, 2.808258050645551e-10)
(0.7163958076376057, 8.057260949628798e-10)
(0.9354064046066851, 8.750090359689432e-10)
(0.5242191619672815, 3.5837186620057057e-10)
(0.9845486368546112, 8.939778510293294e-07)
(0.7194300067616257, 4.878905033782998e-10)
(0.7967962067522819, 3.281679227250657e-10)
(0.7696338360087498, 7.420937209446232e-10)
(0.724740819771175, 2.076877567075683e-09)
(0.7641020174425528, 3.4541068912877416e-10)
(0.40090144161071256, 1.1090477174790339e-09)
(0.5567784905936599, 3.4653735653183414e-10)
(0.32294048693281385, 2.938620061584254e-10)
(0.41540285058154564, 5.792811026652717e-10)
(0.9124803902872609, 1.4166313555833532e-09)
(0.16521814580408106, 2.2680316687889026e-08)
(0.7306440557171242, 3.071938402106167e-10)
(0.9580059673573242, 2.7618667034261207e-10)
(0.641067961787422, 5.504180472782361e-10)
(0.3726515113097628, 1.0803359689852287e-09)
(0.7498448332720198, 4.850305167646817e-09)
(0.686869970280134, 5.170458177718036e-10)
(0.18891121528213184, 3.25945497302043e-10)
(0.6275208586789124, 3.766634254222667e-10)
(0.32327677412969985, 2.8224210871158254e-10)
(0.7379228550274537, 3.2042601415636043e-09)
(0.18018905362183843, 4.0276323626032795e-10)
(0.7251941398640335, 2.8840142979254224e-10)
(0.4012962253591276, 7.897840378773912e-10)
(0.31644395027720734, 5.350211132423721e-10)
(0.28505320215203933, 1.0563422451879595e-09)
(0.7870802674920655, 9.068998532686777e-10)
(0.38950249391080144, 3.0648306164435833e-10)
(0.49072443439076674, 1.0473627641631935e-09)
(0.4467122148667913, 6.682389728238026e-10)
(0.1420517229461478, 8.797707585939057e-10)
(0.725138372160005, 3.2693802159660244e-10)
(0.5657347283076614, 8.648154292943212e-10)
(0.6207491672795487, 3.771085991905935e-10)
(0.03630078138980945, 4.5319598698333245e-10)
(0.36227795031198456, 3.030910446056347e-10)
(0.4357152516178179, 5.27943849231937e-10)
(0.37682851455291444, 1.4078633798137126e-09)
(0.8269126519654368, 7.664554131050159e-10)
(0.4266433829734171, 5.521241339573087e-10)
(0.04349347320067133, 9.73130060584427e-10)
(0.3256631133003296, 4.236041659484004e-10)
(0.8146533756785532, 9.41961393260278e-10)
(0.5592222439819937, 1.3061526218339582e-09)
(0.19369969728107883, 4.809669802034975e-10)
(0.08634816777118724, 5.310344127596807e-10)
(0.20483554399859497, 5.347374399522098e-10)
(0.7361732240258099, 5.800230984053524e-08)
(0.521127510402512, 5.03622567467935e-10)
(0.6228946162609686, 2.9296587123044794e-10)
(0.5591922024541651, 7.566063336390786e-10)
(0.25237626538336755, 1.6061908993195227e-09)
(0.45221608442726124, 5.753154344151817e-10)
(0.1383626790194949, 2.6116711116662564e-10)
(0.5504049102189301, 4.565297597168588e-10)
(0.6753828928042988, 4.5376808054268947e-10)
(0.11896253343643891, 3.43994805530516e-10)
(0.7668401319850411, 1.066131647389906e-09)
(0.08343674804245074, 9.41655605277385e-10)
(0.649815572576883, 3.3890986070709913e-10)
(0.7601188674327098, 2.2506573397783453e-09)
(0.7829486671966304, 4.997175370862617e-10)
(0.21716802177054248, 5.418726394632663e-10)
(0.4163764013872317, 4.041473171472139e-10)
(0.48978336061411554, 4.6107215671919236e-10)
(0.8465648480544968, 5.01456673384506e-10)
(0.10045830775589876, 3.1888363111304166e-09)
(0.6006138270724249, 9.317175688481916e-10)
(0.1758944415805768, 1.1985101337127239e-09)
(0.7683806914744521, 3.8118039773999424e-10)
(0.7581982102307848, 2.355668994556911e-09)
(0.3302194955714968, 6.956720081147124e-10)
(0.7083520707828527, 1.0456978729740481e-09)
(0.22177962849289418, 5.195522243278585e-10)
(0.7412150482973343, 2.8960693610171893e-09)
(0.8931836885374563, 1.8178779940724114e-09)
(0.35288596435466985, 3.611385547292944e-10)
(0.10871162707901784, 3.5432945922801196e-10)
(0.14935067028546464, 8.300060629424872e-10)
(0.9038333722160234, 3.3634125536979177e-10)
(0.16484728136674867, 8.417656463725187e-10)
(0.6864981195376051, 4.200409061314852e-10)
(0.811108701087095, 2.967954827287651e-10)
(0.5507902964898266, 4.953384408018001e-10)
(0.8964346413858808, 4.784827010367783e-09)
(0.4894833148421367, 4.884862687833354e-10)
(0.6697354509007801, 6.376884687105753e-10)
(0.8244042765729023, 7.757396081024411e-10)
(0.3050126114635046, 7.586110732843355e-09)
(0.7383335945505553, 3.3251975143833347e-10)
(0.9434381407319086, 3.1508116974578455e-10)
(0.24521568498560023, 2.8124509203286096e-10)
(0.6936075811767953, 4.931779087224917e-10)
(0.3668033628515034, 3.095811187650921e-10)
(0.08223660995529579, 3.671142922019588e-10)
(0.932291792938515, 5.578738712925837e-10)
(0.22684027867222864, 6.177581932570291e-10)
(0.19122703021327772, 3.04325069439854e-10)
(0.8796671881397137, 4.972204191262205e-09)
(0.12193485036205458, 2.6725960566286347e-10)
(0.09360743142844277, 1.4174218636049215e-08)
(0.6930014347452715, 4.5071084981840635e-10)
(0.6408922369594502, 3.3771436419677895e-10)
(0.32034525025939975, 2.6440627978344764e-08)
(0.2628216585837602, 2.337110418920033e-09)
(0.3347679703852103, 4.907049747127374e-10)
(0.9806867975651353, 1.2737254683029465e-09)
(0.590168996373352, 2.703610750825852e-10)
(0.560036076077875, 1.2227271410280811e-09)
(0.8099815023508126, 8.879209879344244e-10)
(0.6271689826315076, 9.984532504623123e-10)
(0.12903365932739333, 3.7856932083259393e-10)
(0.4816355696516119, 7.363149561356473e-10)
(0.03344150247884612, 3.0849014790292337e-10)
(0.25721185249561396, 3.0325426835379515e-10)
(0.22272683689033, 1.6345854689906704e-09)
(0.8065900140681688, 4.3837413672684067e-10)
(0.9018255917427416, 1.240385150080881e-09)
(0.3364392781153216, 3.234376493107148e-10)
(0.10126943422486867, 3.590826161090176e-10)
(0.9725418628366679, 3.691864269059077e-10)
(0.16856992820088246, 3.677482883827e-10)
(0.21073973336219382, 3.181415876292863e-10)
(0.26634581151754555, 1.792599287735894e-09)
(0.06057359799760382, 7.527318196674428e-10)
(0.7949458492520524, 1.1575720757522347e-09)
(0.48454660399021915, 1.141855776249295e-09)
(0.7390116419789654, 2.7831529536104067e-10)
(0.8524493076812615, 5.882239129216361e-10)
(0.29460403583115263, 2.8818604581248355e-09)
(0.10137522191881365, 2.665673316177573e-10)
(0.3445791644048132, 2.828365971767924e-10)
(0.8278359568299819, 3.2905596443673965e-10)
(0.08167710548301788, 3.360180372053261e-10)
(0.6540612382944414, 1.6529913836804885e-09)
(0.6136506232278335, 2.1764447265129186e-09)
(0.7808287131932962, 2.726389242256478e-10)
(0.842496667442438, 5.673921850612645e-10)
(0.3193743641749161, 3.2250262559118405e-10)
(0.8756301638293035, 2.016331041109754e-09)
(0.4922135845169989, 1.136297132747865e-09)
(0.3401361360339395, 6.998390112865252e-10)
(0.9668670872112514, 3.5926698145287824e-09)
(0.7181104924819867, 3.1628138206445035e-10)
(0.49229284580667665, 1.1984754276548589e-09)
(0.7200492523106403, 1.2361401653375013e-09)
(0.38903925900082975, 1.3626175868410942e-09)
(0.21378196102269206, 3.553859449006914e-10)
(0.10853290521891826, 2.6628947610814156e-10)
(0.37699232447588643, 6.085657995624144e-09)
(0.8640094362600294, 2.8246949539044704e-09)
(0.8228997943889812, 3.5440770778920544e-10)
(0.39018165891577844, 5.948588009335202e-10)
(0.1597560254169028, 2.864227769208193e-10)
(0.23638625341944985, 4.855618020108948e-10)
(0.8315274079695991, 6.018965195252269e-10)
(0.5565947180411982, 4.705272604444166e-10)
(0.753082969181957, 1.4288344975755807e-09)
(0.7203030473271336, 4.2292172123006455e-10)
(0.43937684008082234, 3.0378807695408366e-10)
(0.03242738246242679, 3.80169060467003e-10)
(0.5222866232652335, 3.111279877539369e-10)
(0.510846229661, 8.501222082860327e-10)
(0.8163862160153728, 1.21925417362954e-09)
(0.13308486507990233, 3.253837555368527e-10)
(0.014216037991547841, 2.859041541314697e-10)
(0.1945363374507874, 5.158072539320436e-10)
(0.2296477188632597, 5.98229844590994e-10)
(0.25541543171793907, 3.0654664810764165e-09)
(0.2835357324512512, 4.3160988516170877e-10)
(0.4476168638692073, 2.175263975277056e-09)
(0.1854807980904027, 3.7311000274827405e-10)
(0.5045400813454266, 1.1896039850914113e-09)
(0.6128052655698847, 3.19715659960872e-10)
(0.3211453051521983, 2.820571144371298e-10)
(0.9175910755275928, 2.867321870722836e-09)
(0.41750488258355356, 8.469874410220573e-10)
(0.4570120324584502, 3.2115265625963814e-10)
(0.6841251970096818, 2.538998870326596e-09)
(0.527934742568595, 1.465077592394035e-09)
(0.23735789944155897, 3.6128772121969263e-10)
(0.3154381627738333, 4.761917299953247e-10)
(0.6495498929120943, 4.74028592217477e-10)
(0.046662044913203624, 4.933450765038376e-10)
(0.29868501996937163, 1.1967254154462408e-09)
(0.13262549553926867, 7.301159954536555e-09)
(0.3246916654906135, 2.625476866495067e-10)
(0.49971865571832497, 1.1607999418207584e-09)
(0.8754231122318801, 8.671075929454208e-10)
(0.8183436636994341, 1.695597547731817e-08)
(0.3569172902920041, 3.698506025360373e-10)
(0.7078715387410984, 1.2496015512155727e-09)
(0.9217152150879201, 9.938960771884672e-10)
(0.4634928227935029, 5.415990174309066e-10)
(0.21527294675507228, 3.6245179514464464e-10)
(0.16033519327029785, 4.522577127886116e-09)
(0.43227826778442535, 2.9565030664817487e-09)
(0.484565929817966, 4.2947859920046456e-10)
(0.02219907878785014, 3.53374920494314e-10)
(0.6673788561693872, 4.553686794747184e-10)
(0.7685028087392752, 4.1655563192449973e-10)
(0.7683385842451353, 2.636683822634491e-10)
(0.6589241334386611, 6.595221348556611e-10)
(0.4633564767293802, 3.6327298332332034e-10)
(0.820272526548891, 9.670870061112814e-10)
(0.29808606630722206, 4.80813622662252e-10)
(0.45310378093938747, 7.76654046705331e-10)
(0.6622056609412247, 3.2421758052591514e-10)
(0.8721003729385842, 4.1972549263278414e-10)
(0.5773340038263085, 3.768661518945377e-10)
(0.5506121063491833, 4.4873927738967937e-10)
(0.1825956402921008, 9.364662900006398e-10)
(0.7697145970879032, 7.564026672687267e-10)
(0.6126078419643413, 9.463880403141992e-10)
(0.6757468521858347, 1.0487911952416024e-09)
(0.3232615892266238, 4.008548235723207e-10)
(0.2557979736020117, 5.414664547623533e-10)
(0.15917591290777355, 3.6836265806408673e-10)
(0.9978838817287009, 3.245722691464722e-10)
(0.2814771778459335, 8.093138207167191e-10)
(0.22758988092740345, 1.3318363899922e-09)
(0.723854802258463, 8.571808990423176e-10)
(0.4921827808964063, 1.1292135120826077e-09)
(0.0009921710994948054, 7.357406612056728e-10)
(0.4606147820611996, 1.2689554330699564e-09)
(0.7086559192493069, 7.548244268781422e-10)
(0.5560183158244458, 4.517913017219092e-10)
(0.41924770354693036, 2.9429190368205394e-10)
(0.4368902707885946, 3.0555611500985223e-10)
(0.8746092610301023, 6.854373014292526e-10)
(0.5049485531300241, 8.000719258839407e-10)
(0.6558528481217063, 1.002830614024142e-09)
(0.35318449616418096, 5.600791188582715e-10)
(0.4462293614408003, 1.9213466454983176e-09)
(0.5983698833556371, 2.829270185440561e-10)
(0.7558542916976011, 1.586342063268197e-09)
(0.2715579544788111, 1.57482405388755e-09)
(0.8023805358043854, 1.0629209307973919e-09)
(0.8736158086325027, 2.3853148595679045e-09)
(0.9795260584662334, 4.2308277419381675e-10)
(0.3289251946769879, 2.6696328551179803e-10)
(0.04351569972260376, 1.0232566084238893e-09)
(0.5750507437233697, 6.827961250991136e-10)
(0.5716972336420881, 1.7511760693801785e-09)
(0.30661444159979967, 3.0332797863392505e-10)
(0.7542645606637515, 2.942894833594577e-10)
(0.48210221647425994, 4.2477116304513087e-10)
(0.4520334805131275, 9.957592748558667e-10)
(0.520084936772777, 6.848088738261947e-10)
(0.7852502770156647, 2.6332356352215286e-08)
(0.4049411813722215, 3.138843129739327e-10)
(0.12015417002308906, 2.90474840570528e-10)
(0.9376727669699225, 3.4264591336407637e-10)
(0.2832956576052606, 2.659133333806867e-10)
(0.5502451753476939, 1.7606359587979316e-09)
(0.23164474633136364, 5.387503887123025e-10)
(0.6560758470361583, 1.970799122492254e-09)
(0.7055454349781668, 2.8139606302352797e-09)
(0.21255905721508475, 5.512457703909856e-10)
(0.6991104197810599, 1.1736865981097295e-08)
(0.336936310269887, 4.712012599653571e-10)
(0.48738953879396063, 3.0955960695159965e-10)
(0.4562557057291229, 4.1925837329428906e-10)
(0.049352831840217444, 3.114490423415005e-08)
(0.8214327029478673, 1.4556304721739044e-09)
(0.4857839533166849, 3.0226557370857333e-10)
(0.7516668885281873, 3.9374131895591445e-10)
(0.6031168889944473, 3.56492496240681e-10)
(0.020729651811828367, 2.6433954665040164e-10)
(0.33032510364200357, 1.8788797139843521e-07)
(0.18573016793296812, 3.8265057895930553e-10)
(0.6989651538061311, 3.5486942742081816e-10)
(0.6315083886906242, 9.71548697588721e-10)
(0.9453707449817331, 1.3394175109246254e-09)
(0.6176549878652206, 6.61846713329239e-08)
(0.3974493529684041, 2.6961038906722145e-09)
(0.38182088350296567, 8.710306134382108e-09)
(0.49246898014965323, 3.4948562961034817e-10)
(0.46041000150803074, 1.3280580749499457e-09)
(0.9349912680372565, 3.30915862629389e-10)
(0.3713786504664875, 3.0295030580696503e-10)
(0.7574584092677731, 7.253898171378441e-10)
(0.26580813761008903, 2.653810317504685e-10)
(0.8694059740378403, 1.0001243754217215e-09)
(0.5966194623667783, 2.785312712940289e-10)
(0.6797217433432996, 1.026601248810735e-09)
(0.30106989567861453, 3.9963624866072404e-10)
(0.8080851542208969, 3.152807412425691e-10)
(0.6838156832428518, 1.6255237720227842e-09)
(0.07039839291366498, 3.226458540723933e-10)
(0.7483746611161831, 3.6979238433818416e-10)
(0.7175451758585681, 2.3217748673081602e-09)
(0.5341639469499885, 2.813283882869918e-10)
(0.013228413045806967, 4.485573002774823e-10)
(0.6367390772878053, 1.0148762714622465e-09)
(0.9141860023727888, 7.035696748191397e-10)
(0.4103813242654617, 3.4296931355378136e-10)
(0.3834764271059959, 3.2363138248958926e-10)
(0.12528604288748454, 8.626621406876191e-10)
(0.9460296084804158, 1.9716364272223073e-09)
(0.22523082509868692, 4.235859245762693e-10)
(0.36500488372062617, 4.624176777134842e-10)
(0.4437593976285947, 4.6173658367470217e-10)
(0.7415625017274674, 4.611765800981384e-10)
(0.15483836693908867, 1.178906682030544e-09)
(0.9185309053220042, 1.0421955844706646e-09)
(0.7568905547077782, 6.474709075797667e-09)
(0.08340252607415087, 5.458732269659443e-10)
(0.9092647143165711, 1.2321635912697678e-09)
(0.6353290418089669, 3.4670266134309664e-10)
(0.1581215041430432, 3.322401147215265e-10)
(0.9554316227628095, 3.6432260506765904e-10)
(0.5557259301559951, 1.1867185473035632e-09)
(0.772427642599127, 5.938139748010588e-10)
(0.6134592045935433, 4.012461182223599e-10)
(0.17235608981713504, 4.1875345979156567e-10)
(0.42122403597525904, 8.173179236701175e-10)
(0.46635876039259855, 2.6981192801170755e-10)
(0.8221553875271638, 4.73106573309193e-10)
(0.9408548755633328, 6.320982998331048e-10)
(0.42983771279456295, 3.646037148110421e-10)
(0.2759994631560064, 1.4946105587333966e-08)
(0.9054581669398879, 4.808589066742179e-09)
(0.4557990269595761, 2.557825425538159e-09)
(0.5436681404322404, 7.116091004692497e-10)
(0.5785169839179194, 2.2830486989172544e-09)
(0.47970870017293793, 4.68856514627791e-10)
(0.5841647082745476, 3.044802417552403e-10)
(0.1124647671026315, 5.325875775792531e-10)
(0.24318564461637168, 7.840998600444593e-09)
(0.31441071591890624, 5.804369057129636e-10)
(0.09210203733131282, 3.011156219988683e-10)
(0.8955293208107173, 4.208603613454103e-10)
(0.2870485504699307, 3.718405065190436e-10)
(0.6088893139827569, 3.4743517201477497e-10)
(0.5007488345464723, 9.42519456580967e-10)
(0.005959533187513573, 1.6664209048930678e-09)
(0.20444570948636503, 7.770138823836647e-10)
(0.9220364133397343, 4.24552139172238e-10)
(0.6665582722787616, 4.4908347370088843e-10)
(0.156278469797111, 2.651382039085951e-09)
(0.7482663148333417, 1.7895420897324842e-09)
(0.688617680268255, 3.333829810932787e-10)
(0.9569273863773998, 7.354462254871625e-10)
(0.4268879314867247, 4.0060130342463325e-10)
(0.768625119214993, 4.558442678913866e-09)
(0.6959395993547477, 6.34959692262956e-10)
(0.12866172571812606, 3.6005554282174224e-09)
(0.9164986065362641, 2.0609226169796224e-09)
(0.21815603769065345, 4.1257595656818127e-10)
(0.9530349922775307, 1.3401530053207106e-09)
(0.3537600252147372, 1.0535980491137888e-09)
(0.11196361038178142, 2.715293710892747e-10)
(0.8094375356950168, 1.6213114806396075e-09)
(0.9393653497096153, 5.428386482297787e-10)
(0.5462158989841538, 7.523029819488138e-10)
(0.6409564530080806, 4.34444713576346e-10)
(0.8805044862049197, 7.309718423460601e-10)
(0.6376030199058148, 6.153324307987243e-10)
(0.22874621602712455, 3.0018190534721987e-10)
(0.3176403798446435, 1.2266912677258215e-09)
(0.5017584523123731, 5.217993339795294e-10)
(0.5244356441625084, 4.962040697733411e-10)
(0.16443242379965267, 2.727904082842586e-10)
(0.42544107795734687, 7.004802583357788e-10)
(0.5787895390838502, 1.990994347126156e-09)
(0.21419770474061736, 3.2268486480860393e-10)
(0.9317002808020828, 8.634319745477572e-10)
(0.19000741298515167, 4.255188367144241e-10)
(0.02767128135872139, 4.0814369320602653e-10)
(0.8987211698146633, 3.939142211527829e-10)
(0.5515712228991334, 7.456473706634488e-10)
(0.41634408263955464, 4.767009602633714e-10)
(0.3094981667006724, 6.1220192050362185e-09)
(0.6047261798610367, 5.983543276894754e-10)
(0.3583557695807888, 3.6600031724525246e-10)
(0.797172196340416, 3.1266093532678795e-10)
(0.5135924041420437, 1.4166949413785075e-09)
(0.6393142240360051, 7.166706698728063e-10)
(0.8412314179514482, 4.6029324310930324e-10)
(0.8452141220418666, 4.341599224389125e-10)
(0.7182959054778112, 9.01159036090223e-10)
(0.7835887871869927, 1.5863292251124645e-09)
(0.5924128402876291, 5.683671973959225e-10)
(0.2878013483635504, 4.236209501989946e-10)
(0.9796440576008685, 5.165198728254573e-10)
(0.38827400412483226, 4.840857419416488e-10)
(0.6312334653188223, 4.3809123066096246e-09)
(0.7747294197930229, 1.640392665739522e-09)
(0.6819510730717209, 3.0918434129373577e-10)
(0.20361547100699282, 7.463994782617696e-10)
(0.7163456682413684, 3.1195460993097276e-10)
(0.6308301682818422, 1.0668324439905052e-09)
(0.5351741693989971, 3.3521990645397667e-10)
(0.9598308221033751, 5.220891962536934e-10)
(0.7032238550101686, 7.008390440594732e-10)
(0.29457248164732935, 3.052699626503754e-10)
(0.029797769299736217, 4.829623605005135e-10)
(0.09844515154953601, 7.144354724208108e-10)
(0.8120541819015646, 3.609469959317025e-10)
(0.5474030150216063, 1.2635488609519574e-09)
(0.9196307782724998, 1.4270316696269827e-09)
(0.1602669341473619, 1.197916167248491e-08)
(0.30032891890751545, 1.7066215151373038e-09)
(0.5199621047565083, 6.968839371908145e-10)
(0.43384202232872837, 6.959276193940804e-10)
(0.47485472263125883, 1.985632950614411e-09)
(0.5954083494188336, 6.997314496163346e-10)
(0.944946654336576, 8.069213854891548e-10)
(0.3995346868163733, 5.703151759052624e-10)
(0.037301998641243006, 2.8327861524383588e-08)
(0.41444924599550875, 3.7418242578704746e-10)
(0.09213351018969505, 1.4394550753623554e-09)
(0.7152211305129449, 5.192452855595473e-10)
(0.5120262061625859, 6.696161137269862e-10)
(0.835353620787264, 5.164847556083626e-09)
(0.8841997940606066, 3.122118081927208e-10)
(0.6449565522405467, 3.117585374310497e-10)
(0.2550847063281172, 2.251825825399981e-08)
(0.1164895313461516, 1.1118656957486503e-08)
(0.40354079206192683, 3.677678747604048e-10)
(0.9387562361631293, 1.0289219438764055e-09)
(0.4368996229688455, 2.6532622673701413e-10)
(0.5141856098363891, 5.358119438308123e-10)
(0.5157912696241472, 2.843832728835858e-10)
(0.6597841811081705, 3.034387225138345e-10)
(0.5612435919383179, 3.027777885499169e-10)
(0.5242720312957743, 3.68737098921491e-09)
(0.4084072657914903, 3.8018337575459046e-10)
(0.24662672057208143, 3.4227714796716006e-10)
(0.735338102251729, 1.0059209333603178e-09)
(0.3989573097066711, 7.31006073422379e-10)
(0.4005742710215445, 2.696633504889734e-10)
(0.5288394574907467, 1.072425602385329e-09)
(0.07462852129992562, 1.1703039458090549e-09)
(0.833359489375589, 4.17853783542457e-10)
(0.023807957784733193, 2.932757950286403e-10)
(0.555275718738189, 3.8277274149690684e-10)
(0.256574171514931, 2.651333467284605e-10)
(0.11092122541075897, 3.2134095194544416e-09)
(0.6737706304142228, 3.20041403738477e-10)
(0.023003110984246605, 3.7724788292436774e-10)
(0.4673503820348299, 2.996126793914261e-10)
(0.665111693017727, 3.5760723369499396e-10)
(0.7611527545666141, 1.9671244454144555e-09)
(0.7203229958190163, 1.0586506351653427e-09)
(0.575035012310572, 1.278112927946831e-09)
(0.9061710710051889, 1.1135760803115095e-09)
(0.4028464778658355, 3.82345082169451e-09)
(0.07179394618906887, 4.337817169411186e-10)
(0.2838182722252339, 7.065456974562514e-10)
(0.2859512959502473, 6.081520078254008e-10)
(0.22986417913171758, 6.634427884666824e-09)
(0.21425238861090928, 3.192475858488649e-10)
(0.857737907862479, 3.0603334329027205e-10)
(0.055964976578908816, 3.194947048974913e-10)
(0.15792109123113726, 4.947794260471223e-10)
(0.15819112024329418, 1.5574513024171934e-09)
(0.2561562482415306, 6.618885942780352e-10)
(0.458713997775254, 5.254719569199454e-10)
(0.9631543643872387, 3.994822313258612e-10)
(0.41469879999652015, 2.0163419603536786e-09)
(0.38149775559138366, 2.976796948322789e-09)
(0.3592431179292927, 9.737304691036133e-10)
(0.4479576409409496, 4.165846680906509e-10)
(0.4651776157398617, 1.0835195199690464e-09)
(0.9261353211452977, 4.8337326951104e-10)
(0.5970697982097132, 4.752815444992406e-10)
(0.023181437226784937, 3.3120236553187237e-10)
(0.7998493432258044, 4.0052310592438515e-10)
(0.11299239012624682, 3.3200076105611377e-10)
(0.6818089950401697, 5.07764864609559e-10)
(0.6708318836136179, 2.008279776006436e-09)
(0.701709816749305, 3.7832157420375054e-10)
(0.3595447871326472, 3.249889239238008e-10)
(0.19671246789276858, 3.360426023139903e-10)
(0.06425260378910244, 8.125801362410412e-10)
(0.4207106834353319, 1.4953572200073411e-09)
(0.5492123929839828, 6.4473378667643e-10)
(0.18755694964360403, 2.9515457720330017e-10)
(0.9287259031757766, 3.1602180809961935e-10)
(0.4500376566320577, 1.248749782840526e-08)
(0.5235886992747024, 5.918509947779962e-10)
(0.35167866593464675, 8.789119851042124e-10)
(0.11876560841148762, 7.392500992416115e-08)
(0.26085236003237827, 2.363170361568081e-09)
(0.7631880816694414, 8.790045355372141e-09)
(0.4902191375158577, 2.694760306168854e-10)
(0.5624728263760477, 3.610084213054274e-10)
(0.20689112403721568, 1.0034284934970752e-09)
(0.3205880938635803, 2.9935105839719174e-09)
(0.12268993185822125, 5.6341996126571e-10)
(0.6390756479957649, 3.243342920420497e-10)
(0.2703061604975427, 3.967843154799687e-10)
(0.7649279174060044, 4.271708964920357e-10)
(0.5446523242807375, 5.428676557156754e-10)
(0.5181648793857117, 7.861609142068153e-10)
(0.548228707596602, 1.0499367833021709e-09)
(0.028357963431329812, 3.2119860565020297e-10)
(0.3368914430477621, 5.147094389817699e-10)
(0.9468675470160614, 2.6945700599180533e-09)
(0.0022904384471609833, 3.2103727297662263e-09)
(0.4304302599805081, 3.044102253911598e-09)
(0.13646275033089267, 6.412830465497797e-10)
(0.18091493067429007, 5.049427506193347e-10)
(0.3879472289703435, 2.980964814425822e-10)
(0.8083396237800108, 3.420413177861659e-10)
(0.5171020068282842, 2.9594128220910445e-10)
(0.7922574710657189, 2.9966034437302187e-10)
(0.8769111192527711, 6.731767541125108e-10)
(0.8798303782980151, 4.4095339872304563e-10)
(0.8466635095956012, 3.4065628919192303e-10)
(0.4371702730813167, 2.7206739916895916e-10)
(0.9056926592117909, 2.679611865170531e-10)
(0.5182655143795506, 2.9659587135188655e-10)
(0.7068930840402029, 9.983262757539419e-10)
(0.9052162126775299, 5.393892847423871e-10)
(0.6399399538623037, 9.661407711745676e-10)
(0.09535080478365245, 3.2731990306893714e-10)
(0.7081513186262695, 1.3204410406907783e-06)
(0.32346147774895684, 1.9480047631721396e-09)
(0.41765266017154185, 1.480638337240247e-09)
(0.2313282914763758, 3.51262603105366e-10)
(0.9241536222053273, 4.1130992798336753e-10)
(0.5089959561877946, 6.188849033088729e-10)
(0.8864746272658006, 3.1124662569107755e-10)
(0.8231534974622052, 3.8481226209026967e-10)
(0.3986050996655955, 2.6189515325676413e-10)
(0.8191221568386079, 9.388309498062049e-10)
(0.9385876230812388, 1.0345685674983568e-09)
(0.7806136772751817, 5.015445398732401e-10)
(0.04137992210347782, 1.6054150208846318e-09)
(0.6982080072839045, 4.937185102338304e-10)
(0.42623048075821585, 5.391621817444893e-10)
(0.5106346951998156, 8.918995660151999e-10)
(0.7355000550241646, 3.6617766589648063e-10)
(0.9234851633695443, 2.2675192835443334e-09)
(0.31074340917797844, 5.487526809488669e-10)
(0.19076304974276836, 2.74898445364706e-10)
(0.19861790581287347, 6.967022967047984e-10)
(0.6830259139896081, 3.985142126607184e-10)
(0.471828530720705, 1.685679850251477e-09)
(0.5443072653221709, 2.840258102521943e-07)
(0.5017223256990782, 3.0373649258506644e-10)
(0.6685808124321625, 5.399823178927004e-10)
(0.4521046066443953, 3.3328419996781746e-10)
(0.14340838136038156, 4.858925916347852e-10)
(0.9553991160412506, 3.143151186868216e-10)
(0.664882147868192, 1.6459645420666067e-09)
(0.7660375660955625, 3.4501314238180747e-09)
(0.24369981208271257, 8.654567773332346e-10)
(0.01637211305204483, 5.243527116413623e-10)
(0.05226499596061353, 3.8904273697829675e-10)
(0.011501174598488895, 8.385443573604477e-10)
(0.2501709888040579, 5.013543950035324e-09)
(0.3472972762255607, 7.401153575870267e-10)
(0.012023152484035288, 6.208884670382966e-10)
(0.9822403618614787, 3.2359361661755234e-09)
(0.05885773926873455, 3.354835961139506e-10)
(0.24804330305686242, 3.0899946121725246e-10)
(0.6265626521138066, 1.3217598566857745e-09)
(0.45758545207248263, 6.351657708940798e-10)
(0.9697865760348136, 3.4638693992910803e-10)
(0.0029174532841534924, 1.2199511880954893e-09)
(0.48440996877216136, 1.4688956348735874e-09)
(0.019944277851681274, 1.7904669876023065e-09)
(0.8951987717164274, 2.5178898501965987e-09)
(0.7632852511725526, 3.846155804311196e-10)
(0.14029120398928588, 5.168332900638899e-10)
(0.30327509369764116, 7.376128572225871e-10)
(0.42513270556061, 3.896496921304875e-10)
(0.5436206788606771, 4.627836649819884e-10)
(0.7528477905023281, 2.8809513827003496e-10)
(0.041269119319965596, 1.0854500037383638e-09)
(0.08657737575976598, 8.59326428648393e-10)
(0.3441699986255897, 3.463662546399812e-10)
(0.7019359305227845, 4.2642906547088675e-10)
(0.11020612488217389, 1.6975293005718029e-09)
(0.2929288600847045, 6.035771781012118e-10)
(0.5048025578862224, 1.1156671482101744e-09)
(0.10890839628362377, 3.426312376800934e-09)
(0.01681715952215514, 2.866947813159689e-10)
(0.20680260072349846, 3.039795231095915e-09)
(0.2658332023694597, 6.816225192328423e-10)
(0.8784819748589435, 2.0919641869713536e-09)
(0.13263979033385934, 3.2999943996659383e-10)
(0.41909849373093605, 9.112970004855505e-09)
(0.038719957639541634, 6.288787261129124e-10)
(0.10984302642023207, 3.2774799200625065e-10)
(0.3160384853398249, 7.06719579323111e-10)
(0.9164025698465524, 3.257166612564121e-10)
(0.3299113719226779, 3.5141055484068405e-10)
(0.509263719635593, 2.639959144234503e-10)
(0.6967027568237047, 4.776709476702611e-10)
(0.11802097158502974, 3.370352002017243e-10)
(0.274928537800127, 3.776208496049129e-10)
(0.5914511042518282, 4.530378869544867e-10)
(0.10675670958509999, 2.800176664745303e-10)
(0.13824500258116745, 3.3834838328370127e-10)
(0.7664237068171565, 4.0551024629116233e-10)
(0.2351320753941114, 7.562196964211788e-09)
(0.51542043197541, 5.089226152264821e-10)
(0.48976577643645025, 1.1848178003476898e-09)
(0.9172506488574924, 2.9435424349523926e-10)
(0.17541994124344917, 5.569826324972924e-10)
(0.4389944762865461, 2.0831620541463e-09)
(0.6720905323441537, 4.320314207668521e-09)
(0.8170380210190231, 1.3976883026595807e-09)
(0.5338649040436431, 2.416721047681205e-09)
(0.6628755635848437, 4.839343630309513e-10)
(0.1345417051116441, 6.158715749771247e-10)
(0.900169084413807, 6.560612847367006e-10)
(0.4499431576447965, 7.26349582848164e-10)
(0.38102062990770647, 2.8078364886173885e-10)
(0.46507026265898843, 1.604991026238401e-09)
(0.08240074505128768, 5.2239598077146e-10)
(0.4286988693063619, 4.417380433610231e-10)
(0.45207198678491867, 1.1773739382002564e-09)
(0.13650661575216191, 3.73198277221058e-10)
(0.5352425647575824, 3.7297310559468277e-10)
(0.37390353601350396, 2.9516510890897437e-10)
(0.8945617568972961, 2.6855264132803676e-10)
(0.6600302639836411, 4.785077294801061e-10)
(0.080017764139666, 9.381457410024643e-10)
(0.6311506460115469, 4.003117956419584e-10)
(0.2201035464104498, 5.098653093040981e-10)
(0.22050228927213278, 1.7849188435153396e-09)
(0.11765222829388636, 4.971628512652277e-10)
(0.054205797548372445, 1.3810062110305414e-09)
(0.850377368761587, 3.551087676080425e-10)
(0.3473843297135561, 5.14340142794685e-10)
(0.29907015036611784, 3.736035280613537e-10)
(0.8900446305095723, 2.405950824024742e-09)
(0.8517697271122485, 1.2332562711410639e-09)
(0.7246239121472888, 3.6869476744955965e-10)
(0.3910162225076066, 4.081618016238927e-10)
(0.857792102085216, 1.9458855807658542e-09)
(0.5378147204865027, 7.967708394359846e-09)
(0.18319544034387455, 2.9246095286575083e-10)
(0.9229785016250674, 1.042119660556645e-09)
(0.3394526520128404, 4.2977003024472013e-10)
(0.8360001801400733, 2.278440773874057e-09)
(0.5813873634347434, 3.8128308394619495e-10)
(0.9821143691445652, 2.6884877349040746e-10)
(0.028756131401784638, 5.721866549071326e-10)
(0.163485415980764, 5.193275146016667e-10)
(0.4560883456788711, 1.1297595934401125e-09)
(0.9471433294835921, 4.4133553314608974e-10)
(0.03660081569557691, 7.216646531947348e-10)
(0.11230907439702466, 9.36364740808624e-10)
(0.5187739533197461, 7.99658049482714e-10)
(0.6600752736667339, 2.3398254150126064e-09)
(0.1637563835704488, 8.190867931749656e-10)
(0.30241533269952536, 3.289504764205763e-10)
(0.6294704199445319, 3.7099581975481007e-10)
(0.3958945158442166, 7.444245908781539e-10)
(0.0317106771576972, 2.6275271051105733e-10)
(0.8198094650501369, 4.244845195211626e-08)
(0.9230964215388422, 2.841550366442026e-10)
(0.08340283185771734, 4.519503602555068e-10)
(0.5900527383642523, 2.654836722005933e-10)
(0.26970501311268036, 3.001391181878441e-10)
(0.8288693915078648, 2.9386634507657205e-10)
(0.227252155886778, 3.4139136751242424e-10)
(0.6892841236253769, 2.685913075936571e-10)
(0.07520963287802813, 3.1167324030116734e-10)
(0.09665906410537169, 4.491974247959076e-10)
(0.28637776329255404, 3.0108862523651665e-10)
(0.4397076893168255, 1.926160380264017e-09)
(0.16692089516220968, 7.582140510827689e-10)
(0.6937782045911438, 5.250679569158106e-10)
(0.8498683371089382, 9.069257092087231e-10)
(0.3687705004783916, 3.5117564100334774e-10)
(0.3032431366319372, 3.532482661029263e-10)
(0.27826996670137716, 3.286906670451531e-10)
(0.3931649436633577, 1.8518488583919264e-09)
(0.4724093034133028, 5.437696048691794e-10)
(0.9800937486687796, 5.449017627597675e-10)
(0.3106152458908637, 4.0303625783620757e-10)
(0.05410346291365604, 6.109378561623153e-10)
(0.46773644348635335, 3.607304291129038e-10)
(0.10730689167000194, 8.420017712127381e-10)
(0.46635139582229684, 8.5850425997674e-10)
(0.6457481183001005, 3.6593890109288735e-10)
(0.28207748199031535, 7.424508591779974e-10)
(0.291938252034287, 9.52363664472479e-10)
(0.07601373842143631, 1.8691533052675988e-09)
(0.006933220993762655, 3.514012202604332e-10)
(0.4848270895457549, 1.1717898584280757e-09)
(0.28590278300358357, 3.2110996389064307e-09)
(0.673031198668171, 5.069478721292753e-10)
(0.2549297577665506, 1.985764107041769e-09)
(0.9884855270540253, 8.692381289655468e-10)
(0.3637357214519443, 7.072313720590394e-10)
(0.2352639778443547, 4.306067159343338e-10)
(0.9541208395508418, 3.4072829570710234e-10)
(0.9518407845581793, 3.8443863133577713e-10)
(0.4116443256995204, 3.473119832981449e-10)
(0.9797675903788826, 1.4093850875428594e-08)
(0.3633775755858053, 1.2468237687641025e-09)
(0.9818601157014929, 2.8068323528555825e-10)
(0.459150796075506, 3.6561835771194456e-09)
(0.9754648956667128, 3.646523909173942e-10)
(0.761165791042633, 2.966516494554418e-10)
(0.5411341478406441, 8.482880720523719e-10)
(0.41856608117200683, 5.821102807594606e-10)
(0.7852998352436311, 1.1549644568537515e-09)
(0.5690961395470527, 1.110724162503558e-09)
(0.7248451775912158, 5.010556067421457e-10)
(0.28056564427554287, 3.3647642839682784e-10)
(0.7133599597766175, 2.919636489420749e-10)
(0.24474645701176145, 2.7989048539195534e-10)
(0.2995855101269878, 2.9773562199687017e-10)
(0.8266141769591615, 3.434562202218978e-10)
(0.010626816519029643, 3.798141460165764e-10)
(0.09367446605660389, 1.2313143930868354e-08)
(0.5162067107135937, 8.849553891421349e-10)
(0.293237396065783, 5.879736424744139e-10)
(0.7975394122270332, 7.920747183018773e-10)
(0.5158572046120413, 1.6451310394151305e-09)
(0.8122016632489274, 5.508116849593498e-10)
(0.0318442987978071, 4.1845637300574876e-10)
(0.88046221000277, 3.539922294372644e-10)
(0.5986894673032892, 6.594555230768636e-10)
(0.9986154615535985, 5.047765182830824e-10)
(0.806387513137679, 3.3196504566305877e-10)
(0.6455721294267369, 1.505441123016282e-09)
(0.9421567357484905, 7.771628107794599e-10)
(0.07885563340887908, 1.6946540826467587e-09)
(0.2675468140343738, 3.099194026813713e-10)
(0.29395790434526853, 6.277431969510081e-10)
(0.8912159281369555, 3.589079092814953e-10)
(0.6910854135201192, 8.6730164376085e-09)
(0.7932888143731777, 3.6815070836813853e-10)
(0.3425040344393005, 8.849694945445346e-10)
(0.7205618829634188, 8.411106232067996e-10)
(0.642007743312473, 2.824979449131846e-10)
(0.11880113788934211, 3.4801862433502075e-10)
(0.6280144850129773, 6.457360435131732e-10)
(0.6949276721666072, 5.553058852407537e-10)
(0.6337427099683115, 3.345112778814041e-10)
(0.6037605493092787, 6.36171666272951e-10)
(0.7473463827767866, 5.719479849615035e-10)
(0.1706918789350744, 1.6192569693277778e-09)
(0.15594255370784596, 2.7473302721970353e-10)
(0.8753132518045036, 3.841420510272415e-10)
(0.7852981097445761, 3.73475399916293e-10)
(0.9790420925095709, 2.711519263162637e-10)
(0.5787440080200185, 4.91970628588724e-09)
(0.7753210562133163, 3.503331733761787e-10)
(0.4170647670791903, 3.572695408830745e-10)
(0.1593429581782961, 4.911239495741791e-10)
(0.4432683312024682, 4.662018937448453e-10)
(0.5879034484888687, 2.9255922938311016e-10)
(0.2565872138999124, 4.780651141454266e-10)
(0.1253505339349824, 3.7229542738672764e-10)
(0.3595077391268033, 3.411720416763861e-10)
(0.8528596538538876, 5.189280682146567e-10)
(0.9806523007591121, 3.638124400235094e-09)
(0.2194663084189139, 4.722223073596961e-10)
(0.697180583029948, 8.321458015311967e-10)
(0.45137035950519916, 3.1634003105700985e-10)
(0.44183054232849917, 3.143276744065238e-10)
(0.42957854766071396, 3.15875965260282e-10)
(0.642306307289328, 2.966807810588224e-09)
(0.16192085979481605, 2.141477004710535e-08)
(0.8990825473702035, 6.5216101787328e-10)
(0.02263491842182233, 1.6435658987988412e-09)
(0.7376472330780891, 5.02333187267335e-10)
(0.8587588054816394, 4.670809931779897e-10)
(0.1873316839250207, 9.608584349628214e-10)
(0.27513836400044783, 1.7364605132513374e-09)
(0.7828656652466389, 1.563819790241547e-09)
(0.277726244309467, 1.3040046675537905e-09)
(0.5804273265254257, 4.026583758921236e-10)
(0.5514113275467285, 1.7887010512420915e-09)
(0.8215646426025242, 2.870833298688067e-10)
(0.9471434222312126, 8.293357933666618e-10)
(0.10299049900148666, 7.166795273508592e-10)
(0.19157179312367387, 3.8287311622035963e-10)
(0.5886190253535383, 4.228544957705688e-10)
(0.563904887495063, 2.612894761018083e-10)
(0.9443248848946038, 5.814562556192946e-10)
(0.5079594614609977, 2.649679379417402e-10)
(0.2834992618527569, 8.763835044702516e-10)
(0.4290935084106278, 4.6416162734873637e-10)
(0.42079149013171097, 7.795631761577248e-10)
(0.28728310904773163, 2.8620621392183126e-10)
(0.7654942018630589, 1.8555626968752284e-09)
(0.1464971029284292, 3.479802517949312e-10)
(0.22359485302752768, 6.802429102895163e-10)
(0.4389279419141081, 1.6491022971515282e-09)
(0.8566785902050655, 7.742663703574613e-10)
(0.5649087696187027, 5.264720528854177e-10)
(0.9761426964381785, 3.6684802545565205e-10)
(0.048071246965220804, 1.1127848813315647e-09)
(0.3101384757145422, 3.797444910827546e-09)
(0.8130700304666783, 7.631235566348268e-10)
(0.7310127647872542, 3.42622498913546e-10)
(0.07219899648591954, 1.654687099610011e-09)
(0.7759861967405942, 3.3120618004052387e-10)
(0.9143345461443639, 2.0983029190330034e-09)
(0.03662558684687647, 3.211491643418753e-10)
(0.6406539336175753, 9.903832858003964e-10)
(0.5397502721067022, 2.2079639046675216e-09)
(0.2541765621040127, 1.0993513351552529e-09)
(0.20352880350737831, 2.7393199140975635e-10)
(0.4578038619013205, 2.3645338058464665e-09)
(0.28492850546716036, 7.877434180713608e-10)
(0.08908655141353586, 3.4517324186745496e-10)
(0.3193176801582873, 4.824125812845846e-10)
(0.4813202195181162, 4.825781856682029e-10)
(0.41994121745708474, 3.837049197663433e-10)
(0.13151509391760252, 4.210430767632219e-10)
(0.8014746113401097, 3.787502153220367e-10)
(0.8002763012923857, 3.1676721422404263e-10)
(0.40371418158235894, 5.641932912933184e-10)
(0.43331124651422165, 1.285860218314465e-09)
(0.8439384290219654, 2.8949725713859225e-10)
(0.813420710221307, 5.167671869005082e-10)
(0.9285030737326223, 3.0612411796625546e-10)
(0.5765173653191011, 4.0549385211546075e-10)
(0.3677658003973135, 4.6062138206716333e-10)
(0.10419053666138658, 3.085260408258364e-10)
(0.5758714033832941, 4.3097001447223005e-10)
(0.7962186866911765, 1.165379558403465e-09)
(0.532660988061919, 3.4581254492005566e-10)
(0.2949479455579779, 4.868701540554715e-10)
(0.08717198213020819, 1.084112014460334e-09)
(0.9787963638383216, 4.705354470687922e-10)
(0.8850658902581005, 4.934725511442856e-10)
(0.570613498588726, 3.885415010222055e-10)
(0.28179772991533425, 3.6950726838295976e-10)
(0.5999843339316153, 3.5407720381003647e-10)
(0.5731047819942419, 1.7088210744875565e-09)
(0.734568556900288, 7.282284476961e-10)
(0.7019110132664934, 9.565633967031206e-10)
(0.9200778687529566, 6.445798006209556e-10)
(0.6475153249462829, 4.7124899888839e-10)
(0.5769401234056525, 3.8509661326683386e-10)
(0.2908874441855869, 3.6628621151032086e-10)
(0.31698482308486786, 4.020035995498326e-10)
(0.5881910727406845, 2.6768665768345055e-10)
(0.9572191531668759, 1.4168346413645223e-09)
(0.7588688637112428, 2.1823230606956233e-09)
(0.7410010803422707, 1.3808317434858112e-09)
(0.8516786621327572, 3.1455332872730085e-10)
(0.27407710788965634, 1.0003514843294966e-09)
(0.536003231689782, 3.1121474827046333e-10)
(0.7475533677299157, 4.992525079228787e-10)
(0.18371083499278942, 3.5913465246629877e-10)
(0.991607846862674, 2.8133695928761813e-10)
(0.45409198135584744, 5.183632961469621e-10)
(0.7021300757212994, 2.0539039510761257e-09)
(0.05084999970390448, 2.9341877783899866e-10)
(0.6910834410834007, 2.8692095973616745e-10)
(0.27438974548703216, 3.7914079145799005e-10)
(0.5555168088491408, 6.046651485562851e-10)
(0.927311699686826, 2.897867913940966e-10)
(0.2698798365503511, 1.017414879963306e-09)
(0.8282646985018579, 4.918978077237912e-10)
(0.9222121980950261, 6.934184444752026e-10)
(0.9764007825274379, 2.8349950463651445e-09)
(0.9979011485237941, 5.148613257888479e-10)
(0.8893880386844318, 3.6950510102551013e-10)
(0.09981308035679812, 3.055240578198261e-09)
(0.8411788530331221, 1.2351963846562316e-09)
(0.8830571776260249, 9.046067303941852e-10)
(0.4929959859316757, 8.252401920806545e-10)
(0.17316278528789333, 9.266164553797673e-10)
(0.6030043133933038, 2.1713063426298696e-09)
(0.6250081569908843, 3.1986369896158554e-10)
(0.03566544379904861, 3.064160961719823e-10)
(0.24264590515185647, 3.4495360308336427e-10)
(0.5522302786521569, 7.27500049785471e-10)
(0.2656168809666188, 3.2523005381691517e-10)
(0.42025753288686074, 3.5633813746957367e-10)
(0.4139489957512503, 3.6961815341498336e-10)
(0.5008365734555993, 2.9729933192565544e-10)
(0.6111371467574347, 1.3585293774691212e-09)
(0.20589111568580823, 8.946303637691928e-10)
(0.4286109675060475, 4.135151863589036e-10)
(0.5480695181517274, 9.690880100784552e-10)
(0.1785869703594989, 5.341022823573584e-10)
(0.05508943972339551, 4.924658801013043e-10)
(0.9067819296882674, 3.5326490557397387e-10)
(0.14547861783379537, 4.47252044308718e-10)
(0.08616406122876615, 2.7444142172283943e-10)
(0.49644019424529967, 5.882779868967175e-10)
(0.977228829826242, 2.7600241543041535e-10)
(4.694496813611681e-05, 2.299927056626119e-09)
(0.5987626142752466, 6.316703506310299e-10)
(0.9539320676536847, 9.95100694637362e-10)
(0.17854693992937556, 5.92796857278668e-10)
(0.02887748122391986, 1.5877057004964558e-09)
(0.7370437970962516, 5.850396609119455e-10)
(0.7634126758822587, 3.088879654359497e-10)
(0.1948961005923774, 5.30377564998128e-10)
(0.4264128151137961, 3.303023471468483e-10)
(0.32884656168161797, 4.276257565655937e-10)
(0.2401745295614054, 5.768770554263435e-10)
(0.3592618533189131, 2.5877951911330758e-08)
(0.17193369272968775, 3.2581374273178243e-10)
(0.04443862939793655, 5.989028449229696e-10)
(0.5816381752414991, 3.4558997705114507e-10)
(0.9323035095422432, 2.831321304357641e-10)
(0.8868206839347756, 8.066150852973525e-10)
(0.29416743614054947, 6.194773439169993e-10)
(0.9641078259789427, 2.466537633017142e-09)
(0.6090917292034964, 3.6050309553771463e-10)
(0.29326581355504727, 2.6889714466936104e-10)
(0.8946382808749971, 2.891422286309149e-10)
(0.2711749418236453, 5.954903158612296e-10)
(0.5711221707196482, 5.237635870038586e-10)
(0.4249379995991457, 2.993875764079563e-10)
(0.983490160288142, 2.485970261091841e-09)
(0.3757947329547369, 5.705394819390559e-10)
(0.344743971548161, 5.53618342624424e-10)
(0.10731947156511652, 4.632786568399196e-10)
(0.6773901044473105, 2.993130317108589e-10)
(0.3235129150511179, 6.099418011996087e-09)
(0.7762771407149702, 5.118231305140505e-09)
(0.5675053483571889, 5.586154228080922e-10)
(0.5486319786760994, 3.877037892679182e-10)
(0.9887396944337418, 3.575451315068881e-10)
(0.45536063154478545, 6.091002219126526e-09)
(0.07623878623086273, 5.171252848467478e-10)
(0.5791921292593888, 9.692638693570227e-10)
(0.5139652018721581, 5.020242528357532e-10)
(0.28322622915405066, 3.7379612940682136e-10)
(0.09826752024809489, 4.132477928021174e-10)
(0.022645670576644395, 1.193474748161277e-09)
(0.36031750303696214, 3.88843555419609e-10)
(0.8724019492522412, 3.842371079802284e-10)
(0.6565589096675555, 6.531074127565573e-10)
(0.9594773557389529, 2.858845755347334e-10)
(0.8274054277574244, 4.039774468445528e-10)
(0.641985805809735, 4.1589464649000143e-10)
(0.6911128668615143, 3.6000314679734735e-10)
(0.12032882152277799, 3.0379987947533535e-09)
(0.1275147726779318, 5.535145387582226e-10)
(0.7013331506179225, 1.1822567883413047e-08)
(0.9181863006567843, 2.744720261446259e-10)
(0.42094886771204454, 4.174505905833753e-10)
(0.39725150131016523, 2.9322997389040397e-10)
(0.511460151802823, 1.0135399661197748e-09)
(0.1360958933598832, 3.5123975568530044e-10)
(0.29207971784301606, 6.206894449286536e-10)
(0.20853849143277156, 3.9368339959379427e-10)
(0.6547334448772524, 6.534560639201226e-09)
(0.8488263584872507, 2.760930306766271e-10)
(0.7682839125787455, 3.5119545483393152e-09)
(0.7526627692996081, 1.2908127971720125e-09)
(0.9239994045912382, 1.0656325195239179e-09)
(0.9932226211941522, 5.007942128024427e-10)
(0.9648357855251644, 4.6433343442538465e-10)
(0.38099003565507683, 2.0467636962142094e-07)
(0.49628635849516467, 4.2838441144023407e-10)
(0.3204034266239767, 5.024680282562932e-10)
(0.4860130574989296, 3.371058130664052e-10)
(0.12962909498978037, 7.909005642076456e-10)
(0.6321801582152744, 1.397837896045354e-09)
(0.7573788684537696, 3.026332537393852e-10)
(0.15450795643764387, 2.2283563122729703e-08)
(0.5628516392043196, 6.747739977332727e-10)
(0.2603122958244588, 2.8294311582182753e-09)
(0.25885814018847614, 7.643669845029423e-10)
(0.661662516335005, 2.8341462390431086e-10)
(0.4888126233307895, 3.553194670545344e-10)
(0.797443709928246, 3.217500345099398e-10)
(0.4405142042790596, 7.800714225435388e-10)
(0.5112029197431487, 3.8488841418374026e-10)
(0.9248224801276183, 1.11055908158708e-09)
(0.5513259604611118, 3.515588764648265e-10)
(0.6040501378944493, 1.1720197214306908e-09)
(0.43784989070864416, 2.0437666047626955e-09)
(0.7833654545756168, 1.1597385554362286e-09)
(0.2600341421715974, 9.658122964859377e-10)
(0.1892869532772473, 2.8530042732147424e-10)
(0.4732992283784736, 1.4455354268210954e-08)
(0.8452646183254072, 9.778429481313377e-10)
(0.7502292644931463, 2.830835444136161e-10)
(0.03587426771815186, 2.649281890329808e-10)
(0.052736588905740706, 3.5986011769797595e-10)
(0.869244773576504, 5.35055050521507e-10)
(0.12146086363464988, 4.323909201452471e-10)
(0.4456865920324278, 7.568378922438563e-09)
(0.27473532663578565, 5.409882269020046e-09)
(0.5174308914011285, 2.9633541153727123e-10)
(0.0618891724060235, 1.9046241531285212e-09)
(0.3545091297852107, 1.220297015278408e-09)
(0.24217668261604253, 2.998393877369255e-10)
(0.1890540037754137, 2.667094370889575e-10)
(0.3343851456223951, 2.9642727117050083e-09)
(0.1538636190316029, 3.0489701724565205e-10)
(0.5567000155258929, 5.035930909576823e-10)
(0.07430097046605925, 8.516537831850875e-10)
(0.6424262018124987, 9.195266168852097e-10)
(0.37777754951542714, 4.891122632594328e-10)
(0.6775926338543258, 3.4022297274051574e-10)
(0.7055079519827182, 1.4836466457769922e-09)
(0.7100177555687898, 4.14747029598853e-10)
(0.5319867792615511, 4.997442788172618e-10)
(0.32078309535630584, 2.861388931809867e-10)
(0.3927743417362624, 3.361597612641184e-10)
(0.5765472347481986, 1.2821700059868462e-09)
(0.4328743001384634, 3.4274826392109076e-10)
(0.9445150307463386, 6.405642335099067e-10)
(0.4743649845648049, 3.852733202037216e-10)
(0.0743969453149722, 4.0928451554250135e-10)
(0.6753123788628191, 4.860024243047611e-10)
(0.7342681313377417, 3.718709898209667e-10)
(0.8927751371476413, 6.150012087353724e-10)
(0.03697370176138113, 4.3828887895035264e-10)
(0.6852835343109698, 3.128022525017545e-10)
(0.07431767180457706, 2.626540614146254e-10)
(0.6527800329494658, 4.011412338060922e-10)
(0.261481353900072, 2.695817343263599e-10)
(0.6238524757765697, 5.101165339914762e-10)
(0.30121242981324536, 2.881271938196607e-10)
(0.4543278198966435, 5.900510146585667e-10)
(0.8633494393269645, 4.0427290513479844e-10)
(0.9071797181403625, 1.1511955201599207e-09)
(0.8261892559996262, 5.358243987586856e-10)
(0.8216083357122302, 2.940684186695549e-10)
(0.7931609818564133, 2.007209971608183e-08)
(0.5855819517953429, 2.9619927511595604e-10)
(0.6239020207854227, 2.9924185225911717e-10)
(0.9146266528436509, 1.0937948890003322e-09)
(0.36108167868852703, 3.6469878094219923e-10)
(0.4901485967712859, 3.906915588645779e-10)
(0.877594550023222, 4.786129143608865e-10)
(0.46130157491002544, 2.9022772809768995e-10)
(0.9993303974916367, 8.323019170508223e-10)
(0.05289567887321479, 4.1043598058036663e-10)
(0.6589178777420645, 7.29175525463547e-10)
(0.03470112109940406, 4.671609973432342e-10)
(0.4253484160272389, 2.9881546966471174e-10)
(0.24901244771176828, 7.721898759477923e-10)
(0.7267630120005298, 3.873549820420197e-10)
(0.4436099006380902, 6.882495062660201e-10)
(0.08336501846689394, 2.8089871880927766e-10)
(0.7346623784097615, 8.510811195481579e-10)
(0.18985866165860893, 3.7412648685969654e-10)
(0.7326065672448451, 5.041632517463918e-10)
(0.7864533090449191, 3.5297987508497364e-10)
(0.23919473168650013, 2.8680354707503013e-10)
(0.25748540186436664, 2.9031581317357296e-10)
(0.33334404327005096, 5.356938591080169e-09)
(0.9289093949038487, 5.84767120575528e-10)
(0.8567528471615304, 3.312579060567094e-10)
(0.5164037593459078, 8.509804261073544e-09)
(0.7221836809669867, 1.0417065336074322e-09)
(0.6350069422801573, 4.0674716972012103e-10)
(0.9329788707879759, 3.014914105911459e-10)
(0.34207866114564633, 5.539245149541004e-10)
(0.1730599260016196, 2.6345074440678563e-10)
(0.04095691428408641, 4.437452316627059e-09)
(0.36312963933381703, 7.790177716572667e-10)
(0.5857175524739471, 1.0071699219940296e-08)
(0.9053169570575008, 5.039433103728876e-10)
(0.5695786380515876, 4.5479672053144446e-10)
(0.31806542862882714, 6.966975286386277e-09)
(0.0210285202203621, 3.474468394762556e-10)
(0.5886099092402237, 1.1061857419976182e-09)
(0.41102128168952823, 1.7233708827045313e-09)
(0.745809192290844, 6.242963873072418e-10)
(0.9935057897256472, 2.7085896772994203e-10)
(0.9271010234928666, 4.407308931037466e-10)
(0.24447024997315064, 9.755059612221216e-10)
(0.11288829671364092, 3.2710264771073004e-10)
(0.13768509709773602, 5.26447007191794e-10)
(0.5618613811119122, 2.0635197101522253e-09)
(0.3366852754661602, 3.128561804026019e-10)
(0.17928913894669246, 7.324167008170879e-10)
(0.032462711695527155, 5.010907297369141e-10)
(0.23549242524141534, 3.012874192217609e-10)
(0.9556714780948714, 3.5592499948580244e-10)
(0.6905945056248843, 3.5043820605261995e-10)
(0.03858330794700241, 5.4366973667488255e-09)
(0.6635148247679943, 2.8615576292812316e-10)
(0.18221379968229723, 4.616777274394771e-10)
(0.5218496083869166, 2.1539950511547763e-09)
(0.38893920311851926, 2.979385411080253e-10)
(0.8951365955532834, 3.012300315142086e-10)
(0.45611311863518794, 5.188286368019446e-10)
(0.8171272763548538, 2.818121413307255e-10)
(0.3962555130062118, 2.606117064543404e-10)
(0.7846843939891159, 3.486308632100549e-10)
(0.8389845848291261, 2.234628529920981e-09)
(0.6940511300947826, 1.6121857125470753e-09)
(0.140654571566499, 4.896983222448926e-10)
(0.6886037776836537, 4.290420163235625e-10)
(0.9449107745146986, 3.1543442510273e-10)
(0.6486918663496901, 2.624817044048156e-09)
(0.1181213363611572, 5.14831725310618e-10)
(0.7837169575478667, 5.428416921587811e-10)
(0.6633502397537097, 7.454222778707451e-10)
(0.03967921100350425, 3.362384812761805e-10)
(0.5411106338451726, 1.1050959860838509e-09)
(0.4871384360547724, 2.669445623135767e-10)
(0.39945524050983117, 4.032979717295081e-09)
(0.2890643240557963, 5.710684990658904e-10)
(0.19146178641204067, 3.683844111744143e-10)
(0.31314933112538385, 6.782437794430625e-09)
(0.3625016538138565, 1.4782518955925678e-09)
(0.47321930477115887, 5.366813791972143e-10)
(0.19154290411934913, 7.685331215241204e-10)
(0.22480367113810035, 5.221259742087248e-10)
(0.9653699452456712, 1.2729975638459675e-09)
(0.11381222788408894, 3.336819043903009e-10)
(0.5187670666450852, 3.2349220992323625e-10)
(0.7202073145490491, 2.656999245407417e-10)
(0.2808760724804247, 5.578649501561058e-10)
(0.6152770147791676, 4.175418981002666e-10)
(0.22071282887984753, 1.0659645774455063e-09)
(0.3529311324419338, 1.0280434897914669e-09)
(0.06345436424608775, 7.00964608538774e-10)
(0.9000623048768589, 2.749064950514571e-10)
(0.916775105744085, 3.6512399307107586e-10)
(0.4276676348627875, 3.0979964961167354e-10)
(0.010594131466900102, 3.011684580013221e-10)
(0.9510445891463688, 1.8552819560393014e-08)
(0.8022010205291195, 2.793384264709584e-10)
(0.9556056204820264, 7.509100023958553e-10)
(0.016274801558066924, 4.781897500027772e-10)
(0.7120738615279784, 2.1095238049661777e-09)
(0.5074289849729283, 2.6805203922300444e-10)
(0.8734195288050929, 2.6617175560927444e-10)
(0.5499435315581301, 2.795937368851198e-10)
(0.239901485767313, 2.996719145912869e-10)
(0.2364599438083079, 6.692572987182047e-10)
(0.35462155790577793, 8.365823919058776e-10)
(0.30037445988707956, 3.1304816999832867e-10)
(0.6736927422394076, 4.0231311990667e-10)
(0.3675524585429553, 3.6214045185448154e-10)
(0.2597428714746505, 4.5503152345311683e-10)
(0.5137783216126923, 1.126846646637113e-08)
(0.4358871285376898, 2.9457074611772956e-09)
(0.8300024136750973, 3.8366827810188195e-10)
(0.973203860038791, 6.143410874728142e-08)
(0.21612505523352205, 8.216358093377076e-10)
(0.8261364003915164, 4.4448692606574367e-10)
(0.8606313202789997, 1.156338249983604e-09)
(0.9721311587877078, 3.186950354883797e-09)
(0.9306488149863033, 2.162944641432356e-09)
(0.47456281275520895, 6.551710296868554e-09)
(0.09731530777435006, 2.668539469544611e-10)
(0.3451596150857984, 5.135388561392057e-09)
(0.7407766618207896, 2.8275682965976925e-10)
(0.48587877739335733, 1.8886317552536855e-09)
(0.7609579204632796, 2.820755501269633e-10)
(0.6493333951746253, 5.474850318086713e-10)
(0.6198542258362614, 3.3102362632518204e-10)
(0.13448904498714376, 7.441227396361158e-10)
(0.5901036065401122, 1.7998438520262536e-09)
(0.6681277899012688, 2.83438836021601e-10)
(0.10602047146062932, 5.349035512497276e-10)
(0.42047886274847684, 2.750898168789629e-10)
(0.26595577985363017, 4.188913412607955e-10)
(0.5287831628710332, 1.0169352757197205e-09)
(0.9691508468083787, 2.3231596838367576e-09)
(0.18995050679330028, 4.766486162657167e-10)
(0.7099116717806565, 8.909036505779343e-09)
(0.27494583314691623, 5.620921687689207e-10)
(0.9841476398088393, 3.0228787435926677e-10)
(0.49923942283144185, 4.7437605247368394e-09)
(0.2379496808657801, 3.808115875940157e-10)
(0.12839355890857254, 7.817874074804486e-10)
(0.49179550247256426, 5.178786633997753e-10)
(0.8086902117984005, 4.6007670450697547e-10)
(0.6062549088640193, 2.61833962250943e-10)
(0.2165571981798665, 1.3063377454488785e-08)
(0.6431555264328198, 2.876572876051686e-10)
(0.09588353129709883, 3.0513422417749044e-10)
(0.6578272354785022, 2.8925747917037407e-10)
(0.7446070758728816, 3.6154363689275564e-10)
(0.3895220285791178, 3.1868779887903584e-10)
(0.5103589624286223, 4.077543381575403e-10)
(0.916969593040992, 3.8320286468182635e-10)
(0.48674808202714664, 3.1024199502225426e-10)
(0.454555057052627, 3.0173527097140654e-10)
(0.06133348113658, 4.803835350606992e-10)
(0.817566674654067, 6.868686140710873e-09)
(0.17046157561340022, 3.3613679630430163e-10)
(0.15776651244304635, 4.25202492096988e-10)
(0.9569188099886365, 3.3439300586776806e-09)
(0.5849475198102069, 2.838722142557457e-10)
(0.9767210978378851, 2.7850703586106144e-10)
(0.7603521673719238, 3.7119259365985953e-10)
(0.01112893939906569, 3.36508468259077e-10)
(0.07773564584917926, 7.157718778714549e-10)
(0.09932508430842373, 9.708980767983587e-10)
(0.721019884259107, 3.626427938372646e-10)
(0.4561893648274569, 7.249453423182551e-10)
(0.5936008422719181, 4.575449007102292e-10)
(0.0957055627406263, 3.473866524821192e-10)
(0.7000047266650802, 1.5219695463479347e-09)
(0.726701237902329, 4.7203495198178545e-09)
(0.6117262168506142, 4.63924775023217e-09)
(0.8315711158449927, 5.043317604865142e-10)
(0.5430792798865987, 3.077366932190019e-10)
(0.2571909255760504, 1.7805829372830748e-09)
(0.07103986244673298, 4.063036540698059e-10)
(0.9440030417057416, 4.0002931722435977e-10)
(0.2644505353454052, 8.632277090459774e-10)
(0.08949418878662978, 3.246669174989913e-10)
(0.3013595264979301, 4.9671125564048084e-09)
(0.6975382826665294, 3.7126444930507946e-10)
(0.9730303467637748, 4.197130950258767e-09)
(0.4250100834413775, 4.738144022968979e-10)
(0.0666706555388812, 3.485203183885051e-10)
(0.5939646022110346, 2.8175979513025637e-10)
(0.4868119713252745, 5.388312362253346e-10)
(0.0875354668095055, 3.471637717967684e-10)
(0.2807827863442723, 3.755724604742066e-10)
(0.829139105982176, 1.2525910055773391e-08)
(0.3134322072767859, 6.828381677225405e-10)
(0.8018170900132077, 2.795890509908976e-09)
(0.3204738670721999, 1.256229656172194e-08)
(0.7825737611621953, 2.604790381840637e-10)
(0.6867335335947651, 9.57105146574273e-10)
(0.5238985410949549, 7.54051811072917e-10)
(0.5337033958860514, 8.145587079598478e-10)
(0.24668235129685992, 4.1996167385970473e-10)
(0.038006571950448785, 4.751065809422957e-10)
(0.16576044101588205, 3.2275929128678116e-10)
(0.40638482530565556, 2.739754181028239e-10)
(0.7340984002250013, 4.6426210744958803e-10)
(0.12092092124158176, 1.118013074687975e-09)
(0.867618547881961, 3.0129968774528044e-10)
(0.5736659782793407, 4.08084334354951e-09)
(0.1582861974994653, 2.7161010638007543e-10)
(0.7783488635026612, 5.258337035336554e-10)
(0.14486236574398553, 3.823354022904373e-10)
(0.8650254074983197, 1.0236020766639595e-09)
(0.4212483795694413, 2.8146064999784166e-10)
(0.3708773656286539, 6.416332044445092e-10)
(0.9400678439556008, 3.006109327037926e-10)
(0.5726585275840208, 4.5948069039516876e-10)
(0.0036222918690212657, 3.4209501985623304e-10)
(0.4844016366915849, 1.3294988647753926e-09)
(0.7565627582361664, 3.769888247897773e-10)
(0.43410116383969155, 3.751862060140988e-10)
(0.764573987567044, 3.4047205936173586e-09)
(0.9425141127836937, 2.889623423790619e-10)
(0.4692776961137547, 4.820682529320604e-09)
(0.37638438445338757, 5.218433226180467e-10)
(0.9761888694079052, 4.0891959304538356e-10)
(0.2033982871675086, 2.5101139204466343e-09)
(0.5877316810617611, 6.74007324907652e-10)
(0.05627092652049857, 1.2828846584720614e-09)
(0.25707620894716443, 2.2823551028118914e-09)
(0.5880882200296274, 1.6079016844730991e-09)
(0.8311339936642487, 5.058088000411268e-10)
(0.2567734538576302, 1.1622844539195803e-09)
(0.790651629537108, 4.1949597713971654e-10)
(0.847451264042338, 9.172497627532865e-10)
(0.8289191816554946, 3.0276183191030417e-10)
(0.6719966696451773, 4.106462880089745e-10)
(0.7458682559930039, 4.5356760072625706e-10)
(0.7185265701126952, 6.251108837570285e-10)
(0.73925088201081, 2.4251286118364254e-09)
(0.8739649594179599, 6.899641670106652e-10)
(0.16192769092525008, 3.3065486501586134e-10)
(0.6385942554075659, 3.3314502620461346e-10)
(0.9430116699346199, 3.181126905794992e-10)
(0.7689674689490975, 5.015910023636069e-10)
(0.7065887422127677, 3.0998267669387603e-10)
(0.8965035514715605, 2.169739658740679e-09)
(0.6159003423951579, 4.22380224741084e-10)
(0.165305622287952, 4.421191552956935e-10)
(0.6486867187757652, 1.1195042714836298e-09)
(0.5464227197054323, 3.2295778072396313e-10)
(0.07622136492808945, 3.385470125003203e-10)
(0.4181036932732135, 4.0700037131910403e-10)
(0.5766642045195072, 3.793749181787849e-09)
(0.9065091915167267, 8.75550523108037e-10)
(0.34226937784577527, 2.6264226684910704e-10)
(0.35210383946429274, 4.4877912948237956e-10)
(0.8558004228669066, 2.704355420976375e-10)
(0.4869202896091806, 3.9757237264886095e-10)
(0.37639979541486557, 6.167078618128166e-10)
(0.7534785825493229, 2.7556746513567415e-10)
(0.772386312287419, 4.1119314344839033e-10)
(0.6442967587156178, 8.190968298710692e-09)
(0.3357510303588265, 3.316913756417002e-10)
(0.07328280525207884, 6.211561647680658e-10)
(0.8594262842424412, 3.9894761079377095e-10)
(0.9998451952926479, 6.663188503591532e-10)
(0.2655944616935151, 3.194450039183386e-10)
(0.08823918203162628, 9.617255177490675e-10)
(0.8441072668629959, 3.794899571403654e-10)
(0.98404315672835, 3.3559341989810935e-10)
(0.7135368994716697, 3.2314508856669665e-10)
(0.04596331783276394, 2.6426618351523647e-10)
(0.3629566956121497, 3.253028956941525e-10)
(0.36778904635910564, 2.638292773613217e-10)
(0.6185463700546387, 3.7110292135709776e-10)
(0.8362720642905772, 3.004680311484083e-10)
(0.7189847964299815, 4.049758466026337e-10)
(0.011823153651326175, 2.7065172545363466e-10)
(0.2888400861258518, 1.4118800659175899e-09)
(0.6279970618777989, 6.118101103437765e-10)
(0.17434631658950772, 3.2193849282706363e-10)
(0.936654120648025, 5.7177742895138135e-09)
(0.48739802666548165, 2.7119312434249127e-09)
(0.6332385862574339, 3.460391859527943e-10)
(0.1587788696066102, 1.9624160815861997e-09)
(0.3599816282833983, 7.336372081463157e-10)
(0.2957996853577922, 9.884347643872226e-10)
(0.9377821932177749, 1.082803893752793e-09)
(0.3088807922957217, 3.0088591187101062e-09)
(0.6775353906368077, 7.857393797547301e-10)
(0.5116343303791779, 3.339859874704182e-09)
(0.08348348687444856, 1.4997553833864231e-09)
(0.5827119777418913, 2.7265928734378063e-10)
(0.46479102166596103, 3.4680043807252486e-10)
(0.2444259675434973, 4.378890178910003e-10)
(0.07067679847947943, 2.04409889312747e-09)
(0.7873269774912723, 2.9104241952395465e-10)
(0.28412769660525655, 1.2616991723967355e-09)
(0.885844142682812, 2.747290661473761e-10)
(0.3560872531165023, 1.4698219005951726e-09)
(0.637562408945363, 2.5794019042393306e-09)
(0.5962889381409937, 3.5327870679175986e-09)
(0.3662053849607947, 4.76018419946338e-10)
(0.9933610610453152, 6.126675686052594e-10)
(0.937107812669852, 1.703393714914837e-09)
(0.9361819495911347, 6.888389095575647e-10)
(0.371180621426474, 3.166689706903028e-10)
(0.829785766043276, 4.4374257486193586e-10)
(0.8354686406804941, 7.709399963925449e-10)
(0.16674529761311885, 6.539232721431722e-10)
(0.2950417858879132, 8.273254930190309e-10)
(0.7943293304757197, 2.987106229013301e-10)
(0.6471329408392094, 2.6781604272912563e-10)
(0.14265184233289152, 8.289614620730299e-09)
(0.7931774403184093, 4.3123379274315197e-10)
(0.13710884402013496, 8.482257306591249e-10)
(0.5728466890469434, 5.151922323781226e-10)
(0.8571532640633959, 5.043949030313025e-10)
(0.7117032478717379, 1.8457108493239404e-08)
(0.6705942522983747, 5.108595919641254e-10)
(0.8629650167474637, 2.6073619947422684e-10)
(0.9464433685245417, 7.837435755993485e-10)
(0.7501225574798734, 3.69363040330377e-10)
(0.03078698002011717, 3.4367762371966065e-10)
(0.03694914637412535, 2.8069061861106016e-10)
(0.6045880472610435, 6.892482813498216e-10)
(0.42648448569238234, 3.6675053139108265e-10)
(0.07758202110103221, 3.367387675081644e-10)
(0.6543342960802103, 3.494071205406309e-10)
(0.5352889676669851, 3.083451509408818e-10)
(0.7085941307231114, 5.221896947395458e-10)
(0.1497916581185669, 5.053545030699724e-10)
(0.1833158323354654, 8.970638214032777e-10)
(0.07576097817301328, 5.005443664469e-10)
(0.1919362539555185, 8.142175634322484e-10)
(0.8100803410579523, 3.2805137768390464e-10)
(0.5696512320832187, 4.2477101298501377e-10)
(0.8365989524726404, 3.6361607736549623e-10)
(0.7495226987038127, 1.7075601310375144e-09)
(0.13227654869300393, 3.144376671935836e-10)
(0.23855192587021753, 4.625713397158586e-10)
(0.4149915672083543, 3.3424505703226634e-10)
(0.28566558950799303, 1.2813336655940723e-09)
(0.7089576958607876, 4.5113783359934234e-10)
(0.9186016492044041, 4.5349664175683775e-10)
(0.20310555576325928, 8.038452125002375e-10)
(0.9349477622836126, 5.894953799203649e-10)
(0.00867824812942574, 2.545027755246694e-09)
(0.47350866770520894, 3.146692516629124e-10)
(0.7842457433552346, 1.1434563056837168e-09)
(0.5801964994752355, 2.967192813593612e-10)
(0.8909676958991576, 4.849189148115867e-10)
(0.664315044776552, 4.200716228978429e-10)
(0.14899811364609591, 3.0206832481559787e-10)
(0.1093994612459176, 2.450518117709601e-09)
(0.7789807682615119, 6.928227513767197e-10)
(0.5808922701190512, 9.82717674804382e-10)
(0.2913579648908497, 3.917524972091373e-09)
(0.7327573684617765, 2.98660543504799e-10)
(0.45139663786681405, 7.273191367692478e-10)
(0.27592319381082625, 5.80512387434415e-10)
(0.7163447486331423, 3.089304418131917e-10)
(0.39279941388323086, 4.498313965730324e-09)
(0.4959190980636547, 8.452259808813984e-10)
(0.5682223579545671, 8.241747356128383e-10)
(0.8367249370154024, 1.6056303447875996e-09)
(0.2037377502269968, 1.6008729560302544e-09)
(0.8363240211262006, 6.342571688408841e-10)
(0.12877852897151443, 3.698921548562626e-10)
(0.8870204376661263, 5.077869318407029e-10)
(0.9058162503514023, 3.633940840950889e-10)
(0.3093266222070829, 3.448198849065673e-10)
(0.3481438378914458, 3.719953362337891e-10)
(0.3151854891855381, 8.383890064413051e-10)
(0.17438562275920336, 1.3111421786982924e-09)
(0.9569377749488319, 4.53339420422323e-10)
(0.04296774474576272, 2.796176009957518e-10)
(0.4938476322296215, 2.9034216237499954e-10)
(0.17027749125166353, 4.21170299716983e-10)
(0.8441476872269941, 8.930247233279267e-10)
(0.8281307547247735, 1.302440360235331e-09)
(0.5707229124642689, 2.112790431540667e-09)
(0.15712075623549093, 6.74498186355277e-10)
(0.9477808469110359, 2.9402450797139524e-10)
(0.5690955193420756, 8.160216293447481e-10)
(0.07489295623071328, 6.84129061729576e-10)
(0.36490572190543796, 4.0070540040201416e-10)
(0.3878907270525993, 3.6257208022511563e-10)
(0.2412194236357767, 1.2111118944910614e-09)
(0.7317923599434343, 7.182204815192182e-10)
(0.6147571628998312, 1.7429481200221854e-09)
(0.4290811063397917, 2.8181571129436895e-10)
(0.44126492286744456, 3.263512549695588e-10)
(0.6924257439104521, 1.731047713059847e-08)
(0.968716694708528, 3.008680853182744e-10)
(0.1363064471023922, 2.9578934375447775e-10)
(0.014237248312088469, 6.256917039424952e-10)
(0.6989659619120352, 2.722232208142935e-10)
(0.5963656292971306, 4.973643716673108e-10)
(0.0045814195164816844, 1.9087041802764936e-09)
(0.890190762090704, 4.4252524264625874e-10)
(0.9435532359246667, 3.5574998092820325e-10)
(0.18176815131966373, 5.005034453036963e-10)
(0.8882880301947144, 2.7732028637577404e-10)
(0.23057074414265594, 2.8317353833585826e-10)
(0.8129391273182442, 1.6002388389231728e-09)
(0.28807519184860725, 4.0482112581412874e-10)
(0.6496916357144856, 1.943676026255781e-09)
(0.4204401089179315, 3.601587036214217e-10)
(0.83740959808884, 3.046869455101516e-10)
(0.1389492624905512, 2.786484416986271e-10)
(0.6282130512852921, 1.0635430460836718e-09)
(0.9538339315218265, 1.5310041330845813e-09)
(0.4672579648172818, 3.787596478412896e-10)
(0.4969567646388072, 2.6919241504693316e-09)
(0.2535776950530526, 2.686259674514303e-09)
(0.1262289066920018, 5.158359400217327e-10)
(0.281841667331973, 2.681994303044484e-10)
(0.7085702990501592, 1.3677528089638956e-09)
(0.5755636185940064, 3.690535206112329e-10)
(0.010861726897412567, 2.8286522276817815e-10)
(0.7399484879010808, 5.729230299235436e-10)
(0.14415106084698276, 1.0241106152235727e-09)
(0.5890082616928473, 3.093290414779504e-10)
(0.7107251305459451, 6.135472802041285e-10)
(0.9907624297636956, 2.8457896196477826e-10)
(0.3908454095629486, 2.755491204183106e-09)
(0.4810547442347208, 1.8546846723174707e-09)
(0.8814230009033274, 3.095476670709251e-10)
(0.5566463110571492, 3.6283010897665247e-10)
(0.8681214626671758, 1.0402650088772614e-09)
(0.5136994372577465, 9.561707253400145e-10)
(0.8090124799960606, 3.2334282280268447e-10)
(0.14067642101892366, 5.605083147494937e-10)
(0.32408078346488906, 1.1595074106055844e-09)
(0.6890933153977328, 1.3142915894880276e-09)
(0.11770000682757625, 3.9925023593027467e-10)
(0.5547025657856699, 3.1232306950584307e-10)
(0.450572444918939, 7.714603970495418e-10)
(0.6418049149295162, 3.386626201724923e-10)
(0.28897125962455955, 9.522219611394972e-10)
(0.9599833136108711, 1.7863380001009231e-09)
(0.3027956878381927, 2.647930026149667e-10)
(0.7559415609473668, 1.927418601001727e-09)
(0.9392881378422335, 3.1524204013713474e-10)
(0.5024653539621327, 1.7342600908818752e-09)
(0.6129840218341536, 4.5421076997527076e-10)
(0.03179708159008728, 3.593642693165774e-10)
(0.3200209269532931, 6.301399968710262e-10)
(0.9747496181461743, 7.39141632071607e-10)
(0.14093119772617668, 2.609184090647893e-09)
(0.5824543527439348, 4.645995154141816e-10)
(0.10235778185654916, 1.422961174820365e-09)
(0.44192821553359385, 9.129648145055371e-10)
(0.3846292782946696, 2.319056215837452e-09)
(0.46949365314165015, 3.428833157617593e-10)
(0.5183051490361383, 6.777733007012449e-10)
(0.5185778378451601, 2.8770191446575525e-09)
(0.04801980206837265, 4.2662656100022957e-10)
(0.3852831354173996, 7.370019137872565e-10)
(0.7751952202592395, 3.086805785773948e-10)
(0.562460086110352, 3.136030440435298e-10)
(0.5209363353641665, 2.6395822637079657e-10)
(0.2955263183533878, 2.8056264669206325e-10)
(0.06390040794918152, 4.4577504306126177e-10)
(0.32727601798109374, 4.4704113850657105e-10)
(0.45202566168535785, 5.699500507704025e-10)
(0.3544955684153062, 2.701461141471132e-10)
(0.9579470914001628, 2.0172913150725e-09)
(0.8419747660263582, 1.5748128047849673e-08)
(0.40667351324567064, 2.6706646596889465e-10)
(0.20593514219362538, 7.719956762304704e-10)
(0.18469296301258067, 4.0883410842622895e-10)
(0.21345286181652104, 2.247203654224761e-09)
(0.3050903238709658, 8.944240577905441e-09)
(0.11316814267627193, 5.267676628352089e-10)
(0.5731099990066102, 6.647085080046514e-08)
(0.4673499079310778, 5.987727169061431e-10)
(0.6776793592138359, 1.308020877729809e-09)
(0.7602002648015214, 2.849657781046307e-10)
(0.31749531401284664, 3.217510925718479e-10)
(0.3278359823017824, 2.946103668434139e-09)
(0.979374108123216, 7.398239706284163e-10)
(0.7722008088027764, 3.7687550203960876e-10)
(0.2399153262301505, 5.365947177060644e-10)
(0.48596634665630184, 3.4886159271635626e-10)
(0.5553968704829619, 4.919500032741239e-10)
(0.4992147460357393, 3.1402724253536106e-10)
(0.2557893181102298, 2.90569073282352e-10)
(0.2908221820402963, 1.3109513203482904e-09)
(0.5993431281380658, 1.002123681952195e-09)
(0.8042387278682385, 7.755585817198436e-10)
(0.04183329407070105, 2.8631223820149673e-10)
(0.7496418161070866, 6.738621504316272e-09)
(0.6191611139439865, 4.408390672269956e-10)
(0.00025233880378545026, 1.9924887214220547e-09)
(0.03994804738888425, 3.4695551899217825e-10)
(0.6070321519951564, 3.976575282659335e-10)
(0.7960473996047106, 3.9291070457665525e-10)
(0.7012113359226373, 1.3140157396321046e-09)
(0.8020475203318576, 2.9415241824446796e-10)
(0.3388654389400151, 4.5688530291881754e-10)
(0.716437376971478, 8.863643110977829e-10)
(0.8839015082157405, 1.5431619964250076e-09)
(0.17221125727982062, 5.540762735731474e-10)
(0.4572323442961254, 4.900774724210717e-10)
(0.26871855229694946, 9.37664981169452e-10)
(0.8284439093644744, 3.6040216601320934e-10)
(0.16993671507022026, 1.941793446505979e-09)
(0.5574308531778521, 6.20911534728274e-10)
(0.7496787485122154, 4.2174767921260964e-10)
(0.8664785171221752, 2.0893923545329732e-09)
(0.42612536368944554, 4.2485010633604516e-10)
(0.37634480072407933, 3.213071232434351e-10)
(0.7716848991406756, 4.877503622451448e-10)
(0.3243516896754916, 2.994675527144522e-10)
(0.6611112511558869, 5.994713525038531e-08)
(0.23607505763652045, 3.930548953621624e-10)
(0.1056862723620268, 1.930575207401314e-09)
(0.21054953947766789, 6.660432214108478e-10)
(0.464916705319044, 2.7909288367749443e-10)
(0.3743430950916567, 5.421834861246258e-09)
(0.8769605536776081, 2.559279047833159e-09)
(0.7519861859032579, 5.403002452558314e-10)
(0.5478632901492652, 3.655543305095887e-09)
(0.32446856134221885, 2.2651679775878773e-09)
(0.32619218235684433, 3.063139314485815e-09)
(0.9164683682771181, 1.1397797372710007e-09)
(0.0022571205383407683, 3.737082029477208e-10)
(0.2559821915433637, 1.2310563945185828e-08)
(0.29167220891834905, 4.399069546764483e-10)
(0.611034169862849, 3.398304104217837e-09)
(0.5213515279867904, 2.60384360250706e-10)
(0.11458175309479861, 9.50918587170634e-10)
(0.8878340892564741, 3.90532357109989e-10)
(0.7387643187730034, 3.9860334984321896e-10)
(0.9103721206041815, 3.801618358651792e-09)
(0.7276027946848581, 1.4126368528390127e-09)
(0.9917693317965365, 2.6346724687203344e-10)
(0.00869241154271247, 1.2226156944136218e-09)
(0.9664342858476389, 3.206485811971387e-10)
(0.7008520651123173, 3.075788958386175e-10)
(0.49806186102281175, 4.994895562528991e-10)
(0.3343004331638492, 3.173141020890322e-10)
(0.7164051862002598, 2.660880577046105e-10)
(0.0797920597020844, 4.6165816311732377e-10)
(0.8198664800721847, 4.167778424423474e-10)
(0.01291603536772146, 3.0661520654707715e-10)
(0.8553591259995605, 3.402160235656144e-10)
(0.18467691340387232, 2.632099117410566e-10)
(0.6238433367576487, 1.1326406018214828e-09)
(0.8784263393294376, 2.978667153499653e-10)
(0.292425650231976, 1.3867462419639993e-09)
(0.4621647692400541, 9.660389617963458e-10)
(0.34098453503519643, 6.046651172931727e-10)
(0.002939224112460593, 5.759586137221646e-10)
(0.9799816604360135, 9.385224050686e-10)
(0.4060602895170174, 6.778022065741414e-10)
(0.6033896322978657, 4.236677403304996e-10)
(0.45671220300339804, 4.709943850505268e-10)
(0.0893129673596145, 5.618825470923239e-10)
(0.18889091704086297, 3.5355559610421564e-10)
(0.7642533451064062, 4.18275286978421e-09)
(0.969902277403629, 5.50127632260656e-08)
(0.25289516554954716, 4.133170220566129e-10)
(0.8583042816863763, 4.827701312837263e-10)
(0.6481906722476314, 2.752756818052067e-10)
(0.4962539613440083, 4.385682347356766e-10)
(0.7659108659250248, 4.386410672145584e-10)
(0.36216876225544614, 1.2777862230444743e-09)
(0.7463900865097597, 3.1809770838053567e-10)
(0.19093071652414417, 3.1954897110056304e-10)
(0.24412282052412373, 5.051258374880825e-10)
(0.2763407840471489, 2.79760211523831e-10)
(0.9958074632835234, 5.539298159084554e-09)
(0.4394913355080447, 1.2976185091329636e-09)
(0.7632974610864799, 8.081810065642682e-10)
(0.7021390111415698, 4.987494417560464e-10)
(0.02672143292831267, 9.858912401855895e-10)
(0.006401280401271662, 2.6111419868688297e-10)
(0.18271865402364043, 1.8401022389065081e-09)
(0.8878390782392976, 2.928393546498434e-10)
(0.14018211988183754, 3.905596814968198e-10)
(0.1389024699481547, 3.853472731979446e-10)
(0.6520512509978692, 6.130536582195393e-10)
(0.7284676296447503, 7.026199425793907e-09)
(0.5778547077516162, 1.0431292853442566e-09)
(0.7132334941094904, 2.794287706542381e-10)
(0.12469581712637359, 3.1742847982219114e-09)
(0.1146686967304616, 6.183713452257169e-10)
(0.6402829807699177, 2.7254684204122873e-10)
(0.6845548115612567, 3.621220370220269e-10)
(0.4778081287373809, 9.303579838979083e-10)
(0.7158238650226818, 2.8027284645248104e-09)
(0.5794425952793304, 2.881598292874192e-10)
(0.210032575887775, 2.8585917960076875e-09)
(0.02560672126092379, 7.437943220390977e-10)
(0.5072140559687905, 6.631468368043782e-07)
(0.9740726637349543, 4.5440503447692086e-10)
(0.20778942167101444, 2.6707375637718496e-10)
(0.1961011870041629, 6.767227691426255e-10)
(0.28148689643510927, 3.190657443629661e-10)
(0.9170461214670282, 4.202702101343147e-10)
(0.5457707165215855, 2.889684599849178e-10)
(0.3752226791197726, 1.8720172888740088e-05)
(0.7184548379794284, 3.261614472172658e-10)
(0.4229086093776855, 1.2551496451131278e-09)
(0.03164095319238648, 9.490675974701088e-10)
(0.03240134944543658, 1.926313020159757e-09)
(0.27897933106693956, 5.213864175679002e-10)
(0.020931578407206938, 4.1090931915046835e-10)
(0.4094513585263018, 2.76030931120202e-10)
(0.39179226344908413, 6.154233971636751e-10)
(0.4240707092999334, 7.531690890699e-10)
(0.6368569952045684, 3.522635178206322e-09)
(0.3500345599799532, 3.5666966770657015e-10)
(0.8719211464120837, 5.482088574876748e-10)
(0.36370662856052716, 5.007824611087558e-10)
(0.8355546073127159, 4.0984998949530334e-10)
(0.14584170706489952, 4.0593687628997026e-10)
(0.7147521187968942, 3.342570738549602e-10)
(0.7408404003006932, 6.257599092675369e-10)
(0.9869801082009962, 3.0161745424792524e-10)
(0.04379692212284363, 7.006560110645521e-10)
(0.09295977403398349, 6.04898194729065e-10)
(0.6764990630416723, 3.168073003764494e-10)
(0.47694256561521464, 2.981552236516272e-10)
(0.5620328674604242, 6.286955797556169e-10)
(0.7191591748977755, 4.5782809457470225e-10)
(0.653267175562329, 4.92932491992066e-10)
(0.9220230715072408, 4.5614265729225394e-10)
(0.6284042162867643, 7.91585975690563e-10)
(0.9833989512632136, 3.49609293869547e-10)
(0.6673209203669168, 7.899679953275754e-10)
(0.47825885076048336, 4.963043519584862e-10)
(0.5206896843241234, 2.62605456079387e-10)
(0.4375225311516423, 1.2178040642196799e-09)
(0.7950851585689475, 1.629169720062301e-09)
(0.538679117385875, 3.377530818082745e-09)
(0.4607553777131128, 1.437577762899496e-09)
(0.6431479412132028, 2.693874708176235e-10)
(0.22561807926934305, 6.642758777312994e-10)
(0.12390002030233381, 3.4703744376984306e-10)
(0.254814243934547, 3.13590290036359e-10)
(0.05908246503786897, 3.314699495186635e-09)
(0.9950127158052137, 3.9732718098058174e-10)
(0.9557687225045904, 6.718285616288721e-10)
(0.8040186416810366, 1.3518260300156819e-09)
(0.6375394447785881, 2.743629743118832e-10)
(0.3420078644882807, 3.18527576609733e-10)
(0.9359147288994955, 1.5027544640656954e-08)
(0.4019705575770422, 3.429459127060122e-10)
(0.2060168811273524, 2.713528253515469e-10)
(0.001539313570220204, 3.209896186597093e-10)
(0.8731067245925896, 3.3689616778092194e-10)
(0.25619083382094676, 1.181072857225423e-09)
(0.22909974888841436, 3.219811671117939e-10)
(0.8603371166603743, 6.533062600965117e-10)
(0.5694100748595119, 2.7955951086379106e-10)
(0.334089561908555, 2.727699807777504e-10)
(0.3142761874228123, 2.9753570853310407e-10)
(0.7954328519060814, 6.894747971445543e-10)
(0.6212877561319731, 4.534786187414491e-10)
(0.5675841187890533, 2.7739487634624954e-10)
(0.4972170563920299, 7.123614176018708e-10)
(0.5889694676743488, 2.787881796627722e-10)
(0.5675090038412276, 4.948278810869722e-10)
(0.6472919366717464, 2.7882782406974176e-10)
(0.13504752142396295, 3.9041243811683954e-10)
(0.6469376273471892, 4.717981464703214e-10)
(0.25327703941458024, 2.677968554714222e-08)
(0.30060452060075193, 6.8802256230506965e-09)
(0.5853453672273887, 1.8245992010835099e-09)
(0.7057902566596378, 5.112996959164903e-10)
(0.5046383528133096, 3.514376295133937e-10)
(0.7966839195748581, 1.7090306014661437e-09)
(0.30785741988346954, 3.7914355899216897e-10)
(0.8792080670428127, 3.0592027168231852e-09)
(0.18608306435375688, 6.972716123531162e-10)
(0.3187544693020258, 1.2747309885268059e-09)
(0.13183275125863164, 5.493964473198618e-10)
(0.24718722074486885, 2.8073303442219774e-10)
(0.24797886824521842, 4.880794991424038e-10)
(0.0918483499646971, 3.25426977363185e-10)
(0.3190817339469878, 1.1264053472453686e-09)
(0.07096506043679952, 3.3858178471353704e-10)
(0.312178521304319, 5.382184524439507e-10)
(0.4958598995750203, 3.2486619314522624e-10)
(0.9344824168571004, 4.325576069496235e-09)
(0.1921311023867996, 6.126375586595533e-10)
(0.465145208803237, 2.7861511616599257e-10)
(0.6621606147585395, 3.41443882873781e-10)
(0.8501049795638236, 2.857179492701025e-10)
(0.9956757835544837, 5.495127704349372e-10)
(0.19208999687502662, 3.190737235647927e-10)
(0.13909885823574744, 5.479795942409303e-10)
(0.5318287865112469, 1.0395573763347182e-09)
(0.5606401152000324, 9.047770534409127e-10)
(0.02017776932727888, 3.395848206101353e-10)
(0.2993205356833819, 5.699754679719008e-10)
(0.6825836164421469, 3.0608074378387984e-10)
(0.6959467601219272, 1.880753193091466e-09)
(0.5080995419207986, 5.740988611427225e-10)
(0.07673034301655737, 4.991710565080631e-10)
(0.49198500700911685, 2.6643115548619345e-10)
(0.6945179020809236, 5.267426194863554e-10)
(0.48039352726317347, 5.378840587385903e-10)
(0.49048156706441387, 3.9711701152625973e-10)
(0.36501726411870916, 7.305977287264905e-10)
(0.030111080201563743, 3.626966274916416e-10)
(0.16619411763147704, 2.8896747843209417e-10)
(0.4222878486286651, 4.6107756499176426e-10)
(0.2402605250709908, 6.920309221194878e-10)
(0.8178408171186464, 3.019705657834732e-10)
(0.5456323463470828, 4.489249186741657e-10)
(0.7137450275096149, 9.298442386813369e-10)
(0.5387914844807647, 3.078213222275509e-10)
(0.31986992579026063, 3.8927709086646087e-10)
(0.47924697170549047, 1.1960554996197096e-09)
(0.024546515540083483, 3.524799450262328e-08)
(0.049537185449655026, 6.655281068584783e-10)
(0.951703462204822, 6.392984843102481e-10)
(0.947826897399248, 5.9960146212778755e-09)
(0.41127180919677336, 5.809676565118167e-10)
(0.38041492565031454, 4.102450716014808e-10)
(0.7707411401164224, 4.3856097693220104e-10)
(0.34797537273434376, 4.198333050095156e-10)
(0.9925321427207559, 3.186438266965761e-10)
(0.7613378776200028, 6.80923398125373e-10)
(0.5033907224242397, 2.7790131396862055e-10)
(0.9482234911913731, 5.572148991921927e-10)
(0.8305684951473071, 1.7250709566535447e-09)
(0.40773396438128023, 5.218450501375545e-09)
(0.5223369768151576, 3.1492206635878755e-10)
(0.33463803905080836, 3.66870361214728e-10)
(0.8121261818967465, 3.972045156224054e-10)
(0.5016168669828165, 2.883851103810573e-10)
(0.06683828013717315, 6.62471766694699e-10)
(0.4286496109211344, 5.923945727681005e-10)
(0.6550467797825537, 5.559987466635227e-10)
(0.09571174486213185, 3.7968204179165363e-10)
(0.10939608604347136, 2.002786351743211e-09)
(0.7437369275978462, 6.278404802554413e-10)
(0.8042634769980501, 1.238548350390317e-09)
(0.05434002882851048, 1.7750746879384672e-08)
(0.1688935498246086, 1.4204956245544816e-08)
(0.7560512245847713, 1.1315686727829742e-09)
(0.6228779367479524, 1.1466449029038835e-09)
(0.6852622312936458, 6.815037351290383e-10)
(0.6063150710375843, 3.4987679242695707e-10)
(0.9432885930246033, 8.762587825422275e-10)
(0.8603119528191159, 5.981060328765146e-10)
(0.220737404355327, 2.7788617308945006e-10)
(0.6807454114686556, 3.0350958998694637e-10)
(0.5698487231366294, 3.397331894041925e-10)
(0.7150518332138136, 4.217072985177407e-10)
(0.32720683447145865, 5.958237600469426e-10)
(0.8481316068004613, 4.0737848876635885e-10)
(0.2853296779194826, 3.0996219876644697e-10)
(0.4567845101933971, 3.3738971970866854e-10)
(0.20286443410776278, 1.802144393466579e-08)
(0.591261847170955, 3.458677181826062e-10)
(0.5187759951182791, 2.085817976757399e-09)
(0.4005614459001018, 2.3030086587844967e-09)
(0.2800090929275049, 4.213417942226779e-10)
(0.7984919719618365, 3.9377870284853615e-08)
(0.7095757857264016, 3.035165826772018e-10)
(0.2780609002117263, 6.09285262365316e-10)
(0.7205645246795197, 6.497073499743117e-09)
(0.1787498543425544, 9.528322172397557e-10)
(0.7260130437320891, 3.260946029779092e-10)
(0.2898031666149864, 1.062513940982437e-09)
(0.3513317433489969, 2.105543014988922e-09)
(0.7236139634644964, 4.955540685778352e-10)
(0.49773686867104017, 4.998237928952183e-10)
(0.7897220174382927, 6.424516267647848e-09)
(0.39723837392898115, 2.889653599099849e-10)
(0.22716549495125324, 1.6011854186841798e-09)
(0.05359615509974151, 3.088114623958438e-10)
(0.746547006358623, 2.844320401437165e-10)
(0.08280420448297557, 1.2330203686344346e-08)
(0.7178795903076157, 2.84220609871388e-10)
(0.49567047922404533, 4.910474231023457e-10)
(0.4867741622744083, 7.759092019270949e-10)
(0.39609409908373927, 2.9615354002559564e-09)
(0.9826249971234127, 4.713814569217735e-10)
(0.3998292130282998, 3.256808983784138e-10)
(0.7616456915759332, 1.0954139166175594e-09)
(0.8067201763636098, 4.5064301819550355e-10)
(0.22145831074799838, 4.828140013083993e-10)
(0.5776886749156088, 3.3922338834089107e-10)
(0.6955908625122009, 3.0266901466240273e-10)
(0.7521241090460963, 3.829504004189109e-10)
(0.057189682064035935, 1.0936402293158608e-09)
(0.5625904630372139, 7.339239062246378e-10)
(0.05755698466466581, 3.188792767921991e-10)
(0.23145247896566323, 3.2288209531006298e-09)
(0.6966718859066813, 1.1237110441806011e-09)
(0.058233064659741825, 4.41035897800168e-09)
(0.7503508361978094, 3.594114466174157e-10)
(0.8132626939967267, 6.140464546855411e-10)
(0.2381507557863172, 3.241536913119388e-10)
(0.4528693244306296, 3.547123247279522e-10)
(0.4137074358300456, 3.1832887373680864e-10)
(0.989651370907736, 4.837350493590953e-10)
(0.014883342849383368, 6.857591259888078e-10)
(0.24811219892209901, 4.3554174321736074e-10)
(0.6709735972147447, 3.7069911508035316e-10)
(0.4846076677799726, 6.175395522445711e-10)
(0.04385190106254917, 3.4316879999219446e-10)
(0.895632181343773, 2.8242474301921354e-10)
(0.5359648253267032, 9.263781183263807e-10)
(0.232263364999668, 4.7299397834459155e-09)
(0.3582728190933458, 2.987344801281894e-09)
(0.006081510925913745, 1.2435472434270753e-09)
(0.49232018429551505, 6.727222084870856e-10)
(0.6674954292702947, 3.339394652169735e-10)
(0.21980449724571738, 2.928529253943464e-10)
(0.5812786864008509, 3.997153062547624e-10)
(0.39054621042892035, 2.7953011748688657e-10)
(0.9059773787804268, 5.431087827517256e-10)
(0.44871101059605434, 4.6261237138007183e-10)
(0.9772055067898164, 7.777172267335876e-10)
(0.13691100422596542, 2.9939838159612615e-10)
(0.3349320561332907, 1.590050637014433e-09)
(0.03118539164170671, 4.45099847675892e-10)
(0.2068091028695392, 2.982875831791898e-10)
(0.6596036990551872, 5.836781109618756e-10)
(0.032961872868816515, 2.609973549727279e-10)
(0.7778390143703142, 1.3200531743642592e-09)
(0.9568659923084818, 1.1087741587785926e-09)
(0.899187332839773, 1.7915395964562347e-09)
(0.32755126292085296, 5.096273549811289e-09)
(0.3493945185436589, 8.317630353221332e-10)
(0.5365319376997648, 3.903079844553404e-10)
(0.5784491837961776, 7.295501465749301e-10)
(0.14676473458505246, 1.876435066117121e-09)
(0.7553160922257383, 4.515250064724618e-10)
(0.5026934594117453, 5.331541144612249e-10)
(0.4645472570980125, 1.8793826101483296e-09)
(0.0893391375812432, 2.6807400407423527e-10)
(0.10536375319110931, 1.498124753736236e-09)
(0.041293550356140414, 2.6969684935248326e-10)
(0.13601008113139504, 6.653081697007186e-10)
(0.4386804433462225, 2.1863741809194096e-08)
(0.4900628322418962, 2.677689955964779e-10)
(0.8177015933556157, 2.058955218070814e-09)
(0.49001998814322134, 4.586638905027431e-10)
(0.08699119011710214, 2.6355626391145784e-10)
(0.35289476507198986, 2.9685227830118504e-10)
(0.7772177986814786, 2.973706130330702e-10)
(0.7244512320260149, 1.943259818875546e-09)
(0.4576992982979315, 1.3228718242189696e-09)
(0.07099511936902823, 1.0621136914972832e-09)
(0.36315593835044907, 3.059028569218754e-10)
(0.28717128364127115, 7.538136306349229e-10)
(0.9683595557975002, 9.440825233581264e-10)
(0.10373512947022949, 3.040489043925967e-10)
(0.8694285216618437, 1.7594410446158096e-09)
(0.2915573625815005, 1.231882709149839e-08)
(0.09182451598974495, 8.536300733568589e-10)
(0.6191302785319718, 3.861501448094942e-10)
(0.03253185653383928, 3.5833394955165597e-10)
(0.39009611846417036, 1.9538204649097295e-09)
(0.6293682970313377, 4.909757093202609e-10)
(0.6666204323763391, 5.576275604008975e-10)
(0.6994017419376858, 6.283825564459273e-10)
(0.37551248680355226, 7.545324667001137e-10)
(0.4933504467346973, 5.982987028501265e-10)
(0.36103094295949045, 6.267854587897591e-10)
(0.5609585630220668, 6.665496298817255e-10)
(0.4488906471866536, 1.0604699657987937e-09)
(0.7694901422175647, 3.903886145021213e-10)
(0.9299966812752982, 4.98281061334081e-10)
(0.6078846224250478, 9.412695805428881e-10)
(0.36379645337517547, 1.2377683388931943e-09)
(0.5302327816040115, 4.573955612049764e-10)
(0.17960353729419998, 3.0422798764134564e-09)
(0.6350296808880928, 4.909553314948328e-10)
(0.7371544792756973, 7.654724327495097e-10)
(0.3051541348356201, 7.90988218320748e-10)
(0.5146065324570254, 5.941041496661804e-10)
(0.8981850512227562, 6.453285215121603e-10)
(0.5247252873483521, 4.98337777567844e-10)
(0.7209193585827376, 4.451885675777437e-09)
(0.08621552559380498, 4.291270350751624e-10)
(0.635975764191861, 5.834093435275666e-10)
(0.5798093150737685, 5.592751183116304e-10)
(0.1422610917961528, 7.651493819573694e-10)
(0.6026132930258167, 5.818011268832828e-10)
(0.9301860687062169, 3.3416933427062303e-10)
(0.5485980047178464, 5.138524513990542e-10)
(0.8885680189958285, 5.245146786489764e-10)
(0.2040167448477268, 3.9749070178778774e-10)
(0.319511429352919, 8.853857693785181e-10)
(0.7527543399216015, 5.159588348627922e-10)
(0.708288330742524, 3.4762583859686996e-10)
(0.8869367379656806, 6.849615747217934e-10)
(0.5256470093564809, 5.900214143897126e-10)
(0.769393794828553, 5.740193092139968e-10)
(0.5102352194442416, 8.785612513669909e-10)
(0.5725828626575779, 1.8064014397803032e-09)
(0.019534179482182473, 6.120446937067855e-10)
(0.27152279096148546, 1.8548602279474083e-09)
(0.2618710963907174, 4.192608503939362e-10)
(0.9704513979457199, 4.824805195060236e-10)
(0.5518641494819069, 6.678286051138046e-10)
(0.6614671388556991, 4.8803111895744365e-08)
(0.14899362545530465, 4.0647159459253384e-10)
(0.5115795215695912, 1.1084764039359125e-09)
(0.6857578783325069, 1.864151741738238e-09)
(0.170800327235456, 4.1382651113607557e-10)
(0.38914335706178327, 2.645353568972941e-10)
(0.6549526256855556, 4.8318008745265e-10)
(0.011949345685425529, 1.6977999219187667e-09)
(0.5301466054407367, 5.322244897091638e-09)
(0.23371963391822861, 2.6445726832496905e-10)
(0.5727213231281623, 3.04423082659045e-10)
(0.5102640283063046, 2.9215135269648667e-10)
(0.474731772248864, 8.548946888367366e-10)
(0.09590182811353964, 2.23803418509563e-09)
(0.3143787063452102, 5.704610773919153e-09)
(0.4269052389457342, 4.3475659451483384e-09)
(0.0927794726589884, 6.868230752164463e-10)
(0.07683814007488321, 5.981706075667072e-10)
(0.8610988075750718, 2.8003792304222175e-10)
(0.6459649202691485, 3.8897688890609917e-10)
(0.6035779143655197, 3.8189186681692605e-10)
(0.7171897443008775, 2.696328727988021e-09)
(0.7110332818185469, 4.0521063168537285e-10)
(0.18449823084520947, 3.1113445889610514e-10)
(0.9730797278494848, 9.832373349873028e-10)
(0.3023936078848865, 1.4281132840293894e-09)
(0.458034230334244, 3.5201967560293e-10)
(0.8060687013948676, 8.768574629364445e-10)
(0.13599044694602222, 1.385111056053826e-09)
(0.12849198586117758, 4.758821012464567e-10)
(0.33909105674258483, 5.675246446618063e-10)
(0.839328549141678, 3.510484667011569e-10)
(0.6677733196308153, 3.2643028190407794e-10)
(0.8238705764665403, 6.581849536823156e-10)
(0.3944217056144714, 8.007031610580703e-10)
(0.6121782678924221, 3.5629856809156714e-10)
(0.7245474508278059, 4.738459665845592e-10)
(0.02213531539594874, 4.427318950561647e-10)
(0.9353707963868877, 4.336676894187961e-10)
(0.5510412033928993, 5.267790817380049e-10)
(0.24095249885990538, 2.750800059652908e-10)
(0.49414478834120784, 5.271926537572721e-10)
(0.8845262049803201, 3.0980738372137515e-10)
(0.6189323207292569, 2.667439487541142e-10)
(0.5464612278271842, 3.2205766320468587e-10)
(0.4181227438533046, 3.7270070380867505e-10)
(0.18470120267198015, 3.8642157441614176e-08)
(0.31563580791706014, 3.444332960861279e-10)
(0.930416438142917, 3.5762646908344684e-10)
(0.878022576935981, 3.8700932192617584e-10)
(0.5270270292382787, 4.0557817069206746e-10)
(0.2900407246921907, 4.377647945044874e-10)
(0.25076187099090375, 3.3386499036777333e-09)
(0.07628717278572987, 3.8276831399771425e-10)
(0.05689707110186099, 6.066593070391208e-10)
(0.8206758632745258, 4.784934170853216e-10)
(0.335525125616828, 4.960857638025681e-10)
(0.28635991515554, 5.749756498560036e-10)
(0.18010930255346924, 2.966085277788706e-09)
(0.51969304412937, 1.7296105125818778e-09)
(0.3055049632850744, 3.4105270898945997e-10)
(0.9662195811035335, 2.607292865404507e-10)
(0.5080381267217574, 4.99594193835447e-10)
(0.6801436929627648, 2.829880702817064e-09)
(0.1671665841371128, 3.2032517910750816e-10)
(0.5596466231427156, 2.809973232294903e-10)
(0.5598923291067837, 2.6228901515262205e-10)
(0.5545839198448556, 1.1821831659320854e-09)
(0.5839069305345013, 1.0597242734379712e-09)
(0.969325245114963, 6.455504550397779e-10)
(0.6498916051507913, 3.6546623436476397e-10)
(0.44701430593616315, 1.9176692300519658e-08)
(0.558179944038146, 2.984645817098221e-10)
(0.04493718453017992, 3.302366400809962e-10)
(0.5409639338007431, 6.133884949607185e-10)
(0.4315793150307503, 5.124248734560034e-10)
(0.6369638340291631, 9.86243500960517e-10)
(0.3811154891359122, 7.941104661779882e-10)
(0.71737468757488, 1.1690740913959601e-09)
(0.08757632511009157, 3.5604918851606775e-10)
(0.7075193530030812, 5.295309052466157e-10)
(0.25130079879339745, 5.560761922538493e-10)
(0.6141679178123629, 8.22731356793175e-10)
(0.5123030687835642, 3.6216701345614043e-10)
(0.7957048024756528, 1.2778350614026462e-09)
(0.7633464441211761, 1.7695365278784949e-09)
(0.9041507098417584, 2.3465228389356453e-09)
(0.9604234122438514, 4.914332149620733e-10)
(0.946658032368513, 2.271405851855704e-09)
(0.8121082081643206, 7.096342607248191e-10)
(0.5235695103610148, 5.428229618459896e-10)
(0.40318486573157425, 4.939097041177649e-10)
(0.4787021539921892, 2.7403915554817464e-10)
(0.8102411691330988, 4.26344063797914e-10)
(0.7157945939309776, 3.466349598481195e-10)
(0.5653561254554827, 2.6884905833495223e-10)
(0.5489269730414791, 1.4497372987965945e-09)
(0.8808251753604232, 2.8091671071986657e-10)
(0.5643696200929698, 4.273213349974835e-10)
(0.16516107918747394, 7.249724253657779e-10)
(0.9247096892203206, 8.255107464397758e-10)
(0.6303282820601733, 2.92700186547582e-10)
(0.4342230048804592, 2.6609601633422342e-08)
(0.8763826022213854, 3.0511518866690224e-10)
(0.4659448980411195, 3.4454025657161264e-10)
(0.03356863094827938, 8.061956594232552e-10)
(0.31713811725635144, 9.334467858775689e-09)
(0.2099222527485597, 2.828536426114183e-10)
(0.0936913250006735, 4.183287134773001e-10)
(0.9401659711964118, 1.6602437801481596e-09)
(0.5570179743266981, 5.290163071054327e-10)
(0.4853718155862968, 3.9274265161042904e-10)
(0.7501607828197556, 5.933625108543748e-10)
(0.4592042515414934, 4.3316963107843607e-10)
(0.5308085876547101, 8.298710687513816e-10)
(0.4648074112664601, 4.4973642734151984e-10)
(0.9307165603228519, 3.3824591440006425e-10)
(0.7220710856500852, 3.069243409990944e-10)
(0.47567517294108275, 5.263496967232066e-10)
(0.8278679591392994, 4.124188735029587e-10)
(0.5857981523783594, 4.0737155313317207e-10)
(0.3544906771754918, 8.617956344427383e-10)
(0.07770271877390016, 4.216663668455647e-10)
(0.6795612425790132, 2.0371758946776326e-09)
(0.6205723484599721, 2.839237216162697e-10)
(0.8035886582666929, 2.7976250824859776e-10)
(0.44696215812099327, 3.845359959204301e-10)
(0.7826797984191697, 1.415898908196476e-08)
(0.6241985279279512, 2.837725706718995e-10)
(0.8435309874604141, 1.5672456486871707e-09)
(0.5112597480915833, 5.027246665175483e-10)
(0.8030023667916446, 2.619341006192202e-10)
(0.14435927094388468, 3.347403882648851e-10)
(0.9077888561616081, 4.2212693312921603e-10)
(0.25036709672877766, 2.6599293974051163e-10)
(0.1270770585116445, 1.2021556109338935e-09)
(0.773416709231053, 3.8196987959372596e-10)
(0.6438935249790784, 2.948230943351184e-10)
(0.09282032865687913, 5.646264742656118e-10)
(0.41126093427607396, 2.685040849790195e-10)
(0.1580024322352408, 8.605352511892087e-10)
(0.2545264788464332, 5.077010674792391e-10)
(0.9156196393003917, 3.478391988021091e-10)
(0.35198448273614485, 8.371748110834014e-10)
(0.6348640078483992, 3.3306038375108073e-10)
(0.5456962904105486, 1.7232410624212368e-09)
(0.08116033503730159, 1.5876096306488587e-09)
(0.9211586767061611, 2.964706352851672e-09)
(0.37246616698963025, 5.8702535398888e-10)
(0.8506605002742005, 6.49832518057497e-10)
(0.04045583612584128, 7.40133093633607e-09)
(0.871419199841523, 6.167143245749618e-10)
(0.3682952584419681, 7.160800450838297e-10)
(0.7732993305081578, 3.560498703152609e-10)
(0.9698306692918789, 1.1316970921909403e-09)
(0.2786824693807039, 2.7251774145244894e-10)
(0.3135960034612891, 4.73613042643505e-10)
(0.7096079141416983, 5.075380644471482e-10)
(0.0786766483579349, 4.726498210224976e-10)
(0.7156904896185596, 1.2991756456971083e-09)
(0.4028047617686762, 2.7729719808615776e-09)
(0.5615947334037001, 5.083519764561782e-09)
(0.6665848533677362, 6.531632200064874e-10)
(0.3143241965254033, 7.041980908200148e-10)
(0.34559206366697726, 4.307689108411452e-10)
(0.7163207553276639, 7.068730926043339e-10)
(0.6363077733120739, 3.746153786951484e-09)
(0.8667652765132936, 2.458777209620725e-09)
(0.4685232092794784, 3.0659141317552424e-10)
(0.17518271420691855, 8.29969348603983e-10)
(0.507433225615166, 4.804658307554761e-10)
(0.4676829920013306, 6.24806442537765e-09)
(0.45638332369406664, 1.039000125692248e-09)
(0.28599175740703353, 3.7758943331866426e-10)
(0.43746682336017867, 3.7970337890586086e-10)
(0.37748191429266864, 1.6307609404761172e-09)
(0.9725343431150741, 2.0953143623486677e-08)
(0.8903079297344928, 4.380596088036397e-10)
(0.26768771169122224, 3.848402922652654e-10)
(0.44474236257179817, 3.5044233506300825e-10)
(0.6045579666073119, 6.231327621639588e-10)
(0.12307225847489091, 4.1644687546428545e-10)
(0.9126257910371615, 6.991215250245008e-09)
(0.5978356416920978, 8.479338612992909e-10)
(0.061826219345684864, 2.738587917313651e-10)
(0.21110823507406992, 2.913342582893142e-10)
(0.3905575918437021, 7.434675384434698e-10)
(0.004404740337552032, 3.904094182429959e-10)
(0.5277522939860604, 5.581558478476759e-10)
(0.7719586581729789, 2.653722325727916e-10)
(0.9744469388384746, 2.8072353513945755e-10)
(0.9188879755108561, 6.002654637606199e-10)
(0.7496890848099155, 1.4137209916771823e-09)
(0.10087572427833796, 1.0093427150342895e-09)
(0.29560362467592394, 5.142391990686344e-10)
(0.7584785757481866, 2.7007224414064475e-10)
(0.7515068493763666, 5.452730582422494e-10)
(0.5647654451041039, 6.699326195331542e-10)
(0.16366378458753816, 3.8630552306670727e-10)
(0.19749249196509844, 1.86879093529563e-09)
(0.3146911194663041, 3.3551940775641275e-10)
(0.6518421961174715, 6.356789692093863e-10)
(0.11318071135276508, 4.627037466193048e-10)
(0.4662971834369607, 5.6927002240806e-10)
(0.13234267267749672, 7.968372336956632e-10)
(0.3900924674601263, 6.67512276926893e-10)
(0.27690652234520036, 7.944772924429176e-10)
(0.6523888494090951, 3.4463591989923413e-10)
(0.8840708064272484, 3.4124518708843014e-10)
(0.8858884457777448, 2.9158750498219553e-10)
(0.8916689036023029, 1.322990341667391e-09)
(0.19709770175879554, 5.593789235094462e-10)
(0.5321916480773691, 3.364351677865608e-10)
(0.7469156429910422, 4.868455684785344e-10)
(0.9842960209064756, 2.999530979424235e-09)
(0.6504453563694441, 5.024919366506942e-10)
(0.9121682928991246, 1.985185195552477e-09)
(0.7518122339909559, 7.904155762275434e-10)
(0.8389594247526206, 1.0353166638529288e-09)
(0.06842344086446557, 1.2857328828475036e-09)
(0.047733736153756604, 1.2676474154202402e-09)
(0.633239889333369, 6.73210731466427e-10)
(0.8519932064121147, 1.5160545428132568e-08)
(0.9695171606451224, 2.8460861194854075e-10)
(0.507716736889406, 3.4514658085135534e-10)
(0.8670492933820863, 8.746219237104781e-09)
(0.8730295835393515, 2.705392788422971e-10)
(0.42333825892029425, 3.6726132021976903e-10)
(0.716661734847828, 6.028764198679403e-10)
(0.6311311915987993, 1.0206663974628742e-09)
(0.20445231916153703, 6.615644213762811e-10)
(0.5424355463656275, 2.693903973632439e-10)
(0.47272774690664, 8.393929239641753e-10)
(0.7176979429775563, 2.8029280647938746e-10)
(0.4285111096966462, 5.163776409670306e-10)
(0.10215789071319621, 1.1495948220486273e-09)
(0.3097437373788443, 3.016804628440375e-10)
(0.9341627136142436, 2.0983073282500732e-09)
(0.35694295583086333, 9.163277932772126e-10)
(0.42304633376166, 1.8102018964659616e-09)
(0.46975438676269227, 2.6712909290829876e-10)
(0.24966722656479176, 3.175199831582007e-09)
(0.43534363831036493, 3.916462527077664e-10)
(0.6893743018533843, 6.408551670913784e-10)
(0.06006452888591047, 1.0145487013862818e-08)
(0.23605969559814333, 3.431100002701831e-10)
(0.8086217936574561, 4.500172936622751e-10)
(0.9443003527550681, 7.637840702283843e-09)
(0.23810898493740656, 5.343248692398542e-10)
(0.2092350096847299, 4.891908528729702e-10)
(0.6316081659831314, 3.656338911869978e-10)
(0.6334449756185017, 3.8678042613474313e-10)
(0.09770459922794421, 4.4104327698061007e-10)
(0.884466910614321, 4.769963613677299e-10)
(0.8242867472596388, 1.86983325768953e-09)
(0.42810141869484325, 6.023929482211067e-10)
(0.4086763647020056, 3.250419991282022e-10)
(0.0890939548991911, 2.077969621440726e-09)
(0.10778613437269711, 4.0144679548922836e-10)
(0.9317755522881496, 4.5343886580102387e-10)
(0.08251072296505854, 3.082883289814753e-10)
(0.12121102987300252, 3.2038135054883454e-10)
(0.07414303526629197, 3.691061435318432e-10)
(0.856841094305063, 3.309547523932978e-10)
(0.24731320995408196, 3.0171736476475404e-10)
(0.5891140917367657, 4.336436278653278e-10)
(0.167355010779224, 7.029955758449894e-10)
(0.1690194066004282, 4.0395270154107684e-09)
(0.9355359116493084, 2.7723208900038246e-10)
(0.641132350006193, 1.1415563252817123e-09)
(0.449151016305379, 2.6605302320983827e-10)
(0.6583796777533862, 4.438808848271425e-10)
(0.8260706796786835, 2.673812682779441e-10)
(0.9704736035061915, 2.487574957166507e-09)
(0.8735931641990443, 2.2208879570344936e-09)
(0.4097191465841074, 9.470594951113385e-10)
(0.21908040258461062, 3.8674526726762206e-10)
(0.9803850862091495, 2.815611850513707e-10)
(0.05279783764148601, 5.965234580257812e-09)
(0.05473906756833444, 7.846359945645884e-10)
(0.11469394050010105, 2.709920731023793e-10)
(0.8890807816152175, 1.5698554340214249e-09)
(0.9958692925175228, 8.196118439495775e-10)
(0.20404668183244076, 1.0404120718456619e-09)
(0.14111787498146872, 3.350839920184798e-10)
(0.3475902162036717, 3.24032518057492e-10)
(0.0014494983365904975, 1.1859599556364462e-09)
(0.27712753422536646, 3.3654200406084906e-10)
(0.8184910863927541, 3.253102496663127e-10)
(0.5519323902169796, 3.9126220769495366e-10)
(0.7292582503124667, 8.683591460714821e-10)
(0.4545313579586829, 1.2328146466112948e-09)
(0.8143452585704648, 3.280746198864251e-10)
(0.0877071122783769, 7.663176656478726e-10)
(0.21998924240567763, 3.3237762552217297e-10)
(0.6889980782997829, 6.836222253588635e-10)
(0.23415513469286647, 1.0329286147454e-08)
(0.5059041084930967, 5.152670209195512e-10)
(0.5567594299226427, 3.7183703301632577e-10)
(0.6724485124523056, 2.6949680201460413e-10)
(0.32417587406896714, 3.033535970566106e-09)
(0.5477480267904308, 8.707942464848182e-10)
(0.4159905944656345, 3.8721096734291e-08)
(0.3393461387834858, 3.464299386671772e-10)
(0.044549113470922344, 5.083593406781941e-10)
(0.5019298892322901, 5.4232994190531255e-09)
(0.6377508560480661, 8.312921527265281e-10)
(0.9964523913882248, 4.880311694504946e-10)
(0.2738217293000042, 6.421377519805224e-10)
(0.47211068511783605, 8.333303423593969e-10)
(0.869178506901234, 2.774622524302374e-10)
(0.8570917981400024, 1.4929385685598534e-09)
(0.9509034123750828, 1.5172204535048993e-09)
(0.47778220575909497, 2.677476925745364e-10)
(0.10567556603484674, 1.3222299577653399e-09)
(0.07318251047085349, 4.418714087135849e-10)
(0.8669177879981269, 3.8712420569882846e-10)
(0.10996768103411751, 3.0132550736979885e-10)
(0.10628857492410743, 3.627241192943968e-10)
(0.8326308615252157, 3.0545478957917486e-10)
(0.515168118736397, 3.312910535528217e-10)
(0.9500295198042173, 5.158494529071225e-10)
(0.656198199784617, 6.634191538957772e-10)
(0.918871772155573, 5.58764506675648e-10)
(0.6649696310048365, 1.3346534989751166e-09)
(0.4437723527769501, 2.7035168120585205e-10)
(0.3700058853422638, 3.6774896956315156e-10)
(0.46594694444096096, 1.1466031118453532e-09)
(0.23225531213037318, 4.714560749513252e-10)
(0.5511225763069485, 2.8753552022516603e-10)
(0.04032472400038692, 9.130108583000363e-10)
(0.690211740266809, 4.946051811797428e-10)
(0.09999820757353851, 4.0042053154098e-09)
(0.14364302986471944, 2.906077063221747e-10)
(0.8845405444100634, 3.4158928619277144e-09)
(0.36849508775825585, 3.2751940533799986e-10)
(0.8186841451087858, 2.1071513068194074e-09)
(0.48964497658175443, 4.3020464172793037e-10)
(0.4350644024159183, 3.5587008804739123e-10)
(0.4783869562866481, 1.8630351293530395e-09)
(0.2237535706172909, 2.861572602300722e-10)
(0.5485875762628257, 3.0759398149993634e-10)
(0.9938874384595695, 9.766877222401644e-10)
(0.9923399287016245, 7.541044034297802e-10)
(0.5035077131063831, 5.714697392320596e-10)
(0.20420523379523214, 6.325271278479404e-10)
(0.06202630929340106, 4.017463864318253e-10)
(0.026535288755961076, 2.6284237612733533e-10)
(0.13854184488000879, 4.4744554099852123e-10)
(0.7245524564879355, 4.0395629848530525e-10)
(0.8774079201010221, 6.662818145396019e-10)
(0.4977802083758717, 3.107106901832957e-10)
(0.5190716301560138, 3.0586774921960085e-10)
(0.13622397325601648, 2.8577299964997006e-10)
(0.36991695377054545, 6.863362937481828e-10)
(0.181900498985191, 3.4600657562967286e-10)
(0.3878486380300183, 2.0052553659198167e-09)
(0.7341002365505866, 5.07899379200384e-10)
(0.30737360213072035, 4.3017203044300337e-10)
(0.8193205725523155, 1.1918532314372434e-09)
(0.9592342190047339, 2.6119333107583023e-10)
(0.06618458491775561, 1.8619946859089993e-09)
(0.2785253329260707, 3.107208618542649e-10)
(0.9821574786268736, 4.31177921487686e-10)
(0.182982774694155, 3.505482460643521e-09)
(0.18460543612758218, 2.314223763839546e-09)
(0.03898672724700456, 3.3283357379932473e-10)
(0.18236761501674814, 3.396548664078489e-10)
(0.04391653077866319, 5.900047645275012e-10)
(0.24619305672820008, 4.0739101799908367e-10)
(0.559219841323876, 5.1429029677183e-10)
(0.8315020566735873, 3.25131788133231e-10)
(0.38491920192075335, 7.108973615343698e-10)
(0.34534528642382273, 2.858941214905938e-10)
(0.19575761687126125, 6.050475148373203e-10)
(0.6587568724947506, 3.001188867288507e-10)
(0.07294882307727206, 1.6762749130716816e-09)
(0.1502495300529212, 1.00862697638079e-09)
(0.18578092639437152, 5.793411942752993e-10)
(0.2956787050721173, 3.9093154953019697e-10)
(0.09261623167717396, 7.331022895977821e-10)
(0.12078665762117763, 3.154807982222792e-10)
(0.3126003573719209, 7.337598295755108e-10)
(0.4708007255939905, 2.7819258931549445e-10)
(0.9041643895247975, 6.425627501981297e-10)
(0.5643973735396267, 2.661468435561894e-10)
(0.33597801173733227, 3.197778899818007e-10)
(0.8343065572527865, 2.9312097087778493e-10)
(0.4936329629278905, 3.8524350176916033e-10)
(0.9600485341288956, 7.932911585361819e-10)
(0.18358648053792503, 3.632999995331472e-10)
(0.23007923887923895, 6.639609113981614e-10)
(0.7825799257391454, 4.565545871287576e-10)
(0.4639899684683221, 2.645226679157431e-10)
(0.9945805312052862, 3.41764473637994e-10)
(0.08594393384005243, 7.33683135219352e-10)
(0.16469893420905257, 5.846860829547701e-10)
(0.44005062454825417, 1.0470238706759398e-09)
(0.8520835614257561, 7.594005250453006e-10)
(0.0645841441420875, 4.443727151629711e-09)
(0.0627938465917079, 1.5668626414784136e-09)
(0.5173801625779564, 3.3247007331782665e-10)
(0.06104248218019303, 9.919014682600297e-10)
(0.3632926699540262, 2.1274546590744227e-09)
(0.714449630350688, 6.151597566090794e-10)
(0.061561742770480404, 1.579836919751116e-09)
(0.22523481784621757, 3.4687984368813433e-10)
(0.21972478643102755, 4.817199013784587e-10)
(0.6825519221126441, 2.795398466101628e-10)
(0.07088541701139868, 1.104143621039371e-09)
(0.4164996691378109, 3.2998162652648973e-10)
(0.47100691099789627, 3.059519946237358e-10)
(0.42305323647728393, 2.404103159545333e-09)
(0.7189417684064242, 3.820760911784414e-10)
(0.07365805345496175, 7.439575969347875e-10)
(0.1817681813686016, 9.715020734587016e-10)
(0.6531386550629845, 6.586380802637098e-10)
(0.15987100172624127, 2.813008238380418e-10)
(0.6397223706534078, 4.005424975834412e-10)
(0.1261054836246388, 4.536732866717849e-09)
(0.7757577729092928, 1.0207226900437357e-09)
(0.6332643144184971, 3.077810538928743e-10)
(0.6736438980861634, 3.309666610047847e-10)
(0.33888871553697436, 1.2733954604812423e-09)
(0.7748803833014516, 4.4061282306934557e-10)
(0.17477754575906937, 2.6279919360566486e-10)
(0.8879112993741267, 7.022506603976316e-10)
(0.4096049627911694, 1.14805289028054e-09)
(0.7513485800547534, 4.4840943554093396e-10)
(0.441241399045405, 3.4287746354544093e-10)
(0.47614646609023864, 1.428472637903301e-08)
(0.32436000704489965, 1.6657635068550977e-09)
(0.8148014996679953, 3.0079526252887225e-10)
(0.20133821175349823, 4.337062655277094e-10)
(0.5770783909557105, 3.793981295207284e-09)
(0.09043806917112761, 3.694503768424753e-09)
(0.5318908622163551, 6.175695910980509e-10)
(0.35584075669188525, 4.882155697569694e-10)
(0.127656231613619, 2.9870494409604236e-10)
(0.4754289045205774, 3.906394246498223e-10)
(0.8473372913443378, 5.35022696206725e-10)
(0.00403564424286303, 8.178690406909197e-10)
(0.09433443835730868, 4.027295388963249e-10)
(0.5556285502175214, 2.7125437556069504e-10)
(0.9953969002263563, 1.0594631970133344e-08)
(0.6224612483016612, 2.6889990536503513e-10)
(0.9477715238154126, 3.356477933474997e-10)
(0.7252342349816373, 1.3844416619699817e-09)
(0.5976990549646675, 4.931174919925242e-10)
(0.0658207739543501, 4.1634139145903707e-10)
(0.5212065905715235, 5.828480751646294e-10)
(0.5099092213523637, 2.948911619619574e-08)
(0.6827667029452106, 2.772634175298087e-10)
(0.7615471791596174, 1.791140688453508e-09)
(0.025221585979788803, 9.06932972768022e-09)
(0.01661190530108911, 5.126681514746072e-10)
(0.08477649002446758, 9.665362851698123e-10)
(0.3638858105563907, 6.466503760799662e-10)
(0.8232438400919959, 2.780067131035039e-10)
(0.3345736002393975, 7.896957284971833e-08)
(0.9114988850083208, 4.900053231672078e-10)
(0.378979319173653, 4.1302182147906855e-10)
(0.9438877268291339, 1.0532325935481152e-09)
(0.3195423968483848, 2.944963515789734e-10)
(0.12023518422275253, 2.8422876539332975e-10)
(0.838007514908447, 4.533218412244166e-08)
(0.8458083876836945, 4.5082325162762365e-10)
(0.052620669479835194, 2.6934876580812773e-10)
(0.7068978853572394, 2.851435311197851e-10)
(0.44732974175533435, 8.918137390715381e-10)
(0.9136802968019887, 3.2549835453875326e-10)
(0.6451936924023768, 3.39862021745041e-10)
(0.3714823762170588, 2.6483702610100756e-10)
(0.14630285983554092, 4.689400227055862e-10)
(0.17160265183868872, 6.465478460684865e-10)
(0.2416212472875606, 9.681881952437179e-10)
(0.42426748274244325, 3.358862682354655e-08)
(0.3751139610803402, 1.7737717830810741e-09)
(0.5409466075940021, 4.399549976117979e-09)
(0.008714691869878485, 3.3346734921352936e-10)
(0.38499830610387525, 3.4750082463080194e-10)
(0.760300026057387, 3.061598033566265e-10)
(0.726056953595716, 5.489753617729069e-10)
(0.19109009992401707, 3.4088087054979445e-10)
(0.3811240523021383, 6.52579629372639e-10)
(0.9629488000814592, 4.990725041500537e-10)
(0.35521386287225615, 1.6959003208271627e-09)
(0.28852611457625843, 3.32377761006488e-10)
(0.025045020942811885, 9.143757314958407e-10)
(0.6607924953775665, 1.268169294432518e-09)
(0.18792803315777987, 1.0049476823759309e-09)
(0.3703826853698465, 2.866725372686858e-10)
(0.5361948623443843, 4.018522072105307e-10)
(0.6201881644880552, 3.381536211258579e-10)
(0.25827166468899027, 2.610582898737093e-10)
(0.5384108335248678, 2.695510412749383e-10)
(0.4028889032381849, 8.4528035884386e-10)
(0.49544944272010044, 5.569552846659644e-10)
(0.787824212933563, 5.0850607902711e-10)
(0.9368510325473974, 5.789459129903623e-10)
(0.3021104998259434, 2.799097414397753e-10)
(0.5284920491045849, 3.8691402343283737e-10)
(0.10018977116890533, 5.632154914438483e-10)
(0.8920123178737922, 5.742283812478882e-10)
(0.0687562840541288, 1.1056128295468242e-09)
(0.32424320437937115, 2.926974583263722e-09)
(0.694486448857252, 3.986637492471397e-10)
(0.027699247914168175, 3.219068687171155e-10)
(0.7760559998494575, 1.054590740900689e-09)
(0.5679585776568538, 5.366201513199601e-10)
(0.23749453256563627, 1.073574680555745e-09)
(0.6192162026477377, 3.0743678879556014e-10)
(0.22997616083489236, 2.878472496215825e-10)
(0.6878808542446837, 3.949830400938288e-10)
(0.5863202619925401, 1.2973450302274566e-08)
(0.47102072478037105, 2.3472317005412188e-08)
(0.047168484735437104, 3.027535808759925e-10)
(0.6021445042687502, 3.8337487533513553e-10)
(0.24356550434274388, 1.258989839189227e-09)
(0.11808867238123766, 4.817735222578651e-10)
(0.021955979243790676, 1.188395001666922e-09)
(0.6978756571338969, 4.0185386534401016e-10)
(0.9233972337894556, 1.0913935315345802e-09)
(0.025310843508627313, 6.174983134259959e-10)
(0.45696500294084297, 3.083945594600354e-10)
(0.08184634668775495, 4.655416998408632e-09)
(0.6949594728753629, 4.2316172325460444e-10)
(0.15844730253173492, 3.041425041509351e-10)
(0.8854749189499102, 2.659071310182734e-10)
(0.8734482544533058, 2.2201529355030585e-09)
(0.008593314064021996, 7.786240209070804e-10)
(0.6036844009908845, 1.8480793442657153e-09)
(0.44507741556533426, 6.613641815182463e-10)
(0.9630422658285352, 4.463691789926033e-10)
(0.5895232982994112, 3.1802506323948377e-10)
(0.17804574976876644, 4.388614567327075e-10)
(0.733446877802033, 5.30931694736451e-10)
(0.5197696257749133, 3.5191588445967806e-10)
(0.6858269633910079, 6.065031422517864e-10)
(0.9839208265796267, 5.657007502555028e-10)
(0.142685444343899, 4.690493394955366e-10)
(0.13086235292912, 3.2095915789482676e-10)
(0.5985767436110189, 2.983021772206736e-10)
(0.9883675661711363, 2.613542080069055e-10)
(0.3922369224831839, 2.6388767642432185e-09)
(0.9204543974913402, 3.374311691885446e-10)
(0.3681752216326292, 6.482760147292477e-09)
(0.09119906053283412, 8.728327038786129e-10)
(0.03165758493868758, 4.846672980159029e-10)
(0.9832606183439625, 4.5260386661210307e-10)
(0.22218743054126047, 2.5435535746570595e-09)
(0.2697045727831355, 8.51523868872091e-10)
(0.8654787300260901, 3.1783717380868904e-10)
(0.5981886665559195, 1.4454503223585297e-09)
(0.516616358467599, 3.2517578586281684e-09)
(0.7964318495074048, 7.99595944684634e-10)
(0.8316282982281843, 4.151941171436151e-10)
(0.7580700652407509, 6.354864115841158e-10)
(0.03193663074680901, 8.679190934378119e-10)
(0.15335395792187717, 3.4845871641095875e-10)
(0.7106737800692072, 1.8247392434908029e-09)
(0.5886495054037172, 1.6712241392643808e-09)
(0.1654525888245356, 6.691200956086802e-09)
(0.06355579278515314, 2.3621793674954717e-09)
(0.07726098023719477, 2.85763924323295e-10)
(0.4149482197551279, 3.0753826145898283e-10)
(0.4856275943427134, 4.105107267821386e-10)
(0.142106086135445, 1.440483710830744e-09)
(0.7910269140842247, 2.341188087563014e-09)
(0.46492832451983196, 3.5510296276325903e-10)
(0.22622522808613207, 1.363461509701348e-09)
(0.3282265047043032, 2.2683807348690574e-08)
(0.27580069405865865, 4.4310934046364744e-10)
(0.10020842025709072, 1.878740842866215e-09)
(0.5860508117286226, 3.923276885682784e-10)
(0.38301595023505053, 1.3834161986661388e-09)
(0.3801811566377977, 1.182886086230297e-09)
(0.36080517226127357, 3.232979180868811e-10)
(0.7452544742425249, 5.676258401961506e-10)
(0.7952721934041214, 7.565138745400969e-10)
(0.147372372559229, 3.7536818735962565e-10)
(0.8661680340429714, 4.0505354425354667e-10)
(0.671043667127413, 3.0897860434469665e-10)
(0.056326928308470914, 7.053899666926751e-10)
(0.9195149063545377, 2.7067640088090445e-09)
(0.10473809600123446, 3.923585033538757e-10)
(0.6539424023447626, 1.5204089783234202e-09)
(0.6512835142551089, 7.950377882761132e-10)
(0.6038451928409694, 1.9452544104177528e-09)
(0.88080803970122, 2.7604007724192895e-10)
(0.5589691967575192, 5.450126051792764e-10)
(0.8129113530204223, 3.4905530211609384e-10)
(0.04888090479967904, 9.677333065943895e-10)
(0.571975479339671, 7.125246541160998e-09)
(0.911468142137978, 3.2025597691152997e-10)
(0.889807590055859, 3.0684453469683064e-10)
(0.5727640475265282, 1.1065101572728455e-09)
(0.8282396709330647, 3.5306025364865387e-10)
(0.16322177498589194, 3.944977168612702e-10)
(0.9683278647387216, 3.506236978569791e-10)
(0.03024724599871564, 9.701771367481854e-10)
(0.6184025547702507, 8.041818065736307e-10)
(0.5351498991106577, 1.2433055477321813e-09)
(0.6116148407413022, 1.3260179282463533e-09)
(0.92564170972319, 3.0576177465456424e-10)
(0.17749009250163653, 7.494521279440987e-10)
(0.29299502720410503, 5.879704466437589e-10)
(0.9548703703532169, 9.978487940984343e-10)
(0.9385226261661382, 3.136182272300948e-10)
(0.09598698613066273, 5.461323005197433e-10)
(0.6880231166255774, 2.965755189665993e-10)
(0.2140184932986269, 2.8574509048774913e-10)
(0.5351487198404479, 4.403548424214967e-10)
(0.7086692514176051, 2.9084815815310024e-10)
(0.7056146395294, 3.5908438959272504e-10)
(0.6602592908488172, 4.3292984527686615e-10)
(0.9460888987146324, 6.7955638972981e-10)
(0.3064746027999953, 4.598148362418271e-10)
(0.42719566855881597, 2.5965477866612864e-09)
(0.48119598022161625, 3.100060860394825e-10)
(0.4292852695134187, 1.1465402543974711e-09)
(0.08234288084011183, 4.789886654476048e-10)
(0.26369693005234013, 3.129293261518833e-10)
(0.5119358713939488, 3.776906262915471e-10)
(0.4008764490992533, 1.3203679450637013e-09)
(0.23505202222118712, 5.124982269786627e-09)
(0.607773850291056, 3.0758927038449617e-10)
(0.3157788791001981, 3.000121621762276e-10)
(0.1516469772838741, 8.626681633537675e-08)
(0.7285717876731701, 4.0391949826800176e-10)
(0.3127419951301718, 1.9965712050413393e-09)
(0.5918938006919489, 9.026211136968017e-08)
(0.7953405279172617, 5.511798976083328e-10)
(0.005788899737226172, 6.214618669466e-10)
(0.7329170715845815, 4.186114354902465e-10)
(0.3336123188335123, 7.978556483602353e-10)
(0.9478720025691715, 1.667785720132068e-09)
(0.22832956706714905, 7.510107138493438e-10)
(0.2954081790991718, 3.906174636265233e-10)
(0.9483083360295794, 4.5266408019853513e-10)
(0.5145596462386043, 5.129193430813332e-10)
(0.4275430008228976, 8.680293386466601e-10)
(0.3146040321730018, 3.1927604415056075e-10)
(0.8106017961694352, 9.975706208465643e-10)
(0.4878553016059867, 2.832134485423243e-10)
(0.9866352767350132, 2.0130338024244213e-09)
(0.6365900501788608, 6.583850683043897e-10)
(0.9870742273045047, 3.0436514802311874e-10)
(0.6650829156811079, 1.3987871350867827e-09)
(0.10787265597720586, 4.0372661993106763e-10)
(0.8848561092060658, 6.236779710661545e-10)
(0.5312579522479052, 6.213800016072934e-10)
(0.6796333844154114, 2.3211189292819943e-09)
(0.5550745548443997, 3.7753717936337794e-10)
(0.7727101372934635, 8.566453736930161e-10)
(0.8968368262907614, 3.150078236730836e-09)
(0.7149244417702579, 5.60722706160693e-10)
(0.020895232784859493, 3.9023932817159985e-09)
(0.7776297709747146, 3.11860533596446e-09)
(0.8159661196810173, 3.815195289944349e-10)
(0.9816526416190272, 3.141410530478684e-10)
(0.26221300879035864, 3.85962429399406e-10)
(0.33192984197160375, 7.105392797981543e-10)
(0.2863295695869519, 7.751308671686739e-10)
(0.0001984794037675881, 3.8460108444357485e-10)
(0.1845006906190592, 1.8446176056180546e-09)
(0.0505846224774135, 6.56855718886381e-10)
(0.5380676410050859, 4.0178766242336083e-10)
(0.07183580066788663, 8.786205924596883e-10)
(0.9146139906429247, 2.5729114077664443e-09)
(0.11917919925020659, 5.79366700619602e-10)
(0.9346283425091548, 1.1272018052920651e-09)
(0.4982653442270579, 4.1476488559395277e-10)
(0.7084254826994589, 4.452916791117066e-09)
(0.4626805429247135, 1.8291245074373586e-08)
(0.7297115543130656, 5.26484664243938e-10)
(0.3353802599637111, 2.6461362801340305e-10)
(0.8369899864535785, 2.804456891556347e-10)
(0.2558958386496904, 3.230662211141141e-10)
(0.5921189126933073, 2.69053832880471e-10)
(0.49167901138431575, 9.833211493583442e-10)
(0.993381782979103, 6.986137724267941e-10)
(0.8405226409645923, 2.950836813724723e-10)
(0.3965516341674945, 5.210984502102694e-10)
(0.008375380526631039, 2.6482917597023374e-10)
(0.8653617881676022, 2.5529126556000364e-09)
(0.5723059137433781, 3.160809127937405e-10)
(0.34922985718582883, 4.925452363997983e-10)
(0.29304448422316826, 1.409260533592411e-08)
(0.46426907125133743, 3.255081554522156e-10)
(0.8324744947788818, 6.847982345771399e-10)
(0.5182515351715337, 2.6898515069977264e-10)
(0.42427837142890235, 4.1932135774874273e-10)
(0.8994040146320714, 1.0587441891696168e-09)
(0.2566736723813285, 3.372614065999518e-10)
(0.004306249176132996, 3.4190766219399366e-09)
(0.004888906410441721, 1.0361465078930944e-09)
(0.813603976285795, 5.152957419888837e-10)
(0.05497240431869153, 3.091556293131683e-10)
(0.9862463517194394, 4.70782615651385e-10)
(0.502208148218183, 8.055692003360114e-10)
(0.6894450496391477, 3.628141991644285e-09)
(0.39374129578370687, 1.5268573757016566e-09)
(0.545575685905407, 9.796791386458451e-10)
(0.3844980680665639, 4.50240039619458e-10)
(0.8226913000065526, 5.489761162458334e-10)
(0.32267045173336817, 8.52795720319657e-10)
(0.6089587288612429, 6.800653687154581e-10)
(0.4093168937230223, 1.1445073000554273e-09)
(0.19127098416453067, 7.469351802938816e-10)
(0.14431105550662512, 2.821674514318324e-10)
(0.8876281788359616, 6.844244273437103e-10)
(0.1534604191543286, 3.659485856380246e-10)
(0.5647548321032188, 1.7607740564492218e-09)
(0.6564279896552407, 5.368102623137865e-10)
(0.2663525043675877, 8.664940903917331e-10)
(0.21596472420542423, 3.812278501400233e-10)
(0.13338326945416465, 4.621676205535136e-10)
(0.29949012644096656, 3.25635883315036e-10)
(0.4399654352806296, 8.414567831539669e-10)
(0.5161899423745285, 3.012782617840657e-10)
(0.24617252161292236, 3.830651768899893e-09)
(0.7324778756651842, 3.1289607702225804e-10)
(0.6084914544263859, 5.920135075955592e-10)
(0.45486844549828964, 2.924233655261156e-10)
(0.4262174799129473, 2.8844162305039986e-10)
(0.0019042553398226718, 8.064539682929847e-10)
(0.5111208329012549, 2.217839498956966e-09)
(0.5455928789489746, 1.4204510667702082e-09)
(0.44793984256899466, 1.0922851691873357e-09)
(0.6295010771090356, 4.5786749854100573e-10)
(0.2225919755761783, 3.1592844982128606e-10)
(0.25002098338032025, 4.518363505763509e-10)
(0.9276500006987383, 2.8954322814676696e-10)
(0.40415108763747337, 3.2409446657237005e-10)
(0.6434324976279308, 3.302750028242937e-09)
(0.290857910442519, 4.6225253915470297e-10)
(0.584760075535444, 2.6721878992035576e-10)
(0.47666599393215425, 3.5894392139014665e-10)
(0.5543692365322609, 9.7594874754191e-10)
(0.6366272245460814, 1.5215331474895401e-09)
(0.9220174824215087, 2.6480621651041255e-10)
(0.11271689207710053, 1.7366582691118649e-09)
(0.47950050035845315, 5.749571651352769e-10)
(0.13096348704127764, 8.764953107763204e-10)
(0.19806145961671026, 1.0461205118033583e-09)
(0.4241661680975285, 6.232192328548878e-10)
(0.6599649224047178, 7.28851259753157e-10)
(0.7447658619884685, 1.2411454789801735e-09)
(0.4832855253579835, 3.8465266286898685e-10)
(0.29547730720131743, 6.073382869110447e-10)
(0.20145984386562635, 6.039805161597966e-10)
(0.9985537679094116, 7.293022716380775e-10)
(0.8406128076554586, 1.0505331641041258e-09)
(0.7127579651054615, 1.0646803482607924e-09)
(0.605223854906953, 3.1956653467098693e-10)
(0.5742462948586559, 1.1992983107980176e-09)
(0.9878695081223018, 3.867706501235276e-10)
(0.8036092210156603, 9.762925750128376e-10)
(0.6286011432089137, 1.0979797926462772e-09)
(0.9505374049288857, 2.667354806570006e-10)
(0.4036714520236466, 4.921542795212164e-10)
(0.8151184911470216, 3.069700696381335e-10)
(0.7835675419392722, 2.7530147736560115e-09)
(0.4316672793669326, 3.167666100793525e-10)
(0.0624675342559895, 3.3384372669789895e-10)
(0.7834901376635612, 7.99582869972344e-10)
(0.3001383656817838, 6.513125136663702e-10)
(0.4003142155893765, 3.7613794873245885e-10)
(0.09612231072997059, 1.6518472074966235e-09)
(0.9742831863176439, 2.713518371936423e-10)
(0.3127220632567446, 3.543117557259992e-10)
(0.38795537301649285, 5.415789374300643e-10)
(0.23290298144826474, 2.661747893286538e-09)
(0.3736201768408289, 4.0911595806906957e-10)
(0.5725717281332052, 5.199362655057508e-10)
(0.8895693573174724, 6.155945671631393e-10)
(0.12265810387231409, 6.376279924298293e-10)
(0.6702717104934038, 3.1658768687824346e-10)
(0.7488335679108752, 4.118192165579264e-10)
(0.519342916259952, 2.9755156073048914e-10)
(0.12407401503995455, 1.0762119864029364e-09)
(0.022110566671052333, 1.2942816808232532e-09)
(0.48620724550156647, 8.404586220298147e-09)
(0.7223556617418699, 3.737002786115584e-10)
(0.24620577583333864, 5.271810657472255e-10)
(0.41315517348289627, 7.201394623734562e-10)
(0.5891990012738426, 6.245181197464861e-10)
(0.06683152634113942, 4.1198576450429997e-10)
(0.1370925836696986, 9.2911574512688e-09)
(0.8499787038117875, 2.902750473886577e-10)
(0.12086740300278004, 3.296931390185399e-10)
(0.5995918526233112, 6.693271193876819e-10)
(0.7153305984088631, 4.126666993174158e-10)
(0.6888139830528931, 4.20475184906821e-09)
(0.18673275585460852, 3.53995057918285e-10)
(0.879531812946999, 6.163228059619296e-10)
(0.45479183656621847, 6.888216703135194e-10)
(0.8375026474732238, 4.189009439843498e-10)
(0.8484343208505232, 6.35869152357364e-10)
(0.12176622941111266, 2.9988542442804113e-10)
(0.1910499018925978, 8.870206033176704e-10)
(0.06791885335305917, 2.9236536671664e-10)
(0.3559401641382538, 6.617326034112673e-10)
(0.31110433359407236, 8.876770040677216e-09)
(0.10640362055074877, 8.94193899695347e-10)
(0.3986034173124139, 3.358473010632434e-10)
(0.1967307776291695, 6.407609739889304e-10)
(0.9621555715521196, 1.7003952350278822e-09)
(0.2570905896569256, 3.611044696089879e-10)
(0.5244707666552925, 9.757478944378428e-10)
(0.8009314137199584, 3.5881269475575195e-10)
(0.1631039908193486, 5.80058678675364e-09)
(0.05184125473378525, 2.937166786682648e-10)
(0.9850178866900806, 3.264003121589671e-10)
(0.5097491357221369, 2.243431941477577e-09)
(0.9990337647793676, 4.4117860935562453e-10)
(0.7232972374641773, 4.895133412691523e-10)
(0.6053030244831965, 3.7816244876039553e-10)
(0.6346633742286454, 2.7448904086386174e-10)
(0.9547402648895256, 7.765324484753081e-10)
(0.9382358603510343, 6.333703709503156e-10)
(0.50361086232798, 2.8540724917283557e-10)
(0.7154453406843206, 1.783001983291036e-08)
(0.7909627826382322, 5.82825474221621e-10)
(0.019772391117772414, 9.060885214832653e-09)
(0.967475564633615, 4.682306767938478e-10)
(0.1737412962472158, 6.387457665460316e-10)
(0.7409375091205611, 2.909435912497479e-10)
(0.5642809005715261, 8.339137614705847e-10)
(0.9557204033134116, 1.9615710076072254e-09)
(0.04667794538817484, 5.49580404385184e-10)
(0.38116754807269754, 7.415722628715596e-10)
(0.5301675920925346, 3.407342079294572e-10)
(0.8468375981378838, 4.2026794155484495e-09)
(0.8078862836117354, 2.7903276623973325e-10)
(0.4234258596340565, 8.659977115564813e-10)
(0.5210875745414698, 7.024753118218846e-10)
(0.08075377620373309, 3.6383801950985633e-10)
(0.8465376462618538, 8.931614321268673e-09)
(0.752062099753628, 8.015237755088648e-09)
(0.21898038701094655, 1.3762002414410602e-09)
(0.034840796580411025, 4.48997720518746e-10)
(0.3382929143589025, 6.079161907424403e-10)
(0.053838358822411725, 5.693405431639331e-10)
(0.7665680150401033, 3.8022565040024995e-10)
(0.8038842546316853, 7.479413260384337e-10)
(0.9339119262844895, 9.065896479705981e-10)
(0.832849576746923, 3.3256677107566433e-10)
(0.8612998186705435, 1.5675985539120674e-09)
(0.818288408991243, 3.561219909941489e-10)
(0.17027006740514103, 3.7208202950181467e-10)
(0.3557389776397428, 7.333154824173078e-10)
(0.651355518386348, 5.582721506309528e-10)
(0.007922597375315832, 1.1472498543653813e-08)
(0.27893134934398117, 4.714779180149294e-10)
(0.4531989629450921, 2.646624444293871e-10)
(0.9034334356542368, 4.3078232488146657e-10)
(0.04032304367346744, 4.55135415410412e-10)
(0.9045979991112388, 3.8556468070349716e-09)
(0.27294676333301243, 3.299553500469536e-10)
(0.3308836161834743, 1.9726506956883666e-09)
(0.08863239530609501, 3.414408454029429e-10)
(0.4874037160852459, 5.70239466300822e-10)
(0.48278197129096206, 2.7687419880290116e-10)
(0.6347165406729561, 6.705296955253498e-10)
(0.17074312039755019, 7.951642652585851e-10)
(0.04115135045756465, 8.887309228554517e-10)
(0.09908858940615062, 2.6613890610100547e-10)
(0.06683046420943413, 3.033389831016681e-10)
(0.11759903417788574, 4.5684036858401624e-10)
(0.24515722884459126, 6.89112619038196e-10)
(0.03251616026333766, 2.2592289103338515e-09)
(0.49015060480777006, 3.65735682409442e-10)
(0.14740543756462035, 2.9660784520877014e-10)
(0.9185803090302225, 4.55753716071877e-10)
(0.047142176327457444, 2.864920633325215e-09)
(0.36195888133245635, 2.6612777427674073e-10)
(0.0488580595180072, 6.345359289926817e-10)
(0.7209899242044275, 2.8906879195451674e-10)
(0.7154554244313835, 6.202156318606294e-10)
(0.39943725205135944, 3.168729313296804e-06)
(0.49879255405872835, 2.9732247699293026e-10)
(0.2951617997797283, 2.840354127296505e-10)
(0.5985636746007732, 3.993837422685838e-10)
(0.3898754462265299, 5.189975192563918e-10)
(0.19020325772493887, 1.0587231451357847e-09)
(0.34601521069696695, 2.6451774669854846e-10)
(0.2847516832710706, 4.4401031373507547e-10)
(0.4556254018051321, 1.521537490351815e-09)
(0.6009386735131408, 5.641791799356107e-09)
(0.4240322120147465, 3.3974260971482137e-10)
(0.5986394610470994, 3.737944428714387e-10)
(0.9547648707998762, 6.669158659032746e-10)
(0.7319101029965086, 4.4086739550029075e-10)
(0.6165491164585578, 6.982028600798757e-10)
(0.1406210098694664, 6.614947733336759e-10)
(0.36397840203368825, 3.1180554190667377e-10)
(0.20223248611743386, 1.653704454339477e-09)
(0.9033337197435152, 3.82176426389382e-10)
(0.19316426598875186, 5.787051288976455e-10)
(0.20123788233100592, 3.257570045793354e-10)
(0.08920197658161584, 4.294731723042038e-08)
(0.19555961796089683, 4.0743129834009156e-10)
(0.48601053250741333, 2.697738548477828e-10)
(0.292852423862132, 8.593947186485548e-10)
(0.4741069294060339, 4.230576589200905e-10)
(0.09347557606982884, 5.943199493589475e-10)
(0.23932010780334148, 3.076446683289991e-10)
(0.4692614478403464, 2.8042984849472375e-10)
(0.19639485836714304, 8.345222473797965e-10)
(0.1537388086458576, 7.875131374963848e-10)
(0.8124132632098685, 1.6626999300550356e-09)
(0.12635975064674113, 3.613319718392945e-10)
(0.637475161618228, 3.77586384384127e-10)
(0.3125908513843481, 8.160270079527224e-10)
(0.43668939722684147, 7.31390101249569e-10)
(0.36271159146512655, 4.4498916228834756e-10)
(0.13988207341431516, 2.745826066960052e-10)
(0.9795145245300578, 3.231166422703524e-10)
(0.29642800674105785, 2.2817932610857997e-09)
(0.7026994234872989, 2.935500476480367e-10)
(0.5169036718569808, 5.66558202290461e-10)
(0.3014415197238215, 3.3287290275129805e-10)
(0.8683014947748757, 1.816497097978134e-08)
(0.6831458187085542, 4.8362433827163e-10)
(0.9916986822083897, 1.4314160539557524e-09)
(0.1587279698861365, 2.9151459258963654e-10)
(0.4453368591426096, 4.687801268623368e-10)
(0.508796580060122, 8.823499481623824e-10)
(0.8116405964294409, 2.887357750629431e-10)
(0.9097801633372616, 5.612885422304566e-10)
(0.9299395513208165, 3.2369011427997044e-10)
(0.21973248881704738, 3.025157785067457e-10)
(0.6968803209928417, 1.249550016827369e-09)
(0.07042189232832717, 3.322955785163174e-10)
(0.5825918549955393, 6.668774518473099e-10)
(0.8279731457458861, 2.1976196095561707e-09)
(0.9801859760796473, 2.703615554180428e-10)
(0.6266792330796852, 3.1161696257762746e-10)
(0.5886048971385368, 2.6386932650696284e-10)
(0.4499966705954528, 2.870376127906544e-10)
(0.008339246459337339, 2.844455155675511e-10)
(0.0022427161129438917, 3.2293516437612404e-10)
(0.4200743481239984, 1.3906220664598446e-09)
(0.3690971916021776, 9.084506510540278e-10)
(0.26583591934143874, 4.980681520566751e-10)
(0.08341819588194722, 7.989431496475002e-10)
(0.2251228966306547, 1.877522260667114e-07)
(0.9318736053458854, 9.961474169583392e-10)
(0.3902764895208431, 5.502838645220925e-10)
(0.05273988727008521, 3.644481559838076e-10)
(0.7240189201188649, 4.2663349606771565e-10)
(0.5749363127375181, 2.5545369403867344e-09)
(0.20668459028621936, 6.355696307342013e-09)
(0.7023667667468448, 5.668884447957238e-10)
(0.5159835902390405, 6.093386656988896e-10)
(0.7187484407081494, 3.0212041791927364e-10)
(0.9884245946581633, 2.604527891756345e-10)
(0.7336750223326165, 1.0545480244791004e-09)
(0.12886091049362486, 3.119562722502205e-10)
(0.029537454022657474, 3.821189052355502e-10)
(0.10156240221118934, 8.329538834442545e-10)
(0.7712885581609545, 1.4475108225205647e-09)
(0.8172165779580519, 7.435524080584131e-10)
(0.9782928996523912, 1.262110812029489e-08)
(0.29928153972409216, 3.0696766088290596e-10)
(0.7735894171776956, 3.442465138037947e-10)
(0.39868581782329066, 1.2726144819418076e-09)
(0.5111221080539937, 5.743629284763491e-10)
(0.11733075632864082, 6.280018659419307e-10)
(0.573772011903291, 2.8858468232983925e-10)
(0.03573883907028508, 3.5363639403892175e-10)
(0.5411021122430723, 4.214807254562501e-10)
(0.05148142230578711, 4.937501084456853e-10)
(0.54684895655816, 4.238570921029757e-10)
(0.15606418200268352, 1.0272442026687179e-09)
(0.9521627631560992, 3.320523938817404e-10)
(0.7669073655086381, 7.715665709143002e-10)
(0.937055837565976, 5.345231430144942e-10)
(0.509327816549549, 6.224534047789205e-10)
(0.5844639168272386, 4.2236367299680054e-10)
(0.34553441188310413, 3.216601286848541e-10)
(0.9548011088917957, 5.401841072888513e-10)
(0.061630915942265795, 3.311453277429326e-10)
(0.21616428600906892, 5.967331995766808e-10)
(0.2065741430966144, 1.735967448303345e-09)
(0.33757212014835325, 9.1142402263732e-10)
(0.5167950967419102, 2.815054776913905e-10)
(0.25330447988100896, 3.320079619526717e-09)
(0.7772657564039216, 3.9200942691867624e-10)
(0.02364609419040219, 1.5687934274166987e-09)
(0.7523342341689111, 6.634633767843809e-10)
(0.07485285296078222, 1.6929181357529768e-09)
(0.6483743244416912, 3.788097228699284e-10)
(0.12074175224154216, 2.7890949592271676e-10)
(0.07042005127768872, 1.0333397000367063e-09)
(0.8133994998908132, 3.524187465741585e-10)
(0.7755262083570066, 1.5381577769826021e-09)
(0.35079276488289624, 4.055109864640559e-10)
(0.14007631387135053, 5.409803556276639e-10)
(0.7424788688138542, 2.7127431587973334e-10)
(0.3184705414895392, 2.659356510194807e-10)
(0.9135480084842561, 1.1048113110984604e-09)
(0.12315951207491797, 4.253517833908736e-09)
(0.2550286387487684, 8.675545804544642e-10)
(0.26179211157024285, 3.962248126309235e-10)
(0.6393264445259521, 1.0558770059714284e-09)
(0.6400969250719811, 1.1874136800690892e-09)
(0.9337222134345664, 3.332287977809908e-10)
(0.11867080365940702, 6.255462635938151e-10)
(0.7026879840355467, 8.645884410498005e-10)
(0.17187049225686055, 2.7486694403453567e-10)
(0.11355563845823058, 5.05077662241891e-10)
(0.907482161920313, 4.3551076040934506e-10)
(0.6944748907476482, 2.7807269998451966e-10)
(0.7969372464550875, 9.489919659343985e-10)
(0.2773807516566507, 1.6551931528331845e-09)
(0.3446481170440208, 6.178351440421833e-09)
(0.024507098889198917, 5.430178041985338e-10)
(0.778228308637285, 6.324645149226558e-10)
(0.8037146121170614, 3.263111243103287e-10)
(0.5986992095078361, 6.286766680023855e-10)
(0.9423468477968122, 5.002334161342205e-10)
(0.17262815217084695, 2.7564740152085595e-10)
(0.573128552559278, 8.664907073951702e-10)
(0.8403955606660606, 3.2062965484158773e-09)
(0.7925760309091493, 3.62427785289953e-10)
(0.39245690763343943, 2.6562002052862217e-10)
(0.48391481327289226, 1.2056995893409679e-08)
(0.6986618328773273, 2.8586408497666005e-10)
(0.8188055534422186, 2.2535795814168824e-09)
(0.14416096454564545, 5.239508009377415e-10)
(0.404010209563598, 3.4605544669362104e-10)
(0.9264754637190343, 4.0063269997895934e-10)
(0.34155430429216477, 1.0159484019566394e-09)
(0.26014349162138506, 3.6922071835900715e-10)
(0.9212812075368102, 5.542503657026573e-10)
(0.23487056668954637, 6.040228901353127e-10)
(0.015547074904972107, 1.101325518527303e-08)
(0.2108044812185584, 3.20431575426748e-10)
(0.41726618510136093, 3.467369910036141e-10)
(0.964141186591023, 8.24542116004664e-10)
(0.10819915910434365, 4.809549613129967e-10)
(0.026946770532924425, 1.251413278671181e-09)
(0.011271893890149466, 6.937421157987426e-10)
(0.7285043805398596, 6.237556683571849e-10)
(0.4236096119432991, 3.9149380858810736e-10)
(0.3807820141085451, 3.9488627109575804e-10)
(0.9884568857060849, 2.834269493618042e-10)
(0.26994948784327927, 3.285696483443257e-10)
(0.4208917948414234, 8.760794862034968e-09)
(0.9481237784691712, 3.844954747782169e-10)
(0.43436566223717593, 1.0786295568623862e-09)
(0.8542958502162266, 5.145319040292456e-10)
(0.7432460825271847, 7.711088233705689e-10)
(0.9796122899414318, 3.899378787726342e-10)
(0.44459032395188075, 9.642913139320721e-10)
(0.28914639851793594, 3.9247588692576326e-10)
(0.3310772982254076, 5.9749065665255e-10)
(0.3163164858412643, 2.6957158962104936e-10)
(0.9934404226175498, 9.186153608291238e-09)
(0.07254259448176308, 3.510331828838401e-10)
(0.37485453324995344, 3.409485139176006e-10)
(0.12702897493698884, 2.2475003841070846e-08)
(0.8034340878790887, 7.410643429091137e-10)
(0.9814293953400174, 1.06831854545398e-09)
(0.9809429615095142, 4.0490768897263475e-10)
(0.0650874540992248, 6.723584676176741e-10)
(0.9879416198329655, 6.399309075516784e-09)
(0.3431797164769921, 4.853295276296307e-10)
(0.1640918918061131, 9.820617400274602e-10)
(0.6514440214347282, 3.249280139629608e-09)
(0.11747941824708326, 4.540499934159634e-10)
(0.2683374745661749, 8.11146754683267e-10)
(0.8016205175617989, 4.0170246231281836e-10)
(0.709419073551092, 1.02400268822955e-08)
(0.9490016008739581, 1.2837866294364192e-09)
(0.3646865657422284, 1.4207745649543008e-09)
(0.2921152954720649, 2.729059275281281e-10)
(0.9904341622747095, 3.558681925553966e-10)
(0.959379023349084, 2.836986880402106e-10)
(0.17577243886694252, 3.962091949843881e-10)
(0.8710741156522565, 7.729792711371581e-10)
(0.3483760220426271, 1.2621658792950697e-09)
(0.22458060536247654, 6.661230821652253e-10)
(0.9723361877372009, 8.895279510780732e-09)
(0.7547411609862277, 2.8109230078681273e-09)
(0.44734024293342456, 2.1066221029104984e-09)
(0.12890922105851715, 1.6397522092713912e-09)
(0.6383080752101105, 3.6882219412763463e-10)
(0.5142725958980948, 3.484876201474242e-10)
(0.22691532797939915, 5.165580445395956e-10)
(0.9127611596222746, 3.3086694402961225e-10)
(0.7491820366437155, 4.4610046106496595e-10)
(0.11868279131522759, 1.4041806851102378e-09)
(0.8830279101392472, 3.2510675215273033e-10)
(0.3206998974964627, 6.14515641883456e-10)
(0.5813064604215542, 3.1663678686272254e-10)
(0.6560774068749321, 8.116784402405064e-10)
(0.7349820337597747, 2.840729606267566e-10)
(0.9666113955791494, 5.987889246380432e-10)
(0.5217748194775936, 1.2606040296674866e-09)
(0.463691950172728, 2.692578915470819e-10)
(0.18952178510224, 4.0028470579738015e-10)
(0.38202548699705485, 7.077833299998674e-10)
(0.43037772807558616, 3.8769557031234167e-10)
(0.1964481802480392, 6.385149331026534e-10)
(0.9787708440217462, 2.965760199465355e-10)
(0.15981515155580292, 2.6358077563347324e-10)
(0.3147858400899156, 8.345462456318518e-10)
(0.5846667156513933, 3.7529522046142104e-10)
(0.15588588536697792, 1.281133053127366e-09)
(0.5088978296940392, 1.2720217987938456e-09)
(0.8744988629913705, 4.4768042746492557e-10)
(0.7577265333695293, 6.126263172691076e-10)
(0.06131768673548487, 4.5174851891686033e-10)
(0.670035565858849, 5.406566416853595e-10)
(0.10748669416462438, 6.34664473052032e-10)
(0.22831961210134466, 2.998088024028581e-10)
(0.5944731007891026, 3.407332525416678e-10)
(0.8457771596538692, 3.667995034897012e-10)
(0.7140972445591128, 3.4808971124693293e-10)
(0.9457485257763036, 3.3418965896659343e-10)
(0.5074704885595168, 3.271270830846312e-10)
(0.7260248036777158, 3.747338295490091e-10)
(0.6900669705777509, 3.580781718965963e-10)
(0.16558017230836672, 5.488656306071073e-10)
(0.009991630053093623, 2.64818462304129e-10)
(0.4262378975619074, 5.385624668709346e-10)
(0.3106208160155732, 1.2649458598498516e-09)
(0.9924103379821975, 2.705644311807218e-10)
(0.5333685930739418, 6.580260538500478e-10)
(0.9541714397502441, 2.6453639083373226e-09)
(0.6251387419822502, 9.050684098817895e-10)
(0.8783875313355878, 2.45912868599446e-09)
(0.9610574429558334, 5.564927684703946e-10)
(0.9902543345180771, 3.9782929183718686e-10)
(0.2763303091040345, 2.642995467852719e-10)
(0.7769446261747686, 1.6116365657224758e-09)
(0.18240817648354332, 4.845819569235353e-10)
(0.3483968486456767, 3.035767998758105e-10)
(0.7935857214924434, 3.6316423434490264e-10)
(0.32996056019553577, 3.9424759917737676e-10)
(0.6501113070155773, 3.208546577176302e-10)
(0.333358846961282, 8.260651388563372e-10)
(0.8845043869685961, 1.677212635630156e-09)
(0.23204590408390185, 4.0860264315450955e-10)
(0.25727538923998944, 6.22206899514381e-10)
(0.09240361761157652, 3.7630821080658997e-10)
(0.6306642277566692, 7.161561383818762e-10)
(0.9960943591825268, 5.156180983884542e-10)
(0.03351021759152368, 8.113621949664582e-10)
(0.37081448831139224, 2.8841131733541956e-10)
(0.8131280870440558, 9.858005526086419e-10)
(0.9414827258902398, 8.877905813285848e-10)
(0.40097725706343507, 2.560546596744513e-09)
(0.23873570772765718, 8.999334961611738e-10)
(0.04255329818829347, 8.963101839449479e-10)
(0.1768816860797567, 3.187902831608883e-09)
(0.8300432134137978, 7.278385033892095e-10)
(0.6159723731744239, 5.692524917909293e-10)
(0.6752289849383103, 2.794145718634525e-10)
(0.9117663894337179, 3.862539727705555e-10)
(0.07575274623920988, 1.895462074994865e-09)
(0.7242155153078184, 1.4836767373245883e-09)
(0.8676834467321282, 7.842600762454961e-10)
(0.2857128284667151, 5.854008917182748e-10)
(0.9646427188647339, 2.67400947482056e-10)
(0.2040560003872323, 3.3930586952829126e-10)
(0.09222907443742681, 9.530127614984758e-09)
(0.42241991386424904, 1.4040693665230593e-08)
(0.9719774379242727, 1.564398230057107e-09)
(0.09971934639378774, 9.309587669259614e-10)
(0.4014613972244963, 8.915592126851917e-10)
(0.518063125287181, 3.130959259912308e-10)
(0.984091525580632, 5.244686012574227e-10)
(0.7344283664134309, 1.0896020820705813e-09)
(0.5181004111022571, 2.604862082004721e-10)
(0.10012677007671622, 4.221910276667102e-10)
(0.9501711048182169, 3.198168678723057e-10)
(0.08891016655672208, 3.544459698714499e-10)
(0.9048798598930212, 2.059875210040284e-09)
(0.9202171862326911, 1.4491896019851978e-09)
(0.0011028710625933878, 3.4259294864386594e-10)
(0.34907911191071955, 3.66793775564683e-09)
(0.8146494981934038, 7.43423133116126e-10)
(0.7225469076633119, 4.0360034200555817e-10)
(0.9858548624477376, 9.629743317129178e-10)
(0.06719412318305114, 8.009645080703101e-10)
(0.5966020104638763, 3.518076085974859e-10)
(0.6946874037538633, 7.572284360586038e-10)
(0.08255735144496754, 3.1556068128330095e-10)
(0.5959249413903247, 3.366208251449908e-10)
(0.13539869025103862, 3.0625940303115455e-10)
(0.8376643283756565, 2.7552561183536015e-10)
(0.07105244826860946, 1.2475165243069624e-08)
(0.47315605360034163, 2.6508543048892487e-10)
(0.9532622936841276, 1.7622409569703946e-09)
(0.08974551535053793, 2.8952237320132743e-10)
(0.8075827498572928, 7.711052877477169e-10)
(0.3942451070650511, 7.931738931527804e-10)
(0.713612776930033, 4.5376007027245964e-10)
(0.21086712510727676, 4.6008057031001347e-10)
(0.7676605906805307, 2.7072463202508865e-10)
(0.9884841565834122, 3.484709842497603e-10)
(0.11316733018698558, 7.716618417808838e-10)
(0.6053160846390506, 2.6564288496670433e-10)
(0.2902407464818297, 5.593108351578764e-10)
(0.6637902942511404, 4.795754199400655e-10)
(0.14804976129909203, 6.71877193698716e-10)
(0.8182166928695399, 6.481388981973016e-10)
(0.5343532330517495, 4.913238835196345e-10)
(0.6791123120862095, 5.571040055282063e-10)
(0.820765059810552, 5.376006810350641e-10)
(0.9042870252245665, 8.654930420617214e-10)
(0.768055090527868, 2.9084144382421154e-10)
(0.2923047947617891, 9.95821529030146e-10)
(0.7708712497147001, 5.373665933389608e-10)
(0.8847132964411256, 1.1220282814373902e-09)
(0.1613444730505724, 1.3412814681970574e-09)
(0.31640057607936084, 6.208140513979563e-09)
(0.6979510303749944, 5.259041299330125e-10)
(0.5774311881762721, 3.730239060788464e-10)
(0.7760456568843658, 3.63442014787797e-10)
(0.5038740768445338, 4.573192656499356e-10)
(0.5818832449751972, 6.704542629978241e-10)
(0.6823950401074415, 6.165511823876854e-10)
(0.6326655921510443, 3.00485315255954e-10)
(0.13979301613048428, 1.2737426830991752e-09)
(0.8020239189640656, 9.5072368085333e-10)
(0.402366448342236, 4.2794729478817094e-10)
(0.5801976764400562, 3.0686234112116163e-10)
(0.8652400642553837, 2.845047190499744e-10)
(0.8148601483351124, 4.820969627137046e-10)
(0.6893453028950527, 5.215575594000366e-10)
(0.7599500909651036, 2.3489288079794357e-08)
(0.3047112201550082, 3.9011161417526264e-10)
(0.22875790992530257, 2.921459165284851e-10)
(0.34067989478805577, 3.5244336055150567e-10)
(0.5983336632787197, 1.2341161323776845e-08)
(0.4465157279273898, 8.786410629497834e-10)
(0.8812209527818006, 3.1123055226454883e-10)
(0.9731331560761398, 8.257192398161009e-10)
(0.578322329145059, 4.096979154783513e-10)
(0.2485513017426735, 3.298339469849396e-10)
(0.3647410063702133, 3.42307059608466e-10)
(0.397841114566229, 1.2226198864494554e-09)
(0.3940873338072417, 1.1202481156001883e-09)
(0.47152505315262533, 6.416612457765403e-10)
(0.09518348556296054, 1.1170703192450481e-09)
(0.7117804188834921, 4.574550443009164e-10)
(0.1563154911794247, 2.9363737933394796e-10)
(0.40447022996952015, 1.2504096391069337e-09)
(0.014049345022457813, 7.864902521413935e-10)
(0.01986564513883395, 3.232326720120517e-10)
(0.9950563524316762, 4.128134167447219e-10)
(0.018837605985896195, 2.6045175952324334e-10)
(0.6870894751616828, 4.188528309558265e-10)
(0.18728569254146166, 3.4729004407013457e-10)
(0.9264733118696099, 3.3107742979125015e-10)
(0.5602181503912775, 4.130823418788106e-08)
(0.5929036964435288, 2.226734644602121e-09)
(0.6345910161418649, 3.196515868286871e-10)
(0.11522721522876209, 2.604341743306084e-09)
(0.5927425850209117, 6.672961760231791e-10)
(0.9570937961338554, 1.0298369584439229e-09)
(0.4326481282544874, 3.581715717064986e-10)
(0.9324061514692457, 2.8501104062675187e-10)
(0.18879510346743242, 4.672695769905069e-09)
(0.08452273218164762, 4.026518204137938e-10)
(0.43919907969074606, 4.645683909528919e-10)
(0.788874324672478, 2.809335130014265e-10)
(0.545926736838811, 2.870457585009484e-10)
(0.58309765520757, 5.5011307412981355e-09)
(0.012057646788984397, 2.8226216590596377e-10)
(0.467969540487466, 6.989568555779983e-10)
(0.4409236909293415, 2.946069476266085e-10)
(0.49262080825747284, 1.6513420976670974e-09)
(0.4081641454877846, 4.886786316215178e-10)
(0.6697574962276176, 4.364494039301002e-10)
(0.40813312723283807, 2.945699827842658e-10)
(0.9318112894893793, 8.262948495720291e-10)
(0.23275134731245717, 1.265071253514045e-09)
(0.4712093794846307, 4.966059510791887e-09)
(0.3957232506510518, 3.407008794141717e-10)
(0.1044362821785141, 6.345196677926636e-10)
(0.9571820946116669, 6.137024497043645e-10)
(0.09268181025028156, 2.69002480583276e-09)
(0.35874014010536553, 2.779037552740741e-10)
(0.7453723043904219, 4.6156012193353605e-10)
(0.9572746139080481, 3.0131790594494277e-10)
(0.8792558759938126, 4.124265184153904e-10)
(0.40060783649532167, 1.351336713876655e-09)
(0.5914730686294418, 1.2537692235411778e-08)
(0.5374852607262494, 3.7802577449956853e-10)
(0.9598587206886742, 5.262172556751769e-10)
(0.6006788008642272, 2.958603157478302e-10)
(0.2716518204578162, 2.719252019487846e-10)
(0.059153081444505574, 6.777820376324385e-10)
(0.44983550366945463, 3.4068190203589517e-10)
(0.2341148808540197, 3.0939302666355584e-10)
(0.6007239035385707, 3.1582895813484307e-10)
(0.4380263328930422, 5.173316018532276e-10)
(0.4943191087419566, 3.4196174257799236e-10)
(0.5046963080716355, 6.61165816116781e-09)
(0.8469585522024745, 2.3483665561877655e-09)
(0.2007286844478062, 4.48034803688893e-09)
(0.9729053769549257, 3.147213825584076e-10)
(0.3573576390108234, 3.504379657552426e-10)
(0.03587690825451173, 8.107027631507583e-10)
(0.2438031277776822, 3.66975071053726e-10)
(0.28214743741160453, 4.371103141365463e-10)
(0.3136944812004245, 7.225835200636664e-10)
(0.5042394241793728, 3.6845412132741556e-10)
(0.0686075865860772, 2.1636318647363153e-09)
(0.7636091829629399, 3.9686137251098126e-10)
(0.6931977417188423, 4.948057441497256e-10)
(0.06324057919102267, 2.710665400134914e-10)
(0.10747150599950905, 6.11534415971106e-10)
(0.4443577808516202, 2.0468025076471727e-09)
(0.06785021768949275, 1.3637252014993099e-09)
(0.017598078786130924, 3.4050166551310384e-10)
(0.9864695351020607, 2.838783279265886e-10)
(0.2561690491161605, 4.899906294740347e-10)
(0.974338353749218, 3.9573630002337786e-10)
(0.36248440390628356, 1.062935640637063e-09)
(0.9467434730189738, 3.5998327093189937e-10)
(0.0028469865556983937, 8.806043170271603e-10)
(0.06928735571311968, 1.0175608182753343e-08)
(0.0801868674030247, 5.791148294086253e-10)
(0.5785009008093355, 3.9288275562802236e-10)
(0.1486656710954673, 9.387024258966727e-10)
(0.1582773624041943, 6.104711117444099e-09)
(0.8762208508339784, 4.745244087317676e-10)
(0.11333678597339182, 9.737481968946202e-10)
(0.2653888885895605, 2.8089151369546055e-08)
(0.5640703187975227, 3.763486909016611e-09)
(0.015305298210266133, 5.392864217433324e-09)
(0.40618570953631217, 5.462603702670658e-10)
(0.9389148408256257, 3.8451219949184974e-10)
(0.9572823336708306, 3.340958270545506e-10)
(0.8277741525550801, 5.60689212788335e-10)
(0.15968528665866433, 2.466775479086816e-09)
(0.0014087595988243205, 4.16465904826402e-10)
(0.49495245015871736, 3.203457892274317e-10)
(0.10913122642782673, 3.1411942482867815e-10)
(0.9980248084995379, 3.1960208459414124e-10)
(0.3271264465923538, 4.150876423235219e-10)
(0.9453578009388249, 8.080257078979972e-10)
(0.6966772903709549, 3.8867714611792043e-10)
(0.7833558484808831, 2.616916157610659e-10)
(0.5955314503149712, 3.0945285922668024e-10)
(0.7451938201570477, 1.2991384916611545e-09)
(0.43784921568478596, 4.016529245543767e-10)
(0.023650987133723426, 3.5274141827899374e-10)
(0.607932972342817, 2.429906444100171e-09)
(0.19701528724344844, 4.88207120766883e-10)
(0.6462607959255955, 4.869018302272678e-10)
(0.2891047780913715, 2.939108644291255e-10)
(0.14588526492101456, 6.964586081372847e-10)
(0.10664702330818072, 3.973858518258473e-10)
(0.6967976339327954, 1.9933293350817575e-09)
(0.4699357251246916, 7.324366803264949e-10)
(0.2970313808369475, 3.6462149507765015e-10)
(0.47471148384780126, 2.8646262212228313e-10)
(0.719849514434392, 5.762742266059519e-10)
(0.22444482875279112, 4.678503639736185e-10)
(0.9028713052209507, 7.944964571799722e-09)
(0.948813701394409, 6.877218414468546e-10)
(0.36804935510844705, 6.758662322740119e-10)
(0.7459445162363569, 1.4470491244073735e-09)
(0.47082278392978183, 3.6634326521469454e-10)
(0.22572141404704146, 3.7020563073658307e-10)
(0.0046755459131708746, 2.807068072551233e-10)
(0.12971618480073172, 2.516819152605034e-09)
(0.07233125805022106, 2.673250782149637e-10)
(0.7064971555631742, 5.839123443812365e-10)
(0.20321635459899579, 3.436907292762537e-10)
(0.9165731663150858, 7.015419760372346e-10)
(0.3996040145412579, 7.003075675607221e-10)
(0.563988317133464, 5.26546579040116e-10)
(0.7915631703829951, 2.1839451800230446e-09)
(0.471021411566904, 4.737291490811077e-10)
(0.2467335417053789, 4.510302960033192e-10)
(0.36688383930699126, 1.2077182886041057e-09)
(0.21527943134566668, 1.6144650897347113e-09)
(0.8149247449921582, 1.3995835392666168e-09)
(0.8124163852573805, 1.0912594432298014e-09)
(0.10421705634565122, 4.691380786140888e-10)
(0.15345385385740087, 2.0089224660832425e-09)
(0.2220857247745314, 3.967917123890908e-09)
(0.7912811110154306, 2.686824286844362e-10)
(0.2834662511700162, 3.1362550269413175e-10)
(0.43565953391223805, 5.104224149702129e-10)
(0.5182525244206201, 3.645276763921174e-10)
(0.5042376961200049, 1.328008334885504e-09)
(0.2707255537601914, 3.765238439620563e-09)
(0.4764016296109836, 3.259707642593334e-10)
(0.19819400231365372, 9.749184300504082e-10)
(0.9114861461520523, 2.779058210981037e-10)
(0.7576595343201759, 3.530338403954763e-10)
(0.7216272073251594, 2.511505476960667e-09)
(0.5240056823334237, 6.240101548080173e-10)
(0.3083895276003682, 3.895662137546165e-10)
(0.5648043643195727, 3.908425989640606e-10)
(0.8105751818465482, 3.455132101146423e-10)
(0.9044416011341587, 7.235202217841518e-10)
(0.1766237687101166, 9.333256872561416e-10)
(0.5038143568579941, 1.203059995560553e-09)
(0.14060636843176322, 2.708333546882737e-10)
(0.34677056038819454, 8.094844051323452e-09)
(0.8818092943926605, 2.633390505556806e-10)
(0.3610357626404367, 3.9667282219822574e-10)
(0.5466882031915782, 1.4908316930785332e-09)
(0.7835209428713729, 6.910278818362508e-10)
(0.14361248160423662, 3.5115363372252784e-10)
(0.3193023657743186, 3.080043502121102e-10)
(0.5946770256462337, 1.2316911564748124e-09)
(0.7461305327522154, 4.461917537583375e-10)
(0.5006760838966333, 3.40356154866228e-10)
(0.510599620459296, 4.730003660244081e-10)
(0.4690937404667412, 2.691078140641895e-10)
(0.15258152485240017, 1.2885895522039984e-09)
(0.8103822199760714, 6.06952515238627e-10)
(0.4302863895287898, 6.792209551203403e-10)
(0.47311981737351577, 3.985083241135174e-10)
(0.1426030373170744, 2.8250705600207e-10)
(0.5970493465961884, 1.8071434275487648e-09)
(0.8566989072815455, 7.399473507699788e-10)
(0.5694770100111994, 1.685262064690364e-09)
(0.25082470576797816, 2.6754803744356055e-10)
(0.3107783457079695, 3.256106683621185e-10)
(0.6950757026512662, 1.8024318990206437e-09)
(0.17388557793145812, 6.789063697569698e-10)
(0.3267410522736688, 1.2483820251551202e-09)
(0.8459473021410419, 3.152336867278962e-10)
(0.756321302446725, 1.0844620025330474e-08)
(0.6956034687586187, 1.0955812634606465e-09)
(0.2235416843323475, 2.7022904734464845e-10)
(0.0981362493146989, 5.345617351858769e-09)
(0.5538617287396349, 5.164230923079906e-10)
(0.8913206730693597, 1.1778927184195378e-08)
(0.5702072994306893, 6.591812177616521e-10)
(0.47550258906846055, 8.641889408696273e-10)
(0.4766709848054687, 1.6275844454974285e-09)
(0.29691900039541924, 2.7086916583352774e-10)
(0.6599432094994707, 7.128064173305099e-10)
(0.7773375130819206, 3.0208655383611154e-09)
(0.03332553909619808, 3.4846365260047803e-10)
(0.0010936696794132785, 2.0967266010585686e-08)
(0.2262186094170038, 1.2106308075916428e-09)
(0.7149816772396177, 1.2859924042147052e-09)
(0.9450152188179888, 3.2424996444106624e-10)
(0.45892279572726175, 4.674463252000679e-10)
(0.5799460599481181, 5.857347241308568e-10)
(0.8107848493123578, 2.967761663953958e-10)
(0.142200789040518, 9.985294183217642e-10)
(0.9142879402933286, 3.928379669446383e-10)
(0.44394132580931395, 2.566765056351635e-09)
(0.05129095438268354, 8.976739233434656e-10)
(0.4323600934943547, 9.894754520518471e-09)
(0.4013019975457555, 4.1560011243817846e-10)
(0.9482091983161025, 2.7076598724470063e-10)
(0.2228361083811364, 3.0756929921195774e-10)
(0.6882324502097219, 2.2421961302774975e-09)
(0.5640545726603646, 5.651997059411164e-10)
(0.5822156062232353, 4.512066138585045e-10)
(0.323649592732055, 5.462917459417794e-10)
(0.6682324345294002, 6.543312395647772e-10)
(0.870687901644009, 7.297404098142956e-10)
(0.5847901306271125, 7.680895103418772e-10)
(0.9722003105074278, 4.1072783214170604e-10)
(0.5558139136223891, 6.336107727718241e-10)
(0.5941340882947068, 3.531110093476421e-10)
(0.3042668496381547, 3.154402248681851e-10)
(0.5349582352868709, 4.943584507611631e-10)
(0.7038177901391786, 4.892206847914157e-10)
(0.5501035325659542, 3.2129689014876633e-10)
(0.1502125676631414, 2.606152975212624e-10)
(0.07605597998067239, 1.794469306394069e-09)
(0.42531714248452945, 3.4088361163508096e-10)
(0.15335787363277625, 2.6797143584355643e-08)
(0.5847000842273296, 3.309788096663141e-10)
(0.1636624035450826, 3.84487356014846e-08)
(0.5405124443589512, 2.963042486035006e-10)
(0.7026946729082716, 3.5495146931410787e-10)
(0.3809882411663556, 3.124001859998675e-10)
(0.05455486787649542, 3.20246910973532e-10)
(0.31154415254771384, 5.517177867317946e-10)
(0.5380437747220111, 1.3890870031473632e-09)
(0.10367751512883015, 1.3989721764048817e-08)
(0.06100922606489248, 5.651221072859431e-10)
(0.42888780473960575, 4.821760127677655e-10)
(0.5730569915901166, 2.7151059232978797e-10)
(0.4024931980634008, 3.9567410436323835e-10)
(0.8729183145341123, 5.511297351089397e-10)
(0.1739030708966815, 1.6289155651482884e-09)
(0.16399612839272165, 2.73708940343365e-10)
(0.3456274975127962, 6.13713019308973e-10)
(0.03334943712867875, 4.1923800665891816e-10)
(0.9426277846930486, 5.206356361819603e-10)
(0.6199313673790218, 3.794661668218082e-10)
(0.9124136859091804, 5.183577207794284e-10)
(0.7091968979702501, 1.2468208598371029e-09)
(0.05385249913012565, 8.400111367104921e-10)
(0.4378267013910617, 2.903275790345408e-10)
(0.6036395761201622, 2.748072882937547e-10)
(0.5471878683226872, 2.9969099613057434e-10)
(0.7228193030124469, 5.591356847871116e-10)
(0.5830153713403873, 3.0958590196789447e-10)
(0.8056604327043406, 3.3581476229177074e-10)
(0.6893542547093958, 6.691363297982074e-10)
(0.04655294742197043, 3.5406610273769423e-10)
(0.08210138273183529, 5.876144971164849e-10)
(0.7958274627110148, 5.057096470876053e-10)
(0.5349963447946242, 3.2029041641284405e-10)
(0.46382176388773366, 1.0801437200496736e-09)
(0.8015003033035399, 3.739508641592915e-10)
(0.6938676858352802, 3.0451904695261276e-10)
(0.31820230853755527, 1.130393844151044e-09)
(0.23526992287170798, 1.4245544376633981e-09)
(0.28530181132202903, 4.94969962540307e-10)
(0.19316420328597747, 3.669926541419526e-10)
(0.9506319178136298, 4.852286559000692e-10)
(0.46032688910605457, 4.6146021448455755e-10)
(0.17549696838003226, 9.731767786132911e-10)
(0.7685225693980178, 3.3513806330113367e-10)
(0.7696493936874609, 8.680398973167716e-10)
(0.10783139162780037, 2.877235557634084e-10)
(0.5941288268020163, 3.81053752252354e-10)
(0.9988628028919072, 2.655271187233014e-10)
(0.03656532404528699, 1.6312976277303572e-09)
(0.4362028443081634, 3.170029772566161e-10)
(0.7041498116711208, 6.856722439927031e-10)
(0.8778667986489467, 6.056146353137286e-10)
(0.34405766276706196, 7.938563656460298e-10)
(0.2920297922840088, 4.0487887124205034e-10)
(0.41317891628877235, 4.817269031438695e-10)
(0.7789122275896414, 3.3281072238709737e-09)
(0.6472043346272396, 5.057443686282816e-10)
(0.9379863893291214, 5.263411895407022e-10)
(0.9059979763937431, 4.853152836445318e-10)
(0.2662349956642018, 4.1200380753508924e-10)
(0.1472520941863736, 6.409170955533814e-09)
(0.9183863943825881, 2.5646225541558114e-09)
(0.9214770591471521, 3.9949007923437003e-10)
(0.6766590280740451, 6.700202945635942e-10)
(0.887031833967101, 3.532449302319369e-10)
(0.8242141491710891, 2.917097241033725e-10)
(0.10243465409420482, 5.03234605270231e-10)
(0.27654018350166004, 4.191256348684028e-10)
(0.12784420161853075, 2.9801738640469026e-10)
(0.34937679937201555, 3.962634755529415e-09)
(0.1762967532120671, 1.5210777993797086e-09)
(0.34313001845553665, 4.031754854609458e-09)
(0.47678508138008224, 3.2644140433913926e-10)
(0.21945442239254212, 4.037681281346406e-10)
(0.3566109179087803, 3.164958929894993e-07)
(0.46575213429278295, 4.689851862670548e-10)
(0.7040604956503115, 9.796790461780887e-10)
(0.390123852722513, 2.637817664486002e-10)
(0.028259674891180038, 4.683204664881181e-10)
(0.13044982185236126, 3.662067358200637e-10)
(0.6574379862138277, 2.762942666708972e-10)
(0.7081887875223369, 1.4000886384808762e-09)
(0.5406153810560969, 5.160394664673275e-10)
(0.7662008230086736, 1.35921998250112e-09)
(0.11548840328423705, 7.988354891879144e-09)
(0.11549819830072267, 2.6392558233165014e-10)
(0.7324481020683302, 3.4862389261509825e-10)
(0.8819582921065628, 2.970791040408885e-10)
(0.37703137821657484, 5.476129244636079e-10)
(0.27466705327156843, 7.358544500032902e-10)
(0.059743035770423135, 1.041931304640969e-09)
(0.7018194737414075, 6.302923234273564e-10)
(0.2883632396237694, 4.5256102778991813e-10)
(0.07345410438148674, 5.536309047188642e-10)
(0.5406001044081927, 4.867750104294357e-10)
(0.7164524792670429, 6.295128166040863e-10)
(0.9385966705916831, 4.11564986067467e-10)
(0.9751816730387455, 5.018494202860374e-10)
(0.15756109016338413, 2.9862705018083117e-10)
(0.5181168981208318, 2.9452697235919124e-09)
(0.7503765970305913, 2.858316722761035e-10)
(0.6843674369196378, 2.2556059623156524e-07)
(0.8082467444707425, 2.7915549344861587e-10)
(0.21701936854436696, 4.2544991160800517e-10)
(0.6280124310713552, 3.3450160328128247e-10)
(0.6589675271509627, 6.2151281142026415e-09)
(0.22975658319178432, 3.4063463855519514e-10)
(0.26743849432443195, 4.85436301999931e-10)
(0.805986242703982, 3.906739976781426e-10)
(0.21602363633726376, 2.7579597485915764e-10)
(0.8461849353692442, 8.257787366279143e-10)
(0.689649808174908, 6.367181394393009e-10)
(0.436704400650228, 5.968271541552103e-10)
(0.17494645286365143, 4.408367721182945e-10)
(0.3477627745461299, 5.731253992938061e-10)
(0.4082039189309285, 4.780331647749165e-10)
(0.42789050628020703, 3.0010849278706757e-10)
(0.4391214809445663, 1.382551476169249e-09)
(0.2746133999938466, 4.841491025986192e-10)
(0.7952853676723545, 5.200536586676864e-10)
(0.44987151074871423, 4.2398217777174284e-10)
(0.9191488211926047, 4.064129543114499e-10)
(0.7643791982031782, 2.844404084628558e-10)
(0.3308727673772677, 2.7298889709500705e-10)
(0.8790013268367703, 2.990138760358828e-10)
(0.10922877336110512, 5.299281628245203e-10)
(0.8746878987129248, 2.0272650720185646e-09)
(0.1837993685199983, 1.1804870903625745e-09)
(0.5966169620872308, 1.1725531388373445e-09)
(0.699871867350189, 2.9838484188442606e-10)
(0.40105080391116865, 9.368658405787011e-09)
(0.11781594590584614, 8.7465745875114e-10)
(0.386947944572703, 6.263851939104152e-10)
(0.3729767499998005, 2.894409911635707e-10)
(0.8158715023303632, 4.859135488539659e-10)
(0.8081301757861599, 2.8177641746676704e-10)
(0.9832271706368012, 6.442589996560621e-10)
(0.8775201837624169, 2.8613667948472986e-10)
(0.4882816371206323, 5.66963058907059e-10)
(0.8239545445777605, 3.78059951787635e-10)
(0.977855222024274, 5.578424730008646e-10)
(0.942607294514276, 3.4656258642562863e-09)
(0.280228394030548, 8.880438907195787e-10)
(0.6022082969262291, 2.8202058528646463e-10)
(0.832232130861729, 3.1843000339872607e-10)
(0.3968583878345049, 3.378221281351925e-10)
(0.43014652141954757, 7.345089816924251e-10)
(0.6417788055107226, 4.3122574040887596e-10)
(0.6791865679247823, 9.106639976799613e-10)
(0.1130472497903982, 9.774261991620402e-10)
(0.5074655864235973, 3.8108178185164815e-10)
(0.055949095749476145, 3.481552830149249e-10)
(0.06354690183438257, 3.3846959266551617e-10)
(0.7711290873834609, 3.5255071117189696e-10)
(0.35592903643112184, 1.0109463435847557e-09)
(0.48745376474556074, 3.4854097423753993e-10)
(0.1490872577246924, 2.6094293122094227e-10)
(0.9820210102148849, 2.9442128301751e-10)
(0.8085843942920571, 4.583879211823561e-10)
(0.7556701421331816, 1.1940725860524602e-09)
(0.9832572409216619, 3.4359299123985283e-10)
(0.5753807124726106, 4.2299552826207624e-10)
(0.4485183880246269, 4.490364248602479e-10)
(0.10366856090771229, 4.26161721095522e-10)
(0.5819027053492397, 4.535299745298925e-10)
(0.16729830988689656, 5.1301542055393215e-09)
(0.9037818084342234, 2.9655801241985547e-09)
(0.5605274376365205, 4.328768314307832e-10)
(0.17626138482122777, 2.2076021639466427e-09)
(0.796752244113357, 2.797762476575574e-10)
(0.9573322816617488, 1.988569244288015e-09)
(0.697867813062893, 3.341053426348573e-10)
(0.5940556367248407, 1.6811654028042926e-08)
(0.08869027317936717, 6.232564558696479e-10)
(0.8041979862487467, 6.306903513602478e-10)
(0.7380026294176856, 1.3889599341171943e-09)
(0.7387348181030754, 4.822259977891868e-10)
(0.8112803145400587, 6.685009926924845e-10)
(0.6142383763586756, 2.6171456220566404e-10)
(0.19060788443501506, 2.8806759849005094e-10)
(0.2841216099066955, 1.848453754177575e-08)
(0.5772251031677156, 1.4343329108828507e-08)
(0.7882286626859171, 4.753374447081524e-10)
(0.6608566734905339, 4.905258617321206e-10)
(0.720443412532694, 4.8250053343452515e-09)
(0.8357579404697391, 3.646842366202961e-10)
(0.08635747494613419, 2.947587498844634e-10)
(0.10195478978838236, 4.4628902036826277e-10)
(0.8523918589652232, 1.2368728567897207e-09)
(0.0965758328864002, 2.186505858695148e-09)
(0.11442417211606017, 4.4680678439362505e-10)
(0.4376426324526017, 4.0746486313943826e-09)
(0.4647449043499439, 5.634259878691115e-10)
(0.6535866563748427, 7.644905354253636e-10)
(0.8711336886057804, 2.883942404323151e-09)
(0.26656939493716436, 3.335454262396141e-09)
(0.9262333261314235, 3.959418434130008e-10)
(0.4362812665965972, 2.976723395714101e-10)
(0.5655282024138398, 4.1380061247112235e-10)
(0.23127849372345496, 2.66283605209775e-09)
(0.9438926211295748, 2.824679440160011e-10)
(0.19743794114334584, 1.5603091411394823e-09)
(0.5330963204018564, 4.076708744764033e-10)
(0.3161649333502672, 3.1254585597982895e-10)
(0.393474172382414, 5.734296187621656e-09)
(0.4391261597355644, 4.095031368536322e-10)
(0.9308021969980381, 2.1151672044130183e-09)
(0.15525561657170092, 3.635993673069547e-10)
(0.7900084481093897, 1.3843662189975983e-09)
(0.3697383304688393, 3.019493297707496e-10)
(0.3981653142118923, 5.005724906093249e-10)
(0.7494337212030354, 2.2921998929218262e-09)
(0.7185416566051495, 4.745059954874059e-10)
(0.8126117913685272, 1.186899530416573e-09)
(0.655861310409732, 3.8179670452067677e-10)
(0.3864667206215634, 3.2541098170042783e-10)
(0.6112294061486688, 1.821474256331053e-09)
(0.024298015281559115, 7.300413183548302e-10)
(0.7008850401018366, 6.862508649620054e-10)
(0.3034977270336495, 6.140915247510087e-10)
(0.44693938417818396, 4.600348934486633e-10)
(0.2705574642173755, 7.403001765064296e-10)
(0.6906291361925522, 4.2521258989239697e-10)
(0.7675973645289628, 3.833321078442854e-10)
(0.6792398052981913, 1.7909385726981393e-09)
(0.66457036716911, 4.465541740526578e-10)
(0.5196445952637917, 3.747981685160968e-10)
(0.2440608604768119, 9.942004655854458e-10)
(0.9428947850139279, 4.1105738492307924e-10)
(0.5926123930726742, 4.053391148559544e-10)
(0.08543667463238154, 4.393545694078857e-09)
(0.4056970374739466, 5.687722676021109e-10)
(0.1793746751902662, 3.3575362098218986e-10)
(0.7206448688920455, 5.258792012690588e-10)
(0.2767640087234459, 3.209452063736089e-10)
(0.5326481174538474, 2.914216953597718e-10)
(0.14587482126242127, 5.964713947889102e-10)
(0.701547418779489, 4.2250307672057816e-10)
(0.3192461432150691, 6.780446556830322e-09)
(0.8994870033426676, 4.111880492726529e-10)
(0.18213835972664705, 2.8943237372776415e-10)
(0.18913869648254159, 2.480964575830114e-09)
(0.1985355871435249, 2.8468832718814623e-09)
(0.6198076651100188, 9.18340932569119e-10)
(0.7058953369180174, 6.106966535868576e-10)
(0.8031858047971875, 3.2394716624605106e-10)
(0.8705680234670878, 2.8091242461512425e-10)
(0.4328525677440405, 4.2038511432038524e-10)
(0.26588235348376604, 3.3804393464979236e-10)
(0.8408262045601936, 3.6271091965543916e-09)
(0.9999397245387537, 3.8215762312984785e-10)
(0.2793305474948612, 9.363197658127714e-10)
(0.6928235695152205, 6.009146900068844e-10)
(0.30085763651859637, 2.975175573678295e-10)
(0.38952207416547563, 5.627502407469595e-10)
(0.5328511493069292, 5.111909796226705e-10)
(0.22161787444768852, 2.2584996550971088e-09)
(0.27386141847877044, 6.145768555253661e-09)
(0.4912763580992939, 2.9739167282408564e-10)
(0.3559401864625591, 4.696602809877684e-10)
(0.3127928476302826, 8.588879481187804e-10)
(0.46171785305815904, 5.753123823512935e-09)
(0.12786714488953085, 7.785310003216592e-10)
(0.09698355917700092, 1.5582100286874392e-09)
(0.1530483509808481, 6.58815555796039e-10)
(0.886623476250403, 4.5678796596812455e-10)
(0.3980914379313259, 1.0163996416995414e-09)
(0.6915835356843377, 3.693972305591374e-10)
(0.6804837164386008, 1.9235284673930277e-09)
(0.649611526658544, 1.0949177613577498e-08)
(0.032711599083188235, 2.74170801048919e-10)
(0.28724154708769767, 1.3161130769515807e-09)
(0.11847989389658371, 2.699745142270861e-10)
(0.5914895025753538, 2.691806805582931e-10)
(0.08320564443719825, 3.227919701317492e-10)
(0.011989149306911862, 4.75979104823315e-10)
(0.8049541335947609, 2.7541312820489515e-10)
(0.31955600482253543, 8.325752029859003e-09)
(0.8055793827439409, 1.5813264283244497e-09)
(0.1399352470845357, 1.5501388516863889e-09)
(0.0776098276919396, 5.51181644958747e-09)
(0.04951252204444352, 1.1801789891074157e-09)
(0.5336927858173967, 3.977506493255817e-10)
(0.12123807231743343, 5.681516251481229e-10)
(0.8328987342367677, 2.6925711371280215e-10)
(0.451342584013157, 2.94757761514194e-10)
(0.4400524750303864, 6.838131050776345e-10)
(0.7630735898840532, 2.070904227833207e-09)
(0.6366728948042183, 3.5592813468938034e-10)
(0.8222057492587865, 2.873129232762274e-10)
(0.9008219611885337, 4.7969439645021266e-09)
(0.11544921772331058, 2.6165008733176206e-10)
(0.44368778922681323, 9.719602560306369e-10)
(0.8599974429456734, 6.641113548464189e-10)
(0.7925104394992601, 5.479870848381025e-10)
(0.551689402533039, 4.655758085470896e-10)
(0.0002462416772413679, 2.799987325940164e-10)
(0.5744356684294402, 2.9759209648301426e-10)
(0.28459238771110323, 3.22485257897365e-10)
(0.7344754460790734, 3.9546556898951337e-10)
(0.6315180424043627, 6.045914285913622e-10)
(0.58484527271525, 3.991912097834022e-10)
(0.641642627385467, 4.178323490925403e-10)
(0.8772945683807609, 9.352805385040619e-10)
(0.5606958562384319, 5.062823163369325e-10)
(0.4651337762193789, 1.2438243900697436e-09)
(0.8154638216955339, 5.697849460358288e-10)
(0.09520632196048658, 3.241816905080289e-10)
(0.4987012215101847, 4.436732005954943e-10)
(0.21530169979513722, 1.0327246146280395e-09)
(0.7812747974497237, 2.1360812235655178e-09)
(0.1318518608916, 3.8460539920682133e-10)
(0.6459882409807811, 4.791698987686478e-10)
(0.7886280842929139, 3.8227380496399087e-10)
(0.3501689053590537, 4.3444271135181627e-10)
(0.458071251011116, 5.570584079793096e-10)
(0.4933260485607099, 6.183803923380763e-10)
(0.44631903992395033, 4.1321332488824494e-10)
(0.4025543374689954, 1.5611275909908058e-09)
(0.627791308710133, 8.278473386311613e-10)
(0.5726512295365552, 1.0025495000241979e-07)
(0.19610030691076846, 3.3492831891369675e-10)
(0.053645301387647164, 8.469589012131177e-09)
(0.11403821824927267, 2.7555282418942857e-10)
(0.3767422458798873, 6.251234383805341e-10)
(0.1811147622848441, 2.9312118215292774e-10)
(0.022511862721925992, 1.3031448620352908e-09)
(0.9281385091264517, 6.407379596023126e-10)
(0.5193834423084908, 9.238350773264977e-10)
(0.10508671193339097, 2.5643179379393707e-09)
(0.6161430400101833, 1.3659120819837783e-09)
(0.8440953392919209, 6.178027152420647e-10)
(0.1043230353303283, 3.2023455341168983e-10)
(0.3344992274441688, 6.581495023718775e-10)
(0.1989099045390641, 2.7936379405936966e-10)
(0.7368516311910932, 3.380607138373749e-10)
(0.3032310219235126, 1.3001803593902807e-09)
(0.8048509441949192, 3.0991371826306107e-10)
(0.7248911628038051, 2.882343163273369e-10)
(0.5519680833604117, 4.283013401352999e-10)
(0.7864797692011997, 3.023429156666125e-10)
(0.666554921332237, 4.730469349949279e-10)
(0.1812542253869517, 3.457026251349105e-10)
(0.7623573687485147, 2.8547864917336074e-10)
(0.24218537142402366, 3.7909519691909905e-10)
(0.3604836201253985, 3.104208752049471e-10)
(0.8959116008312704, 4.031653967416068e-10)
(0.5108405210538812, 5.699314999741147e-10)
(0.8647035788686213, 2.888725844358471e-10)
(0.9676957637049235, 5.461827916411165e-10)
(0.45334637288986834, 4.0524006312796725e-10)
(0.3427070693748042, 4.972989324701276e-09)
(0.7719658707475229, 3.511932849785696e-10)
(0.4933450271076446, 1.5807974355812243e-08)
(0.8679990515144854, 3.2339192744742824e-10)
(0.488505424459516, 6.710108611085595e-10)
(0.21521702856400673, 5.119248883898486e-10)
(0.4225276726425762, 2.742521119775625e-10)
(0.49995893903163197, 3.0813094755155215e-10)
(0.4179342202502347, 3.0088009637338116e-10)
(0.004325836667194689, 5.202171073661745e-10)
(0.19682094793168223, 2.852807133643329e-09)
(0.025965685231933426, 3.3508141452785145e-10)
(0.8541341499420005, 3.7480755075699963e-10)
(0.531848064494759, 1.3689286482840958e-09)
(0.6988770374489262, 2.643620210623598e-10)
(0.10522823673274842, 4.183802687528946e-10)
(0.3452471715580569, 9.954354832408107e-10)
(0.7192861729838488, 5.03802058243844e-10)
(0.4851654971882251, 9.45224463401068e-10)
(0.3189196052384888, 2.73969510372412e-10)
(0.5505412598701189, 3.4734972480692706e-10)
(0.6868814286060987, 3.591120054861051e-10)
(0.7058323640574394, 3.526144741528475e-10)
(0.047929054124171304, 3.2784740979606303e-09)
(0.8097211760576131, 3.9460967617268666e-10)
(0.9462730397017267, 1.8214336291419718e-08)
(0.4237062404820684, 3.8577369294832777e-10)
(0.359078922316783, 5.549021979186674e-10)
(0.45021006159257715, 3.831982674689196e-10)
(0.31880107408695285, 1.88612217007364e-09)
(0.7543352148872243, 3.51825460319197e-09)
(0.9349705563003365, 3.895096644054103e-10)
(0.07943570371048121, 7.309881878278981e-10)
(0.8211442578407872, 2.7298035124112317e-10)
(0.2640388662497489, 8.78076003233525e-10)
(0.26782078395373793, 3.2735216655838686e-10)
(0.5798355539757482, 3.3932789541145043e-10)
(0.17382499428568954, 1.7220559101167881e-09)
(0.061827981359438296, 4.4244996396220985e-10)
(0.6624906798387389, 2.615485737415766e-10)
(0.7549084997240455, 4.0490619526612226e-10)
(0.4993892838226838, 8.01067084981097e-09)
(0.18269820440720266, 3.2696449239641396e-10)
(0.4488396077194107, 2.088178136308952e-09)
(0.5622969788166623, 4.2242017862268534e-10)
(0.676553093616274, 1.8985461721670994e-09)
(0.6109052821136485, 5.0971745428701e-09)
(0.43110391547309557, 6.023265232027351e-10)
(0.5318772623580288, 9.815905859051564e-10)
(0.23171035881791918, 2.7524513742774697e-10)
(0.6686680557689213, 4.562425048351501e-10)
(0.33644764825062673, 3.661691017119266e-10)
(0.6346414855039637, 1.2003622914469288e-09)
(0.907563953024731, 6.343466473618984e-10)
(0.0951435673700325, 5.595731485416621e-10)
(0.4286869071313359, 4.0749155781676816e-10)
(0.4607910909131253, 4.140097914394148e-10)
(0.2921579242883172, 4.4334924478639045e-10)
(0.06647436935520297, 4.1423657162398455e-10)
(0.8133350430987806, 3.7811507668729513e-10)
(0.9210191973398244, 5.867492820360453e-10)
(0.30184042263796185, 4.148344390674513e-09)
(0.43647548115367607, 1.3112800023251035e-08)
(0.9120840752150733, 2.738746971185496e-09)
(0.09777751139131322, 9.331361160088803e-10)
(0.553983826498039, 3.254416985932148e-09)
(0.8917155898522579, 5.061338253272645e-10)
(0.4071820535923069, 4.768338155617536e-10)
(0.15247234108243676, 3.3231489766288496e-10)
(0.12729763468247252, 5.206154742396597e-10)
(0.9441042225967508, 4.27600579458348e-10)
(0.857263654944358, 4.0659761802441277e-10)
(0.10763492126026172, 4.752989113931798e-10)
(0.7233751694987107, 1.3869185437317618e-09)
(0.03574093754008581, 3.387537622251529e-10)
(0.11360375068908982, 4.2635904522279133e-10)
(0.6929703530569902, 3.879163092327669e-10)
(0.11936632045681654, 1.5861994171534272e-07)
(0.6081503941680115, 3.1412283615320647e-10)
(0.06980186517731157, 5.6737593236354e-10)
(0.09951043370044303, 9.521135497393682e-10)
(0.6906501058673611, 7.341751436480102e-10)
(0.23509996541245043, 7.027161671934201e-09)
(0.5009523106379757, 9.682329079730185e-09)
(0.8419562443783736, 4.415518277958539e-10)
(0.510417441468396, 3.4457115215451294e-09)
(0.9663001909686698, 1.4787172331079489e-09)
(0.5043494648807741, 3.6666604181486645e-10)
(0.7436426919590976, 1.9758539298142767e-09)
(0.8437073381719244, 6.277016544255295e-10)
(0.028419612040058363, 5.553261873308977e-10)
(0.6364046947956963, 7.319048349307117e-10)
(0.7674461196581439, 1.4331839136063402e-09)
(0.19002220628436609, 3.4283837489054997e-10)
(0.14467839418730474, 3.493246570924671e-10)
(0.8817069956417978, 8.137873947366125e-10)
(0.46022481754259764, 6.363455617454862e-10)
(0.16097990217837105, 2.5052111281265767e-09)
(0.28108963268649917, 6.140930369980064e-10)
(0.9733507600089272, 1.4764479746079358e-08)
(0.9012495577093824, 6.120325239427418e-10)
(0.963903242471085, 2.9137383630329204e-10)
(0.36032031981873625, 3.4225147196942643e-10)
(0.5366849863652732, 3.1845527000421906e-10)
(0.7236554107751794, 7.505771990634882e-10)
(0.7578005259606381, 4.750677911765523e-10)
(0.8191711559890315, 4.4388599000253456e-10)
(0.8353594522905747, 3.659994100138316e-10)
(0.4820059571368959, 2.858100497656901e-10)
(0.05736146589285621, 3.6710524055751206e-10)
(0.2214500990076784, 3.1515818288714523e-10)
(0.4559928505977482, 4.79256373331602e-10)
(0.9826402641713261, 3.1606930161585143e-10)
(0.7430089517658354, 1.5554787835837381e-09)
(0.09001452424199179, 5.1796349896298445e-09)
(0.18857564547996905, 5.661011040530826e-10)
(0.22629591856443457, 2.8525408276324435e-10)
(0.32738018910204014, 5.159745965933461e-10)
(0.5704093400649931, 1.0294874113883906e-09)
(0.987722552115807, 1.024290136703238e-09)
(0.4178072392973198, 6.524884668013437e-10)
(0.35347062983167493, 6.147948152693206e-10)
(0.8738869295164442, 1.134743644775817e-09)
(0.7340117234526928, 3.750266744113412e-10)
(0.7747297968065876, 3.097568579359758e-10)
(0.8971311922356027, 6.460117607644907e-10)
(0.09637973910833529, 2.8247199521205566e-10)
(0.2486228063129057, 2.767882070744702e-10)
(0.08857575712601362, 5.339875701684156e-10)
(0.5868550106417967, 1.1164491314589558e-09)
(0.5978448872390801, 8.326742441330424e-10)
(0.7401022827341706, 4.3333811258466906e-10)
(0.25646446382689936, 4.113216181162425e-10)
(0.01487935101063166, 8.427039700468528e-10)
(0.6736254745082589, 1.379793246797699e-09)
(0.4479386100514163, 9.320266379760084e-09)
(0.28245478846126526, 3.6734848382325007e-10)
(0.780000804754299, 6.958827757173076e-10)
(0.5355695639903479, 3.181933022788321e-10)
(0.7226447488513447, 3.7612652135652655e-10)
(0.2048541684891926, 3.8136207674398677e-10)
(0.7577569672579244, 5.962767716553787e-10)
(0.9032553790684288, 6.201097474296002e-10)
(0.48164344912021, 1.2232358289240914e-09)
(0.22916844693039104, 3.4636144026560757e-09)
(0.5953834474830185, 2.9353129093073946e-10)
(0.6394710266630036, 5.670911899538695e-10)
(0.4963688452227018, 5.693657965498948e-10)
(0.27681431711067817, 8.245565447913115e-09)
(0.5390298623575973, 5.210126236280278e-09)
(0.6026879179333474, 9.071599544979882e-10)
(0.026355981970708788, 4.896766950331583e-10)
(0.7437946136716134, 6.769645103757168e-10)
(0.5572026629112581, 3.767422020019347e-09)
(0.10967016664491015, 5.425240053179679e-10)
(0.0497233449983626, 6.225084010151384e-10)
(0.6714780874373497, 1.028391187128421e-09)
(0.4135693171776555, 2.6242801268559423e-10)
(0.6960970991044189, 5.572653129362094e-10)
(0.20849486961923636, 3.886355966139977e-10)
(0.7004130818665252, 3.8755635871784614e-10)
(0.8696399090812382, 1.3585117394653423e-07)
(0.8329803205065791, 1.12030542296919e-08)
(0.882727709380696, 4.213713627869572e-10)
(0.5079248604597236, 8.866509896028897e-10)
(0.19289258272918208, 4.704493320521434e-10)
(0.07227117015248098, 9.3739698885492e-10)
(0.3032484575353229, 2.7831708334431944e-10)
(0.19117206587369076, 3.2042704504030393e-10)
(0.9977687335109391, 4.475880219341544e-09)
(0.3624569796040616, 3.1052787322169626e-10)
(0.761398962854195, 5.729029851973767e-10)
(0.40548786326598224, 4.8289682673088e-10)
(0.4396201824349227, 5.138219116846013e-08)
(0.21388543905148233, 2.6515421780220427e-09)
(0.6012232978364187, 1.6333284388869083e-08)
(0.9887393481977113, 8.47376016655808e-10)
(0.9393939590327187, 9.070649051454371e-10)
(0.6529949485327301, 5.377303014092617e-10)
(0.8332239071295879, 2.5036836715942407e-09)
(0.032512997446378845, 9.72500034819074e-10)
(0.5724831829316093, 1.5528123917720953e-09)
(0.5387064436046292, 9.050221601105566e-10)
(0.5451935017548208, 4.220008208959911e-10)
(0.018556641141808897, 4.328362160552355e-10)
(0.8469151786235503, 2.0837648068321588e-09)
(0.28426109530548266, 4.960373682944201e-09)
(0.8300314230462507, 6.094054556882931e-10)
(0.1454977414705723, 7.046931932837998e-10)
(0.6296613004093556, 5.070433266443672e-10)
(0.8894902222050219, 6.667540313003263e-10)
(0.37471156982550274, 5.035811860405609e-10)
(0.8318258797119784, 4.971996838017816e-10)
(0.05896944205437234, 1.9304397556159506e-09)
(0.9942550402374927, 3.519944698499532e-10)
(0.16545257678993727, 5.056333634546246e-10)
(0.031007283299968245, 5.001349255295558e-10)
(0.7988063099410174, 5.445123938793074e-10)
(0.284541625069061, 6.621124139601865e-10)
(0.4568947820431506, 2.8128864941339076e-10)
(0.16024073969096542, 1.2329390690505766e-09)
(0.8052372363255734, 3.28562950679687e-10)
(0.18586380602666816, 1.944532816512565e-09)
(0.5548278482283558, 3.3009179297908866e-10)
(0.7996771274090476, 4.690528327729959e-10)
(0.6872686594914417, 2.7804464018550062e-09)
(0.06475490083221118, 2.661637582537103e-10)
(0.4644703476612614, 4.4319998212799775e-10)
(0.8163608269276786, 4.958039348667438e-10)
(0.0597639049717898, 2.8578141647083184e-10)
(0.2732770874251262, 2.1972024090372894e-08)
(0.19357822077663075, 3.496366135640656e-10)
(0.019126564186474838, 2.0314707253704293e-09)
(0.95207308036278, 3.8438694934952017e-10)
(0.3944044764469975, 1.057593608590352e-09)
(0.5829575934761257, 1.3487357066251734e-09)
(0.00200384741357639, 1.120042250776281e-09)
(0.3887219231093274, 1.2144341330414694e-09)
(0.24530641968985195, 8.420114569049153e-10)
(0.5821861216347878, 2.76676242084998e-10)
(0.3041500904713157, 1.8836085660541e-09)
(0.30431584826323343, 2.6697498184521197e-10)
(0.7843470321507288, 4.4074146343333014e-10)
(0.41448679185574083, 4.186337064343012e-10)
(0.027583711863091526, 1.5380971775210451e-09)
(0.4926323003809278, 3.722586560482072e-10)
(0.8666317397951544, 7.000780535736195e-10)
(0.5045814816812803, 4.67115039465705e-10)
(0.24927861392598713, 2.2301905864051683e-09)
(0.2582379561787164, 7.974973393966703e-09)
(0.9447455383184283, 4.3676522777201573e-10)
(0.3049968721478156, 2.7522395121773055e-10)
(0.24435624542058493, 5.923028948343148e-10)
(0.36118114780146376, 3.6158461264063935e-10)
(0.8956553163606047, 3.899977400597748e-10)
(0.09426610949064651, 7.549253849353323e-10)
(0.68531226752197, 4.2632315854245197e-10)
(0.5481353779294471, 2.9817468803004287e-10)
(0.15164271174241878, 3.0037372971800693e-10)
(0.9565256476023903, 3.313469492679631e-10)
(0.38308304834464124, 6.799198108904358e-10)
(0.34991958369558995, 7.033482355495941e-10)
(0.7344609504710645, 3.1189493025491244e-10)
(0.4790134785532102, 3.0060779810452936e-10)
(0.9227298165179985, 6.340340569504806e-10)
(0.1571539176634522, 1.0590023048445593e-09)
(0.8254036645215781, 5.315706338616806e-09)
(0.4163584280930542, 1.2335362331778597e-08)
(0.21333649660427254, 9.550482669973322e-10)
(0.7269571728380029, 3.0323547402116837e-10)
(0.5817039874546425, 7.609529627533363e-10)
(0.10489572571519026, 5.82678943940878e-10)
(0.25942271902687924, 3.226999538349696e-10)
(0.88950023271707, 3.8904984275940817e-10)
(0.6910988515227869, 4.2658142375642037e-10)
(0.3359376286969152, 3.5113233889117e-10)
(0.9868675477188366, 5.470317443502899e-10)
(0.6366662435402077, 1.420402492013064e-09)
(0.3512098048193348, 5.485059380944159e-10)
(0.6165776885893589, 3.772873557816574e-10)
(0.12937410419274334, 5.1853971895068515e-09)
(0.5832779725627978, 1.1045995251745266e-09)
(0.10776196386095069, 9.377114550993368e-10)
(0.5645773682952994, 5.650910815252388e-10)
(0.32503974574762595, 2.9428714532087554e-09)
(0.5388467129735829, 3.8952247635191094e-10)
(0.7551464583559458, 4.940692280524931e-10)
(0.17012715705868733, 4.545714002067387e-10)
(0.31745494448855943, 9.757437532645803e-10)
(0.18033896359507795, 9.862167115034311e-10)
(0.9414620431489059, 1.0359766909042946e-09)
(0.34597616941282117, 7.90315390887022e-10)
(0.5208386265429316, 6.543333631497273e-10)
(0.04200288623285715, 5.719717342730721e-10)
(0.6211667997429033, 1.0075385478782075e-09)
(0.11035461928099694, 4.9164393745827575e-09)
(0.17015132611277317, 7.107959886612712e-10)
(0.7547092439187706, 4.0458817491876537e-10)
(0.7812169516370413, 3.243561152465328e-10)
(0.22113545795670642, 4.1647256534710464e-10)
(0.6548011009705844, 1.4844102773963376e-09)
(0.6442595636800325, 3.114018564498897e-10)
(0.9364941119473649, 3.233614800065375e-10)
(0.5820763882610728, 4.767154267538052e-10)
(0.6014238130324246, 2.446427440195994e-08)
(0.45507487978229944, 2.9488492202193135e-10)
(0.29930562988118575, 3.8947158292334356e-10)
(0.3530137760139703, 6.7503069781765e-10)
(0.7397574762269836, 3.261689523947732e-10)
(0.9309116461165298, 2.857511737640757e-10)
(0.2169097599073234, 5.662234263870254e-10)
(0.05013697737401138, 2.7874472658032636e-09)
(0.20432924578102293, 3.237629756881379e-10)
(0.5304661313657372, 6.95897449973586e-10)
(0.48247552654870707, 1.1681882621763738e-09)
(0.6541576886002245, 1.2446782082945998e-09)
(0.9969239604435159, 3.6148526790114907e-10)
(0.6054134542133293, 1.1600700423712734e-09)
(0.037846736673626036, 3.064289572708224e-10)
(0.2969809285100819, 4.907453761510461e-10)
(0.8307104411129852, 7.134960159053785e-10)
(0.3917014519254898, 5.6710775731069205e-09)
(0.3066391752430585, 2.996885776156044e-10)
(0.3854366376146024, 1.1262382803333521e-08)
(0.7313962518260451, 4.0243352589107485e-10)
(0.005569266986480816, 2.6896373151218376e-10)
(0.31661205229928213, 4.828802150534148e-10)
(0.6490009751694841, 3.1203884041594006e-10)
(0.9922103426780274, 1.4738185159102429e-08)
(0.5648860321767838, 6.263284802596098e-10)
(0.7860360131352228, 4.2656786046032036e-10)
(0.03763569006373819, 5.848254441415374e-10)
(0.7272031167294447, 1.2560066323226758e-09)
(0.2940571386644682, 7.260334807827869e-10)
(0.8017920251092495, 8.844812014427192e-10)
(0.5589887489753758, 8.311277806548714e-10)
(0.27395885352284227, 1.5956499604152298e-09)
(0.8573661660863771, 4.765651305185571e-10)
(0.18684102681895762, 3.1386638231619404e-10)
(0.21440663278330918, 4.185507846096382e-10)
(0.18111771113174943, 4.0851244627284263e-10)
(0.6144346121837512, 2.6306266500394503e-10)
(0.3906419597762679, 9.68615780342499e-10)
(0.22170031747946092, 5.224156871534859e-10)
(0.29380931783720277, 3.852916086389091e-10)
(0.27122725566273204, 1.661384637359617e-09)
(0.12026017984998671, 4.722342599547167e-10)
(0.17634900679078183, 2.8111807027051287e-10)
(0.47368295735849203, 1.111572653213613e-09)
(0.04516502331457518, 2.814542610582797e-10)
(0.8820938657807113, 4.390957974854983e-10)
(0.8048460714802634, 3.8240721654312976e-10)
(0.47752411353905233, 3.2859785159053873e-10)
(0.29862331368324113, 9.141075325174499e-10)
(0.5021355880132131, 3.352457719967288e-10)
(0.6606787918053411, 3.10732462124659e-10)
(0.20710704536724606, 4.431542463169636e-10)
(0.37843385534709945, 1.6231838525036558e-09)
(0.4909960631726913, 1.1010063736484524e-09)
(0.2265909014649083, 2.899408565997569e-10)
(0.3165958110741562, 4.629500459330477e-10)
(0.0017190158052037237, 3.6637466433519137e-10)
(0.11118782031227108, 2.6719912731263207e-10)
(0.9167116637073809, 6.786542295122674e-10)
(0.699836096286872, 4.716037145720238e-10)
(0.7450499737782524, 1.731555532082248e-09)
(0.9827445434565353, 3.319525952652196e-10)
(0.8926118904653594, 2.949712066840846e-10)
(0.1599741655671511, 1.906952050172879e-09)
(0.8234135543894117, 5.481106341922694e-10)
(0.8821487009750933, 3.113642570796562e-10)
(0.12980945367502908, 1.561377075012156e-09)
(0.6276994582135705, 5.835588319077812e-09)
(0.6737481445996754, 6.125595600343066e-10)
(0.6137064226641155, 4.837664621209523e-10)
(0.4805834850585863, 5.511135940975126e-10)
(0.37646309535132483, 8.655432639021676e-10)
(0.6675125634614709, 3.8955754933112986e-10)
(0.1694574595473995, 9.436896871138482e-08)
(0.5667067689740561, 4.677859823576414e-09)
(0.8261333103228135, 5.548263624638507e-10)
(0.5889964799537379, 4.336510974585557e-10)
(0.7532857956496667, 8.25457177465036e-10)
(0.33078934729200704, 4.32070664139701e-10)
(0.1204196105390597, 5.978305686654151e-10)
(0.19258675820333276, 9.852279989036622e-10)
(0.2302443697608206, 6.774773190192433e-10)
(0.39292793333547266, 4.824323866370434e-09)
(0.29819174705041185, 3.0381026502147537e-10)
(0.48162908162613777, 5.211782980795694e-10)
(0.8075464681720538, 4.0745587333615245e-10)
(0.8662377728640882, 1.2238158633489598e-09)
(0.48949164075334595, 2.7809574317486017e-10)
(0.11990062511327654, 3.942731836985581e-10)
(0.8086675129711052, 2.8069266798812715e-09)
(0.015875655446879775, 3.030420453210972e-10)
(0.70656540358733, 4.2617147737733703e-10)
(0.541403555715159, 2.642201587405439e-10)
(0.6452365714989191, 1.1161580770911862e-09)
(0.7610833969755526, 3.850049418122985e-09)
(0.19947520549493064, 7.395953914776182e-10)
(0.4074290355985644, 2.3075634921701177e-09)
(0.5508600925444805, 5.616911648317526e-10)
(0.5316754912179162, 2.0908136560953123e-08)
(0.28418815994322977, 2.7511347784341285e-10)
(0.7593546291171481, 4.767902669099384e-10)
(0.5930366520513219, 1.2853982080113664e-09)
(0.7688595576172631, 5.917412185275798e-10)
(0.6475207266032332, 2.2730594240837145e-09)
(0.47526588089261584, 2.530532294206862e-09)
(0.9651770460999568, 3.1381192390213355e-10)
(0.856068172290113, 2.5582362254760773e-09)
(0.40682303083797505, 4.3267486318050217e-10)
(0.6247436997501562, 2.707692904927666e-10)
(0.2527518439209916, 9.510633209877088e-10)
(0.0694575851514948, 2.945250516935783e-10)
(0.3089900476777789, 3.7239761250243774e-10)
(0.16878256746991427, 1.0840004849774347e-09)
(0.6616129300053111, 4.38075707000769e-10)
(0.2008257770059739, 3.28120872793168e-10)
(0.195177125751048, 2.6885577030071563e-10)
(0.9501498022572781, 1.0504322503769823e-09)
(0.4622929908016378, 4.935821605996934e-10)
(0.2807473748062632, 2.9494993788233025e-10)
(0.5514867440277257, 2.7453207325341193e-10)
(0.39468476363515953, 8.362965631922823e-10)
(0.2668633843124045, 3.8540073358938574e-10)
(0.1507998288558189, 3.752991209367514e-10)
(0.05617345552422551, 5.630892152799276e-10)
(0.0368571789960488, 4.752354634709501e-10)
(0.07226185960518934, 1.3662661937540604e-09)
(0.38951370036084365, 2.9471984361771076e-10)
(0.20120697949803987, 3.502433549184187e-10)
(0.31280180373792094, 3.326931537544352e-10)
(0.3213646819491619, 1.2509767342087647e-09)
(0.9191041692603142, 3.136807107075911e-10)
(0.6886768495363063, 4.5453117581201104e-10)
(0.4182181637699008, 4.961972477833657e-10)
(0.2686416891300886, 1.3708375571614767e-09)
(0.761959224172231, 1.8497156432386138e-09)
(0.43110299293410365, 4.3611908059010716e-10)
(0.9415184543302043, 4.953955042708647e-10)
(0.7103944761623265, 1.0799782677051445e-09)
(0.1004784911534268, 9.182785227775806e-09)
(0.8795795535681621, 2.8538867456067086e-10)
(0.7637438166979602, 3.6955269165653156e-10)
(0.71485518495289, 3.5066920282379587e-10)
(0.5507142542764473, 2.910093317024601e-10)
(0.14032215716059449, 9.745037099724885e-10)
(0.7183815121308202, 5.313694201000756e-10)
(0.10470540923039527, 3.8553051721213343e-10)
(0.2680335911608872, 8.573195442387915e-10)
(0.27419341816363924, 4.750293722810827e-10)
(0.05897027814530596, 4.186690474163624e-10)
(0.930195087340104, 3.2710459657176133e-10)
(0.24065370963967037, 1.0763298025351651e-09)
(0.2631680197792197, 2.8164445182416946e-10)
(0.1873602386754276, 8.518317787122621e-10)
(0.6278564745323469, 3.1172401583985026e-10)
(0.05654621930793378, 3.807673959947117e-10)
(0.8460781876795178, 2.2169916762194556e-09)
(0.9183580053995042, 7.32646777681189e-10)
(0.241659929794541, 4.060407028023436e-10)
(0.2438765115871126, 3.919863133954369e-10)
(0.8486150606216434, 4.537998831316282e-10)
(0.43819854261685, 1.265236083759573e-09)
(0.5135420179050396, 6.946390614270731e-10)
(0.2499911273483984, 1.1105410846053591e-09)
(0.6983108062116287, 6.736283445760243e-10)
(0.12315842211466656, 2.527139567591903e-09)
(0.3023808140721809, 2.981496579925534e-10)
(0.2972333258018035, 6.031302453178955e-10)
(0.9690755667572502, 7.531852456793024e-10)
(0.026358518785854355, 1.0379729451099152e-09)
(0.17784960885111828, 4.1085454614487105e-08)
(0.2508368437371364, 2.71480453466062e-10)
(0.17465957562558562, 1.2202694631276535e-09)
(0.09258040005213963, 6.199921856098996e-10)
(0.3050060618678553, 3.3783204026258166e-10)
(0.886776717983056, 4.186620226559718e-08)
(0.822149940502906, 1.0712536568600898e-09)
(0.7082700951062252, 2.700612314247775e-09)
(0.15945676621334606, 3.992505344967289e-10)
(0.5676057602820292, 6.194459624246242e-10)
(0.3161389749338453, 2.83656780610304e-10)
(0.8594956016716624, 7.213182428975646e-10)
(0.42865204368510706, 4.2602206879334176e-10)
(0.8957622199280044, 1.392964239765915e-09)
(0.9167250055707624, 4.907646720877736e-10)
(0.5181116624645724, 4.514412122588997e-09)
(0.009845878096013021, 2.870793294774657e-10)
(0.16195903331578168, 6.104760550386828e-10)
(0.4345590276413909, 3.45285277385247e-10)
(0.9462965034557865, 3.980352795299645e-10)
(0.00028288803223296567, 8.081265623916222e-10)
(0.13985981954827534, 3.1894872619207167e-10)
(0.8786104960857438, 5.359484247161252e-10)
(0.2682410221524193, 6.286502684464349e-10)
(0.12209918433558128, 4.1884485235553857e-10)
(0.3790594655930444, 2.664150605923488e-10)
(0.4448839776382751, 4.6140662473656636e-10)
(0.717215893968878, 2.5889018316103086e-09)
(0.42147360517203675, 4.721260207069836e-09)
(0.6151659767691918, 3.6740347782801224e-10)
(0.15447389329468653, 9.522966141351104e-09)
(0.10538172162058704, 2.7842357370154854e-10)
(0.21701383606857041, 3.457739779315565e-10)
(0.2061153296914561, 5.506961334691262e-10)
(0.1367139211015899, 6.221929668391758e-10)
(0.9766715222840492, 8.153976064024116e-10)
(0.5290959521067178, 2.6640219423353014e-10)
(0.681324029249511, 5.527366135651419e-10)
(0.6883063839276865, 9.29746615398224e-10)
(0.1783830444473064, 2.0191092846233082e-09)
(0.6132003231473435, 2.4860606197402954e-08)
(0.7354586021768905, 3.666450255397422e-10)
(0.7740047741885543, 7.374929524955268e-10)
(0.4284135240112145, 3.286057674081643e-10)
(0.5535488390098326, 2.6439406399873485e-10)
(0.3626852442112636, 7.014329872001062e-10)
(0.6684744852358823, 1.8601210360159105e-09)
(0.18794028926894252, 2.7544594643369233e-10)
(0.36593176580877135, 3.7730895933325865e-09)
(0.7392512222784161, 5.18931433162013e-10)
(0.6132676519172245, 5.245402740746891e-10)
(0.653299368933556, 5.121752208533925e-10)
(0.8316675128005644, 4.1647661914715573e-10)
(0.03207126487590936, 8.278047465881923e-10)
(0.9791695629599102, 3.474422985077252e-10)
(0.25292967104276054, 4.667643449560384e-10)
(0.4285356143413035, 4.302608811408363e-10)
(0.9491146490364153, 2.788144346203043e-10)
(0.5600801822608671, 7.657833834085819e-10)
(0.29493899441386107, 1.2008551117211115e-09)
(0.6582694940420573, 3.1767219269079903e-10)
(0.2482080828932871, 2.7852143557796704e-10)
(0.4816570567665952, 9.585552730607975e-10)
(0.7988665001966493, 3.4324246170612515e-10)
(0.5428078088701167, 4.553442729133076e-10)
(0.011822521568028316, 3.4857117966434913e-10)
(0.3362017498387877, 2.8501687660579373e-10)
(0.00408711461695904, 6.210575519703084e-10)
(0.12405915794811008, 6.438155575811084e-10)
(0.17498613278844166, 4.774113847087484e-10)
(0.9158269289397141, 9.63661003758597e-10)
(0.6108975448231199, 1.6214596484492216e-09)
(0.4651007365364765, 3.201266267743985e-10)
(0.4360634469341045, 3.614223768833415e-10)
(0.9116992497981605, 7.550135262317944e-10)
(0.14668950827849966, 3.652705526319462e-10)
(0.03771156987368439, 1.1304891172058576e-09)
(0.3649635151415044, 3.819706679948877e-10)
(0.716722184273288, 1.0847164365334486e-09)
(0.6675594513520448, 4.4412481978695977e-10)
(0.17929582147608059, 5.741868685166836e-10)
(0.7093993464967402, 6.519564401131925e-10)
(0.683770406185784, 1.952032312762437e-06)
(0.7724018942298229, 4.068231601869691e-09)
(0.9453332321585707, 3.79654005882015e-10)
(0.9716489963838966, 3.094140152070323e-10)
(0.5876795382119959, 4.0627382355959955e-10)
(0.012617014394913716, 4.225638743702448e-09)
(0.02971683860448022, 2.8158038968074665e-10)
(0.7590455835726241, 1.4551041370019408e-09)
(0.11576024289604031, 5.602473773304761e-10)
(0.8935148700831951, 8.307040948579919e-10)
(0.07145936808981587, 2.0353508967380957e-08)
(0.5999849382641088, 2.714154047733443e-10)
(0.8082139817210964, 3.8192112568888083e-10)
(0.11282816811386767, 4.5294849546371294e-10)
(0.12727495901163915, 2.5430790872146076e-09)
(0.9824098358392047, 2.486955003319426e-09)
(0.3745190916139498, 4.06964586259867e-10)
(0.40449697220579384, 3.067622854521796e-10)
(0.03646177541076365, 1.0411734671252777e-09)
(0.5727420000455907, 4.275555335634622e-09)
(0.6551416283039048, 8.183788466525547e-10)
(0.7924302949610046, 8.040572068673077e-10)
(0.39952832044134495, 1.4328246912454021e-09)
(0.09649844202839257, 2.8216731021741815e-10)
(0.4210398140090644, 3.3631172370737564e-10)
(0.9730626987319546, 5.38331136500284e-10)
(0.0440747264926476, 2.059611843087775e-08)
(0.8881715935217945, 3.2404895821218415e-10)
(0.6034111401115615, 6.473168748102027e-10)
(0.4508579067846361, 6.48845391806375e-10)
(0.31434289063666687, 1.3029904172438208e-09)
(0.43643658265151086, 1.6343054667763405e-09)
(0.8069930082842216, 2.931751654484481e-10)
(0.6518411907687802, 2.856570253375002e-10)
(0.8125842709691903, 2.805489274021027e-10)
(0.38754243752052425, 6.233434001436013e-09)
(0.3364620947981532, 3.4601387022992964e-10)
(0.5414913633419807, 1.0760404782693992e-08)
(0.8590730868044827, 4.698607157112506e-10)
(0.8463024130649751, 3.8045658597503386e-10)
(0.014534965302092712, 5.812711343172121e-10)
(0.5679516842683521, 7.456356206115648e-10)
(0.9559284296683774, 7.259949961072763e-10)
(0.9921309835652429, 3.557561618386299e-09)
(0.43310706828856177, 3.3867741995351865e-09)
(0.6659382861515, 3.1334491548826993e-10)
(0.9947398759789903, 5.85282208674126e-10)
(0.5609699002075372, 4.680512639843134e-10)
(0.8039125445685847, 3.8932230014692125e-10)
(0.07961957242077591, 4.630879446745764e-10)
(0.4146249734735376, 9.66170663223552e-10)
(0.7673518383805435, 1.0902451226953105e-08)
(0.21797240838492515, 1.993406095857017e-09)
(0.10685786649019485, 1.151437210549637e-09)
(0.5080103341383464, 4.562523871818451e-09)
(0.4043542838895351, 9.021954916751994e-10)
(0.5993633696924274, 1.3990910715972977e-09)
(0.853733063722005, 3.408133457834436e-10)
(0.565029625912203, 3.1483774356640424e-10)
(0.11339648041008794, 2.8713529756813083e-10)
(0.19791773871199558, 3.495841637923935e-10)
(0.6877865633061745, 2.4397223605133616e-09)
(0.5513865428721717, 3.5005687603707657e-10)
(0.7406369237503657, 1.0028145677433192e-09)
(0.14196531381676544, 2.9792900089479086e-10)
(0.6072471138708074, 3.170122881489613e-10)
(0.3029570381631243, 6.562782311161805e-09)
(0.2180867789788245, 3.113170776070799e-10)
(0.43802010130877667, 2.8296163285060635e-10)
(0.2550855555531296, 1.5529952643101068e-09)
(0.06047458113182201, 4.415792428182023e-10)
(0.3850581270687875, 5.896627282274694e-10)
(0.5172824065268269, 3.50444901162685e-10)
(0.7259153299453583, 5.096065250935904e-10)
(0.2604953661813822, 2.790284126247458e-09)
(0.08323734528264752, 8.719500677009853e-09)
(0.7802451833572017, 3.7822959266814746e-10)
(0.12319429266882959, 3.68031541728874e-10)
(0.18716223115983827, 4.523514057098719e-10)
(0.22717104662408935, 5.838470950381618e-10)
(0.508275918819541, 1.350787757682126e-09)
(0.5746679933884166, 9.939372200967447e-09)
(0.6099237855175428, 1.1321411308172404e-09)
(0.4693520096414212, 3.1509849954082077e-09)
(0.44876920111807594, 7.560710212506111e-10)
(0.17380862450079165, 3.804629415892023e-10)
(0.9520481454831885, 6.588585784361513e-10)
(0.24281290901769487, 6.806409323126597e-10)
(0.4876088215646226, 5.495802474131432e-10)
(0.45174810911007085, 2.829622414467858e-10)
(0.7569963971796547, 3.264450336163346e-10)
(0.1689700570641583, 4.196497050692685e-09)
(0.731457822908713, 1.24822803298159e-08)
(0.7560224460028419, 5.528688416560473e-10)
(0.5264424581975046, 1.5991971391571928e-09)
(0.7230307479728194, 6.641530504788076e-10)
(0.5604211248858373, 3.6945701748431535e-10)
(0.3080202620685805, 2.628715311572119e-10)
(0.18852781934255375, 2.949720334127111e-10)
(0.9736928737907071, 9.21927902577746e-10)
(0.14791904732878225, 1.5957423896478847e-08)
(0.711520108361664, 3.5144666466401556e-10)
(0.3947683144838426, 3.0954622265978514e-10)
(0.09050727928243148, 2.8410716149217885e-10)
(0.18524426251027884, 9.90086589048178e-09)
(0.341289426929737, 8.434607910117974e-10)
(0.12135755827998712, 3.137560140849325e-10)
(0.1421892443458121, 5.923576689100816e-10)
(0.7633261118221527, 1.4021294059521754e-09)
(0.6407512981349093, 4.3656146500475143e-10)
(0.8946093139063355, 3.613112057598743e-10)
(0.15331535931516838, 9.101137570087397e-10)
(0.1365326633768831, 7.07183627501571e-10)
(0.05707989942213074, 1.9281511057808247e-09)
(0.27981287501010765, 5.412168144672759e-10)
(0.6247749909421363, 2.4769886423205174e-09)
(0.6317271549110666, 2.792911692949933e-10)
(0.33243546802797463, 7.886588436166492e-10)
(0.450639953591638, 3.813582531473485e-10)
(0.4924068290108414, 3.798398436109923e-10)
(0.7846395418212865, 3.474980876471854e-09)
(0.9629133478817139, 3.2567008919945865e-10)
(0.9919457624417666, 1.0899442754663826e-09)
(0.20546425151258252, 4.0236725375123547e-10)
(0.4224539609263662, 4.110339890115498e-10)
(0.28826856508233717, 2.7874324867185e-10)
(0.453646968054913, 5.571308622579068e-10)
(0.10296792853407945, 6.866883806087873e-10)
(0.1882848389945943, 2.9375770795658607e-10)
(0.9521160533200947, 4.2803993779113597e-10)
(0.3618490289852824, 1.8408468585735665e-09)
(0.5848793327337067, 2.030583368962663e-09)
(0.5205653131314574, 3.3114719332523774e-09)
(0.05781509268189054, 1.078445734710506e-09)
(0.22018509765934666, 2.6359447487044743e-10)
(0.6102273754552301, 4.5291646581339063e-10)
(0.7443332219197737, 4.4629370773837183e-10)
(0.495281718818361, 3.395844898618771e-10)
(0.693155700940819, 1.2801358221973287e-09)
(0.491917422034114, 4.4040945252866266e-10)
(0.5430441556644084, 2.8458017732159485e-08)
(0.1673801890771726, 1.702542338984255e-09)
(0.052494358892903194, 2.752633663517559e-10)
(0.4833703247120202, 3.67130302024275e-10)
(0.49461716091483526, 7.410694879421051e-10)
(0.8104704565378035, 3.378180125140183e-10)
(0.2710946893153677, 6.149049862206021e-10)
(0.9046328394646717, 3.443700369874194e-09)
(0.9798667715288665, 3.447321627896186e-10)
(0.28443672386653757, 2.6700199884526396e-10)
(0.19881535109022394, 2.8640454617696396e-10)
(0.6700026425616196, 7.67221315501783e-10)
(0.5093839250149536, 3.191307609666835e-09)
(0.41106828420295155, 8.024427674114675e-10)
(0.759805047764349, 3.1851172233993356e-10)
(0.5182506440800594, 3.5716259272435268e-09)
(0.4955868519247979, 3.4693461025679064e-10)
(0.8118340500483084, 2.807424692856948e-10)
(0.9573572843086252, 1.0766794495747713e-09)
(0.7724899652614774, 1.815941690851505e-09)
(0.9113930395625897, 3.7707444802015395e-10)
(0.9536509908088382, 4.843469560037783e-10)
(0.5737414075849382, 6.004306414571157e-10)
(0.742104429472012, 3.0534691758244654e-10)
(0.31629216601500415, 2.90710069174984e-10)
(0.052084237482378885, 3.1832746358450186e-10)
(0.7245717159599364, 6.712997912640569e-09)
(0.800185435904854, 9.491712521076063e-09)
(0.8721442368894216, 3.464559420354925e-10)
(0.14069824301187936, 1.1600956956609312e-08)
(0.06732658276487148, 2.7334268677007446e-10)
(0.2204189224887255, 3.117610651475211e-10)
(0.7978005583740824, 4.0031289281743645e-10)
(0.09801462379600019, 2.780709823318192e-10)
(0.8758766725182837, 1.6536710019234032e-09)
(0.8930828195032618, 8.865447015389655e-10)
(0.12358072302404173, 6.378368403878921e-10)
(0.642342028266922, 3.01587980982827e-10)
(0.9083432079727771, 5.765690222239122e-10)
(0.7834436042084991, 3.7079995304815367e-10)
(0.22347973145612246, 3.916138151390551e-10)
(0.0192162685898819, 3.0523227177112673e-10)
(0.8351803583847802, 2.7165163072973776e-10)
(0.9306683316880586, 4.2076357207363735e-10)
(0.04331897204769947, 1.6870519553687364e-09)
(0.163565153066204, 1.2279526364881587e-09)
(0.4590583081119058, 3.404709484900169e-10)
(0.6559210120778796, 5.735654896334786e-09)
(0.7620193885078403, 3.6587183157706775e-10)
(0.035003928572257766, 2.6142923997335566e-10)
(0.46638072878721687, 3.0845465284405823e-10)
(0.8247433642876764, 6.031787442529954e-10)
(0.15302944047398626, 1.7076924826467288e-09)
(0.3912102367386931, 4.916653650028982e-10)
(0.6645833941674636, 3.973978385322159e-08)
(0.15377602808557722, 1.837533933027392e-09)
(0.9838834120157437, 1.0731513652167988e-09)
(0.9827122992934563, 4.5269731808550914e-10)
(0.7995001674996013, 4.673893674377743e-10)
(0.6890433309269516, 2.0125582171632567e-09)
(0.554992622412408, 3.779583349178409e-09)
(0.4389094434306458, 6.544435491315932e-10)
(0.7630370105098577, 7.202723977360431e-10)
(0.5165924049887577, 3.513806914817417e-10)
(0.07264643654156776, 3.012165737211394e-10)
(0.4008614169435439, 8.529768037042034e-09)
(0.32574344999789095, 9.194585484824433e-10)
(0.6143146568189616, 3.6592878517123374e-10)
(0.696690384814287, 3.1711607882940047e-10)
(0.3077871505578261, 1.269567824970736e-09)
(0.496023138669267, 5.642696306351765e-10)
(0.252270275968989, 4.437445931067905e-10)
(0.7711431563072011, 4.5504004205908734e-09)
(0.2230565571152186, 4.280861821666418e-10)
(0.27752546516399673, 3.0466845513856895e-09)
(0.45569100092470116, 9.641523923304e-10)
(0.18437073915863966, 4.781860458884551e-10)
(0.0449773361582219, 2.734183531984752e-10)
(0.15831711899050244, 6.710610868182053e-10)
(0.1503117605796617, 1.064160779715099e-09)
(0.36711743251854473, 3.62390958567501e-10)
(0.7813011930801019, 2.793877848783345e-10)
(0.5573504688488568, 4.884681606424618e-10)
(0.56708223090974, 1.059357571484568e-09)
(0.92411154741842, 2.961337319366829e-10)
(0.9604864688165554, 2.0336168806945492e-09)
(0.18812313086627463, 3.0156663530514085e-10)
(0.30332220481240546, 4.715864834559243e-10)
(0.44761021499605064, 3.049221620262597e-10)
(0.25239145797292845, 3.0988110856728565e-10)
(0.1229991487443532, 3.4239008515466143e-10)
(0.7726055886784605, 3.8775540479293045e-10)
(0.3190268063673532, 5.812727919285326e-10)
(0.4992236391397893, 2.1999106490518268e-09)
(0.5130645569913241, 9.8575800425064e-10)
(0.8088905445860294, 6.782700143430674e-10)
(0.40310158725061745, 1.8981186739485786e-09)
(0.03950494312478815, 3.409837539554326e-10)
(0.47292122884537124, 9.256346669078575e-10)
(0.2999344595646724, 2.735179118540899e-10)
(0.6048271019164566, 2.706353126812632e-10)
(0.14147952445327933, 4.255644503135148e-10)
(0.6945035757899173, 2.768476836302572e-10)
(0.831473252928679, 1.1911596362651192e-08)
(0.2194782924637472, 7.605197725138235e-10)
(0.04727438928875806, 2.6984255679256473e-10)
(0.20092740386028585, 6.994321267353329e-10)
(0.2888344160809119, 3.0783782811708706e-10)
(0.3114199476317145, 7.594890533703665e-10)
(0.5979658691139443, 4.664361601034572e-10)
(0.8196266349503558, 1.0326483388433265e-09)
(0.8847789936420184, 8.990889275477935e-10)
(0.5908606816173613, 4.679660589495475e-10)
(0.19829046094538746, 3.741964172734873e-10)
(0.37705617225815197, 3.0184603085380057e-10)
(0.8514412586350247, 1.3637556919571094e-09)
(0.2006465957702173, 2.807402777167049e-10)
(0.2954924230200086, 2.8145764890019896e-10)
(0.2851424942753075, 4.985781685989236e-10)
(0.4539310596101552, 3.2508833002959695e-10)
(0.5415641074394041, 3.218823095944902e-10)
(0.47467906828314527, 5.054233641250926e-10)
(0.37020749215318405, 9.058466588692359e-10)
(0.1758067338048095, 3.3577805967036195e-10)
(0.5127157431288806, 2.7330995470325507e-10)
(0.08844047763480528, 4.4395042759576735e-10)
(0.28046015737013147, 1.0418483604835686e-09)
(0.7213300981495835, 2.622219063800137e-10)
(0.8470437468080172, 9.508914276110449e-10)
(0.7599693619198266, 2.9550567005084787e-10)
(0.9428208522042638, 2.0778902740291818e-09)
(0.4562607600862964, 8.390081422767395e-10)
(0.6747471946827187, 4.817960691766045e-10)
(0.7359641884119027, 9.014318761086364e-10)
(0.02349517608117448, 4.481919249593968e-10)
(0.3809156163440579, 1.146766333768658e-08)
(0.7930411638865235, 5.388579076974119e-10)
(0.5278263409576993, 4.977016985390036e-10)
(0.6692227729026466, 2.750525657678613e-10)
(0.7227599010099963, 4.2764617295021174e-10)
(0.3763502033912046, 4.582048546140739e-10)
(0.13340953559486982, 6.542475593154908e-10)
(0.21007955639735865, 3.704668945660306e-10)
(0.8428528113862446, 1.4794935980534855e-09)
(0.4358943440935886, 3.1923536228251353e-10)
(0.5529647257254358, 6.6084119147660666e-09)
(0.3403816438910913, 2.628957522786408e-10)
(0.34684405639938, 3.678247204350303e-10)
(0.725900705662532, 3.6612645545088667e-10)
(0.882845384260853, 6.862791516429979e-10)
(0.8758953697165394, 1.2797815554588854e-08)
(0.12027573936817908, 1.108994825774234e-09)
(0.6558358629369787, 2.8375089745226226e-10)
(0.7523753831758944, 8.397536161864186e-10)
(0.5542325101423019, 9.957570003208947e-10)
(0.9825673992930527, 2.4262390960229026e-09)
(0.6878257617092361, 3.3031534253705034e-10)
(0.11098641479234297, 4.241169357847917e-09)
(0.944823213745848, 5.608028974202244e-09)
(0.9116179768795319, 2.2626239772945107e-09)
(0.35600758693706186, 3.487547234733437e-10)
(0.004394279155402933, 3.3275111366583183e-10)
(0.23177426784975047, 3.4070520990490325e-10)
(0.766562040101246, 6.286873090320084e-10)
(0.43399940619150124, 9.558052304701739e-10)
(0.7781777631392099, 7.9744873512556e-10)
(0.8442948046012638, 1.3316675247064502e-09)
(0.9098364022983737, 4.2139570450604637e-10)
(0.3898807099242368, 3.2450949395088685e-10)
(0.22356465189485916, 4.3567706935998163e-10)
(0.6828714258606842, 4.5159286837387407e-10)
(0.5593986885848227, 5.860184735096359e-09)
(0.7314565542896247, 2.949252916163375e-10)
(0.6369918604837745, 7.929253182473524e-10)
(0.027300561986415575, 9.667213306237807e-10)
(0.08456139449973328, 4.726137296319372e-10)
(0.5515254313946968, 3.688456622834772e-10)
(0.7214638476846127, 1.9998904792372976e-09)
(0.48073903478833546, 4.5356526192840094e-10)
(0.5089944466218559, 9.114795624542034e-10)
(0.7103289018529128, 4.0491805364427156e-10)
(0.5159569060686949, 2.683646911368929e-10)
(0.21052860332435672, 2.7818511153835285e-10)
(0.738445354033006, 8.408480239788374e-10)
(0.7349370913414104, 3.2344800055727363e-10)
(0.949401876327444, 3.1443082933895535e-10)
(0.5697470719283392, 3.729634216393417e-10)
(0.07562320398648179, 8.609913519956335e-10)
(0.17149754908334056, 3.837131153700632e-10)
(0.2334783879034339, 1.3987234608688993e-09)
(0.18154582623595705, 2.9909883802547406e-10)
(0.871314346674153, 4.504789873967016e-10)
(0.2564948270229811, 3.7160903045672585e-10)
(0.1359518474646414, 3.4278568079609594e-10)
(0.9079554907488933, 2.8487948073805926e-10)
(0.503900915395954, 8.30982776455005e-10)
(0.8606067322145746, 6.58074373107186e-09)
(0.9124198422520459, 3.5335201683479583e-09)
(0.889943513320713, 7.252363183638058e-09)
(0.036471490922442965, 3.8649134197016963e-10)
(0.8221236465197335, 3.3720243119575084e-10)
(0.9658870681781063, 5.149514442868036e-09)
(0.8730861327359873, 3.382827448518296e-10)
(0.317407376322507, 2.993484643734918e-10)
(0.35007978414455654, 8.440880551047354e-10)
(0.19873963263317476, 1.8104580033160758e-09)
(0.7120986944132784, 3.402406469069842e-10)
(0.49907678642744235, 9.001047527674163e-10)
(0.26881783312235885, 5.754735236040184e-10)
(0.3513682654634646, 1.4498797213613473e-09)
(0.5256035686740972, 5.630351291109662e-10)
(0.18278834715863518, 6.773394690248836e-09)
(0.7133417967905235, 2.867403174418799e-10)
(0.862916251483258, 5.871312724998035e-09)
(0.47063888411287524, 2.7095983404804e-10)
(0.6844570497546155, 3.1954208463955356e-10)
(0.08701466357869296, 3.9393082147057367e-10)
(0.8342796287738503, 4.4892034951238917e-10)
(0.37407186847495655, 2.8639700270061105e-10)
(0.38889669580819336, 3.1860861189783596e-10)
(0.0965533887105009, 5.254104819423665e-10)
(0.595039245859873, 4.5884681854576553e-10)
(0.8875072319390741, 7.413289190642203e-09)
(0.27965438768698253, 3.666219747563923e-10)
(0.3072062863403941, 5.2877134506138e-10)
(0.8131259814303903, 3.7598816042899736e-10)
(0.7338880157426705, 2.9987869755439854e-10)
(0.07987359878917753, 5.657662790189274e-09)
(0.0957130226772318, 1.552654334527018e-09)
(0.28221652761596416, 7.664856137138364e-10)
(0.1139069129283758, 5.604541715446651e-10)
(0.8118654297403163, 3.7408223425519147e-10)
(0.7131777228168679, 6.46482199952324e-10)
(0.1376960414529334, 1.4057649270643082e-09)
(0.0966735755360838, 3.206156912439134e-08)
(0.9052704621737665, 2.6677319463383296e-10)
(0.25627940407784555, 2.942643364214439e-10)
(0.061846662555259585, 7.804892838924687e-10)
(0.3133381275078888, 3.925360829087262e-10)
(0.48750355197141576, 4.3172124207182897e-10)
(0.03487803518703877, 2.966207323508758e-10)
(0.20184440595254347, 3.59446022964612e-10)
(0.6158177088819629, 1.5686888555565567e-09)
(0.7176457759029322, 2.81173283514602e-10)
(0.7412678249937033, 2.6138769281073094e-10)
(0.5562827660523528, 2.746839872802082e-09)
(0.5195401506043269, 3.0115043233760925e-10)
(0.5479957193549799, 3.974614934605199e-10)
(0.7464355652505095, 1.4710598653511475e-08)
(0.390040292296314, 9.677542023755548e-10)
(0.9872322282021107, 2.720596133370333e-10)
(0.9662166751874224, 8.274218474098153e-10)
(0.049802572489704586, 3.2463672625281233e-09)
(0.48468799820474023, 6.745281283175879e-10)
(0.4349127944104916, 2.8014050307338665e-10)
(0.3550779719570147, 3.771657031492884e-10)
(0.4403161624928584, 2.3992195652943038e-09)
(0.009369232760636193, 2.7286416550829465e-10)
(0.2103144992598546, 6.391215206900073e-10)
(0.42863452683904435, 7.603884017789585e-10)
(0.16870773191032382, 4.3333508693394946e-10)
(0.30917724401623375, 9.795494343377057e-10)
(0.4019616046382025, 2.660543553863123e-09)
(0.8898422835801254, 9.165994843592678e-10)
(0.6219066173447951, 4.353972469812751e-09)
(0.6096456073482477, 1.277433626513858e-09)
(0.16995546538180023, 9.354878627585444e-10)
(0.4018886575643503, 1.3983526854363834e-09)
(0.9286896043676228, 1.1475760792925802e-09)
(0.013874627740191997, 5.310574939820591e-10)
(0.0012251752827897684, 7.494839487697588e-10)
(0.43249349771097056, 3.089260301338079e-10)
(0.46465419684791637, 2.7905063683308385e-10)
(0.483860836829081, 3.0772714492676554e-10)
(0.533462387218153, 5.173314474290309e-10)
(0.6087584497939937, 2.6296845221466933e-10)
(0.4860634167632375, 3.5324521501616743e-10)
(0.3408481118318726, 3.2657719169889975e-10)
(0.12383852289648004, 1.8618059297720872e-09)
(0.03387282060191532, 2.715491386609352e-10)
(0.41056421523829867, 4.925268044858514e-10)
(0.8043210377207766, 2.713494470461212e-10)
(0.46481192124659615, 5.31090063789318e-10)
(0.10410119231312773, 4.6100736651221447e-10)
(0.5454447186609018, 9.253469640529315e-10)
(0.13273873398185176, 5.074940639502326e-10)
(0.47973046227166366, 8.443979553195042e-10)
(0.8179610694114404, 3.6976442253202837e-09)
(0.5093312473436967, 7.406283583166022e-10)
(0.14981374815774623, 1.512225746069598e-09)
(0.9458610041758913, 3.130147894893033e-10)
(0.9289422340535061, 2.8630248145845737e-10)
(0.40196404663917357, 5.835054534579635e-09)
(0.25233396165652766, 5.237007488230288e-10)
(0.25024007235554496, 3.638532115431412e-10)
(0.836558941265203, 1.0059950673657193e-09)
(0.6389723887697909, 1.3124299312791584e-09)
(0.7157601306144187, 7.918970743382665e-10)
(0.2038314374227837, 2.4972138179119876e-09)
(0.07151634105320272, 6.834473714978797e-10)
(0.2042547321791319, 8.6667475127161e-10)
(0.03648784613998217, 4.2678616691176635e-10)
(0.621926637667501, 1.0615930712197463e-09)
(0.09096682235665512, 4.701846634076099e-10)
(0.8729950948084356, 6.642951215678595e-10)
(0.942970163191327, 2.79832809752497e-10)
(0.5113703012399289, 2.810335324948028e-10)
(0.41677220999288095, 1.0027054927716216e-09)
(0.8714781780539992, 6.00278555547674e-10)
(0.410537995408217, 2.881842860258804e-10)
(0.4823430290259301, 4.097051943202139e-10)
(0.0952353583488847, 3.445715493894386e-09)
(0.2999751428014611, 3.183907492391351e-10)
(0.4646131656517989, 5.006217593515252e-10)
(0.8287283695323691, 4.0381198695045453e-10)
(0.5166073545683988, 3.2774874325028716e-10)
(0.15343078228686274, 2.890707350112609e-10)
(0.5875732390605741, 1.3089807450464434e-09)
(0.959566167871007, 3.538352485423836e-10)
(0.47518783824836786, 4.1483204328495553e-10)
(0.36713845761879216, 5.179786595370944e-10)
(0.43367565852268836, 8.965269219669578e-10)
(0.4254518251072895, 6.570802043683733e-09)
(0.1895396760968446, 2.6271183323943217e-10)
(0.33738041414525544, 7.497083381907843e-10)
(0.8022455931359032, 3.1553572547993915e-10)
(0.7171284484506125, 2.8552545451828534e-10)
(0.03870244259396256, 1.0997143829602528e-09)
(0.9556472943787531, 6.705993161657709e-10)
(0.8887107635298632, 3.7276702515699994e-10)
(0.38108805654703043, 2.630132855672151e-10)
(0.7581983876506692, 6.372695502296198e-10)
(0.9641818364315875, 3.2152843971872933e-10)
(0.05745943852853688, 5.103201783032935e-09)
(0.6480311105449821, 9.113250605005731e-10)
(0.673695032716374, 2.648981647881623e-10)
(0.12797597400366134, 5.982022678186492e-10)
(0.8488798715465152, 1.0427247596586449e-09)
(0.4210514618068843, 3.3103128334103427e-09)
(0.7617683117994306, 2.631422497300829e-10)
(0.9032499490219188, 3.63081190799036e-10)
(0.30612726313699523, 3.9748761907563015e-10)
(0.7195604163449483, 3.0684907771115728e-09)
(0.27055882049214525, 3.657113886973384e-10)
(0.5781680219146853, 5.377465931101699e-10)
(0.6582484341972755, 5.238322479030994e-10)
(0.3573990281877864, 4.111491107885931e-10)
(0.38179818992109343, 3.1060435789845374e-10)
(0.2923810856972662, 3.7272155148051605e-10)
(0.8214131928392836, 4.359914540089415e-10)
(0.25965752312921275, 7.353977553660905e-10)
(0.4366065762863172, 1.099901480271017e-09)
(0.5066190464101669, 4.860092503658667e-09)
(0.08379714992477082, 2.0132313469169263e-09)
(0.28090160645496554, 1.0173469266738398e-08)
(0.6664556732288206, 1.315084089982939e-09)
(0.948089874299712, 5.243747448498191e-10)
(0.6976713047573613, 4.5833499508620383e-10)
(0.3672292466167404, 9.292214018057106e-10)
(0.4753382737442903, 7.749334143665644e-10)
(0.9336028200647457, 3.9226275246189345e-10)
(0.23628639236897309, 2.0103589073006416e-09)
(0.8919415692497205, 3.0224305336171595e-10)
(0.3586476021828626, 6.916911090650927e-10)
(0.24339963816734136, 1.3135475316590415e-09)
(0.24476951332458646, 1.221614857882811e-09)
(0.29302707103358894, 5.072998743563018e-10)
(0.09808730480399606, 5.355522836756578e-10)
(0.6867746503516176, 2.416328671324649e-07)
(0.8724642403937523, 3.63830734338029e-10)
(0.9394154996024708, 1.008868667037143e-09)
(0.89304038540999, 5.387506780833955e-10)
(0.8882606113969129, 3.84913992944103e-10)
(0.09449146387952362, 2.8529083397059317e-10)
(0.9252516524126705, 3.406867400330884e-10)
(0.6946405901445272, 2.6125161578274955e-10)
(0.6532198954238935, 1.286592922693936e-09)
(0.4772030459169906, 3.296945307511186e-10)
(0.102878848979508, 2.9186021342470436e-10)
(0.8826539434506889, 1.0693297694294636e-09)
(0.026817991702130225, 7.3480821610695894e-09)
(0.895895272796154, 2.8589662254582532e-09)
(0.9919246324839474, 1.5749752980848035e-09)
(0.5929618666794355, 2.3603316456760725e-09)
(0.8287204766670971, 1.41023754004047e-09)
(0.8577508551205003, 4.958894605604771e-10)
(0.8771406137410779, 3.8624109709887084e-10)
(0.42081304977930634, 8.786849446409689e-10)
(0.5702824934405445, 3.131976816614679e-10)
(0.33047520362497484, 2.969024917620327e-10)
(0.321254588130845, 9.41481955155974e-10)
(0.325233684760331, 1.3607235886789416e-09)
(0.008360311660433451, 2.9607956294725613e-10)
(0.9015934325738957, 8.512758752210871e-10)
(0.8441768609863304, 1.6967355373427628e-09)
(0.25207193882109585, 4.98420550892237e-10)
(0.5933496356257826, 2.035768805326657e-09)
(0.991399546360564, 4.1129735142775634e-10)
(0.75941337138938, 3.75175239571648e-10)
(0.9558357252820456, 4.980470025290055e-10)
(0.2505684299962717, 2.6193500762534704e-10)
(0.5278044270826451, 5.634028541068512e-10)
(0.7048635866235222, 1.9255451451683817e-09)
(0.6930690282107661, 2.8968174770202574e-10)
(0.39856522459660576, 3.976033394138823e-10)
(0.41377135331988857, 1.3707010894723114e-09)
(0.914976559912454, 3.6807512384234567e-10)
(0.6452800857771536, 1.5686412750813442e-09)
(0.2454758641673274, 5.439423904761232e-10)
(0.23558765168759344, 2.8529065895049774e-10)
(0.023527440995636563, 8.902432912475711e-10)
(0.7730394579818171, 1.005499604884085e-06)
(0.503566440361092, 2.6633963878005085e-10)
(0.122347967289003, 5.615738036556851e-10)
(0.44035111976005703, 6.490986191858322e-10)
(0.034748024277581384, 6.422192946358767e-09)
(0.9957054034354007, 3.833898151358069e-10)
(0.6670006689898828, 1.1321282968954484e-09)
(0.7114885867007369, 9.097150659822707e-10)
(0.8297843170325216, 1.0437848361859316e-09)
(0.0456382449888325, 2.755519078599424e-10)
(0.28999500970769343, 2.9295121471651713e-10)
(0.8318667001102285, 3.8040550507494656e-10)
(0.3431171012943983, 3.632456797730373e-10)
(0.6175554293378864, 4.1006505651140964e-10)
(0.021282075881989975, 9.657779759924475e-10)
(0.6511742828733433, 6.103676393203326e-10)
(0.051919683523833166, 9.347294506539572e-10)
(0.3060084842473484, 7.188455247090697e-10)
(0.550043238998969, 4.830833996857748e-10)
(0.9935191144151141, 4.712286289511737e-10)
(0.08831877359315701, 3.7904741699182844e-10)
(0.04636527062980605, 3.316076423364053e-10)
(0.004194048724718416, 6.816667600373367e-10)
(0.5662746344390207, 2.674136240625238e-10)
(0.7994092767016329, 3.3751483250303066e-10)
(0.7041059933721773, 2.8272864421868157e-10)
(0.057750701907523835, 2.9099844657463526e-10)
