(0.8948893681438318, -0.7597150269063219)
(0.03815841098577734, -0.3593500514223007)
(0.23097945910193282, -0.673104610540596)
(0.8840295450780791, -0.5516848787402466)
(0.7714153689264697, -0.7783411107629982)
(0.9910911652537227, -0.8899297433017601)
(0.831177489765759, -0.6223053412122023)
(0.8926041845309552, -0.6282925354571011)
(0.03230689293873134, -0.31463729832617837)
(0.1234604867686606, -0.8279075668912241)
(0.9983767123676087, -0.06925221540720382)
(0.9714170412927637, -0.6358935959332713)
(0.06388894663534499, -0.761610247645751)
(0.022320615034168566, -0.41726352781894716)
(0.9780557970389345, -0.2431215134648419)
(0.03847703639514732, -0.31746739811528213)
(0.9949312620447601, -0.13870920964604425)
(0.0006727025441356872, -0.09770051134061433)
(0.9710890333709281, -0.24305538209051655)
(0.8821958434233517, -0.5615016666539491)
(0.026409383462187512, -0.35944171875616693)
(0.9957868906231626, -0.22673576233609294)
(0.012054634072618732, -0.27684087915142297)
(0.003671722356525483, -0.6066122088701453)
(0.042911388243545345, -0.4014787373701788)
(0.9839075692411738, -0.19356745396692251)
(0.0038945547020423146, -0.19209678180795195)
(0.0018125485793246395, -0.15819905752873115)
(0.24403824297649193, -0.7304794876179603)
(0.982904506548417, -0.37780486482936537)
(0.9021136497878967, -0.49180768058990976)
(0.041253618510111, -0.3814871581159127)
(0.007559967780543635, -0.1667208409027981)
(0.9998011588151516, -0.030965753455951553)
(0.004136615878417572, -0.17709374754680943)
(0.0034131869083769257, -0.17630542184200715)
(0.9994183585904052, -0.08566376740540829)
(0.9999743313275865, -0.010249490471258237)
(0.08693564346830679, -0.710807662686086)
(0.10145400265369306, -0.8101666904578407)
(0.873365329785212, -0.6963645265634586)
(0.06742814479275235, -0.3671504223372841)
(0.9927313510306985, -0.2716575540746223)
(0.005878174489548688, -0.40346840094385106)
(0.001413235294117647, -0.21550433966178564)
(0.9985850618322387, -0.16391242256430893)
(0.01957296448417492, -0.4425675011174627)
(0.7108685577461525, -0.7074311650125237)
(0.00035094748750824926, -0.0345392078273815)
(0.9344381442060499, -0.8802224296029302)
(0.7397974086669866, -0.7643751745812255)
(0.897504741971352, -0.4792430864347382)
(0.9708175535860696, -0.28607143046502603)
(0.99477083906626, -0.10724935959795419)
(0.16619222859616842, -0.7930671661977176)
(0.0122051179061328, -0.17110628478921475)
(0.9083762260852676, -0.7115808049432565)
(0.9443635824850091, -0.6386092898916392)
(0.9910034561121106, -0.1734482423184526)
(0.9130643565316933, -0.710807662686086)
(0.9984855677067168, -0.13377298209885732)
(0.10004160832694899, -0.48392119174838927)
(0.9083762260852676, -0.7115808049432565)
(0.08843884903138587, -0.562821466862851)
(0.8909903588547267, -0.6676946498478842)
(0.009926597800266706, -0.14243346076016206)
(0.08572408401675614, -0.5403819951398837)
(0.053966062891387785, -0.4933773852602998)
(0.09885913793982229, -0.6224322149969174)
(0.9751754644928433, -0.34888852878859083)
(0.9986833350468568, -0.07106739140788304)
(0.9959058854104474, -0.12866472947939356)
(6.996334558793367e-05, -0.033396205609741776)
(0.03102939810514583, -0.850727701618604)
(0.828322884294106, -0.658123084457642)
(0.996053558661707, -0.18980084002084507)
(0.00013224873600313784, -0.03151239030236453)
(0.9979281485321402, -0.2498890766022561)
(0.9998707279601432, -0.02733608398056671)
(0.034265921984678996, -0.2935650000200612)
(0.016450924134249683, -0.48890021675456813)
(0.1282712964112753, -0.5686659900425859)
(0.05690794581166059, -0.35552109446572044)
(0.8328880505081614, -0.5641474860256169)
(0.999956800649684, -0.015708586291078963)
(0.9796923407917384, -0.31528173616612354)
(0.0104077097085709, -0.48464458008682765)
(0.9480445358163107, -0.43789653422066577)
(0.9915412675397034, -0.20913912876627558)
(0.9729488757739237, -0.663234326776921)
(0.9952090663611816, -0.5995538457164481)
(0.20871004520542466, -0.732802691173012)
(0.9710890333709281, -0.24305538209051655)
(0.07902558072102839, -0.5901565408438345)
(0.03808893852403723, -0.27459366609080904)
(0.9924182891648485, -0.37880882345189953)
(0.021770072221987583, -0.3094626662373068)
(0.9993885189190052, -0.14617984024684108)
(0.9552036661101034, -0.44007420800854735)
(0.0002416375110355426, -0.04791647352124195)
(0.9930764934346281, -0.1894661219700954)
(0.09740500276135185, -0.493483718025614)
(0.0021107845025091663, -0.0719852431602203)
(0.13326378407173933, -0.6505502573471288)
(0.02055576918726956, -0.8286941062341053)
(0.9888286015954951, -0.4297951401044528)
(0.004912502555637167, -0.277415268266207)
(0.03912363694676074, -0.5874877764994156)
(0.1720422379478107, -0.8101666904578408)
(0.9635902712815716, -0.2741682899345449)
(0.936111053364655, -0.761610247645751)
(0.9746911180493968, -0.44507839275088457)
(0.1522068062363955, -0.6483398117490498)
(0.018388284250960306, -0.23454377556020203)
(0.8903880760503873, -0.5732843712151405)
(0.7500843117003562, -0.772205335718727)
(0.004560556247181571, -0.1412037546010397)
(0.9499480676851171, -0.3170964447353924)
(0.005054769176553507, -0.5379381202646476)
(0.2841189926676334, -0.7482636739957018)
(0.1769389821925901, -0.6183768713394135)
(0.006919590529030241, -0.5725675977573426)
(0.03491220195485114, -0.28352103626073627)
(0.9984466325875616, -0.07761167560837888)
(0.09951097736132959, -0.5011386053280016)
(0.8380420427030596, -0.8064216980520265)
(0.005054769176553507, -0.5379381202646476)
(0.05750753115832168, -0.7213321337790379)
(0.9978275944843037, -0.1954270810151418)
(0.9540179906723238, -0.4058507100167672)
(0.01507001018329939, -0.18653634288443768)
(0.9793931462402997, -0.30635986204261073)
(0.8836494081739001, -0.6818234523655096)
(0.19473399383898093, -0.610036428981826)
(0.9693881031424804, -0.8330469267020683)
(0.9734317531671435, -0.7485847515836445)
(0.9970216436410025, -0.1062197931097072)
(0.9873418215903765, -0.5723439734807617)
(0.06324062430653155, -0.541988871107383)
(0.9793931462402997, -0.30635986204261073)
(0.028049391420513582, -0.6797487335331668)
(0.1263093249484131, -0.7199712634863625)
(0.9308047829036635, -0.621365972566207)
(0.9997418034221192, -0.027279660023800667)
(0.9999773519189301, -0.010740830530054094)
(0.9997355667083941, -0.042074739290599336)
(0.0038945547020423146, -0.19209678180795195)
(0.10591559611235377, -0.7251873105663921)
(0.9880943903890462, -0.18633805035630902)
(0.009606864855912554, -0.15168821523063747)
(0.9991064193163302, -0.06384590459033583)
(0.9155787133698509, -0.4499488804316224)
(0.9904368142838128, -0.17415402703173335)
(0.09305865419215545, -0.5273226015473704)
(0.00749323458196838, -0.20872091008405388)
(0.9799509058221546, -0.5066482885147774)
(0.007144401122385722, -0.14941652966860078)
(0.013596677728579485, -0.16932924940378244)
(0.8940844038876462, -0.7251873105663921)
(0.034201884549876854, -0.4489068598902545)
(0.9200300305021855, -0.5760154986085902)
(0.9964389043360637, -0.13765588691103764)
(0.9949312620447601, -0.13870920964604425)
(0.9994183585904052, -0.08566376740540829)
(0.999997300003077, -0.00746538710772938)
(0.006013693260679587, -0.11770593784539518)
(0.030268866882269048, -0.36795429908305605)
(0.9873269859401392, -0.22259869088055534)
(0.019305999540806414, -0.3235172263162392)
(0.013019232311352276, -0.24481928939685893)
(0.006419816621679813, -0.3847766349395939)
(0.00021845071642078638, -0.022339436584658607)
(0.9733310647775785, -0.45332843831595077)
(0.9846036746796569, -0.19398357377159567)
(0.08388072199478973, -0.6817219527819791)
(0.0008270414175358966, -0.31978123984204215)
(0.949702428731968, -0.42010570078324383)
(0.2622620011074669, -0.7802474281744592)
(0.0029156275098279577, -0.15486214542208884)
(0.9961160383316401, -0.20119024543509467)
(0.008002111121773342, -0.14062273387392213)
(0.9939863067393204, -0.11770593784539518)
(0.9963282776434745, -0.6066122088701453)
(0.9122780808450759, -0.7062038618752734)
(0.9736538032567477, -0.32688590446133003)
(0.9999949160046747, -0.009430679464392355)
(0.020049094177845388, -0.5066482885147774)
(0.9252863036172212, -0.583529581933064)
(0.00038169586646040937, -0.0527189808144815)
(0.00013224873600313784, -0.03151239030236453)
(0.9739240297274979, -0.24201973735757926)
(0.7937288286682118, -0.6531598813068917)
(0.23097945910193282, -0.673104610540596)
(0.02469335397076129, -0.3883907867578059)
(0.004041438189768863, -0.25429123164089373)
(0.07446318935366157, -0.3967010399725348)
(0.9957662673492005, -0.19333863392529188)
(0.9636100616900196, -0.3503968030462776)
(0.9342112289945884, -0.6521599569656715)
(0.0018785505938529205, -0.13015997521025044)
(0.10462795639136564, -0.7275202601922981)
(0.9507348732280548, -0.6167840287973259)
(0.9986315034892559, -0.0632829022015193)
(0.06542960183244798, -0.3570908693650135)
(0.9067752476258552, -0.7482025475850824)
(0.012025492850398717, -0.20837781827672175)
(0.1522068062363955, -0.6483398117490498)
(0.9519719116781766, -0.5672747474916162)
(0.2848707226695924, -0.7583939748380889)
(0.10447692896484018, -0.6096100927251537)
(0.002313153772297741, -0.18513182951388932)
(0.06067737768448248, -0.5915668939529074)
(0.9952652593053087, -0.32077802749786405)
(0.06773063866966499, -0.5247395010169953)
(0.058138491002673265, -0.7308729550034625)
(0.9067752476258552, -0.7482025475850824)
(0.999122831629969, -0.051396577945586185)
(0.04329699761925756, -0.40379747974719554)
(0.07012893491530073, -0.5025133768946377)
(0.9999986336566691, -0.01177811669102623)
(0.004308772496166573, -0.11826563713180069)
(0.9588212690018106, -0.4772204632404168)
(0.023799053980176368, -0.8708073908988034)
(0.9910381322023047, -0.14658985972512628)
(0.02938028137106092, -0.4149853621633352)
(0.984708300672126, -0.30550657734871794)
(0.004872787528052427, -0.18230090983167827)
(0.9968758383860064, -0.1965752950716508)
(0.8124805566925911, -0.5998483461727967)
(0.9947862832554377, -0.10290012623164085)
(0.011632617502286884, -0.3191683385677881)
(0.9999781967627669, -0.014589546688796544)
(0.999122831629969, -0.051396577945586185)
(0.0008746156696286377, -0.04762867379858626)
(0.9984855677067168, -0.13377298209885732)
(0.00047731829551719677, -0.06494673312633921)
(0.9983734892821277, -0.1585852830215377)
(0.9989941669422534, -0.0515556993582983)
(0.9587302124205115, -0.4956803915911725)
(0.0006334464083533897, -0.08023086081370995)
(0.0666301556126303, -0.5534935449841903)
(0.9798712282150157, -0.36885452254264933)
(0.9081046795715091, -0.68851226729005)
(0.799351106639839, -0.7371375803320636)
(0.023799053980176368, -0.8708073908988034)
(0.8778022805507745, -0.788204340415309)
(0.13363586609504696, -0.6683524170848045)
(0.9747353606465714, -0.23277930248629825)
(0.13125443839507633, -0.5420129267147527)
(0.06219241367019891, -0.5022240495497219)
(0.05767059548043861, -0.6267125877568736)
(0.8877634586084306, -0.465156649854032)
(0.0001530489511765443, -0.01759078035158936)
(0.004780823834922017, -0.11393658039311312)
(0.031068403742267513, -0.31216013481794413)
(0.2609585381491772, -0.7829822129195033)
(0.9999999948777258, -0.00015012663406027826)
(0.9965177928612152, -0.1524627756218598)
(0.0011175425310969986, -0.054937262778078866)
(0.7504959189998966, -0.7570149342391479)
(0.06625611514337469, -0.45145146384522133)
(0.9976435654026171, -0.08797933239957341)
(0.13449205363047878, -0.7342272630118757)
(0.01507001018329939, -0.18653634288443768)
(0.9995348635206461, -0.03928672754369716)
(0.0005070377146658905, -0.038084471020108486)
(0.0034690999995292144, -0.0862378543072241)
(0.008774157377481696, -0.2416445995811857)
(0.05224043811456766, -0.6410004154128068)
(0.9979881602676355, -0.0957521699446004)
(0.06308573552223372, -0.5919683580420042)
(0.02586484250520897, -0.5612780019380984)
(0.9488480442351014, -0.7502710985562884)
(0.9994353995673639, -0.07583704263743142)
(0.0751789335560062, -0.4370241887451218)
(0.03808893852403723, -0.27459366609080904)
(0.2309955613342898, -0.8212817822476587)
(0.9988233409520286, -0.12100427310546684)
(0.012939536432108526, -0.3049039802130878)
(0.005498902414687687, -0.14622126418879888)
(0.0022275264259346184, -0.07509277566601054)
(0.0002601650774982148, -0.038471602619506405)
(0.0005186249679861131, -0.10425354356023891)
(0.9950874974443629, -0.277415268266207)
(0.9256460320176735, -0.5699665158999885)
(0.9630819740053863, -0.32998331645247886)
(0.9999998190440308, -0.000914407645439705)
(0.9878266949561192, -0.35331987407178667)
(0.9417864440524634, -0.6398249662499094)
(0.8128356178902, -0.6471373161609475)
(0.9997485793389422, -0.023157715654454496)
(0.03376041208970991, -0.34249570187537803)
(0.0006863341496798418, -0.09606249440838535)
(0.2622620011074669, -0.7802474281744592)
(0.883551581334012, -0.8475982172108266)
(0.044351452233757145, -0.42733859492013954)
(2.515036258591821e-06, -0.0067011060932841695)
(0.9344381442060499, -0.8802224296029302)
(0.02702940601160592, -0.47774320587472857)
(0.006607723464181512, -0.18525259147407)
(0.9999897128905864, -0.05583345816423646)
(0.0050569727853411045, -0.16262096004804427)
(0.7200388630028283, -0.7454318217287639)
(0.11975168183616937, -0.7248859861991207)
(0.13761390210466898, -0.5908513465446908)
(0.8248235184841166, -0.6805821612948831)
(0.03212510550501735, -0.6871562926475394)
(0.9871983375825097, -0.2558987024936511)
(0.972970593988394, -0.47774320587472857)
(0.976812603871141, -0.6150134758431997)
(0.9453694759719874, -0.8847075040450025)
(0.03215294568261796, -0.43850977596178825)
(0.9960255089152897, -0.14689373320490756)
(0.055725628734352634, -0.4161544146864116)
(0.033085482229603884, -0.35171883933203624)
(0.9999388286871641, -0.01278776704376011)
(0.059230727351916375, -0.3989082942345771)
(0.7705907493589135, -0.6959015622092043)
(0.23531426707264028, -0.7967755054915955)
(0.9999998222105249, -0.00113277366677848)
(0.8124805566925911, -0.5998483461727967)
(0.008386510350968317, -0.27183896818656644)
(0.11523204854478031, -0.8233675186538614)
(0.9997418034221192, -0.027279660023800667)
(0.00842600795690286, -0.20159544014716177)
(0.9999840107748567, -0.13782989624875305)
(0.0009076411345851237, -0.07056149086677765)
(0.9991726815132849, -0.05732278602141336)
(0.0380928056780299, -0.3939750268039957)
(0.016540974425984692, -0.2735541365876689)
(0.9955188765888663, -0.1121566265291799)
(8.870920480426574e-06, -0.005882221108697044)
(0.9935102809677273, -0.16629176043985094)
(0.011272069872276485, -0.3440621500986435)
(0.044351452233757145, -0.42733859492013954)
(0.8657952148934623, -0.5328447057305441)
(0.01747346655334674, -0.18985788925656372)
(0.9997884867567082, -0.024386919623305768)
(0.9964389043360637, -0.13765588691103764)
(0.0034131869083769257, -0.17630542184200715)
(0.017856655709082972, -0.24985839989158512)
(0.015101817198639591, -0.5213344775732296)
(0.08064647377938518, -0.6624907367541331)
(0.020176415636677207, -0.2632634215471656)
(0.9638263859807364, -0.2950402485463999)
(0.006193739226660424, -0.15592661463898858)
(0.05730067567567568, -0.4950775370608589)
(0.22502024515036625, -0.6742691085232738)
(0.24168108108108108, -0.7921240592973743)
(0.992510597526276, -0.2127387360925821)
(0.039269307077758796, -0.3886957204810835)
(0.9839075692411738, -0.19356745396692251)
(0.09614061693844686, -0.5727824415269236)
(0.01482947037075532, -0.5439685480482792)
(0.9873190603738718, -0.3419139491969459)
(0.011171398404504927, -0.4297951401044528)
(0.0060206174903894225, -0.6315526511834985)
(0.9827055880973619, -0.3368834448363071)
(0.9413660670879922, -0.7124110402042501)
(0.05395775110964984, -0.602264306140121)
(0.008908834746277359, -0.8899297433017601)
(0.009017128392838693, -0.1351812382569907)
(0.991595072687234, -0.15604749158763384)
(0.9935138922739459, -0.44645061835856154)
(0.9784075793924135, -0.21754671945145931)
(0.11727220144736489, -0.4928000019168648)
(0.08093752670711905, -0.6261984059910017)
(0.9971800379658308, -0.3660279522679944)
(0.9989272097947397, -0.05903486385676508)
(1.3058526695591154e-05, -0.013197483015811284)
(0.9990972520850115, -0.04437817626448735)
(0.06364984952586451, -0.5200689589248703)
(0.9952191761650779, -0.11393658039311312)
(0.17520704426463587, -0.6974914372680353)
(0.031142082880347893, -0.292860984703776)
(0.9020355251544572, -0.8083790322705993)
(0.00898788510911425, -0.293932427330741)
(0.989935166946623, -0.2213612992139283)
(0.03354767114231296, -0.5766773873743261)
(0.042729680263997115, -0.5079689656762646)
(0.9589942091164735, -0.40720401185412264)
(0.9948090265434912, -0.1532126019584704)
(0.03376041208970991, -0.34249570187537803)
(0.05508851099418058, -0.6383199941196563)
(1.1342049111795914e-05, -0.004817673469244645)
(0.015845980786152968, -0.3323481874076144)
(0.9878114603521309, -0.23127600259144834)
(0.12169998276753403, -0.6313241037825875)
(0.9763867353207922, -0.535907927540206)
(0.8890789611844178, -0.6411350275192251)
(0.9520641705443134, -0.3964477626068993)
(0.03611746540089214, -0.41902936912391126)
(0.030865008578980724, -0.5663014196667886)
(0.88153212139886, -0.564408222808559)
(0.22888326336462406, -0.6600914892074657)
(0.9193074467392013, -0.4773697015115455)
(0.841914852065228, -0.715471882482249)
(0.9800577759813596, -0.8710558439930469)
(0.11780415657664838, -0.5615016666539491)
(0.7725006785488103, -0.6629103002352946)
(0.01693932932738903, -0.284053016030266)
(0.9966116359554765, -0.34267830644938324)
(0.9192139932348229, -0.6522296197704034)
(0.06625611514337469, -0.45145146384522133)
(0.7871663174198251, -0.8344510236539622)
(0.09636156677861017, -0.5915095863876187)
(0.8613142249609442, -0.7949083870531062)
(0.2976835373723941, -0.7164653213615904)
(0.13915507677466035, -0.5890463500683907)
(0.19979740259740258, -0.7612620829611129)
(0.004790933638818428, -0.5995538457164481)
(0.05508851099418058, -0.6383199941196563)
(0.14003907057510231, -0.7573435676707231)
(0.99851682158344, -0.09268628655766892)
(0.24554587515391216, -0.6834770669471952)
(0.022734893812873955, -0.2408819629331551)
(0.9829597563479571, -0.2507407962665359)
(0.9576796996066277, -0.43671161929316443)
(0.9672289291164684, -0.45455460801895303)
(0.9534526236720678, -0.3931294961101358)
(0.006100900302866863, -0.30399317713565577)
(0.004228654124457308, -0.4241474702460615)
(0.9957134409396965, -0.09847390095690879)
(0.1009234947126106, -0.6588687458187101)
(0.009512767216023925, -0.15049433010115001)
(0.007520657128232628, -0.17859330559145714)
(0.998635056163411, -0.06669653141783677)
(0.0029718944692263996, -0.17058761672224862)
(0.00047731829551719677, -0.06494673312633921)
(0.12345960536113179, -0.6819757584233723)
(0.005935262939005937, -0.3241785113175139)
(3.836530963383398e-05, -0.011450439284359163)
(0.9974098679372626, -0.1845238677081099)
(0.9962869744925669, -0.08613546222671864)
(0.011272069872276485, -0.3440621500986435)
(0.03230689293873134, -0.31463729832617837)
(0.9998238787252877, -0.13512738913582015)
(0.13125443839507633, -0.5420129267147527)
(0.7390414618508229, -0.7829822129195033)
(0.020128771784984345, -0.36885452254264933)
(0.11201736772774361, -0.4685416191441925)
(0.05463052402801256, -0.8847075040450025)
(0.8484489535748433, -0.7784072610751847)
(8.860940332380422e-05, -0.01811029769422937)
(0.0006622500242236525, -0.06016619518270145)
(0.03655623145088299, -0.7711325799849199)
(0.00048756517842594104, -0.1865515405659502)
(0.9795052141303789, -0.3136675092253597)
(0.06535213896697119, -0.4022722433075321)
(0.019077516167700117, -0.2710826642483208)
(0.9966154661016949, -0.7761808843750755)
(0.9131339746992788, -0.47436570473648615)
(0.02181685402591649, -0.2535976972983135)
(0.0058689899171938875, -0.3474986269409502)
(0.04126978757948857, -0.4956803915911725)
(0.9810886817166191, -0.5645386816011028)
(0.9460339371086122, -0.4933773852602998)
(0.9516862193270933, -0.5792394659515488)
(0.985408015566049, -0.17386392873076698)
(0.06924994911459394, -0.7456897566151752)
(0.9982281800755437, -0.07407923546855626)
(0.031904185002405175, -0.6527060475423321)
(0.07740855374226224, -0.41233244504787353)
(0.0025015485321444684, -0.1400780679767512)
(0.02891096662907185, -0.24305538209051655)
(0.005498902414687687, -0.14622126418879888)
(0.05315844456051833, -0.40714970652141624)
(0.9983734892821277, -0.1585852830215377)
(0.8063791815389724, -0.6082134596580653)
(0.018407048636063978, -0.2175867730723071)
(0.9974393736607422, -0.25405669606390685)
(0.9673180148789905, -0.6900035359733225)
(0.12426226052742517, -0.858019994906168)
(0.03427960699017475, -0.5495498048826755)
(0.9997880812643392, -0.031211253155355865)
(0.09785846988133295, -0.6131812098097571)
(0.7814939637826962, -0.7371375803320636)
(0.9997884867567082, -0.024386919623305768)
(0.00026558381999512373, -0.2126745175517732)
(0.0467208825709676, -0.3195023568002752)
(0.9680780510361781, -0.4458149815946501)
(0.9946461807197668, -0.13972653184069767)
(0.14949484890731654, -0.6633183853724097)
(0.9894743847004381, -0.15002963979894163)
(3.344845329442102e-05, -0.008993825781921377)
(0.9775033753375337, -0.8243865378601161)
(0.9999264765792016, -0.02842833522218317)
(0.8692751961908121, -0.6460759675955129)
(0.9949312620447601, -0.13870920964604425)
(0.9998332854788228, -0.02007464084048424)
(0.09843420497680304, -0.7725798764762455)
(0.21895812284789376, -0.7553916110126715)
(0.014692083183543649, -0.22322666932228177)
(0.01957296448417492, -0.4425675011174627)
(0.07194839192221392, -0.548028986424885)
(0.9879745071496013, -0.20837781827672175)
(0.2121833443970963, -0.7845079711022411)
(0.04920862597685231, -0.7248142792067179)
(0.0009076411345851237, -0.07056149086677765)
(0.07141448778396914, -0.6281309514359804)
(0.005401455724845377, -0.13816464678874474)
(0.8791742528531462, -0.8134405999934179)
(0.84205078348393, -0.8380587382478225)
(0.9152852122596047, -0.5432264904509654)
(0.9999986336566691, -0.01177811669102623)
(0.014006223904475748, -0.3573939374732075)
(0.9915383046006324, -0.7474393092421414)
(0.9988262471051331, -0.08578813612139019)
(0.9679703635064354, -0.2876933772763604)
(0.9908278348933558, -0.5621564790931957)
(0.7540553330105207, -0.8063507008518633)
(5.880279256639779e-05, -0.021276875920882836)
(0.011905609610953721, -0.18633805035630902)
(0.998409633446086, -0.06753318108796291)
(0.9401730135481509, -0.6707385159740674)
(0.025364277923312854, -0.34153782377155656)
(0.14003907057510231, -0.7573435676707231)
(0.24950408100010332, -0.7570149342391479)
(0.9988714286694871, -0.08382370661607882)
(0.07525417338395132, -0.4763084110263607)
(0.9999276866416491, -0.025534970909122535)
(0.9940647370609941, -0.3241785113175139)
(0.09951097736132959, -0.5011386053280016)
(0.00027204624086404417, -0.024413018332220645)
(0.20187700780174392, -0.6725238686095193)
(0.9004890226386704, -0.5011386053280016)
(0.1522068062363955, -0.6483398117490498)
(0.8325568635275339, -0.7309604497706217)
(0.9419559683131142, -0.5210378982905517)
(0.04513824132786274, -0.8540595333481807)
(0.9629126520972738, -0.3134849977110841)
(0.9342913409591646, -0.5528587472082751)
(0.005681697160748898, -0.7803305233871555)
(0.004548198180221885, -0.18275469781359027)
(0.0061946241911398706, -0.36471615472875624)
(0.016917387279959308, -0.3054989346528428)
(7.199204659294782e-06, -0.005581971933386949)
(0.9873204736440031, -0.2798757657945268)
(0.9252863036172212, -0.583529581933064)
(0.9936026701115848, -0.16490476696166131)
(0.12345960536113179, -0.6819757584233723)
(0.9510226628895184, -0.41513583844196666)
(0.03491220195485114, -0.28352103626073627)
(0.02790073917634636, -0.30948880880678825)
(0.8065266050371233, -0.6666861577832209)
(0.11074168234187633, -0.5383808156375435)
(0.00047731829551719677, -0.06494673312633921)
(0.041308655851166096, -0.5417965030908999)
(0.984154019213847, -0.3323481874076144)
(0.9112057097311789, -0.5309142488588299)
(0.9997485793389422, -0.023157715654454496)
(0.7436868214152003, -0.6858056484931404)
(0.9568513433693587, -0.29242618845886525)
(0.774601528160046, -0.752490197233364)
(0.9991729585824641, -0.31978123984204215)
(0.8443892741207429, -0.703707914609853)
(0.9917226249060629, -0.17762351333302737)
(0.9069250184036176, -0.7705486958145663)
(0.9864373937121179, -0.19968897300017205)
(0.9729488757739237, -0.663234326776921)
(0.010525615299561817, -0.15002963979894163)
(0.9952288103739898, -0.344256133645025)
(0.00394121456324651, -0.26360438726797786)
(0.002172405515696263, -0.1954270810151418)
(0.19028136408155996, -0.652403841910846)
(0.9374091184489549, -0.5549187782869367)
(0.05508851099418058, -0.6383199941196563)
(0.00751108711137664, -0.4209165851984599)
(0.9932515388042708, -0.12091202080068504)
(0.9032499022291748, -0.5731050096598133)
(0.07037685553000209, -0.3829786508729204)
(0.9986956132631296, -0.10929026965530647)
(0.9673180148789905, -0.6900035359733225)
(0.03640972871842844, -0.2741682899345449)
(0.9930291757111848, -0.26159415159447874)
(0.007018012440965323, -0.18289885346671372)
(0.21130380628681206, -0.7734116773101302)
(0.9924182891648485, -0.37880882345189953)
(0.06939698720641155, -0.41588513857832876)
(0.9991058314098773, -0.34942427696338973)
(0.9667232831435916, -0.6727091028737341)
(0.9979881602676355, -0.0957521699446004)
(0.9615229636048527, -0.31746739811528213)
(0.9997731880700423, -0.028481310652272673)
(0.11975168183616937, -0.7248859861991207)
(0.005828156528442197, -0.20765262737492665)
(0.9840201050534324, -0.6635706890509611)
(0.001032407447555783, -0.06354138343899397)
(0.0003243752772438267, -0.13542709501147257)
(4.2158201713948345e-05, -0.013006289024739165)
(0.0006727025441356872, -0.09770051134061433)
(0.008252750036948673, -0.38675482700107217)
(1.3058526695591154e-05, -0.013197483015811284)
(0.9966717678336051, -0.08184745144769678)
(0.06570865904083542, -0.5528587472082751)
(0.9911378754601906, -0.289432110971129)
(0.9992881918181229, -0.19793258348552914)
(0.02702940601160592, -0.47774320587472857)
(0.15561072587925703, -0.703707914609853)
(0.001032407447555783, -0.06354138343899397)
(0.04203378537273654, -0.28718145130127426)
(0.0414238621863037, -0.7791522276159838)
(0.16880898304421035, -0.7173070004797658)
(0.999199830506787, -0.04053204245130506)
(0.9995914963330165, -0.15548917621258132)
(0.9803034989367871, -0.28328426632517734)
(0.00036461122227545584, -0.2581217607199473)
(0.979302486483402, -0.26131426798173696)
(0.9176571137620018, -0.5329609796698219)
(0.0004651364793538383, -0.03928672754369716)
(0.9999616142414051, -0.014098151227383596)
(0.0014831784165599874, -0.09268628655766892)
(0.9999264765792016, -0.02842833522218317)
(0.0013684965107441443, -0.0632829022015193)
(0.02469335397076129, -0.3883907867578059)
(0.014859858827142426, -0.1757978173510346)
(0.02891096662907185, -0.24305538209051655)
(0.8926041845309552, -0.6282925354571011)
(0.10827951885484455, -0.4576092349705037)
(0.8920678186255215, -0.7210056235240407)
(0.9970216436410025, -0.1062197931097072)
(0.020051317139924734, -0.5013443413274521)
(0.9913984073185794, -0.1315352994445849)
(0.9994813750320138, -0.10425354356023891)
(0.019460346047468966, -0.4712901234000586)
(0.0004213033639126408, -0.1037630894140373)
(0.0055215565223470445, -0.19701611559105559)
(0.983731438095108, -0.2502406916743184)
(0.9805396539525311, -0.4712901234000586)
(0.00013224873600313784, -0.03151239030236453)
(1.383665505298972e-06, -0.002442968991589485)
(0.09379136151063266, -0.8081650432917931)
(0.9999082270492751, -0.031348902140944046)
(0.998709845785664, -0.06148390431713469)
(0.9927380799307999, -0.4282427350700015)
(0.9495392592830425, -0.5881385391549913)
(0.9585761378136963, -0.7791522276159838)
(0.9992881918181229, -0.19793258348552914)
(0.9877948820938672, -0.17110628478921475)
(0.05299779849173263, -0.3432079979624672)
(0.026835380835380836, -0.7201127811794311)
(0.9657203930098253, -0.5495498048826755)
(0.9999998222105249, -0.00113277366677848)
(0.7969574429074908, -0.7463429776214386)
(0.9910034561121106, -0.1734482423184526)
(0.9423702330508474, -0.38809044218753774)
(0.019186454424325906, -0.2358164597829744)
(0.00024918677886610777, -0.023758338267893173)
(0.9460422488903502, -0.602264306140121)
(0.011545749682309465, -0.1645063908222395)
(0.9453694759719874, -0.8847075040450025)
(0.9557791156366482, -0.3981236646255046)
(6.11713128358532e-05, -0.01278776704376011)
(0.21283368258017493, -0.8344510236539622)
(0.025814859525899913, -0.40206033518989864)
(0.9999891945284947, -0.01008576866889628)
(0.0060206174903894225, -0.6315526511834985)
(0.9942228103221575, -0.12257223450188719)
(0.9976140625930262, -0.07270582417294164)
(0.0160924307588262, -0.19356745396692251)
(0.991079269116455, -0.6186797105934808)
(0.13869302539002754, -0.5603508372973931)
(0.012331561085434407, -0.1743803292026006)
(0.15423434603663325, -0.5755087772550749)
(0.8827277985526352, -0.4928000019168648)
(0.11951021982259931, -0.5651482875820063)
(0.0019162464144808376, -0.0758747377367552)
(0.016110057863437346, -0.22624009771018608)
(0.22749932145118973, -0.6629103002352946)
(0.7737579032809296, -0.7825473714649598)
(0.024840926013673593, -0.2479911848812263)
(0.008508847059739552, -0.35656607305883986)
(0.9873269859401392, -0.22259869088055534)
(0.9658441796890938, -0.7473935644559868)
(0.9587302124205115, -0.4956803915911725)
(0.8065266050371233, -0.6666861577832209)
(0.19028136408155996, -0.652403841910846)
(0.8953720436086343, -0.7275202601922981)
(0.1836612308250519, -0.7384897446532597)
(0.9999578417982861, -0.013006289024739165)
(0.001502180917598231, -0.06565285551914361)
(0.023543330186994567, -0.4673044942792362)
(0.009961155441396299, -0.38566370236545)
(0.9871983375825097, -0.2558987024936511)
(0.025264639353428556, -0.23277930248629825)
(0.006919590529030241, -0.5725675977573426)
(0.9908278348933558, -0.5621564790931957)
(0.0626281521791944, -0.3560151376755606)
(0.9443751547118076, -0.6975976872727605)
(0.9860764093262382, -0.2200371040042737)
(0.2625230024213075, -0.7096510942857831)
(0.0010113073131670142, -0.5058019044677494)
(0.012680939626128101, -0.3419139491969459)
(0.9247458266160486, -0.4763084110263607)
(0.03376041208970991, -0.34249570187537803)
(0.9507348732280548, -0.6167840287973259)
(0.029757769652650822, -0.6697575455667927)
(0.9491989856256324, -0.4466629002633906)
(0.998709845785664, -0.06148390431713469)
(0.9862130083594934, -0.6461101503034031)
(0.7390414618508229, -0.7829822129195033)
(0.9476530934699682, -0.4134679112306566)
(0.9656553780514412, -0.8881175666651369)
(0.010525615299561817, -0.15002963979894163)
(0.9618415890142227, -0.3593500514223007)
(0.0550685290775044, -0.35586297819797724)
(0.07435396798232649, -0.5699665158999885)
(0.9634437685491171, -0.7711325799849199)
(0.0006763492552779837, -0.12013844333916024)
(0.032072639634687754, -0.30980286450893035)
(0.07141448778396914, -0.6281309514359804)
(0.9957868906231626, -0.22673576233609294)
(0.1720422379478107, -0.8101666904578408)
(0.9991058314098773, -0.34942427696338973)
(0.9875846296966252, -0.18934176310147066)
(0.008458732460296619, -0.20913912876627558)
(0.9940460517035463, -0.17226241920734814)
(0.9793931462402997, -0.30635986204261073)
(0.9958724338331488, -0.2304250386340417)
(0.022144589748998102, -0.3863714168161101)
(0.9999916467141229, -0.004763094018410715)
(0.009017128392838693, -0.1351812382569907)
(0.9509193438140806, -0.5008303177375742)
(0.9913218083071981, -0.5604794269487272)
(0.1811309600932884, -0.5933489528132865)
(0.0012106225835122495, -0.08201951266704925)
(0.23531426707264028, -0.7967755054915955)
(0.00026558381999512373, -0.2126745175517732)
(0.8526898198638637, -0.6888747648171103)
(0.8163387691749481, -0.7384897446532597)
(0.11523204854478031, -0.8233675186538614)
(0.999122831629969, -0.051396577945586185)
(0.06631818742800724, -0.3767868370752793)
(0.0004244394649657012, -0.25181624171744055)
(0.9508150860293986, -0.3279657112644223)
(0.05224043811456766, -0.6410004154128068)
(0.0012106225835122495, -0.08201951266704925)
(0.06398265275307854, -0.6146317106080522)
(0.8532005812136741, -0.5723976273749072)
(0.8631839376548845, -0.5972958416346609)
(0.0007305030302862045, -0.0508551400240751)
(0.9449314709224956, -0.35586297819797724)
(0.9991671553520406, -0.4571067880582375)
(0.9996692526697925, -0.38774951835254556)
(0.9523748931634192, -0.3518235467104278)
(0.0022845316187538327, -0.17019929079638543)
(0.0022958033701835356, -0.15728555433080846)
(0.997186421173763, -0.8431700285961694)
(0.7540553330105207, -0.8063507008518633)
(0.060793753046869556, -0.6378532234574754)
(0.9869807676886477, -0.24481928939685893)
(0.7757657771823745, -0.663234326776921)
(0.0001309040641930259, -0.0852580793813964)
(0.20105615403167457, -0.7363079375854884)
(0.01482947037075532, -0.5439685480482792)
(0.0029156275098279577, -0.15486214542208884)
(0.032072639634687754, -0.30980286450893035)
(0.997084372490172, -0.15486214542208884)
(0.9992718372995744, -0.05050028911815956)
(0.9125392283551781, -0.6763104622946937)
(0.9774568015359454, -0.2605115390919687)
(0.03202963649356463, -0.2876933772763604)
(0.9875846296966252, -0.18934176310147066)
(0.9499480676851171, -0.3170964447353924)
(0.03069211361290569, -0.700251113240253)
(0.8481108781281232, -0.7179395587313794)
(0.9997355667083941, -0.042074739290599336)
(0.016467981618524707, -0.5466062566021658)
(0.02586484250520897, -0.5612780019380984)
(0.8230207457521068, -0.7163392398276119)
(0.902141530118667, -0.6131812098097571)
(0.9996912806211504, -0.03675113631051859)
(0.9608631277699385, -0.7280986096647963)
(0.006748461195729302, -0.12091202080068504)
(0.009926597800266706, -0.14243346076016206)
(0.08192457072771872, -0.7488907960446353)
(0.8990765052873894, -0.6588687458187101)
(0.058138491002673265, -0.7308729550034625)
(0.9695310979742198, -0.24582958848615744)
(0.12625375242804168, -0.6469316217994625)
(0.9418615089973268, -0.7308729550034625)
(0.16408725621508607, -0.5984080517216614)
(0.9812845178934375, -0.38985387018083445)
(0.05464643209603029, -0.7378650529194489)
(0.06542960183244798, -0.3570908693650135)
(0.9839680842610184, -0.2646574565836402)
(0.839819228347873, -0.6589754068262175)
(0.999790910631013, -0.06533171246868752)
(0.9824016192548123, -0.20177753279819108)
(0.9964389043360637, -0.13765588691103764)
(0.011632617502286884, -0.3191683385677881)
(0.04207592555471605, -0.5649042872728102)
(0.9949471368247476, -0.16688336275618965)
(0.8965500312416317, -0.6540344147550399)
(0.001297746274172307, -0.09086267015172052)
(0.02705112422607625, -0.663234326776921)
(0.953458852180306, -0.8416977839108478)
(0.9736538032567477, -0.32688590446133003)
(0.9209744192789716, -0.5901565408438345)
(0.023117328320247706, -0.810256280935609)
(0.9977041966298165, -0.15728555433080846)
(0.9572703197360029, -0.5079689656762646)
(0.10739581546904477, -0.6282925354571011)
(0.9878167894344031, -0.2377631680079408)
(0.9963980379985794, -0.11722010681102318)
(0.9423294045195614, -0.6267125877568736)
(0.13363586609504696, -0.6683524170848045)
(2.56686724134651e-05, -0.010249490471258237)
(0.0359412935427065, -0.3817455401484183)
(0.0015603025580599795, -0.27850346073589693)
(0.024534788368132214, -0.4621931210812283)
(0.05322857811206679, -0.3296122084293335)
(0.053966062891387785, -0.4933773852602998)
(0.00013386791838711733, -0.02564365987014536)
(0.9928555988776143, -0.14941652966860078)
(0.04425463124781545, -0.640261058065424)
(0.9929819875590347, -0.18289885346671372)
(0.9992587228456774, -0.04733287219219532)
(0.9965309000004707, -0.0862378543072241)
(0.2905659051672221, -0.7354506311981283)
(0.979302486483402, -0.26131426798173696)
(0.14967379154595434, -0.8357263896366895)
(0.11749809014514896, -0.5597515315890536)
(0.8865926575003543, -0.4720917714843957)
(0.9967096349348338, -0.10674779863141665)
(0.060285284489973195, -0.38810277596219755)
(0.9899186431329289, -0.20207246410647303)
(0.007527122345948656, -0.13117454166817127)
(0.9966154661016949, -0.7761808843750755)
(0.0017765186390595893, -0.09805509748437884)
(0.998215230254188, -0.12036144747045169)
(0.06625611514337469, -0.45145146384522133)
(0.0018785505938529205, -0.13015997521025044)
(0.03061189685751967, -0.8330469267020683)
(0.0370873479027262, -0.3134849977110841)
(0.11846787860114004, -0.564408222808559)
(0.03277107088353164, -0.45455460801895303)
(0.0019162464144808376, -0.0758747377367552)
(0.00496717374964247, -0.24369075970987555)
(0.0008771683700310745, -0.051396577945586185)
(0.07265046275333707, -0.6635346339178012)
(0.9946461807197668, -0.13972653184069767)
(0.999997300003077, -0.00746538710772938)
(0.24594466698947925, -0.8063507008518633)
(0.9008899138664398, -0.48697014225998986)
(0.9822842764070868, -0.20417730348994076)
(0.0814271697303264, -0.5616652267083195)
(0.991079269116455, -0.6186797105934808)
(0.7540553330105207, -0.8063507008518633)
(0.929004140221092, -0.3849747566569665)
(0.9951272124719476, -0.18230090983167827)
(0.9583538616163806, -0.721986042262057)
(0.0013684965107441443, -0.0632829022015193)
(0.20064889336016098, -0.7371375803320636)
(0.026395766278781877, -0.4535248544504031)
(0.007247452007695141, -0.3748898708864103)
(0.0030209123570416386, -0.10487879919987277)
(0.9933981795799605, -0.13666481793003155)
(0.8434256189384315, -0.5675911403108412)
(1.7778947512279996e-07, -0.00113277366677848)
(0.0020315641767292823, -0.09848210702708454)
(0.9620181980302355, -0.7424256827808446)
(0.1973229077536456, -0.6669653141783677)
(0.04207592555471605, -0.5649042872728102)
(0.26778448359778056, -0.71324321507843)
(0.02705112422607625, -0.663234326776921)
(0.9870604635678915, -0.3049039802130878)
(0.03421447187736457, -0.5133500230152112)
(0.03192194896382199, -0.4458149815946501)
(0.16345165588123334, -0.6972923057195196)
(0.7680716303654425, -0.6677433289438359)
(0.7574747293632472, -0.8211161158864011)
(0.9363501504741355, -0.5200689589248703)
(0.9970281055307736, -0.17058761672224862)
(0.8542456970875004, -0.574281872002125)
(0.030380396180254125, -0.5782611907900491)
(0.9062086384893673, -0.8081650432917931)
(0.22888326336462406, -0.6600914892074657)
(0.0049761980664734815, -0.13122669592807323)
(0.010266367751120933, -0.3892532538143985)
(0.05479174431606411, -0.34136915526000333)
(0.08296857142857143, -0.4186941456286121)
(0.026784588717302237, -0.5773044081705572)
(0.016375340065007182, -0.186644680428067)
(0.9696196038197459, -0.5782611907900491)
(0.2368790443006471, -0.7294323094575123)
(0.12075785185979204, -0.7854161805660533)
(0.06457111028592648, -0.5441624618270117)
(0.005403886405333471, -0.47334217605756684)
(0.9659638019202184, -0.342495701875378)
(0.21347416582116124, -0.7013369401478561)
(0.04232030039337227, -0.43671161929316443)
(0.04723069915736734, -0.33373480066047423)
(0.015396325320343112, -0.19398357377159567)
(0.11074168234187633, -0.5383808156375435)
(0.9468415554394817, -0.40714970652141624)
(0.9793931462402997, -0.30635986204261073)
(0.9882542676756566, -0.2014812450091489)
(0.004872787528052427, -0.18230090983167827)
(0.9875765905244237, -0.2403383611432066)
(0.06364984952586451, -0.5200689589248703)
(0.24051372169374527, -0.7710189776602315)
(0.9373428402666442, -0.6182725127416009)
(0.9985850618322387, -0.16391242256430893)
(0.012910001577158915, -0.17509206183659468)
(0.24051372169374527, -0.7710189776602315)
(5.880279256639779e-05, -0.021276875920882836)
(0.9860764093262382, -0.2200371040042737)
(0.780546206452075, -0.6558727083408564)
(0.9895922902914291, -0.48464458008682765)
(0.026171100640675727, -0.26313484171649065)
(0.01226981787911853, -0.41211444416013543)
(0.7869626104381091, -0.8342230108047991)
(0.14679941878632585, -0.5723976273749072)
(0.01276140651722383, -0.16797755946842288)
(0.995894389651789, -0.1687652891893052)
(0.9939223692697144, -0.1776648597889672)
(0.991505071637195, -0.18739603651427147)
(0.002978356358997405, -0.1062197931097072)
(0.9698808957517655, -0.6702721969794643)
(0.99477083906626, -0.10724935959795419)
(0.8327799891442011, -0.6628503300615806)
(0.0001559849410225225, -0.0483266248717211)
(0.8561526557865627, -0.524934987928294)
(0.07996996949781453, -0.5760154986085902)
(0.18085813254324432, -0.7981294440874812)
(0.9996756247227562, -0.13542709501147257)
(0.0025606263392578517, -0.25405669606390685)
(0.011905609610953721, -0.18633805035630902)
(0.9930291757111848, -0.26159415159447874)
(0.9964389043360637, -0.13765588691103764)
(0.0052822257806245, -0.2933205583867379)
(0.03431705223657159, -0.7312668464940131)
(0.03434462194855882, -0.8881175666651369)
(0.9477068467166471, -0.8272906183385322)
(0.0641084628149042, -0.5526585871549791)
(0.04884190856944203, -0.3184055079306758)
(0.0007514505211131407, -0.09840909461293532)
(0.9941310100828061, -0.3474986269409502)
(0.8248235184841166, -0.6805821612948831)
(0.1311500680387821, -0.7789534304835762)
(0.883551581334012, -0.8475982172108266)
(0.0008971939818767533, -0.05256995349730383)
(0.0003902375061286387, -0.04177250235739206)
(0.007729029006607683, -0.205150284144381)
(0.9890525436660962, -0.37774253750544984)
(0.08234288623799825, -0.5329609796698219)
(0.920838534560339, -0.5317696423854553)
(0.04552339563731488, -0.30914929954435305)
(0.043148656630641276, -0.29242618845886525)
(0.9896573386636208, -0.8369100569389735)
(0.12625375242804168, -0.6469316217994625)
(0.21130380628681206, -0.7734116773101302)
(0.001414938167761333, -0.16391242256430893)
(0.0011716612778494874, -0.05179447999799748)
(0.2934826089565374, -0.7327587203732936)
(0.1404810551471259, -0.6683280322254694)
(0.09307498159638238, -0.7705486958145663)
(0.06029392521835847, -0.5992302290311028)
(8.148576046342925e-06, -0.0041898820352093465)
(0.9516862193270933, -0.5792394659515488)
(0.001553367412438379, -0.07761167560837888)
(0.11643663153968106, -0.6833113446330982)
(0.7969574429074908, -0.7463429776214386)
(0.9693078863870943, -0.700251113240253)
(0.0009748170629162772, -0.14328241630458705)
(0.1691884916841904, -0.7003582057446676)
(0.04515014905838726, -0.5327672179524985)
(0.035181678934604096, -0.7793842858891111)
(0.9985867647058824, -0.21550433966178564)
(0.0814271697303264, -0.5616652267083195)
(0.9966085205393711, -0.49849288697567873)
(0.9994659107899959, -0.09284342694572832)
(0.18472676056338028, -0.8255940899719112)
(0.9333698443873697, -0.5534935449841903)
(0.025364277923312854, -0.34153782377155656)
(0.8903880760503873, -0.5732843712151405)
(0.999264288475536, -0.12758974894389633)
(0.05088795329720292, -0.3331369597943436)
(0.02661369425819108, -0.268173643182909)
(0.04100579088352655, -0.40720401185412264)
(0.22888326336462406, -0.6600914892074657)
(0.9878167894344031, -0.2377631680079408)
(0.9961266905800736, -0.34673560929502983)
(0.07495223120098722, -0.7291854970443764)
(0.09785846988133295, -0.6131812098097571)
(0.9442743712656474, -0.4161544146864116)
(0.058003635034991896, -0.34322729032971605)
(0.9414635873070811, -0.5763689212671453)
(0.0031681646020575256, -0.09159048923737437)
(0.9939793825096106, -0.6315526511834985)
(0.034525803947207126, -0.2993971948065505)
(0.0491849139706014, -0.3279657112644223)
(0.9974393736607422, -0.25405669606390685)
(0.9108663210056058, -0.7009343896244965)
(0.3138774033491834, -0.7574061968679668)
(0.8826521314676212, -0.47687260322165387)
(0.9941310100828061, -0.3474986269409502)
(0.017900280079355818, -0.21376903805872072)
(0.9997620720651222, -0.030719525722633097)
(0.9584055130897988, -0.39665379422818436)
(0.9468415554394817, -0.40714970652141624)
(0.2841189926676334, -0.7482636739957018)
(0.12391153712899873, -0.846188653251035)
(0.008304812356775096, -0.21806337753342792)
(0.014878757983280545, -0.380453167272481)
(0.03914504957218525, -0.4975653638802602)
(0.2609585381491772, -0.7829822129195033)
(0.987789996809001, -0.21649000592405163)
(0.07749700504206106, -0.48229667516888347)
(0.0002416375110355426, -0.04791647352124195)
(0.005401455724845377, -0.13816464678874474)
(0.9882542676756566, -0.2014812450091489)
(0.9999113905966762, -0.01811029769422937)
(0.9512024327210263, -0.5669499333400944)
(0.7937288286682118, -0.6531598813068917)
(0.0001921704932523773, -0.024987782760041332)
(0.944845382563497, -0.3862614288538758)
(0.9862130083594934, -0.6461101503034031)
(0.9912258426225183, -0.2416445995811857)
(0.028482285509982906, -0.40932413150959807)
(0.9993236507447221, -0.12013844333916024)
(0.012016935853004642, -0.2395588683875208)
(0.9504367181336639, -0.41289009064018434)
(0.9999578417982861, -0.013006289024739165)
(0.8536304201935359, -0.7931015033122673)
(0.00014260865602260472, -0.027827287999227946)
(0.053360204325963764, -0.5848150330034888)
(0.012331561085434407, -0.1743803292026006)
(0.06324605125292546, -0.35874832544240226)
(0.9289814947324387, -0.40330406259980356)
(0.10451607672349889, -0.8486781352507311)
(6.610993288519613e-06, -0.19375889306852456)
(0.9997583624889644, -0.04791647352124195)
(0.9930493934283984, -0.11995788458769031)
(0.9966154661016949, -0.7761808843750755)
(0.9958633841215824, -0.17709374754680943)
(5.9034003071311534e-05, -0.018847531628851583)
(0.0003902375061286387, -0.04177250235739206)
(6.577837746668916e-06, -0.02471630139484133)
(0.21850603621730383, -0.7371375803320636)
(0.05804403168688578, -0.5210378982905517)
(0.2397454479572425, -0.6637510235076286)
(0.004896541389099381, -0.1035879348499258)
(0.7361976576613148, -0.743616167871061)
(0.9987022537258277, -0.09086267015172052)
(0.061228096482584295, -0.7847936622788989)
(0.8909903588547267, -0.6676946498478842)
(0.0032847724372607402, -0.15583044552319678)
(0.7814939637826962, -0.7371375803320636)
(0.0031432428957181434, -0.09421560432687041)
(0.9393959984110724, -0.7659412879200426)
(0.9408128539675763, -0.4600572343438469)
(0.1506201152470526, -0.6066322980279435)
(0.9108663210056058, -0.7009343896244965)
(0.8065266050371233, -0.6666861577832209)
(0.9306030127935885, -0.41588513857832876)
(0.08234288623799825, -0.5329609796698219)
(0.9879453659273812, -0.27684087915142297)
(0.03847703639514732, -0.31746739811528213)
(0.9648183210653959, -0.7793842858891111)
(0.7436868214152003, -0.6858056484931404)
(0.03354767114231296, -0.5766773873743261)
(0.9820997199206442, -0.21376903805872072)
(0.020378414984638764, -0.6051292944155059)
(0.9976868462277022, -0.18513182951388932)
(0.9998623111582295, -0.01941995109594676)
(0.7762263210368894, -0.7305231852941886)
(0.17891703262233374, -0.5745881076302315)
(0.9980551492426006, -0.09586416723362429)
(0.13326378407173933, -0.6505502573471288)
(0.8956643965790307, -0.5802302461593849)
(0.745951573849879, -0.7096510942857832)
(0.0006763492552779837, -0.12013844333916024)
(0.004226033911084075, -0.3138851901822662)
(0.02545013229694749, -0.26269898495259225)
(0.2934826089565374, -0.7327587203732936)
(1.7778947512279996e-07, -0.00113277366677848)
(0.9754654319790556, -0.3552384150344571)
(0.008908834746277359, -0.8899297433017601)
(0.976154099575835, -0.3017397993864313)
(0.9935078047907133, -0.1525389520991267)
(0.012658178409623496, -0.5723439734807617)
(0.014006223904475748, -0.3573939374732075)
(0.8536304201935359, -0.7931015033122673)
(0.10462795639136564, -0.7275202601922981)
(0.005713887857408095, -0.6802030772837646)
(0.9919978888782267, -0.14062273387392213)
(0.9366124275824567, -0.7662296392718206)
(0.0021107845025091663, -0.0719852431602203)
(0.1934109917341898, -0.5972861036976631)
(0.05224043811456766, -0.6410004154128068)
(0.9878472685989048, -0.2446623329938798)
(0.14162193120426725, -0.626337580224707)
(0.9966116359554765, -0.34267830644938324)
(0.23097945910193282, -0.673104610540596)
(0.012423409475576314, -0.2403383611432066)
(0.9859937760955243, -0.3573939374732075)
(0.9032499022291748, -0.5731050096598133)
(0.9988714286694871, -0.08382370661607882)
(0.9692333966738382, -0.28766852821665245)
(0.08296857142857143, -0.4186941456286121)
(5.122274154660544e-09, -0.00015012663406027826)
(0.041866111861444344, -0.36382515435075435)
(0.8317988150532128, -0.6699290082014329)
(0.9941310100828061, -0.3474986269409502)
(0.011059423282768762, -0.198054567259369)
(0.8002025974025974, -0.7612620829611129)
(0.08913367899439417, -0.7009343896244965)
(0.013596431104462311, -0.21835190539270102)
(0.7397974086669866, -0.7643751745812255)
(0.9604965199490246, -0.3591386897608426)
(0.1271222494855153, -0.7249433620093312)
(0.9358639640771929, -0.41859368314465745)
(0.11977082363890182, -0.8523903616217673)
(0.003873309419926367, -0.34673560929502983)
(0.0019994775576958022, -0.08321764887902862)
(0.9736538032567477, -0.32688590446133003)
(0.030468902025780217, -0.24582958848615744)
(0.044220884363351844, -0.3981236646255046)
(0.017715723592913152, -0.20417730348994076)
(0.9998010292465858, -0.023841178546237067)
(0.04110863591494811, -0.4886980463477251)
(0.9645855460893539, -0.41395378344561207)
(0.9980837535855192, -0.0758747377367552)
(0.9958368704716404, -0.36163443174642723)
(0.9992217985180885, -0.0439460275948189)
(0.0011737528948668654, -0.08578813612139019)
(0.027758003532501026, -0.24603760664663277)
(0.8152732394366197, -0.8255940899719112)
(0.8128356178902, -0.6471373161609475)
(0.06785238768478992, -0.5028720538962508)
(0.22502024515036625, -0.6742691085232738)
(0.10631118674911959, -0.6173140637690795)
(0.9280516080777861, -0.548028986424885)
(0.9997884867567082, -0.024386919623305768)
(0.14967379154595434, -0.8357263896366895)
(0.0016538137182301195, -0.06974237197816788)
(0.01482947037075532, -0.5439685480482792)
(0.984154019213847, -0.3323481874076144)
(0.9588913640850519, -0.4886980463477251)
(0.11342928604926417, -0.8181455088881744)
(0.0020127529023631296, -0.11445663557848428)
(0.0061946241911398706, -0.36471615472875624)
(0.026368682609727943, -0.29994136170311486)
(0.9388793928620265, -0.500967287604315)
(0.1450944182570706, -0.5264965759729759)
(0.9979872470976369, -0.11445663557848428)
(0.7714153689264697, -0.7783411107629982)
(0.1811309600932884, -0.5933489528132865)
(6.996334558793367e-05, -0.033396205609741776)
(0.8899604153979295, -0.5871300000401225)
(0.966882904694358, -0.27207921027325127)
(0.9751590739863264, -0.2479911848812263)
(0.9999276866416491, -0.025534970909122535)
(0.9762184813817655, -0.32769289298208)
(0.9875846296966252, -0.18934176310147066)
(0.043784346992217754, -0.6756120263803997)
(0.9965198772163311, -0.3932054452249985)
(0.28245219885277245, -0.7004921174474869)
(0.968020844701517, -0.39982252256360973)
(0.026069281224378245, -0.5006250033137956)
(0.09843420497680304, -0.7725798764762455)
(0.08926689532276917, -0.701981983607725)
(0.006950606571601643, -0.11995788458769031)
(0.8200731169547032, -0.5939453607617062)
(0.24950408100010332, -0.7570149342391479)
(0.9996754058412309, -0.04125497475598127)
(0.12075785185979204, -0.7854161805660533)
(0.994260040695774, -0.10788131010504798)
(0.26832791797186606, -0.7127991466915105)
(0.020606853759700294, -0.30635986204261073)
(0.061228096482584295, -0.7847936622788989)
(0.7436868214152003, -0.6858056484931404)
(0.02672809649176514, -0.4486100256230155)
(0.028357183472327522, -0.3471923591973423)
(0.019305999540806414, -0.3235172263162392)
(0.14731018013613628, -0.6888747648171103)
(0.9317994285103067, -0.5598114044665367)
(0.0004538656690925603, -0.030523549560717653)
(0.7594862783062547, -0.7710189776602315)
(0.9839773245791928, -0.23217740913673418)
(0.023845900424165054, -0.3017397993864313)
(0.17517648151588333, -0.6805821612948831)
(0.00011526768739035792, -0.06729747833335518)
(0.0036019620014206273, -0.11722010681102318)
(0.00846169539936754, -0.7474393092421414)
(7.522664861776701e-05, -0.030202561863101152)
(0.9878167894344031, -0.2377631680079408)
(0.026562630742197307, -0.6130991171032308)
(0.9366124275824567, -0.7662296392718206)
(0.999997300003077, -0.00746538710772938)
(0.03427960699017475, -0.5495498048826755)
(0.9688812774489212, -0.8744447618508583)
(0.9273495372466629, -0.6635346339178012)
(0.9775033753375337, -0.8243865378601161)
(0.0035183533332211318, -0.12331735948467126)
(0.9839075692411738, -0.19356745396692251)
(0.9848981828013604, -0.5213344775732296)
(0.8765403946388682, -0.6819757584233723)
(0.05804403168688578, -0.5210378982905517)
(0.05124304401243044, -0.5295329586254761)
(0.12169998276753403, -0.6313241037825875)
(0.15188912187187678, -0.7179395587313794)
(0.009926597800266706, -0.14243346076016206)
(0.2976835373723941, -0.7164653213615904)
(0.949917646178034, -0.5485623679344697)
(0.9950874974443629, -0.277415268266207)
(0.9965177928612152, -0.1524627756218598)
(0.00021845071642078638, -0.022339436584658607)
(0.9956933180617391, -0.33839886333619884)
(0.9998847323126097, -0.06729747833335518)
(0.8440793232605384, -0.58144581231754)
(0.036173614019263604, -0.2950402485463999)
(0.004233732650799515, -0.19333863392529188)
(0.0025901320627373554, -0.1845238677081099)
(0.1163505918260999, -0.6818234523655096)
(0.7705907493589135, -0.6959015622092043)
(0.05322857811206679, -0.3296122084293335)
(0.01838525313843598, -0.19139228878575865)
(0.05804403168688578, -0.5210378982905517)
(0.9988282152916299, -0.15681898544848238)
(0.9714170412927637, -0.6358935959332713)
(0.9998332854788228, -0.02007464084048424)
(0.008386510350968317, -0.27183896818656644)
(0.002061832540608454, -0.32877804668853594)
(0.16663221283480137, -0.6585608078825016)
(0.20147281358180802, -0.7594315570262548)
(0.0122051179061328, -0.17110628478921475)
(0.03327671685640837, -0.6727091028737341)
(0.9974934875927941, -0.08961008167721345)
(0.9083762260852676, -0.7115808049432565)
(0.8000912848086028, -0.7350079797468815)
(0.7806673673147662, -0.7700628006832066)
(0.0008594507094867117, -0.19834085540386637)
(0.03327671685640837, -0.6727091028737341)
(0.2194537935479251, -0.6558727083408564)
(0.0016414219714117391, -0.2839891611306902)
(0.8350051416284939, -0.6849721929981034)
(0.1855571520105625, -0.7113321115760938)
(0.0940433813174777, -0.7165494003775535)
(0.07435396798232649, -0.5699665158999885)
(0.0002430192234133018, -0.05790691730313239)
(0.8942548341924142, -0.5457756717591329)
(0.9449407878836703, -0.5902801537501581)
(0.9935102809677273, -0.16629176043985094)
(0.0022845316187538327, -0.17019929079638543)
(0.07265046275333707, -0.6635346339178012)
(0.8505051510926834, -0.6633183853724097)
(0.8436730112055949, -0.727881620887379)
(0.009606864855912554, -0.15168821523063747)
(0.9608549504278148, -0.4975653638802602)
(0.9658441796890938, -0.7473935644559868)
(0.9950328262503575, -0.24369075970987555)
(0.9161419404455767, -0.8804762849985234)
(0.9913218083071981, -0.5604794269487272)
(0.058003635034991896, -0.34322729032971605)
(0.012173305043880799, -0.35331987407178667)
(0.8247929557353642, -0.6974914372680353)
(0.18716438210980005, -0.6471373161609475)
(0.9929819875590347, -0.18289885346671372)
(0.1894442593595136, -0.7628313359951602)
(0.11975168183616937, -0.7248859861991207)
(0.9433737174730701, -0.46869147381858556)
(0.003910601324574847, -0.24733321457507315)
(0.9698808957517655, -0.6702721969794643)
(0.12663467021478805, -0.6963645265634586)
(0.011305248314458203, -0.32288139728113124)
(0.9806778967590452, -0.6516727336885616)
(0.019012936944814294, -0.7280407333420155)
(0.883551581334012, -0.8475982172108266)
(0.02469335397076129, -0.3883907867578059)
(0.9359019641626465, -0.6312153298157057)
(0.14776657966730605, -0.5760154986085904)
(0.20079833928903393, -0.7567334753579319)
(0.0070123172441417985, -0.3668709968205844)
(0.9996490525124917, -0.0345392078273815)
(0.9999113905966762, -0.01811029769422937)
(0.8503262084540457, -0.8357263896366895)
(0.9741851404741001, -0.40206033518989864)
(0.9883673824977132, -0.3191683385677881)
(0.9609486200312446, -0.635926709642485)
(0.9572703197360029, -0.5079689656762646)
(0.9760408062117958, -0.6052492605733283)
(0.07012893491530073, -0.5025133768946377)
(0.003671722356525483, -0.6066122088701453)
(0.8846622124730836, -0.7372710901874295)
(0.007559967780543635, -0.1667208409027981)
(0.8188690399067116, -0.5933489528132865)
(0.11643663153968106, -0.6833113446330982)
(0.9997384514091541, -0.10220827286563394)
(0.18611866451309522, -0.7490285977081548)
(0.9804270355158251, -0.4425675011174627)
(0.8536304201935359, -0.7931015033122673)
(0.001005833057746568, -0.0515556993582983)
(0.8917204811451555, -0.4576092349705037)
(3.838575859494655e-05, -0.014098151227383596)
(0.9248210664439938, -0.4370241887451218)
(0.9656672512010626, -0.3801452454785423)
(0.003290365065166274, -0.10674779863141665)
(0.9858818579105888, -0.5408926023519689)
(0.06067737768448248, -0.5915668939529074)
(0.0013683392335307263, -0.0912701270867729)
(0.0010208660304139195, -0.07506308110481688)
(0.16641688231899168, -0.6820646350511712)
(0.09675009777082519, -0.5731050096598133)
(0.879242148140208, -0.7854161805660533)
(0.005842790871059935, -0.37936190347619975)
(0.9860191158658645, -0.1856637986575491)
(0.8728777505144847, -0.7249433620093312)
(0.03691802599461373, -0.32998331645247886)
(0.9545238184126036, -0.6838598100220928)
(0.9896573386636208, -0.8369100569389735)
(0.0008270414175358966, -0.31978123984204215)
(0.976154099575835, -0.3017397993864313)
(0.00025819657788079994, -0.027279660023800667)
(0.8765403946388682, -0.6819757584233723)
(0.8487730999292908, -0.700130673314036)
(0.003136230573339363, -0.08719265474094666)
(0.00038169586646040937, -0.0527189808144815)
(0.09843420497680304, -0.7725798764762455)
(0.003025046321824515, -0.12547387908891927)
(0.9480495426931936, -0.493483718025614)
(0.014124824964992998, -0.2931445308461977)
(2.2648081069868965e-05, -0.010740830530054094)
(0.9706649892911355, -0.7618002899191857)
(0.04034164859002169, -0.7947014694686239)
(0.9716675559853929, -0.3054454464866649)
(0.9910034561121106, -0.1734482423184526)
(0.9996912806211504, -0.03675113631051859)
(0.16195795729694035, -0.8064216980520265)
(0.035181678934604096, -0.7793842858891111)
(0.0008971939818767533, -0.05256995349730383)
(0.003910601324574847, -0.24733321457507315)
(0.11671679853527758, -0.47911773677504166)
(0.9955286686643537, -0.12735511927896784)
(0.9540179906723238, -0.4058507100167672)
(0.24554587515391216, -0.6834770669471952)
(0.7680716303654425, -0.6677433289438359)
(0.07916146543966093, -0.5317696423854553)
(0.9418615089973268, -0.7308729550034625)
(0.0015462748904755215, -0.11698280096082522)
(0.02545021610372979, -0.29322665073238)
(0.8936888132508805, -0.6173140637690795)
(0.12362854927323423, -0.6044404108578239)
(0.01673339797929244, -0.22919539392851548)
(0.9650877980451489, -0.28352103626073627)
(9.23018302697447e-05, -0.04813588109488176)
(0.9945010975853124, -0.14622126418879888)
(0.0010780884881448852, -0.11308966962029542)
(0.7937288286682118, -0.6531598813068917)
(0.02254319846405461, -0.2605115390919687)
(0.012591976793547474, -0.25920289898474286)
(0.006695574162679426, -0.43822652802037754)
(0.1404810551471259, -0.6683280322254694)
(0.7878166556029037, -0.7845079711022411)
(0.865919512695914, -0.5014815925330718)
(0.007489402473723942, -0.2127387360925821)
(0.0024642633988344958, -0.46716743911074277)
(0.055154617436502996, -0.3862614288538758)
(0.0071420634479693315, -0.4070863686038509)
(0.09778485872235872, -0.5625881102964305)
(0.9781610716933178, -0.38796714754319134)
(0.9556485477662429, -0.42733859492013954)
(0.012673014059860738, -0.22259869088055534)
(0.9992587228456774, -0.04733287219219532)
(0.9465131312501948, -0.5706678984158939)
(0.9676931070612687, -0.31463729832617837)
(0.9867887211496589, -0.2659002594172127)
(0.9886354125253709, -0.38329118183866795)
(0.8817777952508256, -0.5761241978692179)
(0.9996011455542172, -0.09006056624426254)
(0.9753066460292387, -0.3883907867578059)
(0.9913218083071981, -0.5604794269487272)
(0.08285231204781378, -0.5762148119299081)
(0.9899310852429491, -0.15064098841896373)
(0.9933922765358185, -0.18525259147407)
(0.007261920069200107, -0.4282427350700015)
(0.11846787860114004, -0.564408222808559)
(0.13363586609504696, -0.6683524170848045)
(0.0022845316187538327, -0.17019929079638543)
(0.02181685402591649, -0.2535976972983135)
(0.1691884916841904, -0.7003582057446676)
(0.9333020819862925, -0.47375840867067837)
(0.01879525795272041, -0.2580635776852129)
(0.008304812356775096, -0.21806337753342792)
(0.996488552565538, -0.2828905273348794)
(0.9998966400886604, -0.01974793535814738)
(0.0005841700959891568, -0.04378824027349745)
(0.9509193438140806, -0.5008303177375742)
(0.04828985362939361, -0.36478878564675454)
(0.19281357882623706, -0.8431700285961693)
(0.053966062891387785, -0.4933773852602998)
(0.7429486148526396, -0.7365151731434916)
(0.8613142249609442, -0.7949083870531062)
(0.06556185579395017, -0.8802224296029302)
(0.16116104795248024, -0.7205801845423775)
(0.0003531299176570213, -0.03208226919358837)
(0.9976868462277022, -0.18513182951388932)
(0.01693932932738903, -0.284053016030266)
(0.20570945658644443, -0.7788871873140479)
(0.09975066246583346, -0.7644070720575784)
(0.10451607672349889, -0.8486781352507311)
(0.9999916467141229, -0.004763094018410715)
(0.7248070488936202, -0.696443953739327)
(0.998635056163411, -0.06669653141783677)
(0.9904406215252373, -0.21106818308437117)
(0.9989780589949017, -0.333537306468532)
(0.013923590673761846, -0.2200371040042737)
(0.040362172874140644, -0.29877213317868523)
(0.30337765473760786, -0.740310338927467)
(0.005935262939005937, -0.3241785113175139)
(0.8073109479118724, -0.7331106345927513)
(0.9384170154921676, -0.39524163619841585)
(0.9886562420249171, -0.16999159103776332)
(0.9834297128479043, -0.8086109815812912)
(0.00023792793487776163, -0.030719525722633097)
(0.9679587643934842, -0.29749839818186186)
(0.10574516580758574, -0.5457756717591329)
(0.9490852424512264, -0.5931472151299856)
(0.05644148943934373, -0.5347580280328652)
(0.03913687223006141, -0.7280986096647963)
(0.8335831176810083, -0.6820646350511712)
(0.05038151592490298, -0.3202088744406492)
(0.004825865212931657, -0.17397208592534835)
(0.17731462722852512, -0.7422151082354853)
(0.9994353995673639, -0.07583704263743142)
(0.05038151592490298, -0.3202088744406492)
(0.2638023423386851, -0.743616167871061)
(0.9910911652537227, -0.8899297433017601)
(0.05947459610620545, -0.556799515821444)
(0.8230610178074099, -0.6183768713394135)
(0.9616315810261069, -0.28939324414474155)
(0.0007330553860945789, -0.10299530153668526)
(0.07265046275333707, -0.6635346339178012)
(0.9869807676886477, -0.24481928939685893)
(0.9020155442762621, -0.8301399832888507)
(0.018183634329550905, -0.5855160259310143)
(0.9968567571042819, -0.09421560432687041)
(0.9798235843633228, -0.2632634215471656)
(0.15188912187187678, -0.7179395587313794)
(0.00015241581549908318, -0.02425131745682615)
(0.026069281224378245, -0.5006250033137956)
(0.9998500033332592, -0.8141094140686553)
(0.0944095066971578, -0.5984276011516426)
(0.003136230573339363, -0.08719265474094666)
(0.9587302124205115, -0.4956803915911725)
(0.05508851099418058, -0.6383199941196563)
(0.9579662146272635, -0.28718145130127426)
(0.02545013229694749, -0.26269898495259225)
(0.8124805566925911, -0.5998483461727967)
(0.9931469672556463, -0.2501279306230956)
(0.10153247638339359, -0.6935565519282048)
(0.04966877852452387, -0.7054966924551515)
(0.011171398404504927, -0.4297951401044528)
(0.16116104795248024, -0.7205801845423775)
(0.022784201878661994, -0.22714906992282952)
(0.9870066012305478, -0.17115424708365556)
(0.9997815492835792, -0.022339436584658607)
(0.9988365000278595, -0.10743712625771945)
(0.9162311625706756, -0.8252593368887787)
(0.2067752476258552, -0.7482025475850824)
(0.8892583176581237, -0.5383808156375435)
(0.9917226249060629, -0.17762351333302737)
(3.836530963383398e-05, -0.011450439284359163)
(0.9997775907190503, -0.14615476391705054)
(0.04183891998861434, -0.4965739694281898)
(0.9978474072181878, -0.06684621709758705)
(0.8942548341924142, -0.5457756717591329)
(0.003910601324574847, -0.24733321457507315)
(0.0047711896260101486, -0.344256133645025)
(0.9177559813831722, -0.6660558821631801)
(0.15423434603663325, -0.5755087772550749)
(0.9981874514206753, -0.15819905752873115)
(0.09911008613356019, -0.48697014225998986)
(0.11003459010722934, -0.5068936387755595)
(0.9894743847004381, -0.15002963979894163)
(0.9864989892944603, -0.22373379507718347)
(0.029335010708864444, -0.7618002899191857)
(0.21017787659811007, -0.8145800498611131)
(0.9471134540496624, -0.3421246859212346)
(0.9940297148088294, -0.17111347741965774)
(0.9984537251095245, -0.11698280096082522)
(0.03808893852403723, -0.27459366609080904)
(0.2008245044429255, -0.6260378971719679)
(0.9886947516855418, -0.32288139728113124)
(0.8865707139507358, -0.8181455088881744)
(0.7583189189189189, -0.7921240592973743)
(0.22146420780479922, -0.7399963186253445)
(0.9954877399919067, -0.13727213974049984)
(0.9307500508854061, -0.7456897566151752)
(0.1077250216527127, -0.8136031833374837)
(0.969731133117731, -0.36795429908305605)
(0.9940460517035463, -0.17226241920734814)
(0.034525803947207126, -0.2993971948065505)
(0.0550685290775044, -0.35586297819797724)
(0.014692083183543649, -0.22322666932228177)
(0.030280203224316536, -0.8057654506016134)
(0.9575144007969163, -0.31734365059122144)
(0.012639112785751742, -0.7115531637598532)
(0.8760884628710013, -0.846188653251035)
(7.518101052495741e-05, -0.014070558287656396)
(0.017294411902638186, -0.3368834448363071)
(0.9983767123676087, -0.06925221540720382)
(0.9250477687990127, -0.7291854970443764)
(0.9921281174928196, -0.27763390909541413)
(0.9812047420472796, -0.2580635776852129)
(0.9185728302696736, -0.5616652267083195)
(0.008386510350968317, -0.27183896818656644)
(0.027630031802649956, -0.2891100603895514)
(0.9353460541884464, -0.5487102572004667)
(0.9996351866437875, -0.12882126692207782)
(0.7296052214018237, -0.7750806639410912)
(0.9996912806211504, -0.03675113631051859)
(0.9055904933028422, -0.5984276011516426)
(0.9711357712660927, -0.5787179171077096)
(0.21283368258017493, -0.8344510236539622)
(0.005054769176553507, -0.5379381202646476)
(0.14679941878632585, -0.5723976273749072)
(0.941996364965008, -0.34322729032971605)
(0.9471134540496624, -0.3421246859212346)
(0.9999934221622533, -0.02471630139484133)
(0.9680409476156439, -0.3741012737925412)
(0.9252291957046663, -0.7192080280826785)
(0.06029392521835847, -0.5992302290311028)
(0.9888860247870827, -0.15109701500217992)
(0.04100579088352655, -0.40720401185412264)
(0.018911318283380846, -0.5645386816011028)
(0.13177025375339768, -0.6683280322254694)
(0.0001667145211772648, -0.02007464084048424)
(0.9734508438019178, -0.5339085625128036)
(0.9058739373101288, -0.431384237365513)
(0.9806778967590452, -0.6516727336885616)
(0.9933044258373206, -0.43822652802037754)
(0.9996292000164948, -0.04873374332061669)
(0.000902747914988462, -0.04437817626448735)
(0.0122051179061328, -0.17110628478921475)
(0.8707917806448834, -0.7891041364400793)
(0.9896573386636208, -0.8369100569389735)
(0.03611746540089214, -0.41902936912391126)
(0.8041757404181185, -0.7978165884691543)
(0.9969709137582763, -0.12847792665842625)
(0.9952191761650779, -0.11393658039311312)
(0.029182446413930425, -0.28607143046502603)
(0.9846036746796569, -0.19398357377159567)
(0.9993296400708057, -0.24018709593197116)
(0.1002737116674961, -0.6286914650439065)
(0.9758158884540861, -0.278376488298344)
(0.015291699327874048, -0.30550657734871794)
(0.011022507897507897, -0.16073946008469445)
(0.9894743847004381, -0.15002963979894163)
(0.9997384514091541, -0.10220827286563394)
(0.9423702330508474, -0.38809044218753774)
(0.08746077164482186, -0.6763104622946937)
(0.9999918514239536, -0.0041898820352093465)
(0.029757769652650822, -0.6697575455667927)
(0.017715723592913152, -0.20417730348994076)
(0.012152731401095232, -0.2446623329938798)
(0.9894743847004381, -0.15002963979894163)
(0.9754654319790556, -0.3552384150344571)
(0.9997418034221192, -0.027279660023800667)
(0.014859858827142426, -0.1757978173510346)
(0.968020844701517, -0.39982252256360973)
(0.9490852424512264, -0.5931472151299856)
(0.9999934221622533, -0.02471630139484133)
(0.004286559060303466, -0.09847390095690879)
(0.989935166946623, -0.2213612992139283)
(0.9477068467166471, -0.8272906183385322)
(0.99851682158344, -0.09268628655766892)
(0.9695310979742198, -0.24582958848615744)
(0.013448897795591183, -0.2936732484369023)
(0.001021941005098325, -0.333537306468532)
(0.8279577620521893, -0.8101666904578408)
(0.7574747293632472, -0.8211161158864011)
(0.999910096286282, -0.02908334549977618)
(0.10631118674911959, -0.6173140637690795)
(0.013596677728579485, -0.16932924940378244)
(0.11993774992201016, -0.5194937429809642)
(0.07740855374226224, -0.41233244504787353)
(0.03588281421967863, -0.5040135612825165)
(0.8443892741207429, -0.703707914609853)
(0.07905148647641755, -0.5459464681097319)
(0.03268198512100951, -0.6900035359733225)
(0.06853649897384076, -0.3816660007136605)
(0.8064667412442991, -0.630509211642777)
(0.9989675925524443, -0.06354138343899397)
(0.0008935806836698239, -0.06384590459033583)
(0.006699872827469267, -0.31060396559986064)
(0.9487569559875696, -0.5295329586254761)
(0.0012570605915350633, -0.05932797701502733)
(0.9805396539525311, -0.4712901234000586)
(0.06678509549936058, -0.3778282428788371)
(0.003883961668359922, -0.20119024543509467)
(0.1311500680387821, -0.7789534304835762)
(0.9999367685673856, -0.013606638369131755)
(0.004368953780007166, -0.32815959998659583)
(0.9968318353979425, -0.09159048923737437)
(0.9741351574947911, -0.5612780019380984)
(0.949917646178034, -0.5485623679344697)
(0.12092048710601719, -0.5248673029011971)
(0.9947862832554377, -0.10290012623164085)
(0.7583189189189189, -0.7921240592973743)
(0.018524015335193825, -0.20326198959439168)
(0.10961192394961271, -0.5732843712151405)
(0.9999869414733044, -0.013197483015811284)
(0.915041077630955, -0.4695504882214675)
(0.9069250184036176, -0.7705486958145663)
(0.021838928306682198, -0.38796714754319134)
(0.00496717374964247, -0.24369075970987555)
(0.9999933890067115, -0.19375889306852456)
(0.08311686111518957, -0.41377144760623397)
(0.9904335477207643, -0.1719906940636757)
(0.7801365851815468, -0.6921021978785574)
(0.04262512479704723, -0.3694571226843574)
(0.9656672512010626, -0.3801452454785423)
(0.13189085960815847, -0.5665115858062373)
(0.9596378271258593, -0.29877213317868523)
(0.026917166866746698, -0.35184381985597657)
(0.9901545290152886, -0.24090572245604838)
(0.05821496426309599, -0.6629103002352946)
(0.018183634329550905, -0.5855160259310143)
(0.0380928056780299, -0.3939750268039957)
(0.058138491002673265, -0.7308729550034625)
(0.017363021991326746, -0.8064749541572975)
(0.05982698645184914, -0.6707385159740674)
(0.006589438919721541, -0.12196991594450642)
(0.9590071845660637, -0.5243264504022149)
(0.9667232831435916, -0.6727091028737341)
(0.9486188362777025, -0.5279076881538886)
(0.8013211850350166, -0.843985849209905)
(0.999997300003077, -0.00746538710772938)
(0.00531380024945452, -0.11807429407433861)
(0.12362854927323423, -0.6044404108578239)
(0.0765089135822208, -0.5857500638340963)
(0.0004055583501006036, -0.4607109877075397)
(0.8455166449656996, -0.711968007122521)
(0.9657981154501232, -0.4489068598902545)
(0.05918714603242375, -0.4600572343438469)
(0.9838899421365627, -0.22624009771018608)
(0.9629126520972738, -0.3134849977110841)
(0.036173614019263604, -0.2950402485463999)
(0.901565795023197, -0.7725798764762455)
(0.9067752476258552, -0.7482025475850824)
(0.9967825099044512, -0.2134452210586318)
(0.049123043072198565, -0.5799271483466601)
(0.9643989948131747, -0.2806841533101719)
(0.8487730999292908, -0.700130673314036)
(8.004251858587281e-06, -0.23459333753292025)
(0.07431374132084612, -0.5915668939529074)
(0.926346602834705, -0.4319946435688932)
(0.9892368374625098, -0.1846698981399983)
(0.017598380745187672, -0.20177753279819108)
(0.003596986614359925, -0.39484122327186816)
(0.984217052937655, -0.6266268321646038)
(0.03798180196976452, -0.7424256827808446)
(0.042286707440489284, -0.32239836091436225)
(0.8765395132313394, -0.8279075668912241)
(0.9650877980451489, -0.28352103626073627)
(0.011264794630600768, -0.23175294780842454)
(0.09969913930992459, -0.5580887766395546)
(0.02698268227885467, -0.3604815285103174)
(0.02249662466246625, -0.8243865378601161)
(0.2008245044429255, -0.6260378971719679)
(0.006411098254406576, -0.13003477607743208)
(0.012591976793547474, -0.25920289898474286)
(0.16882251023424097, -0.6223053412122023)
(0.9988262471051331, -0.08578813612139019)
(0.8682297462466023, -0.6683280322254694)
(0.016450924134249683, -0.48890021675456813)
(0.9949389606141495, -0.1479472664229004)
(0.8984675236166064, -0.6935565519282048)
(1.3058526695591154e-05, -0.013197483015811284)
(0.009894471481652926, -0.2291710208961702)
(0.9735185283078712, -0.38733137117411387)
(0.9965983940781632, -0.22982082518351143)
(0.828322884294106, -0.658123084457642)
(0.0721978498463265, -0.4672151013544127)
(0.9477595618854323, -0.6410004154128068)
(0.9998238787252877, -0.13512738913582015)
(0.969731133117731, -0.36795429908305605)
(0.9992694969697138, -0.0508551400240751)
(0.9988282152916299, -0.15681898544848238)
(0.0001989707534142275, -0.023841178546237067)
(0.25484116512737237, -0.7436463562874973)
(0.009681468471392299, -0.3497044514471236)
(0.9413660670879922, -0.7124110402042501)
(0.8188690399067116, -0.5933489528132865)
(0.0005672964057314013, -0.09267925236406024)
(0.9946861997505455, -0.11807429407433861)
(0.004123351072318928, -0.20161762896996605)
(0.1544833550343005, -0.711968007122521)
(0.0025015485321444684, -0.1400780679767512)
(8.870920480426574e-06, -0.005882221108697044)
(0.9910034561121106, -0.1734482423184526)
(0.03706297513462148, -0.36264390384961553)
(0.9965198772163311, -0.3932054452249985)
(0.9869807676886477, -0.24481928939685893)
(0.9981965046713653, -0.07506092800873537)
(0.9996490525124917, -0.0345392078273815)
(0.9999921216632527, -0.03981085226488985)
(1.8095596916959555e-07, -0.000914407645439705)
(0.11734786853237879, -0.47687260322165387)
(0.026346196743252285, -0.32688590446133003)
(0.030380396180254125, -0.5782611907900491)
(0.9634437685491171, -0.7711325799849199)
(0.00351144743446199, -0.2828905273348794)
(0.022995145194641735, -0.32936921462288554)
(0.0031432428957181434, -0.09421560432687041)
(0.9669398475453217, -0.28939324414474155)
(0.9954004998251464, -0.3124823034817475)
(0.02594360172680106, -0.2901955542199973)
(0.001413235294117647, -0.21550433966178564)
(0.7942879472914601, -0.6157577313562627)
(0.9371706873331286, -0.4328112107188002)
(0.9520641705443134, -0.3964477626068993)
(0.9999076732321257, -0.016281392319881054)
(0.02895382843634931, -0.555145814594026)
(0.046190097271193185, -0.502623684540926)
(0.9941718434715578, -0.20765262737492665)
(0.996053558661707, -0.18980084002084507)
(0.00015480312318986823, -0.024005615335045433)
(0.9975357366011655, -0.46716743911074277)
(0.9731151862965013, -0.5336285976418499)
(0.026395766278781877, -0.4535248544504031)
(0.05315844456051833, -0.40714970652141624)
(0.9083762260852676, -0.7115808049432565)
(0.9987429394084649, -0.05932797701502733)
(0.025727158333212805, -0.5298852708674346)
(0.972241996467499, -0.24603760664663277)
(0.9929876827558582, -0.3668709968205844)
(0.9864033222714205, -0.16932924940378244)
(0.9999578417982861, -0.013006289024739165)
(0.160180771652127, -0.6589754068262175)
(0.012939536432108526, -0.3049039802130878)
(0.10961192394961271, -0.5732843712151405)
(0.04797919119590552, -0.8803070318019933)
(0.0006891033137098984, -0.12240391892638057)
(0.018601896785755478, -0.3250240668444295)
(0.9916134896490317, -0.27183896818656644)
(0.20079833928903393, -0.7567334753579319)
(0.015782947062344992, -0.6266268321646038)
(0.07141448778396914, -0.6281309514359804)
(1.7778947512279996e-07, -0.00113277366677848)
(0.7316720820281339, -0.7127991466915105)
(0.9915009652509652, -0.7072536243726556)
(0.9298710650846993, -0.5025133768946377)
(0.9273152620140063, -0.4423537520225013)
(0.9764274448762486, -0.3776529779969236)
(0.9986402614289113, -0.05481708466439865)
(0.9003008606900754, -0.5580887766395546)
(0.03607360927181748, -0.3256133757210594)
(0.9995786966360873, -0.1037630894140373)
(0.9997569807765867, -0.05790691730313239)
(0.8138813354869048, -0.7490285977081548)
(0.1691884916841904, -0.7003582057446676)
(0.8832832014647224, -0.47911773677504166)
(0.04329699761925756, -0.40379747974719554)
(0.05005193231488293, -0.3170964447353924)
(0.9974393736607422, -0.25405669606390685)
(0.9036384332213898, -0.5915095863876187)
(0.13767724460495545, -0.5422536002857162)
(0.9839773245791928, -0.23217740913673418)
(0.9958368704716404, -0.36163443174642723)
(0.14918981657083036, -0.5558364725539524)
(0.08686602530072121, -0.47436570473648615)
(0.009672285433970975, -0.1626397303635561)
(0.9951349126825079, -0.26220825753294846)
(0.041308655851166096, -0.5417965030908999)
(0.839819228347873, -0.6589754068262175)
(0.041308655851166096, -0.5417965030908999)
(0.8144428479894376, -0.7113321115760938)
(3.836530963383398e-05, -0.011450439284359163)
(0.8008848340363103, -0.6718455481845509)
(0.8522334203326939, -0.5760154986085904)
(0.9387719035174157, -0.7847936622788989)
(0.12278127598906974, -0.8705177080314496)
(0.003388364044523431, -0.34267830644938324)
(0.998409633446086, -0.06753318108796291)
(0.8820378978145968, -0.6866540042452967)
(0.06678509549936058, -0.3778282428788371)
(0.9629370248653786, -0.36264390384961553)
(0.19632407657962386, -0.6196004894889656)
(0.9557453687521845, -0.640261058065424)
(0.9669145177703962, -0.35171883933203624)
(0.009881663073145806, -0.22829703093649786)
(0.09307498159638238, -0.7705486958145663)
(0.007144401122385722, -0.14941652966860078)
(0.08224401861682787, -0.6660558821631801)
(0.10603496683917378, -0.5560051864822747)
(0.05743946731234867, -0.8870638678572289)
(0.036173614019263604, -0.2950402485463999)
(0.04552339563731488, -0.30914929954435305)
(0.9213065243959763, -0.8610448844247335)
(0.020128771784984345, -0.36885452254264933)
(0.03275178026449644, -0.7453863223296757)
(0.9695310979742198, -0.24582958848615744)
(0.9572703197360029, -0.5079689656762646)
(0.01602267542080714, -0.23217740913673418)
(0.018522609758390523, -0.3444179537698934)
(0.04982538211136741, -0.7897845892707775)
(0.9991726815132849, -0.05732278602141336)
(0.017363021991326746, -0.8064749541572975)
(0.009017128392838693, -0.1351812382569907)
(0.1282712964112753, -0.5686659900425859)
(0.10739581546904477, -0.6282925354571011)
(0.9996183783267542, -0.05831487607045644)
(0.0025901320627373554, -0.1845238677081099)
(0.9915383046006324, -0.7474393092421414)
(0.9938838123069469, -0.13867928101910681)
(0.9999998222105249, -0.00113277366677848)
(0.8128356178902, -0.6471373161609475)
(0.7544541248460879, -0.6834770669471952)
(0.9849299898167007, -0.18653634288443768)
(0.9191862118513419, -0.5483488907889953)
(0.9490852424512264, -0.5931472151299856)
(0.024534788368132214, -0.4621931210812283)
(0.9994353995673639, -0.07583704263743142)
(0.05743946731234867, -0.8870638678572289)
(0.9922403153449866, -0.12701073248546887)
(0.01838525313843598, -0.19139228878575865)
(0.9557791156366482, -0.3981236646255046)
(0.006607723464181512, -0.18525259147407)
(0.9848981828013604, -0.5213344775732296)
(0.042729680263997115, -0.5079689656762646)
(0.998882457468903, -0.054937262778078866)
(0.16195795729694035, -0.8064216980520265)
(0.07101850526756129, -0.40330406259980356)
(0.9736538032567477, -0.32688590446133003)
(0.9679273603653122, -0.30980286450893035)
(0.017715723592913152, -0.20417730348994076)
(0.7923264377775371, -0.793582535308211)
(0.9814759846648061, -0.20326198959439168)
(0.010081356867071152, -0.20207246410647303)
(0.0003648133562125517, -0.12882126692207782)
(0.9864373937121179, -0.19968897300017205)
(0.9657981154501232, -0.4489068598902545)
(0.0912132424854926, -0.5971790073434107)
(0.9729488757739237, -0.663234326776921)
(0.15561072587925703, -0.703707914609853)
(0.026346196743252285, -0.32688590446133003)
(0.0008270414175358966, -0.31978123984204215)
(0.8599609294248977, -0.7573435676707231)
(0.0019664140275782458, -0.15434607093205524)
(0.0814271697303264, -0.5616652267083195)
(0.9662954134473122, -0.602264306140121)
(0.0014831784165599874, -0.09268628655766892)
(0.0031241616139936687, -0.1965752950716508)
(0.9989675925524443, -0.06354138343899397)
(8.004251858587281e-06, -0.23459333753292025)
(0.9458218225081164, -0.7387577936017333)
(0.9998078295067476, -0.024987782760041332)
(0.01485971959428022, -0.2840948675711371)
(0.0005070377146658905, -0.038084471020108486)
(0.9808135455756741, -0.2358164597829744)
(0.9729423471673735, -0.38173758471312746)
(0.8765395132313394, -0.8279075668912241)
(0.9638825345991079, -0.41902936912391126)
(0.9875846296966252, -0.18934176310147066)
(0.9871682883679788, -0.8101666904578408)
(0.07358068175034327, -0.43741553032659014)
(0.0023564345973828868, -0.08797933239957341)
(0.13761390210466898, -0.5908513465446908)
(0.9997880567061382, -0.07706897201192259)
(0.9989276027454465, -0.05016031225483905)
(0.11993774992201016, -0.5194937429809642)
(0.901565795023197, -0.7725798764762455)
(0.9999928007953407, -0.005581971933386949)
(0.9344992042659612, -0.37860134491973996)
(0.004233732650799515, -0.19333863392529188)
(0.04807626991998044, -0.4977208382695064)
(0.0017765186390595893, -0.09805509748437884)
(2.692453262308248e-07, -0.0008052245845050867)
(0.02249662466246625, -0.8243865378601161)
(0.9762184813817655, -0.32769289298208)
(0.04203378537273654, -0.28718145130127426)
(0.028593781090027675, -0.6626944583778659)
(0.9999745798360294, -0.05102939510108667)
(0.9951349126825079, -0.26220825753294846)
(0.954927323293278, -0.38448588699694136)
(0.9654741960527928, -0.2993971948065505)
(0.8108132943839353, -0.7087449989844181)
(0.06029392521835847, -0.5992302290311028)
(0.9994929622853341, -0.038084471020108486)
(0.1674431364724661, -0.7309604497706217)
(0.03491220195485114, -0.28352103626073627)
(0.984708300672126, -0.30550657734871794)
(0.013596431104462311, -0.21835190539270102)
(0.0814271697303264, -0.5616652267083195)
(0.9997398349225017, -0.038471602619506405)
(0.011305248314458203, -0.32288139728113124)
(0.026835380835380836, -0.7201127811794311)
(0.05322857811206679, -0.3296122084293335)
(0.03798180196976452, -0.7424256827808446)
(0.9999840107748567, -0.13782989624875305)
(0.018911318283380846, -0.5645386816011028)
(0.9821443363015117, -0.7586609596708129)
(0.0010475177097764733, -0.056332600507888186)
(0.9873369332030929, -0.167223860209892)
(0.9819085228258982, -0.635926709642485)
(2.180323723315924e-05, -0.014589546688796544)
(0.0010088519459488918, -0.09507404582070218)
(0.0020033791220231897, -0.21795181028433144)
(0.020176415636677207, -0.2632634215471656)
(0.8328880505081614, -0.5641474860256169)
(0.9991671553520406, -0.4571067880582375)
(0.023117328320247706, -0.810256280935609)
(0.9477595618854323, -0.6410004154128068)
(0.98108943286476, -0.887923842523111)
(0.16408725621508607, -0.5984080517216614)
(0.03560100518682531, -0.2806841533101719)
(0.6936758306962025, -0.724599243324833)
(0.9978998197865163, -0.3385771243704409)
(0.21347416582116124, -0.7013369401478561)
(0.05322857811206679, -0.3296122084293335)
(0.9999998190440308, -0.000914407645439705)
(0.9423768405859488, -0.46384333011538637)
(0.9449114890058194, -0.6383199941196563)
(0.9993885189190052, -0.14617984024684108)
(0.9608631277699385, -0.7280986096647963)
(0.022784201878661994, -0.22714906992282952)
(0.9967096349348338, -0.10674779863141665)
(0.9442743712656474, -0.4161544146864116)
(0.026917166866746698, -0.35184381985597657)
(0.997186421173763, -0.8431700285961694)
(0.9933001271725307, -0.31060396559986064)
(0.9982103340475605, -0.25737284584989684)
(0.7912899547945753, -0.732802691173012)
(0.9999061885048393, -0.015325990340868746)
(0.005403886405333471, -0.47334217605756684)
(0.09778485872235872, -0.5625881102964305)
(0.995864322918725, -0.28956250537462996)
(0.9949389606141495, -0.1479472664229004)
(0.14711700168174902, -0.5867820572195653)
(0.9813071792642203, -0.3388965869818928)
(0.017598380745187672, -0.20177753279819108)
(0.9631076252859874, -0.5741018858323182)
(0.0061946241911398706, -0.36471615472875624)
(0.047727580257772066, -0.61966336968478)
(0.8948893681438318, -0.7597150269063219)
(0.9125392283551781, -0.6763104622946937)
(0.8542456970875004, -0.574281872002125)
(0.07281860568383659, -0.8134044791852477)
(0.9999498652713626, -0.019802940918048535)
(0.05114916936275401, -0.3329431980670286)
(0.7540553330105207, -0.8063507008518633)
(0.017598380745187672, -0.20177753279819108)
(0.9992718372995744, -0.05050028911815956)
(0.07471369638277878, -0.583529581933064)
(0.17723129467113, -0.8286378752941183)
(0.10242271387228519, -0.4954390736821946)
(0.0380913212191232, -0.4600687890708839)
(0.9401730135481509, -0.6707385159740674)
(0.9997884867567082, -0.024386919623305768)
(0.19632407657962386, -0.6196004894889656)
(0.028864228733907274, -0.5787179171077096)
(0.9342112289945884, -0.6521599569656715)
(0.7810418771521063, -0.7553916110126715)
(0.9919978888782267, -0.14062273387392213)
(0.9967825099044512, -0.2134452210586318)
(0.0814271697303264, -0.5616652267083195)
(0.0035183533332211318, -0.12331735948467126)
(0.015782947062344992, -0.6266268321646038)
(0.020697513516597953, -0.26131426798173696)
(0.13420478510653772, -0.5328447057305441)
(0.0004213033639126408, -0.1037630894140373)
(0.22749932145118973, -0.6629103002352946)
(0.9768826716797523, -0.810256280935609)
(0.7654165113678718, -0.6827383105200067)
(0.0550685290775044, -0.35586297819797724)
(0.016570287152095704, -0.8086109815812912)
(0.9992700106318347, -0.1391089677342936)
(0.8682297462466023, -0.6683280322254694)
(0.9689315962577325, -0.31216013481794413)
(0.9999276866416491, -0.025534970909122535)
(0.9950238019335265, -0.13122669592807323)
(0.8230207457521068, -0.7163392398276119)
(0.017040243652042982, -0.2507407962665359)
(0.09854884800857296, -0.6543264465530194)
(0.12692729465950214, -0.8035034048142025)
(0.08495892236904502, -0.4695504882214675)
(0.9998011588151516, -0.030965753455951553)
(0.8248949780408631, -0.6995558094806866)
(0.9879745071496013, -0.20837781827672175)
(0.003596986614359925, -0.39484122327186816)
(0.9325718552072476, -0.3671504223372841)
(0.011905609610953721, -0.18633805035630902)
(0.9185728302696736, -0.5616652267083195)
(0.9608763630532392, -0.5874877764994156)
(0.9999743313275865, -0.010249490471258237)
(0.003401605921836773, -0.22982082518351143)
(0.02698268227885467, -0.3604815285103174)
(0.9760408062117958, -0.6052492605733283)
(0.14918981657083036, -0.5558364725539524)
(0.8526898198638637, -0.6888747648171103)
(0.04232030039337227, -0.43671161929316443)
(0.9954877399919067, -0.13727213974049984)
(0.8613142249609442, -0.7949083870531062)
(0.9999986336566691, -0.01177811669102623)
(0.9741351574947911, -0.5612780019380984)
(0.027929581657342176, -0.2796258328499627)
(0.04908065618591934, -0.5008303177375742)
(0.9325718552072476, -0.3671504223372841)
(0.991595072687234, -0.15604749158763384)
(0.19028136408155996, -0.652403841910846)
(0.008678191692801958, -0.5604794269487272)
(0.901451151991427, -0.6543264465530194)
(0.8532005812136741, -0.5723976273749072)
(0.9680409476156439, -0.3741012737925412)
(0.82276870532887, -0.8286378752941183)
(0.10344996875836829, -0.6540344147550399)
(0.9996756247227562, -0.13542709501147257)
(0.9657981154501232, -0.4489068598902545)
(0.9188375235920497, -0.8536416278515171)
(0.8144428479894376, -0.7113321115760938)
(0.8583780687957328, -0.626337580224707)
(0.9974541646461624, -0.3779880703496957)
(0.7757657771823745, -0.663234326776921)
(0.6782453134448699, -0.738474858748308)
(0.8279577620521893, -0.8101666904578408)
(0.999199830506787, -0.04053204245130506)
(0.03268198512100951, -0.6900035359733225)
(0.027929581657342176, -0.2796258328499627)
(0.8065890082658101, -0.5972861036976631)
(0.06939698720641155, -0.41588513857832876)
(0.852882998318251, -0.5867820572195653)
(0.07996996949781453, -0.5760154986085902)
(0.0940433813174777, -0.7165494003775535)
(0.006486107726054107, -0.44645061835856154)
(0.9657203930098253, -0.5495498048826755)
(0.0019157803537284894, -0.547259466755849)
(0.7374769975786925, -0.7096510942857831)
(0.018911318283380846, -0.5645386816011028)
(0.9193074467392013, -0.4773697015115455)
(0.9999932586290853, -0.0063735508866518175)
(0.9631882695597233, -0.5645734807986248)
(0.9608763630532392, -0.5874877764994156)
(0.9736538032567477, -0.32688590446133003)
(0.9360689337343553, -0.8886130237339565)
(0.9930804094709698, -0.5725675977573426)
(0.003338793499023573, -0.1954760895031617)
(0.11003459010722934, -0.5068936387755595)
(0.9995542600246148, -0.04922385181480805)
(0.8705816772417095, -0.5482422145113067)
(0.0005310581368907755, -0.06942268199519358)
(0.16195795729694035, -0.8064216980520265)
(0.93214761231521, -0.5028720538962508)
(0.05005193231488293, -0.3170964447353924)
(0.03607360927181748, -0.3256133757210594)
(0.04879756727897368, -0.5669499333400944)
(0.0007278586509612179, -0.8142179740527516)
(0.06556185579395017, -0.8802224296029302)
(0.02661369425819108, -0.268173643182909)
(0.9629126520972738, -0.3134849977110841)
(0.11003459010722934, -0.5068936387755595)
(0.9949615416755985, -0.13310808566742927)
(0.08078600676517714, -0.6522296197704034)
(0.9373718478208056, -0.3560151376755606)
(0.10462795639136564, -0.7275202601922981)
(0.9418615089973268, -0.7308729550034625)
(0.06393106626564471, -0.8886130237339565)
(0.9966116359554765, -0.34267830644938324)
(0.9961211724090153, -0.10575159841614966)
(0.02895382843634931, -0.555145814594026)
(0.9679587643934842, -0.29749839818186186)
(0.8760884628710013, -0.846188653251035)
(0.00021845071642078638, -0.022339436584658607)
(0.9990459932859851, -0.08366424842426994)
(0.9850534580319498, -0.26957666052864626)
(0.9935102809677273, -0.16629176043985094)
(0.972970593988394, -0.47774320587472857)
(0.15561072587925703, -0.703707914609853)
(0.04573518294073176, -0.43963061143248844)
(0.9984466325875616, -0.07761167560837888)
(0.8778022805507745, -0.788204340415309)
(0.01891056713523994, -0.887923842523111)
(0.7749797548496338, -0.6742691085232738)
(0.9021136497878967, -0.49180768058990976)
(0.8790795128939828, -0.5248673029011971)
(0.999199830506787, -0.04053204245130506)
(0.00185835278880728, -0.12486405392717766)
(0.8351357616561511, -0.7384897446532597)
(0.011272069872276485, -0.3440621500986435)
(0.9909828716071613, -0.1351812382569907)
(0.9999998190440308, -0.000914407645439705)
(0.9280272048364153, -0.6514178119221828)
(0.9151707681128111, -0.7195187804172194)
(0.03808893852403723, -0.27459366609080904)
(0.9981965046713653, -0.07506092800873537)
(0.9997344161800049, -0.2126745175517732)
(0.9967096349348338, -0.10674779863141665)
(0.0024117169689179935, -0.08592757635052295)
(0.9467714218879332, -0.3296122084293335)
(0.08843884903138587, -0.562821466862851)
(0.9997355667083941, -0.042074739290599336)
(0.02460251097475499, -0.45049663370145665)
(0.9983461862817699, -0.06974237197816788)
(0.0008771683700310745, -0.051396577945586185)
(0.9742728416667872, -0.5298852708674346)
(3.838575859494655e-05, -0.014098151227383596)
(0.9936327574104722, -0.23592276071083582)
(0.9857779594008972, -0.696338054863977)
(0.913030332117489, -0.703316140190124)
(0.9990251829370838, -0.14328241630458705)
(0.32175468655513, -0.738474858748308)
(0.8000912848086028, -0.7350079797468815)
(7.35234207983984e-05, -0.02842833522218317)
(0.9999042860387398, -0.23773231071349768)
(0.0015903665539139331, -0.06753318108796291)
(0.24594466698947925, -0.8063507008518633)
(0.27039477859817634, -0.7750806639410912)
(0.9977724735740654, -0.07509277566601054)
(0.9994327035942686, -0.09267925236406024)
(0.9976140625930262, -0.07270582417294164)
(0.0001530489511765443, -0.01759078035158936)
(0.9486224578880138, -0.3366729255769187)
(0.9979381674593916, -0.32877804668853594)
(0.9945010975853124, -0.14622126418879888)
(0.0454761815873964, -0.6838598100220928)
(0.922502994957939, -0.48229667516888347)
(0.9949389606141495, -0.1479472664229004)
(0.07101850526756129, -0.40330406259980356)
(0.6936758306962025, -0.724599243324833)
(8.870920480426574e-06, -0.005882221108697044)
(0.992022197448473, -0.13939319520172724)
(0.06265715973335584, -0.6182725127416009)
(0.9864057006491259, -0.22246217121684425)
(0.008002111121773342, -0.14062273387392213)
(0.8942548341924142, -0.5457756717591329)
(0.08482923188718895, -0.7195187804172194)
(0.9774859083682613, -0.5294946920436994)
(0.9999897128905864, -0.05583345816423646)
(0.8804245103269568, -0.5584290487387175)
(0.8065266050371233, -0.6666861577832209)
(0.014859858827142426, -0.1757978173510346)
(0.14776657966730605, -0.5760154986085904)
(0.9193534757342139, -0.476289834013749)
(0.05762976694915254, -0.38809044218753774)
(0.9999873921026498, -0.005418177370192795)
(0.005052863175252473, -0.16688336275618965)
(0.018911318283380846, -0.5645386816011028)
(0.02237042492188673, -0.26194391390382993)
(0.023543330186994567, -0.4673044942792362)
(0.006853032744353715, -0.2501279306230956)
(0.031068403742267513, -0.31216013481794413)
(0.9794448708955915, -0.24243133010298945)
(0.10884170767998169, -0.8386342621610063)
(0.9333698443873697, -0.5534935449841903)
(0.1544833550343005, -0.711968007122521)
(0.999646870082343, -0.03208226919358837)
(0.9032499022291748, -0.5731050096598133)
(0.9989911480540511, -0.09507404582070218)
(0.9452818291479329, -0.40175170240710123)
(0.004135677081275046, -0.28956250537462996)
(0.93214761231521, -0.5028720538962508)
(0.9609204871060172, -0.5248673029011972)
(0.9069250184036176, -0.7705486958145663)
(0.9099521942999487, -0.6710333676918375)
(0.8737462475719583, -0.6469316217994625)
(0.09162377391473245, -0.7115808049432565)
(0.10631118674911959, -0.6173140637690795)
(0.9891576582958969, -0.15267308049817704)
(0.9997620720651222, -0.030719525722633097)
(0.9877948820938672, -0.17110628478921475)
(0.8903880760503873, -0.5732843712151405)
(0.9878167894344031, -0.2377631680079408)
(0.1522068062363955, -0.6483398117490498)
(0.9609204871060172, -0.5248673029011972)
(0.9285855122160308, -0.6281309514359804)
(0.08746077164482186, -0.6763104622946937)
(0.9430920541883394, -0.35552109446572044)
(0.036173614019263604, -0.2950402485463999)
(0.1404810551471259, -0.6683280322254694)
(0.9904368142838128, -0.17415402703173335)
(0.01484682721683415, -0.2791145443100449)
(0.9999934221622533, -0.02471630139484133)
(0.009566452279235717, -0.1719906940636757)
(0.0052518747544456025, -0.1251626646025984)
(0.13869302539002754, -0.5603508372973931)
(0.16619222859616842, -0.7930671661977176)
(0.9979684358232708, -0.09848210702708454)
(0.004343462699136782, -0.10284437572462225)
(0.09488532898674375, -0.4665249492862963)
(0.06625611514337469, -0.45145146384522133)
(0.828322884294106, -0.658123084457642)
(0.026171093560286313, -0.42363738875916185)
(0.9698808957517655, -0.6702721969794643)
(0.9325718552072476, -0.3671504223372841)
(0.0055215565223470445, -0.19701611559105559)
(0.934570398167552, -0.3570908693650135)
(0.997186421173763, -0.8431700285961694)
(0.9998238787252877, -0.13512738913582015)
(0.010342661336379212, -0.8369100569389735)
(0.0007281627004256633, -0.05050028911815956)
(3.838575859494655e-05, -0.014098151227383596)
(0.016031915738981557, -0.2646574565836402)
(0.018091477174101717, -0.635926709642485)
(0.00012130008758541656, -0.03806353915993176)
(0.9490852424512264, -0.5931472151299856)
(0.9962869744925669, -0.08613546222671864)
(0.22502024515036625, -0.6742691085232738)
(0.003025046321824515, -0.12547387908891927)
(0.009172165106644162, -0.5621564790931957)
(0.005878174489548688, -0.40346840094385106)
(0.04099281543393634, -0.5243264504022149)
(0.981592951363936, -0.2175867730723071)
(0.8926041845309552, -0.6282925354571011)
(0.00016993174285722694, -0.03593405348019578)
(0.7942905434135555, -0.7788871873140479)
(0.9980335859724218, -0.15434607093205524)
(0.0071420634479693315, -0.4070863686038509)
(0.9790375602135138, -0.23848286513802602)
(0.14731018013613628, -0.6888747648171103)
(0.24168108108108108, -0.7921240592973743)
(0.012016935853004642, -0.2395588683875208)
(0.8645962950017476, -0.5122088464523392)
(0.0007412771543225987, -0.04733287219219532)
(0.09740500276135185, -0.493483718025614)
(0.013501010705539643, -0.22373379507718347)
(0.024730263624123023, -0.32453172828381727)
(0.02254319846405461, -0.2605115390919687)
(0.12391153712899873, -0.846188653251035)
(0.02042885370953289, -0.4208779006789922)
(0.006896419633280556, -0.18711751234743124)
(0.1522068062363955, -0.6483398117490498)
(0.024824535507156666, -0.34888852878859083)
(0.019696501063212836, -0.28328426632517734)
(0.0022314920910428433, -0.12419651959273298)
(0.6966223452623922, -0.740310338927467)
(0.7981229921982561, -0.6725238686095193)
(0.05038151592490298, -0.3202088744406492)
(0.998409633446086, -0.06753318108796291)
(0.03491220195485114, -0.28352103626073627)
(0.9979966208779768, -0.21795181028433144)
(0.7306528158616326, -0.7727428336322202)
(0.03069211361290569, -0.700251113240253)
(0.06924994911459394, -0.7456897566151752)
(0.9994813750320138, -0.10425354356023891)
(0.012673014059860738, -0.22259869088055534)
(0.9957956704473487, -0.21092600462032102)
(0.9296924186778593, -0.4805317122573919)
(0.0004457399753852107, -0.04922385181480805)
(0.0008771683700310745, -0.051396577945586185)
(0.1799879280070237, -0.8041206703797973)
(0.998979133969586, -0.07506308110481688)
(0.0002626205559067726, -0.024877305266945093)
(0.9980971583703234, -0.07259776819614687)
(0.9639263907281825, -0.3256133757210594)
(0.004560556247181571, -0.1412037546010397)
(0.035164894270961394, -0.5630031002966492)
(0.9867887211496589, -0.2659002594172127)
(0.9083762260852676, -0.7115808049432565)
(0.9990279261596562, -0.45511363937617777)
(0.010266367751120933, -0.3892532538143985)
(0.012421794000929534, -0.2619551517107258)
(0.0036019620014206273, -0.11722010681102318)
(0.0032847724372607402, -0.15583044552319678)
(0.9715177144900171, -0.40932413150959807)
(0.9882465681274767, -0.15314151245884078)
(0.9900779484767288, -0.30772628780882094)
(0.011305248314458203, -0.32288139728113124)
(0.04654114781969398, -0.8416977839108478)
(0.8899654098927706, -0.5068936387755595)
(0.1077250216527127, -0.8136031833374837)
(0.06142400016357242, -0.37453727143313525)
(0.9650877980451489, -0.28352103626073627)
(0.7248070488936202, -0.696443953739327)
(0.11034825077533984, -0.5309373314179815)
(0.973386305741809, -0.268173643182909)
(0.0002615485908459388, -0.10220827286563394)
(0.0006622500242236525, -0.06016619518270145)
(0.035259840211097265, -0.5370627830023244)
(0.009017128392838693, -0.1351812382569907)
(7.518101052495741e-05, -0.014070558287656396)
(1.59892251433387e-05, -0.13782989624875305)
(0.947712113566053, -0.401910368634438)
(0.7397974086669866, -0.7643751745812255)
(0.020049094177845388, -0.5066482885147774)
(0.9991601078746444, -0.09373973385079616)
(0.013594299350874103, -0.22246217121684425)
(0.9628884808080002, -0.731266846494013)
(0.9443635824850091, -0.6386092898916392)
(0.21850603621730383, -0.7371375803320636)
(0.07037685553000209, -0.3829786508729204)
(0.7749797548496338, -0.6742691085232738)
(0.9332941367285703, -0.5942054617225458)
(0.1720422379478107, -0.8101666904578408)
(0.008908834746277359, -0.8899297433017601)
(0.016467981618524707, -0.5466062566021658)
(0.7974247935212909, -0.7362043635332187)
(0.020606853759700294, -0.30635986204261073)
(0.0037130255074331042, -0.08613546222671864)
(0.012423409475576314, -0.2403383611432066)
(0.2397454479572425, -0.6637510235076286)
(0.0008270414175358966, -0.31978123984204215)
(0.006970824288815263, -0.26159415159447874)
(0.8807968257419285, -0.7965156591478108)
(0.0017847697458119923, -0.12036144747045169)
(0.1751050219591369, -0.6995558094806866)
(0.022144589748998102, -0.3863714168161101)
(0.8013809455966459, -0.7456442257241276)
(0.02881451756884283, -0.31146746590805846)
(0.12426226052742517, -0.858019994906168)
(0.7429486148526396, -0.7365151731434916)
(0.9903818874950131, -0.16239965309855736)
(0.7023164626276059, -0.7164653213615904)
(0.994260040695774, -0.10788131010504798)
(0.9989986148473164, -0.07735684519335878)
(0.9961266905800736, -0.34673560929502983)
(0.03914504957218525, -0.4975653638802602)
(0.008404927312765948, -0.15604749158763384)
(0.9520208088040945, -0.8803070318019933)
(0.004135677081275046, -0.28956250537462996)
(0.9899588704841853, -0.3432369373267085)
(0.011632617502286884, -0.3191683385677881)
(0.16195795729694035, -0.8064216980520265)
(0.012673014059860738, -0.22259869088055534)
(0.12895689337859392, -0.7491664500941384)
(0.9083762260852676, -0.7115808049432565)
(0.005401455724845377, -0.13816464678874474)
(0.1263093249484131, -0.7199712634863625)
(0.7655405031284029, -0.6761731555804352)
(0.015979894946567652, -0.6635706890509611)
(0.8765395132313394, -0.8279075668912241)
(0.9504367181336639, -0.41289009064018434)
(0.003388364044523431, -0.34267830644938324)
(0.03691802599461373, -0.32998331645247886)
(6.741370914750972e-06, -0.0063735508866518175)
(0.9534538434538434, -0.5143662722710223)
(0.03798180196976452, -0.7424256827808446)
(0.09470521856192587, -0.7252878076992311)
(0.007871882507180369, -0.27763390909541413)
(0.0007357115244639318, -0.12758974894389633)
(0.08376883742932445, -0.8252593368887787)
(0.9999264765792016, -0.02842833522218317)
(0.16345165588123334, -0.6972923057195196)
(0.0003648133562125517, -0.12882126692207782)
(0.0071420634479693315, -0.4070863686038509)
(0.9967001026919974, -0.134364181553963)
(0.8108132943839353, -0.7087449989844181)
(0.005213716744562286, -0.10290012623164085)
(0.16408725621508607, -0.5984080517216614)
(0.0019994775576958022, -0.08321764887902862)
(0.9973898905720627, -0.1426680857607522)
(0.9596583514099783, -0.7947014694686239)
(0.9873369332030929, -0.167223860209892)
(0.9758158884540861, -0.278376488298344)
(0.09359192710550966, -0.6239587455080228)
(0.07495223120098722, -0.7291854970443764)
(0.9933922765358185, -0.18525259147407)
(0.0122051179061328, -0.17110628478921475)
(0.997593532637316, -0.0717207298638901)
(0.027758003532501026, -0.24603760664663277)
(0.9810886817166191, -0.5645386816011028)
(0.00036461122227545584, -0.2581217607199473)
(0.014222040599102866, -0.696338054863977)
(0.9965198772163311, -0.3932054452249985)
(0.7998363025992156, -0.6088502583012624)
(0.0007304734925131526, -0.29652559888711905)
(0.04203378537273654, -0.28718145130127426)
(0.21895812284789376, -0.7553916110126715)
(0.9998966400886604, -0.01974793535814738)
(0.026481471692128774, -0.38733137117411387)
(0.7801365851815468, -0.6921021978785574)
(0.9051146710132563, -0.4665249492862963)
(0.9344992042659612, -0.37860134491973996)
(0.9968758383860064, -0.1965752950716508)
(0.9369142644777663, -0.5919683580420042)
(0.9754010948023157, -0.3849221738708255)
(0.05283073402071585, -0.4321984963606111)
(0.996488552565538, -0.2828905273348794)
(4.2158201713948345e-05, -0.013006289024739165)
(0.06786322622226314, -0.8432864778221058)
(0.8965500312416317, -0.6540344147550399)
(0.9443751547118076, -0.6975976872727605)
(0.9447852134250119, -0.4988186771394044)
(0.9645855460893539, -0.41395378344561207)
(0.9764274448762486, -0.3776529779969236)
(0.89885539910015, -0.7631173500771447)
(0.9425605326876514, -0.8870638678572289)
(0.84205078348393, -0.8380587382478225)
(0.9987429394084649, -0.05932797701502733)
(0.9851212420167195, -0.380453167272481)
(0.00016993174285722694, -0.03593405348019578)
(0.9989986148473164, -0.07735684519335878)
(0.04232030039337227, -0.43671161929316443)
(0.8046801481629793, -0.7335216286415769)
(0.12311434344552702, -0.5070269284558176)
(0.8847679514552197, -0.8233675186538614)
(0.9512024327210263, -0.5669499333400944)
(0.8903880760503873, -0.5732843712151405)
(0.26934718413836745, -0.7727428336322202)
(0.06556185579395017, -0.8802224296029302)
(0.876885656554473, -0.5070269284558176)
(0.8982848997608975, -0.6738226548188994)
(0.006193739226660424, -0.15592661463898858)
(0.981614746861564, -0.19139228878575865)
(0.09975066246583346, -0.7644070720575784)
(2.515036258591821e-06, -0.0067011060932841695)
(0.9799509058221546, -0.5066482885147774)
(0.08572408401675614, -0.5403819951398837)
(0.9418615089973268, -0.7308729550034625)
(0.2056227879894965, -0.8365278625985514)
(0.9989379113879255, -0.06482365656186488)
(0.003217490095548823, -0.2134452210586318)
(0.0044811234111336974, -0.1121566265291799)
(0.8765395132313394, -0.8279075668912241)
(0.006492195209286639, -0.1525389520991267)
(0.01226981787911853, -0.41211444416013543)
(0.06259088155104514, -0.5549187782869367)
(0.15561072587925703, -0.703707914609853)
(2.5420163970504252e-05, -0.05102939510108667)
(0.9332941367285703, -0.5942054617225458)
(0.9556485477662429, -0.42733859492013954)
(0.9955286686643537, -0.12735511927896784)
(0.10793218137447846, -0.7210056235240407)
(0.9991028060181233, -0.05256995349730383)
(0.011753431872523283, -0.15314151245884078)
(0.999790910631013, -0.06533171246868752)
(0.9718418746524209, -0.308698644588749)
(0.99843969744194, -0.27850346073589693)
(0.1855571520105625, -0.7113321115760938)
(0.9806778967590452, -0.6516727336885616)
(0.9981965046713653, -0.07506092800873537)
(0.9989379113879255, -0.06482365656186488)
(0.9919558835231199, -0.1534307648663965)
(0.9860764093262382, -0.2200371040042737)
(0.966882904694358, -0.27207921027325127)
(0.9642964230280796, -0.6461785265716022)
(0.9192139932348229, -0.6522296197704034)
(0.012663066796907095, -0.167223860209892)
(0.9979381674593916, -0.32877804668853594)
(0.973912938409241, -0.5902230952055478)
(0.00010335991133956601, -0.01974793535814738)
(0.2397454479572425, -0.6637510235076286)
(0.6861225966508167, -0.7574061968679668)
(0.9806778967590452, -0.6516727336885616)
(0.7602545520427575, -0.6637510235076286)
(0.19028136408155996, -0.652403841910846)
(0.9714170412927637, -0.6358935959332713)
(0.004872787528052427, -0.18230090983167827)
(0.7108685577461525, -0.7074311650125237)
(0.9250477687990127, -0.7291854970443764)
(0.0003087193788495877, -0.03675113631051859)
(0.020962439786486136, -0.23848286513802602)
(0.007520657128232628, -0.17859330559145714)
(0.9418615089973268, -0.7308729550034625)
(0.048420250751146934, -0.31182801282272554)
(0.03327671685640837, -0.6727091028737341)
(0.14003907057510231, -0.7573435676707231)
(0.9629126520972738, -0.3134849977110841)
(0.09507994556897431, -0.623162744386861)
(0.0010727902052602575, -0.05903486385676508)
(0.009017128392838693, -0.1351812382569907)
(0.9879830641469953, -0.2395588683875208)
(0.9735185283078712, -0.38733137117411387)
(0.8708066953388353, -0.851696797454459)
(0.18918670561606468, -0.7087449989844181)
(0.9438324880773535, -0.3693826210917772)
(0.998709845785664, -0.06148390431713469)
(0.9754654319790556, -0.3552384150344571)
(0.9992669446139054, -0.10299530153668526)
(0.0049761980664734815, -0.13122669592807323)
(0.08234288623799825, -0.5329609796698219)
(0.984154019213847, -0.3323481874076144)
(0.982904506548417, -0.37780486482936537)
(0.0005340892100041308, -0.09284342694572832)
(0.9965983940781632, -0.22982082518351143)
(0.9831813876391191, -0.8675287175586919)
(0.1691884916841904, -0.7003582057446676)
(0.9992176919604383, -0.3758745202784869)
(0.11734786853237879, -0.47687260322165387)
(0.03111872255107886, -0.8744447618508583)
(0.15646937927212268, -0.8460127873291973)
(0.9619071943219701, -0.3939750268039957)
(0.9252291957046663, -0.7192080280826785)
(0.9996183783267542, -0.05831487607045644)
(0.9457411791000803, -0.37219715071982973)
(0.9476530934699682, -0.4134679112306566)
(0.9899186431329289, -0.20207246410647303)
(0.9904692034827475, -0.23628337789425063)
(0.9881612685358404, -0.21896789656689372)
(0.08606980405878237, -0.6409331305546458)
(0.11644841866598801, -0.8475982172108266)
(0.11580411610913723, -0.4911944458336604)
(0.0009540067140149353, -0.08366424842426994)
(0.0017370643940818522, -0.06889162174118926)
(0.007977802551527073, -0.13939319520172724)
(0.9993074066251547, -0.05648006509299106)
(0.0011285713305129537, -0.08382370661607882)
(0.9875360988346881, -0.16901053551988576)
(0.07431374132084612, -0.5915668939529074)
(0.9961258477233497, -0.23685010727056396)
(0.03230689293873134, -0.31463729832617837)
(0.9978998197865163, -0.3385771243704409)
(0.999956800649684, -0.015708586291078963)
(0.9333020819862925, -0.47375840867067837)
(0.0071420634479693315, -0.4070863686038509)
(0.964399171009538, -0.2771047186084424)
(0.011364587474629114, -0.38329118183866795)
(0.07171048477066537, -0.7711650439409679)
(0.0003902375061286387, -0.04177250235739206)
(0.9929876827558582, -0.3668709968205844)
(0.05767059548043861, -0.6267125877568736)
(0.9192542027684767, -0.6323265860489413)
(0.04793582945568661, -0.3964477626068993)
(0.05863393291200778, -0.7124110402042501)
(0.002385937406973744, -0.07270582417294164)
(0.012801662417490308, -0.2558987024936511)
(0.07548828822395201, -0.6540694448065336)
(0.00842600795690286, -0.20159544014716177)
(0.7397974086669866, -0.7643751745812255)
(0.02833244401460706, -0.3054454464866649)
(0.00021194329386174356, -0.07706897201192259)
(0.13767724460495545, -0.5422536002857162)
(0.12278127598906974, -0.8705177080314496)
(0.9999921216632527, -0.03981085226488985)
(0.006110359574096701, -0.15986968817639885)
(0.8435306207278773, -0.8460127873291973)
(0.02318739612885897, -0.6150134758431997)
(0.0003243752772438267, -0.13542709501147257)
(0.8920678186255215, -0.7210056235240407)
(0.2368790443006471, -0.7294323094575123)
(0.957287958652793, -0.6269807253303594)
(0.2001636974007844, -0.6088502583012624)
(0.9967825099044512, -0.2134452210586318)
(0.2636286533174755, -0.7143000983154977)
(0.03808893852403723, -0.27459366609080904)
(0.03339575783070153, -0.29636728046938554)
(0.9423702330508474, -0.38809044218753774)
(0.9666042421692985, -0.29636728046938554)
(0.2062711713317882, -0.6531598813068917)
(0.0691952170963365, -0.621365972566207)
(0.9966085205393711, -0.49849288697567873)
(0.00023792793487776163, -0.030719525722633097)
(0.0016232876323912751, -0.06925221540720382)
(0.020176415636677207, -0.2632634215471656)
(0.9908278348933558, -0.5621564790931957)
(0.005054769176553507, -0.5379381202646476)
(0.04598200932767617, -0.4058507100167672)
(0.9273495372466629, -0.6635346339178012)
(0.004094114589552501, -0.12866472947939356)
(0.00021194329386174356, -0.07706897201192259)
(0.048313780672906655, -0.5792394659515488)
(0.997588283031082, -0.08592757635052295)
(0.8717546806446475, -0.530483742524776)
(0.0003648133562125517, -0.12882126692207782)
(0.07268473798599372, -0.4423537520225013)
(0.07194839192221392, -0.548028986424885)
(0.9910121148908857, -0.293932427330741)
(0.09740500276135185, -0.493483718025614)
(0.21347416582116124, -0.7013369401478561)
(0.9839680842610184, -0.2646574565836402)
(0.9619110614759627, -0.27459366609080904)
(0.0013649438365890513, -0.06669653141783677)
(0.12345960536113179, -0.6819757584233723)
(0.841914852065228, -0.715471882482249)
(0.9997476143971573, -0.08621289282731544)
(0.004204329552651275, -0.21092600462032102)
(0.01791242598970628, -0.7088684211621756)
(0.9670297707311509, -0.8357645201894276)
(0.11951021982259931, -0.5651482875820063)
(0.022995145194641735, -0.32936921462288554)
(0.9924144943814098, -0.19974885497714703)
(0.839819228347873, -0.6589754068262175)
(0.1674431364724661, -0.7309604497706217)
(0.1855571520105625, -0.7113321115760938)
(0.8892220405991028, -0.696338054863977)
(0.05821355594753663, -0.6398249662499094)
(0.7998363025992156, -0.6088502583012624)
(0.043784346992217754, -0.6756120263803997)
(0.023959193788204197, -0.6052492605733283)
(0.03433274879893746, -0.3801452454785423)
(0.02702940601160592, -0.47774320587472857)
(0.9986316607664693, -0.0912701270867729)
(0.9447852134250119, -0.4988186771394044)
(0.0067886799183495515, -0.14520992386889775)
(0.9680958149975948, -0.6527060475423321)
(0.9697197967756834, -0.8057654506016134)
(0.0519504573068064, -0.493483718025614)
(0.9879745071496013, -0.20837781827672175)
(0.9587048296309028, -0.3935433521946414)
(0.9543201271227749, -0.35715004915774884)
(0.9851212420167195, -0.380453167272481)
(0.02698268227885467, -0.3604815285103174)
(0.9657855281226354, -0.5133500230152112)
(0.001021941005098325, -0.333537306468532)
(0.9332941367285703, -0.5942054617225458)
(0.9794448708955915, -0.24243133010298945)
(0.054718170852067115, -0.40175170240710123)
(0.0932992734690956, -0.655591026493389)
(0.010525615299561817, -0.15002963979894163)
(0.8687455616049237, -0.5420129267147527)
(0.018407048636063978, -0.2175867730723071)
(0.1787318663131407, -0.6187110557226211)
(0.13177025375339768, -0.6683280322254694)
(0.8982848997608975, -0.6738226548188994)
(0.001414938167761333, -0.16391242256430893)
(0.05299779849173263, -0.3432079979624672)
(0.987789996809001, -0.21649000592405163)
(0.05195546418368933, -0.43789653422066577)
(0.6948662821185108, -0.7684475667017002)
(0.015101817198639591, -0.5213344775732296)
(0.9956912275038334, -0.11826563713180069)
(0.03433274879893746, -0.3801452454785423)
(0.08772191915492415, -0.7062038618752734)
(0.008820468539669014, -0.13814016124198666)
(0.9994557894332393, -0.04853939281934006)
(0.9516221595097193, -0.3857774123634096)
(0.9519237300800195, -0.4977208382695064)
(0.02705765283262652, -0.38173758471312746)
(0.03711151919199984, -0.731266846494013)
(0.9753066460292387, -0.3883907867578059)
(0.10249525802864805, -0.4792430864347382)
(0.9965868130916231, -0.17630542184200715)
(0.9814759846648061, -0.20326198959439168)
(0.04828985362939361, -0.36478878564675454)
(0.9924182891648485, -0.37880882345189953)
(0.0023564345973828868, -0.08797933239957341)
(0.9831813876391191, -0.8675287175586919)
(0.9177559813831722, -0.6660558821631801)
(0.9996194799834915, -0.12095992651259946)
(0.9368913987235589, -0.6336499254977526)
(0.949917646178034, -0.5485623679344697)
(0.8807968257419285, -0.7965156591478108)
(0.0025606263392578517, -0.25405669606390685)
(0.954927323293278, -0.38448588699694136)
(0.996488552565538, -0.2828905273348794)
(0.07821567972882748, -0.4703884975412609)
(0.04329699761925756, -0.40379747974719554)
(0.7306528158616326, -0.7727428336322202)
(0.00021845071642078638, -0.022339436584658607)
(0.030468902025780217, -0.24582958848615744)
(0.9851212420167195, -0.380453167272481)
(0.028593781090027675, -0.6626944583778659)
(0.9657981154501232, -0.4489068598902545)
(0.9764566698130054, -0.4673044942792362)
(0.02251409163173869, -0.5294946920436994)
(0.8359127437849139, -0.5984080517216614)
(0.15989790701637516, -0.5675647607631963)
(0.1457543029124996, -0.574281872002125)
(0.9799486828600753, -0.5013443413274521)
(0.1147716303966304, -0.8036973004234722)
(0.1648642383438489, -0.7384897446532597)
(0.9860191158658645, -0.1856637986575491)
(0.8890789611844178, -0.6411350275192251)
(0.9842498361334391, -0.25277357258428645)
(0.006367242589527778, -0.23592276071083582)
(0.9942861121425919, -0.6802030772837646)
(0.0045908091671383626, -0.4822585825753756)
(0.2976835373723941, -0.7164653213615904)
(0.8335831176810083, -0.6820646350511712)
(0.012421794000929534, -0.2619551517107258)
(0.012016935853004642, -0.2395588683875208)
(0.00185835278880728, -0.12486405392717766)
(0.8248235184841166, -0.6805821612948831)
(0.949618484075097, -0.3202088744406492)
(0.8631839376548845, -0.5972958416346609)
(0.08472797472797473, -0.5143662722710223)
(0.11643663153968106, -0.6833113446330982)
(0.033060152454678304, -0.28939324414474155)
(0.0912132424854926, -0.5971790073434107)
(0.9417864440524634, -0.6398249662499094)
(0.043148656630641276, -0.29242618845886525)
(0.09470521856192587, -0.7252878076992311)
(0.8317988150532128, -0.6699290082014329)
(0.0002090893689870088, -0.06533171246868752)
(0.9919978888782267, -0.14062273387392213)
(0.9981842576500173, -0.0643804118479777)
(0.9999891945284947, -0.01008576866889628)
(0.9544766043626851, -0.30914929954435305)
(0.8965500312416317, -0.6540344147550399)
(0.0034877480403926278, -0.1034834764282284)
(0.8097186359184401, -0.652403841910846)
(0.030222016278507534, -0.29523521430013344)
(0.9848981828013604, -0.5213344775732296)
(0.9719506085794865, -0.6797487335331668)
(0.00180349532863465, -0.07506092800873537)
(0.9557453687521845, -0.640261058065424)
(0.9982103340475605, -0.25737284584989684)
(0.06324062430653155, -0.541988871107383)
(0.9886947516855418, -0.32288139728113124)
(0.005061039385850493, -0.1479472664229004)
(0.9960893986754251, -0.24733321457507315)
(0.8899604153979295, -0.5871300000401225)
(0.013923590673761846, -0.2200371040042737)
(0.22940925064108653, -0.6959015622092043)
(0.8785434475638086, -0.556258449499758)
(0.09322475237414479, -0.7482025475850824)
(0.8503037359522122, -0.7418393792144083)
(0.9998078295067476, -0.024987782760041332)
(0.9557791156366482, -0.3981236646255046)
(0.05038151592490298, -0.3202088744406492)
(0.020606853759700294, -0.30635986204261073)
(0.052293153283352906, -0.8272906183385322)
(0.11780415657664838, -0.5615016666539491)
(0.798527186418192, -0.7594315570262548)
(0.02545021610372979, -0.29322665073238)
(0.19531985183702072, -0.7335216286415769)
(0.9993377499757764, -0.06016619518270145)
(6.11713128358532e-05, -0.01278776704376011)
(0.0055215565223470445, -0.19701611559105559)
(0.9933878479367486, -0.793582535308211)
(0.10709395272409838, -0.6270773110333868)
(0.11342928604926417, -0.8181455088881744)
(0.9994659107899959, -0.09284342694572832)
(0.04034164859002169, -0.7947014694686239)
(0.3030679848097086, -0.7561243651965566)
(0.9983461862817699, -0.06974237197816788)
(0.18918670561606468, -0.7087449989844181)
(0.02586484250520897, -0.5612780019380984)
(0.9980005224423042, -0.08321764887902862)
(0.9964030133856401, -0.39484122327186816)
(0.774601528160046, -0.752490197233364)
(0.003974491084710288, -0.14689373320490756)
(0.9282895152293347, -0.7711650439409679)
(0.01693932932738903, -0.284053016030266)
(0.9966612065009764, -0.1954760895031617)
(0.9975890730937828, -0.11113694350742029)
(0.9940460517035463, -0.17226241920734814)
(0.8029293099100614, -0.6158819491048761)
(0.036493941354408914, -0.32029285851360845)
(0.7451588348726276, -0.7436463562874973)
(0.9992176919604383, -0.3758745202784869)
(0.9813981032142445, -0.3250240668444295)
(0.0058689899171938875, -0.3474986269409502)
(0.9936026701115848, -0.16490476696166131)
(0.9998078295067476, -0.024987782760041332)
(0.7500843117003562, -0.772205335718727)
(0.9714170412927637, -0.6358935959332713)
(0.9997583624889644, -0.04791647352124195)
(0.05461121572589905, -0.3365244820879397)
(0.9806940004591936, -0.3235172263162392)
(0.957287958652793, -0.6269807253303594)
(0.051527436313229064, -0.38327915198518137)
(0.9935102809677273, -0.16629176043985094)
(0.044220884363351844, -0.3981236646255046)
(0.00842600795690286, -0.20159544014716177)
(0.2902163836332224, -0.7718962062808891)
(0.9589942091164735, -0.40720401185412264)
(0.9069250184036176, -0.7705486958145663)
(0.0001376888417704744, -0.01941995109594676)
(0.9538099027288068, -0.502623684540926)
(0.0940433813174777, -0.7165494003775535)
(0.9557453687521845, -0.640261058065424)
(0.00032459415876905334, -0.04125497475598127)
(0.7306528158616326, -0.7727428336322202)
(0.9963282776434745, -0.6066122088701453)
(0.9989780589949017, -0.333537306468532)
(0.8920678186255215, -0.7210056235240407)
(0.12169998276753403, -0.6313241037825875)
(0.8029968013144325, -0.6403617790722687)
(0.9884542503176905, -0.1645063908222395)
(0.08145108601448019, -0.4884830163402653)
(0.19408347932577008, -0.6231309465838375)
(0.0007281627004256633, -0.05050028911815956)
(0.013786991640506507, -0.6461101503034031)
(0.8477931937636045, -0.6483398117490498)
(0.019429754313861774, -0.22142418024540547)
(0.04723069915736734, -0.33373480066047423)
(0.04232030039337227, -0.43671161929316443)
(0.9931035803667194, -0.18711751234743124)
(0.7200388630028283, -0.7454318217287639)
(0.9899178709181806, -0.14734865340684283)
(0.9697779837214925, -0.29523521430013344)
(0.09788635021210332, -0.49180768058990976)
(0.006612152063251381, -0.793582535308211)
(0.9036436027837259, -0.4903069826352189)
(0.0013166649531432162, -0.07106739140788304)
(0.01672644327487757, -0.37223118553274226)
(0.8920678186255215, -0.7210056235240407)
(0.13091611602643072, -0.820601136577524)
(0.9579240744452839, -0.5649042872728102)
(0.7952354016186581, -0.6376422894874869)
(0.005403886405333471, -0.47334217605756684)
(0.8922749783472873, -0.8136031833374837)
(0.9976608593328649, -0.2993751756296563)
(0.0015547210483995142, -0.3133884599280043)
(0.9656672512010626, -0.3801452454785423)
(0.9672289291164684, -0.45455460801895303)
(0.8965500312416317, -0.6540344147550399)
(0.7711167366353759, -0.6600914892074657)
(0.8730727053404979, -0.8035034048142025)
(0.048313780672906655, -0.5792394659515488)
(0.012016935853004642, -0.2395588683875208)
(0.05644148943934373, -0.5347580280328652)
(0.17992688304529683, -0.5939453607617062)
(0.9424993380352887, -0.8818751111499785)
(0.1648642383438489, -0.7384897446532597)
(0.9903185315286077, -0.3497044514471236)
(0.25705138514736037, -0.7365151731434916)
(0.9477595618854323, -0.6410004154128068)
(0.17167711570589397, -0.658123084457642)
(0.015979894946567652, -0.6635706890509611)
(0.005107764920304682, -0.1574809476714849)
(0.9952090663611816, -0.5995538457164481)
(0.9192139932348229, -0.6522296197704034)
(0.9999693305461964, -0.035388915472573834)
(0.9516221595097193, -0.3857774123634096)
(0.006923506565371865, -0.1894661219700954)
(0.9954518018197781, -0.18275469781359027)
(0.008252750036948673, -0.38675482700107217)
(0.10574516580758574, -0.5457756717591329)
(0.08093752670711905, -0.6261984059910017)
(0.012801662417490308, -0.2558987024936511)
(0.08926689532276917, -0.701981983607725)
(0.9993074066251547, -0.05648006509299106)
(0.9585761378136963, -0.7791522276159838)
(0.05283073402071585, -0.4321984963606111)
(0.9958368704716404, -0.36163443174642723)
(0.0010113073131670142, -0.5058019044677494)
(0.9542648170592682, -0.43963061143248844)
(0.022320615034168566, -0.41726352781894716)
(0.9534759157989362, -0.548891119072643)
(0.9932113200816505, -0.14520992386889775)
(0.12625375242804168, -0.6469316217994625)
(0.001514432293283187, -0.13377298209885732)
(0.9754654319790556, -0.3552384150344571)
(0.10603496683917378, -0.5560051864822747)
(0.003974491084710288, -0.14689373320490756)
(0.9961211724090153, -0.10575159841614966)
(0.9944784434776529, -0.19701611559105559)
(0.9749175018332926, -0.44776017773776045)
(0.9864989892944603, -0.22373379507718347)
(0.039269307077758796, -0.3886957204810835)
(0.9954877399919067, -0.13727213974049984)
(0.9879745071496013, -0.20837781827672175)
(0.9899186431329289, -0.20207246410647303)
(0.06364984952586451, -0.5200689589248703)
(0.06364984952586451, -0.5200689589248703)
(0.00039885444578283634, -0.09006056624426254)
(0.998215230254188, -0.12036144747045169)
(0.7322155164022194, -0.71324321507843)
(0.7814939637826962, -0.7371375803320636)
(0.997186421173763, -0.8431700285961694)
(0.04126978757948857, -0.4956803915911725)
(0.9758158884540861, -0.278376488298344)
(0.7761614503605614, -0.6756743280740591)
(0.976154099575835, -0.3017397993864313)
(0.008903352459258822, -0.13544311667247183)
(0.08779392588230345, -0.7705324894313624)
(0.9332941367285703, -0.5942054617225458)
(0.0012106225835122495, -0.08201951266704925)
(0.8955230710351598, -0.6096100927251537)
(0.7969574429074908, -0.7463429776214386)
(0.8920678186255215, -0.7210056235240407)
(0.0641360359228071, -0.41859368314465745)
(0.9990459932859851, -0.08366424842426994)
(0.9641171857803214, -0.5040135612825165)
(0.9444838448218693, -0.6748653012287433)
(0.9806778967590452, -0.6516727336885616)
(0.9957134409396965, -0.09847390095690879)
(0.001032407447555783, -0.06354138343899397)
(0.9809224838322999, -0.2710826642483208)
(0.020494785869621054, -0.3136675092253597)
(0.03354767114231296, -0.5766773873743261)
(0.06409803583735355, -0.6312153298157057)
(0.9965177928612152, -0.1524627756218598)
(0.11920317425807153, -0.7965156591478108)
(0.8351357616561511, -0.7384897446532597)
(0.9994689418631092, -0.06942268199519358)
(0.07902558072102839, -0.5901565408438345)
(0.1894442593595136, -0.7628313359951602)
(0.09796447484554281, -0.8083790322705993)
(0.0033914794606289033, -0.49849288697567873)
(0.9985389037365741, -0.18473973951138903)
(0.044796333889896574, -0.44007420800854735)
(0.9417864440524634, -0.6398249662499094)
(0.8063791815389724, -0.6082134596580653)
(0.012183210565596911, -0.2377631680079408)
(0.06785238768478992, -0.5028720538962508)
(0.7832032884277467, -0.7663738963790385)
(0.12362854927323423, -0.6044404108578239)
(0.08779392588230345, -0.7705324894313624)
(0.004224527792980462, -0.09593596299987577)
(0.02254319846405461, -0.2605115390919687)
(0.9780557970389345, -0.2431215134648419)
(0.06219241367019891, -0.5022240495497219)
(0.0034877480403926278, -0.1034834764282284)
(0.9975890730937828, -0.11113694350742029)
(0.9883879921866968, -0.7532792791714519)
(0.0765089135822208, -0.5857500638340963)
(0.9879745071496013, -0.20837781827672175)
(0.9999411972074336, -0.021276875920882836)
(0.015396325320343112, -0.19398357377159567)
(0.9935102809677273, -0.16629176043985094)
(0.04552339563731488, -0.30914929954435305)
(0.07477080429533363, -0.7192080280826785)
(0.8328880505081614, -0.5641474860256169)
(0.9995042059593695, -0.07837661465732675)
(0.882501909854851, -0.5597515315890536)
(0.8879826322722564, -0.4685416191441925)
(0.041866111861444344, -0.36382515435075435)
(0.9884542503176905, -0.1645063908222395)
(0.0036992493290956083, -0.22653527499352938)
(0.8013789603265448, -0.7912173669633407)
(0.9999276866416491, -0.025534970909122535)
(0.007977802551527073, -0.13939319520172724)
(0.9895922902914291, -0.48464458008682765)
(0.9806060697751823, -0.2217055750098554)
(0.8613142249609442, -0.7949083870531062)
(0.09675009777082519, -0.5731050096598133)
(0.0003243752772438267, -0.13542709501147257)
(1.383665505298972e-06, -0.002442968991589485)
(0.16379252245118026, -0.6172724594784176)
(0.9620181980302355, -0.7424256827808446)
(0.9878266949561192, -0.35331987407178667)
(0.9997384514091541, -0.10220827286563394)
(2.515036258591821e-06, -0.0067011060932841695)
(0.24594466698947925, -0.8063507008518633)
(0.20570945658644443, -0.7788871873140479)
(0.9941174885959556, -0.13158915894724887)
(0.12362854927323423, -0.6044404108578239)
(0.9991729585824641, -0.31978123984204215)
(0.05463052402801256, -0.8847075040450025)
(0.021592420607586517, -0.21754671945145931)
(0.018388284250960306, -0.23454377556020203)
(0.00012594224499720816, -0.02062117121081497)
(0.01693932932738903, -0.284053016030266)
(0.161201967063129, -0.8379628943848024)
(0.04425463124781545, -0.640261058065424)
(0.9981842576500173, -0.0643804118479777)
(0.0056557756646915995, -0.15856400534308412)
(0.9988233409520286, -0.12100427310546684)
(0.9997344161800049, -0.2126745175517732)
(0.0017617684034082971, -0.25587189371772284)
(0.9345947279004768, -0.40155354570618246)
(0.9994557894332393, -0.04853939281934006)
(0.9914911529402605, -0.35656607305883986)
(0.8335831176810083, -0.6820646350511712)
(0.1973229077536456, -0.6669653141783677)
(0.9987268257558677, -0.053291834000048825)
(0.00010335991133956601, -0.01974793535814738)
(0.9939223692697144, -0.1776648597889672)
(0.0001309040641930259, -0.0852580793813964)
(0.2121833443970963, -0.7845079711022411)
(0.0018785505938529205, -0.13015997521025044)
(0.0940433813174777, -0.7165494003775535)
(0.9193534757342139, -0.476289834013749)
(0.9968567571042819, -0.09421560432687041)
(0.035164894270961394, -0.5630031002966492)
(0.8029293099100614, -0.6158819491048761)
(0.9675981160066811, -0.38007425737365064)
(0.07264418875618991, -0.5335819653729036)
(0.03230689293873134, -0.31463729832617837)
(0.004123351072318928, -0.20161762896996605)
(0.9989780589949017, -0.333537306468532)
(0.9966085205393711, -0.49849288697567873)
(0.016350166865587677, -0.27850769514534074)
(0.06338757241754335, -0.7662296392718206)
(0.9873418215903765, -0.5723439734807617)
(0.7703680058768999, -0.6407873951428744)
(0.09843420497680304, -0.7725798764762455)
(0.9414635873070811, -0.5763689212671453)
(0.011305248314458203, -0.32288139728113124)
(0.9685077407261704, -0.4238971807384764)
(0.015291699327874048, -0.30550657734871794)
(0.0001989707534142275, -0.023841178546237067)
(0.08686602530072121, -0.47436570473648615)
(0.008920730883544987, -0.6186797105934808)
(0.8820378978145968, -0.6866540042452967)
(0.16379252245118026, -0.6172724594784176)
(0.04956328186633607, -0.41289009064018434)
(0.06764128194158142, -0.712452602825708)
(0.011343757975082941, -0.16999159103776332)
(0.7871663174198251, -0.8344510236539622)
(0.8953720436086343, -0.7275202601922981)
(0.9468415554394817, -0.40714970652141624)
(0.03431705223657159, -0.7312668464940131)
(0.005227535620746885, -0.14173145164941972)
(0.8435306207278773, -0.8460127873291973)
(0.01485971959428022, -0.2840948675711371)
(0.0008398921253556589, -0.09373973385079616)
(0.03638993830998039, -0.3503968030462776)
(0.020606853759700294, -0.30635986204261073)
(0.7991754955570745, -0.6260378971719679)
(0.0009076411345851237, -0.07056149086677765)
(0.9993635111415263, -0.04583437620651835)
(0.0033282321663948527, -0.08184745144769678)
(0.9875360988346881, -0.16901053551988576)
(0.07525417338395132, -0.4763084110263607)
(0.9676931070612687, -0.31463729832617837)
(0.9980005224423042, -0.08321764887902862)
(0.001414938167761333, -0.16391242256430893)
(0.9708175535860696, -0.28607143046502603)
(0.9981214494061471, -0.13015997521025044)
(0.07189324723500722, -0.5033418663530063)
(0.9425605326876514, -0.8870638678572289)
(0.0170091807627464, -0.29272760335352377)
(0.8965500312416317, -0.6540344147550399)
(0.9672289291164684, -0.45455460801895303)
(0.01615366902057108, -0.562415378300638)
(0.0017765186390595893, -0.09805509748437884)
(0.9999773519189301, -0.010740830530054094)
(0.7583189189189189, -0.7921240592973743)
(0.03706297513462148, -0.36264390384961553)
(0.002385937406973744, -0.07270582417294164)
(0.2976835373723941, -0.7164653213615904)
(0.9941310100828061, -0.3474986269409502)
(0.0007588376674612063, -0.06060071449426023)
(0.07525417338395132, -0.4763084110263607)
(0.9990972520850115, -0.04437817626448735)
(0.012421794000929534, -0.2619551517107258)
(0.001553367412438379, -0.07761167560837888)
(0.8532005812136741, -0.5723976273749072)
(0.06578877100541157, -0.6521599569656715)
(0.9809870630551857, -0.7280407333420155)
(0.014878757983280545, -0.380453167272481)
(0.981614746861564, -0.19139228878575865)
(1.7778947512279996e-07, -0.00113277366677848)
(0.9956912275038334, -0.11826563713180069)
(0.05854414586267703, -0.4063098222465376)
(0.9992485494788869, -0.09840909461293532)
(0.0020315641767292823, -0.09848210702708454)
(0.9993296400708057, -0.24018709593197116)
(0.9896573386636208, -0.8369100569389735)
(0.883551581334012, -0.8475982172108266)
(0.00016068213018595446, -0.03265857631844351)
(0.04797919119590552, -0.8803070318019933)
(0.0038979452691604425, -0.1135393366055213)
(0.879242148140208, -0.7854161805660533)
(0.10739581546904477, -0.6282925354571011)
(0.7574747293632472, -0.8211161158864011)
(0.9794442308127305, -0.8286941062341053)
(0.9991028060181233, -0.05256995349730383)
(1.0805471505352219e-05, -0.01008576866889628)
(0.9058739373101288, -0.431384237365513)
(0.0012291158730207905, -0.1134960725372098)
(0.9401730135481509, -0.6707385159740674)
(0.8029968013144325, -0.6403617790722687)
(0.8071864211737629, -0.8431700285961693)
(0.01615366902057108, -0.562415378300638)
(0.9508150860293986, -0.3279657112644223)
(0.20767356222246292, -0.793582535308211)
(0.9678748944949827, -0.6871562926475394)
(0.011716381217733345, -0.30021910794479684)
(0.0014831784165599874, -0.09268628655766892)
(0.010342661336379212, -0.8369100569389735)
(0.025958764636008824, -0.6216822966655958)
(0.0072686489693014975, -0.2716575540746223)
(0.012663066796907095, -0.167223860209892)
(0.84205078348393, -0.8380587382478225)
(0.24594466698947925, -0.8063507008518633)
(0.9853858776312214, -0.3829066007076189)
(0.9895922902914291, -0.48464458008682765)
(0.0022845316187538327, -0.17019929079638543)
(0.9689706018948542, -0.850727701618604)
(0.9981214494061471, -0.13015997521025044)
(0.9924889128886234, -0.4209165851984599)
(0.07495223120098722, -0.7291854970443764)
(0.9929819875590347, -0.18289885346671372)
(0.9775033753375337, -0.8243865378601161)
(0.08285231204781378, -0.5762148119299081)
(0.9060317671170487, -0.695228057964619)
(0.02055576918726956, -0.8286941062341053)
(0.9200300305021855, -0.5760154986085902)
(0.9608631277699385, -0.7280986096647963)
(0.06900880533079486, -0.8718642965850443)
(0.9853858776312214, -0.3829066007076189)
(0.9021136497878967, -0.49180768058990976)
(0.008862124539809446, -0.289432110971129)
(0.9344381442060499, -0.8802224296029302)
(0.9985745011555788, -0.07832651191069986)
(0.9540179906723238, -0.4058507100167672)
(0.8717287035887247, -0.5686659900425859)
(0.006748461195729302, -0.12091202080068504)
(0.9997731880700423, -0.028481310652272673)
(0.032072639634687754, -0.30980286450893035)
(0.9740563982731989, -0.2901955542199973)
(0.949112046702797, -0.3331369597943436)
(0.8778022805507745, -0.788204340415309)
(0.003401605921836773, -0.22982082518351143)
(0.7680716303654425, -0.6677433289438359)
(0.03638993830998039, -0.3503968030462776)
(0.0029306981084061415, -0.6215240943676913)
(0.03711151919199984, -0.731266846494013)
(0.11533778752691634, -0.7372710901874295)
(0.035600828990462074, -0.2771047186084424)
(0.1934109917341898, -0.5972861036976631)
(0.99851682158344, -0.09268628655766892)
(0.9993296400708057, -0.24018709593197116)
(0.9873190603738718, -0.3419139491969459)
(0.21659930267161162, -0.8136031833374838)
(0.000902747914988462, -0.04437817626448735)
(0.8645962950017476, -0.5122088464523392)
(0.009881663073145806, -0.22829703093649786)
(0.95710210109418, -0.49185390001347334)
(0.9933044258373206, -0.43822652802037754)
(0.05029757126803202, -0.42010570078324383)
(0.041308655851166096, -0.5417965030908999)
(0.996034444747531, -0.1368961528695993)
(0.7942879472914601, -0.6157577313562627)
(0.0037130255074331042, -0.08613546222671864)
(0.04982538211136741, -0.7897845892707775)
(0.9408128539675763, -0.4600572343438469)
(0.026395766278781877, -0.4535248544504031)
(0.9161192780052103, -0.6817219527819791)
(0.10451607672349889, -0.8486781352507311)
(0.7912899547945753, -0.732802691173012)
(0.9983767123676087, -0.06925221540720382)
(0.16663221283480137, -0.6585608078825016)
(0.004228654124457308, -0.4241474702460615)
(0.9997355667083941, -0.042074739290599336)
(0.12092048710601719, -0.5248673029011971)
(0.9675981160066811, -0.38007425737365064)
(0.009845470984711491, -0.24090572245604838)
(0.01957296448417492, -0.4425675011174627)
(0.0052822257806245, -0.2933205583867379)
(0.9309911946692051, -0.8718642965850443)
(0.06853649897384076, -0.3816660007136605)
(0.004512260008093404, -0.13727213974049984)
(0.9978474072181878, -0.06684621709758705)
(0.9873608872142483, -0.7115531637598532)
(0.9516862193270933, -0.5792394659515488)
(0.02661369425819108, -0.268173643182909)
(0.9969790876429584, -0.10487879919987277)
(0.8771259034531989, -0.6538009769341226)
(0.8549055817429294, -0.5264965759729759)
(0.9996097624938713, -0.04177250235739206)
(0.08064647377938518, -0.6624907367541331)
(0.21850603621730383, -0.7371375803320636)
(0.9036384332213898, -0.5915095863876187)
(0.9939863067393204, -0.11770593784539518)
(0.999924818989475, -0.014070558287656396)
(0.7158810073323666, -0.7482636739957018)
(0.9924728776540513, -0.13117454166817127)
(0.9900779484767288, -0.30772628780882094)
(0.012183210565596911, -0.2377631680079408)
(0.09676388190503556, -0.5263377306587682)
(0.0008328446479593746, -0.4571067880582375)
(0.9997279537591359, -0.024413018332220645)
(0.0006727025441356872, -0.09770051134061433)
(0.00019884118484834396, -0.030965753455951553)
(0.0013684965107441443, -0.0632829022015193)
(0.888014592676886, -0.4904710856483508)
(0.07171048477066537, -0.7711650439409679)
(0.9999980525113751, -0.02594461182479936)
(0.9746357220766871, -0.34153782377155656)
(0.03530881691598856, -0.310859611062116)
(0.9954394437528185, -0.1412037546010397)
(0.016375340065007182, -0.186644680428067)
(0.9879830641469953, -0.2395588683875208)
(0.9846036746796569, -0.19398357377159567)
(0.9501746178886326, -0.7897845892707775)
(0.060285284489973195, -0.38810277596219755)
(0.07189324723500722, -0.5033418663530063)
(0.9667232831435916, -0.6727091028737341)
(8.004251858587281e-06, -0.23459333753292025)
(1.0805471505352219e-05, -0.01008576866889628)
(0.040362172874140644, -0.29877213317868523)
(0.9997485793389422, -0.023157715654454496)
(0.033060152454678304, -0.28939324414474155)
(0.9997508132211339, -0.023758338267893173)
(0.11749809014514896, -0.5597515315890536)
(0.9745497838962702, -0.29322665073238)
(0.975269736375877, -0.32453172828381727)
(0.005950107590986577, -0.341270577288554)
(0.9977724735740654, -0.07509277566601054)
(0.9098772130211308, -0.4184550284694866)
(0.0007278586509612179, -0.8142179740527516)
(0.06060400158892768, -0.7659412879200426)
(0.19707069008993863, -0.6158819491048761)
(0.8350051416284939, -0.6849721929981034)
(0.9820997199206442, -0.21376903805872072)
(0.979302486483402, -0.26131426798173696)
(0.0032998973080026407, -0.134364181553963)
(0.9882465681274767, -0.15314151245884078)
(0.01221000319099902, -0.21649000592405163)
(0.9986402614289113, -0.05481708466439865)
(0.9609486200312446, -0.635926709642485)
(0.00898788510911425, -0.293932427330741)
(0.8713798198705319, -0.5155606212004441)
(0.9342913409591646, -0.5528587472082751)
(0.8124874265149652, -0.8189136004314899)
(0.0019157803537284894, -0.547259466755849)
(0.12824531935535252, -0.530483742524776)
(0.0380928056780299, -0.3939750268039957)
(0.9185728302696736, -0.5616652267083195)
(0.758085147934772, -0.715471882482249)
(0.8435306207278773, -0.8460127873291973)
(0.9977724735740654, -0.07509277566601054)
(0.995876648927681, -0.20161762896996605)
(0.9977724735740654, -0.07509277566601054)
(0.0008398921253556589, -0.09373973385079616)
(0.012421794000929534, -0.2619551517107258)
(0.9798235843633228, -0.2632634215471656)
(0.22858463107353036, -0.7783411107629982)
(0.9688812774489212, -0.8744447618508583)
(0.0009748170629162772, -0.14328241630458705)
(0.9967152275627392, -0.15583044552319678)
(0.0002119187356608755, -0.031211253155355865)
(0.6936758306962025, -0.724599243324833)
(0.00047731829551719677, -0.06494673312633921)
(0.001502180917598231, -0.06565285551914361)
(0.8802291763610982, -0.8523903616217673)
(0.9476530934699682, -0.4134679112306566)
(0.8505051510926834, -0.6633183853724097)
(0.12625375242804168, -0.6469316217994625)
(0.9685077407261704, -0.4238971807384764)
(0.1522068062363955, -0.6483398117490498)
(0.2084691000951893, -0.6706402896409086)
(0.9809870630551857, -0.7280407333420155)
(0.8440793232605384, -0.58144581231754)
(0.973386305741809, -0.268173643182909)
(0.899958391673051, -0.48392119174838927)
(0.14859672300182056, -0.5902421134947164)
(0.9992700106318347, -0.1391089677342936)
(0.013980884134135403, -0.1856637986575491)
(0.9780557970389345, -0.2431215134648419)
(0.9729488757739237, -0.663234326776921)
(0.883551581334012, -0.8475982172108266)
(0.0003805200165084606, -0.12095992651259946)
(0.9036384332213898, -0.5915095863876187)
(0.9332941367285703, -0.5942054617225458)
(0.05918714603242375, -0.4600572343438469)
(0.03240188399331888, -0.38007425737365064)
(0.0010069432068053013, -0.045029120837491055)
(0.999910096286282, -0.02908334549977618)
(0.004308772496166573, -0.11826563713180069)
(0.020555129104408477, -0.24243133010298945)
(0.9999999948777258, -0.00015012663406027826)
(0.05854414586267703, -0.4063098222465376)
(0.9830826127200407, -0.3054989346528428)
(0.9889405767172312, -0.198054567259369)
(0.024824535507156666, -0.34888852878859083)
(0.9556485477662429, -0.42733859492013954)
(0.9904872327839761, -0.15049433010115001)
(0.24554587515391216, -0.6834770669471952)
(0.9453539446618309, -0.566616727384561)
(0.9738288993593243, -0.26313484171649065)
(0.10242271387228519, -0.4954390736821946)
(0.9397147155100268, -0.38810277596219755)
(0.19582425958188154, -0.7978165884691543)
(0.0017896659524394955, -0.25737284584989684)
(0.020176415636677207, -0.2632634215471656)
(0.8536304201935359, -0.7931015033122673)
(0.9848173130294181, -0.4420655180455096)
(0.9486224578880138, -0.3366729255769187)
(0.7429486148526396, -0.7365151731434916)
(0.9405254038937946, -0.556799515821444)
(0.0454761815873964, -0.6838598100220928)
(0.9997731880700423, -0.028481310652272673)
(0.9999933890067115, -0.19375889306852456)
(0.048420250751146934, -0.31182801282272554)
(0.1667307251970822, -0.5991910265039345)
(0.02666893522242158, -0.45332843831595077)
(7.878336747279257e-06, -0.03981085226488985)
(0.004163129528359623, -0.36163443174642723)
(0.04828985362939361, -0.36478878564675454)
(0.997574817230316, -0.07707513331405577)
(0.983846330979429, -0.562415378300638)
(0.030468902025780217, -0.24582958848615744)
(0.9813071792642203, -0.3388965869818928)
(0.034036198079781615, -0.342495701875378)
(0.061360361982801315, -0.824720583100796)
(0.9567030023807425, -0.40379747974719554)
(0.8896517492246602, -0.5309373314179815)
(0.9951349126825079, -0.26220825753294846)
(0.9573748752029527, -0.3694571226843574)
(0.9977685079089571, -0.12419651959273298)
(0.9993236507447221, -0.12013844333916024)
(0.030865008578980724, -0.5663014196667886)
(0.7361976576613148, -0.743616167871061)
(0.005878174489548688, -0.40346840094385106)
(0.9997620720651222, -0.030719525722633097)
(0.1522068062363955, -0.6483398117490498)
(0.9933044258373206, -0.43822652802037754)
(0.01183873146415956, -0.21896789656689372)
(0.9248210664439938, -0.4370241887451218)
(0.008494928362804926, -0.18739603651427147)
(0.06542960183244798, -0.3570908693650135)
(0.8785434475638086, -0.556258449499758)
(0.9353460541884464, -0.5487102572004667)
(0.9976435654026171, -0.08797933239957341)
(0.27039477859817634, -0.7750806639410912)
(0.0006578679824591131, -0.06207721538844043)
(0.7923264377775371, -0.793582535308211)
(0.19281357882623706, -0.8431700285961693)
(0.9848981828013604, -0.5213344775732296)
(0.013596431104462311, -0.21835190539270102)
(0.9858818579105888, -0.5408926023519689)
(0.9972984455723738, -0.08301399832888508)
(0.9333698443873697, -0.5534935449841903)
(0.000758657034320722, -0.16089123094575683)
(0.9994353995673639, -0.07583704263743142)
(0.07171048477066537, -0.7711650439409679)
(0.13449205363047878, -0.7342272630118757)
(0.0013043867368703669, -0.10929026965530647)
(0.906043688992696, -0.4946163407431389)
(0.06535213896697119, -0.4022722433075321)
(0.7540553330105207, -0.8063507008518633)
(0.004213109376837336, -0.22673576233609294)
(0.9577132925595108, -0.32239836091436225)
(0.19990871519139716, -0.7350079797468815)
(0.9775196875396926, -0.23266694870128005)
(0.00955937847476278, -0.21106818308437117)
(0.9945961135946665, -0.47334217605756684)
(0.9316318889776358, -0.3657721419978391)
(0.004599500174853507, -0.3124823034817475)
(0.9787552923571063, -0.3342920810141576)
(0.0070123172441417985, -0.3668709968205844)
(0.9990923588654149, -0.07056149086677765)
(0.10884170767998169, -0.8386342621610063)
(0.0007661091718954108, -0.07845415710324766)
(0.06308573552223372, -0.5919683580420042)
(0.004872787528052427, -0.18230090983167827)
(0.00013386791838711733, -0.02564365987014536)
(0.001297746274172307, -0.09086267015172052)
(0.9952652593053087, -0.32077802749786405)
(0.003290365065166274, -0.10674779863141665)
(0.025727158333212805, -0.5298852708674346)
(0.1799879280070237, -0.8041206703797973)
(0.15423434603663325, -0.5755087772550749)
(0.0006334464083533897, -0.08023086081370995)
(0.06830504656052869, -0.5502513929483863)
(0.0467208825709676, -0.3195023568002752)
(0.08843884903138587, -0.562821466862851)
(0.941996364965008, -0.34322729032971605)
(0.1515510464251567, -0.7784072610751847)
(0.8707917806448834, -0.7891041364400793)
(0.009530796517252499, -0.23628337789425063)
(0.13540370499825236, -0.5122088464523392)
(0.997593532637316, -0.0717207298638901)
(0.9996351866437875, -0.12882126692207782)
(0.06540527209952321, -0.40155354570618246)
(0.9032361180949644, -0.5263377306587682)
(0.04926512677194518, -0.6167840287973259)
(0.9691349914210192, -0.5663014196667886)
(0.043148656630641276, -0.29242618845886525)
(0.9664493091958658, -0.38875758974621233)
(0.05464605533816911, -0.566616727384561)
(0.0008935806836698239, -0.06384590459033583)
(0.9718959895663515, -0.23890275671668446)
(0.9775196875396926, -0.23266694870128005)
(0.21986341481845317, -0.6921021978785574)
(0.7801365851815468, -0.6921021978785574)
(0.9488480442351014, -0.7502710985562884)
(0.8771259034531989, -0.6538009769341226)
(0.9993377499757764, -0.06016619518270145)
(0.21659930267161162, -0.8136031833374838)
(0.011264794630600768, -0.23175294780842454)
(0.03354767114231296, -0.5766773873743261)
(0.004599500174853507, -0.3124823034817475)
(0.9943442243353084, -0.15856400534308412)
(0.799351106639839, -0.7371375803320636)
(0.06786322622226314, -0.8432864778221058)
(2.180323723315924e-05, -0.014589546688796544)
(0.023959193788204197, -0.6052492605733283)
(0.8046801481629793, -0.7335216286415769)
(0.007559967780543635, -0.1667208409027981)
(0.9697197967756834, -0.8057654506016134)
(0.15989790701637516, -0.5675647607631963)
(0.0009076411345851237, -0.07056149086677765)
(0.07477080429533363, -0.7192080280826785)
(0.06259088155104514, -0.5549187782869367)
(0.005054769176553507, -0.5379381202646476)
(0.9983734892821277, -0.1585852830215377)
(0.9970693018915938, -0.6215240943676913)
(0.02895382843634931, -0.555145814594026)
(0.999646870082343, -0.03208226919358837)
(0.004368953780007166, -0.32815959998659583)
(0.024840926013673593, -0.2479911848812263)
(0.1973229077536456, -0.6669653141783677)
(0.8911582923200183, -0.8386342621610063)
(0.04598200932767617, -0.4058507100167672)
(0.009017128392838693, -0.1351812382569907)
(0.882501909854851, -0.5597515315890536)
(0.7065173910434626, -0.7327587203732936)
(0.006492195209286639, -0.1525389520991267)
(0.005969464965968645, -0.27311364715115855)
(0.949618484075097, -0.3202088744406492)
(0.9875765905244237, -0.2403383611432066)
(0.033085482229603884, -0.35171883933203624)
(0.0001559849410225225, -0.0483266248717211)
(0.09507994556897431, -0.623162744386861)
(0.9936327574104722, -0.23592276071083582)
(0.9933044258373206, -0.43822652802037754)
(0.9062086384893673, -0.8081650432917931)
(0.028158125347579162, -0.308698644588749)
(0.012173305043880799, -0.35331987407178667)
(0.002610109427937225, -0.1426680857607522)
(0.008277375093937117, -0.17762351333302737)
(0.09975066246583346, -0.7644070720575784)
(0.9988262471051331, -0.08578813612139019)
(0.21895812284789376, -0.7553916110126715)
(0.9987429394084649, -0.05932797701502733)
(0.9984978190824018, -0.06565285551914361)
(0.003217490095548823, -0.2134452210586318)
(0.9930764934346281, -0.1894661219700954)
(0.8687455616049237, -0.5420129267147527)
(0.9858818579105888, -0.5408926023519689)
(0.1311500680387821, -0.7789534304835762)
(0.9809870630551857, -0.7280407333420155)
(0.975397489025245, -0.45049663370145665)
(0.9857779594008972, -0.696338054863977)
(0.8163387691749481, -0.7384897446532597)
(0.8124805566925911, -0.5998483461727967)
(0.9954004998251464, -0.3124823034817475)
(0.9730828331332533, -0.35184381985597657)
(0.034201884549876854, -0.4489068598902545)
(0.18165941182715786, -0.7779114076335822)
(0.945388784274101, -0.3365244820879397)
(0.8920678186255215, -0.7210056235240407)
(0.0050569727853411045, -0.16262096004804427)
(0.9250477687990127, -0.7291854970443764)
(0.04807626991998044, -0.4977208382695064)
(0.012463901165311903, -0.16901053551988576)
(0.024598905197684314, -0.3849221738708255)
(0.006110359574096701, -0.15986968817639885)
(0.9932535462241693, -0.12901543062678214)
(0.9806060697751823, -0.2217055750098554)
(0.9800577759813596, -0.8710558439930469)
(0.8522334203326939, -0.5760154986085904)
(0.9759688171517874, -0.4473009589580919)
(0.9819085228258982, -0.635926709642485)
(0.996053558661707, -0.18980084002084507)
(6.996334558793367e-05, -0.033396205609741776)
(0.22502024515036625, -0.6742691085232738)
(0.011632617502286884, -0.3191683385677881)
(0.9532156797288275, -0.47038849754126083)
(0.025814859525899913, -0.40206033518989864)
(0.9997583624889644, -0.04791647352124195)
(0.9938838123069469, -0.13867928101910681)
(0.18918670561606468, -0.7087449989844181)
(0.15018085148436575, -0.7241123007175467)
(0.053966062891387785, -0.4933773852602998)
(0.09162377391473245, -0.7115808049432565)
(0.013980884134135403, -0.1856637986575491)
(0.04430669910179641, -0.6855489847025367)
(0.0030209123570416386, -0.10487879919987277)
(0.9879745071496013, -0.20837781827672175)
(0.9985867647058824, -0.21550433966178564)
(0.7631209556993529, -0.7294323094575123)
(0.9026922281934684, -0.7572496432927565)
(0.9996183041335396, -0.0527189808144815)
(0.19353325875570088, -0.630509211642777)
(0.9991028060181233, -0.05256995349730383)
(0.005935262939005937, -0.3241785113175139)
(0.041594486910201164, -0.39665379422818436)
(0.0011716612778494874, -0.05179447999799748)
(0.1228740965468011, -0.6538009769341226)
(0.999956800649684, -0.015708586291078963)
(0.9263268112771145, -0.45803260289433717)
(0.8435306207278773, -0.8460127873291973)
(0.9252863036172212, -0.583529581933064)
(0.11523204854478031, -0.8233675186538614)
(0.8751749489229581, -0.5893685388346964)
(0.9924889128886234, -0.4209165851984599)
(0.9672289291164684, -0.45455460801895303)
(0.24403824297649193, -0.7304794876179603)
(0.9368913987235589, -0.6336499254977526)
(0.24594466698947925, -0.8063507008518633)
(0.98108943286476, -0.887923842523111)
(0.9467714218879332, -0.3296122084293335)
(0.0013649438365890513, -0.06669653141783677)
(0.9992695265074868, -0.29652559888711905)
(0.9904872327839761, -0.15049433010115001)
(0.1720422379478107, -0.8101666904578408)
(0.7641054519211844, -0.8011839338356673)
(0.09396823288295127, -0.695228057964619)
(0.017371269998972216, -0.2510242745041184)
(0.9809870630551857, -0.7280407333420155)
(0.10196954035983075, -0.5916815424029128)
(0.025264639353428556, -0.23277930248629825)
(0.0006703599291942568, -0.24018709593197116)
(0.7757657771823745, -0.663234326776921)
(0.9438324880773535, -0.3693826210917772)
(0.9999911290795196, -0.005882221108697044)
(0.9992881918181229, -0.19793258348552914)
(0.0038788275909846666, -0.10575159841614966)
(0.9996292000164948, -0.04873374332061669)
(0.0007722546734149389, -0.162365105800014)
(0.012673014059860738, -0.22259869088055534)
(0.9950874974443629, -0.277415268266207)
(0.9680409476156439, -0.3741012737925412)
(0.9371300396178047, -0.8537808842345271)
(0.8029968013144325, -0.6403617790722687)
(0.9922709709933923, -0.205150284144381)
(0.9932515388042708, -0.12091202080068504)
(0.0034131869083769257, -0.17630542184200715)
(0.901565795023197, -0.7725798764762455)
(0.9958724338331488, -0.2304250386340417)
(0.05863393291200778, -0.7124110402042501)
(0.9864989892944603, -0.22373379507718347)
(0.01625878338956394, -0.23233643072539736)
(0.991179531460331, -0.13814016124198666)
(0.03691802599461373, -0.32998331645247886)
(1.3058526695591154e-05, -0.013197483015811284)
(0.000758657034320722, -0.16089123094575683)
(0.06029392521835847, -0.5992302290311028)
(0.9945010975853124, -0.14622126418879888)
(0.9997569807765867, -0.05790691730313239)
(0.9490852424512264, -0.5931472151299856)
(0.9032499022291748, -0.5731050096598133)
(0.9947724643792532, -0.14173145164941972)
(0.9273558112438101, -0.5335819653729036)
(0.02318739612885897, -0.6150134758431997)
(0.9869807676886477, -0.24481928939685893)
(0.9952652593053087, -0.32077802749786405)
(0.12895689337859392, -0.7491664500941384)
(0.9904692034827475, -0.23628337789425063)
(0.9935801833783202, -0.3847766349395939)
(0.9978474072181878, -0.06684621709758705)
(0.9975890730937828, -0.11113694350742029)
(0.98669309778802, -0.19588475323083598)
(0.9710890333709281, -0.24305538209051655)
(0.9999934221622533, -0.02471630139484133)
(0.8065157689581857, -0.6491094568126073)
(0.8940844038876462, -0.7251873105663921)
(0.06820057148969332, -0.5598114044665367)
(0.9730173177211453, -0.3604815285103174)
(0.0061946241911398706, -0.36471615472875624)
(0.973912938409241, -0.5902230952055478)
(0.6969320151902915, -0.7561243651965566)
(0.9888286015954951, -0.4297951401044528)
(0.976154099575835, -0.3017397993864313)
(0.06678509549936058, -0.3778282428788371)
(0.9999897128905864, -0.05583345816423646)
(0.9710890333709281, -0.24305538209051655)
(0.9919905657144815, -0.4184406901248793)
(0.016917387279959308, -0.3054989346528428)
(0.019393930224817696, -0.2217055750098554)
(0.9557791156366482, -0.3981236646255046)
(0.9888286015954951, -0.4297951401044528)
(0.12426226052742517, -0.858019994906168)
(0.9927313510306985, -0.2716575540746223)
(0.0007357115244639318, -0.12758974894389633)
(0.9678748944949827, -0.6871562926475394)
(0.7540553330105207, -0.8063507008518633)
(0.10709395272409838, -0.6270773110333868)
(0.06939698720641155, -0.41588513857832876)
(0.04262512479704723, -0.3694571226843574)
(0.004006831525759889, -0.11533547747486521)
(0.9912258426225183, -0.2416445995811857)
(0.8046801481629793, -0.7335216286415769)
(0.13125443839507633, -0.5420129267147527)
(0.9985745011555788, -0.07832651191069986)
(0.9961054452979576, -0.19209678180795195)
(0.9780354115652665, -0.27602740811831655)
(0.9809224838322999, -0.2710826642483208)
(0.14679941878632585, -0.5723976273749072)
(0.7296052214018237, -0.7750806639410912)
(0.9332149045006394, -0.3778282428788371)
(0.976154099575835, -0.3017397993864313)
(0.08746077164482186, -0.6763104622946937)
(0.9994353995673639, -0.07583704263743142)
(0.9960587854367535, -0.26360438726797786)
(0.9966154661016949, -0.7761808843750755)
(0.9966154661016949, -0.7761808843750755)
(0.2638023423386851, -0.743616167871061)
(0.9992694969697138, -0.0508551400240751)
(0.0011766590479713572, -0.12100427310546684)
(0.8244414382963868, -0.6394787527055954)
(0.9929740191072777, -0.14786844369933508)
(0.984154019213847, -0.3323481874076144)
(0.9059566186825223, -0.7165494003775535)
(0.004127566166851162, -0.2304250386340417)
(0.9829597563479571, -0.2507407962665359)
(0.004123351072318928, -0.20161762896996605)
(0.9384282753198485, -0.5237043491173405)
(0.9930316158559713, -0.30878971150850504)
(0.9942228103221575, -0.12257223450188719)
(0.9643989948131747, -0.2806841533101719)
(0.9948090265434912, -0.1532126019584704)
(0.7725006785488103, -0.6629103002352946)
(5.0134728637335375e-05, -0.019802940918048535)
(0.07365339716529491, -0.4319946435688932)
(0.7438367563415571, -0.6700147724446964)
(0.02460251097475499, -0.45049663370145665)
(0.8728777505144847, -0.7249433620093312)
(0.9983734892821277, -0.1585852830215377)
(0.10451607672349889, -0.8486781352507311)
(0.030222016278507534, -0.29523521430013344)
(0.0061946241911398706, -0.36471615472875624)
(0.9860191158658645, -0.1856637986575491)
(0.012173305043880799, -0.35331987407178667)
(0.0037130255074331042, -0.08613546222671864)
(0.9967152275627392, -0.15583044552319678)
(4.2158201713948345e-05, -0.013006289024739165)
(0.12895689337859392, -0.7491664500941384)
(0.9567030023807425, -0.40379747974719554)
(0.9543201271227749, -0.35715004915774884)
(0.9998393178698141, -0.03265857631844351)
(0.01791242598970628, -0.7088684211621756)
(0.9989276027454465, -0.05016031225483905)
(0.9986402614289113, -0.05481708466439865)
(0.2934826089565374, -0.7327587203732936)
(0.865919512695914, -0.5014815925330718)
(0.8841958838908628, -0.4911944458336604)
(0.004790933638818428, -0.5995538457164481)
(0.9741351574947911, -0.5612780019380984)
(0.006746453775830739, -0.12901543062678214)
(0.8990765052873894, -0.6588687458187101)
(0.9401730135481509, -0.6707385159740674)
(0.9924728776540513, -0.13117454166817127)
(0.987789996809001, -0.21649000592405163)
(0.05091475754877358, -0.5931472151299856)
(0.0414238621863037, -0.7791522276159838)
(0.9952288103739898, -0.344256133645025)
(0.11920317425807153, -0.7965156591478108)
(0.990327714566029, -0.1626397303635561)
(0.06853649897384076, -0.3816660007136605)
(0.03914504957218525, -0.4975653638802602)
(0.009672285433970975, -0.1626397303635561)
(0.11671679853527758, -0.47911773677504166)
(0.00351144743446199, -0.2828905273348794)
(0.9997373794440932, -0.024877305266945093)
(0.9998300682571428, -0.03593405348019578)
(0.8631839376548845, -0.5972958416346609)
(0.006853032744353715, -0.2501279306230956)
(0.9901183369268542, -0.22829703093649786)
(0.9879745071496013, -0.20837781827672175)
(0.11643663153968106, -0.6833113446330982)
(0.045679872877225136, -0.35715004915774884)
(0.9669145177703962, -0.35171883933203624)
(0.005038458324401507, -0.13310808566742927)
(0.21552172499729114, -0.7939264869975851)
(0.9954877399919067, -0.13727213974049984)
(0.8717546806446475, -0.530483742524776)
(0.0954365776528461, -0.6436355892920513)
(0.2609585381491772, -0.7829822129195033)
(0.9570718448503844, -0.35883968600326716)
(0.9992485494788869, -0.09840909461293532)
(0.9353460541884464, -0.5487102572004667)
(0.21130380628681206, -0.7734116773101302)
(0.0037876320378424965, -0.09178944534711561)
(0.9904872327839761, -0.15049433010115001)
(0.9993885189190052, -0.14617984024684108)
(0.006367242589527778, -0.23592276071083582)
(0.9979881602676355, -0.0957521699446004)
(0.9387719035174157, -0.7847936622788989)
(0.017923043779621964, -0.6863066960623361)
(0.13091611602643072, -0.820601136577524)
(0.8200120719929763, -0.8041206703797973)
(0.0002514206610577683, -0.023157715654454496)
(0.9576796996066277, -0.43671161929316443)
(0.010081356867071152, -0.20207246410647303)
(0.05299779849173263, -0.3432079979624672)
(0.2638023423386851, -0.743616167871061)
(0.03268198512100951, -0.6900035359733225)
(0.0010723972545534954, -0.05016031225483905)
(3.838575859494655e-05, -0.014098151227383596)
(0.01084234170410315, -0.15267308049817704)
(0.10171510023910245, -0.6738226548188994)
(0.0025606263392578517, -0.25405669606390685)
(0.7175478011472275, -0.7004921174474869)
(0.9993236507447221, -0.12013844333916024)
(0.9484725636867709, -0.38327915198518137)
(0.001414938167761333, -0.16391242256430893)
(0.9999745798360294, -0.05102939510108667)
(0.035259840211097265, -0.5370627830023244)
(0.023543330186994567, -0.4673044942792362)
(0.05982698645184914, -0.6707385159740674)
(0.984217052937655, -0.6266268321646038)
(0.0004213033639126408, -0.1037630894140373)
(0.0009076411345851237, -0.07056149086677765)
(0.8230610178074099, -0.6183768713394135)
(0.9508150860293986, -0.3279657112644223)
(0.9557791156366482, -0.3981236646255046)
(0.7703680058768999, -0.6407873951428744)
(0.9998078295067476, -0.024987782760041332)
(0.0038979452691604425, -0.1135393366055213)
(0.01276140651722383, -0.16797755946842288)
(0.02181685402591649, -0.2535976972983135)
(0.6969320151902915, -0.7561243651965566)
(0.0519504573068064, -0.493483718025614)
(0.0414238621863037, -0.7791522276159838)
(9.177295072498492e-05, -0.031348902140944046)
(0.9851402804057198, -0.2840948675711371)
(0.9471692659792842, -0.4321984963606111)
(0.9953977833711115, -0.10189188786834714)
(0.9738288993593243, -0.26313484171649065)
(0.9696196038197459, -0.5782611907900491)
(0.9981545826958196, -0.07232760030107806)
(0.001290154214335942, -0.06148390431713469)
(0.9958181626696356, -0.1102390327159858)
(0.00842600795690286, -0.20159544014716177)
(0.15879045551729204, -0.5979294893588085)
(0.9961020547308396, -0.1135393366055213)
(0.9875360988346881, -0.16901053551988576)
(0.044796333889896574, -0.44007420800854735)
(0.9139301959412176, -0.6409331305546458)
(0.003974491084710288, -0.14689373320490756)
(0.7690044386657102, -0.8212817822476587)
(0.9999980525113751, -0.02594461182479936)
(2.515036258591821e-06, -0.0067011060932841695)
(0.026346196743252285, -0.32688590446133003)
(0.7757657771823745, -0.663234326776921)
(0.20147281358180802, -0.7594315570262548)
(0.8948893681438318, -0.7597150269063219)
(0.001021941005098325, -0.333537306468532)
(0.13177025375339768, -0.6683280322254694)
(0.9924144943814098, -0.19974885497714703)
(0.901565795023197, -0.7725798764762455)
(0.0002115132432918184, -0.024386919623305768)
(0.05730067567567568, -0.4950775370608589)
(0.12082574714685376, -0.8134405999934179)
(0.07189324723500722, -0.5033418663530063)
(0.9955355198693522, -0.0997162159567326)
(0.03427960699017475, -0.5495498048826755)
(0.8036759234203761, -0.6196004894889656)
(0.0044811234111336974, -0.1121566265291799)
(0.9641171857803214, -0.5040135612825165)
(0.0060206174903894225, -0.6315526511834985)
(1.59892251433387e-05, -0.13782989624875305)
(0.9190624732928809, -0.6261984059910017)
(0.021244707642893643, -0.3342920810141576)
(0.0020033791220231897, -0.21795181028433144)
(0.009922051523271148, -0.30772628780882094)
(0.9999264765792016, -0.02842833522218317)
(0.9161192780052103, -0.6817219527819791)
(0.9835320183814753, -0.5466062566021658)
(0.9989930567931947, -0.045029120837491055)
(0.9998500033332592, -0.8141094140686553)
(0.9774859083682613, -0.5294946920436994)
(0.951579749248853, -0.31182801282272554)
(0.9974098679372626, -0.1845238677081099)
(0.03950348005097539, -0.3591386897608426)
(0.7801365851815468, -0.6921021978785574)
(0.2056227879894965, -0.8365278625985514)
(0.025082498166707407, -0.44776017773776045)
(0.9944784434776529, -0.19701611559105559)
(0.18611866451309522, -0.7490285977081548)
(0.2030425570925092, -0.7463429776214386)
(0.9991253843303713, -0.04762867379858626)
(0.9833429301164156, -0.2088625117869603)
(0.12345960536113179, -0.6819757584233723)
(0.8631839376548845, -0.5972958416346609)
(0.039156332091147904, -0.4476234069583183)
(0.9751799627720033, -0.6034845692013039)
(0.7363713466825245, -0.7143000983154977)
(0.7981229921982561, -0.6725238686095193)
(0.9999919957481415, -0.23459333753292025)
(0.05463052402801256, -0.8847075040450025)
(0.01004112951581472, -0.3432369373267085)
(0.27039477859817634, -0.7750806639410912)
(0.9753066460292387, -0.3883907867578059)
(0.008499034749034748, -0.7072536243726556)
(0.9873608872142483, -0.7115531637598532)
(0.9477595618854323, -0.6410004154128068)
(0.7749797548496338, -0.6742691085232738)
(0.8804245103269568, -0.5584290487387175)
(0.05088795329720292, -0.3331369597943436)
(0.03847703639514732, -0.31746739811528213)
(0.958746381489889, -0.3814871581159127)
(0.999790910631013, -0.06533171246868752)
(0.012801662417490308, -0.2558987024936511)
(0.27039477859817634, -0.7750806639410912)
(7.878336747279257e-06, -0.03981085226488985)
(0.03691802599461373, -0.32998331645247886)
(0.006486107726054107, -0.44645061835856154)
(0.007581710835151427, -0.37880882345189953)
(0.7139137285395649, -0.7496723432544877)
(0.8435306207278773, -0.8460127873291973)
(0.0007661091718954108, -0.07845415710324766)
(0.012463901165311903, -0.16901053551988576)
(0.9749175018332926, -0.44776017773776045)
(0.9990972520850115, -0.04437817626448735)
(0.042286707440489284, -0.32239836091436225)
(0.05348686874980529, -0.5706678984158939)
(0.002410926906217294, -0.11113694350742029)
(0.0370873479027262, -0.3134849977110841)
(0.8244414382963868, -0.6394787527055954)
(0.02891096662907185, -0.24305538209051655)
(0.973386305741809, -0.268173643182909)
(0.07051661765639214, -0.7750478694811305)
(0.9933513804692776, -0.14300723996902018)
(0.9775033753375337, -0.8243865378601161)
(0.8703363215329265, -0.7282143899203634)
(0.979302486483402, -0.26131426798173696)
(0.2636286533174755, -0.7143000983154977)
(0.15646937927212268, -0.8460127873291973)
(0.8968460469425571, -0.5657155303042551)
(0.09951097736132959, -0.5011386053280016)
(0.000758657034320722, -0.16089123094575683)
(0.9316949534394713, -0.5502513929483863)
(0.9734373692578027, -0.6130991171032308)
(0.8152732394366197, -0.8255940899719112)
(0.9903185315286077, -0.3497044514471236)
(0.9874080232064525, -0.25920289898474286)
(0.04884190856944203, -0.3184055079306758)
(0.8583780687957328, -0.626337580224707)
(0.001005833057746568, -0.0515556993582983)
(0.9848981828013604, -0.5213344775732296)
(0.07265046275333707, -0.6635346339178012)
(0.12345960536113179, -0.6819757584233723)
(0.11003958460207058, -0.5871300000401225)
(0.02608706159075897, -0.5902230952055478)
(0.015182686970581847, -0.4420655180455096)
(0.9999891945284947, -0.01008576866889628)
(0.9830606706726109, -0.284053016030266)
(0.9191862118513419, -0.5483488907889953)
(0.0058689899171938875, -0.3474986269409502)
(0.9193535262206148, -0.6624907367541331)
(0.014946541968050273, -0.26957666052864626)
(0.975397489025245, -0.45049663370145665)
(0.03914504957218525, -0.4975653638802602)
(0.9913218083071981, -0.5604794269487272)
(0.0641084628149042, -0.5526585871549791)
(0.9036436027837259, -0.4903069826352189)
(0.08234288623799825, -0.5329609796698219)
(0.04884190856944203, -0.3184055079306758)
(0.7436868214152003, -0.6858056484931404)
(0.7714153689264697, -0.7783411107629982)
(0.8736906750515869, -0.7199712634863625)
(0.9992669446139054, -0.10299530153668526)
(0.9997279537591359, -0.024413018332220645)
(0.010064833053376998, -0.2213612992139283)
(0.8240760305812748, -0.7037484679108602)
(0.9209485135235824, -0.5459464681097319)
(0.0001761212747123045, -0.13512738913582015)
(0.005882511404044395, -0.13158915894724887)
(0.7869626104381091, -0.8342230108047991)
(0.991179531460331, -0.13814016124198666)
(0.22502024515036625, -0.6742691085232738)
(0.08296857142857143, -0.4186941456286121)
(0.8008848340363103, -0.6718455481845509)
(0.9997880812643392, -0.031211253155355865)
(0.05750753115832168, -0.7213321337790379)
(0.9978998197865163, -0.3385771243704409)
(0.0021107845025091663, -0.0719852431602203)
(0.9983461862817699, -0.06974237197816788)
(0.012331561085434407, -0.1743803292026006)
(0.9957956704473487, -0.21092600462032102)
(0.0765089135822208, -0.5857500638340963)
(0.003946441338293044, -0.18980084002084507)
(0.9573748752029527, -0.3694571226843574)
(0.865919512695914, -0.5014815925330718)
(0.906043688992696, -0.4946163407431389)
(5.9034003071311534e-05, -0.018847531628851583)
(0.9567030023807425, -0.40379747974719554)
(0.07495223120098722, -0.7291854970443764)
(0.9333020819862925, -0.47375840867067837)
(0.9548617586721373, -0.8540595333481807)
(0.008044116476880102, -0.1534307648663965)
(0.025814859525899913, -0.40206033518989864)
(0.951579749248853, -0.31182801282272554)
(0.9860191158658645, -0.1856637986575491)
(0.9579662146272635, -0.28718145130127426)
(0.9814773902416095, -0.3444179537698934)
(0.0029156275098279577, -0.15486214542208884)
(0.11034825077533984, -0.5309373314179815)
(0.9858818579105888, -0.5408926023519689)
(0.9999558360145945, -0.010877177727605908)
(0.8956643965790307, -0.5802302461593849)
(0.016917387279959308, -0.3054989346528428)
(0.004825865212931657, -0.17397208592534835)
(0.010536867212238352, -0.15065895358187095)
(0.9980842196462715, -0.547259466755849)
(0.998979133969586, -0.07506308110481688)
(0.0006891033137098984, -0.12240391892638057)
(0.001021941005098325, -0.333537306468532)
(0.0005442105667606918, -0.04853939281934006)
(0.9924400322194563, -0.1667208409027981)
(0.9896573386636208, -0.8369100569389735)
(0.9087867575145074, -0.5971790073434107)
(0.0010620886120744568, -0.06482365656186488)
(0.10900964114527328, -0.6676946498478842)
(0.9998300682571428, -0.03593405348019578)
(0.8325568635275339, -0.7309604497706217)
(0.9964817690762972, -0.14626154375982034)
(0.9992700106318347, -0.1391089677342936)
(0.9889774921024921, -0.16073946008469445)
(0.9927380799307999, -0.4282427350700015)
(0.10739581546904477, -0.6282925354571011)
(0.021944202961065504, -0.2431215134648419)
(0.06338757241754335, -0.7662296392718206)
(0.0028034750996119196, -0.1266038564154346)
(0.1450944182570706, -0.5264965759729759)
(0.13779881585062745, -0.740310338927467)
(0.7923264377775371, -0.793582535308211)
(0.14949484890731654, -0.6633183853724097)
(0.02237042492188673, -0.26194391390382993)
(0.9115611509686141, -0.562821466862851)
(0.07171048477066537, -0.7711650439409679)
(0.005878174489548688, -0.40346840094385106)
(0.9366124275824567, -0.7662296392718206)
(0.07265046275333707, -0.6635346339178012)
(0.0641084628149042, -0.5526585871549791)
(0.9948090265434912, -0.1532126019584704)
(0.8595189448528741, -0.6683280322254694)
(1.8095596916959555e-07, -0.000914407645439705)
(0.9980551492426006, -0.09586416723362429)
(0.0013166649531432162, -0.07106739140788304)
(0.026395766278781877, -0.4535248544504031)
(0.9020355251544572, -0.8083790322705993)
(0.2194537935479251, -0.6558727083408564)
(0.9995755605350343, -0.25181624171744055)
(0.8071864211737629, -0.8431700285961693)
(0.9957739660889159, -0.3138851901822662)
(0.991179531460331, -0.13814016124198666)
(0.0016265107178723552, -0.1585852830215377)
(0.2194537935479251, -0.6558727083408564)
(0.03638993830998039, -0.3503968030462776)
(0.8230207457521068, -0.7163392398276119)
(9.381149516070736e-05, -0.015325990340868746)
(0.006853032744353715, -0.2501279306230956)
(0.985408015566049, -0.17386392873076698)
(0.841914852065228, -0.715471882482249)
(0.0003902375061286387, -0.04177250235739206)
(0.028104010433648515, -0.23890275671668446)
(0.0646539458115536, -0.5487102572004667)
(0.03434462194855882, -0.8881175666651369)
(0.9706649892911355, -0.7618002899191857)
(0.16619222859616842, -0.7930671661977176)
(0.09359192710550966, -0.6239587455080228)
(0.964399171009538, -0.2771047186084424)
(0.0666301556126303, -0.5534935449841903)
(0.9942861121425919, -0.6802030772837646)
(0.021770072221987583, -0.3094626662373068)
(0.9608631277699385, -0.7280986096647963)
(6.11713128358532e-05, -0.01278776704376011)
(0.09778485872235872, -0.5625881102964305)
(0.9804270355158251, -0.4425675011174627)
(0.9964194634991204, -0.09992427821267354)
(0.00749323458196838, -0.20872091008405388)
(0.9289814947324387, -0.40330406259980356)
(0.2194537935479251, -0.6558727083408564)
(0.936134838678976, -0.43584916891719283)
(0.0075855056185901455, -0.19974885497714703)
(0.04797919119590552, -0.8803070318019933)
(0.059850171759782474, -0.40993787266841475)
(0.9392062469531305, -0.6378532234574754)
(0.0004957940406305089, -0.07837661465732675)
(0.02666893522242158, -0.45332843831595077)
(0.996488552565538, -0.2828905273348794)
(0.011343757975082941, -0.16999159103776332)
(0.0011175425310969986, -0.054937262778078866)
(0.9894631327877617, -0.15065895358187095)
(0.9933513804692776, -0.14300723996902018)
(0.013019232311352276, -0.24481928939685893)
(0.03894667657312682, -0.41876593407445345)
(0.0007722546734149389, -0.162365105800014)
(0.9903931351440874, -0.15168821523063747)
(0.028482285509982906, -0.40932413150959807)
(0.9941310100828061, -0.3474986269409502)
(0.028158125347579162, -0.308698644588749)
(0.020378414984638764, -0.6051292944155059)
(0.05730067567567568, -0.4950775370608589)
(0.9999076981697302, -0.04813588109488176)
(0.02608706159075897, -0.5902230952055478)
(0.9996292000164948, -0.04873374332061669)
(0.8484489535748433, -0.7784072610751847)
(9.571396126017974e-05, -0.23773231071349768)
(0.04828985362939361, -0.36478878564675454)
(0.9996183783267542, -0.05831487607045644)
(0.09785846988133295, -0.6131812098097571)
(0.9997476143971573, -0.08621289282731544)
(0.10087343626732785, -0.8257801812803688)
(0.061582984507832395, -0.39524163619841585)
(0.004136615878417572, -0.17709374754680943)
(0.9631882695597233, -0.5645734807986248)
(0.0641084628149042, -0.5526585871549791)
(0.04837784049028073, -0.3857774123634096)
(0.012939536432108526, -0.3049039802130878)
(0.11644841866598801, -0.8475982172108266)
(0.9634437685491171, -0.7711325799849199)
(0.9991671553520406, -0.4571067880582375)
(0.046868084583230885, -0.4504024802373194)
(0.9945985442751546, -0.13816464678874474)
(3.066945380359185e-05, -0.035388915472573834)
(0.00012927203985682703, -0.02733608398056671)
(0.9256862586791539, -0.5915668939529074)
(0.012463901165311903, -0.16901053551988576)
(0.9367593756934685, -0.541988871107383)
(0.8954839232765011, -0.8486781352507311)
(0.06398265275307854, -0.6146317106080522)
(0.17520704426463587, -0.6974914372680353)
(0.9999665515467056, -0.008993825781921377)
(0.8827277985526352, -0.4928000019168648)
(0.02586484250520897, -0.5612780019380984)
(0.9151707681128111, -0.7195187804172194)
(0.9800577759813596, -0.8710558439930469)
(0.020494785869621054, -0.3136675092253597)
(0.11092103881558224, -0.6411350275192251)
(0.022784201878661994, -0.22714906992282952)
(0.0019157803537284894, -0.547259466755849)
(0.07365339716529491, -0.4319946435688932)
(0.9947481252455544, -0.1251626646025984)
(0.9373718478208056, -0.3560151376755606)
(0.0007782014819115387, -0.0439460275948189)
(0.9995348635206461, -0.03928672754369716)
(0.7374769975786925, -0.7096510942857831)
(0.9969709137582763, -0.12847792665842625)
(0.08309890811014602, -0.5312375874382431)
(0.8817777952508256, -0.5761241978692179)
(0.9368913987235589, -0.6336499254977526)
(0.001514432293283187, -0.13377298209885732)
(0.05029757126803202, -0.42010570078324383)
(0.9998677512639969, -0.03151239030236453)
(0.7429486148526396, -0.7365151731434916)
(0.00013386791838711733, -0.02564365987014536)
(0.10433560342096927, -0.5802302461593849)
(0.9989930567931947, -0.045029120837491055)
(0.0055215565223470445, -0.19701611559105559)
(0.9956933180617391, -0.33839886333619884)
(0.8657952148934623, -0.5328447057305441)
(0.03297022926884909, -0.8357645201894276)
(0.1002737116674961, -0.6286914650439065)
(0.03192194896382199, -0.4458149815946501)
(0.023613264679207747, -0.535907927540206)
(0.006968384144028725, -0.30878971150850504)
(0.032072639634687754, -0.30980286450893035)
(0.1986788149649834, -0.843985849209905)
(0.9609204871060172, -0.5248673029011972)
(0.9966717678336051, -0.08184745144769678)
(0.7832032884277467, -0.7663738963790385)
(0.951579749248853, -0.31182801282272554)
(0.9449407878836703, -0.5902801537501581)
(0.9477068467166471, -0.8272906183385322)
(0.024824535507156666, -0.34888852878859083)
(0.020378414984638764, -0.6051292944155059)
(0.9679703635064354, -0.2876933772763604)
(0.0001309040641930259, -0.0852580793813964)
(0.9576796996066277, -0.43671161929316443)
(0.06691130764014466, -0.5175708880891664)
(0.08913367899439417, -0.7009343896244965)
(0.07109898928141539, -0.699970151177966)
(0.9999578417982861, -0.013006289024739165)
(0.035414453910646085, -0.41395378344561207)
(0.8717287035887247, -0.5686659900425859)
(0.007025980892722363, -0.14786844369933508)
(0.8985459973463069, -0.8101666904578407)
(0.0002626205559067726, -0.024877305266945093)
(0.9878472685989048, -0.2446623329938798)
(0.9924144943814098, -0.19974885497714703)
(0.9981214494061471, -0.13015997521025044)
(0.9401730135481509, -0.6707385159740674)
(0.9032499022291748, -0.5731050096598133)
(0.9698808957517655, -0.6702721969794643)
(0.9999082270492751, -0.031348902140944046)
(0.9900734021997333, -0.14243346076016206)
(0.8977581755593804, -0.6305634723322472)
(0.01482947037075532, -0.5439685480482792)
(0.001413235294117647, -0.21550433966178564)
(0.9887352053693992, -0.23175294780842454)
(0.9487569559875696, -0.5295329586254761)
(0.934570398167552, -0.3570908693650135)
(0.061228096482584295, -0.7847936622788989)
(0.09379136151063266, -0.8081650432917931)
(0.8247929557353642, -0.6974914372680353)
(0.015182686970581847, -0.4420655180455096)
(0.9688579171196521, -0.292860984703776)
(0.031959052384356174, -0.3741012737925412)
(7.878336747279257e-06, -0.03981085226488985)
(0.020051317139924734, -0.5013443413274521)
(0.9098772130211308, -0.4184550284694866)
(0.7749797548496338, -0.6742691085232738)
(0.12362854927323423, -0.6044404108578239)
(0.22146420780479922, -0.7399963186253445)
(0.017294411902638186, -0.3368834448363071)
(0.004136615878417572, -0.17709374754680943)
(0.8105557406404864, -0.7628313359951602)
(0.009845470984711491, -0.24090572245604838)
(0.001810899446246483, -0.1313085347664148)
(0.9053627640322998, -0.5571212722593647)
(0.9994813750320138, -0.10425354356023891)
(0.941996364965008, -0.34322729032971605)
(0.9477068467166471, -0.8272906183385322)
(0.9401730135481509, -0.6707385159740674)
(0.10153247638339359, -0.6935565519282048)
(0.044351452233757145, -0.42733859492013954)
(0.9749175018332926, -0.44776017773776045)
(0.08064647377938518, -0.6624907367541331)
(0.9949615416755985, -0.13310808566742927)
(0.9115611509686141, -0.562821466862851)
(0.9423702330508474, -0.38809044218753774)
(0.9979881602676355, -0.0957521699446004)
(3.9555090370949896e-05, -0.011040989845418273)
(0.2561632436584429, -0.6700147724446964)
(0.00185835278880728, -0.12486405392717766)
(0.9281067527649928, -0.5033418663530063)
(0.9999999995343387, -6.823937919457175e-05)
(0.24554587515391216, -0.6834770669471952)
(0.9836246599349928, -0.186644680428067)
(0.018601896785755478, -0.3250240668444295)
(7.878336747279257e-06, -0.03981085226488985)
(0.9776793849658314, -0.41726352781894716)
(0.7296052214018237, -0.7750806639410912)
(0.1986788149649834, -0.843985849209905)
(0.0010620886120744568, -0.06482365656186488)
(0.9579662146272635, -0.28718145130127426)
(0.9608549504278148, -0.4975653638802602)
(0.9460339371086122, -0.4933773852602998)
(0.9477595618854323, -0.6410004154128068)
(0.10004160832694899, -0.48392119174838927)
(0.9865511022044088, -0.2936732484369023)
(0.003518230923702796, -0.14626154375982034)
(0.05315844456051833, -0.40714970652141624)
(0.8922749783472873, -0.8136031833374837)
(0.9999921216632527, -0.03981085226488985)
(0.9689706018948542, -0.850727701618604)
(0.8707917806448834, -0.7891041364400793)
(0.929004140221092, -0.3849747566569665)
(0.05762315941405113, -0.46384333011538637)
(0.23589454807881557, -0.8011839338356673)
(0.9931035803667194, -0.18711751234743124)
(0.9751799627720033, -0.6034845692013039)
(0.977265106187126, -0.2408819629331551)
(0.953460163968888, -0.3080574962581758)
(0.8763714507267658, -0.6044404108578239)
(0.041594486910201164, -0.39665379422818436)
(0.007261920069200107, -0.4282427350700015)
(0.05690794581166059, -0.35552109446572044)
(0.0007722546734149389, -0.162365105800014)
(0.026568246832856558, -0.7485847515836445)
(0.015750163866560873, -0.25277357258428645)
(0.06820057148969332, -0.5598114044665367)
(0.26934718413836745, -0.7727428336322202)
(0.9751799627720033, -0.6034845692013039)
(0.9568513433693587, -0.29242618845886525)
(0.033290753028103, -0.6733644152867013)
(0.9689706018948542, -0.850727701618604)
(0.9058739373101288, -0.431384237365513)
(0.9780354115652665, -0.27602740811831655)
(0.9745497838962702, -0.29322665073238)
(0.020555129104408477, -0.24243133010298945)
(0.04513824132786274, -0.8540595333481807)
(0.9996754058412309, -0.04125497475598127)
(0.018407048636063978, -0.2175867730723071)
(0.7451588348726276, -0.7436463562874973)
(0.10344996875836829, -0.6540344147550399)
(0.9618186832472547, -0.36740448019358735)
(0.998882457468903, -0.054937262778078866)
(0.8980304596401693, -0.5916815424029128)
(0.003883961668359922, -0.20119024543509467)
(0.08053815382293003, -0.5530340062269388)
(0.8436730112055949, -0.727881620887379)
(0.011753431872523283, -0.15314151245884078)
(0.020176415636677207, -0.2632634215471656)
(0.8817777952508256, -0.5761241978692179)
(0.9999743313275865, -0.010249490471258237)
(0.7690044386657102, -0.8212817822476587)
(0.8493798847529475, -0.6066322980279435)
(0.9679273603653122, -0.30980286450893035)
(0.9894631327877617, -0.15065895358187095)
(0.9180754292722813, -0.7488907960446353)
(0.9959585618102311, -0.25429123164089373)
(0.9972984455723738, -0.08301399832888508)
(0.8736906750515869, -0.7199712634863625)
(8.860940332380422e-05, -0.01811029769422937)
(0.9739307187756218, -0.5006250033137956)
(0.003873309419926367, -0.34673560929502983)
(0.9960587854367535, -0.26360438726797786)
(0.9517101463706064, -0.36478878564675454)
(0.26778448359778056, -0.71324321507843)
(0.041866111861444344, -0.36382515435075435)
(0.888014592676886, -0.4904710856483508)
(0.19531985183702072, -0.7335216286415769)
(0.9969749536781755, -0.12547387908891927)
(0.03491220195485114, -0.28352103626073627)
(0.0006322240788127687, -0.1099027072165148)
(0.8498191485156342, -0.7241123007175467)
(0.10591559611235377, -0.7251873105663921)
(0.9878472685989048, -0.2446623329938798)
(0.001005833057746568, -0.0515556993582983)
(0.9588913640850519, -0.4886980463477251)
(0.0020315641767292823, -0.09848210702708454)
(0.08285231204781378, -0.5762148119299081)
(0.2905659051672221, -0.7354506311981283)
(0.046539836031112045, -0.3080574962581758)
(0.0061946241911398706, -0.36471615472875624)
(0.0034801227836689136, -0.3932054452249985)
(0.011632617502286884, -0.3191683385677881)
(0.9910381322023047, -0.14658985972512628)
(0.011632617502286884, -0.3191683385677881)
(0.7690044386657102, -0.8212817822476587)
(0.8230610178074099, -0.6183768713394135)
(0.07268473798599372, -0.4423537520225013)
(0.9965868130916231, -0.17630542184200715)
(0.9639263907281825, -0.3256133757210594)
(0.03905137996875543, -0.635926709642485)
(0.9929740191072777, -0.14786844369933508)
(0.7690205408980672, -0.673104610540596)
(0.03836841897389312, -0.28939324414474155)
(0.0022275264259346184, -0.07509277566601054)
(0.9996194799834915, -0.12095992651259946)
(0.9323587180584185, -0.712452602825708)
(0.028482285509982906, -0.40932413150959807)
(1.0805471505352219e-05, -0.01008576866889628)
(0.033290753028103, -0.6733644152867013)
(0.20257520647870908, -0.7362043635332187)
(8.860940332380422e-05, -0.01811029769422937)
(0.9346478610330288, -0.4022722433075321)
(0.9909828716071613, -0.1351812382569907)
(0.0009076411345851237, -0.07056149086677765)
(0.9999921216632527, -0.03981085226488985)
(0.9935102809677273, -0.16629176043985094)
(0.9442743712656474, -0.4161544146864116)
(0.07141448778396914, -0.6281309514359804)
(0.948850830637246, -0.3329431980670286)
(0.19632407657962386, -0.6196004894889656)
(0.0025458353538375823, -0.3779880703496957)
(0.9976140625930262, -0.07270582417294164)
(0.08472797472797473, -0.5143662722710223)
(0.9805702456861383, -0.22142418024540547)
(0.7998363025992156, -0.6088502583012624)
(0.14679941878632585, -0.5723976273749072)
(0.9407692726480836, -0.3989082942345771)
(0.023543330186994567, -0.4673044942792362)
(0.9951349126825079, -0.26220825753294846)
(0.8362074775488197, -0.6172724594784176)
(0.01482947037075532, -0.5439685480482792)
(0.9965868130916231, -0.17630542184200715)
(0.957287958652793, -0.6269807253303594)
(0.06924994911459394, -0.7456897566151752)
(0.9840201050534324, -0.6635706890509611)
(0.9686725211089342, -0.31759399537513705)
(0.16408725621508607, -0.5984080517216614)
(0.991695187643225, -0.21806337753342792)
(0.012663066796907095, -0.167223860209892)
(0.021592420607586517, -0.21754671945145931)
(0.9719506085794865, -0.6797487335331668)
(0.0002115132432918184, -0.024386919623305768)
(0.0075855056185901455, -0.19974885497714703)
(0.2397454479572425, -0.6637510235076286)
(0.9108663210056058, -0.7009343896244965)
(0.9951272124719476, -0.18230090983167827)
(0.8065157689581857, -0.6491094568126073)
(0.0025901320627373554, -0.1845238677081099)
(0.9069250184036176, -0.7705486958145663)
(0.9520641705443134, -0.3964477626068993)
(0.8778022805507745, -0.788204340415309)
(0.9966717678336051, -0.08184745144769678)
(0.1769389821925901, -0.6183768713394135)
(8.990371371799686e-05, -0.02908334549977618)
(0.0005310581368907755, -0.06942268199519358)
(0.0033282321663948527, -0.08184745144769678)
(0.0001667145211772648, -0.02007464084048424)
(0.004181837330364397, -0.1102390327159858)
(0.16195795729694035, -0.8064216980520265)
(0.0010069432068053013, -0.045029120837491055)
(0.06542960183244798, -0.3570908693650135)
(0.9932515388042708, -0.12091202080068504)
(0.9732719035082349, -0.4486100256230155)
(0.8247929557353642, -0.6974914372680353)
(0.9730828331332533, -0.35184381985597657)
(0.22423422281762556, -0.663234326776921)
(0.871043106621406, -0.7491664500941384)
(0.2397974086669866, -0.7643751745812256)
(0.0399954221981772, -0.30492935821302225)
(0.901565795023197, -0.7725798764762455)
(0.9957956704473487, -0.21092600462032102)
(0.9271813943161634, -0.8134044791852477)
(0.9852126361328158, -0.21188852431451272)
(0.0029718944692263996, -0.17058761672224862)
(0.06631818742800724, -0.3767868370752793)
(0.16663221283480137, -0.6585608078825016)
(0.997593532637316, -0.0717207298638901)
(0.9829597563479571, -0.2507407962665359)
(0.0001376888417704744, -0.01941995109594676)
(3.836530963383398e-05, -0.011450439284359163)
(0.991505071637195, -0.18739603651427147)
(0.004006831525759889, -0.11533547747486521)
(0.061228096482584295, -0.7847936622788989)
(0.030280203224316536, -0.8057654506016134)
(0.9878167894344031, -0.2377631680079408)
(0.8059165206742299, -0.6231309465838375)
(0.9567030023807425, -0.40379747974719554)
(0.06786322622226314, -0.8432864778221058)
(0.8188690399067116, -0.5933489528132865)
(0.9139301959412176, -0.6409331305546458)
(0.9968758383860064, -0.1965752950716508)
(0.01615366902057108, -0.562415378300638)
(0.07471369638277878, -0.583529581933064)
(0.9509193438140806, -0.5008303177375742)
(0.84205078348393, -0.8380587382478225)
(0.9941174885959556, -0.13158915894724887)
(0.8936888132508805, -0.6173140637690795)
(0.9608436679088521, -0.4476234069583183)
(0.010613017310913941, -0.4546222962400392)
(0.8909903588547267, -0.6676946498478842)
(0.9857779594008972, -0.696338054863977)
(0.04995523016959865, -0.38592370949650856)
(0.9873204736440031, -0.2798757657945268)
(0.0009748170629162772, -0.14328241630458705)
(0.11920317425807153, -0.7965156591478108)
(0.9666042421692985, -0.29636728046938554)
(0.10574516580758574, -0.5457756717591329)
(0.2001636974007844, -0.6088502583012624)
(0.03370458655268782, -0.602264306140121)
(0.026368682609727943, -0.29994136170311486)
(5.083995325298476e-06, -0.009430679464392355)
(0.00011526768739035792, -0.06729747833335518)
(0.00846169539936754, -0.7474393092421414)
(0.9941174885959556, -0.13158915894724887)
(0.9949430272146589, -0.16262096004804427)
(0.04345481460594953, -0.5165055370436142)
(0.10961192394961271, -0.5732843712151405)
(0.9999410594280389, -0.011231892518917258)
(0.9899588704841853, -0.3432369373267085)
(0.2084691000951893, -0.6706402896409086)
(0.22858463107353036, -0.7783411107629982)
(0.0003307473302075506, -0.38774951835254556)
(1.0805471505352219e-05, -0.01008576866889628)
(0.17891703262233374, -0.5745881076302315)
(0.04329699761925756, -0.40379747974719554)
(0.06457111028592648, -0.5441624618270117)
(0.009961155441396299, -0.38566370236545)
(4.4163985405547115e-05, -0.010877177727605908)
(0.9871983375825097, -0.2558987024936511)
(0.9708175535860696, -0.28607143046502603)
(0.17592396941872526, -0.7037484679108602)
(0.0044811234111336974, -0.1121566265291799)
(0.0013649438365890513, -0.06669653141783677)
(0.9764566698130054, -0.4673044942792362)
(0.9931035803667194, -0.18711751234743124)
(0.02891096662907185, -0.24305538209051655)
(0.9917472499630513, -0.38675482700107217)
(0.042911388243545345, -0.4014787373701788)
(0.000902747914988462, -0.04437817626448735)
(0.7832032884277467, -0.7663738963790385)
(0.9835490758657504, -0.48890021675456813)
(0.998988692686833, -0.5058019044677494)
(0.9998847323126097, -0.06729747833335518)
(0.9669398475453217, -0.28939324414474155)
(0.08572408401675614, -0.5403819951398837)
(0.27039477859817634, -0.7750806639410912)
(0.9032361180949644, -0.5263377306587682)
(0.8835633684603189, -0.6833113446330982)
(0.8691752360017465, -0.5515852051747777)
(0.025727158333212805, -0.5298852708674346)
(0.8503262084540457, -0.8357263896366895)
(0.05767059548043861, -0.6267125877568736)
(0.9882836187822667, -0.30021910794479684)
(0.9152852122596047, -0.5432264904509654)
(0.9960425467055698, -0.7977123577603875)
(0.9720704183426578, -0.2796258328499627)
(0.8939650331608262, -0.5560051864822747)
(0.9951034586109007, -0.1035879348499258)
(0.944845382563497, -0.3862614288538758)
(0.001356025690166126, -0.0684991403750756)
(0.01891056713523994, -0.887923842523111)
(0.8335831176810083, -0.6820646350511712)
(0.9371300396178047, -0.8537808842345271)
(0.04437065121202131, -0.3178474930376322)
(0.05008235382196601, -0.5485623679344697)
(0.07037685553000209, -0.3829786508729204)
(0.9648183210653959, -0.7793842858891111)
(0.9180754292722813, -0.7488907960446353)
(0.01693932932738903, -0.284053016030266)
(0.983731438095108, -0.2502406916743184)
(0.8705816772417095, -0.5482422145113067)
(0.05322857811206679, -0.3296122084293335)
(0.9998010292465858, -0.023841178546237067)
(0.7602545520427575, -0.6637510235076286)
(0.9999921216632527, -0.03981085226488985)
(0.0359412935427065, -0.3817455401484183)
(0.0017266210074889587, -0.23449873739040875)
(0.12663467021478805, -0.6963645265634586)
(0.9989675925524443, -0.06354138343899397)
(1.9474886248959866e-06, -0.02594461182479936)
(0.09854884800857296, -0.6543264465530194)
(0.08081378814865815, -0.5483488907889953)
(0.0007514505211131407, -0.09840909461293532)
(0.8338077714038316, -0.7930671661977176)
(0.17697925424789315, -0.7163392398276119)
(0.11580411610913723, -0.4911944458336604)
(0.0751789335560062, -0.4370241887451218)
(0.01957296448417492, -0.4425675011174627)
(0.9255368106463384, -0.3967010399725348)
(0.19911516596368972, -0.6718455481845509)
(0.01665706988358437, -0.2088625117869603)
(0.9879453659273812, -0.27684087915142297)
(0.8362074775488197, -0.6172724594784176)
(0.08093752670711905, -0.6261984059910017)
(0.9998451968768102, -0.024005615335045433)
(0.9956565373008632, -0.10284437572462225)
(0.011632617502286884, -0.3191683385677881)
(0.9025949972386481, -0.493483718025614)
(0.1671119494918386, -0.5641474860256169)
(0.06457111028592648, -0.5441624618270117)
(0.15118564190447806, -0.6824330851371648)
(0.9981214494061471, -0.13015997521025044)
(0.9980551492426006, -0.09586416723362429)
(0.02666893522242158, -0.45332843831595077)
(0.048313780672906655, -0.5792394659515488)
(0.12075785185979204, -0.7854161805660533)
(0.9609204871060172, -0.5248673029011972)
(0.10315395305744286, -0.5657155303042551)
(0.0550685290775044, -0.35586297819797724)
(0.7151292773304077, -0.7583939748380889)
(0.015750163866560873, -0.25277357258428645)
(0.9939223692697144, -0.1776648597889672)
(0.9480445358163107, -0.43789653422066577)
(0.9657203930098253, -0.5495498048826755)
(0.9832666020207076, -0.22919539392851548)
(0.9973898905720627, -0.1426680857607522)
(0.9951272124719476, -0.18230090983167827)
(0.9581610800113857, -0.4965739694281898)
(0.004865087317492127, -0.26220825753294846)
(0.004228654124457308, -0.4241474702460615)
(0.014859858827142426, -0.1757978173510346)
(0.3030679848097086, -0.7561243651965566)
(0.9217843202711725, -0.4703884975412609)
(0.8929060472759016, -0.6270773110333868)
(0.9832735567251224, -0.37223118553274226)
(0.9534759157989362, -0.548891119072643)
(0.9894631327877617, -0.15065895358187095)
(0.8667362159282607, -0.6505502573471288)
(0.999264288475536, -0.12758974894389633)
(0.6966223452623922, -0.740310338927467)
(0.8772187240109303, -0.8705177080314496)
(0.06324062430653155, -0.541988871107383)
(0.011632617502286884, -0.3191683385677881)
(0.9990459932859851, -0.08366424842426994)
(0.977265106187126, -0.2408819629331551)
(0.20079833928903393, -0.7567334753579319)
(0.9782299277780124, -0.3094626662373068)
(0.9991601078746444, -0.09373973385079616)
(0.9851401411728575, -0.1757978173510346)
(0.991595072687234, -0.15604749158763384)
(0.9435585105606563, -0.5347580280328652)
(0.13408048730408595, -0.5014815925330718)
(0.14918981657083036, -0.5558364725539524)
(0.9805396539525311, -0.4712901234000586)
(0.8434256189384315, -0.5675911403108412)
(0.07141448778396914, -0.6281309514359804)
(0.852882998318251, -0.5867820572195653)
(0.9938062607733396, -0.15592661463898858)
(0.021838928306682198, -0.38796714754319134)
(0.9680780510361781, -0.4458149815946501)
(0.07548828822395201, -0.6540694448065336)
(0.9519237300800195, -0.4977208382695064)
(0.9882542676756566, -0.2014812450091489)
(0.04126978757948857, -0.4956803915911725)
(0.9453694759719874, -0.8847075040450025)
(0.7937288286682118, -0.6531598813068917)
(0.05478046380339501, -0.4743657047364861)
(0.9878266949561192, -0.35331987407178667)
(0.11340734249964564, -0.4720917714843957)
(0.03192194896382199, -0.4458149815946501)
(0.9999911290795196, -0.005882221108697044)
(0.0015351297169330818, -0.14927832703459618)
(0.8717287035887247, -0.5686659900425859)
(0.9738288993593243, -0.26313484171649065)
(0.02545021610372979, -0.29322665073238)
(0.9453694759719874, -0.8847075040450025)
(0.15794921651607, -0.8380587382478225)
(0.006110359574096701, -0.15986968817639885)
(0.09012278697886922, -0.4184550284694866)
(0.0038741522766503533, -0.23685010727056396)
(0.1457543029124996, -0.574281872002125)
(0.8879826322722564, -0.4685416191441925)
(0.983846330979429, -0.562415378300638)
(0.09969913930992459, -0.5580887766395546)
(0.9999998222105249, -0.00113277366677848)
(0.9997884867567082, -0.024386919623305768)
(0.7322155164022194, -0.71324321507843)
(0.02318739612885897, -0.6150134758431997)
(0.05918714603242375, -0.4600572343438469)
(0.9997485793389422, -0.023157715654454496)
(0.0010113073131670142, -0.5058019044677494)
(0.03711151919199984, -0.731266846494013)
(0.32175468655513, -0.738474858748308)
(0.9979381674593916, -0.32877804668853594)
(0.9658441796890938, -0.7473935644559868)
(0.9710461715636507, -0.555145814594026)
(0.011905609610953721, -0.18633805035630902)
(0.990327714566029, -0.1626397303635561)
(0.9933513804692776, -0.14300723996902018)
(0.006699872827469267, -0.31060396559986064)
(0.9616315810261069, -0.28939324414474155)
(0.10451607672349889, -0.8486781352507311)
(0.19353325875570088, -0.630509211642777)
(0.0006727025441356872, -0.09770051134061433)
(0.0052822257806245, -0.2933205583867379)
(0.0022958033701835356, -0.15728555433080846)
(0.9974934875927941, -0.08961008167721345)
(0.9572703197360029, -0.5079689656762646)
(0.8922749783472873, -0.8136031833374837)
(0.9794442308127305, -0.8286941062341053)
(0.013596677728579485, -0.16932924940378244)
(0.9308047829036635, -0.621365972566207)
(0.8335831176810083, -0.6820646350511712)
(0.003910601324574847, -0.24733321457507315)
(0.9774568015359454, -0.2605115390919687)
(0.02666893522242158, -0.45332843831595077)
(0.004228654124457308, -0.4241474702460615)
(0.7749797548496338, -0.6742691085232738)
(0.951158091430558, -0.3184055079306758)
(0.02196458843473347, -0.27602740811831655)
(0.9848981828013604, -0.5213344775732296)
(0.9941174885959556, -0.13158915894724887)
(0.9904872327839761, -0.15049433010115001)
(0.897504741971352, -0.4792430864347382)
(2.409331481681779e-07, -0.0027159272706969587)
(0.028049391420513582, -0.6797487335331668)
(0.82276870532887, -0.8286378752941183)
(0.024730263624123023, -0.32453172828381727)
(0.0370873479027262, -0.3134849977110841)
(0.8608449232253397, -0.5890463500683907)
(0.9992881918181229, -0.19793258348552914)
(0.9638263859807364, -0.2950402485463999)
(0.8681091403918415, -0.5665115858062373)
(0.9999082270492751, -0.031348902140944046)
(0.18716438210980005, -0.6471373161609475)
(0.13915507677466035, -0.5890463500683907)
(0.7690044386657102, -0.8212817822476587)
(0.7374769975786925, -0.7096510942857831)
(0.006970824288815263, -0.26159415159447874)
(0.9616290579803127, -0.6715622924954368)
(0.9486224578880138, -0.3366729255769187)
(0.01084234170410315, -0.15267308049817704)
(0.9250477687990127, -0.7291854970443764)
(0.04652408420106375, -0.548891119072643)
(0.20871004520542466, -0.732802691173012)
(0.9996353887777245, -0.2581217607199473)
(0.99477083906626, -0.10724935959795419)
(0.0341558203109062, -0.7473935644559868)
(0.0034690999995292144, -0.0862378543072241)
(5.880279256639779e-05, -0.021276875920882836)
(0.9838899421365627, -0.22624009771018608)
(0.9647401597889027, -0.5370627830023244)
(0.9997569807765867, -0.05790691730313239)
(0.9155787133698509, -0.4499488804316224)
(0.08069255326079874, -0.4773697015115455)
(0.9790375602135138, -0.23848286513802602)
(0.004560556247181571, -0.1412037546010397)
(0.045679872877225136, -0.35715004915774884)
(0.9795711462904672, -0.4208779006789922)
(0.1674431364724661, -0.7309604497706217)
(0.9520641705443134, -0.3964477626068993)
(0.9960255089152897, -0.14689373320490756)
(0.9519237300800195, -0.4977208382695064)
(0.012801662417490308, -0.2558987024936511)
(0.0003087193788495877, -0.03675113631051859)
(0.7108685577461525, -0.7074311650125237)
(0.0691952170963365, -0.621365972566207)
(0.04126978757948857, -0.4956803915911725)
(0.8608449232253397, -0.5890463500683907)
(0.005935262939005937, -0.3241785113175139)
(0.014304488948338275, -0.3426879226103395)
(0.0018454173041804452, -0.07232760030107806)
(0.0049761980664734815, -0.13122669592807323)
(0.05662628252692987, -0.46869147381858556)
(0.08064647377938518, -0.6624907367541331)
(0.8984675236166064, -0.6935565519282048)
(0.0010069432068053013, -0.045029120837491055)
(0.6966223452623922, -0.740310338927467)
(0.9998661320816129, -0.02564365987014536)
(0.004006831525759889, -0.11533547747486521)
(0.05195546418368933, -0.43789653422066577)
(0.028158125347579162, -0.308698644588749)
(0.7942879472914601, -0.6157577313562627)
(0.2561632436584429, -0.6700147724446964)
(0.8975772861277148, -0.4954390736821946)
(0.00842600795690286, -0.20159544014716177)
(0.8481108781281232, -0.7179395587313794)
(0.014304488948338275, -0.3426879226103395)
(0.053360204325963764, -0.5848150330034888)
(0.0009720738403438594, -0.45511363937617777)
(0.9588212690018106, -0.4772204632404168)
(0.9980971583703234, -0.07259776819614687)
(0.011224741555846143, -0.1807788494855965)
(0.09012278697886922, -0.4184550284694866)
(0.004896541389099381, -0.1035879348499258)
(0.19353325875570088, -0.630509211642777)
(0.9887352053693992, -0.23175294780842454)
(0.04110863591494811, -0.4886980463477251)
(0.9741351574947911, -0.5612780019380984)
(0.011745732324343349, -0.2014812450091489)
(0.9619086787808768, -0.4600687890708839)
(0.8804245103269568, -0.5584290487387175)
(0.8687455616049237, -0.5420129267147527)
(0.9985850618322387, -0.16391242256430893)
(0.9889405767172312, -0.198054567259369)
(0.78982212340189, -0.8145800498611131)
(0.035164894270961394, -0.5630031002966492)
(0.19531985183702072, -0.7335216286415769)
(0.09885913793982229, -0.6224322149969174)
(0.9688812774489212, -0.8744447618508583)
(0.13189085960815847, -0.5665115858062373)
(0.901451151991427, -0.6543264465530194)
(0.9997880812643392, -0.031211253155355865)
(0.01276140651722383, -0.16797755946842288)
(0.055725628734352634, -0.4161544146864116)
(0.9648183210653959, -0.7793842858891111)
(0.9836246599349928, -0.186644680428067)
(0.005878174489548688, -0.40346840094385106)
(0.0033282321663948527, -0.08184745144769678)
(0.003596986614359925, -0.39484122327186816)
(0.9472357493584432, -0.7402804207501377)
(0.7397974086669866, -0.7643751745812255)
(0.9977724735740654, -0.07509277566601054)
(0.017598380745187672, -0.20177753279819108)
(0.9947177742193755, -0.2933205583867379)
(0.21933263268523384, -0.7700628006832066)
(1.8095596916959555e-07, -0.000914407645439705)
(0.09635639721627409, -0.4903069826352189)
(0.987789996809001, -0.21649000592405163)
(0.9883673824977132, -0.3191683385677881)
(0.047727580257772066, -0.61966336968478)
(0.9610533234268732, -0.41876593407445345)
(0.8064667412442991, -0.630509211642777)
(0.030280203224316536, -0.8057654506016134)
(0.9999873921026498, -0.005418177370192795)
(0.9992277453265851, -0.162365105800014)
(0.981592951363936, -0.2175867730723071)
(0.23458348863212822, -0.6827383105200067)
(0.9512024327210263, -0.5669499333400944)
(0.02055576918726956, -0.8286941062341053)
(0.9401498282402175, -0.40993787266841475)
(0.8800622500779899, -0.5194937429809642)
(0.9742043368016088, -0.32032646447935265)
(0.8063791815389724, -0.6082134596580653)
(0.10827951885484455, -0.4576092349705037)
(0.9946861997505455, -0.11807429407433861)
(0.025540851553509783, -0.8431700285961694)
(0.8561526557865627, -0.524934987928294)
(0.8929060472759016, -0.6270773110333868)
(0.27519295110637976, -0.696443953739327)
(0.04126978757948857, -0.4956803915911725)
(0.9940297148088294, -0.17111347741965774)
(0.05478046380339501, -0.4743657047364861)
(0.876885656554473, -0.5070269284558176)
(0.9695207309254115, -0.39149110645975166)
(0.9999042860387398, -0.23773231071349768)
(0.964399171009538, -0.2771047186084424)
(0.7594862783062547, -0.7710189776602315)
(0.006419816621679813, -0.3847766349395939)
(0.00037079998350522046, -0.04873374332061669)
(0.020128771784984345, -0.36885452254264933)
(0.9999061885048393, -0.015325990340868746)
(0.9480495426931936, -0.493483718025614)
(0.8138813354869048, -0.7490285977081548)
(0.9887752584441538, -0.1807788494855965)
(0.9957662673492005, -0.19333863392529188)
(0.9282895152293347, -0.7711650439409679)
(0.004135677081275046, -0.28956250537462996)
(0.03912363694676074, -0.5874877764994156)
(0.06786322622226314, -0.8432864778221058)
(0.9836246599349928, -0.186644680428067)
(0.99851682158344, -0.09268628655766892)
(0.9758158884540861, -0.278376488298344)
(0.012673014059860738, -0.22259869088055534)
(0.008277375093937117, -0.17762351333302737)
(0.020962439786486136, -0.23848286513802602)
(0.9145707935919992, -0.6785024121215586)
(0.9999816504352618, -0.0368356077501559)
(0.06939698720641155, -0.41588513857832876)
(0.21017787659811007, -0.8145800498611131)
(0.009298638160303052, -0.15068559947066165)
(0.9832735567251224, -0.37223118553274226)
(0.17228319875144193, -0.6214924635696472)
(0.954927323293278, -0.38448588699694136)
(0.04271204134720701, -0.6269807253303594)
(0.9915739920430972, -0.20159544014716177)
(0.1234604867686606, -0.8279075668912241)
(0.9707554427832725, -0.27101648734273487)
(0.9872734672893192, -0.3139174649115596)
(0.983731438095108, -0.2502406916743184)
(0.019393930224817696, -0.2217055750098554)
(0.9794448708955915, -0.24243133010298945)
(0.8832832014647224, -0.47911773677504166)
(0.9903931351440874, -0.15168821523063747)
(0.936134838678976, -0.43584916891719283)
(0.9217843202711725, -0.4703884975412609)
(0.9964194634991204, -0.09992427821267354)
(0.9995542600246148, -0.04922385181480805)
(0.0003902375061286387, -0.04177250235739206)
(0.030380396180254125, -0.5782611907900491)
(0.9821443363015117, -0.7586609596708129)
(0.9987893774164878, -0.08201951266704925)
(0.9192139932348229, -0.6522296197704034)
(0.9969749536781755, -0.12547387908891927)
(0.12362854927323423, -0.6044404108578239)
(0.9657203930098253, -0.5495498048826755)
(0.9142759159832439, -0.5403819951398837)
(0.8029968013144325, -0.6403617790722687)
(0.9911378754601906, -0.289432110971129)
(0.0006364888584736528, -0.04583437620651835)
(0.916901091889854, -0.5312375874382431)
(0.9958368704716404, -0.36163443174642723)
(0.07471369638277878, -0.583529581933064)
(0.22963199412310006, -0.6407873951428744)
(0.08064647377938518, -0.6624907367541331)
(0.03268198512100951, -0.6900035359733225)
(0.9999388286871641, -0.01278776704376011)
(0.9871983375825097, -0.2558987024936511)
(0.048313780672906655, -0.5792394659515488)
(8.353285877135322e-06, -0.004763094018410715)
(0.03914504957218525, -0.4975653638802602)
(0.7248070488936202, -0.696443953739327)
(0.0012106225835122495, -0.08201951266704925)
(0.9433737174730701, -0.46869147381858556)
(0.9438324880773535, -0.3693826210917772)
(0.8929060472759016, -0.6270773110333868)
(0.040362172874140644, -0.29877213317868523)
(0.9610533234268732, -0.41876593407445345)
(0.008499034749034748, -0.7072536243726556)
(0.9991729585824641, -0.31978123984204215)
(0.008404927312765948, -0.15604749158763384)
(0.0017896659524394955, -0.25737284584989684)
(0.9991253843303713, -0.04762867379858626)
(3.836530963383398e-05, -0.011450439284359163)
(0.10591559611235377, -0.7251873105663921)
(0.004896541389099381, -0.1035879348499258)
(0.9858818579105888, -0.5408926023519689)
(0.16499485837150604, -0.6849721929981034)
(0.9739307187756218, -0.5006250033137956)
(0.07099585977890799, -0.3849747566569665)
(0.0160924307588262, -0.19356745396692251)
(0.9264193182496567, -0.43741553032659014)
(0.11003958460207058, -0.5871300000401225)
(5.0134728637335375e-05, -0.019802940918048535)
(0.0045908091671383626, -0.4822585825753756)
(0.05029757126803202, -0.42010570078324383)
(0.9993635111415263, -0.04583437620651835)
(0.0380913212191232, -0.4600687890708839)
(0.8751749489229581, -0.5893685388346964)
(0.011272069872276485, -0.3440621500986435)
(0.9452818291479329, -0.40175170240710123)
(0.9851402804057198, -0.2840948675711371)
(0.0036992493290956083, -0.22653527499352938)
(0.9495392592830425, -0.5881385391549913)
(0.07197279516358464, -0.6514178119221828)
(0.10827951885484455, -0.4576092349705037)
(0.001356025690166126, -0.0684991403750756)
(0.9192542027684767, -0.6323265860489413)
(0.06550079573403882, -0.37860134491973996)
(0.916901091889854, -0.5312375874382431)
(0.9879830641469953, -0.2395588683875208)
(0.9894631327877617, -0.15065895358187095)
(0.8807968257419285, -0.7965156591478108)
(0.9999980525113751, -0.02594461182479936)
(0.9761656371684784, -0.2323393776239746)
(0.014124824964992998, -0.2931445308461977)
(0.06820057148969332, -0.5598114044665367)
(0.9938896404259033, -0.15986968817639885)
(0.019305999540806414, -0.3235172263162392)
(0.9929740191072777, -0.14786844369933508)
(0.11780415657664838, -0.5615016666539491)
(0.9060317671170487, -0.695228057964619)
(0.016350166865587677, -0.27850769514534074)
(0.9976868462277022, -0.18513182951388932)
(0.08913367899439417, -0.7009343896244965)
(0.953458852180306, -0.8416977839108478)
(0.061619465854095716, -0.6566721230059789)
(0.9796215850153612, -0.6051292944155059)
(0.1926890520881276, -0.7331106345927513)
(0.16882251023424097, -0.6223053412122023)
(2.2648081069868965e-05, -0.010740830530054094)
(0.03111872255107886, -0.8744447618508583)
(0.006607723464181512, -0.18525259147407)
(0.7801365851815468, -0.6921021978785574)
(0.8455166449656996, -0.711968007122521)
(0.9947177742193755, -0.2933205583867379)
(0.964319604166196, -0.8277205156346119)
(0.9480495426931936, -0.493483718025614)
(0.9945985442751546, -0.13816464678874474)
(0.023117328320247706, -0.810256280935609)
(0.9534538434538434, -0.5143662722710223)
(0.9672482197355036, -0.7453863223296757)
(0.8896517492246602, -0.5309373314179815)
(0.06029392521835847, -0.5992302290311028)
(0.019322103240954853, -0.6516727336885616)
(0.9991253843303713, -0.04762867379858626)
(0.97236996819735, -0.2891100603895514)
(0.0058689899171938875, -0.3474986269409502)
(0.05804403168688578, -0.5210378982905517)
(0.8622011841493725, -0.740310338927467)
(0.03847703639514732, -0.31746739811528213)
(0.0954365776528461, -0.6436355892920513)
(0.9899186431329289, -0.20207246410647303)
(0.15989790701637516, -0.5675647607631963)
(0.9968318353979425, -0.09159048923737437)
(0.9956565373008632, -0.10284437572462225)
(0.047727580257772066, -0.61966336968478)
(0.9901055285183471, -0.2291710208961702)
(0.10171510023910245, -0.6738226548188994)
(0.9388793928620265, -0.500967287604315)
(0.9256460320176735, -0.5699665158999885)
(0.9679273603653122, -0.30980286450893035)
(0.1296636784670735, -0.7282143899203634)
(0.0015462748904755215, -0.11698280096082522)
(0.9954518018197781, -0.18275469781359027)
(0.949702428731968, -0.42010570078324383)
(0.23097945910193282, -0.673104610540596)
(0.9932515388042708, -0.12091202080068504)
(0.9978998197865163, -0.3385771243704409)
(0.9924793428717674, -0.17859330559145714)
(0.9992217985180885, -0.0439460275948189)
(0.00956318571618718, -0.17415402703173335)
(0.7602545520427575, -0.6637510235076286)
(0.865919512695914, -0.5014815925330718)
(0.9384282753198485, -0.5237043491173405)
(0.2177666131342506, -0.7950809007010626)
(0.07821567972882748, -0.4703884975412609)
(0.30337765473760786, -0.740310338927467)
(0.9999886579508882, -0.004817673469244645)
(0.84205078348393, -0.8380587382478225)
(0.9919978888782267, -0.14062273387392213)
(0.9930291757111848, -0.26159415159447874)
(0.02790073917634636, -0.30948880880678825)
(0.060285284489973195, -0.38810277596219755)
(0.9932535462241693, -0.12901543062678214)
(0.9584055130897988, -0.39665379422818436)
(0.004306681938260885, -0.33839886333619884)
(0.9981874514206753, -0.15819905752873115)
(0.9922403153449866, -0.12701073248546887)
(0.9177559813831722, -0.6660558821631801)
(0.9738289064397136, -0.42363738875916185)
(0.004343462699136782, -0.10284437572462225)
(0.004602216628888487, -0.10189188786834714)
(0.8194304841737943, -0.69479295534722)
(0.04879756727897368, -0.5669499333400944)
(0.00038169586646040937, -0.0527189808144815)
(0.005882511404044395, -0.13158915894724887)
(0.9790375602135138, -0.23848286513802602)
(0.09004780570005129, -0.6710333676918375)
(0.14776657966730605, -0.5760154986085904)
(0.9758158884540861, -0.278376488298344)
(0.8990765052873894, -0.6588687458187101)
(0.9881612685358404, -0.21896789656689372)
(0.9999873921026498, -0.005418177370192795)
(0.8791742528531462, -0.8134405999934179)
(0.9910121148908857, -0.293932427330741)
(0.9999076732321257, -0.016281392319881054)
(0.052287886433946947, -0.401910368634438)
(0.025264639353428556, -0.23277930248629825)
(0.23531426707264028, -0.7967755054915955)
(0.004094114589552501, -0.12866472947939356)
(0.9894743847004381, -0.15002963979894163)
(0.006110359574096701, -0.15986968817639885)
(0.9889405767172312, -0.198054567259369)
(0.9924182891648485, -0.37880882345189953)
(0.9579240744452839, -0.5649042872728102)
(0.0160924307588262, -0.19356745396692251)
(0.023959193788204197, -0.6052492605733283)
(0.9468415554394817, -0.40714970652141624)
(0.9989276027454465, -0.05016031225483905)
(0.019077516167700117, -0.2710826642483208)
(0.21986341481845317, -0.6921021978785574)
(0.9938990996971331, -0.30399317713565577)
(0.9556485477662429, -0.42733859492013954)
(0.949702428731968, -0.42010570078324383)
(0.009566452279235717, -0.1719906940636757)
(0.009298638160303052, -0.15068559947066165)
(0.02705112422607625, -0.663234326776921)
(0.15188912187187678, -0.7179395587313794)
(0.9999932586290853, -0.0063735508866518175)
(0.009681468471392299, -0.3497044514471236)
(0.12895689337859392, -0.7491664500941384)
(0.9964389043360637, -0.13765588691103764)
(0.11092103881558224, -0.6411350275192251)
(0.2905659051672221, -0.7354506311981283)
(0.0023564345973828868, -0.08797933239957341)
(0.8785434475638086, -0.556258449499758)
(0.05114916936275401, -0.3329431980670286)
(0.2067752476258552, -0.7482025475850824)
(0.10739581546904477, -0.6282925354571011)
(0.9959931684742401, -0.11533547747486521)
(0.04271204134720701, -0.6269807253303594)
(0.001414938167761333, -0.16391242256430893)
(0.04678432027117251, -0.47038849754126083)
(0.12862018012946805, -0.5155606212004441)
(0.9971044196399456, -0.08849361641985144)
(0.9996351866437875, -0.12882126692207782)
(0.00010666081452059202, -0.049937349880871874)
(0.21895812284789376, -0.7553916110126715)
(0.9966717678336051, -0.08184745144769678)
(0.00022681192995767732, -0.028481310652272673)
(0.0058689899171938875, -0.3474986269409502)
(0.05562484528819239, -0.6975976872727605)
(0.9950238019335265, -0.13122669592807323)
(0.9490852424512264, -0.5931472151299856)
(0.9567030023807425, -0.40379747974719554)
(0.9979381674593916, -0.32877804668853594)
(0.08746077164482186, -0.6763104622946937)
(0.005970285191170563, -0.17111347741965774)
(0.9992881918181229, -0.19793258348552914)
(0.7602545520427575, -0.6637510235076286)
(0.999924818989475, -0.014070558287656396)
(0.09740500276135185, -0.493483718025614)
(0.0008270414175358966, -0.31978123984204215)
(0.018715482106562525, -0.38985387018083445)
(0.8892220405991028, -0.696338054863977)
(0.060793753046869556, -0.6378532234574754)
(0.8013809455966459, -0.7456442257241276)
(0.003029086241723712, -0.12847792665842625)
(0.03132747889106576, -0.31759399537513705)
(0.9664523288576871, -0.5766773873743261)
(0.9507348732280548, -0.6167840287973259)
(0.9776793849658314, -0.41726352781894716)
(0.9832666020207076, -0.22919539392851548)
(0.9996351866437875, -0.12882126692207782)
(2.5420163970504252e-05, -0.05102939510108667)
(0.9507348732280548, -0.6167840287973259)
(0.07171048477066537, -0.7711650439409679)
(0.9250477687990127, -0.7291854970443764)
(0.015845980786152968, -0.3323481874076144)
(0.17723129467113, -0.8286378752941183)
(5.880279256639779e-05, -0.021276875920882836)
(0.004226033911084075, -0.3138851901822662)
(0.9872734672893192, -0.3139174649115596)
(0.052287886433946947, -0.401910368634438)
(0.15423434603663325, -0.5755087772550749)
(0.7574747293632472, -0.8211161158864011)
(0.024730263624123023, -0.32453172828381727)
(0.07099585977890799, -0.3849747566569665)
(0.780546206452075, -0.6558727083408564)
(0.011059423282768762, -0.198054567259369)
(0.003029086241723712, -0.12847792665842625)
(0.03421447187736457, -0.5133500230152112)
(0.10739581546904477, -0.6282925354571011)
(0.8046801481629793, -0.7335216286415769)
(0.9877301821208815, -0.41211444416013543)
(0.9962869744925669, -0.08613546222671864)
(0.026171093560286313, -0.42363738875916185)
(0.00898788510911425, -0.293932427330741)
(0.9917226249060629, -0.17762351333302737)
(0.7785357921952007, -0.7399963186253445)
(0.9991058314098773, -0.34942427696338973)
(0.018715482106562525, -0.38985387018083445)
(0.9636100616900196, -0.3503968030462776)
(0.00012594224499720816, -0.02062117121081497)
(0.9875360988346881, -0.16901053551988576)
(0.1147716303966304, -0.8036973004234722)
(0.9927313510306985, -0.2716575540746223)
(0.7363713466825245, -0.7143000983154977)
(0.8599609294248977, -0.7573435676707231)
(0.002011839732364549, -0.0957521699446004)
(0.10153247638339359, -0.6935565519282048)
(2.180323723315924e-05, -0.014589546688796544)
(0.9225914462577378, -0.41233244504787353)
(0.06409803583735355, -0.6312153298157057)
(0.0031241616139936687, -0.1965752950716508)
(0.03202963649356463, -0.2876933772763604)
(0.11077795940089713, -0.696338054863977)
(0.9947481252455544, -0.1251626646025984)
(0.9962869744925669, -0.08613546222671864)
(0.017715723592913152, -0.20417730348994076)
(0.023117328320247706, -0.810256280935609)
(0.7981229921982561, -0.6725238686095193)
(0.9418615089973268, -0.7308729550034625)
(0.11957548967304321, -0.5584290487387175)
(0.034525803947207126, -0.2993971948065505)
(0.004548198180221885, -0.18275469781359027)
(0.9557791156366482, -0.3981236646255046)
(0.8194304841737943, -0.69479295534722)
(0.1282712964112753, -0.5686659900425859)
(0.020962439786486136, -0.23848286513802602)
(0.008961867797695262, -0.14658985972512628)
(0.0034877480403926278, -0.1034834764282284)
(0.001193454903100895, -0.05665448764173552)
(0.0001499966667407391, -0.8141094140686553)
(0.05461121572589905, -0.3365244820879397)
(0.11957548967304321, -0.5584290487387175)
(0.9430920541883394, -0.35552109446572044)
(0.9974098679372626, -0.1845238677081099)
(0.9951272124719476, -0.18230090983167827)
(0.0024642633988344958, -0.46716743911074277)
(0.07281860568383659, -0.8134044791852477)
(0.9680958149975948, -0.6527060475423321)
(0.026075970272502063, -0.24201973735757926)
(0.004308772496166573, -0.11826563713180069)
(0.025308881950603185, -0.44507839275088457)
(0.8920678186255215, -0.7210056235240407)
(0.00012927203985682703, -0.02733608398056671)
(0.9112057097311789, -0.5309142488588299)
(0.9754010948023157, -0.3849221738708255)
(0.9680409476156439, -0.3741012737925412)
(0.9020155442762621, -0.8301399832888507)
(0.9799486828600753, -0.5013443413274521)
(0.9899186431329289, -0.20207246410647303)
(0.9981842576500173, -0.0643804118479777)
(0.9972882520897026, -0.09025381355024908)
(0.8436730112055949, -0.727881620887379)
(0.0016265107178723552, -0.1585852830215377)
(0.999264288475536, -0.12758974894389633)
(0.030484102218099014, -0.6179596481825682)
(0.9523748931634192, -0.3518235467104278)
(0.0017370643940818522, -0.06889162174118926)
(0.9999918514239536, -0.0041898820352093465)
(0.03691802599461373, -0.32998331645247886)
(0.9992669446139054, -0.10299530153668526)
(0.8052660061610191, -0.610036428981826)
(0.9734373692578027, -0.6130991171032308)
(0.9697197967756834, -0.8057654506016134)
(0.8623227553950445, -0.5422536002857162)
(0.26832791797186606, -0.7127991466915105)
(0.9998261342123116, -0.02602533769211623)
(0.9805396539525311, -0.4712901234000586)
(0.9672289291164684, -0.45455460801895303)
(0.09885913793982229, -0.6224322149969174)
(0.9131339746992788, -0.47436570473648615)
(0.05463052402801256, -0.8847075040450025)
(0.023117328320247706, -0.810256280935609)
(0.09507994556897431, -0.623162744386861)
(0.1926890520881276, -0.7331106345927513)
(0.8350051416284939, -0.6849721929981034)
(0.8730727053404979, -0.8035034048142025)
(0.0001559849410225225, -0.0483266248717211)
(0.9796215850153612, -0.6051292944155059)
(0.9966085205393711, -0.49849288697567873)
(0.14949484890731654, -0.6633183853724097)
(0.9378075863298011, -0.5022240495497219)
(4.319935031607346e-05, -0.015708586291078963)
(0.9642964230280796, -0.6461785265716022)
(8.990371371799686e-05, -0.02908334549977618)
(0.9256862586791539, -0.5915668939529074)
(0.9985389037365741, -0.18473973951138903)
(0.002011839732364549, -0.0957521699446004)
(0.9067007265309044, -0.655591026493389)
(0.9852126361328158, -0.21188852431451272)
(0.0012570605915350633, -0.05932797701502733)
(0.9910121148908857, -0.293932427330741)
(0.949702428731968, -0.42010570078324383)
(0.7540553330105207, -0.8063507008518633)
(0.9865511022044088, -0.2936732484369023)
(0.11003958460207058, -0.5871300000401225)
(0.04652408420106375, -0.548891119072643)
(0.0031681646020575256, -0.09159048923737437)
(0.9720704183426578, -0.2796258328499627)
(0.01673339797929244, -0.22919539392851548)
(0.051527436313229064, -0.38327915198518137)
(0.16815605162680658, -0.8581606835750757)
(0.983741216610436, -0.23233643072539736)
(0.9051146710132563, -0.4665249492862963)
(0.003596986614359925, -0.39484122327186816)
(0.7602025913330134, -0.7643751745812256)
(0.9764566698130054, -0.4673044942792362)
(0.9579662146272635, -0.28718145130127426)
(0.9888286015954951, -0.4297951401044528)
(0.11438354908504163, -0.6717469973688723)
(0.9691349914210192, -0.5663014196667886)
(0.021592420607586517, -0.21754671945145931)
(0.10451607672349889, -0.8486781352507311)
(0.9948922350796953, -0.1574809476714849)
(0.012939536432108526, -0.3049039802130878)
(0.9256460320176735, -0.5699665158999885)
(0.9424924688416784, -0.7213321337790379)
(0.00019884118484834396, -0.030965753455951553)
(0.14949484890731654, -0.6633183853724097)
(0.997186421173763, -0.8431700285961694)
(3.9555090370949896e-05, -0.011040989845418273)
(0.8608449232253397, -0.5890463500683907)
(0.9255368106463384, -0.3967010399725348)
(0.9884542503176905, -0.1645063908222395)
(0.8840295450780791, -0.5516848787402466)
(0.9069413458078446, -0.5273226015473704)
(0.9901055285183471, -0.2291710208961702)
(0.9544766043626851, -0.30914929954435305)
(0.13767724460495545, -0.5422536002857162)
(0.8728777505144847, -0.7249433620093312)
(0.9011408620601777, -0.6224322149969174)
(0.012423409475576314, -0.2403383611432066)
(0.7974247935212909, -0.7362043635332187)
(0.9800577759813596, -0.8710558439930469)
(0.006648619530722419, -0.14300723996902018)
(0.9882836187822667, -0.30021910794479684)
(0.041866111861444344, -0.36382515435075435)
(0.12311434344552702, -0.5070269284558176)
(0.9999693305461964, -0.035388915472573834)
(0.8388389520475198, -0.7205801845423775)
(0.9667232831435916, -0.6727091028737341)
(0.9871682883679788, -0.8101666904578408)
(0.13761390210466898, -0.5908513465446908)
(0.1671119494918386, -0.5641474860256169)
(0.007729029006607683, -0.205150284144381)
(0.998882457468903, -0.054937262778078866)
(0.030766603326161723, -0.28766852821665245)
(0.9870066012305478, -0.17115424708365556)
(0.06219241367019891, -0.5022240495497219)
(0.06691130764014466, -0.5175708880891664)
(0.02938028137106092, -0.4149853621633352)
(0.005681697160748898, -0.7803305233871555)
(0.9999113905966762, -0.01811029769422937)
(0.04425463124781545, -0.640261058065424)
(0.901451151991427, -0.6543264465530194)
(0.24403824297649193, -0.7304794876179603)
(0.9145707935919992, -0.6785024121215586)
(0.005052863175252473, -0.16688336275618965)
(0.9527693008426327, -0.33373480066047423)
(0.9729488757739237, -0.663234326776921)
(0.001356025690166126, -0.0684991403750756)
(0.04552339563731488, -0.30914929954435305)
(0.9971044196399456, -0.08849361641985144)
(0.9458218225081164, -0.7387577936017333)
(0.04329699761925756, -0.40379747974719554)
(0.1307248038091879, -0.6460759675955129)
(0.21933263268523384, -0.7700628006832066)
(0.7065173910434626, -0.7327587203732936)
(0.9168831388848104, -0.41377144760623397)
(0.0008398921253556589, -0.09373973385079616)
(0.9947481252455544, -0.1251626646025984)
(0.9915009652509652, -0.7072536243726556)
(0.8230207457521068, -0.7163392398276119)
(0.03431705223657159, -0.7312668464940131)
(0.8980304596401693, -0.5916815424029128)
(0.09004780570005129, -0.6710333676918375)
(0.970619718628939, -0.4149853621633352)
(0.9997731880700423, -0.028481310652272673)
(0.998464870283067, -0.14927832703459618)
(0.9501746178886326, -0.7897845892707775)
(0.005842790871059935, -0.37936190347619975)
(0.9433737174730701, -0.46869147381858556)
(0.002813578826237054, -0.8431700285961694)
(0.02251409163173869, -0.5294946920436994)
(0.9992669446139054, -0.10299530153668526)
(0.9508769569278014, -0.5799271483466601)
(0.1450944182570706, -0.5264965759729759)
(0.2001636974007844, -0.6088502583012624)
(0.9036436027837259, -0.4903069826352189)
(0.9988365000278595, -0.10743712625771945)
(0.03376041208970991, -0.34249570187537803)
(0.0008971939818767533, -0.05256995349730383)
(0.008458732460296619, -0.20913912876627558)
(0.9873269859401392, -0.22259869088055534)
(0.1147716303966304, -0.8036973004234722)
(0.998709845785664, -0.06148390431713469)
(0.9929876827558582, -0.3668709968205844)
(0.0007823080395617023, -0.3758745202784869)
(0.9987893774164878, -0.08201951266704925)
(0.11975168183616937, -0.7248859861991207)
(0.06836811102236422, -0.3657721419978391)
(0.9928555988776143, -0.14941652966860078)
(0.06631818742800724, -0.3767868370752793)
(0.026171100640675727, -0.26313484171649065)
(6.11713128358532e-05, -0.01278776704376011)
(0.7631209556993529, -0.7294323094575123)
(0.9374091184489549, -0.5549187782869367)
(0.9691349914210192, -0.5663014196667886)
(0.002410926906217294, -0.11113694350742029)
(3.4805815380544506e-05, -0.010140252279885688)
(0.026171100640675727, -0.26313484171649065)
(0.9702422303473491, -0.6697575455667927)
(0.19979740259740258, -0.7612620829611129)
(0.9608549504278148, -0.4975653638802602)
(0.1926890520881276, -0.7331106345927513)
(0.017294411902638186, -0.3368834448363071)
(0.9992277453265851, -0.162365105800014)
(0.0031681646020575256, -0.09159048923737437)
(0.30513371788148924, -0.7684475667017002)
(0.009017128392838693, -0.1351812382569907)
(0.9742728416667872, -0.5298852708674346)
(0.9858818579105888, -0.5408926023519689)
(0.0071420634479693315, -0.4070863686038509)
(0.9325718552072476, -0.3671504223372841)
(0.9966085205393711, -0.49849288697567873)
(0.9910034561121106, -0.1734482423184526)
(0.9858818579105888, -0.5408926023519689)
(0.2062711713317882, -0.6531598813068917)
(0.04982538211136741, -0.7897845892707775)
(0.011632617502286884, -0.3191683385677881)
(0.0011175425310969986, -0.054937262778078866)
(0.000758657034320722, -0.16089123094575683)
(0.04828985362939361, -0.36478878564675454)
(0.9919558835231199, -0.1534307648663965)
(0.13449205363047878, -0.7342272630118757)
(0.14949484890731654, -0.6633183853724097)
(0.016450924134249683, -0.48890021675456813)
(0.9718959895663515, -0.23890275671668446)
(0.9635060586455911, -0.32029285851360845)
(0.012152731401095232, -0.2446623329938798)
(0.03640972871842844, -0.2741682899345449)
(0.0008771683700310745, -0.051396577945586185)
(0.006100900302866863, -0.30399317713565577)
(0.9941310100828061, -0.3474986269409502)
(0.9864035688955377, -0.21835190539270102)
(0.006648619530722419, -0.14300723996902018)
(0.030468902025780217, -0.24582958848615744)
(0.999924818989475, -0.014070558287656396)
(0.982143344290917, -0.24985839989158512)
(0.012939536432108526, -0.3049039802130878)
(0.9873204736440031, -0.2798757657945268)
(0.1855571520105625, -0.7113321115760938)
(0.019322103240954853, -0.6516727336885616)
(0.9548617586721373, -0.8540595333481807)
(0.0017617684034082971, -0.25587189371772284)
(0.05478046380339501, -0.4743657047364861)
(0.7725006785488103, -0.6629103002352946)
(0.9686725211089342, -0.31759399537513705)
(0.9981965046713653, -0.07506092800873537)
(0.9504367181336639, -0.41289009064018434)
(0.0007661091718954108, -0.07845415710324766)
(0.9933513804692776, -0.14300723996902018)
(0.9069413458078446, -0.5273226015473704)
(0.17891703262233374, -0.5745881076302315)
(0.008386510350968317, -0.27183896818656644)
(0.9517101463706064, -0.36478878564675454)
(0.9252863036172212, -0.583529581933064)
(0.9914911529402605, -0.35656607305883986)
(0.9796215850153612, -0.6051292944155059)
(0.0001738657876883842, -0.02602533769211623)
(0.8691752360017465, -0.5515852051747777)
(0.013594299350874103, -0.22246217121684425)
(0.9742728416667872, -0.5298852708674346)
(0.9820875740102937, -0.7088684211621756)
(0.12219771944922547, -0.788204340415309)
(0.9848173130294181, -0.4420655180455096)
(0.9875782059990704, -0.2619551517107258)
(0.012658178409623496, -0.5723439734807617)
(0.036493941354408914, -0.32029285851360845)
(0.026884813703498704, -0.5336285976418499)
(0.00036461122227545584, -0.2581217607199473)
(0.8327799891442011, -0.6628503300615806)
(0.8210829673776663, -0.5745881076302315)
(0.8277168012485581, -0.6214924635696472)
(9.23018302697447e-05, -0.04813588109488176)
(0.8477931937636045, -0.6483398117490498)
(0.15794921651607, -0.8380587382478225)
(0.14859672300182056, -0.5902421134947164)
(0.9799509058221546, -0.5066482885147774)
(0.16619222859616842, -0.7930671661977176)
(0.001005833057746568, -0.0515556993582983)
(0.012679526355996944, -0.2798757657945268)
(0.9710890333709281, -0.24305538209051655)
(0.9987708841269792, -0.1134960725372098)
(0.007489402473723942, -0.2127387360925821)
(0.9587048296309028, -0.3935433521946414)
(0.951158091430558, -0.3184055079306758)
(0.161201967063129, -0.8379628943848024)
(0.7621767354203748, -0.7671602500786004)
(0.03837094201968728, -0.6715622924954368)
(0.013562606287882091, -0.19968897300017205)
(0.018388284250960306, -0.23454377556020203)
(0.10344996875836829, -0.6540344147550399)
(0.027929581657342176, -0.2796258328499627)
(0.9888860247870827, -0.15109701500217992)
(0.09676388190503556, -0.5263377306587682)
(0.24168108108108108, -0.7921240592973743)
(0.9378075863298011, -0.5022240495497219)
(0.8730727053404979, -0.8035034048142025)
(0.1163505918260999, -0.6818234523655096)
(0.9999840107748567, -0.13782989624875305)
(0.030119104248234475, -0.6702721969794643)
(0.12169998276753403, -0.6313241037825875)
(0.005828156528442197, -0.20765262737492665)
(0.06112060713797347, -0.500967287604315)
(0.8920678186255215, -0.7210056235240407)
(0.9793931462402997, -0.30635986204261073)
(0.9317994285103067, -0.5598114044665367)
(0.9658441796890938, -0.7473935644559868)
(0.9999113905966762, -0.01811029769422937)
(0.027094623889009323, -0.39709232324413135)
(0.05114916936275401, -0.3329431980670286)
(0.981592951363936, -0.2175867730723071)
(0.9952191761650779, -0.11393658039311312)
(0.9999411972074336, -0.021276875920882836)
(0.9168831388848104, -0.41377144760623397)
(0.09635639721627409, -0.4903069826352189)
(0.005970285191170563, -0.17111347741965774)
(0.12824531935535252, -0.530483742524776)
(0.09322475237414479, -0.7482025475850824)
(0.8940844038876462, -0.7251873105663921)
(0.9508150860293986, -0.3279657112644223)
(0.0932992734690956, -0.655591026493389)
(0.004127566166851162, -0.2304250386340417)
(0.8821958434233517, -0.5615016666539491)
(0.9444838448218693, -0.6748653012287433)
(0.9754652116318678, -0.4621931210812283)
(0.05283073402071585, -0.4321984963606111)
(0.10591559611235377, -0.7251873105663921)
(0.8800622500779899, -0.5194937429809642)
(0.0034131869083769257, -0.17630542184200715)
(0.008044116476880102, -0.1534307648663965)
(0.0380928056780299, -0.3939750268039957)
(0.22749932145118973, -0.6629103002352946)
(0.8920678186255215, -0.7210056235240407)
(0.017715723592913152, -0.20417730348994076)
(0.9945010975853124, -0.14622126418879888)
(0.9889405767172312, -0.198054567259369)
(0.002610109427937225, -0.1426680857607522)
(0.05863393291200778, -0.7124110402042501)
(0.15794921651607, -0.8380587382478225)
(6.610993288519613e-06, -0.19375889306852456)
(0.8613069746099725, -0.5603508372973931)
(0.10114460089985003, -0.7631173500771447)
(0.008920730883544987, -0.6186797105934808)
(0.04723069915736734, -0.33373480066047423)
(0.9989219115118552, -0.11308966962029542)
(0.7814939637826962, -0.7371375803320636)
(0.021838928306682198, -0.38796714754319134)
(0.8703363215329265, -0.7282143899203634)
(0.0038788275909846666, -0.10575159841614966)
(0.9995914963330165, -0.15548917621258132)
(0.01681861236088089, -0.8675287175586919)
(0.0104077097085709, -0.48464458008682765)
(0.8484489535748433, -0.7784072610751847)
(0.004123351072318928, -0.20161762896996605)
(0.004790933638818428, -0.5995538457164481)
(0.9903931351440874, -0.15168821523063747)
(0.031142082880347893, -0.292860984703776)
(0.006612152063251381, -0.793582535308211)
(0.901565795023197, -0.7725798764762455)
(0.0007357115244639318, -0.12758974894389633)
(0.03047926907458859, -0.39149110645975166)
(0.9032361180949644, -0.5263377306587682)
(0.023543330186994567, -0.4673044942792362)
(0.7974247935212909, -0.7362043635332187)
(0.8488435451602935, -0.5958871479400719)
(0.9967152275627392, -0.15583044552319678)
(0.8730727053404979, -0.8035034048142025)
(0.9323587180584185, -0.712452602825708)
(0.7969574429074908, -0.7463429776214386)
(0.13363586609504696, -0.6683524170848045)
(0.015396325320343112, -0.19398357377159567)
(0.9775033753375337, -0.8243865378601161)
(0.035600828990462074, -0.2771047186084424)
(0.7500843117003562, -0.772205335718727)
(0.9336818125719928, -0.3767868370752793)
(0.029335010708864444, -0.7618002899191857)
(0.9977154683812461, -0.17019929079638543)
(0.9742728416667872, -0.5298852708674346)
(0.008908834746277359, -0.8899297433017601)
(0.15646937927212268, -0.8460127873291973)
(0.9957713458755427, -0.4241474702460615)
(0.9615229636048527, -0.31746739811528213)
(0.9763867353207922, -0.535907927540206)
(0.8896517492246602, -0.5309373314179815)
(0.9363501504741355, -0.5200689589248703)
(0.023613264679207747, -0.535907927540206)
(0.00013386791838711733, -0.02564365987014536)
(0.9332149045006394, -0.3778282428788371)
(0.02453456802094444, -0.3552384150344571)
(0.05038151592490298, -0.3202088744406492)
(0.9776793849658314, -0.41726352781894716)
(0.1182222047491744, -0.5761241978692179)
(2.180323723315924e-05, -0.014589546688796544)
(0.1787318663131407, -0.6187110557226211)
(0.05854414586267703, -0.4063098222465376)
(0.9519719116781766, -0.5672747474916162)
(0.15879045551729204, -0.5979294893588085)
(0.0003648133562125517, -0.12882126692207782)
(0.20570945658644443, -0.7788871873140479)
(0.1667307251970822, -0.5991910265039345)
(0.8791742528531462, -0.8134405999934179)
(0.0001738657876883842, -0.02602533769211623)
(0.18716438210980005, -0.6471373161609475)
(0.8713798198705319, -0.5155606212004441)
(0.012421794000929534, -0.2619551517107258)
(0.0067886799183495515, -0.14520992386889775)
(0.09488532898674375, -0.4665249492862963)
(0.018980715942503373, -0.2067561232244138)
(0.1648642383438489, -0.7384897446532597)
(0.9452082556839358, -0.34136915526000333)
(0.04678432027117251, -0.47038849754126083)
(0.9781375885686296, -0.30939471622149595)
(0.006193739226660424, -0.15592661463898858)
(0.19700319868556745, -0.6403617790722687)
(0.004041438189768863, -0.25429123164089373)
(0.8847679514552197, -0.8233675186538614)
(0.9961211724090153, -0.10575159841614966)
(0.019696501063212836, -0.28328426632517734)
(0.9987708841269792, -0.1134960725372098)
(0.22146420780479922, -0.7399963186253445)
(0.9418615089973268, -0.7308729550034625)
(0.957287958652793, -0.6269807253303594)
(0.9991028060181233, -0.05256995349730383)
(0.024534788368132214, -0.4621931210812283)
(0.2309955613342898, -0.8212817822476587)
(0.008002111121773342, -0.14062273387392213)
(0.061228096482584295, -0.7847936622788989)
(0.9656553780514412, -0.8881175666651369)
(0.14859672300182056, -0.5902421134947164)
(0.9984855677067168, -0.13377298209885732)
(7.518101052495741e-05, -0.014070558287656396)
(0.03327671685640837, -0.6727091028737341)
(0.11977082363890182, -0.8523903616217673)
(0.8667362159282607, -0.6505502573471288)
(0.15879045551729204, -0.5979294893588085)
(0.9840201050534324, -0.6635706890509611)
(0.001502180917598231, -0.06565285551914361)
(0.04837784049028073, -0.3857774123634096)
(0.9532791174290324, -0.3195023568002752)
(0.9947862832554377, -0.10290012623164085)
(0.11340734249964564, -0.4720917714843957)
(0.0008746156696286377, -0.04762867379858626)
(0.0020033791220231897, -0.21795181028433144)
(0.0018785505938529205, -0.13015997521025044)
(0.9901183369268542, -0.22829703093649786)
(0.9977041966298165, -0.15728555433080846)
(0.8703363215329265, -0.7282143899203634)
(0.9754652116318678, -0.4621931210812283)
(0.00016757573766182558, -0.4815106491753112)
(0.8059165206742299, -0.6231309465838375)
(0.9994929622853341, -0.038084471020108486)
(0.016540974425984692, -0.2735541365876689)
(0.026409383462187512, -0.35944171875616693)
(0.979302486483402, -0.26131426798173696)
(0.999199830506787, -0.04053204245130506)
(0.11092103881558224, -0.6411350275192251)
(0.9449407878836703, -0.5902801537501581)
(0.020502425441745617, -0.6415729075968611)
(0.0018454173041804452, -0.07232760030107806)
(0.18085813254324432, -0.7981294440874812)
(0.9887279301277235, -0.3440621500986435)
(0.06060400158892768, -0.7659412879200426)
(0.05322857811206679, -0.3296122084293335)
(0.9950874974443629, -0.277415268266207)
(0.13189085960815847, -0.5665115858062373)
(0.9098772130211308, -0.4184550284694866)
(0.99843969744194, -0.27850346073589693)
(0.9367539487470745, -0.35874832544240226)
(0.006968384144028725, -0.30878971150850504)
(0.9964194634991204, -0.09992427821267354)
(0.8362074775488197, -0.6172724594784176)
(0.009961155441396299, -0.38566370236545)
(0.00021845071642078638, -0.022339436584658607)
(0.9296231444699979, -0.3829786508729204)
(0.9689315962577325, -0.31216013481794413)
(0.9501746178886326, -0.7897845892707775)
(0.995876648927681, -0.20161762896996605)
(0.1934733949628767, -0.6666861577832209)
(0.7703680058768999, -0.6407873951428744)
(0.9978474072181878, -0.06684621709758705)
(0.831177489765759, -0.6223053412122023)
(0.9933922765358185, -0.18525259147407)
(0.0072686489693014975, -0.2716575540746223)
(0.9929876827558582, -0.3668709968205844)
(0.9745498677030525, -0.26269898495259225)
(0.8105557406404864, -0.7628313359951602)
(0.12941832275829043, -0.5482422145113067)
(0.9813981032142445, -0.3250240668444295)
(0.15018085148436575, -0.7241123007175467)
(0.9997880812643392, -0.031211253155355865)
(0.9083762260852676, -0.7115808049432565)
(1.8095596916959555e-07, -0.000914407645439705)
(0.0012106225835122495, -0.08201951266704925)
(0.21850603621730383, -0.7371375803320636)
(0.009922051523271148, -0.30772628780882094)
(0.04908065618591934, -0.5008303177375742)
(0.7602025913330134, -0.7643751745812256)
(0.07495223120098722, -0.7291854970443764)
(0.05628080335140463, -0.4514014014601227)
(0.0024064673626840454, -0.0717207298638901)
(0.9977724735740654, -0.07509277566601054)
(0.0015547210483995142, -0.3133884599280043)
(0.9803034989367871, -0.28328426632517734)
(0.004163129528359623, -0.36163443174642723)
(0.0004244394649657012, -0.25181624171744055)
(0.012331561085434407, -0.1743803292026006)
(0.9781375885686296, -0.30939471622149595)
(0.0015903665539139331, -0.06753318108796291)
(0.9471134540496624, -0.3421246859212346)
(0.0002090893689870088, -0.06533171246868752)
(0.8899604153979295, -0.5871300000401225)
(0.9998786999124146, -0.03806353915993176)
(0.9590071845660637, -0.5243264504022149)
(0.02418411154591391, -0.278376488298344)
(0.9784075793924135, -0.21754671945145931)
(0.009298638160303052, -0.15068559947066165)
(0.17592396941872526, -0.7037484679108602)
(0.04126978757948857, -0.4956803915911725)
(0.9587048296309028, -0.3935433521946414)
(0.9685077407261704, -0.4238971807384764)
(0.008277375093937117, -0.17762351333302737)
(0.9384170154921676, -0.39524163619841585)
(0.00025238560284272083, -0.08621289282731544)
(0.047163245087096656, -0.4594456632576726)
(0.028357183472327522, -0.3471923591973423)
(0.0033282321663948527, -0.08184745144769678)
(0.996053558661707, -0.18980084002084507)
(0.9584055130897988, -0.39665379422818436)
(0.08385805955442333, -0.8804762849985234)
(0.9958633841215824, -0.17709374754680943)
(0.84205078348393, -0.8380587382478225)
(0.1496962640477878, -0.7418393792144083)
(0.005953948296453728, -0.17226241920734814)
(0.09635639721627409, -0.4903069826352189)
(0.9588212690018106, -0.4772204632404168)
(0.030766603326161723, -0.28766852821665245)
(0.9642964230280796, -0.6461785265716022)
(0.998635056163411, -0.06669653141783677)
(0.005052863175252473, -0.16688336275618965)
(0.05762315941405113, -0.46384333011538637)
(0.1234604867686606, -0.8279075668912241)
(0.7641054519211844, -0.8011839338356673)
(0.9947862832554377, -0.10290012623164085)
(0.9968567571042819, -0.09421560432687041)
(0.8922749783472873, -0.8136031833374837)
(0.0031241616139936687, -0.1965752950716508)
(0.02403118284821254, -0.4473009589580919)
(0.024534788368132214, -0.4621931210812283)
(0.011113975212917328, -0.15109701500217992)
(0.1836612308250519, -0.7384897446532597)
(0.979302486483402, -0.26131426798173696)
(0.8751749489229581, -0.5893685388346964)
(0.9248210664439938, -0.4370241887451218)
(0.9738289064397136, -0.42363738875916185)
(0.9995944416498994, -0.4607109877075397)
(0.016467981618524707, -0.5466062566021658)
(0.9544766043626851, -0.30914929954435305)
(0.7065173910434626, -0.7327587203732936)
(0.0007412771543225987, -0.04733287219219532)
(7.518101052495741e-05, -0.014070558287656396)
(0.9909828716071613, -0.1351812382569907)
(0.014614122368778612, -0.3829066007076189)
(0.0002601650774982148, -0.038471602619506405)
(0.2397974086669866, -0.7643751745812256)
(0.046539836031112045, -0.3080574962581758)
(0.9999919957481415, -0.23459333753292025)
(0.035414453910646085, -0.41395378344561207)
(0.01838525313843598, -0.19139228878575865)
(0.9501746178886326, -0.7897845892707775)
(0.9998500033332592, -0.8141094140686553)
(0.7504959189998966, -0.7570149342391479)
(0.006746453775830739, -0.12901543062678214)
(0.9886947516855418, -0.32288139728113124)
(0.18966378716883925, -0.8135670480891732)
(0.00019884118484834396, -0.030965753455951553)
(0.9913984073185794, -0.1315352994445849)
(0.9979881602676355, -0.0957521699446004)
(0.0001738657876883842, -0.02602533769211623)
(0.9532156797288275, -0.47038849754126083)
(0.9882836187822667, -0.30021910794479684)
(0.999956800649684, -0.015708586291078963)
(0.9992411623325388, -0.06060071449426023)
(0.9997569807765867, -0.05790691730313239)
(0.8955910751018009, -0.7689798443076185)
(0.008002111121773342, -0.14062273387392213)
(0.07109898928141539, -0.699970151177966)
(0.9999934221622533, -0.02471630139484133)
(0.0006863341496798418, -0.09606249440838535)
(0.23097945910193282, -0.673104610540596)
(0.018715482106562525, -0.38985387018083445)
(0.0010013851526835221, -0.07735684519335878)
(0.22749932145118973, -0.6629103002352946)
(0.12075785185979204, -0.7854161805660533)
(0.00013386791838711733, -0.02564365987014536)
(0.8325568635275339, -0.7309604497706217)
(0.0007304734925131526, -0.29652559888711905)
(0.7316720820281339, -0.7127991466915105)
(0.9940305350340314, -0.27311364715115855)
(0.09975066246583346, -0.7644070720575784)
(0.08053815382293003, -0.5530340062269388)
(0.9998011588151516, -0.030965753455951553)
(0.020697513516597953, -0.26131426798173696)
(0.9739307187756218, -0.5006250033137956)
(0.8434256189384315, -0.5675911403108412)
(0.2848707226695924, -0.7583939748380889)
(0.99477083906626, -0.10724935959795419)
(0.9896573386636208, -0.8369100569389735)
(0.9999264765792016, -0.02842833522218317)
(0.0020315641767292823, -0.09848210702708454)
(0.9294833823436078, -0.7750478694811305)
(0.0007782014819115387, -0.0439460275948189)
(0.9679587643934842, -0.29749839818186186)
(0.013019232311352276, -0.24481928939685893)
(0.07716807985403026, -0.3932138858270211)
(0.07749700504206106, -0.48229667516888347)
(0.032041235606515846, -0.29749839818186186)
(0.9843010061523527, -0.48058844489123265)
(0.9516221595097193, -0.3857774123634096)
(0.04099281543393634, -0.5243264504022149)
(0.0022275264259346184, -0.07509277566601054)
(0.8477931937636045, -0.6483398117490498)
(0.6936758306962025, -0.724599243324833)
(0.9676931070612687, -0.31463729832617837)
(0.19473399383898093, -0.610036428981826)
(0.9776793849658314, -0.41726352781894716)
(0.10114460089985003, -0.7631173500771447)
(0.08064647377938518, -0.6624907367541331)
(0.006110359574096701, -0.15986968817639885)
(0.007871882507180369, -0.27763390909541413)
(0.0037876320378424965, -0.09178944534711561)
(0.004135677081275046, -0.28956250537462996)
(0.06578877100541157, -0.6521599569656715)
(0.7690044386657102, -0.8212817822476587)
(0.9977724735740654, -0.07509277566601054)
(0.9021136497878967, -0.49180768058990976)
(0.0006891033137098984, -0.12240391892638057)
(0.06764128194158142, -0.712452602825708)
(0.0031432428957181434, -0.09421560432687041)
(0.021427248481256482, -0.2714160449140877)
(0.014692083183543649, -0.22322666932228177)
(0.005713887857408095, -0.6802030772837646)
(0.9424924688416784, -0.7213321337790379)
(0.998273378992511, -0.23449873739040875)
(0.05750753115832168, -0.7213321337790379)
(0.08843884903138587, -0.562821466862851)
(0.011612007813303177, -0.7532792791714519)
(0.002978356358997405, -0.1062197931097072)
(0.02702940601160592, -0.47774320587472857)
(0.9775196875396926, -0.23266694870128005)
(0.004825865212931657, -0.17397208592534835)
(0.9840201050534324, -0.6635706890509611)
(0.8728777505144847, -0.7249433620093312)
(0.9993136658503201, -0.09606249440838535)
(0.016350166865587677, -0.27850769514534074)
(0.28906684407022004, -0.7275347077310262)
(0.9957956704473487, -0.21092600462032102)
(0.1234604867686606, -0.8279075668912241)
(0.9714062189099724, -0.6626944583778659)
(0.9878167894344031, -0.2377631680079408)
(0.03069211361290569, -0.700251113240253)
(0.0006727025441356872, -0.09770051134061433)
(0.9947724643792532, -0.14173145164941972)
(0.9969790876429584, -0.10487879919987277)
(0.19837826136064154, -0.6896528320188163)
(0.9915412675397034, -0.20913912876627558)
(0.17992688304529683, -0.5939453607617062)
(0.029757769652650822, -0.6697575455667927)
(0.005935262939005937, -0.3241785113175139)
(0.9368913987235589, -0.6336499254977526)
(0.10900964114527328, -0.6676946498478842)
(0.006648619530722419, -0.14300723996902018)
(0.8613069746099725, -0.5603508372973931)
(0.026075970272502063, -0.24201973735757926)
(0.0008935806836698239, -0.06384590459033583)
(0.11727220144736489, -0.4928000019168648)
(0.013786991640506507, -0.6461101503034031)
(0.999122831629969, -0.051396577945586185)
(0.9964389043360637, -0.13765588691103764)
(0.9977685079089571, -0.12419651959273298)
(0.17992688304529683, -0.5939453607617062)
(0.9729488757739237, -0.663234326776921)
(0.10739581546904477, -0.6282925354571011)
(0.9825265334466533, -0.18985788925656372)
(0.032041235606515846, -0.29749839818186186)
(0.9966612065009764, -0.1954760895031617)
(0.7871663174198251, -0.8344510236539622)
(0.15592067673946167, -0.58144581231754)
(0.9273152620140063, -0.4423537520225013)
(0.9834297128479043, -0.8086109815812912)
(0.9954877399919067, -0.13727213974049984)
(0.1691884916841904, -0.7003582057446676)
(0.8681091403918415, -0.5665115858062373)
(0.991079269116455, -0.6186797105934808)
(0.03069211361290569, -0.700251113240253)
(0.09189532042849088, -0.68851226729005)
(0.0002090893689870088, -0.06533171246868752)
(0.0002626205559067726, -0.024877305266945093)
(0.08234288623799825, -0.5329609796698219)
(0.9736538032567477, -0.32688590446133003)
(0.07030758132214061, -0.4805317122573919)
(0.053360204325963764, -0.5848150330034888)
(0.8645962950017476, -0.5122088464523392)
(0.046539836031112045, -0.3080574962581758)
(0.1667307251970822, -0.5991910265039345)
(0.8097186359184401, -0.652403841910846)
(0.9940498924090134, -0.341270577288554)
(0.0011766590479713572, -0.12100427310546684)
(0.991179531460331, -0.13814016124198666)
(0.06540527209952321, -0.40155354570618246)
(0.9168831388848104, -0.41377144760623397)
(0.9962123679621575, -0.09178944534711561)
(0.02705112422607625, -0.663234326776921)
(0.0008594507094867117, -0.19834085540386637)
(6.323143261442011e-05, -0.013606638369131755)
(0.9419559683131142, -0.5210378982905517)
(0.017598380745187672, -0.20177753279819108)
(0.07869347560402369, -0.8610448844247335)
(0.9449314709224956, -0.35586297819797724)
(0.9680409476156439, -0.3741012737925412)
(0.00394121456324651, -0.26360438726797786)
(0.999646870082343, -0.03208226919358837)
(0.9999743313275865, -0.010249490471258237)
(0.9904368142838128, -0.17415402703173335)
(0.9020155442762621, -0.8301399832888507)
(0.00048756517842594104, -0.1865515405659502)
(0.945219536196605, -0.4743657047364861)
(0.9892368374625098, -0.1846698981399983)
(0.1926890520881276, -0.7331106345927513)
(0.011113975212917328, -0.15109701500217992)
(0.06764128194158142, -0.712452602825708)
(0.9872385934827762, -0.16797755946842288)
(0.0058689899171938875, -0.3474986269409502)
(0.0027015544276262123, -0.08301399832888508)
(0.016031915738981557, -0.2646574565836402)
(0.8826521314676212, -0.47687260322165387)
(0.08093752670711905, -0.6261984059910017)
(0.024824535507156666, -0.34888852878859083)
(0.9919978888782267, -0.14062273387392213)
(0.8827277985526352, -0.4928000019168648)
(0.9988283387221505, -0.05179447999799748)
(0.05562484528819239, -0.6975976872727605)
(0.9570718448503844, -0.35883968600326716)
(0.7655405031284029, -0.6761731555804352)
(0.9570718448503844, -0.35883968600326716)
(0.9982629356059182, -0.06889162174118926)
(0.9986402614289113, -0.05481708466439865)
(0.8892583176581237, -0.5383808156375435)
(0.9959585618102311, -0.25429123164089373)
(0.865919512695914, -0.5014815925330718)
(0.02594360172680106, -0.2901955542199973)
(0.00015480312318986823, -0.024005615335045433)
(0.9873608872142483, -0.7115531637598532)
(0.003025046321824515, -0.12547387908891927)
(0.016375340065007182, -0.186644680428067)
(0.9501746178886326, -0.7897845892707775)
(0.9958181626696356, -0.1102390327159858)
(0.9858818579105888, -0.5408926023519689)
(0.13540370499825236, -0.5122088464523392)
(0.13477016555125043, -0.6452225738376816)
(0.941785035736904, -0.6629103002352946)
(0.7981229921982561, -0.6725238686095193)
(0.9999998190440308, -0.000914407645439705)
(0.0014610962634259493, -0.18473973951138903)
(0.005739959304225941, -0.10788131010504798)
(0.030268866882269048, -0.36795429908305605)
(0.0015351297169330818, -0.14927832703459618)
(0.07051661765639214, -0.7750478694811305)
(0.012188539647869097, -0.23127600259144834)
(0.8613069746099725, -0.5603508372973931)
(0.026368682609727943, -0.29994136170311486)
(0.9770048548053583, -0.32936921462288554)
(0.9993665535916466, -0.08023086081370995)
(0.99843969744194, -0.27850346073589693)
(0.12862018012946805, -0.5155606212004441)
(0.035259840211097265, -0.5370627830023244)
(0.9360173472469214, -0.6146317106080522)
(0.8138813354869048, -0.7490285977081548)
(0.014006223904475748, -0.3573939374732075)
(0.9754654319790556, -0.3552384150344571)
(0.8505051510926834, -0.6633183853724097)
(0.18165941182715786, -0.7779114076335822)
(0.9960425467055698, -0.7977123577603875)
(0.04762510683658085, -0.3518235467104278)
(0.8939650331608262, -0.5560051864822747)
(0.9964817690762972, -0.14626154375982034)
(0.949702428731968, -0.42010570078324383)
(0.039156332091147904, -0.4476234069583183)
(0.9832735567251224, -0.37223118553274226)
(0.0025901320627373554, -0.1845238677081099)
(0.9955286686643537, -0.12735511927896784)
(0.9508769569278014, -0.5799271483466601)
(0.2194537935479251, -0.6558727083408564)
(0.8440793232605384, -0.58144581231754)
(0.9997384514091541, -0.10220827286563394)
(0.05224043811456766, -0.6410004154128068)
(0.00024918677886610777, -0.023758338267893173)
(0.9999840107748567, -0.13782989624875305)
(0.9952191761650779, -0.11393658039311312)
(0.06785238768478992, -0.5028720538962508)
(0.9978275944843037, -0.1954270810151418)
(0.0399954221981772, -0.30492935821302225)
(0.010613017310913941, -0.4546222962400392)
(0.09885913793982229, -0.6224322149969174)
(0.03370458655268782, -0.602264306140121)
(0.9954394437528185, -0.1412037546010397)
(0.19362081846102763, -0.6082134596580653)
(3.838575859494655e-05, -0.014098151227383596)
(0.010763162537490234, -0.1846698981399983)
(0.022320615034168566, -0.41726352781894716)
(0.2625230024213075, -0.7096510942857831)
(0.061228096482584295, -0.7847936622788989)
(0.9697197967756834, -0.8057654506016134)
(6.11713128358532e-05, -0.01278776704376011)
(0.9938053758088601, -0.36471615472875624)
(0.17228319875144193, -0.6214924635696472)
(0.9659638019202184, -0.342495701875378)
(0.004006831525759889, -0.11533547747486521)
(0.9960255089152897, -0.14689373320490756)
(0.8152732394366197, -0.8255940899719112)
(0.013448897795591183, -0.2936732484369023)
(0.9999998222105249, -0.00113277366677848)
(0.018715482106562525, -0.38985387018083445)
(0.9188375235920497, -0.8536416278515171)
(0.0014254988444212591, -0.07832651191069986)
(0.9995914963330165, -0.15548917621258132)
(0.883551581334012, -0.8475982172108266)
(0.04262512479704723, -0.3694571226843574)
(0.2891314422538475, -0.7074311650125237)
(0.007489402473723942, -0.2127387360925821)
(0.004471331335646201, -0.12735511927896784)
(0.06457111028592648, -0.5441624618270117)
(0.0022845316187538327, -0.17019929079638543)
(0.9997384514091541, -0.10220827286563394)
(0.9988262471051331, -0.08578813612139019)
(0.12362854927323423, -0.6044404108578239)
(0.08693564346830679, -0.710807662686086)
(0.06900880533079486, -0.8718642965850443)
(3.9555090370949896e-05, -0.011040989845418273)
(0.9993377499757764, -0.06016619518270145)
(0.09798445572373787, -0.8301399832888507)
(0.005950107590986577, -0.341270577288554)
(0.8984675236166064, -0.6935565519282048)
(0.05276425064155671, -0.7402804207501377)
(0.039269307077758796, -0.3886957204810835)
(0.8847679514552197, -0.8233675186538614)
(0.12625375242804168, -0.6469316217994625)
(0.8152732394366197, -0.8255940899719112)
(0.9814773902416095, -0.3444179537698934)
(2.409331481681779e-07, -0.0027159272706969587)
(0.9968631011165542, -0.10249507676135944)
(0.02482003722799677, -0.6034845692013039)
(0.014222040599102866, -0.696338054863977)
(0.001771819924456271, -0.07407923546855626)
(0.0037130255074331042, -0.08613546222671864)
(0.7438367563415571, -0.6700147724446964)
(0.8435306207278773, -0.8460127873291973)
(0.9342913409591646, -0.5528587472082751)
(0.9999891945284947, -0.01008576866889628)
(0.9987708841269792, -0.1134960725372098)
(0.9999911290795196, -0.005882221108697044)
(0.24950408100010332, -0.7570149342391479)
(0.9161419404455767, -0.8804762849985234)
(0.04329699761925756, -0.40379747974719554)
(0.1002737116674961, -0.6286914650439065)
(0.10462795639136564, -0.7275202601922981)
(0.08145108601448019, -0.4884830163402653)
(0.7822333868657494, -0.7950809007010626)
(0.00883481321810667, -0.7244989369055621)
(0.9842498361334391, -0.25277357258428645)
(0.9997373794440932, -0.024877305266945093)
(0.05464643209603029, -0.7378650529194489)
(0.01615366902057108, -0.562415378300638)
(0.9011408620601777, -0.6224322149969174)
(0.15018085148436575, -0.7241123007175467)
(0.902141530118667, -0.6131812098097571)
(0.06550079573403882, -0.37860134491973996)
(0.9112057097311789, -0.5309142488588299)
(0.862386097895331, -0.5908513465446908)
(0.9919978888782267, -0.14062273387392213)
(0.9209744192789716, -0.5901565408438345)
(0.0006578679824591131, -0.06207721538844043)
(0.9993677759211872, -0.1099027072165148)
(0.9508150860293986, -0.3279657112644223)
(0.9480495426931936, -0.493483718025614)
(0.02237042492188673, -0.26194391390382993)
(0.16641688231899168, -0.6820646350511712)
(0.00010335991133956601, -0.01974793535814738)
(0.0005646004326360785, -0.07583704263743142)
(0.008458732460296619, -0.20913912876627558)
(0.9999558360145945, -0.010877177727605908)
(0.9995786966360873, -0.1037630894140373)
(0.9999665515467056, -0.008993825781921377)
(0.009298638160303052, -0.15068559947066165)
(0.00019884118484834396, -0.030965753455951553)
(0.9976140625930262, -0.07270582417294164)
(0.9638825345991079, -0.41902936912391126)
(0.9900388445586037, -0.38566370236545)
(0.02381438864394021, -0.7879500536079914)
(0.03491220195485114, -0.28352103626073627)
(0.9716428165276725, -0.3471923591973423)
(0.04203378537273654, -0.28718145130127426)
(0.00035094748750824926, -0.0345392078273815)
(0.9933878479367486, -0.793582535308211)
(0.9562156530077822, -0.6756120263803997)
(0.7725006785488103, -0.6629103002352946)
(0.0018157423499826906, -0.0643804118479777)
(0.009894471481652926, -0.2291710208961702)
(0.026835380835380836, -0.7201127811794311)
(0.026409383462187512, -0.35944171875616693)
(0.9985389037365741, -0.18473973951138903)
(0.00037079998350522046, -0.04873374332061669)
(0.0016414219714117391, -0.2839891611306902)
(0.9933001271725307, -0.31060396559986064)
(0.9557453687521845, -0.640261058065424)
(3.7864760969143346e-06, -0.005090654871736222)
(0.9883673824977132, -0.3191683385677881)
(0.06542960183244798, -0.3570908693650135)
(0.0010475177097764733, -0.056332600507888186)
(0.9756372180451128, -0.2754566747556658)
(0.14711700168174902, -0.5867820572195653)
(0.017095493451582965, -0.37780486482936537)
(0.15018085148436575, -0.7241123007175467)
(0.9958633841215824, -0.17709374754680943)
(0.04652408420106375, -0.548891119072643)
(0.983731438095108, -0.2502406916743184)
(0.0007823080395617023, -0.3758745202784869)
(0.9943183028392512, -0.7803305233871555)
(0.9980842196462715, -0.547259466755849)
(0.007025980892722363, -0.14786844369933508)
(0.9896573386636208, -0.8369100569389735)
(0.1926890520881276, -0.7331106345927513)
(0.8847679514552197, -0.8233675186538614)
(0.019012936944814294, -0.7280407333420155)
(0.9995042059593695, -0.07837661465732675)
(0.8455166449656996, -0.711968007122521)
(0.9961696038791152, -0.2810803960633698)
(0.99851682158344, -0.09268628655766892)
(0.14776657966730605, -0.5760154986085904)
(0.1234604867686606, -0.8279075668912241)
(0.995894389651789, -0.1687652891893052)
(0.9924793428717674, -0.17859330559145714)
(0.0006727025441356872, -0.09770051134061433)
(0.9020355251544572, -0.8083790322705993)
(0.9781831459740835, -0.2535976972983135)
(0.04507267670672194, -0.38448588699694136)
(0.9702422303473491, -0.6697575455667927)
(0.0765089135822208, -0.5857500638340963)
(0.004306681938260885, -0.33839886333619884)
(0.07916146543966093, -0.5317696423854553)
(0.0011175425310969986, -0.054937262778078866)
(0.14859672300182056, -0.5902421134947164)
(0.12426226052742517, -0.858019994906168)
(0.9666042421692985, -0.29636728046938554)
(0.00039885444578283634, -0.09006056624426254)
(0.08053815382293003, -0.5530340062269388)
(0.04982538211136741, -0.7897845892707775)
(0.9038593830615531, -0.5727824415269236)
(0.981614746861564, -0.19139228878575865)
(0.01221000319099902, -0.21649000592405163)
(0.9901183369268542, -0.22829703093649786)
(5.083995325298476e-06, -0.009430679464392355)
(0.9247458266160486, -0.4763084110263607)
(0.019305999540806414, -0.3235172263162392)
(0.0039655552524690135, -0.1368961528695993)
(0.08542920640800074, -0.6785024121215586)
(0.9999411972074336, -0.021276875920882836)
(0.015698993847647284, -0.48058844489123265)
(0.9579662146272635, -0.28718145130127426)
(0.99477083906626, -0.10724935959795419)
(0.1163505918260999, -0.6818234523655096)
(0.007018012440965323, -0.18289885346671372)
(0.9643989948131747, -0.2806841533101719)
(0.8124874265149652, -0.8189136004314899)
(0.8657425562309179, -0.5130911983208252)
(0.0011716612778494874, -0.05179447999799748)
(0.05863393291200778, -0.7124110402042501)
(0.8997262883325039, -0.6286914650439065)
(0.999924818989475, -0.014070558287656396)
(0.9590071845660637, -0.5243264504022149)
(8.353285877135322e-06, -0.004763094018410715)
(0.034036198079781615, -0.342495701875378)
(0.975397489025245, -0.45049663370145665)
(0.9346478610330288, -0.4022722433075321)
(0.9534759157989362, -0.548891119072643)
(0.005068737955239873, -0.13870920964604425)
(0.0006322240788127687, -0.1099027072165148)
(0.9672289291164684, -0.45455460801895303)
(0.9896573386636208, -0.8369100569389735)
(0.006419816621679813, -0.3847766349395939)
(0.9294833823436078, -0.7750478694811305)
(0.9714062189099724, -0.6626944583778659)
(0.004368953780007166, -0.32815959998659583)
(0.9155787133698509, -0.4499488804316224)
(0.9888860247870827, -0.15109701500217992)
(0.0006578679824591131, -0.06207721538844043)
(0.0002615485908459388, -0.10220827286563394)
(0.012025492850398717, -0.20837781827672175)
(0.8481108781281232, -0.7179395587313794)
(0.9567030023807425, -0.40379747974719554)
(0.012673014059860738, -0.22259869088055534)
(0.9161419404455767, -0.8804762849985234)
(0.13449205363047878, -0.7342272630118757)
(0.001005833057746568, -0.0515556993582983)
(0.0055215565223470445, -0.19701611559105559)
(0.9989379113879255, -0.06482365656186488)
(0.1234604867686606, -0.8279075668912241)
(0.07740855374226224, -0.41233244504787353)
(0.004856831790963527, -0.15954594553077217)
(0.1234604867686606, -0.8279075668912241)
(0.05505921211632966, -0.5902801537501581)
(0.11727220144736489, -0.4928000019168648)
(0.2841189926676334, -0.7482636739957018)
(0.9984855677067168, -0.13377298209885732)
(0.018692820735779766, -0.3388965869818928)
(0.010064833053376998, -0.2213612992139283)
(0.9977154683812461, -0.17019929079638543)
(0.0006863341496798418, -0.09606249440838535)
(0.9965309000004707, -0.0862378543072241)
(0.9966612065009764, -0.1954760895031617)
(0.7322155164022194, -0.71324321507843)
(0.12145655243619137, -0.556258449499758)
(0.9999388286871641, -0.01278776704376011)
(0.9839680842610184, -0.2646574565836402)
(0.0031644875394875394, -0.8036973004234722)
(0.0023391406671351756, -0.2993751756296563)
(0.07051661765639214, -0.7750478694811305)
(0.14949484890731654, -0.6633183853724097)
(0.9656672512010626, -0.3801452454785423)
(0.9430920541883394, -0.35552109446572044)
(0.975397489025245, -0.45049663370145665)
(0.9958368704716404, -0.36163443174642723)
(0.9579240744452839, -0.5649042872728102)
(0.13177025375339768, -0.6683280322254694)
(0.9387719035174157, -0.7847936622788989)
(0.9941718434715578, -0.20765262737492665)
(0.9360689337343553, -0.8886130237339565)
(0.9997884867567082, -0.024386919623305768)
(0.9562156530077822, -0.6756120263803997)
(0.008499034749034748, -0.7072536243726556)
(0.9738289064397136, -0.42363738875916185)
(0.15561072587925703, -0.703707914609853)
(0.0025458353538375823, -0.3779880703496957)
(0.011905609610953721, -0.18633805035630902)
(0.8652298344487496, -0.6452225738376816)
(0.07431374132084612, -0.5915668939529074)
(0.9271813943161634, -0.8134044791852477)
(0.2130373895618909, -0.8342230108047991)
(0.18165941182715786, -0.7779114076335822)
(0.1691884916841904, -0.7003582057446676)
(0.983846330979429, -0.562415378300638)
(0.9991601078746444, -0.09373973385079616)
(0.9281067527649928, -0.5033418663530063)
(0.8248949780408631, -0.6995558094806866)
(0.01693932932738903, -0.284053016030266)
(0.0122051179061328, -0.17110628478921475)
(0.1282712964112753, -0.5686659900425859)
(0.006367242589527778, -0.23592276071083582)
(0.09788635021210332, -0.49180768058990976)
(0.6861225966508167, -0.7574061968679668)
(0.003946441338293044, -0.18980084002084507)
(0.0002626205559067726, -0.024877305266945093)
(0.9978892154974909, -0.0719852431602203)
(0.991505071637195, -0.18739603651427147)
(0.8059165206742299, -0.6231309465838375)
(0.9732719035082349, -0.4486100256230155)
(0.839819228347873, -0.6589754068262175)
(0.888014592676886, -0.4904710856483508)
(0.9960893986754251, -0.24733321457507315)
(0.009298638160303052, -0.15068559947066165)
(0.003946441338293044, -0.18980084002084507)
(0.003290365065166274, -0.10674779863141665)
(0.9809870630551857, -0.7280407333420155)
(0.10462795639136564, -0.7275202601922981)
(9.23267678742845e-05, -0.016281392319881054)
(0.11749809014514896, -0.5597515315890536)
(0.0032998973080026407, -0.134364181553963)
(0.20064889336016098, -0.7371375803320636)
(5.122274154660544e-09, -0.00015012663406027826)
(0.9021136497878967, -0.49180768058990976)
(0.008961867797695262, -0.14658985972512628)
(0.2848707226695924, -0.7583939748380889)
(0.9978892154974909, -0.0719852431602203)
(0.025814859525899913, -0.40206033518989864)
(0.9736538032567477, -0.32688590446133003)
(0.009512767216023925, -0.15049433010115001)
(0.8124874265149652, -0.8189136004314899)
(0.8052660061610191, -0.610036428981826)
(0.03197915529848303, -0.39982252256360973)
(0.025364277923312854, -0.34153782377155656)
(0.01693932932738903, -0.284053016030266)
(0.8613069746099725, -0.5603508372973931)
(0.9999558360145945, -0.010877177727605908)
(0.9977724735740654, -0.07509277566601054)
(0.9991671553520406, -0.4571067880582375)
(0.9488480442351014, -0.7502710985562884)
(0.10961192394961271, -0.5732843712151405)
(8.860940332380422e-05, -0.01811029769422937)
(0.21679671157225336, -0.7663738963790385)
(0.026069281224378245, -0.5006250033137956)
(0.002895580360054397, -0.08849361641985144)
(0.831177489765759, -0.6223053412122023)
(0.8804245103269568, -0.5584290487387175)
(0.3030679848097086, -0.7561243651965566)
(0.08069255326079874, -0.4773697015115455)
(0.984154019213847, -0.3323481874076144)
(0.004213109376837336, -0.22673576233609294)
(0.9280272048364153, -0.6514178119221828)
(0.7703680058768999, -0.6407873951428744)
(0.9579240744452839, -0.5649042872728102)
(0.04552339563731488, -0.30914929954435305)
(0.030119104248234475, -0.6702721969794643)
(0.9991601078746444, -0.09373973385079616)
(0.07431374132084612, -0.5915668939529074)
(0.03706297513462148, -0.36264390384961553)
(0.9787552923571063, -0.3342920810141576)
(0.07916146543966093, -0.5317696423854553)
(0.9967152275627392, -0.15583044552319678)
(0.0008935806836698239, -0.06384590459033583)
(0.005739959304225941, -0.10788131010504798)
(0.015698993847647284, -0.48058844489123265)
(0.7981229921982561, -0.6725238686095193)
(0.1163505918260999, -0.6818234523655096)
(0.003946441338293044, -0.18980084002084507)
(0.014006223904475748, -0.3573939374732075)
(0.19353325875570088, -0.630509211642777)
(0.09785846988133295, -0.6131812098097571)
(0.89885539910015, -0.7631173500771447)
(0.03370458655268782, -0.602264306140121)
(0.9691349914210192, -0.5663014196667886)
(0.9977685079089571, -0.12419651959273298)
(0.012591976793547474, -0.25920289898474286)
(0.031904185002405175, -0.6527060475423321)
(0.016031915738981557, -0.2646574565836402)
(0.0002626205559067726, -0.024877305266945093)
(0.2891314422538475, -0.7074311650125237)
(0.8362074775488197, -0.6172724594784176)
(0.9998469510488235, -0.01759078035158936)
(0.9433737174730701, -0.46869147381858556)
(0.9217843202711725, -0.4703884975412609)
(0.9662954134473122, -0.602264306140121)
(0.006367242589527778, -0.23592276071083582)
(0.001356025690166126, -0.0684991403750756)
(0.9734508438019178, -0.5339085625128036)
(0.8800622500779899, -0.5194937429809642)
(0.012658178409623496, -0.5723439734807617)
(0.04807626991998044, -0.4977208382695064)
(0.07109898928141539, -0.699970151177966)
(0.987789996809001, -0.21649000592405163)
(0.10900964114527328, -0.6676946498478842)
(0.1671119494918386, -0.5641474860256169)
(0.002061832540608454, -0.32877804668853594)
(0.9964389043360637, -0.13765588691103764)
(0.0003307473302075506, -0.38774951835254556)
(0.06282931266687145, -0.4328112107188002)
(6.323143261442011e-05, -0.013606638369131755)
(0.9584055130897988, -0.39665379422818436)
(0.2540484261501211, -0.7096510942857832)
(0.056167511922646476, -0.3693826210917772)
(0.0010208660304139195, -0.07506308110481688)
(0.1544833550343005, -0.711968007122521)
(0.8790795128939828, -0.5248673029011971)
(0.03530881691598856, -0.310859611062116)
(0.9004890226386704, -0.5011386053280016)
(0.9976435654026171, -0.08797933239957341)
(0.9695310979742198, -0.24582958848615744)
(0.8071864211737629, -0.8431700285961693)
(0.038181316752745324, -0.36740448019358735)
(0.04425463124781545, -0.640261058065424)
(7.231335835085117e-05, -0.025534970909122535)
(0.9949471368247476, -0.16688336275618965)
(0.9588212690018106, -0.4772204632404168)
(0.9008899138664398, -0.48697014225998986)
(0.9992217985180885, -0.0439460275948189)
(0.926346602834705, -0.4319946435688932)
(0.12278127598906974, -0.8705177080314496)
(0.0029306981084061415, -0.6215240943676913)
(0.8583780687957328, -0.626337580224707)
(0.07197279516358464, -0.6514178119221828)
(0.8599609294248977, -0.7573435676707231)
(0.9512024327210263, -0.5669499333400944)
(0.9718418746524209, -0.308698644588749)
(0.9995042059593695, -0.07837661465732675)
(0.0005070377146658905, -0.038084471020108486)
(0.9367593756934685, -0.541988871107383)
(0.9870604635678915, -0.3049039802130878)
(0.23589454807881557, -0.8011839338356673)
(0.9731646191646192, -0.7201127811794311)
(0.16499485837150604, -0.6849721929981034)
(0.8036759234203761, -0.6196004894889656)
(0.9997418034221192, -0.027279660023800667)
(0.013923590673761846, -0.2200371040042737)
(0.8350051416284939, -0.6849721929981034)
(0.0010113073131670142, -0.5058019044677494)
(0.1228740965468011, -0.6538009769341226)
(0.8351357616561511, -0.7384897446532597)
(0.19979740259740258, -0.7612620829611129)
(0.03611746540089214, -0.41902936912391126)
(0.9935138922739459, -0.44645061835856154)
(0.9996754058412309, -0.04125497475598127)
(0.9659638019202184, -0.342495701875378)
(0.045679872877225136, -0.35715004915774884)
(0.0006891033137098984, -0.12240391892638057)
(0.9763867353207922, -0.535907927540206)
(0.9619071943219701, -0.3939750268039957)
(0.13779881585062745, -0.740310338927467)
(0.9638263859807364, -0.2950402485463999)
(0.9081046795715091, -0.68851226729005)
(2.180323723315924e-05, -0.014589546688796544)
(0.9931469672556463, -0.2501279306230956)
(0.8956643965790307, -0.5802302461593849)
(0.021244707642893643, -0.3342920810141576)
(0.046190097271193185, -0.502623684540926)
(0.17517648151588333, -0.6805821612948831)
(0.8705816772417095, -0.5482422145113067)
(0.0008746156696286377, -0.04762867379858626)
(0.08472797472797473, -0.5143662722710223)
(0.788696193713188, -0.7734116773101302)
(0.004599500174853507, -0.3124823034817475)
(0.9255368106463384, -0.3967010399725348)
(0.025958764636008824, -0.6216822966655958)
(0.8317988150532128, -0.6699290082014329)
(0.9734317531671435, -0.7485847515836445)
(0.0359412935427065, -0.3817455401484183)
(0.9963282776434745, -0.6066122088701453)
(0.9472357493584432, -0.7402804207501377)
(0.9899588704841853, -0.3432369373267085)
(0.0038741522766503533, -0.23685010727056396)
(0.999646870082343, -0.03208226919358837)
(0.9316318889776358, -0.3657721419978391)
(0.9662395879102901, -0.34249570187537803)
(0.9730828331332533, -0.35184381985597657)
(0.8493798847529475, -0.6066322980279435)
(0.9979381674593916, -0.32877804668853594)
(0.0010069432068053013, -0.045029120837491055)
(0.004136615878417572, -0.17709374754680943)
(0.9938838123069469, -0.13867928101910681)
(0.9689706018948542, -0.850727701618604)
(0.9002493375341666, -0.7644070720575784)
(0.015845980786152968, -0.3323481874076144)
(0.002610109427937225, -0.1426680857607522)
(0.030119104248234475, -0.6702721969794643)
(0.00025819657788079994, -0.027279660023800667)
(0.9904406215252373, -0.21106818308437117)
(0.1855571520105625, -0.7113321115760938)
(0.038181316752745324, -0.36740448019358735)
(0.0014610962634259493, -0.18473973951138903)
(0.949618484075097, -0.3202088744406492)
(0.008386510350968317, -0.27183896818656644)
(0.01507001018329939, -0.18653634288443768)
(0.8920678186255215, -0.7210056235240407)
(0.9780354115652665, -0.27602740811831655)
(0.048977337110481585, -0.41513583844196666)
(0.9087867575145074, -0.5971790073434107)
(0.8152732394366197, -0.8255940899719112)
(0.03202963649356463, -0.2876933772763604)
(0.9122780808450759, -0.7062038618752734)
(0.9697197967756834, -0.8057654506016134)
(0.968020844701517, -0.39982252256360973)
(0.2397974086669866, -0.7643751745812256)
(1.0287109413695724e-05, -0.05583345816423646)
(0.019696501063212836, -0.28328426632517734)
(0.9951741347870684, -0.17397208592534835)
(0.041308655851166096, -0.5417965030908999)
(0.018524015335193825, -0.20326198959439168)
(0.9966717678336051, -0.08184745144769678)
(0.926346602834705, -0.4319946435688932)
(0.05767059548043861, -0.6267125877568736)
(0.0006322240788127687, -0.1099027072165148)
(0.30632416930379747, -0.724599243324833)
(0.9676931070612687, -0.31463729832617837)
(0.7869626104381091, -0.8342230108047991)
(0.005739959304225941, -0.10788131010504798)
(0.0014831784165599874, -0.09268628655766892)
(0.7974247935212909, -0.7362043635332187)
(0.0013684965107441443, -0.0632829022015193)
(0.9997418034221192, -0.027279660023800667)
(0.014878757983280545, -0.380453167272481)
(0.9965868130916231, -0.17630542184200715)
(0.9999928007953407, -0.005581971933386949)
(0.13868577503905571, -0.7949083870531062)
(0.8097186359184401, -0.652403841910846)
(0.8942548341924142, -0.5457756717591329)
(0.975269736375877, -0.32453172828381727)
(0.9999918514239536, -0.0041898820352093465)
(0.9904872327839761, -0.15049433010115001)
(0.998882457468903, -0.054937262778078866)
(0.8942548341924142, -0.5457756717591329)
(0.9316949534394713, -0.5502513929483863)
(0.9784075793924135, -0.21754671945145931)
(0.9735185283078712, -0.38733137117411387)
(0.6948662821185108, -0.7684475667017002)
(0.004308772496166573, -0.11826563713180069)
(5.122274154660544e-09, -0.00015012663406027826)
(0.042729680263997115, -0.5079689656762646)
(0.04203378537273654, -0.28718145130127426)
(0.006699872827469267, -0.31060396559986064)
(0.028582958707236213, -0.6358935959332713)
(0.13681606234511542, -0.5972958416346609)
(0.026395766278781877, -0.4535248544504031)
(0.9452082556839358, -0.34136915526000333)
(0.04100579088352655, -0.40720401185412264)
(0.7175478011472275, -0.7004921174474869)
(0.9864989892944603, -0.22373379507718347)
(0.9366124275824567, -0.7662296392718206)
(0.0011716612778494874, -0.05179447999799748)
(0.0022314920910428433, -0.12419651959273298)
(0.9998677512639969, -0.03151239030236453)
(0.7429486148526396, -0.7365151731434916)
(0.9961211724090153, -0.10575159841614966)
(0.9997884867567082, -0.024386919623305768)
(0.09305865419215545, -0.5273226015473704)
(0.08405180989773316, -0.48594311976898513)
(0.026395766278781877, -0.4535248544504031)
(0.99502071803999, -0.20376394083541569)
(0.9932535462241693, -0.12901543062678214)
(0.9949389606141495, -0.1479472664229004)
(0.035181678934604096, -0.7793842858891111)
(0.8892583176581237, -0.5383808156375435)
(0.03268198512100951, -0.6900035359733225)
(0.20570945658644443, -0.7788871873140479)
(0.17228319875144193, -0.6214924635696472)
(0.8029293099100614, -0.6158819491048761)
(0.9397147155100268, -0.38810277596219755)
(0.799351106639839, -0.7371375803320636)
(0.8008848340363103, -0.6718455481845509)
(0.03311709530564199, -0.27207921027325127)
(0.9762429511278196, -0.3443208434445823)
(0.04828985362939361, -0.36478878564675454)
(0.04837784049028073, -0.3857774123634096)
(0.969731133117731, -0.36795429908305605)
(0.12895689337859392, -0.7491664500941384)
(0.9988714286694871, -0.08382370661607882)
(0.013596431104462311, -0.21835190539270102)
(0.989935166946623, -0.2213612992139283)
(0.0002644332916058939, -0.042074739290599336)
(0.0006578679824591131, -0.06207721538844043)
(0.0011717847083700741, -0.15681898544848238)
(0.9946461807197668, -0.13972653184069767)
(0.06691130764014466, -0.5175708880891664)
(0.9956565373008632, -0.10284437572462225)
(0.954927323293278, -0.38448588699694136)
(0.9751590739863264, -0.2479911848812263)
(0.19700319868556745, -0.6403617790722687)
(0.07358068175034327, -0.43741553032659014)
(0.00842600795690286, -0.20159544014716177)
(0.9938053758088601, -0.36471615472875624)
(0.9921281174928196, -0.27763390909541413)
(0.9426993243243244, -0.4950775370608589)
(0.03339575783070153, -0.29636728046938554)
(0.06409803583735355, -0.6312153298157057)
(0.9373718478208056, -0.3560151376755606)
(0.05767059548043861, -0.6267125877568736)
(0.12482505107704188, -0.5893685388346964)
(0.9581338881385556, -0.36382515435075435)
(0.0005310581368907755, -0.06942268199519358)
(6.741370914750972e-06, -0.0063735508866518175)
(0.8737462475719583, -0.6469316217994625)
(0.021862411431370396, -0.30939471622149595)
(0.8013211850350166, -0.843985849209905)
(0.009961155441396299, -0.38566370236545)
(0.061360361982801315, -0.824720583100796)
(0.00035094748750824926, -0.0345392078273815)
(0.0666301556126303, -0.5534935449841903)
(0.00012130008758541656, -0.03806353915993176)
(0.004105610348211036, -0.1687652891893052)
(0.9155787133698509, -0.4499488804316224)
(0.006612152063251381, -0.793582535308211)
(0.9629370248653786, -0.36264390384961553)
(0.9957754722070196, -0.09593596299987577)
(0.035600828990462074, -0.2771047186084424)
(0.9636100616900196, -0.3503968030462776)
(0.9367593756934685, -0.541988871107383)
(0.015291699327874048, -0.30550657734871794)
(0.9988714286694871, -0.08382370661607882)
(0.010081356867071152, -0.20207246410647303)
(0.9964194634991204, -0.09992427821267354)
(0.9864033222714205, -0.16932924940378244)
(0.0006703599291942568, -0.24018709593197116)
(0.0021525927818122105, -0.06684621709758705)
(0.0025606263392578517, -0.25405669606390685)
(0.10511063185616822, -0.7597150269063219)
(0.9465131312501948, -0.5706678984158939)
(0.006419816621679813, -0.3847766349395939)
(0.999264288475536, -0.12758974894389633)
(0.9996183041335396, -0.0527189808144815)
(0.9466397956740362, -0.5848150330034888)
(0.02705112422607625, -0.663234326776921)
(0.9875846296966252, -0.18934176310147066)
(0.9504367181336639, -0.41289009064018434)
(0.10739581546904477, -0.6282925354571011)
(0.9805396539525311, -0.4712901234000586)
(0.7602545520427575, -0.6637510235076286)
(0.9414635873070811, -0.5763689212671453)
(0.005878174489548688, -0.40346840094385106)
(0.18716438210980005, -0.6471373161609475)
(0.8327799891442011, -0.6628503300615806)
(0.21679671157225336, -0.7663738963790385)
(0.8052660061610191, -0.610036428981826)
(0.9252863036172212, -0.583529581933064)
(0.9424924688416784, -0.7213321337790379)
(0.04100579088352655, -0.40720401185412264)
(0.9477595618854323, -0.6410004154128068)
(0.7974247935212909, -0.7362043635332187)
(0.9960587854367535, -0.26360438726797786)
(0.007871882507180369, -0.27763390909541413)
(0.9999934221622533, -0.02471630139484133)
(0.9679587643934842, -0.29749839818186186)
(0.004780823834922017, -0.11393658039311312)
(0.89885539910015, -0.7631173500771447)
(0.14776657966730605, -0.5760154986085904)
(0.9951741347870684, -0.17397208592534835)
(0.11780415657664838, -0.5615016666539491)
(0.0012570605915350633, -0.05932797701502733)
(0.780546206452075, -0.6558727083408564)
(0.9864373937121179, -0.19968897300017205)
(0.8103362128311608, -0.8135670480891732)
(0.01681861236088089, -0.8675287175586919)
(0.0022275264259346184, -0.07509277566601054)
(0.05947459610620545, -0.556799515821444)
(0.9998933391854794, -0.049937349880871874)
(0.9998011588151516, -0.030965753455951553)
(0.9776793849658314, -0.41726352781894716)
(0.20064889336016098, -0.7371375803320636)
(0.9951349126825079, -0.26220825753294846)
(0.9882542676756566, -0.2014812450091489)
(0.0009540067140149353, -0.08366424842426994)
(0.13326378407173933, -0.6505502573471288)
(0.10899782283303851, -0.49851323639275497)
(0.014692083183543649, -0.22322666932228177)
(0.9714170412927637, -0.6358935959332713)
(0.06265715973335584, -0.6182725127416009)
(0.9917226249060629, -0.17762351333302737)
(0.9754652116318678, -0.4621931210812283)
(0.9250477687990127, -0.7291854970443764)
(0.8532005812136741, -0.5723976273749072)
(0.8832832014647224, -0.47911773677504166)
(0.8682297462466023, -0.6683280322254694)
(0.002819962034169248, -0.3660279522679944)
(0.02460251097475499, -0.45049663370145665)
(0.9960255089152897, -0.14689373320490756)
(0.7641054519211844, -0.8011839338356673)
(0.9449114890058194, -0.6383199941196563)
(0.15115645483970658, -0.5958871479400719)
(0.9689315962577325, -0.31216013481794413)
(0.06773063866966499, -0.5247395010169953)
(0.8029968013144325, -0.6403617790722687)
(0.24594466698947925, -0.8063507008518633)
(0.8318439483731934, -0.8581606835750757)
(0.9405254038937946, -0.556799515821444)
(0.8826521314676212, -0.47687260322165387)
(0.9325718552072476, -0.3671504223372841)
(0.9967825099044512, -0.2134452210586318)
(0.01625878338956394, -0.23233643072539736)
(0.06324605125292546, -0.35874832544240226)
(0.06900880533079486, -0.8718642965850443)
(0.8333677871651987, -0.6585608078825016)
(0.969515897781901, -0.6179596481825682)
(0.8687455616049237, -0.5420129267147527)
(0.8965500312416317, -0.6540344147550399)
(0.1667307251970822, -0.5991910265039345)
(0.9538099027288068, -0.502623684540926)
(0.00021194329386174356, -0.07706897201192259)
(0.9914911529402605, -0.35656607305883986)
(1.3663433308942766e-06, -0.01177811669102623)
(0.20257520647870908, -0.7362043635332187)
(0.09740500276135185, -0.493483718025614)
(0.055725628734352634, -0.4161544146864116)
(0.0001559849410225225, -0.0483266248717211)
(0.8351357616561511, -0.7384897446532597)
(0.9999743313275865, -0.010249490471258237)
(0.04345481460594953, -0.5165055370436142)
(0.04956328186633607, -0.41289009064018434)
(0.7762263210368894, -0.7305231852941886)
(0.865919512695914, -0.5014815925330718)
(0.9122780808450759, -0.7062038618752734)
(0.04654615654615655, -0.5143662722710223)
(0.9799486828600753, -0.5013443413274521)
(0.018911318283380846, -0.5645386816011028)
(0.78982212340189, -0.8145800498611131)
(0.044796333889896574, -0.44007420800854735)
(0.010613017310913941, -0.4546222962400392)
(0.9480495426931936, -0.493483718025614)
(0.004306681938260885, -0.33839886333619884)
(0.01485971959428022, -0.2840948675711371)
(0.9467714218879332, -0.3296122084293335)
(0.10344996875836829, -0.6540344147550399)
(0.979302486483402, -0.26131426798173696)
(0.11340734249964564, -0.4720917714843957)
(0.012639112785751742, -0.7115531637598532)
(0.06570865904083542, -0.5528587472082751)
(0.08926689532276917, -0.701981983607725)
(0.025308881950603185, -0.44507839275088457)
(0.013596431104462311, -0.21835190539270102)
(0.9976140625930262, -0.07270582417294164)
(0.9516221595097193, -0.3857774123634096)
(0.926346602834705, -0.4319946435688932)
(0.026568246832856558, -0.7485847515836445)
(5.0134728637335375e-05, -0.019802940918048535)
(0.9659638019202184, -0.342495701875378)
(0.9915009652509652, -0.7072536243726556)
(0.9049200544310256, -0.623162744386861)
(0.03588281421967863, -0.5040135612825165)
(0.838798032936871, -0.8379628943848024)
(0.9994659107899959, -0.09284342694572832)
(0.04292815514961555, -0.35883968600326716)
(0.042911388243545345, -0.4014787373701788)
(0.9358639640771929, -0.41859368314465745)
(0.28245219885277245, -0.7004921174474869)
(0.004599500174853507, -0.3124823034817475)
(0.27519295110637976, -0.696443953739327)
(0.973386305741809, -0.268173643182909)
(0.9664493091958658, -0.38875758974621233)
(0.9680409476156439, -0.3741012737925412)
(0.06112060713797347, -0.500967287604315)
(0.0002430192234133018, -0.05790691730313239)
(0.12219771944922547, -0.788204340415309)
(0.984708300672126, -0.30550657734871794)
(0.9978998197865163, -0.3385771243704409)
(0.8778022805507745, -0.788204340415309)
(0.1926890520881276, -0.7331106345927513)
(0.9990923588654149, -0.07056149086677765)
(0.7574747293632472, -0.8211161158864011)
(0.06282931266687145, -0.4328112107188002)
(0.9523748931634192, -0.3518235467104278)
(0.873365329785212, -0.6963645265634586)
(0.8955910751018009, -0.7689798443076185)
(0.08388072199478973, -0.6817219527819791)
(0.025264639353428556, -0.23277930248629825)
(0.9192139932348229, -0.6522296197704034)
(0.9217843202711725, -0.4703884975412609)
(0.9963007506709044, -0.22653527499352938)
(0.111985407323114, -0.4904710856483508)
(0.0005841700959891568, -0.04378824027349745)
(0.06386516132102409, -0.43584916891719283)
(0.008862124539809446, -0.289432110971129)
(0.9718418746524209, -0.308698644588749)
(0.012054634072618732, -0.27684087915142297)
(0.9565451853940504, -0.5165055370436142)
(0.9032361180949644, -0.5263377306587682)
(0.82276870532887, -0.8286378752941183)
(0.00751108711137664, -0.4209165851984599)
(4.4163985405547115e-05, -0.010877177727605908)
(0.8359127437849139, -0.5984080517216614)
(0.22377367896311068, -0.7305231852941886)
(0.9998451968768102, -0.024005615335045433)
(0.0051909734565087386, -0.1532126019584704)
(0.03711151919199984, -0.731266846494013)
(0.997574817230316, -0.07707513331405577)
(0.8488435451602935, -0.5958871479400719)
(0.9839773245791928, -0.23217740913673418)
(0.0029306981084061415, -0.6215240943676913)
(0.9064080728944903, -0.6239587455080228)
(0.9749175018332926, -0.44776017773776045)
(0.02318739612885897, -0.6150134758431997)
(0.7574747293632472, -0.8211161158864011)
(0.06550079573403882, -0.37860134491973996)
(0.8333677871651987, -0.6585608078825016)
(0.001356025690166126, -0.0684991403750756)
(0.030468902025780217, -0.24582958848615744)
(0.9742728416667872, -0.5298852708674346)
(0.8785434475638086, -0.556258449499758)
(0.9256862586791539, -0.5915668939529074)
(0.009530796517252499, -0.23628337789425063)
(0.0008746156696286377, -0.04762867379858626)
(0.022784201878661994, -0.22714906992282952)
(0.9992413429656792, -0.16089123094575683)
(0.9776295750781133, -0.26194391390382993)
(0.12919330466116472, -0.851696797454459)
(0.0004651364793538383, -0.03928672754369716)
(0.9990459932859851, -0.08366424842426994)
(0.004560556247181571, -0.1412037546010397)
(0.0008270414175358966, -0.31978123984204215)
(0.0052822257806245, -0.2933205583867379)
(0.9742728416667872, -0.5298852708674346)
(0.009894471481652926, -0.2291710208961702)
(0.9929740191072777, -0.14786844369933508)
(0.773313769751693, -0.6615934581039018)
(0.9959585618102311, -0.25429123164089373)
(0.8899604153979295, -0.5871300000401225)
(0.028582958707236213, -0.6358935959332713)
(0.006970824288815263, -0.26159415159447874)
(0.8599609294248977, -0.7573435676707231)
(0.9994813750320138, -0.10425354356023891)
(0.05315844456051833, -0.40714970652141624)
(0.0013649438365890513, -0.06669653141783677)
(0.9575144007969163, -0.31734365059122144)
(0.004368953780007166, -0.32815959998659583)
(0.00842600795690286, -0.20159544014716177)
(0.004226033911084075, -0.3138851901822662)
(0.0002615485908459388, -0.10220827286563394)
(0.999869095935807, -0.0852580793813964)
(0.9931035803667194, -0.18711751234743124)
(0.9951034586109007, -0.1035879348499258)
(0.9989675925524443, -0.06354138343899397)
(0.9635902712815716, -0.2741682899345449)
(0.020176415636677207, -0.2632634215471656)
(0.04183891998861434, -0.4965739694281898)
(0.9796215850153612, -0.6051292944155059)
(0.07525417338395132, -0.4763084110263607)
(0.9871983375825097, -0.2558987024936511)
(0.9589942091164735, -0.40720401185412264)
(0.07109898928141539, -0.699970151177966)
(0.9991729585824641, -0.31978123984204215)
(0.9664523288576871, -0.5766773873743261)
(0.012939536432108526, -0.3049039802130878)
(0.18611866451309522, -0.7490285977081548)
(0.018522609758390523, -0.3444179537698934)
(0.026481471692128774, -0.38733137117411387)
(0.18918670561606468, -0.7087449989844181)
(0.08495892236904502, -0.4695504882214675)
(0.8046801481629793, -0.7335216286415769)
(5.122274154660544e-09, -0.00015012663406027826)
(0.02586484250520897, -0.5612780019380984)
(0.04126978757948857, -0.4956803915911725)
(0.8029968013144325, -0.6403617790722687)
(0.9882836187822667, -0.30021910794479684)
(0.9981891005537535, -0.1313085347664148)
(0.9718418746524209, -0.308698644588749)
(0.00383039612088477, -0.2810803960633698)
(0.7690044386657102, -0.8212817822476587)
(0.0008746156696286377, -0.04762867379858626)
(0.1799879280070237, -0.8041206703797973)
(0.9914911529402605, -0.35656607305883986)
(0.0035805365008796212, -0.09992427821267354)
(0.9977685079089571, -0.12419651959273298)
(0.9989911480540511, -0.09507404582070218)
(0.999910096286282, -0.02908334549977618)
(0.12920821935511664, -0.7891041364400793)
(0.9177559813831722, -0.6660558821631801)
(0.09189532042849088, -0.68851226729005)
(0.9877301821208815, -0.41211444416013543)
(0.033060152454678304, -0.28939324414474155)
(0.9720992608236536, -0.30948880880678825)
(0.9994689418631092, -0.06942268199519358)
(0.8730727053404979, -0.8035034048142025)
(0.04807626991998044, -0.4977208382695064)
(0.08145108601448019, -0.4884830163402653)
(0.06393106626564471, -0.8886130237339565)
(0.010947456333903862, -0.37774253750544984)
(0.7574747293632472, -0.8211161158864011)
(0.08686602530072121, -0.47436570473648615)
(0.9393226223155176, -0.5915668939529074)
(0.9999693305461964, -0.035388915472573834)
(0.873365329785212, -0.6963645265634586)
(0.10114460089985003, -0.7631173500771447)
(0.9986833350468568, -0.07106739140788304)
(0.7108685577461525, -0.7074311650125237)
(0.0006622500242236525, -0.06016619518270145)
(0.9882836187822667, -0.30021910794479684)
(0.0025015485321444684, -0.1400780679767512)
(0.9957754722070196, -0.09593596299987577)
(0.05283073402071585, -0.4321984963606111)
(0.0055215565223470445, -0.19701611559105559)
(0.9984452789516005, -0.3133884599280043)
(0.08311686111518957, -0.41377144760623397)
(0.033290753028103, -0.6733644152867013)
(0.9873204736440031, -0.2798757657945268)
(0.916901091889854, -0.5312375874382431)
(0.9542648170592682, -0.43963061143248844)
(0.8065157689581857, -0.6491094568126073)
(0.9373428402666442, -0.6182725127416009)
(0.8736906750515869, -0.7199712634863625)
(0.048420250751146934, -0.31182801282272554)
(0.9988283387221505, -0.05179447999799748)
(0.9943183028392512, -0.7803305233871555)
(0.12663467021478805, -0.6963645265634586)
(0.9935889017455934, -0.13003477607743208)
(0.8542456970875004, -0.574281872002125)
(0.9480445358163107, -0.43789653422066577)
(0.9685077407261704, -0.4238971807384764)
(0.9877948820938672, -0.17110628478921475)
(0.0011716612778494874, -0.05179447999799748)
(0.005713887857408095, -0.6802030772837646)
(0.8984675236166064, -0.6935565519282048)
(0.011272069872276485, -0.3440621500986435)
(0.9738289064397136, -0.42363738875916185)
(0.9131339746992788, -0.47436570473648615)
(0.7714153689264697, -0.7783411107629982)
(0.006970824288815263, -0.26159415159447874)
(0.9992485494788869, -0.09840909461293532)
(0.9999974242416313, -0.005991416386223038)
(0.7832032884277467, -0.7663738963790385)
(0.02249662466246625, -0.8243865378601161)
(0.8827277985526352, -0.4928000019168648)
(0.8065266050371233, -0.6666861577832209)
(0.23458348863212822, -0.6827383105200067)
(0.06542960183244798, -0.3570908693650135)
(0.9992587228456774, -0.04733287219219532)
(0.9607306929222412, -0.3886957204810835)
(0.9170314285714286, -0.4186941456286121)
(0.8365483441187667, -0.6972923057195196)
(0.9994557894332393, -0.04853939281934006)
(0.9954394437528185, -0.1412037546010397)
(0.004123351072318928, -0.20161762896996605)
(0.985875175035007, -0.2931445308461977)
(0.9999999948777258, -0.00015012663406027826)
(0.8728777505144847, -0.7249433620093312)
(0.9919978888782267, -0.14062273387392213)
(0.0007588376674612063, -0.06060071449426023)
(0.1671119494918386, -0.5641474860256169)
(0.9371300396178047, -0.8537808842345271)
(0.051377542111986176, -0.3366729255769187)
(0.0009076411345851237, -0.07056149086677765)
(0.9680958149975948, -0.6527060475423321)
(0.001553367412438379, -0.07761167560837888)
(0.9904368142838128, -0.17415402703173335)
(0.9465131312501948, -0.5706678984158939)
(0.11993774992201016, -0.5194937429809642)
(0.0006364888584736528, -0.04583437620651835)
(0.9780354115652665, -0.27602740811831655)
(0.04292815514961555, -0.35883968600326716)
(0.9989219115118552, -0.11308966962029542)
(0.9913218083071981, -0.5604794269487272)
(0.9685077407261704, -0.4238971807384764)
(0.007520657128232628, -0.17859330559145714)
(0.9800577759813596, -0.8710558439930469)
(0.8991265637326722, -0.8257801812803688)
(0.9781610716933178, -0.38796714754319134)
(0.9680409476156439, -0.3741012737925412)
(0.9643989948131747, -0.2806841533101719)
(0.012679526355996944, -0.2798757657945268)
(0.9924144943814098, -0.19974885497714703)
(0.8807968257419285, -0.7965156591478108)
(0.9679587643934842, -0.29749839818186186)
(0.9145707935919992, -0.6785024121215586)
(0.0170091807627464, -0.29272760335352377)
(0.9910034561121106, -0.1734482423184526)
(0.9486224578880138, -0.3366729255769187)
(0.031142082880347893, -0.292860984703776)
(0.21679671157225336, -0.7663738963790385)
(0.19028136408155996, -0.652403841910846)
(0.02318739612885897, -0.6150134758431997)
(0.9710461715636507, -0.555145814594026)
(0.010613017310913941, -0.4546222962400392)
(0.977215798121338, -0.22714906992282952)
(0.9998847323126097, -0.06729747833335518)
(0.03655623145088299, -0.7711325799849199)
(0.002506512407205841, -0.08961008167721345)
(0.9745498677030525, -0.26269898495259225)
(0.9032361180949644, -0.5263377306587682)
(0.004780823834922017, -0.11393658039311312)
(0.831177489765759, -0.6223053412122023)
(0.02545021610372979, -0.29322665073238)
(0.8327799891442011, -0.6628503300615806)
(0.16815605162680658, -0.8581606835750757)
(0.9997731880700423, -0.028481310652272673)
(0.9980551492426006, -0.09586416723362429)
(0.08296857142857143, -0.4186941456286121)
(0.03434462194855882, -0.8881175666651369)
(0.7690044386657102, -0.8212817822476587)
(0.9992413429656792, -0.16089123094575683)
(0.0491849139706014, -0.3279657112644223)
(0.0038945547020423146, -0.19209678180795195)
(0.9754654319790556, -0.3552384150344571)
(0.9745498677030525, -0.26269898495259225)
(0.006968384144028725, -0.30878971150850504)
(0.991179531460331, -0.13814016124198666)
(0.9919558835231199, -0.1534307648663965)
(0.9045634223471539, -0.6436355892920513)
(0.8359127437849139, -0.5984080517216614)
(0.9914911529402605, -0.35656607305883986)
(0.992510597526276, -0.2127387360925821)
(0.9609204871060172, -0.5248673029011972)
(0.04292815514961555, -0.35883968600326716)
(0.0641360359228071, -0.41859368314465745)
(0.011059423282768762, -0.198054567259369)
(0.2976835373723941, -0.7164653213615904)
(0.9996754058412309, -0.04125497475598127)
(0.012415370303374852, -0.18934176310147066)
(0.0027117479102973744, -0.09025381355024908)
(0.9130643565316933, -0.710807662686086)
(0.9931035803667194, -0.18711751234743124)
(0.977265106187126, -0.2408819629331551)
(0.008920730883544987, -0.6186797105934808)
(0.9999974849637414, -0.0067011060932841695)
(0.007247452007695141, -0.3748898708864103)
(0.9025949972386481, -0.493483718025614)
(0.9689706018948542, -0.850727701618604)
(0.09636156677861017, -0.5915095863876187)
(0.9911651867818934, -0.7244989369055621)
(0.021770072221987583, -0.3094626662373068)
(0.004213109376837336, -0.22673576233609294)
(0.007261920069200107, -0.4282427350700015)
(0.9924728776540513, -0.13117454166817127)
(0.003883961668359922, -0.20119024543509467)
(0.1986788149649834, -0.843985849209905)
(0.9495392592830425, -0.5881385391549913)
(0.9162311625706756, -0.8252593368887787)
(0.021862411431370396, -0.30939471622149595)
(0.9417864440524634, -0.6398249662499094)
(0.2891314422538475, -0.7074311650125237)
(0.981816365670449, -0.5855160259310143)
(0.08116247640795023, -0.8536416278515171)
(0.976812603871141, -0.6150134758431997)
(0.02254319846405461, -0.2605115390919687)
(0.9543201271227749, -0.35715004915774884)
(0.99415720912894, -0.37936190347619975)
(0.006601820420039542, -0.13666481793003155)
(0.05479174431606411, -0.34136915526000333)
(0.9122060741176965, -0.7705324894313624)
(0.16815605162680658, -0.8581606835750757)
(0.9775196875396926, -0.23266694870128005)
(0.957287958652793, -0.6269807253303594)
(0.9764274448762486, -0.3776529779969236)
(0.9938838123069469, -0.13867928101910681)
(0.1934733949628767, -0.6666861577832209)
(0.9532791174290324, -0.3195023568002752)
(0.9067007265309044, -0.655591026493389)
(0.9670297707311509, -0.8357645201894276)
(0.98669309778802, -0.19588475323083598)
(0.9966717678336051, -0.08184745144769678)
(0.01891056713523994, -0.887923842523111)
(0.9935102809677273, -0.16629176043985094)
(0.9931469672556463, -0.2501279306230956)
(0.13082476399825352, -0.5515852051747777)
(0.06773063866966499, -0.5247395010169953)
(0.16195795729694035, -0.8064216980520265)
(0.9990923588654149, -0.07056149086677765)
(0.9991726815132849, -0.05732278602141336)
(0.9768826716797523, -0.810256280935609)
(0.19632407657962386, -0.6196004894889656)
(3.9555090370949896e-05, -0.011040989845418273)
(0.0007305030302862045, -0.0508551400240751)
(0.9731151862965013, -0.5336285976418499)
(0.8325568635275339, -0.7309604497706217)
(0.027929581657342176, -0.2796258328499627)
(0.011022507897507897, -0.16073946008469445)
(0.964399171009538, -0.2771047186084424)
(0.828322884294106, -0.658123084457642)
(0.07099585977890799, -0.3849747566569665)
(0.013786991640506507, -0.6461101503034031)
(0.9877301821208815, -0.41211444416013543)
(0.12362854927323423, -0.6044404108578239)
(0.043148656630641276, -0.29242618845886525)
(0.9998010292465858, -0.023841178546237067)
(0.24051372169374527, -0.7710189776602315)
(0.7869626104381091, -0.8342230108047991)
(0.9330886923598554, -0.5175708880891664)
(0.18611866451309522, -0.7490285977081548)
(0.10447692896484018, -0.6096100927251537)
(0.929004140221092, -0.3849747566569665)
(0.052287886433946947, -0.401910368634438)
(0.025727158333212805, -0.5298852708674346)
(0.8691752360017465, -0.5515852051747777)
(2.180323723315924e-05, -0.014589546688796544)
(0.9965122519596074, -0.1034834764282284)
(0.9152720252720252, -0.5143662722710223)
(0.11223654139156933, -0.465156649854032)
(0.9507348732280548, -0.6167840287973259)
(0.991695187643225, -0.21806337753342792)
(0.9795711462904672, -0.4208779006789922)
(0.9995755605350343, -0.25181624171744055)
(0.0341558203109062, -0.7473935644559868)
(0.9745498677030525, -0.26269898495259225)
(0.004163129528359623, -0.36163443174642723)
(0.0009720738403438594, -0.45511363937617777)
(0.9987268257558677, -0.053291834000048825)
(0.979302486483402, -0.26131426798173696)
(0.008002111121773342, -0.14062273387392213)
(0.9942228103221575, -0.12257223450188719)
(0.20476459838134192, -0.6376422894874869)
(0.08495892236904502, -0.4695504882214675)
(0.9761656371684784, -0.2323393776239746)
(0.9248210664439938, -0.4370241887451218)
(0.002071851467859871, -0.2498890766022561)
(9.381149516070736e-05, -0.015325990340868746)
(0.009618112504986924, -0.16239965309855736)
(0.9997485793389422, -0.023157715654454496)
(0.9296924186778593, -0.4805317122573919)
(0.009672285433970975, -0.1626397303635561)
(0.04110863591494811, -0.4886980463477251)
(0.012939536432108526, -0.3049039802130878)
(0.9444838448218693, -0.6748653012287433)
(0.9903185315286077, -0.3497044514471236)
(0.08388072199478973, -0.6817219527819791)
(0.00024918677886610777, -0.023758338267893173)
(0.9193535262206148, -0.6624907367541331)
(0.22888326336462406, -0.6600914892074657)
(0.9501746178886326, -0.7897845892707775)
(0.9968758383860064, -0.1965752950716508)
(0.1769389821925901, -0.6183768713394135)
(0.8826521314676212, -0.47687260322165387)
(0.7785357921952007, -0.7399963186253445)
(0.0038741522766503533, -0.23685010727056396)
(0.03638993830998039, -0.3503968030462776)
(0.1307248038091879, -0.6460759675955129)
(0.8990765052873894, -0.6588687458187101)
(0.9999367685673856, -0.013606638369131755)
(0.021427248481256482, -0.2714160449140877)
(0.00037079998350522046, -0.04873374332061669)
(0.9941310100828061, -0.3474986269409502)
(0.9980335859724218, -0.15434607093205524)
(0.22539847183995398, -0.752490197233364)
(0.06282931266687145, -0.4328112107188002)
(0.8909903588547267, -0.6676946498478842)
(0.041866111861444344, -0.36382515435075435)
(0.007527122345948656, -0.13117454166817127)
(0.8152732394366197, -0.8255940899719112)
(0.9087867575145074, -0.5971790073434107)
(0.9706649892911355, -0.7618002899191857)
(0.9981214494061471, -0.13015997521025044)
(0.9998393178698141, -0.03265857631844351)
(0.9935138922739459, -0.44645061835856154)
(0.008996543887889404, -0.1734482423184526)
(0.018692820735779766, -0.3388965869818928)
(0.007489402473723942, -0.2127387360925821)
(0.052287886433946947, -0.401910368634438)
(0.006419816621679813, -0.3847766349395939)
(0.004204329552651275, -0.21092600462032102)
(0.02453456802094444, -0.3552384150344571)
(0.9999693305461964, -0.035388915472573834)
(0.8682297462466023, -0.6683280322254694)
(0.00036461122227545584, -0.2581217607199473)
(0.6861225966508167, -0.7574061968679668)
(0.9344992042659612, -0.37860134491973996)
(0.9954518018197781, -0.18275469781359027)
(0.8071864211737629, -0.8431700285961693)
(0.97236996819735, -0.2891100603895514)
(0.0341558203109062, -0.7473935644559868)
(0.9628884808080002, -0.731266846494013)
(0.9936026701115848, -0.16490476696166131)
(0.0359412935427065, -0.3817455401484183)
(0.9997731880700423, -0.028481310652272673)
(0.9836498331344123, -0.27850769514534074)
(0.021838928306682198, -0.38796714754319134)
(0.020494785869621054, -0.3136675092253597)
(0.8910021771669615, -0.49851323639275497)
(0.00013386791838711733, -0.02564365987014536)
(0.03421447187736457, -0.5133500230152112)
(0.2309955613342898, -0.8212817822476587)
(0.12824531935535252, -0.530483742524776)
(0.12920821935511664, -0.7891041364400793)
(0.9922709709933923, -0.205150284144381)
(0.9984855677067168, -0.13377298209885732)
(0.99851682158344, -0.09268628655766892)
(0.02672809649176514, -0.4486100256230155)
(0.03339575783070153, -0.29636728046938554)
(0.9798712282150157, -0.36885452254264933)
(0.0022275264259346184, -0.07509277566601054)
(0.14162193120426725, -0.626337580224707)
(0.9985389037365741, -0.18473973951138903)
(0.915041077630955, -0.4695504882214675)
(0.8827277985526352, -0.4928000019168648)
(0.9942228103221575, -0.12257223450188719)
(0.9831813876391191, -0.8675287175586919)
(0.9567030023807425, -0.40379747974719554)
(0.8827277985526352, -0.4928000019168648)
(0.027094623889009323, -0.39709232324413135)
(0.01478736386718411, -0.21188852431451272)
(0.17697925424789315, -0.7163392398276119)
(0.9997815492835792, -0.022339436584658607)
(0.9891576582958969, -0.15267308049817704)
(0.9865511022044088, -0.2936732484369023)
(0.9213065243959763, -0.8610448844247335)
(0.9472357493584432, -0.7402804207501377)
(0.9999997307546737, -0.0008052245845050867)
(0.18085813254324432, -0.7981294440874812)
(0.9942861121425919, -0.6802030772837646)
(0.0014254988444212591, -0.07832651191069986)
(0.9761656371684784, -0.2323393776239746)
(0.9864057006491259, -0.22246217121684425)
(0.8226853727714749, -0.7422151082354853)
(0.004343462699136782, -0.10284437572462225)
(0.25705138514736037, -0.7365151731434916)
(0.004308772496166573, -0.11826563713180069)
(0.17167711570589397, -0.658123084457642)
(0.16815605162680658, -0.8581606835750757)
(0.9971800379658308, -0.3660279522679944)
(0.05762976694915254, -0.38809044218753774)
(0.9609204871060172, -0.5248673029011972)
(0.0033914794606289033, -0.49849288697567873)
(0.998273378992511, -0.23449873739040875)
(0.999869095935807, -0.0852580793813964)
(0.13869302539002754, -0.5603508372973931)
(0.10884170767998169, -0.8386342621610063)
(0.9733310647775785, -0.45332843831595077)
(0.9273495372466629, -0.6635346339178012)
(0.9768826716797523, -0.810256280935609)
(0.9999974242416313, -0.005991416386223038)
(0.8940844038876462, -0.7251873105663921)
(0.12862018012946805, -0.5155606212004441)
(0.9634437685491171, -0.7711325799849199)
(0.9423702330508474, -0.38809044218753774)
(0.936111053364655, -0.761610247645751)
(0.018388284250960306, -0.23454377556020203)
(0.005842790871059935, -0.37936190347619975)
(0.9980837535855192, -0.0758747377367552)
(0.0036019620014206273, -0.11722010681102318)
(0.05348686874980529, -0.5706678984158939)
(0.9200300305021855, -0.5760154986085902)
(0.998882457468903, -0.054937262778078866)
(0.00035094748750824926, -0.0345392078273815)
(0.9994158299040108, -0.04378824027349745)
(0.0017370643940818522, -0.06889162174118926)
(0.006695574162679426, -0.43822652802037754)
(0.04552339563731488, -0.30914929954435305)
(0.030380396180254125, -0.5782611907900491)
(0.07365339716529491, -0.4319946435688932)
(0.936111053364655, -0.761610247645751)
(0.0013597385710887035, -0.05481708466439865)
(0.0006763492552779837, -0.12013844333916024)
(0.9998500033332592, -0.8141094140686553)
(0.9991726815132849, -0.05732278602141336)
(0.14859672300182056, -0.5902421134947164)
(0.9025949972386481, -0.493483718025614)
(0.9978892154974909, -0.0719852431602203)
(0.023959193788204197, -0.6052492605733283)
(0.9986402614289113, -0.05481708466439865)
(0.9325718552072476, -0.3671504223372841)
(0.9980837535855192, -0.0758747377367552)
(0.9840201050534324, -0.6635706890509611)
(0.0008971939818767533, -0.05256995349730383)
(0.8657425562309179, -0.5130911983208252)
(0.9273495372466629, -0.6635346339178012)
(0.9401730135481509, -0.6707385159740674)
(0.994260040695774, -0.10788131010504798)
(0.9982103340475605, -0.25737284584989684)
(0.04110863591494811, -0.4886980463477251)
(0.05918714603242375, -0.4600572343438469)
(0.9879745071496013, -0.20837781827672175)
(0.04802808832182342, -0.5672747474916162)
(0.08296857142857143, -0.4186941456286121)
(0.9754010948023157, -0.3849221738708255)
(0.13326378407173933, -0.6505502573471288)
(0.8046801481629793, -0.7335216286415769)
(0.9271813943161634, -0.8134044791852477)
(0.9963980379985794, -0.11722010681102318)
(0.05743946731234867, -0.8870638678572289)
(0.00016068213018595446, -0.03265857631844351)
(0.9999411972074336, -0.021276875920882836)
(0.018091477174101717, -0.635926709642485)
(0.0018157423499826906, -0.0643804118479777)
(0.023799053980176368, -0.8708073908988034)
(0.005229160933740054, -0.10724935959795419)
(0.06409803583735355, -0.6312153298157057)
(0.0022275264259346184, -0.07509277566601054)
(0.998882457468903, -0.054937262778078866)
(0.11796210218540315, -0.6866540042452967)
(0.16663221283480137, -0.6585608078825016)
(0.005777189677842424, -0.12257223450188719)
(0.08285231204781378, -0.5762148119299081)
(0.9538099027288068, -0.502623684540926)
(0.08145108601448019, -0.4884830163402653)
(0.8763714507267658, -0.6044404108578239)
(0.9388793928620265, -0.500967287604315)
(0.8583780687957328, -0.626337580224707)
(0.9994183585904052, -0.08566376740540829)
(0.022995145194641735, -0.32936921462288554)
(0.0031681646020575256, -0.09159048923737437)
(0.1674431364724661, -0.7309604497706217)
(0.0004651364793538383, -0.03928672754369716)
(0.9570886117564547, -0.4014787373701788)
(0.9966154661016949, -0.7761808843750755)
(0.9570886117564547, -0.4014787373701788)
(0.9423702330508474, -0.38809044218753774)
(0.9751799627720033, -0.6034845692013039)
(0.8836494081739001, -0.6818234523655096)
(0.982904506548417, -0.37780486482936537)
(0.9730173177211453, -0.3604815285103174)
(0.9798712282150157, -0.36885452254264933)
(0.03354767114231296, -0.5766773873743261)
(0.026171100640675727, -0.26313484171649065)
(0.9980454602101458, -0.07133848781906182)
(0.8335831176810083, -0.6820646350511712)
(0.8183405881728422, -0.7779114076335822)
(0.1926890520881276, -0.7331106345927513)
(0.1836612308250519, -0.7384897446532597)
(0.9984452789516005, -0.3133884599280043)
(0.008996543887889404, -0.1734482423184526)
(1.59892251433387e-05, -0.13782989624875305)
(0.8657952148934623, -0.5328447057305441)
(0.15188912187187678, -0.7179395587313794)
(0.9977041966298165, -0.15728555433080846)
(9.571396126017974e-05, -0.23773231071349768)
(0.04262512479704723, -0.3694571226843574)
(0.031142082880347893, -0.292860984703776)
(0.11957548967304321, -0.5584290487387175)
(0.0003805200165084606, -0.12095992651259946)
(0.02383436283152167, -0.2323393776239746)
(0.7690205408980672, -0.673104610540596)
(2.56686724134651e-05, -0.010249490471258237)
(0.09322475237414479, -0.7482025475850824)
(0.07446318935366157, -0.3967010399725348)
(0.9986833350468568, -0.07106739140788304)
(0.866364133904953, -0.6683524170848045)
(0.001356025690166126, -0.0684991403750756)
(0.9997279537591359, -0.024413018332220645)
(0.9888860247870827, -0.15109701500217992)
(0.8847679514552197, -0.8233675186538614)
(0.9045634223471539, -0.6436355892920513)
(0.11580411610913723, -0.4911944458336604)
(0.9192139932348229, -0.6522296197704034)
(0.9873269859401392, -0.22259869088055534)
(0.0006703599291942568, -0.24018709593197116)
(0.2309955613342898, -0.8212817822476587)
(0.1544833550343005, -0.711968007122521)
(0.04034164859002169, -0.7947014694686239)
(0.9999974849637414, -0.0067011060932841695)
(0.00035094748750824926, -0.0345392078273815)
(0.9997485793389422, -0.023157715654454496)
(0.9387719035174157, -0.7847936622788989)
(0.19911516596368972, -0.6718455481845509)
(0.9972984455723738, -0.08301399832888508)
(0.12663467021478805, -0.6963645265634586)
(0.026409383462187512, -0.35944171875616693)
(0.9924182891648485, -0.37880882345189953)
(0.8765395132313394, -0.8279075668912241)
(0.8899604153979295, -0.5871300000401225)
(0.9991058314098773, -0.34942427696338973)
(0.9901055285183471, -0.2291710208961702)
(0.0001738657876883842, -0.02602533769211623)
(0.9999974242416313, -0.005991416386223038)
(0.11223654139156933, -0.465156649854032)
(0.035259840211097265, -0.5370627830023244)
(0.9488480442351014, -0.7502710985562884)
(0.7621767354203748, -0.7671602500786004)
(0.004856831790963527, -0.15954594553077217)
(0.9125392283551781, -0.6763104622946937)
(0.0006622500242236525, -0.06016619518270145)
(0.9883673824977132, -0.3191683385677881)
(0.2540484261501211, -0.7096510942857832)
(0.0380928056780299, -0.3939750268039957)
(0.9686725211089342, -0.31759399537513705)
(0.7621767354203748, -0.7671602500786004)
(0.9882465681274767, -0.15314151245884078)
(0.07012893491530073, -0.5025133768946377)
(0.9981891005537535, -0.1313085347664148)
(0.011059423282768762, -0.198054567259369)
(0.9711854824311572, -0.31146746590805846)
(0.9657981154501232, -0.4489068598902545)
(0.014591984433951072, -0.17386392873076698)
(0.024598905197684314, -0.3849221738708255)
(0.970619718628939, -0.4149853621633352)
(0.9996353887777245, -0.2581217607199473)
(0.0038788275909846666, -0.10575159841614966)
(0.08069255326079874, -0.4773697015115455)
(0.9581338881385556, -0.36382515435075435)
(0.004127566166851162, -0.2304250386340417)
(0.9814759846648061, -0.20326198959439168)
(0.08234288623799825, -0.5329609796698219)
(0.8434256189384315, -0.5675911403108412)
(0.9976140625930262, -0.07270582417294164)
(0.9307500508854061, -0.7456897566151752)
(0.8840295450780791, -0.5516848787402466)
(0.9998623111582295, -0.01941995109594676)
(0.017371269998972216, -0.2510242745041184)
(0.9159481901022668, -0.48594311976898513)
(0.21017787659811007, -0.8145800498611131)
(0.0025606263392578517, -0.25405669606390685)
(0.999790910631013, -0.06533171246868752)
(0.161201967063129, -0.8379628943848024)
(0.03277107088353164, -0.45455460801895303)
(0.21017787659811007, -0.8145800498611131)
(0.004181837330364397, -0.1102390327159858)
(0.15794921651607, -0.8380587382478225)
(0.1147716303966304, -0.8036973004234722)
(0.8911582923200183, -0.8386342621610063)
(0.8338077714038316, -0.7930671661977176)
(0.0006727025441356872, -0.09770051134061433)
(0.9996490525124917, -0.0345392078273815)
(0.19632407657962386, -0.6196004894889656)
(0.002385937406973744, -0.07270582417294164)
(0.22423422281762556, -0.663234326776921)
(0.8692751961908121, -0.6460759675955129)
(0.8865707139507358, -0.8181455088881744)
(0.03847703639514732, -0.31746739811528213)
(0.9998966400886604, -0.01974793535814738)
(0.9264193182496567, -0.43741553032659014)
(0.7952354016186581, -0.6376422894874869)
(0.7108685577461525, -0.7074311650125237)
(0.2609585381491772, -0.7829822129195033)
(0.9997355667083941, -0.042074739290599336)
(0.9964030133856401, -0.39484122327186816)
(0.9658441796890938, -0.7473935644559868)
(0.9112057097311789, -0.5309142488588299)
(0.9466397956740362, -0.5848150330034888)
(0.9876684389145656, -0.1743803292026006)
(0.9999928007953407, -0.005581971933386949)
(0.9948922350796953, -0.1574809476714849)
(0.8613069746099725, -0.5603508372973931)
(2.2648081069868965e-05, -0.010740830530054094)
(0.0944095066971578, -0.5984276011516426)
(0.9452818291479329, -0.40175170240710123)
(0.025264639353428556, -0.23277930248629825)
(0.8230610178074099, -0.6183768713394135)
(0.0015462748904755215, -0.11698280096082522)
(0.11597045492192089, -0.5516848787402466)
(0.0013043867368703669, -0.10929026965530647)
(0.9749175018332926, -0.44776017773776045)
(0.002061832540608454, -0.32877804668853594)
(0.965734078015321, -0.2935650000200612)
(0.972970593988394, -0.47774320587472857)
(0.7690044386657102, -0.8212817822476587)
(0.0007281627004256633, -0.05050028911815956)
(0.0008971939818767533, -0.05256995349730383)
(0.023543330186994567, -0.4673044942792362)
(0.06691130764014466, -0.5175708880891664)
(0.08224401861682787, -0.6660558821631801)
(0.010064833053376998, -0.2213612992139283)
(0.012673014059860738, -0.22259869088055534)
(0.04908065618591934, -0.5008303177375742)
(0.09885913793982229, -0.6224322149969174)
(3.9555090370949896e-05, -0.011040989845418273)
(0.04723069915736734, -0.33373480066047423)
(0.992510597526276, -0.2127387360925821)
(0.02403118284821254, -0.4473009589580919)
(0.9894743847004381, -0.15002963979894163)
(0.9589942091164735, -0.40720401185412264)
(0.14384734421343726, -0.524934987928294)
(0.00185835278880728, -0.12486405392717766)
(0.032072639634687754, -0.30980286450893035)
(0.008961867797695262, -0.14658985972512628)
(0.12345960536113179, -0.6819757584233723)
(0.9941174885959556, -0.13158915894724887)
(0.01957296448417492, -0.4425675011174627)
(0.9281067527649928, -0.5033418663530063)
(4.4163985405547115e-05, -0.010877177727605908)
(0.9999974849637414, -0.0067011060932841695)
(0.19281357882623706, -0.8431700285961693)
(0.9892368374625098, -0.1846698981399983)
(0.026549156198082135, -0.5339085625128036)
(0.045679872877225136, -0.35715004915774884)
(0.9711357712660927, -0.5787179171077096)
(0.9423294045195614, -0.6267125877568736)
(0.010536867212238352, -0.15065895358187095)
(0.9629370248653786, -0.36264390384961553)
(0.9656672512010626, -0.3801452454785423)
(0.12426226052742517, -0.858019994906168)
(0.9997583624889644, -0.04791647352124195)
(0.014614122368778612, -0.3829066007076189)
(0.00022681192995767732, -0.028481310652272673)
(0.093956311007304, -0.4946163407431389)
(0.9997355667083941, -0.042074739290599336)
(0.9973898905720627, -0.1426680857607522)
(0.9908278348933558, -0.5621564790931957)
(0.9957956704473487, -0.21092600462032102)
(0.16882251023424097, -0.6223053412122023)
(0.22539847183995398, -0.752490197233364)
(0.7390414618508229, -0.7829822129195033)
(0.009618112504986924, -0.16239965309855736)
(0.9839773245791928, -0.23217740913673418)
(0.9806060697751823, -0.2217055750098554)
(0.9608631277699385, -0.7280986096647963)
(0.05479174431606411, -0.34136915526000333)
(0.00019788729711194087, -0.034896496363735006)
(0.7801365851815468, -0.6921021978785574)
(0.882501909854851, -0.5597515315890536)
(0.001193454903100895, -0.05665448764173552)
(0.9716675559853929, -0.3054454464866649)
(0.9716428165276725, -0.3471923591973423)
(0.9999558360145945, -0.010877177727605908)
(0.2194537935479251, -0.6558727083408564)
(0.773313769751693, -0.6615934581039018)
(0.9794975745582544, -0.6415729075968611)
(0.9895922902914291, -0.48464458008682765)
(0.975397489025245, -0.45049663370145665)
(0.012423409475576314, -0.2403383611432066)
(0.7969574429074908, -0.7463429776214386)
(0.007025980892722363, -0.14786844369933508)
(0.2008245044429255, -0.6260378971719679)
(0.8826521314676212, -0.47687260322165387)
(0.9992338908281045, -0.07845415710324766)
(0.0003902375061286387, -0.04177250235739206)
(0.05008235382196601, -0.5485623679344697)
(0.9932113200816505, -0.14520992386889775)
(0.0010620886120744568, -0.06482365656186488)
(0.012663066796907095, -0.167223860209892)
(0.0007412771543225987, -0.04733287219219532)
(0.9921281174928196, -0.27763390909541413)
(0.012639112785751742, -0.7115531637598532)
(0.8487730999292908, -0.700130673314036)
(0.10511063185616822, -0.7597150269063219)
(0.7749797548496338, -0.6742691085232738)
(0.9959058854104474, -0.12866472947939356)
(0.9973898905720627, -0.1426680857607522)
(0.10462795639136564, -0.7275202601922981)
(0.9273152620140063, -0.4423537520225013)
(0.013594299350874103, -0.22246217121684425)
(0.06364984952586451, -0.5200689589248703)
(0.8210829673776663, -0.5745881076302315)
(0.9987708841269792, -0.1134960725372098)
(0.883551581334012, -0.8475982172108266)
(0.004136615878417572, -0.17709374754680943)
(0.9997880567061382, -0.07706897201192259)
(0.06219241367019891, -0.5022240495497219)
(0.9282895152293347, -0.7711650439409679)
(0.1311500680387821, -0.7789534304835762)
(0.9036436027837259, -0.4903069826352189)
(0.9998475841845009, -0.02425131745682615)
(0.952272419742228, -0.61966336968478)
(0.8713798198705319, -0.5155606212004441)
(0.9876684389145656, -0.1743803292026006)
(0.9736313173902721, -0.29994136170311486)
(0.005878174489548688, -0.40346840094385106)
(0.9831813876391191, -0.8675287175586919)
(0.9826287300010278, -0.2510242745041184)
(0.9904335477207643, -0.1719906940636757)
(0.9959585618102311, -0.25429123164089373)
(0.9851705296292447, -0.5439685480482792)
(0.9996692526697925, -0.38774951835254556)
(0.020049094177845388, -0.5066482885147774)
(0.9170314285714286, -0.4186941456286121)
(0.13767724460495545, -0.5422536002857162)
(0.7912899547945753, -0.732802691173012)
(0.016467981618524707, -0.5466062566021658)
(0.9996194799834915, -0.12095992651259946)
(0.9142759159832439, -0.5403819951398837)
(0.0055215565223470445, -0.19701611559105559)
(0.14731018013613628, -0.6888747648171103)
(0.9879745071496013, -0.20837781827672175)
(0.020555129104408477, -0.24243133010298945)
(0.06338757241754335, -0.7662296392718206)
(0.8955910751018009, -0.7689798443076185)
(2.515036258591821e-06, -0.0067011060932841695)
(0.7844782750027088, -0.7939264869975851)
(0.07548828822395201, -0.6540694448065336)
(0.11643663153968106, -0.6833113446330982)
(0.9910911652537227, -0.8899297433017601)
(0.9576796996066277, -0.43671161929316443)
(0.9466397956740362, -0.5848150330034888)
(0.26934718413836745, -0.7727428336322202)
(0.02672809649176514, -0.4486100256230155)
(0.026346196743252285, -0.32688590446133003)
(0.09951097736132959, -0.5011386053280016)
(0.006193739226660424, -0.15592661463898858)
(0.001297746274172307, -0.09086267015172052)
(0.00021194329386174356, -0.07706897201192259)
(0.05918714603242375, -0.4600572343438469)
(0.006367242589527778, -0.23592276071083582)
(0.9466397956740362, -0.5848150330034888)
(0.9662395879102901, -0.34249570187537803)
(0.007261920069200107, -0.4282427350700015)
(0.9999082270492751, -0.031348902140944046)
(0.7749797548496338, -0.6742691085232738)
(0.8997262883325039, -0.6286914650439065)
(0.9940647370609941, -0.3241785113175139)
(0.09843420497680304, -0.7725798764762455)
(2.0462072919480872e-06, -0.0023610807469168047)
(0.0844212866301491, -0.4499488804316224)
(0.020697513516597953, -0.26131426798173696)
(0.0003307473302075506, -0.38774951835254556)
(0.9916134896490317, -0.27183896818656644)
(0.00012927203985682703, -0.02733608398056671)
(0.08606980405878237, -0.6409331305546458)
(0.8522334203326939, -0.5760154986085904)
(0.8335831176810083, -0.6820646350511712)
(0.0007357115244639318, -0.12758974894389633)
(0.9477595618854323, -0.6410004154128068)
(0.14949484890731654, -0.6633183853724097)
(0.922502994957939, -0.48229667516888347)
(0.0031432428957181434, -0.09421560432687041)
(0.0022314920910428433, -0.12419651959273298)
(0.006077630730285587, -0.1776648597889672)
(0.9618186832472547, -0.36740448019358735)
(0.12482505107704188, -0.5893685388346964)
(0.03277107088353164, -0.45455460801895303)
(0.7725006785488103, -0.6629103002352946)
(0.9026922281934684, -0.7572496432927565)
(0.758085147934772, -0.715471882482249)
(0.0010208660304139195, -0.07506308110481688)
(0.027929581657342176, -0.2796258328499627)
(0.0058689899171938875, -0.3474986269409502)
(0.06060400158892768, -0.7659412879200426)
(0.7390414618508229, -0.7829822129195033)
(0.9465131312501948, -0.5706678984158939)
(0.9680958149975948, -0.6527060475423321)
(0.709434094832778, -0.7354506311981283)
(0.9689706018948542, -0.850727701618604)
(0.0008328446479593746, -0.4571067880582375)
(0.9991253843303713, -0.04762867379858626)
(0.9805702456861383, -0.22142418024540547)
(0.9941218255104514, -0.40346840094385106)
(0.035164894270961394, -0.5630031002966492)
(0.9999042860387398, -0.23773231071349768)
(0.010613017310913941, -0.4546222962400392)
(0.1282712964112753, -0.5686659900425859)
(0.05478046380339501, -0.4743657047364861)
(0.9999816504352618, -0.0368356077501559)
(0.93160035793762, -0.43135884120643303)
(0.006013693260679587, -0.11770593784539518)
(0.016540974425984692, -0.2735541365876689)
(0.9608763630532392, -0.5874877764994156)
(0.005882511404044395, -0.13158915894724887)
(0.0035610956639362742, -0.13765588691103764)
(0.9168831388848104, -0.41377144760623397)
(0.1544833550343005, -0.711968007122521)
(0.0038788275909846666, -0.10575159841614966)
(0.036493941354408914, -0.32029285851360845)
(0.10224182444061962, -0.6305634723322472)
(0.0004957940406305089, -0.07837661465732675)
(0.06112060713797347, -0.500967287604315)
(0.034525803947207126, -0.2993971948065505)
(0.07367318872288554, -0.45803260289433717)
(0.8687455616049237, -0.5420129267147527)
(0.9933001271725307, -0.31060396559986064)
(0.03711151919199984, -0.731266846494013)
(0.1805695158262057, -0.69479295534722)
(0.9998010292465858, -0.023841178546237067)
(0.9990279261596562, -0.45511363937617777)
(0.9556485477662429, -0.42733859492013954)
(0.8802291763610982, -0.8523903616217673)
(0.058003635034991896, -0.34322729032971605)
(0.9896573386636208, -0.8369100569389735)
(0.8064667412442991, -0.630509211642777)
(0.07471369638277878, -0.583529581933064)
(0.9977154683812461, -0.17019929079638543)
(0.9990923588654149, -0.07056149086677765)
(0.8008848340363103, -0.6718455481845509)
(0.8200731169547032, -0.5939453607617062)
(0.2561632436584429, -0.6700147724446964)
(0.9985745011555788, -0.07832651191069986)
(0.004856831790963527, -0.15954594553077217)
(0.9910911652537227, -0.8899297433017601)
(0.9424924688416784, -0.7213321337790379)
(0.9155817947617003, -0.6292097508373303)
(0.0007514505211131407, -0.09840909461293532)
(0.001954539789854113, -0.07133848781906182)
(0.9950328262503575, -0.24369075970987555)
(0.14162193120426725, -0.626337580224707)
(0.06324062430653155, -0.541988871107383)
(0.941455854137323, -0.4063098222465376)
(0.9218938415733814, -0.3909521790063234)
(0.08746077164482186, -0.6763104622946937)
(0.226686230248307, -0.6615934581039018)
(0.11671679853527758, -0.47911773677504166)
(0.9970693018915938, -0.6215240943676913)
(0.9715177144900171, -0.40932413150959807)
(0.9294833823436078, -0.7750478694811305)
(0.7749797548496338, -0.6742691085232738)
(0.9961054452979576, -0.19209678180795195)
(0.13477016555125043, -0.6452225738376816)
(0.08376883742932445, -0.8252593368887787)
(0.9899178709181806, -0.14734865340684283)
(0.9904872327839761, -0.15049433010115001)
(0.8985459973463069, -0.8101666904578407)
(0.018911318283380846, -0.5645386816011028)
(0.006601820420039542, -0.13666481793003155)
(0.0887942902688211, -0.5309142488588299)
(0.8896517492246602, -0.5309373314179815)
(0.009017128392838693, -0.1351812382569907)
(0.06924994911459394, -0.7456897566151752)
(0.021427248481256482, -0.2714160449140877)
(0.9814759846648061, -0.20326198959439168)
(0.010525615299561817, -0.15002963979894163)
(0.9790375602135138, -0.23848286513802602)
(0.9997508132211339, -0.023758338267893173)
(0.7942905434135555, -0.7788871873140479)
(0.02895382843634931, -0.555145814594026)
(0.9764566698130054, -0.4673044942792362)
(0.11340734249964564, -0.4720917714843957)
(0.0001761212747123045, -0.13512738913582015)
(0.9996351866437875, -0.12882126692207782)
(0.0550685290775044, -0.35586297819797724)
(0.941785035736904, -0.6629103002352946)
(0.009606864855912554, -0.15168821523063747)
(0.9746357220766871, -0.34153782377155656)
(0.06142400016357242, -0.37453727143313525)
(0.0751789335560062, -0.4370241887451218)
(0.02698268227885467, -0.3604815285103174)
(0.05461121572589905, -0.3365244820879397)
(0.9069413458078446, -0.5273226015473704)
(0.9938896404259033, -0.15986968817639885)
(0.004127566166851162, -0.2304250386340417)
(0.9486224578880138, -0.3366729255769187)
(0.24554587515391216, -0.6834770669471952)
(0.07189324723500722, -0.5033418663530063)
(0.9112057097311789, -0.5309142488588299)
(0.9360689337343553, -0.8886130237339565)
(0.9993885189190052, -0.14617984024684108)
(0.010525615299561817, -0.15002963979894163)
(0.9997569807765867, -0.05790691730313239)
(0.9656553780514412, -0.8881175666651369)
(0.8505051510926834, -0.6633183853724097)
(0.7690205408980672, -0.673104610540596)
(0.07367318872288554, -0.45803260289433717)
(0.9932515388042708, -0.12091202080068504)
(0.04515014905838726, -0.5327672179524985)
(0.19028136408155996, -0.652403841910846)
(0.9917226249060629, -0.17762351333302737)
(0.10961192394961271, -0.5732843712151405)
(0.004123351072318928, -0.20161762896996605)
(0.862386097895331, -0.5908513465446908)
(0.8982848997608975, -0.6738226548188994)
(0.7621767354203748, -0.7671602500786004)
(0.9915739920430972, -0.20159544014716177)
(0.03638993830998039, -0.3503968030462776)
(0.9059566186825223, -0.7165494003775535)
(0.05224043811456766, -0.6410004154128068)
(0.06691130764014466, -0.5175708880891664)
(0.9780354115652665, -0.27602740811831655)
(0.9938053758088601, -0.36471615472875624)
(0.7390414618508229, -0.7829822129195033)
(0.9988816147556523, -0.11202424745593291)
(0.08385805955442333, -0.8804762849985234)
(0.9689706018948542, -0.850727701618604)
(0.9629126520972738, -0.3134849977110841)
(0.08064647377938518, -0.6624907367541331)
(0.9740412353639912, -0.6216822966655958)
(0.9589942091164735, -0.40720401185412264)
(0.16345165588123334, -0.6972923057195196)
(0.9875360988346881, -0.16901053551988576)
(0.02661369425819108, -0.268173643182909)
(0.9151707681128111, -0.7195187804172194)
(0.9664523288576871, -0.5766773873743261)
(0.9907013618396969, -0.15068559947066165)
(0.006601820420039542, -0.13666481793003155)
(0.012679526355996944, -0.2798757657945268)
(0.035414453910646085, -0.41395378344561207)
(0.061619465854095716, -0.6566721230059789)
(0.9719506085794865, -0.6797487335331668)
(0.010081356867071152, -0.20207246410647303)
(0.0061946241911398706, -0.36471615472875624)
(0.9443751547118076, -0.6975976872727605)
(0.9036436027837259, -0.4903069826352189)
(0.9638263859807364, -0.2950402485463999)
(0.026884813703498704, -0.5336285976418499)
(0.0004244394649657012, -0.25181624171744055)
(0.9979281485321402, -0.2498890766022561)
(0.9735906165378125, -0.35944171875616693)
(0.9910121148908857, -0.293932427330741)
(0.026409383462187512, -0.35944171875616693)
(0.0012291158730207905, -0.1134960725372098)
(0.8514032769981794, -0.5902421134947164)
(0.004560556247181571, -0.1412037546010397)
(0.007977802551527073, -0.13939319520172724)
(0.017371269998972216, -0.2510242745041184)
(0.8820378978145968, -0.6866540042452967)
(0.9020155442762621, -0.8301399832888507)
(0.9629370248653786, -0.36264390384961553)
(0.04956328186633607, -0.41289009064018434)
(0.13125443839507633, -0.5420129267147527)
(0.8984675236166064, -0.6935565519282048)
(0.9234910864177792, -0.5857500638340963)
(0.05804403168688578, -0.5210378982905517)
(0.9353460541884464, -0.5487102572004667)
(0.9754652116318678, -0.4621931210812283)
(0.9947481252455544, -0.1251626646025984)
(0.026884813703498704, -0.5336285976418499)
(0.002385937406973744, -0.07270582417294164)
(0.23531426707264028, -0.7967755054915955)
(0.05464605533816911, -0.566616727384561)
(0.1934842310418143, -0.6491094568126073)
(0.061619465854095716, -0.6566721230059789)
(0.8608449232253397, -0.5890463500683907)
(0.05767059548043861, -0.6267125877568736)
(0.9947481252455544, -0.1251626646025984)
(0.9864057006491259, -0.22246217121684425)
(0.9729423471673735, -0.38173758471312746)
(0.9373428402666442, -0.6182725127416009)
(0.031959052384356174, -0.3741012737925412)
(0.005842790871059935, -0.37936190347619975)
(0.9933922765358185, -0.18525259147407)
(0.9600045778018228, -0.30492935821302225)
(0.8997262883325039, -0.6286914650439065)
(0.026568246832856558, -0.7485847515836445)
(0.15989790701637516, -0.5675647607631963)
(0.009926597800266706, -0.14243346076016206)
(0.9992217985180885, -0.0439460275948189)
(0.04034164859002169, -0.7947014694686239)
(0.15632698879440515, -0.727881620887379)
(0.9729053761109907, -0.39709232324413135)
(0.8595189448528741, -0.6683280322254694)
(0.006110359574096701, -0.15986968817639885)
(0.034036198079781615, -0.342495701875378)
(0.9990972520850115, -0.04437817626448735)
(0.008820468539669014, -0.13814016124198666)
(0.8124874265149652, -0.8189136004314899)
(0.12482505107704188, -0.5893685388346964)
(0.24554587515391216, -0.6834770669471952)
(0.04329699761925756, -0.40379747974719554)
(0.949917646178034, -0.5485623679344697)
(0.016540974425984692, -0.2735541365876689)
(0.12692729465950214, -0.8035034048142025)
(0.027094623889009323, -0.39709232324413135)
(0.03297022926884909, -0.8357645201894276)
(0.9989276027454465, -0.05016031225483905)
(0.9977154683812461, -0.17019929079638543)
(0.08192457072771872, -0.7488907960446353)
(0.9342913409591646, -0.5528587472082751)
(0.9834590255740153, -0.2735541365876689)
(0.8000912848086028, -0.7350079797468815)
(0.9843010061523527, -0.48058844489123265)
(0.9998933391854794, -0.049937349880871874)
(0.004105610348211036, -0.1687652891893052)
(0.07141448778396914, -0.6281309514359804)
(0.09969913930992459, -0.5580887766395546)
(0.9346478610330288, -0.4022722433075321)
(0.9917226249060629, -0.17762351333302737)
(0.032041235606515846, -0.29749839818186186)
(0.06556185579395017, -0.8802224296029302)
(0.9659638019202184, -0.342495701875378)
(0.9941718434715578, -0.20765262737492665)
(0.005777189677842424, -0.12257223450188719)
(0.2001636974007844, -0.6088502583012624)
(0.9631076252859874, -0.5741018858323182)
(0.9954394437528185, -0.1412037546010397)
(0.9957739660889159, -0.3138851901822662)
(0.03907951289398281, -0.5248673029011972)
(0.01891056713523994, -0.887923842523111)
(0.00351144743446199, -0.2828905273348794)
(0.08471478774039531, -0.5432264904509654)
(0.8681091403918415, -0.5665115858062373)
(0.018388284250960306, -0.23454377556020203)
(0.9583538616163806, -0.721986042262057)
(0.06556185579395017, -0.8802224296029302)
(0.036173614019263604, -0.2950402485463999)
(0.05767059548043861, -0.6267125877568736)
(0.7762263210368894, -0.7305231852941886)
(0.9968637694266607, -0.08719265474094666)
(0.07525417338395132, -0.4763084110263607)
(0.004560556247181571, -0.1412037546010397)
(0.003974491084710288, -0.14689373320490756)
(0.9590071845660637, -0.5243264504022149)
(0.7714153689264697, -0.7783411107629982)
(0.30513371788148924, -0.7684475667017002)
(0.9556293487879787, -0.3178474930376322)
(0.05124304401243044, -0.5295329586254761)
(0.8124805566925911, -0.5998483461727967)
(0.9871682883679788, -0.8101666904578408)
(0.9145707935919992, -0.6785024121215586)
(0.07358068175034327, -0.43741553032659014)
(0.00022240928094979733, -0.14615476391705054)
(0.13449205363047878, -0.7342272630118757)
(9.381149516070736e-05, -0.015325990340868746)
(0.08405180989773316, -0.48594311976898513)
(0.09004780570005129, -0.6710333676918375)
(0.0044811234111336974, -0.1121566265291799)
(0.998988692686833, -0.5058019044677494)
(0.1457543029124996, -0.574281872002125)
(0.9913984073185794, -0.1315352994445849)
(0.09675009777082519, -0.5731050096598133)
(0.9994353995673639, -0.07583704263743142)
(0.9957754722070196, -0.09593596299987577)
(0.05821496426309599, -0.6629103002352946)
(0.97236996819735, -0.2891100603895514)
(0.07012893491530073, -0.5025133768946377)
(0.03433274879893746, -0.3801452454785423)
(0.9572703197360029, -0.5079689656762646)
(0.9794975745582544, -0.6415729075968611)
(0.10591559611235377, -0.7251873105663921)
(0.9999974242416313, -0.005991416386223038)
(0.012910001577158915, -0.17509206183659468)
(0.09488532898674375, -0.4665249492862963)
(0.05029757126803202, -0.42010570078324383)
(0.9996754058412309, -0.04125497475598127)
(0.0035183533332211318, -0.12331735948467126)
(0.9573748752029527, -0.3694571226843574)
(0.8818548821186349, -0.7887983150501359)
(0.00012594224499720816, -0.02062117121081497)
(0.035181678934604096, -0.7793842858891111)
(0.00011526768739035792, -0.06729747833335518)
(0.12362854927323423, -0.6044404108578239)
(0.9425605326876514, -0.8870638678572289)
(0.9825265334466533, -0.18985788925656372)
(0.0001738657876883842, -0.02602533769211623)
(0.09788635021210332, -0.49180768058990976)
(0.10884170767998169, -0.8386342621610063)
(0.9896573386636208, -0.8369100569389735)
(0.9099521942999487, -0.6710333676918375)
(0.9896573386636208, -0.8369100569389735)
(0.002610109427937225, -0.1426680857607522)
(0.061228096482584295, -0.7847936622788989)
(0.10827951885484455, -0.4576092349705037)
(0.15188912187187678, -0.7179395587313794)
(0.026075970272502063, -0.24201973735757926)
(0.028482285509982906, -0.40932413150959807)
(8.148576046342925e-06, -0.0041898820352093465)
(0.9997620720651222, -0.030719525722633097)
(0.019322103240954853, -0.6516727336885616)
(0.9332941367285703, -0.5942054617225458)
(0.008996543887889404, -0.1734482423184526)
(0.9998469510488235, -0.01759078035158936)
(0.9711854824311572, -0.31146746590805846)
(0.9584055130897988, -0.39665379422818436)
(0.8532005812136741, -0.5723976273749072)
(0.9951741347870684, -0.17397208592534835)
(0.241914852065228, -0.715471882482249)
(0.9996183783267542, -0.05831487607045644)
(0.9981965046713653, -0.07506092800873537)
(0.004094114589552501, -0.12866472947939356)
(0.983741216610436, -0.23233643072539736)
(0.19582425958188154, -0.7978165884691543)
(0.7451588348726276, -0.7436463562874973)
(0.8917204811451555, -0.4576092349705037)
(0.0038979452691604425, -0.1135393366055213)
(0.11523204854478031, -0.8233675186538614)
(0.061360361982801315, -0.824720583100796)
(0.011224741555846143, -0.1807788494855965)
(0.9999986336566691, -0.01177811669102623)
(0.9273558112438101, -0.5335819653729036)
(0.04908065618591934, -0.5008303177375742)
(0.23589454807881557, -0.8011839338356673)
(0.00037079998350522046, -0.04873374332061669)
(0.0009540067140149353, -0.08366424842426994)
(0.9477595618854323, -0.6410004154128068)
(0.9736042337212181, -0.4535248544504031)
(0.9851705296292447, -0.5439685480482792)
(0.00015480312318986823, -0.024005615335045433)
(0.05767059548043861, -0.6267125877568736)
(0.0002090893689870088, -0.06533171246868752)
(0.9897336322488791, -0.3892532538143985)
(0.0021001802134836653, -0.3385771243704409)
(0.0038741522766503533, -0.23685010727056396)
(0.05005193231488293, -0.3170964447353924)
(0.9996011455542172, -0.09006056624426254)
(0.22749932145118973, -0.6629103002352946)
(0.008996543887889404, -0.1734482423184526)
(0.9936026701115848, -0.16490476696166131)
(0.01957296448417492, -0.4425675011174627)
(0.9889774921024921, -0.16073946008469445)
(0.9638825345991079, -0.41902936912391126)
(0.9193535262206148, -0.6624907367541331)
(0.9188375235920497, -0.8536416278515171)
(0.9941218255104514, -0.40346840094385106)
(0.10249525802864805, -0.4792430864347382)
(0.9940460517035463, -0.17226241920734814)
(0.27996113699717173, -0.7454318217287639)
(0.11951021982259931, -0.5651482875820063)
(0.12692729465950214, -0.8035034048142025)
(0.9834297128479043, -0.8086109815812912)
(0.004872787528052427, -0.18230090983167827)
(0.006193739226660424, -0.15592661463898858)
(0.24991568829964378, -0.772205335718727)
(0.9879830641469953, -0.2395588683875208)
(0.03275178026449644, -0.7453863223296757)
(0.8163387691749481, -0.7384897446532597)
(0.9977041966298165, -0.15728555433080846)
(0.0019162464144808376, -0.0758747377367552)
(0.9993665535916466, -0.08023086081370995)
(0.011059423282768762, -0.198054567259369)
(0.06830504656052869, -0.5502513929483863)
(0.9688812774489212, -0.8744447618508583)
(0.7065173910434626, -0.7327587203732936)
(0.9878266949561192, -0.35331987407178667)
(0.05080101437436754, -0.4466629002633906)
(0.9932113200816505, -0.14520992386889775)
(0.01485971959428022, -0.2840948675711371)
(0.012183210565596911, -0.2377631680079408)
(0.00842600795690286, -0.20159544014716177)
(0.9999665515467056, -0.008993825781921377)
(0.9697197967756834, -0.8057654506016134)
(0.012423409475576314, -0.2403383611432066)
(0.8778022805507745, -0.788204340415309)
(0.9742728416667872, -0.5298852708674346)
(0.8717287035887247, -0.5686659900425859)
(0.9951272124719476, -0.18230090983167827)
(0.9714062189099724, -0.6626944583778659)
(0.026368682609727943, -0.29994136170311486)
(0.9940460517035463, -0.17226241920734814)
(0.9987268257558677, -0.053291834000048825)
(0.9620181980302355, -0.7424256827808446)
(0.8059165206742299, -0.6231309465838375)
(0.9942228103221575, -0.12257223450188719)
(0.22858463107353036, -0.7783411107629982)
(0.9281067527649928, -0.5033418663530063)
(0.9516862193270933, -0.5792394659515488)
(0.9991028060181233, -0.05256995349730383)
(0.0170091807627464, -0.29272760335352377)
(0.9909828716071613, -0.1351812382569907)
(0.9540179906723238, -0.4058507100167672)
(0.9785727515187436, -0.2714160449140877)
(0.9590071845660637, -0.5243264504022149)
(0.9999616142414051, -0.014098151227383596)
(0.16663221283480137, -0.6585608078825016)
(0.19028136408155996, -0.652403841910846)
(0.9659638019202184, -0.342495701875378)
(0.9848981828013604, -0.5213344775732296)
(0.9957739660889159, -0.3138851901822662)
(0.9107331046772308, -0.701981983607725)
(0.9972984455723738, -0.08301399832888508)
(0.05008235382196601, -0.5485623679344697)
(0.1163505918260999, -0.6818234523655096)
(0.9965198772163311, -0.3932054452249985)
(0.9993377499757764, -0.06016619518270145)
(0.005498902414687687, -0.14622126418879888)
(0.9426993243243244, -0.4950775370608589)
(0.00015241581549908318, -0.02425131745682615)
(0.005068737955239873, -0.13870920964604425)
(0.9814759846648061, -0.20326198959439168)
(0.977215798121338, -0.22714906992282952)
(0.18472676056338028, -0.8255940899719112)
(2.692453262308248e-07, -0.0008052245845050867)
(0.02460251097475499, -0.45049663370145665)
(0.9108663210056058, -0.7009343896244965)
(0.9994689418631092, -0.06942268199519358)
(0.7390414618508229, -0.7829822129195033)
(0.9957754722070196, -0.09593596299987577)
(7.199204659294782e-06, -0.005581971933386949)
(0.9806778967590452, -0.6516727336885616)
(0.9619071943219701, -0.3939750268039957)
(0.08471478774039531, -0.5432264904509654)
(0.9882836187822667, -0.30021910794479684)
(0.061582984507832395, -0.39524163619841585)
(0.9430920541883394, -0.35552109446572044)
(0.04654737632793218, -0.3931294961101358)
(0.06578877100541157, -0.6521599569656715)
(0.0023391406671351756, -0.2993751756296563)
(0.9360689337343553, -0.8886130237339565)
(0.004734740694691312, -0.32077802749786405)
(0.991079269116455, -0.6186797105934808)
(0.997588283031082, -0.08592757635052295)
(0.006748461195729302, -0.12091202080068504)
(0.9964030133856401, -0.39484122327186816)
(0.9840201050534324, -0.6635706890509611)
(0.9955286686643537, -0.12735511927896784)
(0.9916134896490317, -0.27183896818656644)
(0.0017847697458119923, -0.12036144747045169)
(0.8713798198705319, -0.5155606212004441)
(0.19707069008993863, -0.6158819491048761)
(0.058003635034991896, -0.34322729032971605)
(0.003401605921836773, -0.22982082518351143)
(0.11796210218540315, -0.6866540042452967)
(0.998709845785664, -0.06148390431713469)
(0.028582958707236213, -0.6358935959332713)
(0.10114460089985003, -0.7631173500771447)
(0.8835633684603189, -0.6833113446330982)
(0.9832666020207076, -0.22919539392851548)
(0.9209485135235824, -0.5459464681097319)
(0.8804897801774006, -0.5651482875820063)
(0.9503312214754761, -0.7054966924551515)
(0.9933922765358185, -0.18525259147407)
(0.9562156530077822, -0.6756120263803997)
(0.12625375242804168, -0.6469316217994625)
(0.19473399383898093, -0.610036428981826)
(0.043784346992217754, -0.6756120263803997)
(0.041866111861444344, -0.36382515435075435)
(3.9555090370949896e-05, -0.011040989845418273)
(0.010613017310913941, -0.4546222962400392)
(0.2001636974007844, -0.6088502583012624)
(0.0027015544276262123, -0.08301399832888508)
(0.08843884903138587, -0.562821466862851)
(0.936111053364655, -0.761610247645751)
(0.9998324242623382, -0.4815106491753112)
(0.11975168183616937, -0.7248859861991207)
(0.9939793825096106, -0.6315526511834985)
(0.12278127598906974, -0.8705177080314496)
(0.20064889336016098, -0.7371375803320636)
(0.0017650214319491124, -0.09314060106703029)
(0.058003635034991896, -0.34322729032971605)
(0.8503262084540457, -0.8357263896366895)
(0.00025819657788079994, -0.027279660023800667)
(0.9695207309254115, -0.39149110645975166)
(0.03212510550501735, -0.6871562926475394)
(0.9899310852429491, -0.15064098841896373)
(0.9615229636048527, -0.31746739811528213)
(0.014859858827142426, -0.1757978173510346)
(0.9998451968768102, -0.024005615335045433)
(0.05276425064155671, -0.7402804207501377)
(0.901451151991427, -0.6543264465530194)
(0.018091477174101717, -0.635926709642485)
(0.9333698443873697, -0.5534935449841903)
(0.9587048296309028, -0.3935433521946414)
(0.9273495372466629, -0.6635346339178012)
(0.012415370303374852, -0.18934176310147066)
(0.1506201152470526, -0.6066322980279435)
(0.030268866882269048, -0.36795429908305605)
(0.08145108601448019, -0.4884830163402653)
(0.9958368704716404, -0.36163443174642723)
(0.9762429511278196, -0.3443208434445823)
(0.9928555988776143, -0.14941652966860078)
(0.14711700168174902, -0.5867820572195653)
(0.9882836187822667, -0.30021910794479684)
(0.9909828716071613, -0.1351812382569907)
(0.03808893852403723, -0.27459366609080904)
(0.08779392588230345, -0.7705324894313624)
(0.9520641705443134, -0.3964477626068993)
(0.13082476399825352, -0.5515852051747777)
(0.005068737955239873, -0.13870920964604425)
(0.9950328262503575, -0.24369075970987555)
(0.8401020929836248, -0.5675647607631963)
(0.9960255089152897, -0.14689373320490756)
(0.9999919957481415, -0.23459333753292025)
(0.9979966208779768, -0.21795181028433144)
(5.894057196114981e-05, -0.011231892518917258)
(0.02030765920826162, -0.31528173616612354)
(0.8318439483731934, -0.8581606835750757)
(0.966882904694358, -0.27207921027325127)
(0.9449114890058194, -0.6383199941196563)
(0.0004055583501006036, -0.4607109877075397)
(0.9963980379985794, -0.11722010681102318)
(0.865919512695914, -0.5014815925330718)
(0.9986833350468568, -0.07106739140788304)
(0.0045908091671383626, -0.4822585825753756)
(0.007871882507180369, -0.27763390909541413)
(0.9666042421692985, -0.29636728046938554)
(0.9808135455756741, -0.2358164597829744)
(0.15257556370175682, -0.6334855744657553)
(0.8240760305812748, -0.7037484679108602)
(0.0006727025441356872, -0.09770051134061433)
(0.059230727351916375, -0.3989082942345771)
(0.00035094748750824926, -0.0345392078273815)
(0.016917387279959308, -0.3054989346528428)
(0.1648642383438489, -0.7384897446532597)
(0.9999974849637414, -0.0067011060932841695)
(0.9859937760955243, -0.3573939374732075)
(0.7761614503605614, -0.6756743280740591)
(0.9950874974443629, -0.277415268266207)
(0.0380928056780299, -0.3939750268039957)
(0.0178556636984883, -0.7586609596708129)
(0.9995786966360873, -0.1037630894140373)
(0.22888326336462406, -0.6600914892074657)
(3.7864760969143346e-06, -0.005090654871736222)
(0.09911008613356019, -0.48697014225998986)
(0.09012278697886922, -0.4184550284694866)
(0.7969574429074908, -0.7463429776214386)
(0.09951097736132959, -0.5011386053280016)
(0.9657855281226354, -0.5133500230152112)
(0.007489402473723942, -0.2127387360925821)
(0.003910601324574847, -0.24733321457507315)
(0.9630819740053863, -0.32998331645247886)
(0.9963282776434745, -0.6066122088701453)
(0.9938990996971331, -0.30399317713565577)
(0.949112046702797, -0.3331369597943436)
(0.8477931937636045, -0.6483398117490498)
(0.998709845785664, -0.06148390431713469)
(0.07740855374226224, -0.41233244504787353)
(0.9401498282402175, -0.40993787266841475)
(0.02181685402591649, -0.2535976972983135)
(0.9217843202711725, -0.4703884975412609)
(0.9437191966485954, -0.4514014014601227)
(0.9532156797288275, -0.47038849754126083)
(0.9107331046772308, -0.701981983607725)
(0.7544541248460879, -0.6834770669471952)
(0.882501909854851, -0.5597515315890536)
(0.09854884800857296, -0.6543264465530194)
(0.9796215850153612, -0.6051292944155059)
(0.9927313510306985, -0.2716575540746223)
(0.9884542503176905, -0.1645063908222395)
(0.09004780570005129, -0.6710333676918375)
(0.9152720252720252, -0.5143662722710223)
(0.013596677728579485, -0.16932924940378244)
(0.044220884363351844, -0.3981236646255046)
(0.9912258426225183, -0.2416445995811857)
(0.9929740191072777, -0.14786844369933508)
(0.9962123679621575, -0.09178944534711561)
(0.012025492850398717, -0.20837781827672175)
(3.4805815380544506e-05, -0.010140252279885688)
(0.8899604153979295, -0.5871300000401225)
(0.9368913987235589, -0.6336499254977526)
(0.11780415657664838, -0.5615016666539491)
(0.011113975212917328, -0.15109701500217992)
(0.828322884294106, -0.658123084457642)
(0.046868084583230885, -0.4504024802373194)
(0.9384282753198485, -0.5237043491173405)
(0.9296924186778593, -0.4805317122573919)
(0.9354288897140736, -0.5441624618270117)
(0.0006727025441356872, -0.09770051134061433)
(0.9986402614289113, -0.05481708466439865)
(0.970619718628939, -0.4149853621633352)
(0.9161419404455767, -0.8804762849985234)
(0.0058689899171938875, -0.3474986269409502)
(0.9989675925524443, -0.06354138343899397)
(0.9830826127200407, -0.3054989346528428)
(0.04345481460594953, -0.5165055370436142)
(0.8802483181638306, -0.7248859861991207)
(0.709434094832778, -0.7354506311981283)
(0.2625230024213075, -0.7096510942857831)
(0.046190097271193185, -0.502623684540926)
(0.9835320183814753, -0.5466062566021658)
(0.060285284489973195, -0.38810277596219755)
(0.050460740716957504, -0.5881385391549913)
(0.10433560342096927, -0.5802302461593849)
(0.9999367685673856, -0.013606638369131755)
(0.9608436679088521, -0.4476234069583183)
(0.13125443839507633, -0.5420129267147527)
(0.005401455724845377, -0.13816464678874474)
(0.11920317425807153, -0.7965156591478108)
(0.9994327035942686, -0.09267925236406024)
(0.11438354908504163, -0.6717469973688723)
(0.14162193120426725, -0.626337580224707)
(0.18966378716883925, -0.8135670480891732)
(0.9534538434538434, -0.5143662722710223)
(0.09162377391473245, -0.7115808049432565)
(0.07367318872288554, -0.45803260289433717)
(0.9999781967627669, -0.014589546688796544)
(0.006419816621679813, -0.3847766349395939)
(0.9998332854788228, -0.02007464084048424)
(0.9930316158559713, -0.30878971150850504)
(0.9927525479923048, -0.3748898708864103)
(0.7602025913330134, -0.7643751745812256)
(0.004204329552651275, -0.21092600462032102)
(0.9679273603653122, -0.30980286450893035)
(0.8892220405991028, -0.696338054863977)
(0.998409633446086, -0.06753318108796291)
(0.9996353887777245, -0.2581217607199473)
(0.2130373895618909, -0.8342230108047991)
(0.8681091403918415, -0.5665115858062373)
(0.7834006973283884, -0.8136031833374838)
(0.01484682721683415, -0.2791145443100449)
(0.02482003722799677, -0.6034845692013039)
(0.003136230573339363, -0.08719265474094666)
(0.026562630742197307, -0.6130991171032308)
(0.14731018013613628, -0.6888747648171103)
(0.0013649438365890513, -0.06669653141783677)
(0.002172405515696263, -0.1954270810151418)
(0.9417864440524634, -0.6398249662499094)
(0.21017787659811007, -0.8145800498611131)
(0.9374091184489549, -0.5549187782869367)
(0.9675981160066811, -0.38007425737365064)
(0.0010113073131670142, -0.5058019044677494)
(0.00012594224499720816, -0.02062117121081497)
(0.9994327035942686, -0.09267925236406024)
(0.9486188362777025, -0.5279076881538886)
(0.8351357616561511, -0.7384897446532597)
(0.0010475177097764733, -0.056332600507888186)
(0.9679703635064354, -0.2876933772763604)
(0.030865008578980724, -0.5663014196667886)
(0.9999604449096291, -0.011040989845418273)
(0.8911582923200183, -0.8386342621610063)
(0.00015241581549908318, -0.02425131745682615)
(0.00026558381999512373, -0.2126745175517732)
(0.018911318283380846, -0.5645386816011028)
(0.012463901165311903, -0.16901053551988576)
(0.8645962950017476, -0.5122088464523392)
(0.9933001271725307, -0.31060396559986064)
(0.8691752360017465, -0.5515852051747777)
(0.0010088519459488918, -0.09507404582070218)
(0.052293153283352906, -0.8272906183385322)
(0.9332149045006394, -0.3778282428788371)
(0.916901091889854, -0.5312375874382431)
(0.0006925933748452553, -0.05648006509299106)
(0.975269736375877, -0.32453172828381727)
(0.997593532637316, -0.0717207298638901)
(0.026568246832856558, -0.7485847515836445)
(0.005107764920304682, -0.1574809476714849)
(9.23267678742845e-05, -0.016281392319881054)
(0.9161192780052103, -0.6817219527819791)
(0.9576796996066277, -0.43671161929316443)
(0.0017765186390595893, -0.09805509748437884)
(0.9939793825096106, -0.6315526511834985)
(0.03297022926884909, -0.8357645201894276)
(0.9951349126825079, -0.26220825753294846)
(0.947712113566053, -0.401910368634438)
(0.9834590255740153, -0.2735541365876689)
(0.9949312620447601, -0.13870920964604425)
(0.0044811234111336974, -0.1121566265291799)
(0.0011766590479713572, -0.12100427310546684)
(0.0007412771543225987, -0.04733287219219532)
(0.00022681192995767732, -0.028481310652272673)
(0.9987268257558677, -0.053291834000048825)
(0.0034131869083769257, -0.17630542184200715)
(0.048977337110481585, -0.41513583844196666)
(0.9467714218879332, -0.3296122084293335)
(0.9950238019335265, -0.13122669592807323)
(0.9193074467392013, -0.4773697015115455)
(0.8542456970875004, -0.574281872002125)
(0.11342928604926417, -0.8181455088881744)
(0.9997398349225017, -0.038471602619506405)
(0.9922403153449866, -0.12701073248546887)
(0.0025458353538375823, -0.3779880703496957)
(0.902141530118667, -0.6131812098097571)
(0.9449114890058194, -0.6383199941196563)
(0.9736042337212181, -0.4535248544504031)
(0.0844182052382997, -0.6292097508373303)
(0.02383436283152167, -0.2323393776239746)
(0.7574747293632472, -0.8211161158864011)
(0.15257556370175682, -0.6334855744657553)
(0.9998261342123116, -0.02602533769211623)
(0.04828985362939361, -0.36478878564675454)
(0.09463723596770024, -0.5571212722593647)
(0.9957134409396965, -0.09847390095690879)
(0.11796210218540315, -0.6866540042452967)
(0.8911582923200183, -0.8386342621610063)
(0.9756372180451128, -0.2754566747556658)
(4.4163985405547115e-05, -0.010877177727605908)
(0.9998677512639969, -0.03151239030236453)
(0.8804245103269568, -0.5584290487387175)
(3.836530963383398e-05, -0.011450439284359163)
(0.7869626104381091, -0.8342230108047991)
(0.9812845178934375, -0.38985387018083445)
(6.741370914750972e-06, -0.0063735508866518175)
(0.023572555123751403, -0.3776529779969236)
(0.9656553780514412, -0.8881175666651369)
(0.0002601650774982148, -0.038471602619506405)
(0.9968758383860064, -0.1965752950716508)
(0.941785035736904, -0.6629103002352946)
(0.06578877100541157, -0.6521599569656715)
(0.8583780687957328, -0.626337580224707)
(0.9309911946692051, -0.8718642965850443)
(0.19911516596368972, -0.6718455481845509)
(0.9904406215252373, -0.21106818308437117)
(0.9934105610802785, -0.12196991594450642)
(0.1934842310418143, -0.6491094568126073)
(0.9997384514091541, -0.10220827286563394)
(0.999646870082343, -0.03208226919358837)
(0.04164613838361941, -0.721986042262057)
(0.0017370643940818522, -0.06889162174118926)
(0.0005442105667606918, -0.04853939281934006)
(0.05804403168688578, -0.5210378982905517)
(0.19911516596368972, -0.6718455481845509)
(0.0010113073131670142, -0.5058019044677494)
(0.9746357220766871, -0.34153782377155656)
(0.9193535262206148, -0.6624907367541331)
(0.001290154214335942, -0.06148390431713469)
(0.09614061693844686, -0.5727824415269236)
(0.8097186359184401, -0.652403841910846)
(0.9974984514678555, -0.1400780679767512)
(0.12426226052742517, -0.858019994906168)
(0.013448897795591183, -0.2936732484369023)
(0.06393106626564471, -0.8886130237339565)
(0.8191418674567557, -0.7981294440874812)
(0.9280272048364153, -0.6514178119221828)
(0.7108685577461525, -0.7074311650125237)
(0.0022275264259346184, -0.07509277566601054)
(0.08053815382293003, -0.5530340062269388)
(0.9457411791000803, -0.37219715071982973)
(0.0017370643940818522, -0.06889162174118926)
(0.008961867797695262, -0.14658985972512628)
(0.9581610800113857, -0.4965739694281898)
(0.24594466698947925, -0.8063507008518633)
(0.286086271460435, -0.7496723432544877)
(0.9999919957481415, -0.23459333753292025)
(0.7200388630028283, -0.7454318217287639)
(0.9883879921866968, -0.7532792791714519)
(0.9781375885686296, -0.30939471622149595)
(0.9067752476258552, -0.7482025475850824)
(0.9805702456861383, -0.22142418024540547)
(0.0018125485793246395, -0.15819905752873115)
(0.9986315034892559, -0.0632829022015193)
(0.9495392592830425, -0.5881385391549913)
(0.9952191761650779, -0.11393658039311312)
(0.9974393736607422, -0.25405669606390685)
(0.0010208660304139195, -0.07506308110481688)
(0.020502425441745617, -0.6415729075968611)
(0.99477083906626, -0.10724935959795419)
(0.9670297707311509, -0.8357645201894276)
(0.0038741522766503533, -0.23685010727056396)
(0.0005646004326360785, -0.07583704263743142)
(0.022144589748998102, -0.3863714168161101)
(2.0462072919480872e-06, -0.0023610807469168047)
(0.9919558835231199, -0.1534307648663965)
(0.038181316752745324, -0.36740448019358735)
(0.9939863067393204, -0.11770593784539518)
(0.916901091889854, -0.5312375874382431)
(0.9730173177211453, -0.3604815285103174)
(0.13869302539002754, -0.5603508372973931)
(0.018715482106562525, -0.38985387018083445)
(0.008774157377481696, -0.2416445995811857)
(0.007527122345948656, -0.13117454166817127)
(0.9992881918181229, -0.19793258348552914)
(0.9831813876391191, -0.8675287175586919)
(3.344845329442102e-05, -0.008993825781921377)
(0.041866111861444344, -0.36382515435075435)
(0.951158091430558, -0.3184055079306758)
(0.007759684655013417, -0.12701073248546887)
(0.12311434344552702, -0.5070269284558176)
(0.09322475237414479, -0.7482025475850824)
(0.999869095935807, -0.0852580793813964)
(0.901565795023197, -0.7725798764762455)
(0.9987268257558677, -0.053291834000048825)
(0.9247458266160486, -0.4763084110263607)
(0.061228096482584295, -0.7847936622788989)
(0.7806673673147662, -0.7700628006832066)
(0.022995145194641735, -0.32936921462288554)
(0.9423702330508474, -0.38809044218753774)
(0.09463723596770024, -0.5571212722593647)
(0.6948662821185108, -0.7684475667017002)
(0.01221000319099902, -0.21649000592405163)
(0.9979966208779768, -0.21795181028433144)
(0.005953948296453728, -0.17226241920734814)
(0.0016232876323912751, -0.06925221540720382)
(0.2638023423386851, -0.743616167871061)
(0.9966116359554765, -0.34267830644938324)
(0.0036019620014206273, -0.11722010681102318)
(0.9888860247870827, -0.15109701500217992)
(0.0491849139706014, -0.3279657112644223)
(0.7834006973283884, -0.8136031833374838)
(0.026075970272502063, -0.24201973735757926)
(0.10631118674911959, -0.6173140637690795)
(0.11580411610913723, -0.4911944458336604)
(0.8380420427030596, -0.8064216980520265)
(0.11727220144736489, -0.4928000019168648)
(0.01299339876945214, -0.17115424708365556)
(0.027094623889009323, -0.39709232324413135)
(0.0022958033701835356, -0.15728555433080846)
(0.0001738657876883842, -0.02602533769211623)
(0.08376883742932445, -0.8252593368887787)
(0.951579749248853, -0.31182801282272554)
(0.839819228347873, -0.6589754068262175)
(0.9992669446139054, -0.10299530153668526)
(0.011632617502286884, -0.3191683385677881)
(0.05276425064155671, -0.7402804207501377)
(0.1769389821925901, -0.6183768713394135)
(0.01602267542080714, -0.23217740913673418)
(0.9970693018915938, -0.6215240943676913)
(0.9984537251095245, -0.11698280096082522)
(0.0006114810809948089, -0.14617984024684108)
(0.0001667145211772648, -0.02007464084048424)
(0.15561072587925703, -0.703707914609853)
(0.15122690007070919, -0.700130673314036)
(0.10145400265369306, -0.8101666904578407)
(0.9656672512010626, -0.3801452454785423)
(0.9997880812643392, -0.031211253155355865)
(0.9965177928612152, -0.1524627756218598)
(0.02698268227885467, -0.3604815285103174)
(0.0015547210483995142, -0.3133884599280043)
(0.972970593988394, -0.47774320587472857)
(0.0028034750996119196, -0.1266038564154346)
(0.17731462722852512, -0.7422151082354853)
(0.9875846296966252, -0.18934176310147066)
(0.1307248038091879, -0.6460759675955129)
(0.9992881918181229, -0.19793258348552914)
(0.9740563982731989, -0.2901955542199973)
(0.9575144007969163, -0.31734365059122144)
(0.9309911946692051, -0.8718642965850443)
(0.16882251023424097, -0.6223053412122023)
(0.10440892489819907, -0.7689798443076185)
(0.8856164509149583, -0.6717469973688723)
(0.9130643565316933, -0.710807662686086)
(0.11223654139156933, -0.465156649854032)
(0.020176415636677207, -0.2632634215471656)
(0.13681606234511542, -0.5972958416346609)
(0.9052947814380741, -0.7252878076992311)
(0.22383854963943858, -0.6756743280740591)
(0.852882998318251, -0.5867820572195653)
(0.2609585381491772, -0.7829822129195033)
(0.030222016278507534, -0.29523521430013344)
(0.998988692686833, -0.5058019044677494)
(0.7594862783062547, -0.7710189776602315)
(0.9987893774164878, -0.08201951266704925)
(0.04129517036909724, -0.3935433521946414)
(4.656612873077393e-10, -6.823937919457175e-05)
(0.158085147934772, -0.715471882482249)
(0.0007305030302862045, -0.0508551400240751)
(0.9961054452979576, -0.19209678180795195)
(0.7915308999048107, -0.6706402896409086)
(0.004825865212931657, -0.17397208592534835)
(0.8440793232605384, -0.58144581231754)
(0.9994689418631092, -0.06942268199519358)
(0.9794448708955915, -0.24243133010298945)
(0.9887279301277235, -0.3440621500986435)
(0.13363586609504696, -0.6683524170848045)
(0.017856655709082972, -0.24985839989158512)
(0.01665706988358437, -0.2088625117869603)
(0.9191862118513419, -0.5483488907889953)
(0.034036198079781615, -0.342495701875378)
(0.02030765920826162, -0.31528173616612354)
(0.745951573849879, -0.7096510942857832)
(0.06836811102236422, -0.3657721419978391)
(0.7943772120105035, -0.8365278625985514)
(0.9747353606465714, -0.23277930248629825)
(0.0022845316187538327, -0.17019929079638543)
(0.9829597563479571, -0.2507407962665359)
(0.23445949687159706, -0.6761731555804352)
(2.409331481681779e-07, -0.0027159272706969587)
(0.2841189926676334, -0.7482636739957018)
(0.1805695158262057, -0.69479295534722)
(0.26934718413836745, -0.7727428336322202)
(0.26020259133301343, -0.7643751745812255)
(0.006648619530722419, -0.14300723996902018)
(0.013897024037486765, -0.4126668515004118)
(0.949618484075097, -0.3202088744406492)
(0.9915412675397034, -0.20913912876627558)
(0.0010780884881448852, -0.11308966962029542)
(0.07431374132084612, -0.5915668939529074)
(0.8826521314676212, -0.47687260322165387)
(0.9957739660889159, -0.3138851901822662)
(0.005950107590986577, -0.341270577288554)
(0.006492195209286639, -0.1525389520991267)
(0.033085482229603884, -0.35171883933203624)
(0.9965983940781632, -0.22982082518351143)
(0.9951272124719476, -0.18230090983167827)
(0.1720422379478107, -0.8101666904578408)
(0.9587302124205115, -0.4956803915911725)
(0.9751799627720033, -0.6034845692013039)
(0.0002601650774982148, -0.038471602619506405)
(0.9991729585824641, -0.31978123984204215)
(0.01485971959428022, -0.2840948675711371)
(0.9982349785680509, -0.09314060106703029)
(0.8991265637326722, -0.8257801812803688)
(0.7374769975786925, -0.7096510942857831)
(0.9943183028392512, -0.7803305233871555)
(0.01602267542080714, -0.23217740913673418)
(0.004224527792980462, -0.09593596299987577)
(0.9741351574947911, -0.5612780019380984)
(0.9775196875396926, -0.23266694870128005)
(0.9930764934346281, -0.1894661219700954)
(0.9289814947324387, -0.40330406259980356)
(0.02381438864394021, -0.7879500536079914)
(0.048420250751146934, -0.31182801282272554)
(0.9982629356059182, -0.06889162174118926)
(0.12625375242804168, -0.6469316217994625)
(0.00023792793487776163, -0.030719525722633097)
(0.9794442308127305, -0.8286941062341053)
(0.966709246971897, -0.6733644152867013)
(0.9795711462904672, -0.4208779006789922)
(0.9860764093262382, -0.2200371040042737)
(0.9989986148473164, -0.07735684519335878)
(0.9742728416667872, -0.5298852708674346)
(0.9989276027454465, -0.05016031225483905)
(0.9386396380171987, -0.824720583100796)
(0.8707917806448834, -0.7891041364400793)
(0.22749932145118973, -0.6629103002352946)
(0.9607306929222412, -0.3886957204810835)
(0.005950107590986577, -0.341270577288554)
(0.21017787659811007, -0.8145800498611131)
(0.03530881691598856, -0.310859611062116)
(0.8493798847529475, -0.6066322980279435)
(0.009566452279235717, -0.1719906940636757)
(0.006612152063251381, -0.793582535308211)
(0.997574817230316, -0.07707513331405577)
(0.00015480312318986823, -0.024005615335045433)
(0.07446318935366157, -0.3967010399725348)
(0.000729989368165249, -0.1391089677342936)
(0.941455854137323, -0.4063098222465376)
(0.9956912275038334, -0.11826563713180069)
(0.008774157377481696, -0.2416445995811857)
(0.9979281485321402, -0.2498890766022561)
(0.998273378992511, -0.23449873739040875)
(0.9870604635678915, -0.3049039802130878)
(0.0641360359228071, -0.41859368314465745)
(0.9465131312501948, -0.5706678984158939)
(0.9738289064397136, -0.42363738875916185)
(0.9667232831435916, -0.6727091028737341)
(0.012421794000929534, -0.2619551517107258)
(0.9008899138664398, -0.48697014225998986)
(0.9961020547308396, -0.1135393366055213)
(0.03230689293873134, -0.31463729832617837)
(2.409331481681779e-07, -0.0027159272706969587)
(0.7374769975786925, -0.7096510942857831)
(0.7844782750027088, -0.7939264869975851)
(2.56686724134651e-05, -0.010249490471258237)
(0.10249525802864805, -0.4792430864347382)
(0.12824531935535252, -0.530483742524776)
(0.005969464965968645, -0.27311364715115855)
(0.06324605125292546, -0.35874832544240226)
(0.0006891033137098984, -0.12240391892638057)
(0.17992688304529683, -0.5939453607617062)
(0.012415370303374852, -0.18934176310147066)
(0.9993236507447221, -0.12013844333916024)
(0.0004538656690925603, -0.030523549560717653)
(0.7690044386657102, -0.8212817822476587)
(0.02891096662907185, -0.24305538209051655)
(0.013562606287882091, -0.19968897300017205)
(0.8910021771669615, -0.49851323639275497)
(0.9968631011165542, -0.10249507676135944)
(0.05767059548043861, -0.6267125877568736)
(0.061360361982801315, -0.824720583100796)
(0.9296924186778593, -0.4805317122573919)
(0.06691130764014466, -0.5175708880891664)
(0.8013789603265448, -0.7912173669633407)
(0.949112046702797, -0.3331369597943436)
(0.999199830506787, -0.04053204245130506)
(0.023543330186994567, -0.4673044942792362)
(0.00531380024945452, -0.11807429407433861)
(0.0038788275909846666, -0.10575159841614966)
(0.7429486148526396, -0.7365151731434916)
(0.7974247935212909, -0.7362043635332187)
(0.0027015544276262123, -0.08301399832888508)
(0.05562484528819239, -0.6975976872727605)
(0.07281860568383659, -0.8134044791852477)
(0.006489719032272707, -0.16629176043985094)
(0.00180349532863465, -0.07506092800873537)
(0.050460740716957504, -0.5881385391549913)
(0.969515897781901, -0.6179596481825682)
(0.9634437685491171, -0.7711325799849199)
(0.8681091403918415, -0.5665115858062373)
(0.9648351057290386, -0.5630031002966492)
(0.0013597385710887035, -0.05481708466439865)
(0.012673014059860738, -0.22259869088055534)
(0.10249525802864805, -0.4792430864347382)
(0.915041077630955, -0.4695504882214675)
(0.002313153772297741, -0.18513182951388932)
(0.8622011841493725, -0.740310338927467)
(0.9915383046006324, -0.7474393092421414)
(0.061582984507832395, -0.39524163619841585)
(0.0001738657876883842, -0.02602533769211623)
(0.010081356867071152, -0.20207246410647303)
(0.9992721413490387, -0.8142179740527516)
(0.006695574162679426, -0.43822652802037754)
(0.1506201152470526, -0.6066322980279435)
(0.10827951885484455, -0.4576092349705037)
(0.9108663210056058, -0.7009343896244965)
(0.006116187693053116, -0.13867928101910681)
(0.03905137996875543, -0.635926709642485)
(0.0002626205559067726, -0.024877305266945093)
(0.9995755605350343, -0.25181624171744055)
(0.7822333868657494, -0.7950809007010626)
(0.0034690999995292144, -0.0862378543072241)
(0.01673339797929244, -0.22919539392851548)
(0.007977802551527073, -0.13939319520172724)
(0.9997815492835792, -0.022339436584658607)
(0.9974393736607422, -0.25405669606390685)
(0.11977082363890182, -0.8523903616217673)
(0.9756372180451128, -0.2754566747556658)
(0.9672482197355036, -0.7453863223296757)
(0.047163245087096656, -0.4594456632576726)
(0.2084691000951893, -0.6706402896409086)
(0.9059566186825223, -0.7165494003775535)
(0.9999997590668518, -0.0027159272706969587)
(0.9500447698304013, -0.38592370949650856)
(0.001005833057746568, -0.0515556993582983)
(0.9512024327210263, -0.5669499333400944)
(0.20187700780174392, -0.6725238686095193)
(0.005882511404044395, -0.13158915894724887)
(0.9608763630532392, -0.5874877764994156)
(0.8717546806446475, -0.530483742524776)
(0.014859858827142426, -0.1757978173510346)
(0.915041077630955, -0.4695504882214675)
(0.03339575783070153, -0.29636728046938554)
(0.9645855460893539, -0.41395378344561207)
(0.9915009652509652, -0.7072536243726556)
(0.007729029006607683, -0.205150284144381)
(0.9904368142838128, -0.17415402703173335)
(1.7778947512279996e-07, -0.00113277366677848)
(0.9576796996066277, -0.43671161929316443)
(0.7834006973283884, -0.8136031833374838)
(0.9762184813817655, -0.32769289298208)
(0.0007782014819115387, -0.0439460275948189)
(0.8760884628710013, -0.846188653251035)
(0.018601896785755478, -0.3250240668444295)
(0.883551581334012, -0.8475982172108266)
(0.9995226817044828, -0.06494673312633921)
(0.12082574714685376, -0.8134405999934179)
(0.017856655709082972, -0.24985839989158512)
(0.9991671553520406, -0.4571067880582375)
(0.9423294045195614, -0.6267125877568736)
(0.0007304734925131526, -0.29652559888711905)
(0.035414453910646085, -0.41395378344561207)
(0.0887942902688211, -0.5309142488588299)
(0.03491220195485114, -0.28352103626073627)
(0.9903931351440874, -0.15168821523063747)
(0.922502994957939, -0.48229667516888347)
(0.08081378814865815, -0.5483488907889953)
(0.8318439483731934, -0.8581606835750757)
(0.07435396798232649, -0.5699665158999885)
(0.04654615654615655, -0.5143662722710223)
(0.9314635010261593, -0.3816660007136605)
(0.9662954134473122, -0.602264306140121)
(0.005882511404044395, -0.13158915894724887)
(0.020962439786486136, -0.23848286513802602)
(0.9935078047907133, -0.1525389520991267)
(0.8751749489229581, -0.5893685388346964)
(0.30513371788148924, -0.7684475667017002)
(0.848814358095522, -0.6824330851371648)
(0.8613069746099725, -0.5603508372973931)
(0.017040243652042982, -0.2507407962665359)
(0.9832735567251224, -0.37223118553274226)
(0.9999986163344947, -0.002442968991589485)
(0.9985867647058824, -0.21550433966178564)
(7.522664861776701e-05, -0.030202561863101152)
(0.02403118284821254, -0.4473009589580919)
(0.0018157423499826906, -0.0643804118479777)
(0.9977724735740654, -0.07509277566601054)
(0.007871882507180369, -0.27763390909541413)
(0.03297022926884909, -0.8357645201894276)
(0.9476530934699682, -0.4134679112306566)
(0.9993885189190052, -0.14617984024684108)
(0.004872787528052427, -0.18230090983167827)
(0.9643989948131747, -0.2806841533101719)
(0.9946461807197668, -0.13972653184069767)
(0.07446318935366157, -0.3967010399725348)
(0.831177489765759, -0.6223053412122023)
(0.13408048730408595, -0.5014815925330718)
(0.004734740694691312, -0.32077802749786405)
(0.9619110614759627, -0.27459366609080904)
(0.9904692034827475, -0.23628337789425063)
(0.9466397956740362, -0.5848150330034888)
(0.9929876827558582, -0.3668709968205844)
(0.027094623889009323, -0.39709232324413135)
(0.013562606287882091, -0.19968897300017205)
(0.9776295750781133, -0.26194391390382993)
(0.016450924134249683, -0.48890021675456813)
(0.9984855677067168, -0.13377298209885732)
(0.9961054452979576, -0.19209678180795195)
(0.13868577503905571, -0.7949083870531062)
(0.982076956220378, -0.6863066960623361)
(0.012423409475576314, -0.2403383611432066)
(0.99415720912894, -0.37936190347619975)
(0.9877948820938672, -0.17110628478921475)
(0.9754010948023157, -0.3849221738708255)
(0.9989524822902235, -0.056332600507888186)
(0.9957662673492005, -0.19333863392529188)
(0.024598905197684314, -0.3849221738708255)
(0.05478046380339501, -0.4743657047364861)
(0.004780823834922017, -0.11393658039311312)
(0.004602216628888487, -0.10189188786834714)
(0.012421794000929534, -0.2619551517107258)
(0.99415720912894, -0.37936190347619975)
(0.8152732394366197, -0.8255940899719112)
(0.758085147934772, -0.715471882482249)
(0.8984675236166064, -0.6935565519282048)
(0.9978474072181878, -0.06684621709758705)
(0.9991601078746444, -0.09373973385079616)
(0.08495892236904502, -0.4695504882214675)
(0.9912258426225183, -0.2416445995811857)
(0.15794921651607, -0.8380587382478225)
(0.9959058854104474, -0.12866472947939356)
(0.0061946241911398706, -0.36471615472875624)
(0.0010069432068053013, -0.045029120837491055)
(0.9909828716071613, -0.1351812382569907)
(0.11201736772774361, -0.4685416191441925)
(0.9930493934283984, -0.11995788458769031)
(0.9122780808450759, -0.7062038618752734)
(0.9943183028392512, -0.7803305233871555)
(0.007018012440965323, -0.18289885346671372)
(0.0006322240788127687, -0.1099027072165148)
(0.009530796517252499, -0.23628337789425063)
(0.0010069432068053013, -0.045029120837491055)
(0.11201736772774361, -0.4685416191441925)
(0.0010723972545534954, -0.05016031225483905)
(0.01615366902057108, -0.562415378300638)
(0.8836494081739001, -0.6818234523655096)
(0.021944202961065504, -0.2431215134648419)
(0.9058739373101288, -0.431384237365513)
(0.8248235184841166, -0.6805821612948831)
(0.03327671685640837, -0.6727091028737341)
(0.9934105610802785, -0.12196991594450642)
(0.02469335397076129, -0.3883907867578059)
(0.02248031246030738, -0.23266694870128005)
(0.9950238019335265, -0.13122669592807323)
(0.02403118284821254, -0.4473009589580919)
(0.7602025913330134, -0.7643751745812256)
(0.8200120719929763, -0.8041206703797973)
(0.00019884118484834396, -0.030965753455951553)
(0.042729680263997115, -0.5079689656762646)
(0.031142082880347893, -0.292860984703776)
(0.7158810073323666, -0.7482636739957018)
(0.06398265275307854, -0.6146317106080522)
(0.6948662821185108, -0.7684475667017002)
(0.9004890226386704, -0.5011386053280016)
(0.001297746274172307, -0.09086267015172052)
(0.010536867212238352, -0.15065895358187095)
(0.7397974086669866, -0.7643751745812255)
(0.8713798198705319, -0.5155606212004441)
(0.043148656630641276, -0.29242618845886525)
(0.9344381442060499, -0.8802224296029302)
(0.9980335859724218, -0.15434607093205524)
(0.05464643209603029, -0.7378650529194489)
(0.9618415890142227, -0.3593500514223007)
(0.008903352459258822, -0.13544311667247183)
(0.9997355667083941, -0.042074739290599336)
(0.022995145194641735, -0.32936921462288554)
(0.8817777952508256, -0.5761241978692179)
(0.3030679848097086, -0.7561243651965566)
(0.01482947037075532, -0.5439685480482792)
(0.011632617502286884, -0.3191683385677881)
(0.9218938415733814, -0.3909521790063234)
(0.9916134896490317, -0.27183896818656644)
(0.008044116476880102, -0.1534307648663965)
(0.9994813750320138, -0.10425354356023891)
(0.9374091184489549, -0.5549187782869367)
(0.05762976694915254, -0.38809044218753774)
(0.973386305741809, -0.268173643182909)
(0.9980837535855192, -0.0758747377367552)
(0.945219536196605, -0.4743657047364861)
(0.058003635034991896, -0.34322729032971605)
(0.020494785869621054, -0.3136675092253597)
(0.0488800224723777, -0.38115376664624273)
(0.0004055583501006036, -0.4607109877075397)
(0.05114916936275401, -0.3329431980670286)
(0.9542648170592682, -0.43963061143248844)
(0.9557791156366482, -0.3981236646255046)
(0.058138491002673265, -0.7308729550034625)
(0.9979684358232708, -0.09848210702708454)
(0.003873309419926367, -0.34673560929502983)
(0.022320615034168566, -0.41726352781894716)
(0.04654615654615655, -0.5143662722710223)
(0.9998261342123116, -0.02602533769211623)
(0.9865511022044088, -0.2936732484369023)
(0.8308115083158096, -0.7003582057446676)
(0.9970693018915938, -0.6215240943676913)
(0.9992718372995744, -0.05050028911815956)
(0.9980005224423042, -0.08321764887902862)
(0.160180771652127, -0.6589754068262175)
(0.93214761231521, -0.5028720538962508)
(0.08746077164482186, -0.6763104622946937)
(0.20570945658644443, -0.7788871873140479)
(0.9936327574104722, -0.23592276071083582)
(0.964399171009538, -0.2771047186084424)
(0.08779392588230345, -0.7705324894313624)
(0.22502024515036625, -0.6742691085232738)
(0.005054769176553507, -0.5379381202646476)
(0.9711854824311572, -0.31146746590805846)
(0.05750753115832168, -0.7213321337790379)
(0.06550079573403882, -0.37860134491973996)
(0.9608549504278148, -0.4975653638802602)
(0.0014610962634259493, -0.18473973951138903)
(0.0002430192234133018, -0.05790691730313239)
(0.9992718372995744, -0.05050028911815956)
(2.6999969230223743e-06, -0.00746538710772938)
(0.003136230573339363, -0.08719265474094666)
(0.9316318889776358, -0.3657721419978391)
(0.788696193713188, -0.7734116773101302)
(0.26832791797186606, -0.7127991466915105)
(0.0013649438365890513, -0.06669653141783677)
(0.8717546806446475, -0.530483742524776)
(0.011171398404504927, -0.4297951401044528)
(0.9367539487470745, -0.35874832544240226)
(0.9710461715636507, -0.555145814594026)
(0.024534788368132214, -0.4621931210812283)
(0.9848173130294181, -0.4420655180455096)
(0.9774859083682613, -0.5294946920436994)
(0.9993272974558643, -0.09770051134061433)
(0.992022197448473, -0.13939319520172724)
(0.8064667412442991, -0.630509211642777)
(0.8522334203326939, -0.5760154986085904)
(0.9353460541884464, -0.5487102572004667)
(0.7952354016186581, -0.6376422894874869)
(0.007759684655013417, -0.12701073248546887)
(0.02790073917634636, -0.30948880880678825)
(0.26778448359778056, -0.71324321507843)
(0.0022275264259346184, -0.07509277566601054)
(0.9949312620447601, -0.13870920964604425)
(0.9826369780086732, -0.8064749541572975)
(0.992022197448473, -0.13939319520172724)
(2.575758368679825e-06, -0.005991416386223038)
(0.8954839232765011, -0.8486781352507311)
(0.8936888132508805, -0.6173140637690795)
(0.9965177928612152, -0.1524627756218598)
(0.995894389651789, -0.1687652891893052)
(0.9997279537591359, -0.024413018332220645)
(0.973386305741809, -0.268173643182909)
(0.9974984514678555, -0.1400780679767512)
(0.9848173130294181, -0.4420655180455096)
(0.008009434285518487, -0.4184406901248793)
(0.029335010708864444, -0.7618002899191857)
(0.007025980892722363, -0.14786844369933508)
(0.8328880505081614, -0.5641474860256169)
(0.9939793825096106, -0.6315526511834985)
(0.9952090663611816, -0.5995538457164481)
(0.002385937406973744, -0.07270582417294164)
(0.9316949534394713, -0.5502513929483863)
(0.945388784274101, -0.3365244820879397)
(0.9957662673492005, -0.19333863392529188)
(0.059850171759782474, -0.40993787266841475)
(0.1894442593595136, -0.7628313359951602)
(0.044796333889896574, -0.44007420800854735)
(0.008903352459258822, -0.13544311667247183)
(0.9980837535855192, -0.0758747377367552)
(0.09911008613356019, -0.48697014225998986)
(0.12862018012946805, -0.5155606212004441)
(0.042897898905819964, -0.49185390001347334)
(0.9984978190824018, -0.06565285551914361)
(0.0007357115244639318, -0.12758974894389633)
(5.9034003071311534e-05, -0.018847531628851583)
(0.9738288993593243, -0.26313484171649065)
(0.001356025690166126, -0.0684991403750756)
(0.9512024327210263, -0.5669499333400944)
(0.9152852122596047, -0.5432264904509654)
(0.9715177144900171, -0.40932413150959807)
(0.981592951363936, -0.2175867730723071)
(0.8279577620521893, -0.8101666904578408)
(0.0022314920910428433, -0.12419651959273298)
(0.9020155442762621, -0.8301399832888507)
(0.018692820735779766, -0.3388965869818928)
(0.01478736386718411, -0.21188852431451272)
(0.9794448708955915, -0.24243133010298945)
(0.07525417338395132, -0.4763084110263607)
(0.28245219885277245, -0.7004921174474869)
(0.7942905434135555, -0.7788871873140479)
(0.06785238768478992, -0.5028720538962508)
(0.8751749489229581, -0.5893685388346964)
(0.22858463107353036, -0.7783411107629982)
(0.018911318283380846, -0.5645386816011028)
(0.9680780510361781, -0.4458149815946501)
(0.9873369332030929, -0.167223860209892)
(0.9917472499630513, -0.38675482700107217)
(0.18751257348503475, -0.8189136004314899)
(0.8351357616561511, -0.7384897446532597)
(0.8351357616561511, -0.7384897446532597)
(0.9851212420167195, -0.380453167272481)
(0.004123351072318928, -0.20161762896996605)
(0.2609585381491772, -0.7829822129195033)
(0.9680958149975948, -0.6527060475423321)
(0.8832832014647224, -0.47911773677504166)
(0.9955355198693522, -0.0997162159567326)
(0.9055904933028422, -0.5984276011516426)
(0.000729989368165249, -0.1391089677342936)
(0.8692751961908121, -0.6460759675955129)
(0.046539836031112045, -0.3080574962581758)
(0.9839773245791928, -0.23217740913673418)
(0.004135677081275046, -0.28956250537462996)
(0.19582425958188154, -0.7978165884691543)
(0.0005646004326360785, -0.07583704263743142)
(0.013786991640506507, -0.6461101503034031)
(0.008601592681420632, -0.1315352994445849)
(0.9875782059990704, -0.2619551517107258)
(0.26020259133301343, -0.7643751745812255)
(0.9962123679621575, -0.09178944534711561)
(0.9899186431329289, -0.20207246410647303)
(0.9192542027684767, -0.6323265860489413)
(0.998988692686833, -0.5058019044677494)
(0.6861225966508167, -0.7574061968679668)
(0.9998500033332592, -0.8141094140686553)
(0.052293153283352906, -0.8272906183385322)
(0.006612152063251381, -0.793582535308211)
(0.0037130255074331042, -0.08613546222671864)
(0.024730263624123023, -0.32453172828381727)
(2.56686724134651e-05, -0.010249490471258237)
(0.01673339797929244, -0.22919539392851548)
(0.006648619530722419, -0.14300723996902018)
(0.02403118284821254, -0.4473009589580919)
(0.9966085205393711, -0.49849288697567873)
(0.9730828331332533, -0.35184381985597657)
(0.9680409476156439, -0.3741012737925412)
(0.9793707135122127, -0.8816204486223934)
(0.9608763630532392, -0.5874877764994156)
(0.9968758383860064, -0.1965752950716508)
(0.009922051523271148, -0.30772628780882094)
(0.00013224873600313784, -0.03151239030236453)
(0.88153212139886, -0.564408222808559)
(0.004308772496166573, -0.11826563713180069)
(0.0011766590479713572, -0.12100427310546684)
(0.944845382563497, -0.3862614288538758)
(0.7500843117003562, -0.772205335718727)
(0.9947481252455544, -0.1251626646025984)
(0.045679872877225136, -0.35715004915774884)
(0.932269361330335, -0.5247395010169953)
(0.9999693305461964, -0.035388915472573834)
(0.9968758383860064, -0.1965752950716508)
(0.9994327035942686, -0.09267925236406024)
(0.1769389821925901, -0.6183768713394135)
(0.9413660670879922, -0.7124110402042501)
(0.0004244394649657012, -0.25181624171744055)
(0.9999928007953407, -0.005581971933386949)
(0.9729053761109907, -0.39709232324413135)
(0.9672289291164684, -0.45455460801895303)
(6.11713128358532e-05, -0.01278776704376011)
(0.00023792793487776163, -0.030719525722633097)
(0.00035094748750824926, -0.0345392078273815)
(0.11201736772774361, -0.4685416191441925)
(0.9747353606465714, -0.23277930248629825)
(0.04654737632793218, -0.3931294961101358)
(1.7778947512279996e-07, -0.00113277366677848)
(0.022995145194641735, -0.32936921462288554)
(0.010763162537490234, -0.1846698981399983)
(0.03570357697192042, -0.6461785265716022)
(0.8879826322722564, -0.4685416191441925)
(0.007581710835151427, -0.37880882345189953)
(0.88153212139886, -0.564408222808559)
(0.9894631327877617, -0.15065895358187095)
(0.8008848340363103, -0.6718455481845509)
(0.0010723972545534954, -0.05016031225483905)
(0.9853079168164564, -0.22322666932228177)
(0.05982698645184914, -0.6707385159740674)
(0.0008273184867151818, -0.05732278602141336)
(0.9999616346903661, -0.011450439284359163)
(0.009681468471392299, -0.3497044514471236)
(0.9191862118513419, -0.5483488907889953)
(0.9999919957481415, -0.23459333753292025)
(0.9988365000278595, -0.10743712625771945)
(0.9875360988346881, -0.16901053551988576)
(0.16880898304421035, -0.7173070004797658)
(0.8065890082658101, -0.5972861036976631)
(0.9736538032567477, -0.32688590446133003)
(0.0844212866301491, -0.4499488804316224)
(0.21679671157225336, -0.7663738963790385)
(0.9289010107185847, -0.699970151177966)
(0.9316949534394713, -0.5502513929483863)
(0.08234288623799825, -0.5329609796698219)
(0.9780557970389345, -0.2431215134648419)
(0.9004890226386704, -0.5011386053280016)
(0.004865087317492127, -0.26220825753294846)
(0.9829908192372536, -0.29272760335352377)
(0.048313780672906655, -0.5792394659515488)
(9.177295072498492e-05, -0.031348902140944046)
(0.8401020929836248, -0.5675647607631963)
(0.8097186359184401, -0.652403841910846)
(0.03111872255107886, -0.8744447618508583)
(0.9393959984110724, -0.7659412879200426)
(0.9401730135481509, -0.6707385159740674)
(0.9997620720651222, -0.030719525722633097)
(0.999869095935807, -0.0852580793813964)
(0.8138813354869048, -0.7490285977081548)
(0.01484682721683415, -0.2791145443100449)
(0.9980842196462715, -0.547259466755849)
(0.006492195209286639, -0.1525389520991267)
(0.9608549504278148, -0.4975653638802602)
(0.0008594507094867117, -0.19834085540386637)
(0.015782947062344992, -0.6266268321646038)
(0.7762263210368894, -0.7305231852941886)
(0.9996292000164948, -0.04873374332061669)
(0.06112060713797347, -0.500967287604315)
(0.011343757975082941, -0.16999159103776332)
(0.9997384514091541, -0.10220827286563394)
(0.9965177928612152, -0.1524627756218598)
(0.015182686970581847, -0.4420655180455096)
(0.0025606263392578517, -0.25405669606390685)
(0.0006622500242236525, -0.06016619518270145)
(0.1799879280070237, -0.8041206703797973)
(0.009845470984711491, -0.24090572245604838)
(0.7023164626276059, -0.7164653213615904)
(0.12824531935535252, -0.530483742524776)
(0.0012106225835122495, -0.08201951266704925)
(0.1506201152470526, -0.6066322980279435)
(0.007247452007695141, -0.3748898708864103)
(0.03061189685751967, -0.8330469267020683)
(0.05863393291200778, -0.7124110402042501)
(0.8325568635275339, -0.7309604497706217)
(0.9911651867818934, -0.7244989369055621)
(0.004343462699136782, -0.10284437572462225)
(0.00012130008758541656, -0.03806353915993176)
(0.9358915371850958, -0.5526585871549791)
(0.9851401411728575, -0.1757978173510346)
(0.9929740191072777, -0.14786844369933508)
(0.9664493091958658, -0.38875758974621233)
(0.9848981828013604, -0.5213344775732296)
(0.019305999540806414, -0.3235172263162392)
(0.05091475754877358, -0.5931472151299856)
(0.05299779849173263, -0.3432079979624672)
(0.9974393736607422, -0.25405669606390685)
(0.9426993243243244, -0.4950775370608589)
(0.9996353887777245, -0.2581217607199473)
(0.9418615089973268, -0.7308729550034625)
(0.014222040599102866, -0.696338054863977)
(0.053966062891387785, -0.4933773852602998)
(0.12278127598906974, -0.8705177080314496)
(0.9608763630532392, -0.5874877764994156)
(0.9656672512010626, -0.3801452454785423)
(0.9991601078746444, -0.09373973385079616)
(0.9991726815132849, -0.05732278602141336)
(0.8124874265149652, -0.8189136004314899)
(0.10451607672349889, -0.8486781352507311)
(0.9672482197355036, -0.7453863223296757)
(0.0001559849410225225, -0.0483266248717211)
(0.965734078015321, -0.2935650000200612)
(0.05918714603242375, -0.4600572343438469)
(0.7757657771823745, -0.663234326776921)
(0.947712113566053, -0.401910368634438)
(0.05276425064155671, -0.7402804207501377)
(0.013897024037486765, -0.4126668515004118)
(0.8807968257419285, -0.7965156591478108)
(0.042729680263997115, -0.5079689656762646)
(0.9373428402666442, -0.6182725127416009)
(0.9675981160066811, -0.38007425737365064)
(0.008961867797695262, -0.14658985972512628)
(0.9999388286871641, -0.01278776704376011)
(0.9761656371684784, -0.2323393776239746)
(0.9999781967627669, -0.014589546688796544)
(0.09785846988133295, -0.6131812098097571)
(0.0940433813174777, -0.7165494003775535)
(0.00025819657788079994, -0.027279660023800667)
(0.09359192710550966, -0.6239587455080228)
(0.07525417338395132, -0.4763084110263607)
(0.028158125347579162, -0.308698644588749)
(0.9997344161800049, -0.2126745175517732)
(0.0030209123570416386, -0.10487879919987277)
(0.030766603326161723, -0.28766852821665245)
(0.9619086787808768, -0.4600687890708839)
(0.0721978498463265, -0.4672151013544127)
(0.0010475177097764733, -0.056332600507888186)
(0.05947459610620545, -0.556799515821444)
(0.848814358095522, -0.6824330851371648)
(0.9332941367285703, -0.5942054617225458)
(0.0020127529023631296, -0.11445663557848428)
(0.9821443363015117, -0.7586609596708129)
(0.013786991640506507, -0.6461101503034031)
(0.0004651364793538383, -0.03928672754369716)
(0.0035610956639362742, -0.13765588691103764)
(0.004912502555637167, -0.277415268266207)
(0.9997815492835792, -0.022339436584658607)
(0.9873269859401392, -0.22259869088055534)
(0.1234604867686606, -0.8279075668912241)
(0.11951021982259931, -0.5651482875820063)
(0.05088795329720292, -0.3331369597943436)
(0.8899604153979295, -0.5871300000401225)
(0.016031915738981557, -0.2646574565836402)
(0.7981229921982561, -0.6725238686095193)
(0.9921281174928196, -0.27763390909541413)
(0.032041235606515846, -0.29749839818186186)
(0.9452082556839358, -0.34136915526000333)
(0.0368923747140126, -0.5741018858323182)
(0.9800577759813596, -0.8710558439930469)
(0.02030765920826162, -0.31528173616612354)
(0.1787318663131407, -0.6187110557226211)
(0.8820378978145968, -0.6866540042452967)
(1.3663433308942766e-06, -0.01177811669102623)
(0.05029757126803202, -0.42010570078324383)
(0.0033282321663948527, -0.08184745144769678)
(0.9991729585824641, -0.31978123984204215)
(0.9978275944843037, -0.1954270810151418)
(0.9965983940781632, -0.22982082518351143)
(0.006970824288815263, -0.26159415159447874)
(0.2368790443006471, -0.7294323094575123)
(0.9998661320816129, -0.02564365987014536)
(0.0045908091671383626, -0.4822585825753756)
(0.9631882695597233, -0.5645734807986248)
(0.09470521856192587, -0.7252878076992311)
(0.0765089135822208, -0.5857500638340963)
(0.004228654124457308, -0.4241474702460615)
(0.9587048296309028, -0.3935433521946414)
(0.23458348863212822, -0.6827383105200067)
(0.9940647370609941, -0.3241785113175139)
(0.22423422281762556, -0.663234326776921)
(0.9960587854367535, -0.26360438726797786)
(0.8968460469425571, -0.5657155303042551)
(0.0075855056185901455, -0.19974885497714703)
(0.998273378992511, -0.23449873739040875)
(0.2397974086669866, -0.7643751745812256)
(0.9992485494788869, -0.09840909461293532)
(0.030119104248234475, -0.6702721969794643)
(0.9880943903890462, -0.18633805035630902)
(0.9342112289945884, -0.6521599569656715)
(0.011171398404504927, -0.4297951401044528)
(0.12219771944922547, -0.788204340415309)
(5.122274154660544e-09, -0.00015012663406027826)
(0.9997373794440932, -0.024877305266945093)
(0.78982212340189, -0.8145800498611131)
(0.0049761980664734815, -0.13122669592807323)
(0.9997620720651222, -0.030719525722633097)
(0.07194839192221392, -0.548028986424885)
(0.774601528160046, -0.752490197233364)
(0.9998500033332592, -0.8141094140686553)
(0.0467208825709676, -0.3195023568002752)
(0.8052660061610191, -0.610036428981826)
(0.0018785505938529205, -0.13015997521025044)
(0.1544833550343005, -0.711968007122521)
(0.8840295450780791, -0.5516848787402466)
(0.010342661336379212, -0.8369100569389735)
(0.02042885370953289, -0.4208779006789922)
(0.24051372169374527, -0.7710189776602315)
(0.24991568829964378, -0.772205335718727)
(0.003338793499023573, -0.1954760895031617)
(0.160180771652127, -0.6589754068262175)
(0.9209485135235824, -0.5459464681097319)
(0.0004213033639126408, -0.1037630894140373)
(0.002819962034169248, -0.3660279522679944)
(0.10087343626732785, -0.8257801812803688)
(0.9814759846648061, -0.20326198959439168)
(0.13408048730408595, -0.5014815925330718)
(0.0031644875394875394, -0.8036973004234722)
(0.23531426707264028, -0.7967755054915955)
(0.025264639353428556, -0.23277930248629825)
(0.0015903665539139331, -0.06753318108796291)
(0.24950408100010332, -0.7570149342391479)
(0.9994557894332393, -0.04853939281934006)
(0.004872787528052427, -0.18230090983167827)
(0.9418615089973268, -0.7308729550034625)
(0.9634437685491171, -0.7711325799849199)
(0.9999933890067115, -0.19375889306852456)
(0.16815605162680658, -0.8581606835750757)
(0.0844182052382997, -0.6292097508373303)
(0.9999082270492751, -0.031348902140944046)
(0.9853858776312214, -0.3829066007076189)
(0.12345960536113179, -0.6819757584233723)
(0.9988282152916299, -0.15681898544848238)
(0.8955910751018009, -0.7689798443076185)
(0.041594486910201164, -0.39665379422818436)
(0.020606853759700294, -0.30635986204261073)
(0.09412606268987118, -0.431384237365513)
(0.97236996819735, -0.2891100603895514)
(0.7655405031284029, -0.6761731555804352)
(0.05115195576489863, -0.7502710985562884)
(0.8847679514552197, -0.8233675186538614)
(0.9904406215252373, -0.21106818308437117)
(0.828322884294106, -0.658123084457642)
(0.8997262883325039, -0.6286914650439065)
(0.9982234813609404, -0.09805509748437884)
(0.10145400265369306, -0.8101666904578407)
(0.015291699327874048, -0.30550657734871794)
(0.7139137285395649, -0.7496723432544877)
(6.323143261442011e-05, -0.013606638369131755)
(0.9992695265074868, -0.29652559888711905)
(0.9956565373008632, -0.10284437572462225)
(0.01891056713523994, -0.887923842523111)
(0.9999409659969287, -0.018847531628851583)
(0.8852283696033696, -0.8036973004234722)
(0.7500843117003562, -0.772205335718727)
(0.9762429511278196, -0.3443208434445823)
(0.8583780687957328, -0.626337580224707)
(0.9958633841215824, -0.17709374754680943)
(0.8990765052873894, -0.6588687458187101)
(0.9960587854367535, -0.26360438726797786)
(0.9999919957481415, -0.23459333753292025)
(0.999790910631013, -0.06533171246868752)
(0.0007782014819115387, -0.0439460275948189)
(0.0370873479027262, -0.3134849977110841)
(0.9112057097311789, -0.5309142488588299)
(0.99502071803999, -0.20376394083541569)
(0.9994158299040108, -0.04378824027349745)
(0.9999604449096291, -0.011040989845418273)
(0.04345481460594953, -0.5165055370436142)
(0.04920862597685231, -0.7248142792067179)
(0.006013693260679587, -0.11770593784539518)
(0.8327799891442011, -0.6628503300615806)
(0.1311500680387821, -0.7789534304835762)
(0.8892583176581237, -0.5383808156375435)
(0.02251409163173869, -0.5294946920436994)
(0.0399954221981772, -0.30492935821302225)
(0.9629126520972738, -0.3134849977110841)
(0.9954091908328616, -0.4822585825753756)
(0.003025046321824515, -0.12547387908891927)
(5.880279256639779e-05, -0.021276875920882836)
(0.0003087193788495877, -0.03675113631051859)
(0.02254319846405461, -0.2605115390919687)
(0.21850603621730383, -0.7371375803320636)
(0.9930291757111848, -0.26159415159447874)
(5.083995325298476e-06, -0.009430679464392355)
(0.9999367685673856, -0.013606638369131755)
(0.788696193713188, -0.7734116773101302)
(0.007144401122385722, -0.14941652966860078)
(0.0037876320378424965, -0.09178944534711561)
(0.8713798198705319, -0.5155606212004441)
(0.08606980405878237, -0.6409331305546458)
(0.8194304841737943, -0.69479295534722)
(0.8029293099100614, -0.6158819491048761)
(0.841914852065228, -0.715471882482249)
(7.35234207983984e-05, -0.02842833522218317)
(0.05508851099418058, -0.6383199941196563)
(0.7097836163667777, -0.7718962062808891)
(0.17517648151588333, -0.6805821612948831)
(0.012016935853004642, -0.2395588683875208)
(0.158085147934772, -0.715471882482249)
(0.941996364965008, -0.34322729032971605)
(0.9155787133698509, -0.4499488804316224)
(0.21347416582116124, -0.7013369401478561)
(0.9369142644777663, -0.5919683580420042)
(0.05562484528819239, -0.6975976872727605)
(0.20767356222246292, -0.793582535308211)
(0.9998440150589775, -0.0483266248717211)
(0.9961054452979576, -0.19209678180795195)
(0.01626856190489201, -0.2502406916743184)
(0.9980837535855192, -0.0758747377367552)
(0.04034164859002169, -0.7947014694686239)
(0.9990251829370838, -0.14328241630458705)
(0.12362854927323423, -0.6044404108578239)
(0.01693932932738903, -0.284053016030266)
(0.9997384514091541, -0.10220827286563394)
(0.07189324723500722, -0.5033418663530063)
(0.05662628252692987, -0.46869147381858556)
(0.004912502555637167, -0.277415268266207)
(0.19700319868556745, -0.6403617790722687)
(0.9570886117564547, -0.4014787373701788)
(0.966882904694358, -0.27207921027325127)
(0.9342112289945884, -0.6521599569656715)
(0.04203378537273654, -0.28718145130127426)
(0.9990251829370838, -0.14328241630458705)
(0.8561526557865627, -0.524934987928294)
(0.008499034749034748, -0.7072536243726556)
(0.03836841897389312, -0.28939324414474155)
(0.053966062891387785, -0.4933773852602998)
(0.026346196743252285, -0.32688590446133003)
(0.8105557406404864, -0.7628313359951602)
(0.002313153772297741, -0.18513182951388932)
(0.9963007506709044, -0.22653527499352938)
(0.020049094177845388, -0.5066482885147774)
(0.01299339876945214, -0.17115424708365556)
(0.0013043867368703669, -0.10929026965530647)
(0.0008935806836698239, -0.06384590459033583)
(0.044796333889896574, -0.44007420800854735)
(0.9641171857803214, -0.5040135612825165)
(0.9452818291479329, -0.40175170240710123)
(0.9943183028392512, -0.7803305233871555)
(0.9619071943219701, -0.3939750268039957)
(0.9964389043360637, -0.13765588691103764)
(0.966882904694358, -0.27207921027325127)
(0.8622011841493725, -0.740310338927467)
(0.9645855460893539, -0.41395378344561207)
(0.03588281421967863, -0.5040135612825165)
(0.00047731829551719677, -0.06494673312633921)
(0.004163129528359623, -0.36163443174642723)
(0.14003907057510231, -0.7573435676707231)
(0.04966877852452387, -0.7054966924551515)
(0.9999247733513822, -0.030202561863101152)
(0.008508847059739552, -0.35656607305883986)
(0.03275178026449644, -0.7453863223296757)
(0.9996351866437875, -0.12882126692207782)
(0.004094114589552501, -0.12866472947939356)
(0.9449314709224956, -0.35586297819797724)
(0.9307500508854061, -0.7456897566151752)
(0.09635639721627409, -0.4903069826352189)
(0.9795052141303789, -0.3136675092253597)
(1.8095596916959555e-07, -0.000914407645439705)
(0.008862124539809446, -0.289432110971129)
(0.17228319875144193, -0.6214924635696472)
(0.8191418674567557, -0.7981294440874812)
(0.11796210218540315, -0.6866540042452967)
(4.319935031607346e-05, -0.015708586291078963)
(0.9590071845660637, -0.5243264504022149)
(0.9969709137582763, -0.12847792665842625)
(0.016917387279959308, -0.3054989346528428)
(0.02062928648778727, -0.8816204486223934)
(0.028357183472327522, -0.3471923591973423)
(0.006193739226660424, -0.15592661463898858)
(0.7594862783062547, -0.7710189776602315)
(0.9984978190824018, -0.06565285551914361)
(0.9051146710132563, -0.4665249492862963)
(0.9915383046006324, -0.7474393092421414)
(0.897504741971352, -0.4792430864347382)
(0.8029293099100614, -0.6158819491048761)
(0.006968384144028725, -0.30878971150850504)
(0.004464480130647795, -0.0997162159567326)
(0.001502180917598231, -0.06565285551914361)
(0.09778485872235872, -0.5625881102964305)
(0.8401752563649222, -0.8096653496840427)
(0.9969790876429584, -0.10487879919987277)
(0.998988692686833, -0.5058019044677494)
(0.1450944182570706, -0.5264965759729759)
(0.19531985183702072, -0.7335216286415769)
(0.09675009777082519, -0.5731050096598133)
(0.008774157377481696, -0.2416445995811857)
(0.9965309000004707, -0.0862378543072241)
(0.9680958149975948, -0.6527060475423321)
(0.012680939626128101, -0.3419139491969459)
(0.0060206174903894225, -0.6315526511834985)
(0.8948893681438318, -0.7597150269063219)
(0.9961211724090153, -0.10575159841614966)
(0.0001667145211772648, -0.02007464084048424)
(0.999956800649684, -0.015708586291078963)
(0.14384734421343726, -0.524934987928294)
(0.9996692526697925, -0.38774951835254556)
(0.9958724338331488, -0.2304250386340417)
(0.24051372169374527, -0.7710189776602315)
(0.032072639634687754, -0.30980286450893035)
(0.9423702330508474, -0.38809044218753774)
(0.03197915529848303, -0.39982252256360973)
(0.07869347560402369, -0.8610448844247335)
(0.004780823834922017, -0.11393658039311312)
(0.9486188362777025, -0.5279076881538886)
(0.041866111861444344, -0.36382515435075435)
(0.060285284489973195, -0.38810277596219755)
(0.09307498159638238, -0.7705486958145663)
(0.8613069746099725, -0.5603508372973931)
(0.035181678934604096, -0.7793842858891111)
(0.09796447484554281, -0.8083790322705993)
(0.0005841700959891568, -0.04378824027349745)
(0.8026770922463544, -0.6669653141783677)
(0.883551581334012, -0.8475982172108266)
(0.02938028137106092, -0.4149853621633352)
(0.9851212420167195, -0.380453167272481)
(0.026835380835380836, -0.7201127811794311)
(0.0033282321663948527, -0.08184745144769678)
(0.1307248038091879, -0.6460759675955129)
(0.03950348005097539, -0.3591386897608426)
(0.9763867353207922, -0.535907927540206)
(0.02469335397076129, -0.3883907867578059)
(7.518101052495741e-05, -0.014070558287656396)
(0.012415370303374852, -0.18934176310147066)
(0.0004651364793538383, -0.03928672754369716)
(0.9993665535916466, -0.08023086081370995)
(0.9679587643934842, -0.29749839818186186)
(0.8892583176581237, -0.5383808156375435)
(0.9345947279004768, -0.40155354570618246)
(0.9810886817166191, -0.5645386816011028)
(0.8765395132313394, -0.8279075668912241)
(0.020128771784984345, -0.36885452254264933)
(0.9991405492905133, -0.19834085540386637)
(0.9634437685491171, -0.7711325799849199)
(0.9374091184489549, -0.5549187782869367)
(0.9979966208779768, -0.21795181028433144)
(0.9761656371684784, -0.2323393776239746)
(0.9648351057290386, -0.5630031002966492)
(0.9825265334466533, -0.18985788925656372)
(0.04203378537273654, -0.28718145130127426)
(0.7306528158616326, -0.7727428336322202)
(5.880279256639779e-05, -0.021276875920882836)
(0.9941310100828061, -0.3474986269409502)
(0.9839773245791928, -0.23217740913673418)
(0.9999558360145945, -0.010877177727605908)
(0.9099521942999487, -0.6710333676918375)
(0.09636156677861017, -0.5915095863876187)
(0.9619086787808768, -0.4600687890708839)
(0.9471134540496624, -0.3421246859212346)
(0.10961192394961271, -0.5732843712151405)
(9.23267678742845e-05, -0.016281392319881054)
(0.0011766590479713572, -0.12100427310546684)
(0.9998078295067476, -0.024987782760041332)
(0.9949430272146589, -0.16262096004804427)
(0.059850171759782474, -0.40993787266841475)
(0.9966717678336051, -0.08184745144769678)
(0.09507994556897431, -0.623162744386861)
(0.04982538211136741, -0.7897845892707775)
(0.8200120719929763, -0.8041206703797973)
(0.9628884808080002, -0.731266846494013)
(0.9751799627720033, -0.6034845692013039)
(0.12663467021478805, -0.6963645265634586)
(0.12391153712899873, -0.846188653251035)
(0.00956318571618718, -0.17415402703173335)
(0.9999918514239536, -0.0041898820352093465)
(0.9960425467055698, -0.7977123577603875)
(0.0011634999721405173, -0.10743712625771945)
(0.1234604867686606, -0.8279075668912241)
(0.004226033911084075, -0.3138851901822662)
(0.9764566698130054, -0.4673044942792362)
(0.15122690007070919, -0.700130673314036)
(0.9754652116318678, -0.4621931210812283)
(0.21679671157225336, -0.7663738963790385)
(0.0380928056780299, -0.3939750268039957)
(0.14384734421343726, -0.524934987928294)
(0.774601528160046, -0.752490197233364)
(0.9200300305021855, -0.5760154986085902)
(0.04437065121202131, -0.3178474930376322)
(0.9209485135235824, -0.5459464681097319)
(0.06924994911459394, -0.7456897566151752)
(0.9193074467392013, -0.4773697015115455)
(0.02248031246030738, -0.23266694870128005)
(0.9476530934699682, -0.4134679112306566)
(0.014859858827142426, -0.1757978173510346)
(0.09798445572373787, -0.8301399832888507)
(0.0001559849410225225, -0.0483266248717211)
(0.010763162537490234, -0.1846698981399983)
(0.798527186418192, -0.7594315570262548)
(0.9977041966298165, -0.15728555433080846)
(0.9731646191646192, -0.7201127811794311)
(0.025958764636008824, -0.6216822966655958)
(0.8631839376548845, -0.5972958416346609)
(0.9956565373008632, -0.10284437572462225)
(0.07012893491530073, -0.5025133768946377)
(0.8244414382963868, -0.6394787527055954)
(0.9938053758088601, -0.36471615472875624)
(0.9628884808080002, -0.731266846494013)
(0.0031241616139936687, -0.1965752950716508)
(0.9993136658503201, -0.09606249440838535)
(0.958691344148834, -0.5417965030908999)
(0.00021194329386174356, -0.07706897201192259)
(0.9775033753375337, -0.8243865378601161)
(0.11201736772774361, -0.4685416191441925)
(0.9994929622853341, -0.038084471020108486)
(0.9507913740231477, -0.7248142792067179)
(0.22377367896311068, -0.7305231852941886)
(0.013786991640506507, -0.6461101503034031)
(0.9985867647058824, -0.21550433966178564)
(0.8388389520475198, -0.7205801845423775)
(0.19582425958188154, -0.7978165884691543)
(0.00035094748750824926, -0.0345392078273815)
(0.9064080728944903, -0.6239587455080228)
(0.0014831784165599874, -0.09268628655766892)
(0.8856164509149583, -0.6717469973688723)
(0.015750163866560873, -0.25277357258428645)
(0.12482505107704188, -0.5893685388346964)
(0.09885913793982229, -0.6224322149969174)
(0.032041235606515846, -0.29749839818186186)
(0.9964816466667789, -0.12331735948467126)
(0.9999276866416491, -0.025534970909122535)
(0.03433274879893746, -0.3801452454785423)
(2.692453262308248e-07, -0.0008052245845050867)
(0.01226981787911853, -0.41211444416013543)
(0.9910381322023047, -0.14658985972512628)
(0.9979872470976369, -0.11445663557848428)
(0.9631076252859874, -0.5741018858323182)
(0.9620181980302355, -0.7424256827808446)
(0.8955910751018009, -0.7689798443076185)
(0.1691884916841904, -0.7003582057446676)
(0.035600828990462074, -0.2771047186084424)
(0.9966116359554765, -0.34267830644938324)
(0.0052518747544456025, -0.1251626646025984)
(0.9774859083682613, -0.5294946920436994)
(0.7690044386657102, -0.8212817822476587)
(0.9619110614759627, -0.27459366609080904)
(0.9983767123676087, -0.06925221540720382)
(0.19911516596368972, -0.6718455481845509)
(0.998409633446086, -0.06753318108796291)
(0.08913367899439417, -0.7009343896244965)
(0.9635060586455911, -0.32029285851360845)
(0.04879756727897368, -0.5669499333400944)
(0.841209544482708, -0.5979294893588085)
(0.9981416472111927, -0.12486405392717766)
(0.9964816466667789, -0.12331735948467126)
(0.061619465854095716, -0.6566721230059789)
(0.9913218083071981, -0.5604794269487272)
(0.0035610956639362742, -0.13765588691103764)
(0.23531426707264028, -0.7967755054915955)
(0.03297022926884909, -0.8357645201894276)
(0.012663066796907095, -0.167223860209892)
(0.0021107845025091663, -0.0719852431602203)
(0.009894471481652926, -0.2291710208961702)
(0.8984675236166064, -0.6935565519282048)
(0.13540370499825236, -0.5122088464523392)
(0.8903880760503873, -0.5732843712151405)
(0.9967152275627392, -0.15583044552319678)
(0.07821567972882748, -0.4703884975412609)
(0.10591559611235377, -0.7251873105663921)
(0.8046801481629793, -0.7335216286415769)
(0.053360204325963764, -0.5848150330034888)
(0.9988262471051331, -0.08578813612139019)
(0.23192836963455754, -0.6677433289438359)
(0.9999979537927081, -0.0023610807469168047)
(0.012910001577158915, -0.17509206183659468)
(0.1077250216527127, -0.8136031833374837)
(0.2934826089565374, -0.7327587203732936)
(0.8982848997608975, -0.6738226548188994)
(0.15989790701637516, -0.5675647607631963)
(0.03808893852403723, -0.27459366609080904)
(0.9577132925595108, -0.32239836091436225)
(0.9678748944949827, -0.6871562926475394)
(0.9957868906231626, -0.22673576233609294)
(0.0038979452691604425, -0.1135393366055213)
(0.003025046321824515, -0.12547387908891927)
(0.9476530934699682, -0.4134679112306566)
(0.020049094177845388, -0.5066482885147774)
(0.9369142644777663, -0.5919683580420042)
(0.06578877100541157, -0.6521599569656715)
(0.026568246832856558, -0.7485847515836445)
(0.9273152620140063, -0.4423537520225013)
(0.9877301821208815, -0.41211444416013543)
(0.9999997590668518, -0.0027159272706969587)
(0.003946441338293044, -0.18980084002084507)
(0.9193534757342139, -0.476289834013749)
(0.03815841098577734, -0.3593500514223007)
(0.9336818125719928, -0.3767868370752793)
(0.035164894270961394, -0.5630031002966492)
(0.03376041208970991, -0.34249570187537803)
(0.9936327574104722, -0.23592276071083582)
(0.0007588376674612063, -0.06060071449426023)
(0.00016068213018595446, -0.03265857631844351)
(0.8826521314676212, -0.47687260322165387)
(0.9321367737777368, -0.8432864778221058)
(0.028357183472327522, -0.3471923591973423)
(0.035414453910646085, -0.41395378344561207)
(0.9992338908281045, -0.07845415710324766)
(0.9994158299040108, -0.04378824027349745)
(0.0751789335560062, -0.4370241887451218)
(0.9962123679621575, -0.09178944534711561)
(0.9980551492426006, -0.09586416723362429)
(0.012415370303374852, -0.18934176310147066)
(0.9952652593053087, -0.32077802749786405)
(0.03815841098577734, -0.3593500514223007)
(0.06853649897384076, -0.3816660007136605)
(0.9125392283551781, -0.6763104622946937)
(0.2008245044429255, -0.6260378971719679)
(0.8990765052873894, -0.6588687458187101)
(0.0005340892100041308, -0.09284342694572832)
(0.9843010061523527, -0.48058844489123265)
(0.013501010705539643, -0.22373379507718347)
(0.7139137285395649, -0.7496723432544877)
(0.01747346655334674, -0.18985788925656372)
(0.9155787133698509, -0.4499488804316224)
(0.9939223692697144, -0.1776648597889672)
(0.08779392588230345, -0.7705324894313624)
(0.9344992042659612, -0.37860134491973996)
(0.0012570605915350633, -0.05932797701502733)
(0.005842790871059935, -0.37936190347619975)
(0.0550685290775044, -0.35586297819797724)
(0.9993236507447221, -0.12013844333916024)
(0.044220884363351844, -0.3981236646255046)
(0.029335010708864444, -0.7618002899191857)
(0.00022240928094979733, -0.14615476391705054)
(0.003136898883445847, -0.10249507676135944)
(0.8652298344487496, -0.6452225738376816)
(0.9859937760955243, -0.3573939374732075)
(0.9891576582958969, -0.15267308049817704)
(0.08472797472797473, -0.5143662722710223)
(0.9333698443873697, -0.5534935449841903)
(0.006923506565371865, -0.1894661219700954)
(0.008304812356775096, -0.21806337753342792)
(0.05644148943934373, -0.5347580280328652)
(0.9363501504741355, -0.5200689589248703)
(0.05947459610620545, -0.556799515821444)
(0.995894389651789, -0.1687652891893052)
(0.9840201050534324, -0.6635706890509611)
(0.9004890226386704, -0.5011386053280016)
(0.9997620720651222, -0.030719525722633097)
(0.018601896785755478, -0.3250240668444295)
(0.9758158884540861, -0.278376488298344)
(0.9991405492905133, -0.19834085540386637)
(0.054718170852067115, -0.40175170240710123)
(0.11523204854478031, -0.8233675186538614)
(0.9961160383316401, -0.20119024543509467)
(0.9984978190824018, -0.06565285551914361)
(0.1598247436350778, -0.8096653496840427)
(0.8013211850350166, -0.843985849209905)
(0.8790795128939828, -0.5248673029011971)
(0.8008848340363103, -0.6718455481845509)
(0.09740500276135185, -0.493483718025614)
(0.9999388286871641, -0.01278776704376011)
(0.05029757126803202, -0.42010570078324383)
(0.03275178026449644, -0.7453863223296757)
(0.9588212690018106, -0.4772204632404168)
(0.9744591484464902, -0.8431700285961694)
(0.9955286686643537, -0.12735511927896784)
(0.9654741960527928, -0.2993971948065505)
(0.9933981795799605, -0.13666481793003155)
(0.9877301821208815, -0.41211444416013543)
(0.038181316752745324, -0.36740448019358735)
(0.7932247523741448, -0.7482025475850824)
(0.11003958460207058, -0.5871300000401225)
(0.014878757983280545, -0.380453167272481)
(0.04884190856944203, -0.3184055079306758)
(0.08686602530072121, -0.47436570473648615)
(0.998273378992511, -0.23449873739040875)
(0.18966378716883925, -0.8135670480891732)
(0.8318439483731934, -0.8581606835750757)
(0.9842498361334391, -0.25277357258428645)
(0.004204329552651275, -0.21092600462032102)
(0.9729488757739237, -0.663234326776921)
(0.9853079168164564, -0.22322666932228177)
(0.9991058314098773, -0.34942427696338973)
(0.011264794630600768, -0.23175294780842454)
(0.0025458353538375823, -0.3779880703496957)
(0.9911378754601906, -0.289432110971129)
(0.7690044386657102, -0.8212817822476587)
(0.8990765052873894, -0.6588687458187101)
(0.7832032884277467, -0.7663738963790385)
(0.9353460541884464, -0.5487102572004667)
(0.9951741347870684, -0.17397208592534835)
(0.9995042059593695, -0.07837661465732675)
(0.9736538032567477, -0.32688590446133003)
(0.0007514505211131407, -0.09840909461293532)
(0.02196458843473347, -0.27602740811831655)
(5.083995325298476e-06, -0.009430679464392355)
(0.0009720738403438594, -0.45511363937617777)
(0.9949471368247476, -0.16688336275618965)
(0.03905137996875543, -0.635926709642485)
(0.8760884628710013, -0.846188653251035)
(0.016570287152095704, -0.8086109815812912)
(0.08696966788251104, -0.703316140190124)
(0.9877948820938672, -0.17110628478921475)
(0.1648642383438489, -0.7384897446532597)
(0.9423294045195614, -0.6267125877568736)
(0.9720704183426578, -0.2796258328499627)
(0.9316318889776358, -0.3657721419978391)
(0.953458852180306, -0.8416977839108478)
(0.003029086241723712, -0.12847792665842625)
(0.8583780687957328, -0.626337580224707)
(0.9873418215903765, -0.5723439734807617)
(0.999869095935807, -0.0852580793813964)
(0.9956310462199929, -0.32815959998659583)
(0.051527436313229064, -0.38327915198518137)
(0.8790795128939828, -0.5248673029011971)
(0.9999604449096291, -0.011040989845418273)
(0.8016217386393585, -0.6896528320188163)
(0.1234604867686606, -0.8279075668912241)
(0.10793218137447846, -0.7210056235240407)
(0.9989219115118552, -0.11308966962029542)
(0.9938896404259033, -0.15986968817639885)
(0.9977154683812461, -0.17019929079638543)
(0.1648642383438489, -0.7384897446532597)
(0.913030332117489, -0.703316140190124)
(0.9032361180949644, -0.5263377306587682)
(0.30513371788148924, -0.7684475667017002)
(0.0031432428957181434, -0.09421560432687041)
(0.02403118284821254, -0.4473009589580919)
(0.997186421173763, -0.8431700285961694)
(0.04126978757948857, -0.4956803915911725)
(0.007527122345948656, -0.13117454166817127)
(0.9993665535916466, -0.08023086081370995)
(0.14636957980646417, -0.7931015033122673)
(0.020049094177845388, -0.5066482885147774)
(0.9795052141303789, -0.3136675092253597)
(0.9298710650846993, -0.5025133768946377)
(0.006492195209286639, -0.1525389520991267)
(0.08069255326079874, -0.4773697015115455)
(0.8138813354869048, -0.7490285977081548)
(0.0001921704932523773, -0.024987782760041332)
(0.05821496426309599, -0.6629103002352946)
(0.9762184813817655, -0.32769289298208)
(0.05628080335140463, -0.4514014014601227)
(0.9936327574104722, -0.23592276071083582)
(0.9981965046713653, -0.07506092800873537)
(0.9839680842610184, -0.2646574565836402)
(0.9977685079089571, -0.12419651959273298)
(0.9990972520850115, -0.04437817626448735)
(0.015291699327874048, -0.30550657734871794)
(0.9371706873331286, -0.4328112107188002)
(0.1799879280070237, -0.8041206703797973)
(0.003136230573339363, -0.08719265474094666)
(0.951579749248853, -0.31182801282272554)
(0.0005442105667606918, -0.04853939281934006)
(0.9780354115652665, -0.27602740811831655)
(0.920838534560339, -0.5317696423854553)
(0.07037685553000209, -0.3829786508729204)
(0.9958368704716404, -0.36163443174642723)
(0.015101817198639591, -0.5213344775732296)
(0.996488552565538, -0.2828905273348794)
(0.012673014059860738, -0.22259869088055534)
(0.004560556247181571, -0.1412037546010397)
(0.9928555988776143, -0.14941652966860078)
(0.23445949687159706, -0.6761731555804352)
(0.006968384144028725, -0.30878971150850504)
(0.020378414984638764, -0.6051292944155059)
(0.022995145194641735, -0.32936921462288554)
(0.05038151592490298, -0.3202088744406492)
(0.02938028137106092, -0.4149853621633352)
(0.10961192394961271, -0.5732843712151405)
(0.9999409659969287, -0.018847531628851583)
(0.07365339716529491, -0.4319946435688932)
(0.9716428165276725, -0.3471923591973423)
(0.9917472499630513, -0.38675482700107217)
(0.9992277453265851, -0.162365105800014)
(0.019393930224817696, -0.2217055750098554)
(0.018692820735779766, -0.3388965869818928)
(0.8230610178074099, -0.6183768713394135)
(0.10899782283303851, -0.49851323639275497)
(0.22146420780479922, -0.7399963186253445)
(0.07358068175034327, -0.43741553032659014)
(0.879242148140208, -0.7854161805660533)
(0.0016538137182301195, -0.06974237197816788)
(0.9954004998251464, -0.3124823034817475)
(0.9517101463706064, -0.36478878564675454)
(0.009961155441396299, -0.38566370236545)
(0.9523748931634192, -0.3518235467104278)
(0.9360689337343553, -0.8886130237339565)
(0.018407048636063978, -0.2175867730723071)
(0.08069255326079874, -0.4773697015115455)
(0.006397329888415263, -0.16490476696166131)
(0.026549156198082135, -0.5339085625128036)
(0.11920317425807153, -0.7965156591478108)
(0.9487569559875696, -0.5295329586254761)
(0.9385759998364276, -0.37453727143313525)
(0.016110057863437346, -0.22624009771018608)
(0.9742043368016088, -0.32032646447935265)
(0.026562630742197307, -0.6130991171032308)
(0.026568246832856558, -0.7485847515836445)
(0.06308573552223372, -0.5919683580420042)
(0.9922709709933923, -0.205150284144381)
(0.9263268112771145, -0.45803260289433717)
(0.8503262084540457, -0.8357263896366895)
(0.9933878479367486, -0.793582535308211)
(0.9893869826890861, -0.4546222962400392)
(0.2030425570925092, -0.7463429776214386)
(0.20570945658644443, -0.7788871873140479)
(0.990327714566029, -0.1626397303635561)
(0.016350166865587677, -0.27850769514534074)
(0.9938053758088601, -0.36471615472875624)
(0.0666301556126303, -0.5534935449841903)
(0.0005070377146658905, -0.038084471020108486)
(0.03815841098577734, -0.3593500514223007)
(0.7937288286682118, -0.6531598813068917)
(0.9988816147556523, -0.11202424745593291)
(0.1973229077536456, -0.6669653141783677)
(0.09305865419215545, -0.5273226015473704)
(0.059850171759782474, -0.40993787266841475)
(0.9170314285714286, -0.4186941456286121)
(0.9711357712660927, -0.5787179171077096)
(0.01411814208941121, -0.5408926023519689)
(0.9835320183814753, -0.5466062566021658)
(0.9939223692697144, -0.1776648597889672)
(0.9924728776540513, -0.13117454166817127)
(0.9806778967590452, -0.6516727336885616)
(0.1751050219591369, -0.6995558094806866)
(0.9993236507447221, -0.12013844333916024)
(0.2194537935479251, -0.6558727083408564)
(0.9983461862817699, -0.06974237197816788)
(0.9806940004591936, -0.3235172263162392)
(0.9579240744452839, -0.5649042872728102)
(0.9976140625930262, -0.07270582417294164)
(0.8667362159282607, -0.6505502573471288)
(0.07141448778396914, -0.6281309514359804)
(0.055154617436502996, -0.3862614288538758)
(0.1598247436350778, -0.8096653496840427)
(0.9969709137582763, -0.12847792665842625)
(0.9967096349348338, -0.10674779863141665)
(0.07197279516358464, -0.6514178119221828)
(0.9729423471673735, -0.38173758471312746)
(0.044351452233757145, -0.42733859492013954)
(0.007759684655013417, -0.12701073248546887)
(0.0055215565223470445, -0.19701611559105559)
(0.9900388445586037, -0.38566370236545)
(0.9369142644777663, -0.5919683580420042)
(0.0011285713305129537, -0.08382370661607882)
(0.009618112504986924, -0.16239965309855736)
(0.0007357115244639318, -0.12758974894389633)
(0.00898788510911425, -0.293932427330741)
(0.023845900424165054, -0.3017397993864313)
(0.996034444747531, -0.1368961528695993)
(0.02790073917634636, -0.30948880880678825)
(0.998215230254188, -0.12036144747045169)
(0.00395745329443017, -0.7977123577603875)
(0.006968384144028725, -0.30878971150850504)
(0.015979894946567652, -0.6635706890509611)
(0.8359127437849139, -0.5984080517216614)
(0.9385759998364276, -0.37453727143313525)
(0.9998451968768102, -0.024005615335045433)
(0.7878166556029037, -0.7845079711022411)
(0.07051661765639214, -0.7750478694811305)
(0.999910096286282, -0.02908334549977618)
(0.015396325320343112, -0.19398357377159567)
(0.01791242598970628, -0.7088684211621756)
(0.018715482106562525, -0.38985387018083445)
(0.033060152454678304, -0.28939324414474155)
(0.9393959984110724, -0.7659412879200426)
(0.04271204134720701, -0.6269807253303594)
(0.8991265637326722, -0.8257801812803688)
(0.7397974086669866, -0.7643751745812255)
(0.15122690007070919, -0.700130673314036)
(0.9038593830615531, -0.5727824415269236)
(0.016917387279959308, -0.3054989346528428)
(0.9798235843633228, -0.2632634215471656)
(0.00010335991133956601, -0.01974793535814738)
(0.9740563982731989, -0.2901955542199973)
(0.0005310581368907755, -0.06942268199519358)
(0.7151292773304077, -0.7583939748380889)
(0.9020355251544572, -0.8083790322705993)
(0.8029968013144325, -0.6403617790722687)
(0.9669145177703962, -0.35171883933203624)
(0.9810192840574966, -0.2067561232244138)
(0.07141448778396914, -0.6281309514359804)
(0.9022151412776412, -0.5625881102964305)
(0.05863393291200778, -0.7124110402042501)
(0.12625375242804168, -0.6469316217994625)
(0.0380913212191232, -0.4600687890708839)
(0.7316720820281339, -0.7127991466915105)
(0.9067007265309044, -0.655591026493389)
(0.9477595618854323, -0.6410004154128068)
(0.9654741960527928, -0.2993971948065505)
(0.0009720738403438594, -0.45511363937617777)
(0.9798235843633228, -0.2632634215471656)
(0.8942548341924142, -0.5457756717591329)
(0.07869347560402369, -0.8610448844247335)
(0.030280203224316536, -0.8057654506016134)
(0.0036992493290956083, -0.22653527499352938)
(0.0037130255074331042, -0.08613546222671864)
(0.9910381322023047, -0.14658985972512628)
(0.0018785505938529205, -0.13015997521025044)
(0.9556293487879787, -0.3178474930376322)
(0.9711357712660927, -0.5787179171077096)
(0.0006578679824591131, -0.06207721538844043)
(0.9799486828600753, -0.5013443413274521)
(0.0010013851526835221, -0.07735684519335878)
(0.9994689418631092, -0.06942268199519358)
(0.0015547210483995142, -0.3133884599280043)
(0.01484682721683415, -0.2791145443100449)
(0.07194839192221392, -0.548028986424885)
(0.9371300396178047, -0.8537808842345271)
(0.9997569807765867, -0.05790691730313239)
(0.038181316752745324, -0.36740448019358735)
(0.9998332854788228, -0.02007464084048424)
(0.9929876827558582, -0.3668709968205844)
(0.026568246832856558, -0.7485847515836445)
(0.9983585780285883, -0.2839891611306902)
(0.06542960183244798, -0.3570908693650135)
(0.9949312620447601, -0.13870920964604425)
(0.04797919119590552, -0.8803070318019933)
(0.08285231204781378, -0.5762148119299081)
(0.9193534757342139, -0.476289834013749)
(0.7158810073323666, -0.7482636739957018)
(0.9980842196462715, -0.547259466755849)
(0.9508769569278014, -0.5799271483466601)
(0.9919558835231199, -0.1534307648663965)
(0.9997569807765867, -0.05790691730313239)
(0.0003902375061286387, -0.04177250235739206)
(0.9952652593053087, -0.32077802749786405)
(0.0013649438365890513, -0.06669653141783677)
(0.07869347560402369, -0.8610448844247335)
(0.9848173130294181, -0.4420655180455096)
(0.14776657966730605, -0.5760154986085904)
(0.016467981618524707, -0.5466062566021658)
(0.7559617570235081, -0.7304794876179603)
(0.8836494081739001, -0.6818234523655096)
(0.20187700780174392, -0.6725238686095193)
(0.005353819280233108, -0.13972653184069767)
(0.9995914963330165, -0.15548917621258132)
(0.00846169539936754, -0.7474393092421414)
(0.04879756727897368, -0.5669499333400944)
(0.7762263210368894, -0.7305231852941886)
(0.012173305043880799, -0.35331987407178667)
(0.9961054452979576, -0.19209678180795195)
(0.9754652116318678, -0.4621931210812283)
(0.013596677728579485, -0.16932924940378244)
(0.011905609610953721, -0.18633805035630902)
(0.017294411902638186, -0.3368834448363071)
(0.9774568015359454, -0.2605115390919687)
(0.004825865212931657, -0.17397208592534835)
(0.02608706159075897, -0.5902230952055478)
(0.9317994285103067, -0.5598114044665367)
(0.12625375242804168, -0.6469316217994625)
(0.8968460469425571, -0.5657155303042551)
(0.9209485135235824, -0.5459464681097319)
(0.9628884808080002, -0.731266846494013)
(0.0021001802134836653, -0.3385771243704409)
(0.10171510023910245, -0.6738226548188994)
(0.9813071792642203, -0.3388965869818928)
(0.9316949534394713, -0.5502513929483863)
(0.0025458353538375823, -0.3779880703496957)
(0.951158091430558, -0.3184055079306758)
(0.9995542600246148, -0.04922385181480805)
(0.06157172468015153, -0.5237043491173405)
(0.934570398167552, -0.3570908693650135)
(0.862386097895331, -0.5908513465446908)
(0.0370873479027262, -0.3134849977110841)
(0.9367593756934685, -0.541988871107383)
(0.9996692526697925, -0.38774951835254556)
(0.9798712282150157, -0.36885452254264933)
(0.0005841700959891568, -0.04378824027349745)
(0.9997344161800049, -0.2126745175517732)
(0.9919978888782267, -0.14062273387392213)
(0.08074579723152335, -0.6323265860489413)
(0.03560100518682531, -0.2806841533101719)
(0.9940297148088294, -0.17111347741965774)
(9.381149516070736e-05, -0.015325990340868746)
(0.0027015544276262123, -0.08301399832888508)
(0.9952090663611816, -0.5995538457164481)
(0.026069281224378245, -0.5006250033137956)
(0.9193535262206148, -0.6624907367541331)
(0.014692083183543649, -0.22322666932228177)
(0.015698993847647284, -0.48058844489123265)
(0.964319604166196, -0.8277205156346119)
(0.8440793232605384, -0.58144581231754)
(0.9753066460292387, -0.3883907867578059)
(0.9965983940781632, -0.22982082518351143)
(0.9337438848566253, -0.45145146384522133)
(0.0013166649531432162, -0.07106739140788304)
(0.04292815514961555, -0.35883968600326716)
(0.8029968013144325, -0.6403617790722687)
(0.9839680842610184, -0.2646574565836402)
(0.999956800649684, -0.015708586291078963)
(0.1342574437690821, -0.5130911983208252)
(0.0013683392335307263, -0.0912701270867729)
(0.8013789603265448, -0.7912173669633407)
(0.03433274879893746, -0.3801452454785423)
(0.997084372490172, -0.15486214542208884)
(0.008508847059739552, -0.35656607305883986)
(0.9996097624938713, -0.04177250235739206)
(0.002011839732364549, -0.0957521699446004)
(0.048313780672906655, -0.5792394659515488)
(0.9997880812643392, -0.031211253155355865)
(0.9922403153449866, -0.12701073248546887)
(0.9998021127028881, -0.034896496363735006)
(0.9993136658503201, -0.09606249440838535)
(0.991595072687234, -0.15604749158763384)
(0.9425605326876514, -0.8870638678572289)
(0.9710461715636507, -0.555145814594026)
(0.012663066796907095, -0.167223860209892)
(0.2008245044429255, -0.6260378971719679)
(0.21552172499729114, -0.7939264869975851)
(0.043148656630641276, -0.29242618845886525)
(0.9904335477207643, -0.1719906940636757)
(0.0626281521791944, -0.3560151376755606)
(0.9992176919604383, -0.3758745202784869)
(0.034036198079781615, -0.342495701875378)
(0.8526898198638637, -0.6888747648171103)
(0.05628080335140463, -0.4514014014601227)
(0.8613142249609442, -0.7949083870531062)
(0.0001499966667407391, -0.8141094140686553)
(0.773313769751693, -0.6615934581039018)
(0.017598380745187672, -0.20177753279819108)
(0.7436868214152003, -0.6858056484931404)
(0.9191862118513419, -0.5483488907889953)
(0.9059566186825223, -0.7165494003775535)
(0.9940647370609941, -0.3241785113175139)
(0.8318439483731934, -0.8581606835750757)
(7.522664861776701e-05, -0.030202561863101152)
(0.9367539487470745, -0.35874832544240226)
(0.009845470984711491, -0.24090572245604838)
(0.9408128539675763, -0.4600572343438469)
(0.9941310100828061, -0.3474986269409502)
(0.9161192780052103, -0.6817219527819791)
(0.001954539789854113, -0.07133848781906182)
(0.9185489139855199, -0.4884830163402653)
(0.007871882507180369, -0.27763390909541413)
(0.08542920640800074, -0.6785024121215586)
(0.9532791174290324, -0.3195023568002752)
(0.0021001802134836653, -0.3385771243704409)
(0.9997508132211339, -0.023758338267893173)
(0.9993108966862901, -0.12240391892638057)
(0.005229160933740054, -0.10724935959795419)
(0.941455854137323, -0.4063098222465376)
(0.9994813750320138, -0.10425354356023891)
(0.052886545950337586, -0.3421246859212346)
(0.9911378754601906, -0.289432110971129)
(0.999910096286282, -0.02908334549977618)
(0.9995042059593695, -0.07837661465732675)
(0.05234690653003183, -0.4134679112306566)
(0.011716381217733345, -0.30021910794479684)
(0.9882465681274767, -0.15314151245884078)
(0.8955230710351598, -0.6096100927251537)
(0.07996996949781453, -0.5760154986085902)
(0.1263093249484131, -0.7199712634863625)
(0.04100579088352655, -0.40720401185412264)
(0.8248235184841166, -0.6805821612948831)
(0.9449407878836703, -0.5902801537501581)
(0.04232030039337227, -0.43671161929316443)
(0.0005310581368907755, -0.06942268199519358)
(0.9666042421692985, -0.29636728046938554)
(0.0025606263392578517, -0.25405669606390685)
(0.9657981154501232, -0.4489068598902545)
(0.017856655709082972, -0.24985839989158512)
(0.00012130008758541656, -0.03806353915993176)
(0.9736538032567477, -0.32688590446133003)
(0.11533778752691634, -0.7372710901874295)
(0.8124805566925911, -0.5998483461727967)
(0.9978998197865163, -0.3385771243704409)
(0.9162311625706756, -0.8252593368887787)
(0.9978474072181878, -0.06684621709758705)
(0.8240760305812748, -0.7037484679108602)
(0.05195546418368933, -0.43789653422066577)
(0.9359019641626465, -0.6312153298157057)
(0.006116187693053116, -0.13867928101910681)
(0.8899654098927706, -0.5068936387755595)
(0.9986316607664693, -0.0912701270867729)
(0.0005442105667606918, -0.04853939281934006)
(0.9188375235920497, -0.8536416278515171)
(0.9234910864177792, -0.5857500638340963)
(0.0001499966667407391, -0.8141094140686553)
(0.7912899547945753, -0.732802691173012)
(0.09463723596770024, -0.5571212722593647)
(0.10171510023910245, -0.6738226548188994)
(0.9036384332213898, -0.5915095863876187)
(0.0012570605915350633, -0.05932797701502733)
(0.7749797548496338, -0.6742691085232738)
(0.9192542027684767, -0.6323265860489413)
(0.984154019213847, -0.3323481874076144)
(0.9540179906723238, -0.4058507100167672)
(0.998979133969586, -0.07506308110481688)
(0.9296924186778593, -0.4805317122573919)
(0.10451607672349889, -0.8486781352507311)
(0.9992695265074868, -0.29652559888711905)
(0.7989438459683255, -0.7363079375854884)
(0.9669145177703962, -0.35171883933203624)
(0.9316318889776358, -0.3657721419978391)
(0.06939698720641155, -0.41588513857832876)
(0.06786322622226314, -0.8432864778221058)
(0.998709845785664, -0.06148390431713469)
(0.014591984433951072, -0.17386392873076698)
(0.9654741960527928, -0.2993971948065505)
(0.9764566698130054, -0.4673044942792362)
(0.03905137996875543, -0.635926709642485)
(0.08053815382293003, -0.5530340062269388)
(0.0023564345973828868, -0.08797933239957341)
(0.9853079168164564, -0.22322666932228177)
(0.996488552565538, -0.2828905273348794)
(0.9954877399919067, -0.13727213974049984)
(0.0019664140275782458, -0.15434607093205524)
(0.9999665515467056, -0.008993825781921377)
(0.7937288286682118, -0.6531598813068917)
(0.10900964114527328, -0.6676946498478842)
(0.9873608872142483, -0.7115531637598532)
(0.9995348635206461, -0.03928672754369716)
(0.0002644332916058939, -0.042074739290599336)
(0.10709395272409838, -0.6270773110333868)
(0.036173614019263604, -0.2950402485463999)
(0.9966612065009764, -0.1954760895031617)
(0.9776295750781133, -0.26194391390382993)
(0.9963282776434745, -0.6066122088701453)
(0.9992587228456774, -0.04733287219219532)
(0.1648642383438489, -0.7384897446532597)
(0.012025492850398717, -0.20837781827672175)
(0.08696966788251104, -0.703316140190124)
(0.04248559920308372, -0.31734365059122144)
(0.8365483441187667, -0.6972923057195196)
(0.0010620886120744568, -0.06482365656186488)
(0.9659638019202184, -0.342495701875378)
(0.9998677512639969, -0.03151239030236453)
(0.8763714507267658, -0.6044404108578239)
(0.876885656554473, -0.5070269284558176)
(0.9986956132631296, -0.10929026965530647)
(0.9130643565316933, -0.710807662686086)
(0.9949615416755985, -0.13310808566742927)
(0.9751799627720033, -0.6034845692013039)
(0.025308881950603185, -0.44507839275088457)
(0.07905148647641755, -0.5459464681097319)
(0.936134838678976, -0.43584916891719283)
(0.22502024515036625, -0.6742691085232738)
(0.000758657034320722, -0.16089123094575683)
(0.936111053364655, -0.761610247645751)
(0.009172165106644162, -0.5621564790931957)
(0.8763714507267658, -0.6044404108578239)
(0.9917226249060629, -0.17762351333302737)
(0.9999873921026498, -0.005418177370192795)
(0.23097945910193282, -0.673104610540596)
(0.9932535462241693, -0.12901543062678214)
(0.9996351866437875, -0.12882126692207782)
(0.026075970272502063, -0.24201973735757926)
(0.9999745798360294, -0.05102939510108667)
(0.9685077407261704, -0.4238971807384764)
(0.9992700106318347, -0.1391089677342936)
(0.7974247935212909, -0.7362043635332187)
(0.8892583176581237, -0.5383808156375435)
(0.9913984073185794, -0.1315352994445849)
(0.901565795023197, -0.7725798764762455)
(0.07435396798232649, -0.5699665158999885)
(0.013897024037486765, -0.4126668515004118)
(0.9730173177211453, -0.3604815285103174)
(0.9924793428717674, -0.17859330559145714)
(0.9672482197355036, -0.7453863223296757)
(0.0368923747140126, -0.5741018858323182)
(0.995876648927681, -0.20161762896996605)
(0.9981416472111927, -0.12486405392717766)
(0.006853032744353715, -0.2501279306230956)
(0.013019232311352276, -0.24481928939685893)
(0.009530796517252499, -0.23628337789425063)
(0.9999113905966762, -0.01811029769422937)
(0.05821496426309599, -0.6629103002352946)
(0.06669791801370749, -0.47375840867067837)
(0.9959931684742401, -0.11533547747486521)
(0.9965177928612152, -0.1524627756218598)
(0.0751789335560062, -0.4370241887451218)
(0.00383039612088477, -0.2810803960633698)
(0.8652298344487496, -0.6452225738376816)
(0.05521478657498809, -0.4988186771394044)
(0.03355069080413421, -0.38875758974621233)
(0.985408015566049, -0.17386392873076698)
(0.10709395272409838, -0.6270773110333868)
(0.02881451756884283, -0.31146746590805846)
(0.003136230573339363, -0.08719265474094666)
(0.9973898905720627, -0.1426680857607522)
(0.9643989948131747, -0.2806841533101719)
(0.9570886117564547, -0.4014787373701788)
(0.12092048710601719, -0.5248673029011971)
(0.9640587064572935, -0.3817455401484183)
(0.9155817947617003, -0.6292097508373303)
(0.9628884808080002, -0.731266846494013)
(0.0005841700959891568, -0.04378824027349745)
(0.1282712964112753, -0.5686659900425859)
(0.8920678186255215, -0.7210056235240407)
(0.9139301959412176, -0.6409331305546458)
(0.8929060472759016, -0.6270773110333868)
(0.00025819657788079994, -0.027279660023800667)
(0.024730263624123023, -0.32453172828381727)
(0.8505051510926834, -0.6633183853724097)
(0.9935138922739459, -0.44645061835856154)
(0.05348686874980529, -0.5706678984158939)
(0.0034877480403926278, -0.1034834764282284)
(0.9998707279601432, -0.02733608398056671)
(0.009681468471392299, -0.3497044514471236)
(0.8765395132313394, -0.8279075668912241)
(0.9873608872142483, -0.7115531637598532)
(0.1805695158262057, -0.69479295534722)
(0.06924994911459394, -0.7456897566151752)
(0.9468415554394817, -0.40714970652141624)
(0.9966116359554765, -0.34267830644938324)
(0.0004055583501006036, -0.4607109877075397)
(0.09975066246583346, -0.7644070720575784)
(0.004599500174853507, -0.3124823034817475)
(0.00010335991133956601, -0.01974793535814738)
(0.9978892154974909, -0.0719852431602203)
(0.10574516580758574, -0.5457756717591329)
(0.0013043867368703669, -0.10929026965530647)
(0.9856955110516618, -0.3426879226103395)
(0.8522334203326939, -0.5760154986085904)
(0.004204329552651275, -0.21092600462032102)
(7.522664861776701e-05, -0.030202561863101152)
(0.9155817947617003, -0.6292097508373303)
(0.8071864211737629, -0.8431700285961693)
(0.24403824297649193, -0.7304794876179603)
(0.9806778967590452, -0.6516727336885616)
(0.7737579032809296, -0.7825473714649598)
(0.9453535679039697, -0.7378650529194489)
(0.026884813703498704, -0.5336285976418499)
(0.969731133117731, -0.36795429908305605)
(0.15257556370175682, -0.6334855744657553)
(0.9998707279601432, -0.02733608398056671)
(0.9954518018197781, -0.18275469781359027)
(0.005842790871059935, -0.37936190347619975)
(0.8730727053404979, -0.8035034048142025)
(0.03431705223657159, -0.7312668464940131)
(0.26934718413836745, -0.7727428336322202)
(0.16408725621508607, -0.5984080517216614)
(0.012421794000929534, -0.2619551517107258)
(0.9720992608236536, -0.30948880880678825)
(0.915041077630955, -0.4695504882214675)
(0.04828985362939361, -0.36478878564675454)
(0.001810899446246483, -0.1313085347664148)
(0.07716807985403026, -0.3932138858270211)
(0.9851402804057198, -0.2840948675711371)
(0.08913367899439417, -0.7009343896244965)
(0.9887752584441538, -0.1807788494855965)
(0.13177025375339768, -0.6683280322254694)
(0.057500661964711264, -0.8818751111499785)
(0.9999886579508882, -0.004817673469244645)
(0.9864057006491259, -0.22246217121684425)
(0.9098772130211308, -0.4184550284694866)
(0.9998500033332592, -0.8141094140686553)
(0.0001921704932523773, -0.024987782760041332)
(0.0038945547020423146, -0.19209678180795195)
(0.01693932932738903, -0.284053016030266)
(0.8977581755593804, -0.6305634723322472)
(0.9873608872142483, -0.7115531637598532)
(0.9425605326876514, -0.8870638678572289)
(0.9695207309254115, -0.39149110645975166)
(0.028582958707236213, -0.6358935959332713)
(0.0011716612778494874, -0.05179447999799748)
(0.0011175425310969986, -0.054937262778078866)
(0.03570357697192042, -0.6461785265716022)
(0.9636100616900196, -0.3503968030462776)
(0.006077630730285587, -0.1776648597889672)
(0.948850830637246, -0.3329431980670286)
(0.8041757404181185, -0.7978165884691543)
(0.02055576918726956, -0.8286941062341053)
(0.061619465854095716, -0.6566721230059789)
(0.9805396539525311, -0.4712901234000586)
(0.9393226223155176, -0.5915668939529074)
(0.2030425570925092, -0.7463429776214386)
(0.24991568829964378, -0.772205335718727)
(0.9984855677067168, -0.13377298209885732)
(0.983731438095108, -0.2502406916743184)
(0.871043106621406, -0.7491664500941384)
(0.15018085148436575, -0.7241123007175467)
(0.8980304596401693, -0.5916815424029128)
(0.0341558203109062, -0.7473935644559868)
(0.018091477174101717, -0.635926709642485)
(0.00014260865602260472, -0.027827287999227946)
(0.04552339563731488, -0.30914929954435305)
(0.1751050219591369, -0.6995558094806866)
(0.9413660670879922, -0.7124110402042501)
(0.0010727902052602575, -0.05903486385676508)
(0.9820875740102937, -0.7088684211621756)
(0.7703680058768999, -0.6407873951428744)
(0.997593532637316, -0.0717207298638901)
(2.0462072919480872e-06, -0.0023610807469168047)
(0.14003907057510231, -0.7573435676707231)
(0.2934826089565374, -0.7327587203732936)
(4.4163985405547115e-05, -0.010877177727605908)
(0.21986341481845317, -0.6921021978785574)
(0.8717546806446475, -0.530483742524776)
(0.997593532637316, -0.0717207298638901)
(0.992510597526276, -0.2127387360925821)
(0.7878166556029037, -0.7845079711022411)
(0.9693078863870943, -0.700251113240253)
(0.001356025690166126, -0.0684991403750756)
(0.9658441796890938, -0.7473935644559868)
(0.10440892489819907, -0.7689798443076185)
(0.984708300672126, -0.30550657734871794)
(0.7711167366353759, -0.6600914892074657)
(0.00956318571618718, -0.17415402703173335)
(0.018980715942503373, -0.2067561232244138)
(0.0009720738403438594, -0.45511363937617777)
(0.9999388286871641, -0.01278776704376011)
(0.7374769975786925, -0.7096510942857831)
(0.9958181626696356, -0.1102390327159858)
(0.00751108711137664, -0.4209165851984599)
(0.9697779837214925, -0.29523521430013344)
(0.9989780589949017, -0.333537306468532)
(0.8311910169557897, -0.7173070004797658)
(0.998882457468903, -0.054937262778078866)
(0.0122051179061328, -0.17110628478921475)
(0.019305999540806414, -0.3235172263162392)
(0.9053627640322998, -0.5571212722593647)
(0.9996097624938713, -0.04177250235739206)
(0.9983585780285883, -0.2839891611306902)
(0.8791742528531462, -0.8134405999934179)
(0.01484682721683415, -0.2791145443100449)
(0.025540851553509783, -0.8431700285961694)
(0.05505921211632966, -0.5902801537501581)
(0.004213109376837336, -0.22673576233609294)
(0.9453694759719874, -0.8847075040450025)
(0.0004457399753852107, -0.04922385181480805)
(0.006489719032272707, -0.16629176043985094)
(0.9814759846648061, -0.20326198959439168)
(0.05743946731234867, -0.8870638678572289)
(0.05224043811456766, -0.6410004154128068)
(0.9967096349348338, -0.10674779863141665)
(0.058536412692918836, -0.5763689212671453)
(0.9965198772163311, -0.3932054452249985)
(0.9839680842610184, -0.2646574565836402)
(0.0008971939818767533, -0.05256995349730383)
(0.9666042421692985, -0.29636728046938554)
(0.010068914757050811, -0.15064098841896373)
(0.8608449232253397, -0.5890463500683907)
(0.21130380628681206, -0.7734116773101302)
(0.0008935806836698239, -0.06384590459033583)
(0.01615366902057108, -0.562415378300638)
(0.9762429511278196, -0.3443208434445823)
(0.9853858776312214, -0.3829066007076189)
(0.9762429511278196, -0.3443208434445823)
(0.019322103240954853, -0.6516727336885616)
(0.1163505918260999, -0.6818234523655096)
(1.383665505298972e-06, -0.002442968991589485)
(0.006492195209286639, -0.1525389520991267)
(0.03706297513462148, -0.36264390384961553)
(0.05521478657498809, -0.4988186771394044)
(0.06924994911459394, -0.7456897566151752)
(0.09951097736132959, -0.5011386053280016)
(0.9369142644777663, -0.5919683580420042)
(2.56686724134651e-05, -0.010249490471258237)
(0.07916146543966093, -0.5317696423854553)
(0.9901055285183471, -0.2291710208961702)
(0.8532005812136741, -0.5723976273749072)
(0.9987708841269792, -0.1134960725372098)
(0.07431374132084612, -0.5915668939529074)
(0.9667232831435916, -0.6727091028737341)
(0.1926890520881276, -0.7331106345927513)
(0.9650877980451489, -0.28352103626073627)
(0.0016414219714117391, -0.2839891611306902)
(0.9965122519596074, -0.1034834764282284)
(6.11713128358532e-05, -0.01278776704376011)
(0.6969320151902915, -0.7561243651965566)
(0.023845900424165054, -0.3017397993864313)
(0.027758003532501026, -0.24603760664663277)
(0.7932247523741448, -0.7482025475850824)
(0.9960893986754251, -0.24733321457507315)
(9.23267678742845e-05, -0.016281392319881054)
(0.9882542676756566, -0.2014812450091489)
(0.9947862832554377, -0.10290012623164085)
(0.07435396798232649, -0.5699665158999885)
(0.05283073402071585, -0.4321984963606111)
(0.9289814947324387, -0.40330406259980356)
(0.9876684389145656, -0.1743803292026006)
(0.7865258341788387, -0.7013369401478561)
(0.24594466698947925, -0.8063507008518633)
(0.0003307473302075506, -0.38774951835254556)
(0.07037685553000209, -0.3829786508729204)
