(0.0503202801243118, -7.600572638771338e-42)
(0.9590790597494274, -5.713208783680749e-43)
(0.41079467341126763, -1.1321867559173502e-40)
(0.11367608465759681, -7.600360691485627e-43)
(0.25314883064217164, -3.8733367671679405e-41)
(0.805613171640391, -8.556929789691333e-43)
(0.20418673419372355, -1.2830870183485947e-42)
(0.5297734077291114, -1.3963888170406947e-41)
(0.6520440489212619, -2.0174793206590553e-40)
(0.3694822715166544, -9.303541362887196e-43)
(0.9088630898390603, -4.504415598398714e-43)
(0.8893947771217271, -7.012895046285654e-40)
(0.2513488814512551, -4.529039292939872e-43)
(0.827890662646294, -5.972004654655542e-39)
(0.598825972197832, -1.4231932558446137e-41)
(0.8530318032755511, -3.441578631026621e-42)
(0.32067021975700266, -9.47506693358255e-42)
(0.4861533348191354, -4.125815404222537e-42)
(0.18687871644729573, -7.805215049968541e-42)
(0.5796063979302151, -1.7741618129776722e-42)
(0.06368021560191586, -4.809395813373e-43)
(0.8384736481774394, -2.4034995166757814e-42)
(0.37350849990182194, -7.590962892650364e-42)
(0.7569730620736048, -8.657319440151112e-43)
(0.4412447401687321, -1.330209804859249e-40)
(0.5287646512843899, -1.0980253213577257e-42)
(0.1673034829254728, -1.8332616299945148e-42)
(0.1275454447149414, -1.2581725712540493e-42)
(0.5334504695720332, -2.8815819356327096e-42)
(0.22059245356101323, -6.465094574816167e-42)
(0.29219450729655994, -5.074173692255501e-42)
(0.03589622212498452, -9.583738884575613e-42)
(0.38108225016863545, -4.7784877323614547e-42)
(0.44415659256253176, -1.715848438795655e-40)
(0.32196681817235323, -2.620463117383532e-42)
(0.9331619932276337, -1.112063995759378e-42)
(0.7430383970407565, -1.1109744336146744e-41)
(0.4789559017444168, -2.333086709862952e-40)
(0.8907989343653149, -4.849618425434319e-41)
(0.34692283613779923, -1.5858639461123475e-42)
(0.5811989938263494, -4.468162935763299e-43)
(0.8489736968456864, -2.4246199995790417e-42)
(0.6534275299201173, -2.8486109831530864e-43)
(0.35630493630487364, -8.723319618164868e-42)
(0.958487886912645, -6.355958104446588e-41)
(0.24759418338561345, -8.44933641499594e-42)
(0.6586140527725015, -1.1989838686381883e-41)
(0.2490203641402495, -9.063607527007805e-42)
(0.3871600604174693, -3.697752098366686e-42)
(0.8398949591582109, -7.208930173980333e-42)
(0.9098410731899953, -7.92474459182943e-43)
(0.3247728430039452, -8.234741933430982e-41)
(0.5768103202601957, -1.054516851296146e-42)
(0.9613230708078659, -2.915509619398823e-42)
(0.4476766025787999, -7.762477193638919e-43)
(0.5987471843504543, -7.630052692718093e-43)
(0.8377541567126209, -1.3415446321289232e-40)
(0.8949223027166817, -9.565619942605956e-42)
(0.11379408281041456, -5.168657568454543e-43)
(0.4712118320160481, -6.318148649210508e-41)
(0.9840998226985909, -2.425504070812647e-41)
(0.7036887715664097, -1.8333673467311714e-41)
(0.7336108685240303, -4.944803836591677e-43)
(0.3395223018880424, -7.524727850807397e-43)
(0.2534989653480366, -9.613706316754255e-43)
(0.7973943492461598, -8.303713474836068e-43)
(0.17307541750575947, -1.4120676763896287e-42)
(0.793556671378386, -1.3804719882960686e-41)
(0.03243674858809395, -7.297785445732422e-43)
(0.10524014015180264, -9.928486315352193e-43)
(0.04767120925593384, -4.2611315324983955e-40)
(0.8383142428031797, -1.008911111612013e-40)
(0.13467305367322507, -5.526401322377798e-43)
(0.8244563407545041, -5.815103346511557e-43)
(0.00678376233525687, -4.46470574665093e-42)
(0.3527151724425226, -1.3548129168696041e-42)
(0.957961025876649, -1.965027975634339e-42)
(0.6991136924791613, -1.2443007453650363e-41)
(0.304512367250559, -9.42635784378836e-43)
(0.8455096816018646, -2.644151217428033e-39)
(0.09090392879397768, -2.9721248894797663e-42)
(0.6445826708513581, -9.438365490781977e-41)
(0.6913360174933821, -1.0473236263874879e-41)
(0.4136834741552283, -1.7753451327169156e-42)
(0.9677929343547736, -1.1671130708713058e-41)
(0.5720402751327227, -8.602741740869281e-43)
(0.6253356982530862, -4.8954066809820313e-42)
(0.2571836799364717, -9.991658966158828e-43)
(0.010431274895774752, -5.010603465339966e-43)
(0.7759430260081124, -8.796029793888861e-43)
(0.4986245459714034, -9.182906251472509e-42)
(0.04310694320392262, -2.4119529407639088e-42)
(0.995148554906921, -1.017678627911078e-42)
(0.34015523288217087, -3.49415778975303e-42)
(0.34492274811962703, -9.115677148926679e-41)
(0.9621095789685956, -1.4865661014825536e-42)
(0.6051583847570927, -1.8244702526949862e-42)
(0.22792999702049405, -1.562701934030653e-42)
(0.3632033182636442, -3.115228588578057e-43)
(0.5925693898230322, -5.392554622568381e-43)
(0.6626396038768041, -1.310853873648766e-42)
(0.5835102077400949, -6.626949023658039e-42)
(0.6027304195912473, -2.6895114083167842e-42)
(0.5093060556600282, -3.812003472662969e-43)
(0.37485672936206027, -8.208453875915752e-43)
(0.3928874505804578, -8.15935194495868e-43)
(0.4671487722737173, -6.079867695517349e-43)
(0.6137320440015221, -2.8473865545675305e-41)
(0.5421536069839243, -3.814724579552842e-43)
(0.97986583922825, -4.9810192591576215e-43)
(0.9282381711757014, -5.1958534033378875e-43)
(0.7731352691314042, -4.474525532473504e-43)
(0.249467515727647, -1.9415023462200407e-42)
(0.6223799637370998, -4.038909319151248e-42)
(0.502087654288037, -4.911457193860456e-42)
(0.3710087518858001, -2.1602134802074294e-42)
(0.7783836049927836, -1.0049127778178613e-41)
(0.30636428990173836, -8.534273279798158e-43)
(0.30055785756586956, -7.244459998395501e-43)
(0.9878742084901245, -3.4818702592700897e-42)
(0.974109052204, -1.0700968064079189e-41)
(0.15535539786939284, -6.770630299298886e-43)
(0.036962543703140734, -3.905510650557668e-43)
(0.9452402426834253, -2.6365479489298132e-42)
(0.7661262656517943, -7.114563084625218e-43)
(0.22955613183952997, -4.05239770968971e-43)
(0.051342822610083313, -3.195408551258283e-43)
(0.28661731753951514, -7.7019258594177e-43)
(0.35179029087749153, -3.1146095642561607e-43)
(0.03141072427884055, -1.3634556102835528e-40)
(0.1748045051186733, -6.552172830156686e-42)
(0.42296363258077146, -1.0450338479718157e-41)
(0.2389847499179538, -6.335414498926386e-41)
(0.6240792916061334, -9.681793207738744e-43)
(0.3228708938266478, -8.127891956739215e-42)
(0.34703928288757774, -3.662617151945024e-43)
(0.0853692208585275, -1.3445220884027538e-42)
(0.6970613370642785, -4.861945997391055e-43)
(0.17416350569087283, -2.5612494181504275e-43)
(0.031136735272412338, -2.198943227852326e-43)
(0.38810578821376174, -2.2984180020805022e-42)
(0.7877928578065425, -4.122870005517384e-43)
(0.9633805629899926, -1.2887407478173307e-42)
(0.07288141519303418, -5.5635517656856555e-43)
(0.9303695541307452, -7.381859968662327e-43)
(0.423210271532603, -3.424729776968666e-43)
(0.6384585608959307, -1.807474168909709e-42)
(0.7717894048751156, -8.675849155639425e-42)
(0.25259740660961016, -2.7577653307788703e-41)
(0.0673284247694854, -3.2407823368820455e-41)
(0.9810106429606553, -4.436265128552239e-43)
(0.7990028694575255, -4.1416119678295586e-42)
(0.5748562674271527, -7.252591545468309e-43)
(0.011367598570995268, -1.9297243545418304e-42)
(0.6876255021954634, -3.2621964881381753e-42)
(0.4890614185831242, -4.903181721766998e-43)
(0.5907839734556392, -3.907349708258648e-42)
(0.982296815316468, -2.6823091803879702e-39)
(0.094706840319976, -2.0782012042901477e-42)
(0.6620559400776578, -1.5089362904174104e-41)
(0.576622857552355, -4.6909977471272425e-42)
(0.372289519475972, -1.3461929572510851e-42)
(0.6921423595998004, -7.053451439399323e-43)
(0.7417887292582522, -1.9376855478451343e-42)
(0.30694826547185533, -7.296294491496536e-41)
(0.49111734607740665, -1.1338179252317755e-42)
(0.39226101895766563, -2.0204943677559822e-42)
(0.5372628747450656, -7.464355446788424e-43)
(0.13860262211698943, -2.51515937561127e-42)
(0.3462052971205526, -5.2582463961468385e-43)
(0.07685820880606924, -5.739789166049088e-43)
(0.8316117674606772, -4.75212057454066e-42)
(0.7976365054422038, -3.1521324099169266e-43)
(0.7967065502758074, -2.9539176156716794e-43)
(0.4127606123717529, -8.36482740054948e-42)
(0.10821812220216939, -4.915951734535514e-41)
(0.0078223028161764, -1.3755783672377334e-42)
(0.4661745871209348, -3.06718608125503e-41)
(0.029069021526167714, -1.1318887566108523e-40)
(0.394553797980422, -2.105515397920629e-42)
(0.46246367243198866, -9.733498123934645e-43)
(0.9865886907670632, -1.1288758366641484e-42)
(0.45787169819836443, -9.203198502619913e-43)
(0.20680537884019815, -1.3203087946728241e-42)
(0.7373953528572754, -1.0269903653876468e-41)
(0.8133054964443436, -2.4676099529383405e-43)
(0.5870323413567426, -7.837276522482234e-42)
(0.604846283549318, -1.367654529820944e-42)
(0.5996489812661209, -5.630018502629477e-42)
(0.5909775330559798, -5.401466828064658e-42)
(0.4592289797571931, -1.0722957524862363e-40)
(0.17145482031193748, -1.308364384751762e-42)
(0.7992879220835126, -1.470617337426845e-42)
(0.0403568851815601, -1.1963573883610892e-41)
(0.37412188971423593, -9.161823119762105e-43)
(0.8730342849969877, -3.177087062479258e-42)
(0.020569765209708005, -1.466546831065935e-42)
(0.8282615173796405, -1.1835207802094514e-41)
(0.9337734376979194, -4.04455437472688e-42)
(0.7833534679793307, -1.0201790677481114e-42)
(0.3445041393917262, -1.2559856958541923e-42)
(0.5794947131307612, -7.686625155953246e-41)
(0.12468879567096927, -3.137140825455462e-41)
(0.6298856654645569, -1.1428729782026323e-40)
(0.13325493656800397, -9.440847072645104e-43)
(0.9136502696581383, -2.422075599529277e-42)
(0.5801687123580419, -6.007530497794835e-42)
(0.9619726975890314, -6.258547737218385e-43)
(0.5249632312619261, -3.150362060362474e-41)
(0.13895483356604862, -6.49589697097817e-42)
(0.10363399117408804, -9.079325529768929e-42)
(0.15875237766321265, -1.6811960704894714e-41)
(0.13250505048511058, -6.649043984335347e-41)
(0.19506557146519324, -1.6433698445477351e-41)
(0.4786528695588692, -2.5358700642107544e-42)
(0.5413190045045421, -4.455067309241646e-42)
(0.6575600779041334, -2.175904731224059e-40)
(0.23587370469477312, -1.648637757101025e-42)
(0.3007623948316808, -1.1737881903796036e-41)
(0.6281766479610646, -1.1726043146471827e-42)
(0.7395742083200014, -7.09670236512137e-42)
(0.883144536206242, -7.512470644765724e-42)
(0.16866656408523217, -1.2693752327179907e-41)
(0.6621701351429389, -5.877568093798096e-41)
(0.36069948391917084, -7.813883968377068e-43)
(0.574254869790613, -2.3583327545516868e-42)
(0.5498186162903674, -4.983173749677532e-43)
(0.10279292644564239, -1.1371158291455387e-40)
(0.07812362907465827, -1.493425082749932e-42)
(0.8237577500406488, -1.2188856140499213e-41)
(0.06218759153400452, -2.2417450821681603e-40)
(0.6860111933936274, -2.9871099875908562e-43)
(0.3811409450256264, -8.199097339482279e-42)
(0.6513596969347316, -1.468176775138579e-42)
(0.6009947314979602, -1.4925564260491173e-42)
(0.46717724622538925, -2.8364595429993128e-40)
(0.2271966503697247, -1.6781724156271482e-42)
(0.48534593783876284, -3.6429518779903905e-42)
(0.08943431247319066, -5.182769732970829e-41)
(0.602895526979432, -1.1270527046840314e-42)
(0.10318823720479846, -6.231187566659982e-43)
(0.8926909792128277, -7.841403666292947e-43)
(0.7059985404178301, -1.6712778793174358e-39)
(0.5330744217696215, -4.3183312340625233e-42)
(0.9590172024248256, -3.235574669876107e-42)
(0.4989647834047903, -5.934351496914379e-42)
(0.8729422064771625, -1.1653050372143871e-42)
(0.904408120347245, -8.469709450713294e-43)
(0.9330964066259245, -2.394509409988072e-42)
(0.8027028613847393, -1.064678321169918e-42)
(0.34127699741977946, -4.468123408599741e-42)
(0.26011084916124955, -3.316760457049667e-42)
(0.9784468511713895, -4.550879672366795e-42)
(0.5339465693518315, -1.88087467065213e-39)
(0.9669160524383595, -7.810861853876354e-42)
(0.33344822025720194, -4.240584025095796e-42)
(0.4147285500889552, -3.948264569287918e-43)
(0.9551722284498865, -2.1458017762169843e-42)
(0.014827190623735465, -1.0058134486917562e-41)
(0.2627740212255488, -1.5723598658816736e-35)
(0.22338402546273076, -2.113928488452552e-42)
(0.8318622036923723, -3.1241806163982925e-41)
(0.42906768826427405, -7.968136589732038e-39)
(0.5184484297332903, -1.145171347198675e-42)
(0.546440188639405, -3.734285387499825e-43)
(0.2138478860669334, -3.307573852347379e-43)
(0.03060354779627373, -6.05918520800342e-43)
(0.5035021238721601, -8.46387943581226e-42)
(0.09500668069160463, -6.529224533925204e-42)
(0.45290724343524646, -3.312001309428102e-43)
(0.9397404726057647, -1.139625031635103e-41)
(0.6017039745048153, -2.008204134960873e-42)
(0.88885673163671, -5.699980553581823e-42)
(0.14029000121669138, -7.612559882505694e-42)
(0.3187811011134762, -1.4301404014989553e-40)
(0.4727234827842542, -2.76643870087165e-42)
(0.7801021894875226, -5.0015271835039974e-43)
(0.5103753316375235, -2.6801824293518727e-42)
(0.5135497242115729, -7.053715845275159e-43)
(0.4666381144137346, -6.249359486814612e-42)
(0.7592185502052219, -2.22861531349357e-42)
(0.8883118173911367, -1.5449456742070482e-42)
(0.3374055812413025, -5.671394017011891e-43)
(0.2702668358724499, -8.627704035899028e-43)
(0.011718418188485302, -2.2778871084303527e-43)
(0.6125439422863792, -1.1438364112928904e-40)
(0.009265143553764536, -5.4102595427817244e-42)
(0.41067925101106184, -9.121204410924138e-41)
(0.9984540308556527, -8.718393847604105e-43)
(0.09596904423115435, -2.942891680383031e-42)
(0.46433883592525543, -2.381738449316525e-42)
(0.11890135907498735, -4.707151267233518e-42)
(0.7759577726549203, -4.468066575516144e-43)
(0.6864148977054829, -1.088557164904334e-42)
(0.9919690259175561, -4.890222253348396e-43)
(0.8812793330961898, -2.4318931527930565e-41)
(0.7703318679859665, -2.2916093995894997e-42)
(0.6764445599414253, -5.7859981750394405e-43)
(0.46821781532915635, -3.7042861604360306e-41)
(0.9704707466037745, -6.769762858927532e-43)
(0.2531845654364401, -7.354078469293555e-39)
(0.7373080752614827, -6.713774061663999e-40)
(0.5716224751380267, -6.740761556712309e-42)
(0.5407261404501964, -2.70796706398077e-42)
(0.25977477237425495, -2.1669111590253876e-42)
(0.08066245760929498, -1.0366163262310348e-42)
(0.43439706722507737, -1.5515582421795138e-42)
(0.5052029098534355, -1.1359859694593392e-41)
(0.17062742768433153, -2.5790625862482074e-42)
(0.9942867750642013, -8.747212176817625e-41)
(0.957418087358802, -1.3584571290010849e-42)
(0.26487149008013283, -1.306750966473418e-41)
(0.2920703939585722, -2.804024386629246e-43)
(0.9935475934375865, -2.656030202470503e-41)
(0.9018591462660848, -2.829611464031927e-42)
(0.9310912549131762, -4.17031859375049e-42)
(0.5933033405597018, -1.7572396786378877e-42)
(0.2809968456741782, -2.9107405520462514e-43)
(0.2465607034084071, -8.673662573902282e-43)
(0.5549800095525264, -1.0530552607022431e-41)
(0.5688728626574784, -3.295285702971971e-41)
(0.7480734463474803, -5.384696086765661e-42)
(0.9069448037978074, -1.6431148257689227e-41)
(0.7474809749422712, -7.157441500800585e-42)
(0.04023617546839329, -8.144891120686951e-43)
(0.7880076884828253, -4.252971844539959e-41)
(0.33418283979792984, -2.210845757939516e-37)
(0.9562860820550934, -6.841184247312157e-43)
(0.10339933354821298, -8.135989584337263e-43)
(0.11352668812052406, -6.169856420688762e-41)
(0.029721918520258763, -2.6608179012038615e-43)
(0.028992447056915546, -1.3716899842361607e-42)
(0.022100354170014165, -3.5488099345742396e-43)
(0.9512313511931754, -4.553290562948266e-39)
(0.8941615020866056, -1.2386345932666765e-41)
(0.14448897825574644, -1.934574515295813e-42)
(0.637611793397594, -8.398001523592967e-43)
(0.04966929520677684, -2.3269107465004357e-41)
(0.3575188165779979, -2.325761060325979e-41)
(0.37976926820864043, -4.394256029293598e-43)
(0.8512946423969832, -3.1137119243973336e-41)
(0.12245118514246137, -6.232695371511149e-42)
(0.09605385883750293, -5.209872029655392e-43)
(0.9687135018452757, -1.2803408149802539e-42)
(0.40405541365955144, -5.464837831751951e-42)
(0.24149073320820694, -7.541099408235715e-43)
(0.6210336894862725, -3.806594559095654e-42)
(0.11689755959546357, -2.081637738625221e-42)
(0.03423550795010776, -1.6720291586225742e-42)
(0.5941203804657395, -4.23368034684682e-43)
(0.7559072058229634, -1.2832062922945685e-42)
(0.18685317179205577, -5.68259677718639e-40)
(0.058806609806524565, -4.033181430002487e-43)
(0.494722923976379, -6.617560882630363e-42)
(0.5228719586958082, -6.287440089689509e-40)
(0.30482803590252744, -6.608581053691686e-42)
(0.95705665903377, -5.083641464093999e-43)
(0.8818595373844873, -2.522102180615734e-43)
(0.11526145044674191, -1.1514811034423452e-41)
(0.7089951996970768, -4.72819052722431e-41)
(0.8738376514593604, -2.840967090793697e-43)
(0.4713444987760678, -8.694678689914087e-43)
(0.9102335245800471, -1.0651830337800941e-42)
(0.7579711591111791, -2.732729369257213e-40)
(0.011439497345180044, -1.6905085058230578e-41)
(0.3075154886469601, -1.7239892375675983e-42)
(0.4318209126884674, -4.7145690283440714e-42)
(0.41911191997486485, -1.6212899974438854e-42)
(0.194935734314736, -5.449395697466824e-43)
(0.4185261326930255, -1.764041890488007e-42)
(0.4718628423308222, -7.304822753530184e-43)
(0.9566674235160221, -9.784654192919522e-42)
(0.5657863245464934, -4.969571977764306e-42)
(0.8861720259795245, -9.641995792382558e-42)
(0.721117103152136, -7.09544156007544e-43)
(0.9750781760460286, -2.6594202415631218e-43)
(0.08366047288148842, -5.605899098231785e-42)
(0.35455224408511943, -4.75496373345983e-42)
(0.6675339320639742, -3.6404675833558425e-43)
(0.5105157732390845, -1.21972962191861e-42)
(0.27391230062810384, -4.529519165929094e-42)
(0.9747034803572665, -4.627964412816188e-43)
(0.9313182646235498, -8.28392948964647e-41)
(0.9592660949969285, -2.0352308846510461e-41)
(0.07511171650354014, -2.3067397805486533e-43)
(0.3569414550539611, -4.266302775009082e-42)
(0.1616528573967152, -2.7954983491887115e-43)
(0.4330825130601408, -1.5070127068424216e-42)
(0.17336436823362542, -9.579072877551322e-42)
(0.651369155738733, -2.7654111843776122e-42)
(0.38534390867290313, -5.695724926277892e-42)
(0.18471783681904758, -3.014703859388904e-43)
(0.6400256121563033, -5.90445997701925e-41)
(0.43201332784794294, -1.5097294934606923e-42)
(0.013193505040590029, -2.2799294284151176e-42)
(0.44676636824216465, -4.841872626332028e-42)
(0.2525013034632659, -5.843729407911817e-43)
(0.7600474376185834, -1.254372937980854e-41)
(0.47707001992631887, -2.2849969582789793e-42)
(0.07225987484681236, -1.6904084037723357e-40)
(0.17122520369194147, -1.5253024945407728e-42)
(0.9043395169429854, -7.109975419674803e-41)
(0.8927685473908766, -1.033683878651018e-42)
(0.6119667234746623, -1.1739724087735235e-42)
(0.1028100173880089, -1.5974017409840737e-42)
(0.6970593878590239, -3.2121510000421127e-43)
(0.41983379034823476, -1.0953579388719185e-41)
(0.034101656389202296, -1.704089707971028e-42)
(0.24420722877342046, -1.0388803109714442e-41)
(0.7351919329995157, -1.304701737779087e-42)
(0.3171741835002718, -1.0509457243457115e-41)
(0.46697516163056785, -2.5419600876954376e-41)
(0.33735200756075595, -2.912078261525098e-42)
(0.6026113635703, -4.690723881371141e-40)
(0.06622200514747176, -1.466853391236535e-37)
(0.07095563896900009, -5.252970354630898e-43)
(0.16941633686973986, -2.4394586864841244e-43)
(0.6039793242382058, -7.270854290045455e-42)
(0.42075623296633813, -1.1865351213331428e-41)
(0.6400657668929532, -2.8761078449740393e-41)
(0.6694759735820655, -5.9675739389972845e-43)
(0.036076399848458854, -2.0864509779044703e-43)
(0.48902681729534425, -3.2057316941580572e-43)
(0.42867895453143484, -1.3086177602444295e-42)
(0.060428541977114454, -4.5236368477510155e-41)
(0.5954255596438045, -1.4276849769850413e-41)
(0.42877374648723604, -1.2006956895932015e-40)
(0.33925610899236475, -2.139599336044955e-42)
(0.8697539776815127, -2.7960664891314336e-41)
(0.695638444184494, -7.8639066704159e-42)
(0.838013599386621, -1.0232458977330253e-42)
(0.9970400759987488, -9.44789011084223e-41)
(0.6814120774486778, -2.670147949993897e-42)
(0.738346379733711, -8.925751981010548e-42)
(0.36774281773409706, -3.2940476955981124e-42)
(0.6852539967701657, -7.126472479202295e-43)
(0.1319095332541209, -5.5562373773387894e-43)
(0.760138567975862, -8.726915404975661e-42)
(0.7736228064151185, -2.2698265566610976e-42)
(0.8578436729531075, -5.787264608532266e-43)
(0.4070047995812987, -6.320630726864711e-43)
(0.3055455811277419, -4.502866037856853e-43)
(0.8411911826403489, -1.0821287763059637e-40)
(0.934887087802867, -2.5703130603340844e-41)
(0.7965772649044535, -4.658552009075095e-42)
(0.6903677269599726, -7.436556565604144e-42)
(0.43576317386948604, -2.3627839976189838e-42)
(0.19222848412736523, -7.580525292878918e-43)
(0.5403060417146183, -3.0671937855072943e-42)
(0.9074236238996058, -2.6816894141141767e-42)
(0.7557998694787722, -6.190571610391057e-43)
(0.6692942707074291, -7.430422611098343e-43)
(0.6159292028665034, -2.6697053120728907e-41)
(0.609827355883526, -1.5510562165258704e-39)
(0.34769434329505505, -6.273153690153162e-43)
(0.02777249864169095, -2.5574520740172825e-43)
(0.5668261393196639, -2.3175554248821446e-42)
(0.6933072193533462, -1.3056980649757063e-41)
(0.32408177449336883, -7.265127575861729e-42)
(0.47867783796544344, -5.123426239631672e-42)
(0.6338433297090834, -6.627049907139474e-42)
(0.8460787511961093, -9.63493459299948e-42)
(0.786980807845784, -5.063972073551008e-42)
(0.7285635129758792, -3.744514216242599e-43)
(0.3481073911771034, -1.2777022063627292e-41)
(0.5000077229375435, -6.4654731880556005e-43)
(0.26571380063271816, -1.1155288972014194e-42)
(0.06262238519442245, -9.915770975930243e-43)
(0.7906025824858599, -2.4970714726825334e-43)
(0.6894554391862238, -2.9862756563890253e-43)
(0.06254635587494713, -8.676842143985771e-43)
(0.5700131563001966, -3.945853126291648e-38)
(0.12000256562832022, -7.974569114311479e-43)
(0.8437881311887016, -3.4032219074559e-43)
(0.9750673139835067, -2.4172110583967547e-42)
(0.8523175404867519, -1.721577402897118e-42)
(0.3594125723058131, -1.775058733640942e-42)
(0.5186842453563831, -6.591444656468884e-43)
(0.08635385890777793, -5.342564024839616e-43)
(0.6489179357118069, -1.0094240396730867e-40)
(0.3603801887229134, -4.428910439491787e-43)
(0.9451612423345114, -1.3262853541860478e-42)
(0.3820256022555868, -4.6403823123065896e-42)
(0.7753735365760839, -8.042001455690487e-42)
(0.058116256488600145, -3.5919143711490723e-42)
(0.44516636343682137, -1.5729320374237945e-42)
(0.7245695958357679, -8.574345149747079e-43)
(0.7428396468556443, -4.15608400896432e-42)
(0.44322257839824725, -4.232518116703612e-43)
(0.7545787274734477, -2.560263190222615e-43)
(0.5963364728391083, -1.5062095346158446e-41)
(0.619107252961619, -4.4395363652949596e-42)
(0.40658091651753064, -2.961748296887046e-40)
(0.7418968327905305, -5.813202804884758e-43)
(0.7887823132842549, -9.880661474414725e-43)
(0.03900230653473333, -1.2754275831237035e-42)
(0.27148887335489325, -1.1971176859433478e-42)
(0.16860324682957614, -3.950423532169363e-42)
(0.17627160717595589, -3.5827562782342966e-41)
(0.5316167391557455, -4.776700251759629e-42)
(0.2472840107451471, -4.292808961091596e-43)
(0.3151689369268576, -1.3924807989523436e-42)
(0.6591292086426944, -2.7561701855012573e-42)
(0.09943225201778294, -1.1638338698689177e-42)
(0.6922739003522859, -1.1460478218002134e-42)
(0.4661187524807668, -2.897926847965663e-42)
(0.010721073753072173, -3.985711852830402e-42)
(0.579291393417123, -4.4775656447705744e-43)
(0.04821963513790873, -1.1371192206144739e-42)
(0.06546630638695661, -9.103479979284048e-40)
(0.8611816543091951, -1.7119605231814367e-40)
(0.8646684528099379, -4.117856854858798e-43)
(0.7253726288642169, -2.7190136483843594e-43)
(0.07124731468804449, -5.460049300644263e-42)
(0.9430252185019463, -5.795640051897545e-42)
(0.9782016222157222, -5.202335203576992e-43)
(0.4508945943081237, -6.128223113053488e-43)
(0.21790294479148453, -1.9932068010401606e-41)
(0.29868434504778457, -8.141571012375873e-43)
(0.7375467371940656, -9.487682074980546e-43)
(0.8277344280372868, -6.52767665232534e-42)
(0.8032556097029491, -2.652850686125204e-43)
(0.12747518377760572, -9.655900787652502e-42)
(0.42865875631060146, -3.0620859497134162e-43)
(0.1516222475801511, -3.0634914872488608e-43)
(0.7768117675149586, -5.266256395497913e-43)
(0.6795475800564615, -6.44243344915486e-42)
(0.1877117605610174, -1.2188995345458584e-42)
(0.7294669163468714, -3.996533725408676e-43)
(0.84170070669124, -6.5040062895005605e-43)
(0.6470688281161087, -1.2674584500774972e-39)
(0.48727061519470755, -1.2927245485024286e-42)
(0.9461987774614375, -1.0045825943527776e-42)
(0.2736218932432902, -4.0127365284239765e-42)
(0.8455756582573674, -1.839558051386819e-42)
(0.026796060284300177, -1.2706507426054597e-41)
(0.7395423895939296, -1.6754784920027212e-42)
(0.7890761630724423, -5.956371547614017e-43)
(0.47292669442368435, -5.319516976990341e-41)
(0.1622182915735006, -1.242370138230615e-42)
(0.41494786455117155, -6.903061533864858e-42)
(0.8949024442247732, -7.223611487266744e-43)
(0.15613344604299176, -1.084911527337756e-42)
(0.7468327130000212, -1.0057653283149113e-39)
(0.3539304888116328, -6.014883720989335e-42)
(0.47386107674716965, -3.570790431066624e-43)
(0.7972365025411577, -1.493399485109256e-42)
(0.3480065134229553, -3.352719533180109e-42)
(0.6510880813517091, -2.1938807863526387e-42)
(0.29790315039013326, -2.013528460227654e-42)
(0.18586174955065066, -6.096486851899504e-41)
(0.7106909798932737, -1.1167348979951315e-42)
(0.1726997958803688, -3.246794221919228e-41)
(0.11817924357313973, -1.446227555631021e-42)
(0.5755315199355112, -4.751271352473434e-42)
(0.8665788711834016, -4.3410641205578896e-42)
(0.06395570947858795, -7.475147039578213e-43)
(0.8469071919120222, -1.8822117379943395e-40)
(0.6377967691860943, -1.0233230846430286e-42)
(0.6425885849173317, -6.051951595540844e-42)
(0.676841541704918, -1.557682871592995e-41)
(0.36400451396764383, -1.6720654922743298e-42)
(0.1815580932825502, -4.80768133851599e-43)
(0.9673345353675854, -9.489676573065385e-43)
(0.0220203002925019, -1.0276178163085754e-42)
(0.43434476557149615, -2.3240620235218498e-42)
(0.13757541037786108, -1.2699421102404732e-42)
(0.004414301289136936, -9.040235794781985e-43)
(0.041307962444216265, -1.3534181450632319e-41)
(0.9806747064209871, -5.9864804508403835e-40)
(0.3645627549209092, -1.0602410550856197e-41)
(0.8195304737590184, -3.877166215820123e-42)
(0.7429711360173586, -2.1278737856544042e-41)
(0.710775039160458, -5.135618704983949e-41)
(0.2922613032851367, -1.0054253126334203e-41)
(0.47281607182790586, -2.3156075823202093e-42)
(0.9187685133784994, -1.3409520823362958e-41)
(0.2100739472074443, -1.0582056801197963e-42)
(0.9726953456271744, -2.509997492888631e-41)
(0.5322600420590686, -1.1107433536387083e-41)
(0.5256556580326047, -1.7028143584059047e-42)
(0.06583990689342369, -1.756527848081749e-42)
(0.6548653980382222, -4.737290349117324e-42)
(0.23844021791441938, -3.1196544585181565e-42)
(0.40329829928833494, -6.115479080706998e-42)
(0.6229490832557, -6.158829090443698e-42)
(0.23028557684433262, -1.5297224096379512e-41)
(0.6445783831482629, -4.7402336428887194e-42)
(0.37017594130619974, -1.0262032952220657e-42)
(0.2507020767195553, -2.0309169391933055e-41)
(0.5992876680822551, -1.0380590032569263e-42)
(0.7592342374699448, -1.0834303742838207e-40)
(0.39407796706060033, -3.491835009009408e-42)
(0.14330048253071706, -4.7831015634836396e-43)
(0.08538048798089762, -3.1250618021162856e-42)
(0.7223106460451021, -5.599351006794971e-43)
(0.2942282178545266, -1.842562629096641e-42)
(0.5387995300030511, -2.474159318635615e-40)
(0.02445370886769297, -1.51470392406107e-41)
(0.9417410233652456, -5.47527757769093e-41)
(0.383266404139022, -6.846902074766734e-43)
(0.4370542062936243, -1.4871700016002618e-42)
(0.14265567778146676, -2.937126457674638e-40)
(0.9952071062880623, -5.105208753837593e-43)
(0.46786783940253557, -6.2152097690418615e-43)
(0.2520223804943179, -6.1485899250190516e-43)
(0.45601571467065766, -2.1126239019310813e-41)
(0.9752433131165226, -9.57664650001484e-43)
(0.8942587129800275, -1.7898075415028933e-42)
(0.9276596132824789, -9.249810505942846e-41)
(0.21876253745991583, -8.623907220430566e-43)
(0.22697986166582515, -4.629217983551959e-43)
(0.939311701213157, -3.1026444841323884e-42)
(0.8244090782308454, -6.732968649528683e-41)
(0.7428816967721561, -7.331648285399337e-43)
(0.3776854839676954, -4.471451591687661e-42)
(0.3848939229702396, -5.263515726786056e-42)
(0.39105949386082844, -3.7703613879413267e-42)
(0.8769906537918757, -2.7710655984543867e-42)
(0.4031461091549414, -2.8587644332437337e-41)
(0.06122482762020411, -4.780569993164261e-43)
(0.9096412752609403, -1.1618097830757219e-42)
(0.08846481202887314, -1.0588289310102108e-42)
(0.333969865884152, -5.40850822857479e-42)
(0.8924886331372726, -6.119842957666195e-41)
(0.1011149671595827, -2.5460283769933685e-42)
(0.25784401440305815, -3.583253540193988e-42)
(0.8670090308693332, -7.116101782292403e-43)
(0.3889796878128816, -1.3954803363843214e-40)
(0.39184953396708044, -2.0938050875234856e-40)
(0.3866858053002703, -1.675398581786487e-41)
(0.9341342115103135, -3.9632181312866104e-42)
(0.41258116268995565, -9.225300429824263e-42)
(0.8216775507415788, -1.5880215070512213e-41)
(0.7079818859730924, -1.4672525729450284e-42)
(0.8471439595809465, -2.0944178048652406e-42)
(0.1269983229813787, -7.671842840587797e-43)
(0.3628095501714035, -4.028277801539939e-43)
(0.5042001092959982, -9.900304835931524e-41)
(0.2992190614873636, -2.795685973629672e-42)
(0.626593436841121, -8.466761185798024e-43)
(0.7528901201633388, -1.1311794121802575e-40)
(0.18926912159386075, -7.589688440853741e-43)
(0.2199609135917197, -8.459387372472203e-42)
(0.5498882785404724, -1.5748465242373678e-42)
(0.004493809640842531, -3.6129381077835685e-41)
(0.40566681685802536, -6.490160047066935e-43)
(0.9184031185312346, -1.2855527241846366e-41)
(0.3815757933729661, -6.56500305552833e-41)
(0.29540028675073077, -1.4885457191476558e-41)
(0.02359135156262889, -3.1466869738841793e-43)
(0.7967455960710839, -1.5801406866498384e-42)
(0.04491258375925045, -2.912703353016158e-43)
(0.3034399823831796, -3.7620236889521756e-41)
(0.9446016526989066, -8.99096152169607e-43)
(0.588841899514511, -2.6189702281874673e-42)
(0.6606225760580281, -1.1031017853852134e-42)
(0.6896914818406743, -4.828735077947515e-41)
(0.8638525603178929, -4.977182635553038e-42)
(0.1162937061448564, -1.6354678356712386e-41)
(0.34175643601895905, -3.3304763778870436e-42)
(0.14040005336925582, -6.695612648544065e-43)
(0.5902817199944753, -3.2655574324645044e-41)
(0.9266837591372797, -1.9846798615472203e-42)
(0.24399182202488345, -1.584975758377008e-42)
(0.5287075395983576, -6.620798177439158e-43)
(0.8835014938743094, -3.3314252835733123e-42)
(0.9001904457894585, -2.5716169131238077e-43)
(0.13797742728590687, -2.5789677485500405e-36)
(0.8047794624541955, -5.806851142700063e-43)
(0.9019641143859796, -1.720744543309742e-41)
(0.7288047247839265, -2.4790463269776733e-42)
(0.8347456616197825, -9.167953275425564e-40)
(0.7134027387145637, -1.8436292493653232e-42)
(0.849542229784802, -1.284119987416827e-42)
(0.7244394681528414, -3.437639630916865e-43)
(0.7051806366351735, -6.407977237888963e-42)
(0.7576164808698705, -1.6433198226135002e-41)
(0.4667383593624733, -1.7402331161803597e-40)
(0.3743296388690818, -5.819523764441502e-43)
(0.2304489465964376, -1.1838295677044467e-41)
(0.7830838922536139, -1.0997939774117702e-42)
(0.8044061921421419, -3.976853606411789e-43)
(0.7518326848708669, -8.482269448803359e-43)
(0.4682530266691533, -3.9890705437987884e-43)
(0.16212295714510347, -3.1641395437452948e-43)
(0.30853091060242716, -1.0488933505061165e-42)
(0.6303501621312534, -2.963627293418487e-41)
(0.21810864257410523, -9.283234774151697e-43)
(0.9038022911567696, -2.4249769846936846e-39)
(0.05389292881256165, -4.5889621539552906e-43)
(0.5150237528000832, -1.1108358998145594e-42)
(0.6607926859344943, -1.3026205241832124e-41)
(0.5948454637039374, -9.537945440971076e-42)
(0.4639340797324687, -3.31068803466024e-42)
(0.6612936347043921, -5.020301703740029e-41)
(0.15337496230861122, -3.250980533959636e-42)
(0.06794657016829385, -5.567580710276469e-42)
(0.3080221218718876, -2.737732778036352e-43)
(0.26335269847029785, -2.563421695125425e-42)
(0.01767412296823415, -2.550264050906113e-42)
(0.20605035275017486, -4.557466066448354e-41)
(0.9188972899246649, -6.411387359221283e-43)
(0.862489410934648, -1.5319063567577538e-42)
(0.5581881660575564, -2.436503368171639e-40)
(0.3595046484121463, -2.295210284767309e-39)
(0.6203180392967516, -1.3225361917259889e-42)
(0.20382509099912557, -6.3457392686881304e-43)
(0.8536073487299828, -6.264642861095922e-42)
(0.248754023396939, -2.13692657420311e-42)
(0.7124687948822985, -1.1417621895572491e-41)
(0.9173848288700441, -6.624957996513558e-43)
(0.6327808111365649, -7.06404357430764e-42)
(0.9465396389127492, -2.2589744152338117e-41)
(0.2477871506137913, -6.035473311053199e-43)
(0.05880827211315317, -2.294231839151814e-43)
(0.6965409030650316, -2.1537542319761753e-42)
(0.5023657179574454, -1.5621886072379915e-42)
(0.5359597347861752, -7.339677179728881e-43)
(0.9402089686536843, -2.4122898166768715e-42)
(0.5056059970095286, -4.300514021809387e-42)
(0.018300417441368313, -1.5964253755055346e-41)
(0.2844482934724827, -4.833582531008548e-43)
(0.8616408267026766, -7.83990272434267e-43)
(0.2337869899596589, -8.734174648014097e-42)
(0.8667306879232106, -2.2581055242786567e-41)
(0.843447785247324, -1.5327824561076852e-41)
(0.002581488410636283, -4.543794989443164e-43)
(0.840992915749667, -5.479033118711704e-43)
(0.5269179281005311, -2.1871201598354045e-42)
(0.9992160879494357, -1.528144185786264e-42)
(0.9944857338140574, -1.5757696066939467e-42)
(0.14761413012188876, -1.0284544277334002e-40)
(0.2746434335772953, -1.1322753710681709e-40)
(0.3731185730943421, -6.222680237509805e-42)
(0.41625338587766647, -6.190166146601375e-43)
(0.9782699663080855, -4.930825632769373e-43)
(0.3805480246137733, -1.3166711331311595e-41)
(0.3347553944206533, -1.7657533899362444e-42)
(0.45225694493114876, -1.7577345137937614e-40)
(0.41299532283289625, -1.3923072677074705e-42)
(0.9622783821894789, -3.3120374037373563e-42)
(0.4904142599166795, -4.8034369518537146e-42)
(0.12216409675562373, -2.2484258597131788e-42)
(0.604052570486791, -9.867863072726897e-43)
(0.7345344779604891, -3.774972580285284e-43)
(0.05189158371331159, -6.546413286505566e-43)
(0.3630962236237214, -1.0378655451908547e-41)
(0.7706850128666393, -6.223310114120865e-40)
(0.19690550066641468, -1.4062721829843903e-42)
(0.34834110696711107, -1.2599951608869175e-42)
(0.58556093333709, -5.322673722254363e-43)
(0.20723222529021412, -4.147586835131436e-42)
(0.7394039604893804, -5.5227068590773e-41)
(0.6188535689966024, -2.9466511659964504e-43)
(0.9924479111508349, -4.971795833420834e-41)
(0.9826496719241915, -6.98915982198771e-42)
(0.7064291240983603, -6.091221781990816e-43)
(0.5703981504990738, -3.361132283713936e-41)
(0.2687527656770164, -4.9058455061878615e-43)
(0.5418365306529351, -5.966625913950673e-42)
(0.6065417816588856, -1.4804029987092917e-41)
(0.22624893624306155, -1.0119081640314076e-41)
(0.1743140033220568, -2.673469289939506e-43)
(0.6900072338224436, -1.3583332036309548e-42)
(0.6670150181569208, -2.875527368904507e-42)
(0.22430426055377173, -8.223524905297672e-42)
(0.22795069127004314, -4.2155186898937e-41)
(0.3634468597052183, -1.2139788271755587e-41)
(0.9417735349015569, -7.464109319779349e-43)
(0.8779382996311323, -5.8292635568553796e-40)
(0.29952472565412924, -2.7753197659487334e-40)
(0.22255722133478292, -1.0549586217428095e-41)
(0.5750167060214804, -4.674201070725421e-41)
(0.5077152529784497, -7.314063949496172e-43)
(0.5635843376833648, -3.119363267919124e-41)
(0.5321210604074356, -3.762100504835703e-41)
(0.5529078832772844, -3.609938369096171e-43)
(0.538406414891903, -3.963197803870377e-43)
(0.2800348537251516, -2.1702501709497175e-39)
(0.6320174025109272, -4.319755313320608e-41)
(0.7577072983408514, -9.333296100337767e-43)
(0.08473642983877282, -1.665647647172652e-40)
(0.4087766972392869, -9.39254498462316e-43)
(0.16226357389507629, -1.8696393612365004e-42)
(0.8519528924880412, -7.581779864117602e-43)
(0.8327131485550245, -7.739973871850344e-43)
(0.1462944740404384, -7.253431508645001e-40)
(0.186426814081336, -1.4569510476400678e-42)
(0.553779683833843, -1.7280829092589358e-42)
(0.289688637763243, -3.1970842788029317e-43)
(0.023857407737440404, -2.3633829469238306e-43)
(0.9109754100629608, -2.0137539330728397e-42)
(0.19343440928715214, -5.340270663564199e-43)
(0.42778321340165004, -1.343164556336739e-41)
(0.5671045766524982, -2.1836012367994615e-42)
(0.507824271112995, -5.277663017377463e-42)
(0.8509787490819463, -6.3793717115406095e-43)
(0.7016989177103963, -4.091778118698333e-42)
(0.9112532351113078, -7.629135892418895e-43)
(0.7968641768600067, -5.590269030694064e-42)
(0.8349624815451713, -4.3034999908718847e-42)
(0.001679507315193062, -1.0694864187896134e-42)
(0.5317951488016244, -3.093096219002594e-43)
(0.9825968951474416, -1.6867047357384453e-42)
(0.6379724246494636, -5.456695959025224e-43)
(0.6206789110492054, -2.2644890702035946e-39)
(0.5744703120874778, -4.620285699407331e-42)
(0.5289433374380779, -1.692605629833701e-42)
(0.28484202532530706, -7.546993818463107e-42)
(0.8489368538194781, -9.106380329016894e-43)
(0.7200145032993737, -7.320494592292215e-41)
(0.18242913646138353, -8.722957706873073e-43)
(0.3811240199558724, -4.005486330103604e-43)
(0.4496955613256557, -5.364268995098937e-43)
(0.05295804027886279, -4.2648430450473545e-43)
(0.39490528889972654, -1.7835710966534477e-42)
(0.9907669894222889, -2.8428189867819965e-42)
(0.9386801378884594, -2.2305855708260302e-42)
(0.8695688325623592, -3.2219506818705892e-43)
(0.980758279817564, -6.502701673593991e-42)
(0.04602065996718188, -7.77331378156094e-43)
(0.5512306958108123, -4.478981447771344e-42)
(0.5780568642322165, -6.2961608870459865e-43)
(0.4018031643711745, -8.940683518391737e-42)
(0.449559163309777, -1.43514552440489e-42)
(0.2393449892586483, -9.683508025684969e-42)
(0.6898184452172499, -3.9616517372987703e-41)
(0.231654049681438, -8.06122490101181e-43)
(0.25754547272177913, -9.214238793760351e-42)
(0.9993585685643238, -2.5985186635495255e-43)
(0.21755373499064767, -4.199956373971165e-42)
(0.7200888939771425, -1.3145580709961643e-41)
(0.9640860389012871, -7.867467939965877e-42)
(0.47438085428530097, -1.4007929559626394e-42)
(0.6902343312713107, -7.42025603726322e-43)
(0.9900375419015438, -1.107104919298507e-41)
(0.5877522921103112, -4.114902397379308e-42)
(0.2789267799589631, -7.50057728834921e-42)
(0.9812263540488583, -7.770249763766128e-43)
(0.7617991073927325, -3.4502429484721415e-41)
(0.2422493249173915, -8.647297587963891e-43)
(0.07467706974656683, -1.090394387435311e-41)
(0.6100947213094495, -8.237549681366172e-41)
(0.5865056424937257, -1.4966893574163654e-41)
(0.34400156570653123, -8.368479494784289e-42)
(0.9847889993128094, -2.8629414358836516e-43)
(0.7497736482083228, -1.41838214126698e-40)
(0.7197671210771879, -1.1638168064774184e-40)
(0.6320423486004414, -2.0029601433539327e-42)
(0.8688906692864019, -2.339373874741507e-41)
(0.48487959699299554, -1.1572380329959676e-42)
(0.3885423541338208, -6.2371694787231956e-43)
(0.7112936853667351, -1.7266130587185785e-42)
(0.11983722068249589, -4.840630587098492e-41)
(0.8692539771464685, -6.662570609699027e-42)
(0.07959300876921062, -4.376766967627942e-43)
(0.08236142328955805, -4.545582722648359e-43)
(0.8552278326561273, -1.214601212421016e-41)
(0.9397513862513535, -6.400721799927168e-42)
(0.7753504020126741, -3.797102866380412e-43)
(0.12483460335386942, -2.5653823401313603e-42)
(0.754234522186697, -5.589074491022821e-43)
(0.7909428203410074, -4.9630113236101e-41)
(0.07970756165578066, -5.964256985242623e-43)
(0.24641612498406176, -9.143804508150916e-43)
(0.9127604901856518, -3.1183459265465226e-42)
(0.5740196000640074, -8.902512680965433e-43)
(0.14647746703684217, -9.354884717149886e-43)
(0.35447811803263757, -4.1269425285353856e-43)
(0.3265999940560431, -9.206512471694402e-43)
(0.7490963312600636, -8.346158973631622e-41)
(0.05973617472753664, -1.2008357869240794e-42)
(0.16797475585027316, -5.222403173859903e-42)
(0.13285421782049223, -3.016068095809841e-42)
(0.4912391083423322, -1.1320425160860444e-42)
(0.7550558981810852, -1.103115909578386e-42)
(0.6391717981364787, -9.609273782302857e-43)
(0.9943775746955117, -1.6331286895075615e-42)
(0.025028621948750454, -1.9373124680202594e-42)
(0.5766806406584302, -1.390047639131811e-40)
(0.4480873987192452, -4.245251544788707e-43)
(0.910156938698629, -1.6315267133815056e-39)
(0.3645231440468583, -2.396072818090635e-42)
(0.06270828880013388, -2.5408614900854873e-42)
(0.4228264300490938, -1.1589903863218865e-38)
(0.7181564301096695, -8.043906647435625e-43)
(0.9780606545802282, -1.3204692976549567e-41)
(0.14789669087072768, -7.858790223099556e-43)
(0.40431195536429954, -4.2027576545671347e-41)
(0.6981841005535795, -3.821789293898298e-42)
(0.5379935783979247, -4.154724173025507e-42)
(0.02047447533589271, -2.277409477498627e-43)
(0.5976062886813933, -3.4389288660136066e-42)
(0.20291966840369005, -7.976284551174145e-43)
(0.9180513853049561, -1.7750822615241188e-42)
(0.2244634825549992, -9.480128346075362e-42)
(0.9858621275020677, -2.8344077274847168e-42)
(0.3339659213831726, -5.854507433295838e-43)
(0.40365918350914676, -1.078490010842755e-41)
(0.07437521597253141, -1.1247742855731857e-39)
(0.43297717295439797, -1.8337630431205208e-42)
(0.3462938909196022, -2.955271594983133e-42)
(0.6306523592576174, -6.79608978857342e-42)
(0.0528581950163304, -1.130610870496545e-41)
(0.45872446954391655, -5.015283649910717e-42)
(0.2759879359296649, -4.8309180702563223e-42)
(0.04097285393853109, -1.3810580255184711e-42)
(0.5049958259122469, -7.17131312955413e-43)
(0.9346794104362584, -9.831455192944313e-43)
(0.6760919922678621, -1.4471217659666046e-42)
(0.27167254844383654, -1.4639287730576807e-42)
(0.19575216958561262, -1.472251724551489e-42)
(0.5609978906324294, -1.5294472088970208e-38)
(0.21948123102354994, -8.284611993738785e-41)
(0.4200586995959531, -7.84464912974823e-43)
(0.6834378160842469, -3.234542442761823e-43)
(0.9397435859272918, -3.0370228391196776e-43)
(0.5256334355249147, -1.6718092196803265e-42)
(0.3181716168467619, -4.926789999470315e-42)
(0.20697207921011038, -6.152132602780457e-42)
(0.7261413358164913, -4.2696033663913064e-40)
(0.277105972436232, -1.5251207196484734e-41)
(0.5746397033061466, -1.1359402044315857e-41)
(0.38633547011810815, -1.0849561008446406e-41)
(0.08216381745549532, -4.659052904909129e-42)
(0.9028612144631374, -8.430465344659451e-42)
(0.2635610118937414, -2.175311717741303e-41)
(0.9416818695053566, -3.200204338734476e-42)
(0.9729767413636321, -1.1916177870621173e-42)
(0.8799787995548005, -1.5612807416023916e-40)
(0.1701311600187088, -1.3556507056990154e-40)
(0.3358645680139754, -1.5283943933037133e-40)
(0.5431834790657947, -3.735105510138092e-43)
(0.8473703102194777, -8.811362007991584e-42)
(0.05384543099697191, -1.6883318674030463e-41)
(0.17265898895773457, -1.0272151741915256e-42)
(0.6359620890267647, -2.5807645211471414e-41)
(0.7425663335750431, -8.486612850134059e-41)
(0.30581392714855027, -4.8823087545343576e-43)
(0.0015041236400020138, -3.675828882558268e-42)
(0.8870027850353134, -3.965045188393053e-40)
(0.9343298777326169, -2.3401412120606544e-42)
(0.36171589066478815, -5.928258203151375e-43)
(0.4793584295188554, -3.609554376443249e-41)
(0.8443475502071824, -1.5931187251408474e-42)
(0.7972196247343027, -7.80520092126071e-43)
(0.8805598638067756, -1.8555880784051237e-41)
(0.5067663794539663, -3.3223379245373906e-43)
(0.18573087253333384, -3.12102286266553e-42)
(0.9731586511576876, -3.98376049796095e-42)
(0.8277203287989857, -2.438359392691732e-43)
(0.35948172832137515, -6.624189453344434e-42)
(0.7252776478907526, -9.055050474270653e-42)
(0.5045248777971926, -1.5835813877915136e-42)
(0.9631514499443681, -3.2319262895257503e-41)
(0.7290310481993434, -1.0436643662418376e-40)
(0.26556912343712363, -2.7941621034501034e-42)
(0.3730260407355798, -1.5533268953600572e-42)
(0.16654159173324845, -8.196381572269801e-43)
(0.4529107396343731, -5.251316618314797e-42)
(0.008103738540754937, -6.356108717498208e-43)
(0.662010942732779, -4.098521959863975e-42)
(0.9677572295842967, -3.852223910372884e-42)
(0.5660157465685018, -4.733934067152389e-41)
(0.1582959951533363, -3.03569042775272e-42)
(0.10241221154245467, -6.605999745137962e-43)
(0.5806075476535681, -6.495095862457183e-43)
(0.12547955884394965, -2.893951227225644e-43)
(0.7175761758298337, -4.335792306669283e-40)
(0.18736863024806405, -1.4775811658376285e-41)
(0.461805428887485, -1.4142062538252131e-40)
(0.19160667044042393, -1.7827492381067644e-42)
(0.8312591238053193, -1.8567795986442162e-42)
(0.9258317829890895, -3.987935341648789e-43)
(0.15100279620848328, -4.644117247964466e-42)
(0.40818918864926346, -7.336917802373752e-43)
(0.2341503727881285, -8.132143661971898e-43)
(0.2301561302654927, -3.0098383267542697e-43)
(0.5738426097189281, -7.009332523025672e-43)
(0.9103784140951731, -2.44693228635269e-41)
(0.9395113224668565, -4.530476833375496e-40)
(0.29868876926924726, -1.2815738610190292e-41)
(0.9791419412420699, -7.499732284744491e-40)
(0.8878035135207794, -1.1141152209528916e-40)
(0.5685471160809844, -2.9959671242965425e-41)
(0.8070706211202853, -2.7119085053968072e-42)
(0.2144644429846289, -2.3702830117428943e-42)
(0.052168155470882195, -8.87451256350794e-43)
(0.4641097923172873, -3.0518821737854028e-43)
(0.7187610928080916, -1.0327112888971834e-42)
(0.325761736329312, -2.2488461446449933e-42)
(0.8658630303621693, -6.493627616325462e-43)
(0.1388389636173135, -5.391867200889409e-43)
(0.4252319739758523, -4.240930563154027e-42)
(0.8660536369163839, -1.1161347716266923e-42)
(0.6466269850600289, -7.861493169138289e-43)
(0.45576931759784706, -1.0755172048099611e-40)
(0.4723027114449513, -6.299404390868454e-42)
(0.9903127129560413, -1.1576644785789678e-42)
(0.14690656848554373, -7.385892910704363e-43)
(0.7251822185819911, -4.3901743725255234e-40)
(0.9050896714943344, -2.859361569311483e-42)
(0.043202827297104125, -5.467745803719226e-43)
(0.45528019895837235, -1.2329884602864709e-42)
(0.00044216339398082277, -1.0994313848407944e-41)
(0.7092187537899795, -8.874192544795674e-43)
(0.06074680150540574, -1.3175691562844277e-42)
(0.1382146290534781, -4.158315126660638e-42)
(0.35166321216549884, -7.1643638011991944e-43)
(0.9934083381255612, -2.393857798424445e-41)
(0.8524938833041192, -3.444887669651015e-42)
(0.88037979504153, -7.86199063184447e-43)
(0.10262330783974605, -6.2049356869672156e-43)
(0.846990185893484, -3.1574035571261187e-41)
(0.3481493545491112, -2.9179939946431434e-42)
(0.6942985370463771, -1.5379799129354026e-42)
(0.4958766131295536, -2.1298282853621362e-42)
(0.9079234296606044, -4.3111559004403055e-43)
(0.386101379560198, -7.164696842937136e-42)
(0.37283798720415867, -3.746476714262985e-40)
(0.980342160743234, -8.056967565884545e-43)
(0.774946460500371, -1.2227442055707181e-41)
(0.49420470651456294, -4.7507510037572485e-42)
(0.9991169692631887, -9.23587665462561e-43)
(0.21017246573401435, -1.3775602056243718e-42)
(0.364676901729269, -2.0539775897884816e-42)
(0.0929882812336242, -8.016329879214487e-41)
(0.2167712641901535, -2.9020815208567304e-42)
(0.580748719045068, -4.085382977409934e-42)
(0.35750734032855164, -1.2024885905804947e-41)
(0.6672123236364357, -2.3136805463151638e-42)
(0.022643536235546127, -3.42963424689201e-42)
(0.07090406361062634, -8.646020192857298e-43)
(0.2618611123788276, -3.0679574617530534e-43)
(0.7295199260812774, -9.488966488035023e-43)
(0.2772818690447728, -2.031014409597195e-42)
(0.11446049933918544, -8.695957571392336e-43)
(0.18762293366787114, -1.0934634014214652e-42)
(0.7553427873014393, -4.3093718845391995e-43)
(0.44457857820199675, -5.929738730826218e-42)
(0.9428304533895235, -2.3202932001211097e-43)
(0.8830193953256816, -2.1263906916972907e-42)
(0.527531959312729, -7.047714513508218e-41)
(0.21837642256316617, -4.431854381991585e-43)
(0.5444541769694374, -5.437033752973043e-43)
(0.36186287266780626, -2.6229589581945596e-40)
(0.4057924021639444, -5.023100896806083e-40)
(0.25514421089067196, -2.5340714321163664e-39)
(0.2863169419207629, -1.3025460597277548e-41)
(0.8781985454356666, -2.485572105832078e-42)
(0.6450083067965301, -4.8377766518094257e-42)
(0.7678525458125086, -6.805699443046189e-42)
(0.7528605982734761, -2.3728054294109827e-41)
(0.679137904962207, -5.3425450813883464e-43)
(0.3549911329732229, -4.1319814369817636e-41)
(0.4478456132530401, -2.556417217101951e-42)
(0.8814000513096283, -6.65156681785347e-42)
(0.050784583337833505, -1.4530329578459342e-40)
(0.5315221118913712, -3.149794847760464e-42)
(0.8384594217430187, -8.653322099566871e-42)
(0.1786991507237234, -1.2368489906212575e-41)
(0.5166631157570858, -7.634222089018462e-43)
(0.6479971580991873, -6.085230864136757e-43)
(0.8495735746261291, -3.26656060940238e-42)
(0.14609888829911483, -2.644074378790938e-39)
(0.9882154818683245, -1.8392631931368604e-42)
(0.3482999297992438, -3.740517521921498e-43)
(0.38821063912904324, -5.7946946434057115e-43)
(0.41757902771111804, -1.0573799847812502e-42)
(0.724739200824898, -8.141507144563008e-42)
(0.5212566330639483, -5.727614540256805e-41)
(0.6422247425501698, -4.1550179931015654e-42)
(0.7434319805702895, -1.5565789177806801e-41)
(0.5056498453647319, -6.086130073410333e-41)
(0.9251242816302319, -1.0178330743390195e-42)
(0.5836721068750816, -5.4919897962752285e-43)
(0.7856064985869402, -5.397494187354986e-41)
(0.7991517074637614, -1.328674725937896e-41)
(0.37976544446789473, -3.53134756120798e-43)
(0.05673418972542838, -9.307979668396302e-41)
(0.9756848398621573, -3.525082225182823e-42)
(0.057851336708238256, -7.562640504628433e-41)
(0.9907757024141777, -1.1857436425989794e-42)
(0.20678600888697998, -1.7418468893700808e-42)
(0.16091017934427446, -7.60875730517421e-41)
(0.9657817730034448, -2.706470098425722e-42)
(0.5288280309145301, -1.1821781872412346e-42)
(0.10848142037652996, -3.2854080759346374e-42)
(0.1280295229135544, -4.772891572973386e-42)
(0.5311120485438866, -1.194606337100232e-41)
(0.4752641100678623, -1.32551063063981e-42)
(0.9585702324024155, -1.1653171414193983e-42)
(0.16281998154708985, -1.5229491436193935e-42)
(0.07944291928604075, -6.318788421530109e-43)
(0.12777950367550323, -2.269129198281163e-42)
(0.6953484566574547, -2.55401453408231e-42)
(0.6845368561155936, -1.4858076241740646e-42)
(0.7930765934966041, -1.2968073265359588e-42)
(0.9251237470627036, -5.936445571314786e-43)
(0.49874848239018044, -3.464240775263759e-43)
(0.9902881973276805, -6.146541085870092e-40)
(0.9735318293086864, -3.604748502252075e-42)
(0.15953336462094794, -8.839840594560132e-43)
(0.1083283530715309, -4.976546631973748e-43)
(0.14046292773700098, -4.651995756214621e-43)
(0.9441659184627818, -6.449418679918108e-43)
(0.10054851579064092, -3.096952335870943e-43)
(0.6798437539270443, -1.2208317044768303e-42)
(0.1501177735422655, -3.5143832276096455e-43)
(0.45257833830442623, -5.1727204147618365e-43)
(0.10138531690246379, -8.276416603279258e-43)
(0.0279092801579753, -8.256523200870562e-41)
(0.7737352907202166, -1.166098286506545e-41)
(0.6158964256496626, -4.853252009883175e-42)
(0.5821623446430069, -1.712491440748754e-41)
(0.3139479028173158, -4.63879369606306e-43)
(0.7584495156125057, -2.5859542456988152e-42)
(0.9066963006131482, -1.960354285495996e-41)
(0.31023524823533966, -2.7436333953594764e-41)
(0.4518843126308168, -6.29112692950393e-40)
(0.6407611368786146, -7.108386049083751e-43)
(0.3083363602778509, -5.7099854608706135e-42)
(0.9376556585642645, -4.715424608357313e-43)
(0.05909917709010007, -3.5757944928773e-43)
(0.14012693883366234, -8.519214859315589e-43)
(0.3476685571554642, -2.332231090450541e-41)
(0.44708199804615834, -3.0329810646456485e-43)
(0.20461697891264752, -6.540384667152095e-42)
(0.7609402476803275, -1.1378142417919626e-42)
(0.3097946651745414, -5.820130338489646e-43)
(0.9342005184822658, -2.674773876999476e-42)
(0.0008792208874316251, -2.6395987597834586e-42)
(0.04305309884515543, -1.0069047590321432e-41)
(0.34026053240889215, -7.1447538961572814e-43)
(0.10377775778245853, -1.9395281215777977e-39)
(0.31427871151646924, -3.292750270217394e-41)
(0.9921076293671947, -5.249130213803278e-43)
(0.2696466950546366, -1.3568723301244713e-41)
(0.3956818362370077, -2.481958842910676e-42)
(0.31057704448573353, -6.309261134759135e-43)
(0.36607784958255607, -7.016303223786919e-42)
(0.547768891524438, -2.2530824528958552e-42)
(0.9045875161675474, -4.505000619909237e-43)
(0.9322900308341646, -5.610103652229472e-43)
(0.6153959706183699, -7.641656130941386e-43)
(0.7554808019952974, -1.2830423510857015e-41)
(0.48423675889558815, -4.438474801083861e-43)
(0.9408116550680289, -9.134447604632082e-43)
(0.3243764431430571, -7.383601244848636e-43)
(0.4075122157240866, -2.9890502757683965e-39)
(0.7755160302447308, -1.612403119308809e-42)
(0.4413976745625465, -2.1851727091615028e-42)
(0.3313915882301424, -4.707866170689899e-43)
(0.8837860953320168, -5.599248220584822e-41)
(0.9043647111852763, -2.6542839801591324e-42)
(0.4655519314971026, -7.203947738621402e-43)
(0.44414664697959044, -6.891138138106109e-43)
(0.6291063480351714, -1.2691647899501631e-40)
(0.5135713954783301, -5.911565970500101e-42)
(0.6733046511446131, -3.8644669595471165e-43)
(0.3570065445673618, -2.859289229421944e-43)
(0.40464613536677496, -5.753816401403529e-43)
(0.7667658886012032, -9.09456726257381e-42)
(0.46246600411278727, -3.253215850558638e-41)
(0.07778627751373797, -1.6314752364652583e-42)
(0.38413389985395685, -1.054026573777448e-42)
(0.3492500386476029, -1.7242437530082087e-41)
(0.6920244521722038, -1.8018820629708503e-40)
(0.13435885967105476, -4.901595537937913e-43)
(0.6062751082098036, -6.371508600329477e-43)
(0.5910852002111278, -8.340446171999186e-43)
(0.42554201889340804, -1.9039208711105834e-42)
(0.6654194061158567, -9.951011615292895e-43)
(0.9352777431293829, -4.021715826812793e-42)
(0.5563485533131257, -9.145416881954234e-41)
(0.16971675764074218, -1.9295779453353364e-42)
(0.8389159368360013, -8.62178395980647e-43)
(0.07346855611032992, -7.0258489439369425e-40)
(0.7404109996509057, -2.159874976155745e-42)
(0.016184662722741466, -1.2311717462094753e-41)
(0.646764778672631, -4.6338010850788134e-42)
(0.1068607273781576, -4.607869044517449e-43)
(0.24435092178831785, -1.4492993912355712e-42)
(0.5875053697403603, -2.8904780769232023e-41)
(0.28280572679350846, -3.2559036769294475e-43)
(0.12241395210478323, -5.631423493566022e-42)
(0.08609246091277284, -1.3668277808693126e-42)
(0.2525033079292766, -1.6564244592201347e-42)
(0.7646909290172546, -8.92908300297801e-37)
(0.5333686000282634, -3.361294222851976e-42)
(0.6599923899344934, -5.881846349565413e-43)
(0.5389617182477968, -6.824980434350519e-43)
(0.05925452529658579, -3.420306709940032e-43)
(0.8101810526157461, -1.689678673708311e-42)
(0.9310229643911025, -2.044305121985638e-41)
(0.5898250093029591, -2.1102175616724283e-41)
(0.6783505157838678, -7.442314777268736e-43)
(0.2556670688410064, -1.5573672929367206e-42)
(0.5651919945924611, -3.9426036448741715e-43)
(0.4468316731248496, -1.0617511317994351e-40)
(0.6303464156988495, -5.577121101264023e-42)
(0.5528729601373571, -5.073287221984905e-42)
(0.1691527046839992, -2.6967220210815152e-42)
(0.9469465138239579, -5.298422880107793e-43)
(0.6864270688012817, -5.799005128211066e-43)
(0.42105572017075693, -1.3393995072270254e-40)
(0.9830683092495991, -2.5287213925751467e-43)
(0.28453133600448205, -1.4634694682077598e-41)
(0.47130741511467894, -7.081854322491854e-42)
(0.6564858507120245, -1.2123695179690765e-42)
(0.07035218878499763, -1.3236684813491806e-41)
(0.2902196876639372, -6.504811051425274e-43)
(0.851244906848208, -2.0411043858117055e-42)
(0.9782100885666399, -8.312222089038616e-41)
(0.09302158369597058, -9.891439933882179e-43)
(0.7955871088129438, -5.40935849166657e-43)
(0.03217883548384962, -5.578615707183432e-43)
(0.5815360091021747, -6.076916574333677e-42)
(0.21990999694613775, -1.6305138030153656e-42)
(0.7021180059243177, -8.12602862227233e-43)
(0.3767850451467488, -5.684062350201078e-42)
(0.555880527997846, -9.275647648533268e-42)
(0.10155971724251796, -1.801481776499113e-42)
(0.6564278922193955, -1.7284135157470953e-42)
(0.6797342081156997, -1.5967296107543268e-42)
(0.9476132388302703, -9.822493639791912e-40)
(0.7580383069716001, -5.825253119728607e-42)
(0.5974867276487758, -4.5367452135622264e-41)
(0.025077421523174468, -5.143851037533672e-43)
(0.19873987292855425, -5.038383883376607e-41)
(0.9765095107069203, -7.271412246752235e-41)
(0.7309507316440069, -1.2242086625098352e-42)
(0.9692168795136274, -1.1690299169018157e-41)
(0.42150596832888015, -5.89860308461088e-43)
(0.536889662605049, -1.517594059597134e-42)
(0.348854673438302, -3.030507014686383e-42)
(0.5011848092892894, -4.655733510133826e-42)
(0.5345930494540129, -6.226728674286303e-42)
(0.019389888971302574, -1.163211123160341e-42)
(0.9788013955726099, -1.8585090234501408e-38)
(0.6851298707274932, -6.633667188437129e-42)
(0.07143060830107804, -2.430184793181332e-43)
(0.4177581581603182, -8.503781812362602e-42)
(0.9357549289313515, -2.13867351240721e-43)
(0.6361093187937645, -1.4916028322781526e-42)
(0.43226977847191467, -8.976700644250883e-43)
(0.738989107773893, -1.4374290397208494e-41)
(0.6578029828197138, -4.109380917209721e-42)
(0.9878686738597656, -8.738189826409236e-42)
(0.6801283173447195, -7.937199166834587e-43)
(0.8041568455881151, -2.1433286923019733e-42)
(0.9957946158046932, -7.072498066459318e-42)
(0.31269499162042874, -9.26404144303015e-43)
(0.40104334634918937, -5.680662619872264e-43)
(0.3654290356825303, -3.2759894292022277e-43)
(0.5752050209517587, -1.4052538161559746e-41)
(0.36366179888283623, -3.4954706166374365e-42)
(0.7893228106901455, -7.912582006650513e-41)
(0.5103301571197979, -4.325133537028506e-43)
(0.8518035109534334, -5.843056712212688e-43)
(0.87149760576433, -6.990016078502366e-43)
(0.39923825243053923, -7.651888031159097e-43)
(0.18724447792523283, -5.699703630187216e-43)
(0.5018826162911769, -7.671553486465073e-43)
(0.8875140963259364, -2.114728330506278e-41)
(0.9842222984212196, -1.1434986653473401e-42)
(0.09415891494144102, -1.6307072641922438e-42)
(0.043765943684018406, -9.88721661241424e-43)
(0.8689824927520621, -1.1657124608364945e-42)
(0.24017713707710248, -1.3257368818606243e-40)
(0.1939321630198027, -3.8478905386393255e-43)
(0.05360443933741725, -1.2548779315603426e-42)
(0.8958471904454031, -4.7616726823301947e-42)
(0.8976696999614164, -1.2213787164785213e-42)
(0.8554543742253793, -2.2473258521363325e-42)
(0.2027824283887277, -3.815911702165676e-40)
(0.6176675797387188, -5.951570540076661e-38)
(0.034679213869293075, -5.431016566275786e-43)
(0.4879304472283571, -4.2526923207609125e-43)
(0.030587128481205962, -7.736157538009326e-43)
(0.9359965894381257, -2.7399336479297563e-42)
(0.9146988742802713, -3.800332833097182e-43)
(0.0873368976169654, -1.715226005772611e-42)
(0.3945748022654746, -5.902368983384844e-41)
(0.39706308414872793, -2.374171682149436e-42)
(0.04396876445986781, -4.63075427232045e-43)
(0.8972386369137926, -1.242604040442119e-42)
(0.4090883815163602, -2.4025767614892993e-40)
(0.031566386767401255, -1.0309225557027392e-42)
(0.6418092507036529, -1.442295136414417e-40)
(0.19934913991903447, -1.4460237790532723e-42)
(0.7095547875512418, -8.958336039711882e-41)
(0.336788477254754, -3.907317190129795e-43)
(0.25966895107718724, -2.576112423288844e-42)
(0.7680468473223093, -2.4847114924060118e-42)
(0.9581778094983956, -1.3339666743388066e-42)
(0.6867661776490495, -2.032665721802086e-41)
(0.9411967523192883, -8.234014574929182e-42)
(0.31248744887755914, -4.543723469460195e-42)
(0.5232152809312272, -9.816168109834936e-42)
(0.9537652381679748, -1.4113841332584183e-42)
(0.6434896866736416, -5.20597711962149e-42)
(0.30485340522922333, -2.4195794320583173e-38)
(0.007198643542419141, -1.7882147978442167e-41)
(0.45353128373810986, -8.15978290938217e-43)
(0.36431304655752256, -7.782971842957708e-43)
(0.9424709574871541, -5.698270165809149e-43)
(0.20477044830816513, -1.6619969272836583e-41)
(0.5770846407283866, -9.918527284123875e-42)
(0.8304291159179095, -1.374200183712385e-41)
(0.12705517087652218, -4.77203079162109e-43)
(0.06081688723482626, -2.5379301011485373e-41)
(0.9461128966619279, -8.091941124642993e-43)
(0.9848965796041494, -1.7531331492009165e-42)
(0.1920631833411462, -3.5361328525705985e-43)
(0.05671341156191552, -4.7496298418085756e-42)
(0.03014028098293625, -4.98015893184617e-42)
(0.06747759509757585, -6.0600261780319886e-43)
(0.9708509731723753, -1.1467125292700021e-39)
(0.19881422150390118, -1.427670853932877e-42)
(0.5575512925579795, -7.124308615990967e-41)
(0.7627438834649729, -2.5147478880869597e-43)
(0.292166654861195, -3.37755357734593e-41)
(0.04730435541493867, -2.8385019149687596e-43)
(0.615105346024488, -2.12473738320314e-41)
(0.7961259969006759, -1.2551048226776731e-42)
(0.0010984703246403992, -2.810802400594379e-42)
(0.3638366221739697, -2.3584657352174896e-41)
(0.8386322335429204, -7.429531138718795e-42)
(0.1977129166288545, -2.9983989632572475e-43)
(0.1735200539662754, -5.768737781437202e-43)
(0.6770760982076114, -5.67270962493509e-43)
(0.17305643755174768, -1.9290124895462708e-42)
(0.32429769723988594, -2.11984018825835e-42)
(0.9864532538745556, -1.3752913760552011e-42)
(0.36279640613881686, -1.6655961465956648e-42)
(0.4654407621725592, -3.5987860000290505e-42)
(0.9283358082448357, -3.0705539886054684e-42)
(0.12011256725514423, -1.3320202276582771e-42)
(0.3963858361076191, -2.4652589828380387e-42)
(0.6081374450795168, -6.386679882124956e-42)
(0.7665576075702462, -2.327153444623261e-40)
(0.8861003901511603, -2.7471747652810645e-40)
(0.6014077102227569, -4.137797076668296e-43)
(0.6557891379661774, -1.0853345131638181e-42)
(0.1820548007407712, -1.421274739935744e-42)
(0.09945664220518521, -9.855604938004109e-43)
(0.5372351088941879, -2.4800739793398243e-42)
(0.6526859031757374, -6.642376652997973e-43)
(0.8729702375085222, -9.990975361954773e-41)
(0.47081331600191745, -5.369469161928776e-43)
(0.5561944380456257, -6.588429400178998e-43)
(0.7649425696980335, -4.435755944152557e-43)
(0.9157929368082656, -2.735579082882777e-43)
(0.6758087568201315, -5.4716910222471375e-42)
(0.17765509100316193, -1.029670847464145e-42)
(0.012640135352761693, -6.414038536753903e-40)
(0.15593177109845383, -6.800444521422759e-43)
(0.23890704966024126, -1.4041734440353679e-42)
(0.7819802455561301, -4.033155910080774e-43)
(0.6056774036156428, -9.73304471904364e-43)
(0.7643694756715391, -2.646294166642697e-43)
(0.11839438771212574, -7.248946876064608e-43)
(0.9366660081876768, -2.3029781666628927e-43)
(0.7376594907954706, -3.262474749894132e-42)
(0.347137476032308, -6.3767833637108584e-43)
(0.4039641585817665, -2.172061230086112e-42)
(0.10193011041291587, -3.7771001601863074e-42)
(0.6728114232913471, -4.596220395630414e-43)
(0.48430573118139353, -7.194158222788434e-43)
(0.9688290452549927, -1.4212740235192312e-42)
(0.1532464576514846, -4.582691065328836e-42)
(0.6344751146022124, -1.3295357548789303e-42)
(0.2825916746392981, -1.0841052271911987e-42)
(0.8900670382051292, -1.3379114923256985e-41)
(0.8710165950275515, -8.854731795212866e-43)
(0.17537397581821682, -1.1232199314115509e-41)
(0.24405771512397936, -6.371853845718831e-42)
(0.23474376593604773, -1.0667124407092328e-42)
(0.61956423553417, -6.414395941280818e-43)
(0.026379378474064696, -2.467480459330729e-42)
(0.4024533029313761, -3.9612572626915004e-43)
(0.05071328550060217, -4.6476756796366195e-43)
(0.5731263614307204, -6.5034911782361705e-43)
(0.427039162404702, -6.988869316230415e-42)
(0.5905448776922607, -3.683904611268316e-40)
(0.226653890879233, -4.9086727047840856e-42)
(0.28383098274864094, -4.494197434477241e-41)
(0.5984074098042613, -1.0240415274022371e-42)
(0.44010355681381724, -6.891291694835619e-43)
(0.9413108979157087, -6.9859311318379835e-43)
(0.9257706223495633, -7.597864848212945e-43)
(0.6062670115005674, -4.084229192552485e-42)
(0.19057341633395047, -3.953243704148066e-43)
(0.11270401551458001, -1.2029921686491588e-42)
(0.8267584683810402, -1.7001355623917958e-42)
(0.8142535572948557, -2.6365691568703545e-43)
(0.4419866892948267, -1.1078745850490988e-42)
(0.0831424362461262, -3.0509229418113175e-40)
(0.008751978406704627, -2.73993122304655e-43)
(0.1707406938029426, -6.511079499574486e-43)
(0.11546445827956019, -3.437776764025174e-42)
(0.1683774464313493, -2.3441890623271063e-41)
(0.7514866839777029, -4.600705603007739e-43)
(0.2317421374569198, -4.95328718929949e-41)
(0.04907880506526413, -1.2991136699482539e-41)
(0.8592017949306349, -3.911848258797999e-42)
(0.8957370185538991, -5.8350576336028685e-43)
(0.48344556893388035, -4.100046271798758e-42)
(0.7021880810880734, -3.766740327571312e-41)
(0.9174300884727336, -1.2787097182246922e-42)
(0.2534501887120671, -8.3344655062424e-43)
(0.7175093206414277, -1.8698852500550305e-40)
(0.12670913877461493, -6.9585427816514894e-43)
(0.8689078451168836, -4.692743113876264e-42)
(0.49189071992879857, -4.531934179408223e-43)
(0.8162961255867243, -1.1798917787617592e-42)
(0.46310808173862983, -8.54784383216927e-40)
(0.7279322175215064, -2.2319655956920956e-42)
(0.63083783228128, -5.560822471741533e-41)
(0.9208370798537036, -3.63553654995607e-42)
(0.38896502260605664, -1.4105662892212924e-40)
(0.2626138240954539, -1.5541652604401933e-42)
(0.8935929573905261, -3.625522194554299e-42)
(0.6669370193476115, -3.9475132036140936e-41)
(0.9329778322211738, -1.162128821327824e-42)
(0.01530315719934414, -1.7369665774868834e-41)
(0.597224188249445, -1.6020017653826356e-42)
(0.009811383116102622, -9.029740409873641e-43)
(0.46611855074777236, -4.8644512283904054e-43)
(0.9408068360126661, -8.347195092647719e-43)
(0.9670595868306175, -2.1685250518791257e-42)
(0.7270810313388087, -3.0447834774900535e-43)
(0.7310234683197913, -9.546423302345913e-42)
(0.4700216993259225, -1.2160678476506007e-41)
(0.7057204969641028, -7.996977652991424e-43)
(0.14583221319923648, -1.498038484874848e-38)
(0.7217931934104158, -3.5765358401929425e-43)
(0.18655937014067697, -2.0924503261012117e-42)
(0.9067478351598106, -1.5756668865617144e-41)
(0.6345885925714589, -3.647466867313044e-42)
(0.603448061818449, -3.7944216694830513e-42)
(0.1764302504949539, -6.010291137005028e-42)
(0.9687872592681098, -1.352323351316905e-41)
(0.5422057134122759, -2.1286512671615747e-41)
(0.4896196673835704, -3.215340321410209e-42)
(0.014963998778023214, -1.2443286277781936e-42)
(0.06696456474448119, -1.445175728357285e-41)
(0.10207210796559384, -5.0452222408201e-41)
(0.2234509123065978, -2.7267491738962447e-42)
(0.4602669288019584, -2.4105450991842533e-40)
(0.3518745653003989, -3.7308077638777694e-42)
(0.08139512387693336, -3.167477997446698e-42)
(0.4710905071471229, -3.5937826520546155e-43)
(0.5832475203056622, -1.2096957560468498e-40)
(0.3061468066384049, -6.4248941419365074e-43)
(0.4963803950826687, -5.83896515296546e-42)
(0.8155152405942367, -5.103047931885331e-42)
(0.31361792263437316, -5.005639205107433e-42)
(0.3029701759427957, -1.611139250398278e-42)
(0.4850543904061444, -1.5348769428976275e-41)
(0.2785087783724159, -9.18382449426003e-43)
(0.9178058853751923, -4.560188982119363e-42)
(0.9021991748188141, -5.052996878238671e-41)
(0.7685838218965118, -1.737368321573989e-42)
(0.3937515671591698, -1.1048396659271972e-42)
(0.12412222848991643, -2.4431585724425672e-42)
(0.3642898783092449, -1.3712193176103199e-42)
(0.9780537610457657, -4.723081157639086e-42)
(0.28402798773461563, -4.3997494747754076e-42)
(0.34188678153896307, -1.1804746987659182e-41)
(0.042102478609635625, -5.782919691986447e-43)
(0.8880537100045034, -1.0817704615261524e-42)
(0.04309858250632898, -2.409251094556857e-42)
(0.32146402120048917, -3.8911489775542164e-42)
(0.9476824435775623, -7.107541007409977e-43)
(0.9393748311415637, -3.3118421769313943e-43)
(0.5876906745923993, -8.811297125661315e-43)
(0.45073744547225447, -2.7190281312329255e-42)
(0.19045275187882335, -5.953192195054423e-43)
(0.20097655334270925, -1.2318594889363882e-42)
(0.09001432485154716, -2.1938962625664285e-41)
(0.493321839381594, -1.7611978374803556e-41)
(0.013253698287267659, -4.5974231644372214e-42)
(0.8433373766852676, -3.739258878340468e-42)
(0.38712936944328985, -1.0815481107260489e-41)
(0.546952197681562, -1.878625611970563e-41)
(0.6869506879115617, -5.025857009076539e-43)
(0.6704548193480193, -4.377294309147119e-43)
(0.2829968201333377, -4.894716720565619e-42)
(0.25819375386867427, -2.36762751707462e-42)
(0.8566161275556724, -2.606051725348512e-40)
(0.27456331590433064, -1.0220522071040633e-42)
(0.0772706367848162, -2.4516446661729433e-42)
(0.4760681534725112, -3.931014846612935e-43)
(0.6180131967308446, -4.517380720720183e-43)
(0.24462843550948654, -4.320009755490732e-41)
(0.13767614497486264, -8.89190349504241e-43)
(0.012135244510372952, -2.5415628076643932e-43)
(0.7501855767932525, -3.2616997810017016e-43)
(0.8280210643832969, -6.131001703510448e-42)
(0.268267648661687, -6.851377877309139e-41)
(0.9720619324967098, -9.004504465390786e-43)
(0.859209169273851, -2.728812647454403e-42)
(0.8835282974365352, -6.718022891821353e-41)
(0.6468493589968835, -5.032003208612185e-43)
(0.6209071544845826, -5.499172077529113e-43)
(0.9876500456474357, -8.88429975902595e-42)
(0.4845730606532972, -7.255199588591389e-40)
(0.17509425361845488, -2.2760752516118112e-42)
(0.6581648067039457, -8.85724416139276e-43)
(0.17463991344384364, -1.1397229734944879e-42)
(0.1463422577143645, -9.061706418008843e-41)
(0.12932735425332967, -1.4118218440464501e-42)
(0.05859400259942919, -1.4469726712878624e-41)
(0.2970718425923116, -1.4739315298691355e-42)
(0.918033834457733, -4.6659942820393396e-42)
(0.49651622731509326, -7.246296048435174e-42)
(0.23977066715005196, -7.904529803332087e-43)
(0.018282736449921226, -9.303269584437415e-43)
(0.24954178129742086, -2.8124058427143986e-41)
(0.8125061548688579, -1.072447442706819e-42)
(0.5470258155088276, -1.01533592733654e-41)
(0.15578134364132673, -2.8159037061087534e-42)
(0.3352823014172028, -1.88601771868477e-42)
(0.019511486766308712, -6.217004123802291e-41)
(0.9378430973366, -4.804107360426767e-43)
(0.5239082326923026, -1.6789211447970641e-40)
(0.5163742443645208, -7.759209455616334e-42)
(0.6337393440693929, -1.6528412501002694e-42)
(0.4624724465481911, -9.358022871762715e-39)
(0.33880161596364555, -3.7783932984718955e-43)
(0.6259337830011172, -4.117490526380662e-43)
(0.4722332787476857, -1.8989317199086734e-42)
(0.7463891570383749, -9.52894820850673e-42)
(0.7238879780242011, -8.107187811228265e-43)
(0.8752138468394925, -4.494224461463031e-42)
(0.482126843714076, -2.2845975278110772e-40)
(0.7956422821086975, -5.784482872270179e-40)
(0.7273849272979488, -2.983526077857028e-43)
(0.4633617593145077, -5.8057840720746125e-39)
(0.3950681822950451, -2.43918613600518e-42)
(0.20472126833135218, -2.114364024249516e-41)
(0.121109991482474, -3.2435896149539926e-43)
(0.8422290165449628, -8.833457187345904e-43)
(0.018542555721926857, -1.1174888303910763e-42)
(0.6271620828256459, -2.7407409743068598e-42)
(0.7577542793102812, -1.2374989988751853e-42)
(0.03971979512295066, -6.091730584836814e-43)
(0.8498858339971676, -2.1752184654280193e-40)
(0.6074757989361566, -1.1389891140907076e-42)
(0.1514575740336009, -4.136865824367443e-43)
(0.7962939279899267, -6.928647444318675e-42)
(0.4142061945250015, -6.665669144310251e-43)
(0.13675948934073634, -1.4193775493670081e-42)
(0.4585134798593461, -2.457412242652131e-41)
(0.06327299062941875, -2.586018497247439e-42)
(0.004015081734306213, -4.679638355888907e-39)
(0.23186741302639632, -1.1473428527324615e-42)
(0.5197432907343166, -2.7163163400433902e-42)
(0.04462637339381028, -7.0566077901745256e-43)
(0.5491222769454149, -8.39205666873e-42)
(0.9872946957798125, -2.1626889174638032e-41)
(0.30830126603503405, -1.6743956759097636e-40)
(0.3378065417509071, -6.231271026024215e-42)
(0.832555537278435, -7.115229182719522e-42)
(0.7422387378238107, -1.6916734312530676e-41)
(0.5336953210667565, -9.47404455205485e-42)
(0.5819934846213723, -6.267167855353644e-41)
(0.8664514110185271, -4.049701407496052e-43)
(0.7031162682450124, -4.5265098459213875e-39)
(0.24388852251322327, -2.2007490208307937e-40)
(0.4992288597123985, -9.850161685709908e-42)
(0.37235560232160747, -3.3673868592642734e-43)
(0.7634527643309292, -2.408197783025973e-42)
(0.12204766852369316, -9.585165245121297e-42)
(0.37992134790700305, -1.08638862714385e-40)
(0.7735438372842632, -6.414202937569486e-42)
(0.6714925407643976, -5.2224596200741146e-43)
(0.8749132801553811, -7.919415318874537e-43)
(0.4999915240397994, -5.25899181796998e-43)
(0.4429009966715577, -2.169311331257832e-42)
(0.9153900294264291, -2.9305303241809033e-43)
(0.7705531420451827, -9.072858528206881e-43)
(0.5805888411846233, -5.6673994416106585e-43)
(0.2795308916710505, -5.793742703094024e-43)
(0.8305680253385083, -2.4680821827161774e-40)
(0.24862517512647478, -6.6670532990511295e-43)
(0.46895220272577787, -7.61605189334538e-43)
(0.5803654848920564, -3.0200617218796834e-42)
(0.1091088342645068, -2.814660724818449e-43)
(0.23260084163704958, -1.5696174533323946e-41)
(0.30877876367707247, -3.289900073737269e-42)
(0.46857478967716665, -1.4649457362874606e-41)
(0.0065274459480387835, -6.677363852373822e-40)
(0.8225094908221396, -2.20860237856579e-41)
(0.9104013377400435, -7.449401929784175e-42)
(0.1342420605920551, -2.6576500497819355e-42)
(0.6558226604364082, -3.9975876546979145e-43)
(0.6131236708582952, -4.636056952031801e-43)
(0.49677959945276734, -7.341692561259054e-43)
(0.7591259695204161, -3.7360089487951933e-41)
(0.6178182951681505, -5.906802864439147e-42)
(0.928908825332865, -6.7267202835926e-42)
(0.6072948185334316, -3.4366300748529654e-43)
(0.9077067479709854, -5.1132962685546977e-42)
(0.5493167174176079, -2.5952321023966348e-42)
(0.7090884066912457, -5.986776795651203e-42)
(0.3075016462918321, -4.863577120657832e-41)
(0.5651917330404794, -8.624881349380388e-43)
(0.31618893910048085, -1.1215125006510815e-40)
(0.31983675979139176, -4.4794567890458016e-43)
(0.4884620493575537, -1.2642926328716808e-42)
(0.1083936983149613, -2.761364603198107e-43)
(0.3940251407443692, -4.5782494579255366e-42)
(0.24354580672064674, -1.606767955215017e-41)
(0.6178614912651211, -1.6324322202150286e-41)
(0.9241837164427443, -1.2057759961160532e-42)
(0.7164578228299779, -3.5126976250583857e-43)
(0.42642300145422374, -3.745728170566311e-42)
(0.2783366706948144, -1.3454679064287693e-42)
(0.9875326725203946, -2.054330660222705e-42)
(0.44734863618045656, -2.388186209987722e-42)
(0.22980730479217915, -1.7998406199206163e-42)
(0.569597189725853, -6.200360714063875e-43)
(0.27407108078939685, -1.4401391723192888e-42)
(0.9933021268480131, -1.2509456543934878e-42)
(0.008745230454188332, -2.4770941551240812e-42)
(0.6182030895083959, -5.925947541191623e-43)
(0.26904226343342963, -1.829554558182684e-41)
(0.4013006582101962, -5.7185401616943324e-42)
(0.30855671866711926, -2.7618224032654206e-43)
(0.24344609053944435, -6.177704919541789e-42)
(0.40213454559505274, -2.482968118093332e-42)
(0.4679505919159777, -5.036973250136477e-43)
(0.5799547964081596, -8.562778906265387e-42)
(0.29223471702884724, -6.5552586571387874e-43)
(0.07647485271205315, -4.428568494282952e-42)
(0.6317856403308139, -3.8835192266919564e-42)
(0.3284244212109721, -5.6234763070328284e-43)
(0.9379961277857561, -2.526028627043798e-42)
(0.8327062038710398, -1.685819410116614e-40)
(0.49518916321813095, -5.239596103098761e-43)
(0.13466660097312316, -4.444209829307797e-42)
(0.18685264670049037, -2.5064177166578548e-42)
(0.6698005062341905, -5.399920406090466e-42)
(0.9366261644308043, -4.2201246022687435e-42)
(0.5613356199329533, -3.807585833878322e-41)
(0.036543322112164184, -3.7019128805262755e-43)
(0.1429243661941199, -6.4955195799879325e-43)
(0.2808366248735745, -3.993863679949801e-40)
(0.7334943547716501, -3.2770970030345703e-42)
(0.17132320166352735, -1.3732909014087469e-41)
(0.667102405223935, -4.9403347044552496e-42)
(0.08305397059108556, -1.4613580707170146e-40)
(0.0470502544738471, -4.768216840928513e-41)
(0.007318252519001861, -3.426432147180067e-42)
(0.38977611351959196, -7.011195226403666e-43)
(0.5809154077645519, -1.93942761040589e-42)
(0.6736965597465475, -1.5616987788946076e-41)
(0.5786193424143807, -7.319776727000822e-43)
(0.5144799141026818, -9.354994777797594e-38)
(0.12980572524393738, -1.585191056045326e-42)
(0.7789941296332743, -2.0102827381207826e-40)
(0.27460421279499697, -5.898900714863871e-43)
(0.6430958638358389, -2.193654758549965e-42)
(0.5049437930692695, -1.0095179096844411e-42)
(0.6749586628749711, -6.500334231058927e-43)
(0.8809125237390053, -7.341853057779452e-42)
(0.6056639358824775, -5.281632602216133e-42)
(0.45876900503561546, -1.321449368037376e-40)
(0.49039470145113434, -5.5962963343046126e-42)
(0.524261707918781, -1.9040708906607725e-42)
(0.16207449433877674, -1.8288349159068082e-42)
(0.6175931148595031, -8.503669345722306e-43)
(0.29067079680492575, -8.837235912391318e-43)
(0.9982470956887701, -6.81270052548611e-42)
(0.08767005666870556, -1.0148362064852926e-42)
(0.6905468965198277, -6.126297230870271e-43)
(0.3468224542048992, -1.1307492992528306e-42)
(0.6010114321785447, -5.10840983693571e-43)
(0.6926739746010759, -6.629840562508627e-41)
(0.745867547493255, -1.642826950326224e-42)
(0.9941127715819852, -8.977326503671916e-43)
(0.4608267140355045, -1.0942697645663953e-40)
(0.8447537488357385, -3.2109795702752955e-42)
(0.5435596378575995, -1.940933597137344e-41)
(0.13797089591088996, -7.384655491700473e-40)
(0.4543587520826475, -2.0628861695363935e-42)
(0.5656988358231896, -3.3232041771530143e-43)
(0.3960049524775325, -1.0913659369623392e-42)
(0.5039964973074886, -4.121091426843279e-43)
(0.3407716541651405, -4.412494278808756e-40)
(0.672370989067257, -1.6372051653522873e-42)
(0.7119872405256925, -7.56939202968827e-42)
(0.9780277670683591, -3.278138302599463e-42)
(0.7223833420402296, -9.192778417532253e-43)
(0.5410392004991116, -1.727608865068442e-42)
(0.20347291787031405, -6.902753599601273e-41)
(0.028027533867328296, -1.6105176745524017e-42)
(0.7511159793482272, -5.2820039468034694e-40)
(0.16437488787664026, -5.978739998221897e-42)
(0.4511400764053501, -6.3912957238804596e-43)
(0.10127640598168033, -1.0381236932310936e-42)
(0.8263901715925196, -7.014526697871193e-42)
(0.5396948068573675, -1.0556861973306106e-41)
(0.556884521216032, -8.020814271142014e-43)
(0.14252003945014471, -1.5439592098219623e-39)
(0.5996016126806357, -4.587103792801508e-42)
(0.05998720683067478, -1.2366977097570994e-41)
(0.036614498599367384, -1.8481065534075574e-42)
(0.21975635614175743, -1.202833234416381e-42)
(0.04178934287976734, -5.623621445104942e-42)
(0.1781630466821894, -6.2492246773625615e-43)
(0.996759307049107, -6.311361338721226e-43)
(0.042334633999837945, -7.872630132419906e-42)
(0.2508991042696269, -1.2267436592211733e-41)
(0.8073923397160471, -2.8574611075300144e-42)
(0.4214864863968908, -1.7605153206493313e-42)
(0.1090863742188212, -1.6129663529706203e-42)
(0.6062373087414724, -1.462179058045985e-41)
(0.689539308062172, -2.2434196025993086e-42)
(0.7109774855280543, -4.2788106274502744e-43)
(0.9542136558629654, -6.097391612112665e-43)
(0.28233420096735395, -5.0787581222843215e-43)
(0.5360278315746, -1.3488473142726888e-41)
(0.3305958334546906, -2.913309733817072e-42)
(0.4121207968615492, -1.0542992043898401e-41)
(0.3678273568293177, -6.127296443803013e-41)
(0.9223773317086452, -1.1353656306579178e-42)
(0.9414810012599226, -2.4505813262658626e-42)
(0.3014616218965803, -1.6165545241447742e-42)
(0.7253758230368361, -2.8191888509503585e-42)
(0.5652138780248477, -8.644846058207003e-41)
(0.00933129690027456, -5.923750294398131e-42)
(0.764171101311741, -3.217711957379843e-42)
(0.6851647376291872, -5.0949598550256636e-40)
(0.4617544271801159, -4.809425147679187e-41)
(0.9074871548538077, -7.912738862666358e-42)
(0.7483093934049375, -7.814890781606183e-42)
(0.8179261235124995, -1.9252013777461983e-42)
(0.6465877748397, -1.0507535201729562e-42)
(0.6370209209269981, -5.622100967243554e-43)
(0.6006122219474449, -1.0650953599486912e-41)
(0.3757169411876804, -8.374155772475501e-43)
(0.0893709970290497, -9.392602592326309e-42)
(0.5995816893695752, -2.9948151586994675e-43)
(0.7655654568005499, -7.635699463214136e-43)
(0.5037366826551534, -4.787115404807221e-38)
(0.1715406437224373, -3.2776834934046135e-43)
(0.9300515835418411, -5.562441524557997e-43)
(0.2677503627915533, -8.765470921072927e-41)
(0.7135994463511969, -7.604675461125939e-42)
(0.6285277171557789, -5.4504523031815025e-40)
(0.7398805959224982, -4.225524188102162e-43)
(0.15065353781641144, -9.383067973954342e-42)
(0.10503837896857857, -7.576132848494059e-42)
(0.35145470592257133, -9.698215354296866e-42)
(0.5476413396782808, -4.219184418810253e-42)
(0.7924742459407054, -5.355978186404991e-43)
(0.9811405752993326, -3.267848438893824e-42)
(0.030510370440076456, -3.324773512665207e-41)
(0.899404492604445, -2.7735250241770936e-43)
(0.05639520865278452, -7.774172613716309e-42)
(0.4168427220326632, -2.225603726801182e-42)
(0.2309982929745135, -5.349854322284937e-43)
(0.9892534831770007, -4.135022547614078e-40)
(0.26535192005569314, -7.097522122626695e-43)
(0.5469092865343795, -3.32821831843813e-43)
(0.8661020060357973, -1.478475833319842e-40)
(0.2718716595504246, -1.1846773283254513e-42)
(0.3871825358906611, -1.1482296960141675e-42)
(0.8461111042152858, -1.0592746326352789e-42)
(0.19798830291495945, -5.140341261690273e-38)
(0.5490788397261508, -2.382568733634648e-42)
(0.4055901299076987, -1.0825869791839706e-42)
(0.8648426758998489, -1.5155994979124758e-42)
(0.13581867154403546, -1.6273872421260813e-40)
(0.13963921795956338, -6.57630183233668e-42)
(0.14596576874767062, -3.383849577704913e-42)
(0.333728837787392, -4.892719479107738e-43)
(0.9837402761268816, -1.4938561042975778e-42)
(0.47931430438057676, -2.978431396100238e-42)
(0.799785236640136, -5.6450683530135115e-43)
(0.18323406407385662, -2.1883931187381828e-42)
(0.7303199292919771, -2.686493025909305e-41)
(0.6491255949443682, -3.2812175764289447e-43)
(0.4788706344327905, -4.647985136950361e-43)
(0.26671242786599164, -5.641087361583075e-43)
(0.8440858818944001, -7.359207633124712e-41)
(0.322553093590809, -1.0659213296625497e-42)
(0.42679122373677675, -7.535923600866431e-43)
(0.5480154499810862, -1.956774620285747e-42)
(0.9840695376840319, -1.5017374113914458e-42)
(0.7976280884982545, -3.76361786485811e-43)
(0.9477446403230918, -5.6615690589335135e-43)
(0.0627204042192798, -6.364502244481783e-42)
(0.747095903932417, -4.5706616114448596e-41)
(0.9848071182821867, -2.5091841495008814e-43)
(0.15437259048531712, -6.825235513445908e-42)
(0.6388432545669502, -1.1212737377087191e-40)
(0.5668374820871334, -4.067848766129563e-42)
(0.3677807531364471, -1.1823052911603156e-42)
(0.49973686208429247, -1.1214199938060648e-42)
(0.5541945503740775, -6.144043329333323e-43)
(0.7182539567981223, -1.0834733241793467e-41)
(0.9207410831493892, -2.1283255510913265e-41)
(0.25832650660159623, -1.1615300817124465e-42)
(0.40779483439010733, -4.6293318479440414e-42)
(0.09947421530978877, -3.8190503887222336e-43)
(0.569651012791592, -5.096366534160513e-43)
(0.6055793643925492, -1.219912418229522e-41)
(0.5508229908755767, -2.9887151923634415e-42)
(0.8781340467821993, -7.24936350757589e-42)
(0.4165104045749458, -2.114841309428705e-41)
(0.8179853690756596, -5.2189691508009415e-40)
(0.06407270245776271, -4.95488786940575e-43)
(0.026222854003190656, -8.517271920287084e-43)
(0.9575339825884372, -6.973800446442121e-43)
(0.37933884704960047, -7.02965509317276e-42)
(0.9947161689377979, -1.0459666671521681e-42)
(0.16244799746817606, -2.3611344882262618e-42)
(0.9670864168366325, -1.333130353301609e-41)
(0.12466536187074435, -1.3918412076679687e-42)
(0.3522314632972235, -1.0284377567944605e-42)
(0.06635251471951571, -5.7399764167605166e-43)
(0.9221380756764507, -4.734769878496506e-40)
(0.028916022087875352, -2.2392051444464513e-43)
(0.6034114027756655, -1.766943864251324e-42)
(0.23916831757456813, -4.879479015408384e-42)
(0.3492259089580685, -9.415170007141677e-43)
(0.7546481297317257, -7.819369001360403e-43)
(0.56603636451032, -1.7004927260922914e-42)
(0.02251995848361029, -1.059288929421072e-38)
(0.7932315573679661, -7.692997217033502e-43)
(0.8587408336370883, -9.799250475812941e-43)
(0.3881713779301621, -3.880302231852314e-43)
(0.1254153501798564, -3.0730679655283164e-39)
(0.7247833614491859, -1.5300836285373817e-42)
(0.4235728062924942, -4.299673994560252e-42)
(0.10319457796200814, -1.244201917110448e-42)
(0.755988613167684, -3.5293756949730755e-43)
(0.2923728796537073, -3.590997831492021e-43)
(0.693804474692827, -4.079357991871936e-41)
(0.6361545123545744, -5.9370277514156134e-43)
(0.9617514628897936, -9.729039347519668e-43)
(0.4427677934858399, -2.881166129449862e-42)
(0.816322629187034, -8.891514195512651e-43)
(0.8307033095373562, -6.162189677078365e-41)
(0.43233946162885856, -9.483931355100278e-40)
(0.27848896930153483, -9.374607885440902e-43)
(0.9819183180010506, -8.302288988360829e-43)
(0.022143337125774595, -1.1110069266575553e-42)
(0.3449642885700872, -1.3064401610783285e-41)
(0.769873973936462, -7.827236696203608e-42)
(0.6930362077279585, -9.51564928905185e-43)
(0.654707309155519, -6.29174664837478e-42)
(0.6480939724782663, -4.0340072876355946e-42)
(0.9539245075131533, -4.947630713998304e-42)
(0.6776011967744483, -2.003194277668259e-42)
(0.5742752873170417, -1.6741560431489336e-42)
(0.05152899098432879, -5.868945925015846e-43)
(0.5388377713647337, -3.174498036804213e-43)
(0.5863429324987958, -7.950905688281584e-41)
(0.9791146382116025, -6.873374256681379e-41)
(0.2633341967870487, -8.156945732810147e-42)
(0.5762853889624985, -2.813435460093491e-41)
(0.22641707946236045, -2.2518606896554307e-42)
(0.029851595228687265, -5.133167640255196e-43)
(0.9959541502532544, -3.3715584547801148e-40)
(0.3827918123743238, -1.8628210640370226e-42)
(0.6505250324543337, -5.695412830523344e-42)
(0.7626167949124525, -2.483037403803928e-38)
(0.7468436173366111, -4.011136355629296e-42)
(0.23971625853189923, -4.666973051989788e-41)
(0.6440744867093897, -8.85846745483924e-42)
(0.4801142969842051, -5.016524659288355e-40)
(0.6590825770983537, -7.628414020348556e-42)
(0.036180372284606056, -2.8184849639382607e-43)
(0.6324645317558093, -1.2092693610905175e-41)
(0.40221759952840896, -3.9526189174375404e-42)
(0.2827836894289117, -6.8731112350151594e-43)
(0.22101850063827969, -7.348402267954361e-43)
(0.08548181238657554, -2.905981885456177e-43)
(0.47886058363211886, -1.9236448200490706e-42)
(0.415041150613976, -3.496996420707967e-42)
(0.6576404023860003, -5.951283061620575e-43)
(0.6656652591211975, -1.0143193047932555e-40)
(0.9288022337270649, -4.1927532643173224e-41)
(0.7588999713619432, -4.20340976093195e-43)
(0.8701363401914888, -4.0737557569562415e-43)
(0.47195219615149187, -4.050914381132095e-43)
(0.21121493314723927, -2.89865413109343e-42)
(0.6156720503559283, -1.315999757423188e-40)
(0.7937829279759054, -1.0825324638451092e-42)
(0.48437430756086985, -3.525394229051561e-43)
(0.45206988862999264, -5.288933722509789e-42)
(0.7935584627950021, -3.3344163346907226e-43)
(0.23123790648464182, -2.4411150395416396e-42)
(0.700277436174031, -1.359760863837143e-42)
(0.17438842056793222, -1.7580611770894262e-42)
(0.9357285899166409, -2.6373513950994202e-42)
(0.5890275345615936, -4.772131814020245e-40)
(0.014461363502445897, -2.713200931542296e-43)
(0.5445452382590417, -2.543058898359791e-42)
(0.12204772820741, -6.145345329871302e-42)
(0.8437466761087006, -3.5452588946092566e-39)
(0.8369331053255482, -7.48936439116002e-43)
(0.34005755971608914, -6.130708006789411e-42)
(0.8070071680080607, -3.5417203382565576e-42)
(0.9017501381758177, -8.919285829894868e-43)
(0.7264525617011334, -9.246735293323835e-42)
(0.32952912831005143, -4.001946751900427e-42)
(0.6674851579746587, -9.258669155921619e-43)
(0.41503678363210933, -5.982517827299374e-43)
(0.49268893756737103, -6.875169874777947e-38)
(0.011175582216566806, -4.4371101156615476e-42)
(0.0483125663540203, -2.2565325176989718e-42)
(0.025645559944960407, -2.1880458487514354e-42)
(0.022725084853545786, -4.380142933684564e-42)
(0.7356174044958094, -2.082396344926835e-42)
(0.9174759745228875, -5.2689578903507735e-43)
(0.35207577194465917, -9.238173000544406e-43)
(0.995108950753816, -7.343848646215039e-40)
(0.3081919804496715, -3.8382495383943926e-42)
(0.7781507097925995, -3.605973131800615e-43)
(0.24591769124771667, -6.736349446927499e-33)
(0.1785045705572821, -1.5879170264491963e-40)
(0.713072508429581, -9.062637366127954e-43)
(0.09779181821432503, -3.130822902089913e-39)
(0.47029520717897455, -3.0178205508288357e-41)
(0.29906450848876326, -1.354534720344339e-42)
(0.028812649332428428, -2.8202995912663213e-37)
(0.7651508574621779, -1.6615120840039262e-39)
(0.5313421306956553, -7.746955977060305e-43)
(0.3103907014283393, -2.9395295322214047e-43)
(0.8228063891213157, -3.249236232399842e-43)
(0.9758990159958885, -5.9907991151231275e-43)
(0.30172271882877943, -4.176400611153316e-43)
(0.5125348269880088, -8.71861755509485e-43)
(0.8556277862335465, -8.361220545031625e-43)
(0.1886233832297316, -7.669080774116723e-40)
(0.559144386138775, -5.422042568027318e-43)
(0.3232054852698079, -4.491338398902378e-43)
(0.01830137382607272, -8.678188511682145e-40)
(0.471271330216354, -3.861827841309074e-43)
(0.22321039037376386, -2.4644946913681054e-41)
(0.7548310873833074, -6.631855738968693e-42)
(0.21810737549107523, -1.9193877113972185e-42)
(0.5787748014655069, -1.7197486207157855e-40)
(0.9111232967722838, -3.0890792691629065e-42)
(0.7333571651989367, -1.134034667911693e-42)
(0.41366290870505934, -7.261445865155473e-43)
(0.682551201803169, -1.3498967681272964e-42)
(0.497897207343173, -9.158077810466376e-43)
(0.3400143053103766, -4.498413264845206e-43)
(0.5918466824077946, -1.1184875381253277e-39)
(0.9910519030383278, -1.5655591138613936e-42)
(0.4407018344930972, -5.542347358371261e-43)
(0.2262647761564348, -2.6924156194461613e-42)
(0.3656989264283189, -2.742970741243245e-42)
(0.9888147318377104, -6.816090641450482e-43)
(0.8386728263858748, -2.495492397889698e-43)
(0.8384379751692271, -4.661437446057161e-43)
(0.5199464916626382, -1.877816417541664e-42)
(0.2582414307741482, -2.90151898875131e-40)
(0.6632376376725697, -2.4641438521304946e-42)
(0.6212073409296685, -1.4082314836537677e-41)
(0.4877689800417927, -5.9266458735431934e-43)
(0.3693591474599432, -7.627976528476357e-43)
(0.9061476955464712, -2.4149799932066214e-40)
(0.2142142023694772, -6.468503903804581e-42)
(0.6066233722956473, -4.226213158065254e-43)
(0.34179116826882755, -5.4694533582768334e-43)
(0.31426221969544144, -8.82915557064349e-43)
(0.7266824758785453, -1.3649810251134643e-42)
(0.020976008643073647, -3.616833880812626e-42)
(0.9098813323220077, -3.1324058255647447e-43)
(0.46263813450539915, -1.654462001368231e-42)
(0.07039135775922882, -3.3330805864124746e-42)
(0.33446891344142893, -1.608478888464947e-41)
(0.9114857191818688, -6.172488917237256e-43)
(0.40212995914502275, -2.3266437759545733e-41)
(0.5201293189483921, -5.555054152332832e-43)
(0.48928152133405045, -2.716591066712789e-41)
(0.3283814377313947, -1.0387023052398927e-39)
(0.12346942236895961, -2.4563958942785335e-42)
(0.5432964829963296, -9.446469087214347e-39)
(0.4881301778255266, -2.429586429006225e-42)
(0.9242254872241067, -5.982289523417908e-43)
(0.4384635969939847, -2.6194269555794367e-42)
(0.2713949821608157, -4.71985537729132e-42)
(0.7855054379167509, -2.9708289834097284e-43)
(0.5589625887852318, -9.346919344864709e-43)
(0.7574538473399746, -1.3009017547950204e-42)
(0.5450528612000407, -3.314576705013893e-43)
(0.2973147038067779, -3.663642770507345e-42)
(0.8965053301639179, -4.985783270473263e-40)
(0.22617756782797516, -7.954581474181267e-43)
(0.14998365451746457, -8.191000504861515e-41)
(0.34108241889701657, -1.3394008294324228e-41)
(0.6827580902845992, -3.227842050716366e-42)
(0.6764570570548052, -1.5448311454099857e-40)
(0.7001999188372894, -1.6495563726122236e-41)
(0.5923917289799323, -1.98647025045244e-39)
(0.07373744358917272, -2.644983773644684e-42)
(0.6846868239641087, -2.382401307019323e-41)
(0.6230335253890996, -1.0172017291836806e-42)
(0.03386491806166005, -2.3577368662705362e-43)
(0.31804189845879205, -1.1364410144040522e-42)
(0.530106180844084, -4.249536040610595e-42)
(0.12934207765549377, -1.775713950081356e-42)
(0.9486535912279341, -6.352924786983787e-43)
(0.12700097403891455, -3.0558969578007845e-43)
(0.71657960890938, -1.9618286387518925e-42)
(0.043046207318501305, -2.571571715987845e-43)
(0.292295627680448, -6.589485959591255e-43)
(0.6173761783136616, -7.238562980675105e-41)
(0.4349615268083097, -1.1517613427179107e-42)
(0.4135813290739805, -4.1187159323905015e-42)
(0.7581585579126843, -7.112834428958191e-42)
(0.6845530339283313, -7.307380429932198e-43)
(0.3521588873604789, -1.9569425513179968e-42)
(0.9368543848704916, -4.4319589328000016e-42)
(0.1344058719220106, -7.732761658800015e-42)
(0.8448575445779849, -1.6880796000260805e-42)
(0.05358878247474775, -3.5546612012123906e-42)
(0.9255940503224535, -2.2089150928570268e-42)
(0.6935763345910776, -1.245445779587293e-41)
(0.060854094168562335, -2.6809863810961022e-42)
(0.43628262301815474, -1.997514129977915e-42)
(0.9770998064578673, -5.996667329823583e-43)
(0.7997584804984763, -2.3947514760997006e-42)
(0.05531989793674768, -1.6066267433490724e-42)
(0.4621966716791291, -1.1941080066724358e-41)
(0.6095347825456543, -3.0289646009714956e-43)
(0.49321302376080595, -1.1320236268559592e-41)
(0.7432684789855483, -4.739828769410368e-43)
(0.7511676626732801, -7.48641724571448e-43)
(0.6159461788271818, -4.485609906912407e-43)
(0.3745462192668885, -8.973340770542828e-42)
(0.1629807932316378, -2.4023573351093422e-42)
(0.5918561230053522, -5.912182893922774e-43)
(0.5806176073474938, -1.4482690247120938e-39)
(0.0026937377503581223, -1.1785323365016128e-41)
(0.37876232974291363, -1.6278717710375505e-42)
(0.9263158410249486, -4.1418494280993243e-42)
(0.052502191690642096, -1.8165889835509148e-42)
(0.42002837879662275, -8.049574488005021e-42)
(0.4787712282527035, -7.842291959027624e-42)
(0.5501561034751898, -9.919726341870329e-43)
(0.014481996197751323, -4.5272305554561967e-41)
(0.5862658674068558, -1.5759342474142122e-42)
(0.30514239448937736, -1.3984674394663781e-42)
(0.3643244144173931, -1.065108871499462e-39)
(0.015500099792424345, -1.301950124537457e-42)
(0.8231612674625535, -2.3481582922427107e-41)
(0.9062371353858969, -1.9047209142650757e-42)
(0.25633589612385693, -2.9155885220020738e-43)
(0.7658040270277999, -3.926409841564985e-43)
(0.04917838435785445, -5.35844693475147e-43)
(0.3774690291783422, -2.0755259875059766e-42)
(0.3260268618517701, -4.8772149303133075e-42)
(0.0028734164006455967, -3.743130460436136e-43)
(0.5154135519069376, -1.1856813718869377e-42)
(0.0017101257313828894, -4.610947630386084e-41)
(0.2111857966578361, -3.7105662455015537e-41)
(0.02292781394480598, -7.106100251888337e-42)
(0.18110862476189882, -4.050639212065306e-43)
(0.40690930097844047, -1.754038819412598e-42)
(0.8721800209699683, -8.61244687090533e-42)
(0.7740125084784281, -3.2279960442041725e-42)
(0.1849058135223023, -6.932400735013043e-42)
(0.26820839543909214, -7.90468700167606e-40)
(0.2935625457613304, -5.4392000314034525e-43)
(0.8694337785318349, -4.20311039356543e-43)
(0.3180210997647661, -1.0650707827316279e-41)
(0.06721383583324565, -1.3383005370373643e-42)
(0.6039037059570443, -7.869141074256829e-43)
(0.3851483284684504, -8.125702223395211e-43)
(0.6842058638151115, -2.123599360788464e-42)
(0.25658956532088045, -4.634134503601938e-43)
(0.7355897524492698, -1.3186827974078283e-42)
(0.4304964143360963, -1.5215863602200243e-40)
(0.26677836062656407, -4.99758973454778e-43)
(0.35684625954884247, -1.3268122071937505e-41)
(0.045252539393841176, -7.661914586034874e-43)
(0.3855233555902893, -1.7934724678897018e-39)
(0.7706160971249522, -6.847847969644381e-43)
(0.12262691245868416, -2.7096068952671084e-43)
(0.8140204458288017, -2.2190055250406706e-40)
(0.684933004980604, -2.502779486844069e-42)
(0.6362132384633574, -9.870864193239949e-43)
(0.6396571730622715, -3.9674061001786464e-43)
(0.17128949839329602, -2.979677983437028e-42)
(0.2510431528134512, -3.4950593898352514e-43)
(0.23164925550551912, -4.464748285443172e-43)
(0.5151593879200268, -8.758088758603279e-41)
(0.20242767611107002, -2.7762698935811277e-42)
(0.49790575272316767, -8.004002501763083e-43)
(0.6299847586508276, -7.841947784151113e-43)
(0.8469729414619442, -5.704037068775366e-41)
(0.1753782647525828, -1.3251191833769892e-42)
(0.5590011932175066, -3.4050190183024606e-43)
(0.21557662401195637, -7.015157545939982e-41)
(0.296672399475682, -1.0227318589966916e-40)
(0.38669906414706534, -1.0122365387434218e-41)
(0.20760619068257818, -1.7962337463276024e-42)
(0.886886795487047, -4.64533444921721e-43)
(0.22419468892578856, -5.841968628992023e-42)
(0.5643335865393206, -2.2016656172039296e-42)
(0.5387114536903286, -2.3960081991107253e-41)
(0.8985369532377799, -4.936437956388847e-42)
(0.3287453268912429, -4.0090245752240086e-43)
(0.4849652504133053, -3.441777698089219e-43)
(0.9393861375738711, -4.800208690815672e-42)
(0.9904489612783813, -7.708125159719083e-42)
(0.4992154951670952, -4.59285385895896e-42)
(0.9410111524177706, -1.3053608457711763e-42)
(0.43999473161898783, -8.724019097435211e-40)
(0.9685862525421225, -4.4548375391597963e-42)
(0.48006016788050765, -1.4163796489143476e-41)
(0.24888493356711994, -5.38926094577521e-43)
(0.7068787208173215, -7.439769341291175e-43)
(0.9538303560324103, -4.1633853845007467e-42)
(0.4465894521429468, -3.675858266853285e-43)
(0.332073751634054, -1.0424528454481485e-42)
(0.5396818540086497, -4.178053982127217e-42)
(0.5251951685293257, -1.595088594989417e-42)
(0.10957999825565046, -4.1866225315465575e-43)
(0.822745844584462, -5.430342878662143e-42)
(0.7959120319214154, -2.4380789042837375e-42)
(0.6232953241689828, -1.61537312061141e-42)
(0.8585073396713496, -3.718355117534781e-42)
(0.5528091764588287, -2.705047819041163e-41)
(0.7502292969582992, -2.8740765598096546e-42)
(0.989187187825874, -5.132028844773143e-43)
(0.5346015768242912, -1.82100775237278e-42)
(0.46025475332841775, -3.523013441105549e-42)
(0.860352831627003, -1.386370665990185e-42)
(0.3334381519102009, -2.6628517208529723e-40)
(0.04082103197760919, -2.512476072864316e-43)
(0.7840593198352621, -3.757813861498702e-40)
(0.21366228032352427, -8.493499568951485e-43)
(0.4009525695407915, -3.2998672659165783e-43)
(0.8730973075316918, -2.709592912096825e-43)
(0.5465209005318499, -5.657190496131003e-41)
(0.4976699191751333, -2.6980676902152466e-42)
(0.8141171930557621, -3.086279065061369e-42)
(0.2113112428903872, -2.2024972987983203e-41)
(0.5242546622328379, -1.0811615331566903e-42)
(0.37320784300641824, -7.22794234887109e-43)
(0.6449805471701794, -1.5603441729008082e-42)
(0.6627067959958911, -9.057128808323444e-43)
(0.3941353136267791, -1.9721382909076393e-41)
(0.7967224144022916, -7.550143025825384e-43)
(0.25673900985064974, -1.064184093621276e-42)
(0.9931515050145373, -6.511442254663821e-42)
(0.8412139332769372, -8.125389387263813e-43)
(0.5574314177808833, -9.55506327204541e-42)
(0.22659710315924939, -4.1225264427023984e-43)
(0.481470874484657, -2.3544900624365793e-42)
(0.65258053535877, -2.9492642282058207e-40)
(0.20800858240196998, -6.475402847891866e-43)
(0.8357556608413659, -3.0495727505359118e-43)
(0.26975761638133516, -1.3748497225556742e-42)
(0.5940689946088873, -3.2073226530393245e-41)
(0.39105927172862276, -6.308610763101865e-42)
(0.12055966460037763, -2.190268846065651e-42)
(0.6790455740606683, -3.422307222374495e-38)
(0.14490818367096417, -7.248762648475225e-42)
(0.4617655144844169, -1.1165797566449062e-40)
(0.8302573115816745, -6.502710395694829e-43)
(0.05175264653486844, -4.695644543922883e-43)
(0.21754457851231127, -7.290811973386876e-42)
(0.7750367669127691, -4.556262199027003e-43)
(0.27399674510804944, -9.149966525425286e-43)
(0.0610293603476222, -2.6787276558608294e-43)
(0.753629173975397, -1.1563408963725558e-41)
(0.018001697598987846, -2.6041666044761096e-43)
(0.7524103116270278, -4.187444183054631e-42)
(0.6724743363767856, -7.087771511619124e-41)
(0.49876622776423657, -1.2315575321333872e-41)
(0.37723581766275194, -7.29255742649704e-40)
(0.7749472780392527, -2.9116679607233977e-43)
(0.27114097078975824, -1.3940937341903784e-42)
(0.9261803184030556, -1.4009788382399747e-40)
(0.7190765195090552, -7.549743072677787e-43)
(0.3994187299874731, -7.242914497823804e-43)
(0.7278120513876676, -1.9436990061508068e-42)
(0.7073546049258522, -1.7370433411311335e-42)
(0.6340503160837717, -3.5356845348490435e-43)
(0.07673501736576517, -4.54684106773671e-43)
(0.46077795532648047, -2.6484696176499927e-42)
(0.4347005927358112, -1.8312660396077593e-41)
(0.07830780546738064, -6.186961032198108e-42)
(0.11906021368888135, -2.8524834476398835e-43)
(0.7078757739805133, -6.253908767378985e-43)
(0.11220282941966345, -3.252367860959324e-43)
(0.14472832207281833, -4.790262843102807e-42)
(0.04241667582110182, -4.573052970420399e-39)
(0.05097348552806581, -2.2703646317973665e-42)
(0.35266569577531554, -1.159889499512486e-41)
(0.1468081753212844, -3.800143110771716e-43)
(0.2970484066560952, -7.424411130075812e-43)
(0.7719392799933876, -3.808271329015965e-40)
(0.9511336699383997, -7.487927080588231e-43)
(0.3681473223268121, -8.969220873370797e-42)
(0.32023222209454444, -3.977979443780329e-42)
(0.2138446948620493, -1.0663984794837768e-42)
(0.027949796880368444, -5.697840895752727e-43)
(0.0382485445719067, -4.045095614802759e-40)
(0.07026124679838934, -3.59161182475972e-43)
(0.9443076630419338, -3.7840202960993915e-42)
(0.1510969683115589, -4.945119867719208e-42)
(0.0002762833524113502, -6.252754822993616e-42)
(0.9920111302171017, -6.767448121802847e-40)
(0.7202262428081506, -3.6572429517486575e-43)
(0.1692154691880682, -1.4307480779679126e-42)
(0.9871060995957577, -6.628741223393227e-42)
(0.025645800742899245, -8.501691204504348e-43)
(0.6339514914151537, -3.984283335942487e-41)
(0.17492018790864738, -5.937761057662604e-43)
(0.7934372720872276, -2.3682501850034746e-42)
(0.5711469023254928, -1.872661953314475e-42)
(0.7781817176720428, -5.284199515353075e-42)
(0.6945039718053134, -1.5322096740838514e-42)
(0.6245549893715243, -9.025052924551113e-43)
(0.3392573688296092, -2.1020409382190195e-42)
(0.17290643904575195, -1.383921521155383e-41)
(0.09726731515110523, -1.0889723604041688e-42)
(0.6546516516188711, -2.807230261349135e-40)
(0.4963410097037802, -7.451688370392599e-41)
(0.8613761303463963, -4.265378647535507e-43)
(0.9840008946399817, -4.672198876738244e-42)
(0.3294133865929877, -2.8225530947646276e-38)
(0.6495667429981552, -1.2618009102766267e-41)
(0.2787269886262602, -9.149131532051681e-42)
(0.7740881680062021, -9.983062368141021e-42)
(0.6476399752396137, -1.1739792339455781e-40)
(0.28062014225031573, -1.0567322069210436e-40)
(0.5320535706009042, -1.1652098613227354e-42)
(0.8361647018512091, -6.809458746117384e-40)
(0.42998632581317775, -7.551281730422071e-43)
(0.6017346597798207, -4.4635666245031226e-42)
(0.42307394975975005, -2.7917760178041434e-41)
(0.12495821625234259, -7.053677014619938e-42)
(0.9009806962912248, -9.792049841236342e-42)
(0.6555565094612488, -8.043562059598901e-42)
(0.021042423649515495, -3.0115112844065728e-43)
(0.24705891658690654, -8.62641539483894e-43)
(0.015331579178452865, -2.766067591595195e-43)
(0.5877480682514067, -2.8955774539272704e-42)
(0.38032861944602786, -1.2425495098780882e-42)
(0.31135439830125594, -7.341768891083397e-43)
(0.8843549400358548, -5.639271289017363e-41)
(0.5312188028118775, -3.1432822051121214e-43)
(0.8470293939303738, -9.718250535425848e-42)
(0.8635011582738921, -9.359802761897933e-43)
(0.408139948330955, -2.5796978973948397e-42)
(0.42964112679853755, -3.4805070307895156e-42)
(0.23103954043976233, -5.383633866174272e-42)
(0.8585059633038458, -4.888834176981879e-43)
(0.21441471279720092, -1.0022822991596316e-42)
(0.8254463925228582, -7.276284904270251e-43)
(0.6685558974010485, -9.149043318136906e-42)
(0.4283958111341694, -3.042827524384617e-42)
(0.8876714421880699, -5.0990231993904e-43)
(0.553190348694097, -4.4716546243659985e-43)
(0.4284971821260227, -2.4347533900730175e-42)
(0.08458294071071584, -5.423182952299743e-43)
(0.14907292769939007, -7.960794215845812e-43)
(0.3951331840150771, -3.0639562320681086e-42)
(0.7292444049115345, -2.351826379684338e-39)
(0.538836861858959, -1.2359632214940152e-39)
(0.9348860461329276, -1.630124311841708e-41)
(0.5544658581968066, -6.721276310363776e-43)
(0.7930937365020156, -2.3771808309502653e-41)
(0.5985477347121153, -2.473726914750353e-41)
(0.6126820264352142, -1.6551019845337574e-42)
(0.37155498434166073, -3.858224844700102e-43)
(0.9920396752458909, -1.423909383419905e-42)
(0.10514975266817765, -4.0814172646708703e-42)
(0.19962480867736573, -3.4433122673302853e-43)
(0.871521148260603, -1.0118639847457982e-42)
(0.662067128031321, -1.4400557461698076e-38)
(0.6447374458336994, -7.447798377779117e-43)
(0.7186098753897344, -2.8971145319233533e-43)
(0.873632654003872, -1.0498054078904459e-41)
(0.20346544122318408, -8.635695981427404e-42)
(0.5220587127868902, -1.1821228275850281e-42)
(0.14407780697944944, -9.3899319087918e-42)
(0.3998616073846065, -1.5986478767727657e-41)
(0.962177436354015, -2.7661432864505996e-43)
(0.547220110428566, -5.3856611911192265e-43)
(0.7744562559840835, -1.2847795694088766e-42)
(0.32126486603417087, -3.0143035955473616e-43)
(0.7143917415146386, -1.7689020780785e-42)
(0.44160699665908076, -1.1622372905749993e-42)
(0.6796504881742137, -6.75670109367098e-42)
(0.11114771805931363, -1.362454101991333e-42)
(0.47835783844027135, -6.648304384005515e-42)
(0.3898316684775757, -2.9479838743597353e-43)
(0.31020074191236585, -1.2023817251849038e-42)
(0.7141338746596374, -6.022555912987838e-41)
(0.5170245574902576, -3.629172871974469e-42)
(0.5904610722162148, -1.0048939888625205e-42)
(0.22778325674035885, -5.765553216130727e-42)
(0.027212401686218413, -1.0040736858605358e-42)
(0.6517067183451475, -8.88379115215755e-43)
(0.3463177832867233, -2.88005819130146e-41)
(0.02654362778393228, -5.855899042865605e-43)
(0.02002757192112621, -9.720449167963907e-40)
(0.3815780484874229, -2.364238994765548e-41)
(0.5925945268750599, -1.4130774486298502e-41)
(0.40063932133396013, -2.526815222612186e-42)
(0.052465034652996505, -4.212358051769805e-43)
(0.27903125169827786, -6.7951184976813584e-43)
(0.8895696151039907, -1.2401719108894951e-42)
(0.9785497132023198, -5.366853859976545e-42)
(0.8767302767885355, -1.0341288485226893e-41)
(0.26605669157445, -1.9215882811642496e-42)
(0.29557840401986957, -1.0487298337680333e-42)
(0.9682123026591208, -2.732090358794738e-42)
(0.8844669472080283, -3.5653871344008715e-43)
(0.9049381881326864, -4.7047580841133054e-43)
(0.9685346557859866, -4.217998807357887e-43)
(0.4464503732865639, -8.868591089982789e-43)
(0.34223372174681105, -1.1598418155834281e-42)
(0.8888256493783434, -2.778917252819724e-42)
(0.5494185121248346, -1.645578687779414e-42)
(0.37316018684881413, -3.673029045969167e-43)
(0.054796742849611745, -1.0722071116238684e-42)
(0.753430860706113, -9.938515454890491e-43)
(0.25322447082709987, -1.4270794247061336e-42)
(0.4878882492755317, -6.868720739834893e-43)
(0.9666198174218948, -1.7861480702370498e-42)
(0.10781244554460637, -2.2518877012618688e-42)
(0.9870079315928179, -7.395678320907049e-41)
(0.1601431469929222, -5.438591667432134e-43)
(0.9050421006831809, -1.9707339614821268e-42)
(0.7879332371388231, -3.6811410506684413e-41)
(0.9404368659135827, -6.62969914379133e-42)
(0.030181959284816817, -1.3232900852287762e-40)
(0.1990879659396157, -3.606536166587642e-42)
(0.9772971591926514, -1.0432791569056506e-41)
(0.7745284029343479, -1.5905993824352528e-42)
(0.15284695417632208, -2.64666119650524e-41)
(0.0034107823061075454, -1.2749240919513509e-42)
(0.5339365757075825, -4.560019839324675e-40)
(0.7920769971248074, -1.1850409709152545e-41)
(0.504687807001967, -1.1809070684862359e-42)
(0.2524827807497737, -4.675821040854906e-41)
(0.9017847952018061, -1.0953330469402051e-42)
(0.6704208325832236, -1.3863099750282674e-41)
(0.0038058713544649593, -9.719908733832333e-43)
(0.9971959791130798, -3.907634158443611e-43)
(0.9303138002427717, -1.6066863789031632e-42)
(0.15632941107600049, -2.906377210125324e-42)
(0.18862672471111303, -7.522127968049867e-42)
(0.22687407887124314, -4.3324241367736663e-41)
(0.7284029768450133, -9.532378462444315e-41)
(0.8676882160659151, -1.0487156437635437e-42)
(0.28133269849681125, -2.676827903511022e-42)
(0.9864203645496377, -1.2108746614276898e-42)
(0.045928227389551615, -9.6590313406431e-40)
(0.19396451527160144, -7.746102910187175e-42)
(0.3412211328382238, -4.305624140943649e-40)
(0.8391218519555503, -8.843235777902736e-43)
(0.38525601640002693, -7.97128669238066e-42)
(0.6807020119767183, -3.14717007957077e-43)
(0.6174570513657052, -6.2700492080039025e-43)
(0.8149082656155232, -2.7848586671467726e-43)
(0.8696443429536387, -3.819101796123727e-41)
(0.1614987932358781, -4.9160673677375183e-42)
(0.0774480464752374, -4.0597564384878886e-42)
(0.921625940173216, -3.995810169448129e-43)
(0.6090779100439588, -9.7983167824131e-41)
(0.4544637897359833, -2.819182420900145e-39)
(0.4075464293187024, -3.255880551198168e-42)
(0.11343221774581282, -2.184134535230682e-40)
(0.2950210147298086, -5.035028338972527e-42)
(0.0019195226485608317, -2.3795039912971554e-43)
(0.9666801317652506, -1.5573370789609647e-42)
(0.558915968582847, -3.968281564896476e-43)
(0.3229024255353257, -3.5161143330125246e-43)
(0.20568354812257122, -2.3648366516254937e-42)
(0.7022144762813605, -2.817952608226577e-41)
(0.64176161893657, -4.848515975783881e-43)
(0.8934769995289663, -6.04662617068921e-43)
(0.9136365536617389, -2.4137273244406796e-43)
(0.2799963195209314, -2.0231276004869492e-42)
(0.31218478861056265, -3.242898986152122e-42)
(0.6774036026125089, -1.7793169650092205e-42)
(0.3377851979775587, -2.2776599364244616e-40)
(0.8559455142884166, -3.227959954077074e-42)
(0.15659404386841566, -4.5454199299487654e-42)
(0.6071301379558584, -1.5481739888077889e-41)
(0.55886776017181, -3.555893583207614e-42)
(0.5754803164824439, -5.12530111000276e-41)
(0.8395430514443838, -3.6958244754014005e-43)
(0.9544765022707578, -3.0270687721457606e-43)
(0.8852164517342155, -1.3450524040429224e-42)
(0.12228544920776103, -4.185312782543509e-39)
(0.670660050033683, -3.461713153199375e-43)
(0.6364942252221916, -3.2065533474299604e-43)
(0.7864156710582193, -2.3488732294895982e-42)
(0.06356934830179008, -2.6679678911523683e-42)
(0.2135498026522026, -4.044689828331817e-43)
(0.18645013746278224, -5.1528000860810815e-43)
(0.003439414259663538, -5.280094834031222e-43)
(0.6540766443676451, -1.1205830448144772e-40)
(0.05159115142054478, -1.4063314007060291e-42)
(0.5906783774875404, -3.691767568343079e-43)
(0.5110751004404888, -8.48017964083408e-43)
(0.11985231485993963, -1.2816071930067035e-42)
(0.8215983252075607, -2.1689287489595106e-41)
(0.21610988724331692, -1.68026808777705e-39)
(0.43828133781401757, -2.155005749380333e-42)
(0.19841704275355765, -4.5603036199112443e-41)
(0.35436062754501335, -3.715065134918709e-43)
(0.5290061401240388, -6.491504989493681e-40)
(0.7119939621095555, -1.2395840733616072e-42)
(0.9713695330653577, -4.546056684954904e-42)
(0.9781015624703387, -6.181480547657415e-42)
(0.7202515340013815, -3.678764855374506e-40)
(0.2932267106641299, -4.6245695988463153e-42)
(0.15795993736485603, -2.2132375468682522e-42)
(0.9218213171741159, -4.92633817717318e-42)
(0.5117669897345749, -2.2165524873558193e-40)
(0.1131119104523133, -2.396653829135757e-42)
(0.10669242219914851, -2.554724317733221e-43)
(0.38766445792102233, -2.0290466187782613e-41)
(0.9715364589013544, -4.103151400320835e-42)
(0.9052070628466984, -2.9861745833184224e-43)
(0.5709496048704035, -4.2612221035776724e-43)
(0.7306131376905839, -1.0464247617215828e-42)
(0.14439704540511739, -5.1057596945469486e-43)
(0.3701626169177761, -8.745718499599566e-41)
(0.6569675094420457, -3.095248578033057e-43)
(0.03763314245482407, -1.8365070594687575e-42)
(0.15503752641767884, -6.611268606367454e-43)
(0.060899187696207356, -2.3007746758539556e-43)
(0.7566791108420639, -1.323745225343988e-42)
(0.6929733267340951, -1.896657616139709e-42)
(0.8007456847974009, -7.622527651952347e-43)
(0.7483063009440174, -3.166389409009939e-41)
(0.5239722634769347, -3.174374680460687e-43)
(0.16537261138652176, -2.4385921340637853e-41)
(0.9665128418026302, -2.3381719644052122e-42)
(0.4771382918728708, -2.5183519929055086e-42)
(0.15661531153144856, -8.517308292547599e-43)
(0.8128827840617646, -5.954907010501309e-43)
(0.18513862072157014, -6.820638735322349e-43)
(0.2026709790906455, -4.215809226775648e-43)
(0.9788167639147047, -5.381240565824307e-43)
(0.4162808683056883, -3.978997389681372e-43)
(0.626732012358954, -4.932282093009748e-42)
(0.624544736034845, -1.3000448092118385e-42)
(0.8407383311181715, -5.850132706337677e-38)
(0.8594066976299395, -6.280397487947469e-41)
(0.7656774452615948, -2.4856207646526128e-42)
(0.21312602644817039, -6.643540282681963e-42)
(0.8412473456192572, -1.0507083670456352e-42)
(0.003808390104794619, -1.7495136250878645e-41)
(0.9326740750536898, -3.961205695616465e-41)
(0.20412533172233882, -4.00184977845191e-43)
(0.3235097948762987, -1.895006747332213e-40)
(0.7675054769242509, -3.047448959609189e-41)
(0.10511555961571149, -4.9693090968826816e-43)
(0.7295732050909826, -3.5043610401726005e-42)
(0.08458795547872971, -4.968635367857983e-43)
(0.6414796727054307, -1.2815017424605682e-41)
(0.4835024999616766, -1.7614387945197054e-42)
(0.9975710528796032, -7.98241522057782e-43)
(0.8323404803546054, -7.95749760631724e-43)
(0.2825535573701864, -7.872143468726687e-43)
(0.3614452601391239, -1.9122716565968392e-42)
(0.3997987861939055, -9.40764428286914e-43)
(0.6511030758859222, -9.97446757188659e-43)
(0.6017038471703311, -7.230124388830039e-42)
(0.023349047997717174, -2.1599708087650955e-41)
(0.2727951097836231, -1.3872148736012093e-42)
(0.3698444895468132, -6.719405123984056e-42)
(0.22949876661295202, -3.929135947228993e-40)
(0.9594552068330778, -6.917641063175845e-43)
(0.9654364217354446, -6.860180838943916e-43)
(0.4452709947058925, -3.7401163309498874e-41)
(0.8186256880795354, -1.0007195383586952e-42)
(0.05502352474046503, -6.004503683600298e-41)
(0.5671941374544733, -7.843421049679674e-43)
(0.5072672709905975, -1.811927094299173e-42)
(0.608387381302282, -1.6474635447111158e-40)
(0.02862105500252981, -2.4520424690088975e-42)
(0.8132968424611127, -6.866202851324987e-43)
(0.1561347281091575, -2.0498243803256513e-41)
(0.8751134530505885, -1.729591941436429e-42)
(0.7364979869390491, -2.642939295971169e-43)
(0.37330446458737704, -1.1443362331107044e-41)
(0.7324285161122842, -3.1350012508437554e-42)
(0.5964365511854488, -4.3294960729414906e-43)
(0.22489645787951612, -3.2100151760028745e-43)
(0.01247403371584282, -2.241593031197737e-42)
(0.955721064854357, -1.8064270893191154e-41)
(0.03440243836349319, -1.187282774522568e-42)
(0.8593311890331722, -1.7300473400913952e-42)
(0.842071644348146, -8.92662880943285e-43)
(0.8194457554427904, -5.972319989151802e-43)
(0.8926556275289111, -1.9702690514905516e-41)
(0.17957612902914413, -2.38772362701854e-41)
(0.30226603469831015, -6.178242596861885e-43)
(0.8904914776351246, -2.7875480272351053e-42)
(0.28689760453317786, -2.3834816347844854e-42)
(0.32806131090609336, -4.1195727667050967e-42)
(0.4664440542932616, -3.078803179438901e-42)
(0.8455915447776559, -8.767959974037088e-43)
(0.9062726772838163, -1.9671012281700506e-42)
(0.9040541188561915, -6.023418110143643e-43)
(0.7981033040130645, -1.5381822097836492e-42)
(0.018160290310919706, -1.7453518908689486e-42)
(0.2411475936459856, -1.7446734929215433e-40)
(0.3256221498944447, -4.035036504632799e-42)
(0.6628727460516188, -7.343108727066688e-43)
(0.9306540916108886, -1.0168073175630519e-42)
(0.6262855300371026, -4.352011374564214e-43)
(0.9723825030651306, -6.478916401092083e-43)
(0.9789409678235548, -3.6868292302717356e-42)
(0.9936542847669254, -1.5624811614913924e-42)
(0.23742442070731215, -1.0445022645166192e-39)
(0.02161719081687386, -2.0186318160412957e-42)
(0.7348747697507377, -4.70411116184918e-42)
(0.13273845790493696, -6.4184571359969015e-43)
(0.7504984726177765, -8.248781888472627e-43)
(0.23638541805071078, -1.524900518284262e-42)
(0.556974933073609, -5.4915442925410075e-43)
(0.3163938636929344, -4.90801327434827e-43)
(0.061041477861076845, -1.3803036557516164e-42)
(0.3002304085080915, -8.361246690996003e-43)
(0.6006653269208765, -3.7391645821622034e-42)
(0.8523163254118, -1.6528481668121817e-42)
(0.15537761704398642, -2.2013899299988687e-41)
(0.4739618737991934, -1.1974652517131797e-39)
(0.9795949174714769, -4.995405666928242e-43)
(0.004640992636457633, -4.0018212926335604e-42)
(0.47995879369913613, -3.4986932741656277e-43)
(0.8283054932122823, -4.0519010139649545e-38)
(0.6604538486523128, -3.328283728295608e-42)
(0.9300474009387001, -4.266406828346108e-43)
(0.8410410606428808, -1.2253413514374266e-41)
(0.8443470765288147, -2.3415340207929988e-43)
(0.34421143999487996, -1.987078391271943e-42)
(0.08375522149268318, -3.301231640821837e-42)
(0.4248467247566934, -5.6466376146026306e-42)
(0.8184413994986048, -3.3569775851280225e-41)
(0.26980718134054255, -5.34514127618234e-43)
(0.3010302615420587, -1.3309474351235804e-41)
(0.17726257682133573, -9.246516636417243e-43)
(0.24252729361746578, -8.188815380912947e-43)
(0.22724937924294536, -4.2571131324320306e-42)
(0.02794266307832766, -8.628502085014465e-43)
(0.45413838867133866, -2.0420589888625138e-41)
(0.433546099649201, -2.2899782098672408e-42)
(0.8748925692695027, -8.439865587214893e-43)
(0.6267618104542108, -3.518602165215933e-43)
(0.959955917533989, -4.699746740451845e-41)
(0.4976834450774701, -1.906115322290423e-42)
(0.7006132773875107, -6.284332047600417e-43)
(0.9348058929478786, -1.011870234920499e-41)
(0.2945959076615636, -8.835789849859611e-42)
(0.4059122984672329, -8.887665475304902e-43)
(0.4484013941053324, -2.994557555898345e-41)
(0.798989246624959, -2.4666865415331813e-42)
(0.9565896233729052, -1.4969704619212676e-42)
(0.022614382471747515, -1.983624618495835e-42)
(0.14954158940182669, -1.6621870342587992e-41)
(0.4276360518491821, -6.994087519788743e-43)
(0.25704170133160736, -9.695581734964419e-43)
(0.08368321415130954, -2.1352796563304342e-42)
(0.06922142240720533, -5.540653624381773e-40)
(0.18982030113811157, -1.1426858723003742e-42)
(0.1821964134578662, -8.24134415568489e-43)
(0.639034444186226, -4.770487315519461e-43)
(0.250087812264166, -4.483492358027094e-42)
(0.3208356184665721, -1.1773288678835918e-42)
(0.2775503701704643, -1.5721319942724168e-40)
(0.1996386738946434, -3.5065449287826757e-40)
(0.6335053016626854, -2.3878491861076237e-42)
(0.08999777827085843, -1.7703722107731365e-42)
(0.24537649501297745, -8.151113829510581e-42)
(0.9229673850681492, -1.7116648150190206e-42)
(0.7926857363689981, -1.1734917254534245e-42)
(0.996658194802671, -1.3010846406082362e-41)
(0.6453201770972904, -2.176651380723992e-42)
(0.49174610778590033, -1.969717406177984e-41)
(0.03211066235029901, -2.3623088411236022e-42)
(0.7284076377032541, -4.6131256507231945e-43)
(0.8434153943394443, -6.2016970924798884e-43)
(0.03131327933156168, -8.233797825766826e-43)
(0.9225563308012193, -1.017274659055407e-42)
(0.3861479407158325, -3.1453595007060094e-39)
(0.9538054596462945, -4.563659076307666e-42)
(0.015133193204145395, -6.546548636714741e-43)
(0.41873595183453466, -1.6353714730553392e-42)
(0.283160276937656, -1.0222264305820641e-42)
(0.8220908197652645, -7.42886010775945e-43)
(0.8283579841421012, -6.781522487607303e-42)
(0.8982838758925796, -7.747731882194932e-43)
(0.5256344731228875, -3.189718283376368e-42)
(0.6772446008133406, -4.24466893228819e-43)
(0.26839678927106203, -6.779171540002172e-42)
(0.8331682011498762, -3.3384069620194404e-41)
(0.23675725686208765, -2.656448185148138e-42)
(0.1657681520521363, -5.584036791630026e-42)
(0.3842848721979396, -8.456156904866098e-41)
(0.51547011907925, -3.780307470061103e-43)
(0.032938184775208254, -5.9370301883368216e-43)
(0.8299752529199463, -2.0067214327173003e-42)
(0.3431742818745216, -3.4761051245247906e-40)
(0.6880592402659385, -4.029492983883342e-42)
(0.5224706536144633, -1.0467780030746738e-41)
(0.2855689417713435, -9.65128010383056e-43)
(0.3843854727471153, -3.5321650059383463e-41)
(0.32304469823507836, -3.698824830237766e-43)
(0.38786565066840467, -4.835488100672707e-43)
(0.29484331091393745, -5.486995614881883e-43)
(0.871318226890609, -4.371215639236289e-42)
(0.1731993226725953, -1.5158516937911408e-41)
(0.0910554899096007, -5.798764367021083e-42)
(0.36820230228556095, -2.1833140832220385e-42)
(0.6276683609762179, -8.51026669365962e-40)
(0.9500851757449988, -3.1382774282131495e-43)
(0.5309420614010878, -6.923151080743601e-43)
(0.9312672524897827, -1.2787375172391407e-41)
(0.18511786936352265, -9.689477809269912e-41)
(0.6034298111243362, -3.5158678839604754e-43)
(0.3579122791266417, -2.8477882149839566e-42)
(0.5668380043581285, -7.61157211169639e-43)
(0.6157024981471304, -1.778734134207642e-42)
(0.0017415685217953918, -1.3236420398927408e-41)
(0.3468210057445544, -1.6898169279340198e-41)
(0.8524491197241248, -5.9602212027358335e-43)
(0.6634177402339431, -5.045452553183318e-42)
(0.9566229329142054, -9.116402011019422e-43)
(0.669196402217403, -2.381836530997103e-42)
(0.6896004245326943, -6.517407464064841e-43)
(0.16387655952783192, -3.4711846250728366e-43)
(0.12675244180470274, -2.3409683185144103e-43)
(0.4770130452378929, -9.04511823164101e-43)
(0.23076791285636644, -2.3560723416491873e-42)
(0.5075679292790226, -1.566121382686825e-41)
(0.20380732105921767, -1.0602688162069461e-42)
(0.7161390068729979, -5.717027044601288e-43)
(0.7008638408537806, -4.268129510551462e-43)
(0.6580561394335906, -5.694942526598585e-43)
(0.5231473425449331, -4.691978659616042e-43)
(0.19477311077910364, -7.593529388359074e-42)
(0.5318941389955126, -4.8405941345621666e-42)
(0.09010384810300016, -3.661442958970658e-41)
(0.8895833610595598, -8.134402154375337e-42)
(0.13013231607737347, -4.5956525719458304e-43)
(0.5586626173073628, -2.12201418877728e-42)
(0.5295466201111206, -4.659833100607287e-43)
(0.7941354323959643, -2.554716485234821e-41)
(0.9965735055291528, -3.0767474095064828e-43)
(0.6901938788708907, -1.7713291447074818e-41)
(0.8955591904765611, -1.6427778892755985e-42)
(0.38306239669375836, -4.89173685936369e-40)
(0.23888453316323377, -5.294496044823992e-43)
(0.04701764227963147, -1.3506883201729008e-42)
(0.11066792510996355, -6.0499834426634226e-43)
(0.5380186511832246, -8.119721263120641e-43)
(0.3098528421678304, -5.646034239106314e-43)
(0.9705329108244242, -1.4546760082588783e-40)
(0.3656463351641683, -1.3690727716440984e-40)
(0.3127113822767336, -7.515325906144262e-41)
(0.31453858355234804, -3.6928838452197655e-41)
(0.26171146729915024, -6.148122934964648e-43)
(0.7069508309946642, -6.502849449822115e-43)
(0.672736127217459, -3.788557306955508e-43)
(0.3915835294795305, -7.117886343101673e-42)
(0.15969946841831864, -1.3036482455137202e-42)
(0.7235909011410453, -1.5803485213061766e-41)
(0.3440865611926739, -5.753584971557184e-43)
(0.8189184087048226, -3.218488450747938e-43)
(0.14913989331708888, -6.771382040066646e-42)
(0.3615311433849678, -2.20684865463799e-42)
(0.3762318001063074, -1.0078272958432732e-42)
(0.1463548468004209, -1.1834060693632165e-40)
(0.7995573655887118, -8.341609683798103e-42)
(0.7225581658183426, -7.32832564104673e-43)
(0.45914528108890906, -7.982379364656198e-42)
(0.4992437219248695, -1.138077551599024e-42)
(0.021162173972077546, -1.2018784189616565e-42)
(0.6928401456803057, -4.491747842287746e-40)
(0.0079531666040947, -4.428433500769046e-42)
(0.7264728215306588, -2.230682306519523e-42)
(0.8784683560169908, -2.285104137845788e-43)
(0.48326740151954495, -2.936252529688498e-42)
(0.9716182038568497, -8.283150038541243e-43)
(0.6544920636281915, -1.5653487496642642e-42)
(0.0018836826412442032, -1.924629608621385e-42)
(0.18664984446098512, -1.973602691587461e-41)
(0.9246438718261202, -8.01993535612774e-43)
(0.5254458384855316, -1.2017253094354673e-42)
(0.7849477406543097, -4.760109237644992e-43)
(0.3895239166105209, -2.9200446662741456e-40)
(0.26374332304474357, -2.1249899712525697e-42)
(0.7251612222034073, -4.760844078031947e-42)
(0.460673952799497, -4.750754253831018e-42)
(0.1534311433939468, -5.490822510914022e-42)
(0.8737360864008952, -6.4843876527445635e-43)
(0.14159183412085158, -2.4043487894258246e-41)
(0.02669606007435601, -6.94324060683765e-43)
(0.12380357706732162, -1.9999875480996587e-40)
(0.06769584624645053, -7.33426742038822e-42)
(0.2625240198175477, -6.298624704731679e-43)
(0.2868520681127053, -1.0042835394184729e-42)
(0.15342684723315053, -9.778986715038607e-42)
(0.12090949141225528, -2.368091929163098e-43)
(0.9322551347855349, -6.277382293964313e-43)
(0.4473292464391796, -1.510255438684099e-42)
(0.8572988169996081, -1.5630874358900304e-41)
(0.5563560116502699, -5.5666607727070365e-43)
(0.7965772181165227, -3.1108714648497653e-43)
(0.9380334484435183, -7.2132146427811e-43)
(0.5349060226138174, -1.1277000385687098e-42)
(0.5312037029914389, -3.2797008640937445e-42)
(0.7776611409250154, -2.367957519494732e-40)
(0.6773948282741922, -2.523681042894801e-41)
(0.8626937467231881, -4.843662404400679e-43)
(0.7226468902026828, -2.916165999323522e-42)
(0.9106554470199103, -1.4805159913635368e-41)
(0.02160454500616987, -1.036982727380775e-42)
(0.1817857942633727, -1.2349933379176543e-42)
(0.5809766698128893, -4.145080151742443e-42)
(0.7501013180599562, -2.506799260168397e-42)
(0.679253359637005, -4.500201874125358e-41)
(0.5223169567228266, -4.934763182735442e-42)
(0.5515563605751616, -1.9568237796990254e-42)
(0.9842655413426413, -3.0661926704248123e-41)
(0.5798542888822154, -1.1692334206173125e-42)
(0.05500716383421731, -4.399476775834765e-42)
(0.04728308102721692, -5.20509639462907e-43)
(0.6925773237624709, -3.0679215100178844e-42)
(0.6947816617047669, -1.1367763086574338e-38)
(0.16724090818355722, -9.135744696628898e-43)
(0.6597903107209753, -8.475729308143055e-42)
(0.5530669458411185, -3.7272959487545754e-43)
(0.17351141508455023, -7.822379508474959e-42)
(0.5042354192022823, -4.712572354489236e-41)
(0.24785446292440189, -1.4870199043247744e-41)
(0.1868965224690163, -2.838332792370944e-42)
(0.5413201711037772, -4.0954839758759295e-43)
(0.554657259585539, -2.2544250752014576e-42)
(0.3931749030326399, -4.117243735245213e-43)
(0.37466292404424545, -7.33592582318118e-42)
(0.12848587848778664, -6.851709258547129e-43)
(0.7805876202846718, -5.090711704891372e-42)
(0.2878897557699092, -1.6891228421141354e-41)
(0.5915131161496886, -3.5786827708884747e-43)
(0.288613189962974, -5.388804290299649e-43)
(0.44030110680794965, -2.3719343423687487e-42)
(0.6914287174293061, -2.742084926063231e-41)
(0.007513578333227514, -2.406171403106149e-42)
(0.9021315433640098, -1.2993061034352174e-42)
(0.7233180829563974, -3.87506011112691e-43)
(0.3875526382100126, -8.911501103457829e-42)
(0.23890579119486988, -2.7531201793414304e-41)
(0.9495799522841004, -1.18067180558788e-42)
(0.6102475266169746, -8.540571951654797e-43)
(0.9568489969052035, -4.687680648366488e-43)
(0.48729748565649267, -3.8452488539219424e-43)
(0.4001709203199726, -6.9786661363695e-43)
(0.9312801550457481, -9.218530526018658e-43)
(0.7730486015023538, -1.1329120106354342e-42)
(0.2076909918922898, -1.611900787335226e-41)
(0.6532922416745067, -8.590389816652208e-42)
(0.11412395238465145, -4.651331401101918e-43)
(0.9790729706708309, -5.0518926038970365e-43)
(0.22064998900333707, -8.427188761328462e-43)
(0.1882318666547319, -4.51216704047398e-40)
(0.9462782916265018, -2.325169529948033e-40)
(0.6153304608400485, -1.569360808089627e-41)
(0.3162904653291923, -1.1557817777411677e-42)
(0.8565997805122628, -8.467582723035828e-43)
(0.2563920695710737, -8.803328292746417e-43)
(0.488188212965047, -3.045598422294254e-42)
(0.7004529514737213, -1.1258316191844605e-42)
(0.5856367858774779, -2.285183652252505e-42)
(0.33204582972675956, -6.735201676767282e-43)
(0.5351415347776621, -1.1359608246111766e-40)
(0.820210722782468, -7.71206905154712e-43)
(0.5742695811159949, -3.030893888314153e-43)
(0.9727671583696442, -3.3764279589115597e-43)
(0.9448554791518148, -9.621099390548245e-42)
(0.2707004969758535, -8.54146334109895e-42)
(0.3548244497165119, -5.832470344333822e-42)
(0.8717414538540051, -7.280326249573516e-42)
(0.3076097403549992, -1.1426635272008258e-41)
(0.5503661707406535, -1.9141516602745424e-42)
(0.1858880450690395, -8.962072520913591e-43)
(0.21297329968826226, -4.058043507142678e-42)
(0.48764000636481275, -1.4701905185922023e-40)
(0.3823643414317161, -5.226678791676659e-41)
(0.5331129421654559, -8.77589844237665e-43)
(0.3649623683986903, -6.286632346327612e-43)
(0.7745239258684654, -3.365966667402888e-43)
(0.4584317079181287, -5.186136103873326e-43)
(0.5254236670295729, -3.109834084088549e-42)
(0.805679160599431, -4.400238984646606e-43)
(0.05428075926292413, -5.97139169155455e-42)
(0.0656282148840356, -1.2855713830163016e-42)
(0.40540609208487594, -4.160726278803054e-41)
(0.5801433453345238, -4.562105372683034e-42)
(0.15020654045851697, -4.503629537682255e-40)
(0.7224732362885624, -1.571274703827776e-42)
(0.6612250961617858, -1.995441409498383e-42)
(0.04952243497233294, -5.8028651615274185e-43)
(0.32627516141886126, -8.893034724143489e-42)
(0.9097768699536287, -3.575426454007341e-42)
(0.0689184482078752, -4.519402142031303e-42)
(0.007766887342915731, -1.3607719192166212e-41)
(0.006615020761168575, -2.115791485521917e-41)
(0.59169578901351, -1.1244351822671284e-41)
(0.311612730244949, -3.16589098809186e-43)
(0.6913439191493644, -2.264287639118931e-42)
(0.7354711266390898, -8.156211266369741e-43)
(0.7164428246986698, -9.418273107274502e-43)
(0.21258911985468154, -2.9750127266874665e-41)
(0.009538760994283487, -3.6767929273934276e-41)
(0.583855802984389, -6.738039028817873e-43)
(0.5325345705212492, -3.865366113839651e-43)
(0.2954721726878118, -4.948565194219169e-43)
(0.7482741586902817, -4.7031599654357535e-43)
(0.6410187489169707, -2.28195096336293e-42)
(0.9595923017560138, -3.4669707505904276e-42)
(0.33822167221459, -4.620709134724751e-42)
(0.548384419580941, -1.2599312778470313e-41)
(0.8975951012786583, -1.0002670627385827e-41)
(0.9818484110020722, -1.288687766741364e-40)
(0.9004369486107421, -1.3450472245903584e-42)
(0.7338724412799525, -4.027707081129309e-42)
(0.544921704001889, -1.0271587308810919e-41)
(0.2854436589039921, -4.205516138274521e-43)
(0.04346137456614548, -4.684157298637333e-42)
(0.714202156056995, -1.3460794150872321e-42)
(0.643425258115213, -1.6879681279365846e-42)
(0.4090081643235581, -7.970994199239338e-42)
(0.28343784050421744, -2.09044166042335e-40)
(0.9860009669260315, -7.112689110318921e-42)
(0.48008890451973385, -1.016358710992064e-40)
(0.5580649707640616, -1.0352988167832914e-42)
(0.8044131741424438, -7.483801363472174e-42)
(0.54720407783807, -4.950598804465514e-42)
(0.23137443614589917, -9.133841577960514e-43)
(0.03873976539656063, -2.3330905746215253e-41)
(0.3013208137975341, -2.580921571415449e-42)
(0.21864064138884753, -1.0996195630164889e-42)
(0.24695436836916398, -6.574859794805507e-41)
(0.44603245654466317, -3.592146474985274e-43)
(0.7491090507069218, -2.7380304711772433e-43)
(0.7170286132775928, -7.025808130048135e-38)
(0.0859493799383432, -2.1535534582294866e-39)
(0.012469474878715327, -8.703574764040528e-43)
(0.7370638827602012, -1.2637954729215827e-41)
(0.8072285569010386, -3.674373209789086e-41)
(0.3127079196520293, -1.137746447849955e-42)
(0.6951825818606255, -3.075629224057631e-39)
(0.8284435568106345, -4.234332741493487e-43)
(0.38164261931678023, -1.6880796296032526e-42)
(0.6001314062665332, -1.992827187708277e-42)
(0.3043210599518181, -3.944993430320712e-42)
(0.6265777194917304, -8.994097019024094e-41)
(0.6666782262388081, -1.0114652043409507e-42)
(0.4126998863877405, -2.127057597797108e-41)
(0.10751987128223682, -1.0351935956229007e-41)
(0.22302656913074234, -7.377574078766433e-43)
(0.4067442225245614, -1.0075150359232872e-41)
(0.6457688011398715, -5.245964199797698e-42)
(0.22959529453723337, -2.1930283941153136e-41)
(0.6937601296355687, -8.618273402680957e-42)
(0.20087884101667197, -1.0503144019699446e-42)
(0.8393851119888399, -6.695597613039037e-43)
(0.9429193922378929, -1.0339992986234137e-42)
(0.6801711277521737, -1.116360494987971e-42)
(0.07588289883660713, -2.586700478965883e-40)
(0.16612642423370194, -5.1950844568545894e-43)
(0.5888425012590128, -4.301356079572163e-43)
(0.7224137207270805, -4.610876051351304e-42)
(0.6973917003420649, -7.792282672910683e-43)
(0.9400108851949112, -5.351345741436076e-40)
(0.5217338082913826, -1.3259822978546583e-41)
(0.3670944820039301, -2.690304377511254e-42)
(0.7648005780217353, -5.136937959514577e-40)
(0.3156984464371822, -6.639406176976155e-43)
(0.7059425621433048, -6.142701998242425e-42)
(0.39493484654653366, -1.1194695254097155e-41)
(0.42071343748879586, -1.4181913474999366e-40)
(0.09988565422440578, -2.59650355566617e-43)
(0.5029556286979768, -5.437860101921705e-41)
(0.28750920276174174, -8.052247087379592e-43)
(0.31593512668594226, -5.5102991448731454e-42)
(0.42408277103598296, -3.4688482572917114e-43)
(0.23131902843860472, -2.6438074411631454e-42)
(0.0266282805048242, -8.03992867776446e-43)
(0.29114266834124025, -6.509566586837503e-42)
(0.497537911963777, -1.5498573760388547e-41)
(0.482947375242064, -3.4050309525389205e-41)
(0.7492095365190522, -9.417045650519808e-43)
(0.70741375873877, -1.8274692969687968e-42)
(0.005969422497257288, -8.486084196874232e-43)
(0.6963327744084058, -6.796034386409857e-43)
(0.7854126946405682, -8.758732374454795e-42)
(0.19487276016661348, -2.660351496294424e-42)
(0.5907066448207252, -3.5086944181282217e-40)
(0.8848160079457056, -2.1636596636543423e-42)
(0.1932715523097469, -1.106340239219072e-42)
(0.8709963933071464, -3.564618061009613e-42)
(0.8537329090108019, -6.081373254359887e-41)
(0.9407422587226287, -1.2211988246653098e-42)
(0.6534628943246694, -1.6419853263121038e-42)
(0.4953189981180444, -6.10125648640098e-42)
(0.11188451832785451, -2.945980080491634e-42)
(0.7041142110403689, -3.487366204676247e-42)
(0.329075679540507, -4.5934098594446266e-43)
(0.43478082043223026, -7.724965873091162e-43)
(0.975511367033022, -4.815174979172007e-41)
(0.9773699156601237, -8.049556943313448e-42)
(0.8455550510313138, -7.549690544648466e-43)
(0.8834722252124628, -3.307356781680421e-42)
(0.7102149064550416, -3.1117915725818233e-41)
(0.3893562675135793, -8.6614101731976e-43)
(0.8881847013437347, -1.2401823886638574e-42)
(0.3406397045273109, -3.819526568945446e-43)
(0.5676413343193816, -1.1764382484026947e-42)
(0.2853292349616756, -4.7951336654742324e-42)
(0.978190718502117, -2.110844554281495e-41)
(0.2487052452207504, -1.602510510189761e-42)
(0.9948791669229011, -2.294886948909188e-43)
(0.4826370572726186, -1.303916946400742e-41)
(0.801595830344366, -6.68361501735379e-41)
(0.8717235015632993, -6.50985338796086e-43)
(0.5110210380884191, -3.650971405175278e-41)
(0.021172310405520246, -2.947970918502789e-41)
(0.3835811364157742, -6.959047161851943e-42)
(0.9449818808603704, -3.857774989923106e-42)
(0.5648258395413949, -7.66707843295749e-43)
(0.19228410856153788, -1.1079069729798497e-42)
(0.9398612627274409, -7.475868752717785e-40)
(0.7064905263412254, -8.988283020203244e-43)
(0.9079315191306413, -1.7037308483358277e-42)
(0.7311325300827971, -9.205501720835875e-43)
(0.7331440192245904, -1.4657930077389354e-42)
(0.30913361922197047, -2.445797215609624e-42)
(0.036477629743079124, -4.664069780229203e-43)
(0.840887848549683, -3.202987099249474e-43)
(0.6478031978139417, -3.073766934791026e-41)
(0.16861229277828327, -3.496310796703773e-42)
(0.2012688623682653, -1.7863561986145583e-42)
(0.7168631164282063, -3.2452270298399264e-40)
(0.44502069924069937, -2.197350977632118e-41)
(0.647286526203529, -1.5780291579306021e-40)
(0.9868357378949956, -5.540694114411268e-41)
(0.6413471893837009, -8.387516722558004e-43)
(0.7750608661430025, -1.1005427683778619e-40)
(0.407253393459563, -3.1677921370078075e-41)
(0.5233850735649022, -1.8169021692070216e-42)
(0.09539185578761868, -8.048168965234536e-43)
(0.06940332030947409, -6.0887997753727825e-43)
(0.6423109248993542, -6.811683215231227e-43)
(0.295677810374281, -8.221464122357832e-41)
(0.9571065932634858, -8.910684229791114e-42)
(0.9430666696106914, -2.908542642784189e-42)
(0.8377198611492527, -7.258776743183045e-43)
(0.5640938485418535, -1.2559813721941326e-41)
(0.7036336317728568, -1.1682159911893735e-42)
(0.684378894847509, -4.082880077534439e-41)
(0.7118213537212079, -3.3656733805813796e-41)
(0.5837621005972251, -7.014129098135832e-43)
(0.981746944052908, -6.877953460026709e-43)
(0.2746585378126174, -7.544981393398192e-43)
(0.6932243580222489, -1.0135105214613741e-42)
(0.9303952505433776, -3.587731166592166e-42)
(0.23528443303465182, -5.235261274790346e-43)
(0.4649610617517405, -9.131463095195412e-43)
(0.7556255833715657, -2.7052894455239348e-43)
(0.7109246808276227, -7.663452041145957e-42)
(0.09598587860705736, -4.879280537061441e-41)
(0.9830344452822165, -1.2381699325378246e-42)
(0.13878278769102337, -4.766098121217469e-41)
(0.230230248130839, -2.0503714295056683e-42)
(0.6121205482949063, -5.115966878166107e-42)
(0.6763836308636741, -1.219858731482125e-40)
(0.7345730910773943, -6.578594180152808e-42)
(0.18503176686731218, -3.8390958999806205e-42)
(0.35437793212678886, -3.751308631818376e-43)
(0.07056745034222413, -5.297573821934793e-42)
(0.8679663206314201, -2.2797455454048852e-42)
(0.5542266349101411, -2.5867957814073437e-42)
(0.2190509813233249, -9.020889630339288e-43)
(0.9353981653769167, -5.4175815754240345e-43)
(0.9462319296262348, -1.2953353092782328e-40)
(0.08478393146015772, -1.2731151368556769e-42)
(0.5222396942485066, -1.7590090075156095e-41)
(0.9967018888551114, -6.208984031610947e-42)
(0.2525485825740771, -9.067696664408968e-43)
(0.9962819354143769, -1.314798232736847e-41)
(0.32009128867512265, -9.603071334155727e-43)
(0.29224595119386065, -6.417237134290507e-41)
(0.8567044794257017, -8.106844696494265e-43)
(0.23396215113997648, -1.2141719015628217e-40)
(0.9727644860650604, -2.1493932616335155e-42)
(0.7876595404646604, -7.961294065583248e-42)
(0.11492540990558343, -5.899743831479475e-43)
(0.5032876676349346, -8.248726273436208e-43)
(0.23600146357592855, -4.009028819471605e-41)
(0.020727324318238562, -5.9660158576022484e-43)
(0.1608969127039823, -6.227381714555882e-43)
(0.8803042967882178, -2.2373951035802806e-42)
(0.13353618151037405, -6.853504495896916e-43)
(0.6217734950619053, -6.5805553796521924e-43)
(0.10377286248209432, -8.398886824969057e-43)
(0.8925373329316633, -3.1287490077551683e-43)
(0.6873239840251477, -6.718806086046383e-42)
(0.7959614761836603, -3.996457338542865e-43)
(0.9160259578584545, -1.4990258646890915e-42)
(0.10236145282284197, -9.354776657191408e-43)
(0.38013150492030223, -1.1792244539916439e-42)
(0.6271303857495141, -7.605573102055838e-43)
(0.7189279810740851, -3.242154385337887e-43)
(0.3048899019910841, -1.6912077665701075e-42)
(0.39018013075284713, -3.1231813835942444e-41)
(0.19979831118086053, -4.911153511765868e-43)
(0.20256472277582824, -2.804617357551913e-43)
(0.38661623989298327, -1.1534095595397546e-42)
(0.9599369732624525, -2.8896556015867422e-43)
(0.40065478859727144, -8.462823401985498e-43)
(0.12495974189764111, -4.887219305938801e-42)
(0.9390065925161569, -1.9483498027748185e-41)
(0.34387173387833725, -1.6910504612886927e-42)
(0.823839930981236, -3.973074328552473e-43)
(0.7341443366984196, -3.158526485090221e-43)
(0.012154127251322661, -2.8320246881355645e-43)
(0.70762405611796, -8.811483942816573e-42)
(0.28845411657465414, -1.8344786411839222e-42)
(0.9984958104086971, -2.7871100278817746e-43)
(0.6324162722239773, -7.25307028089839e-42)
(0.4109302050646468, -1.4434676783397545e-42)
(0.5071604361767348, -2.4331554243632713e-42)
(0.3668921145599137, -8.579898563654777e-43)
(0.831664897218936, -1.1350968104085639e-41)
(0.299914692534878, -2.2396113837930943e-42)
(0.6430132500140604, -4.204687651878438e-42)
(0.2122910647364351, -9.859933491993764e-42)
(0.24242158007374784, -4.7957146953752374e-43)
(0.5577221231136434, -1.1451733952895719e-42)
(0.2131169209968809, -1.1677688895894417e-42)
(0.4834167020471914, -4.48996257225129e-42)
(0.9812269733340785, -5.398899724250505e-43)
(0.9875225869571277, -2.334587745934278e-42)
(0.1898707082910306, -5.045518740775455e-43)
(0.11372581305985496, -7.518593907093714e-37)
(0.756057665966145, -1.6935853844905528e-41)
(0.39775674467318356, -4.5819699912273995e-42)
(0.11643509487422779, -5.7225120761092987e-42)
(0.40717231922523783, -3.1080609937309797e-42)
(0.7592680011241147, -3.850810171270022e-43)
(0.15069543528533827, -2.0081284830127986e-41)
(0.48005076832404886, -3.464930201701481e-42)
(0.022131898009151527, -6.071696046564315e-43)
(0.0806380007682931, -4.331883936835348e-43)
(0.42275297662950945, -1.6125376350883602e-41)
(0.6076788890743904, -1.144968236690042e-41)
(0.7737624178463604, -2.2008323540011297e-41)
(0.02234963732330574, -1.1652381873908233e-42)
(0.80075686138319, -1.7093249497257495e-41)
(0.2168148139268761, -3.335258119576288e-42)
(0.8984393497210182, -8.043767982334198e-42)
(0.9320802914390043, -5.809977075202264e-43)
(0.8061605195211702, -1.2177051395202948e-40)
(0.3852970129214552, -8.526771128796489e-42)
(0.3437918887140995, -4.143026651296612e-43)
(0.0912108094869603, -9.010626710050758e-43)
(0.34878238534684924, -5.707665637224667e-43)
(0.9404567878920004, -9.35166538287784e-42)
(0.38270144454385013, -3.638021837938383e-43)
(0.8020910237029263, -5.305685072113838e-41)
(0.9206227177161129, -1.330906079368154e-42)
(0.20359346947763085, -2.432496826980027e-41)
(0.4806272159560647, -9.505764734750644e-43)
(0.39290680894167496, -3.8937646306453915e-43)
(0.8076369481915404, -7.138036808372966e-43)
(0.6038946396651551, -3.781583445933169e-42)
(0.9135846079311994, -5.648051816745271e-42)
(0.33405291399021647, -3.192929927926235e-42)
(0.7877800075569847, -1.1690136029468321e-42)
(0.34360260518130487, -2.19692359943578e-39)
(0.009522768764596477, -5.89072388926067e-43)
(0.6829575738594199, -2.711154856860336e-41)
(0.41435425645557455, -7.722834371782964e-43)
(0.9556781710926975, -6.907862621650341e-43)
(0.8118084758705519, -5.588829794584534e-43)
(0.34865526224626286, -1.861359678988408e-42)
(0.13939243016572547, -4.967434782358181e-43)
(0.21335374049591446, -1.2052538206211017e-42)
(0.04246400553844395, -7.116786289988076e-42)
(0.4787729834857485, -5.570876809484222e-42)
(0.28459042499691506, -4.5638020410094834e-42)
(0.9570698889371873, -6.793882296356692e-43)
(0.06626609495351449, -4.2711326325238027e-42)
(0.2698964616167396, -1.801898953548968e-38)
(0.26192217663681033, -2.1773235371348135e-42)
(0.37490494764042737, -1.6062555372584306e-42)
(0.13083608738585395, -8.547452489602707e-43)
(0.6794474358959963, -7.966355048252312e-42)
(0.08851872387485352, -2.2899994190527267e-41)
(0.9952773174764097, -1.5409245557760936e-41)
(0.7135243150123437, -2.5187495539476315e-42)
(0.34977667856337696, -1.185911140870885e-41)
(0.27946924185177463, -2.5411333299455062e-42)
(0.7848456852037315, -1.7676557475823013e-41)
(0.24194076083347987, -6.162518787534447e-41)
(0.9100106562447619, -2.1012437327093988e-42)
(0.9832612406335238, -8.326257095780606e-41)
(0.8882352526659131, -4.529484339487047e-43)
(0.4588598936235735, -6.111887381197363e-43)
(0.47369863849946814, -2.562831271564785e-42)
(0.6270496662190428, -1.1573780766175559e-42)
(0.9279813870900413, -3.3728493115491765e-43)
(0.459618960230872, -2.567817992046625e-42)
(0.22337025589722428, -8.419230824524197e-43)
(0.06371446893563727, -3.778327528806659e-39)
(0.4834592518870936, -2.291674754500108e-42)
(0.525783684560624, -1.2457263517444868e-42)
(0.9628733952549808, -3.0002729986417967e-40)
(0.22325225972576565, -3.856803971787581e-42)
(0.2514983959731399, -1.5054283098001645e-42)
(0.2979653108887678, -5.977653239149395e-41)
(0.24047702550803185, -7.611380321448665e-43)
(0.5215667701775977, -3.727064682130682e-43)
(0.5839428635014093, -3.6308219256128915e-41)
(0.6969148063038052, -3.2350214367331007e-43)
(0.538661692084481, -6.598129663477849e-43)
(0.6085161054264777, -2.1557889443128352e-41)
(0.015885970986177646, -1.3586889255626236e-40)
(0.5283848812770604, -5.249195866102528e-42)
(0.20741163252397235, -5.380713455248292e-43)
(0.7460699841594215, -5.3944258994689815e-43)
(0.5231403081883262, -3.2808864672852453e-43)
(0.25067065087502344, -9.619141078040129e-43)
(0.5886534787805775, -2.996441829493083e-42)
(0.8498581193938144, -9.23377542599834e-43)
(0.9901268064347947, -2.5158673641379897e-41)
(0.6659255549742813, -9.462628391312388e-42)
(0.9873321959000988, -3.780600751854645e-41)
(0.5140745396452214, -6.991573593520461e-43)
(0.16500479091013975, -6.223352816682728e-41)
(0.5204269672916886, -1.0607908938546497e-42)
(0.9177631609873075, -1.2014576165502179e-42)
(0.7599398992622517, -5.008149442079282e-43)
(0.4504978731332952, -9.835126844707593e-43)
(0.6844706646814733, -3.560008319234263e-42)
(0.20418682120860612, -1.9426636302022776e-41)
(0.12487952778422977, -1.3099516184762675e-42)
(0.6734134712857256, -2.2458451312941375e-41)
(0.09273551550270907, -6.398061477783635e-43)
(0.3168407083446208, -1.6719412276105116e-42)
(0.4699580332672402, -2.650520927269311e-41)
(0.3524102401721958, -2.397072946025246e-42)
(0.9768107317414221, -4.968992667320078e-43)
(0.1586903259175828, -8.945394608969069e-43)
(0.40346922134548274, -2.9221532952499014e-42)
(0.9005860854114973, -3.727292196193517e-42)
(0.5278652989199139, -7.480718550157438e-43)
(0.19563202790104747, -5.15714901592986e-42)
(0.20161906127133866, -4.271272997188452e-40)
(0.5222414146861654, -7.782000330215039e-42)
(0.7911192035836013, -1.802235065389859e-42)
(0.6951779011924538, -4.152680030082899e-43)
(0.9971434215666247, -9.710331161959471e-42)
(0.8233318994889174, -2.703537221079908e-41)
(0.14460708926206273, -3.1862668260216503e-43)
(0.6339196106350529, -1.629738843051262e-40)
(0.2956411917699333, -4.742479354493129e-42)
(0.25844159416594137, -1.9645595786749004e-41)
(0.15348529651192486, -4.348276129991161e-41)
(0.12137110833835761, -4.4723806499332683e-41)
(0.652174179755574, -1.0399298403097032e-39)
(0.3595769307677574, -3.990605876687923e-43)
(0.3589941681708019, -3.6490202528951234e-42)
(0.9177006388275621, -1.155266797623043e-40)
(0.21215231072130827, -5.488648791214565e-43)
(0.8318884370647807, -4.836368442042669e-42)
(0.8508664170878729, -3.7975898915764406e-41)
(0.8930663961633915, -3.25288352997619e-42)
(0.19816848355136518, -3.097218069917005e-42)
(0.817065522787505, -8.628212722592731e-43)
(0.9624126802540933, -2.2124533439664675e-42)
(0.1255340851173818, -1.6228172232646343e-41)
(0.7107257661309495, -4.64268693228707e-43)
(0.13187623332831622, -7.21805103701807e-43)
(0.05511846033014658, -6.73104667198236e-42)
(0.4626022193198242, -2.563758653779111e-41)
(0.8559972092951472, -1.6096777054744725e-42)
(0.9914829206442862, -3.418216400574379e-43)
(0.8512170382534753, -8.547471378878337e-42)
(0.8365337188149711, -4.580887954500418e-43)
(0.6554517004249815, -2.1997118706012032e-41)
(0.6058876750607537, -3.429112250768749e-42)
(0.8870386298838554, -2.781906158463436e-43)
(0.1463686381507389, -5.092923855049094e-43)
(0.011460610844052537, -2.2556780801416767e-43)
(0.09718983227532745, -1.2970734049303683e-42)
(0.45943174807076037, -8.518448232306799e-43)
(0.4494732276472074, -1.595915367496469e-40)
(0.2389092641216435, -5.077246830995699e-42)
(0.7934440945600969, -9.948908665035363e-43)
(0.8544376052172885, -5.56022600878828e-41)
(0.7591137284381645, -1.2377749381853267e-42)
(0.7252982824291909, -6.342326997092907e-42)
(0.1013388819713012, -8.438053051077211e-43)
(0.1410440591886379, -5.605754218572707e-41)
(0.5198539634587532, -4.261940339438833e-42)
(0.6420956609277667, -4.3584926383233946e-41)
(0.006788868712899345, -3.582841387347705e-42)
(0.9439088660748853, -4.791770988525906e-43)
(0.8309648315607812, -7.390991702698668e-42)
(0.7742793975230409, -1.5912079210049933e-42)
(0.3305417791694871, -7.195291208256845e-43)
(0.2154311391199637, -3.211572830040293e-43)
(0.9785029682451024, -1.3574177405202925e-42)
(0.17693612004666154, -1.992434704428788e-42)
(0.8460881600097755, -3.5247042644974517e-42)
(0.9774797780403376, -2.288529066631834e-43)
(0.5638614700469985, -1.5543351223001343e-42)
(0.4945989713013433, -3.7709642116148235e-43)
(0.3825961020985955, -1.2113873749058524e-42)
(0.4392101509446302, -4.348900333314946e-43)
(0.8892125171894256, -6.099877330461242e-42)
(0.64038644772869, -1.8135517955834404e-41)
(0.30526702210525863, -7.566400039137019e-43)
(0.8108175315294596, -3.270198220947783e-43)
(0.6540198221179787, -4.1748527814962873e-41)
(0.29718818117991036, -2.5070137711072325e-42)
(0.32185018277626815, -8.226764417094097e-43)
(0.2582116454275647, -1.0618251788414009e-41)
(0.7279330993370566, -2.01692010459473e-42)
(0.8756433857413689, -1.615614536235324e-42)
(0.8286642208212919, -3.486266035217571e-40)
(0.07094536808429837, -3.2675450169639425e-43)
(0.051892538801266895, -9.13634336300593e-43)
(0.9990550561834025, -4.378923177218291e-42)
(0.22970768761500557, -3.955569613772238e-43)
(0.16286651759369586, -4.362323922185193e-43)
(0.29436225736150773, -5.752409436535187e-41)
(0.5904612884343653, -1.28321662227729e-42)
(0.5789428122038432, -2.583078222480298e-42)
(0.8203729290257358, -2.2031344743512975e-42)
(0.27083566911427503, -7.490078563049762e-43)
(0.3306715318325346, -6.6832178613787115e-40)
(0.5527254837855065, -5.89918054925023e-41)
(0.37366928057541443, -7.104868062490049e-43)
(0.7268576007685345, -3.001190692551971e-43)
(0.2584743428509604, -1.1579326898959847e-42)
(0.05163590689501736, -1.4586084750954159e-39)
(0.6713681111750975, -3.0605646318129215e-43)
(0.6957994439510427, -7.961401364053806e-43)
(0.2353867864601727, -4.657204052129005e-43)
(0.06692134748970678, -2.8412496700557876e-39)
(0.8939858156401089, -1.9142681280903126e-42)
(0.6136320750058809, -3.54729562257418e-42)
(0.3048252007199407, -4.378503919992958e-43)
(0.41183529899368726, -2.9539166427158216e-41)
(0.6276106163854736, -1.0717359787837154e-42)
(0.4342260545395185, -8.697202933457996e-43)
(0.8302774182820649, -4.216297453019901e-43)
(0.8853429552040321, -1.477998843338539e-42)
(0.8713532877751299, -1.4367334849833185e-41)
(0.6413426666957854, -2.9135452498811106e-42)
(0.8815667797738612, -1.8941690344311854e-41)
(0.9440932046922975, -5.361016431150738e-43)
(0.031206695992179928, -4.0961094787282333e-41)
(0.20880448594883333, -4.4738984652383076e-42)
(0.7557182771680433, -2.7878659570290242e-43)
(0.8841994334528143, -7.395481204046919e-42)
(0.7870825338095049, -9.072853048367387e-42)
(0.9281378528379854, -2.6812220230191995e-42)
(0.7976821650040523, -7.940324882616033e-42)
(0.6715630917349238, -4.204015403503263e-42)
(0.38414705257248516, -2.0606275077525678e-42)
(0.35421375494728563, -1.519605101720345e-42)
(0.15807911373880754, -3.1158574185475207e-41)
(0.5055795373639399, -1.051169648068534e-42)
(0.14005753671792645, -1.1070947945311169e-41)
(0.15091467583347087, -4.5791660063070245e-41)
(0.08963766799318457, -2.6957756282194696e-41)
(0.71538790416674, -7.860204491880113e-42)
(0.3440710339802032, -2.9005563528192965e-43)
(0.5144139574088319, -2.1343872091364986e-42)
(0.7995094364432767, -2.071888741576873e-42)
(0.4368196080514653, -1.4683296066965177e-42)
(0.17602180266995587, -3.580405560891733e-42)
(0.8119587642631821, -7.436363535350961e-42)
(0.9097407323255897, -4.24869143690826e-43)
(0.9652560242269649, -2.116667769313777e-42)
(0.609431359961726, -3.5561115170315294e-43)
(0.6747902018049239, -2.347461032756632e-39)
(0.9732607450216925, -8.983828347661473e-42)
(0.28461341123655287, -1.1022366281515758e-41)
(0.5066639445483372, -8.135935880712356e-43)
(0.6507545783050918, -1.1775030251883606e-42)
(0.7624014958866243, -1.173232235832897e-42)
(0.8106216775482277, -5.49483081333056e-43)
(0.7674710243574933, -1.353332082838029e-40)
(0.25483686997755817, -5.597664834837551e-43)
(0.1253718295388203, -1.2095683297069305e-41)
(0.3636793627639998, -4.974187010708788e-43)
(0.7679594272693465, -1.1221719617291856e-42)
(0.9434630332717193, -7.090441363822853e-43)
(0.9853779201264083, -2.282017168138963e-42)
(0.17031156112618115, -4.839087225204182e-42)
(0.796871225871612, -3.461924890829194e-42)
(0.05774205370358373, -1.71411084981351e-42)
(0.12673229046544743, -4.9616988580980346e-43)
(0.7159935810529378, -1.5416679448057809e-40)
(0.5475143674377629, -2.975014459725665e-42)
(0.42664717243711076, -9.940238623492514e-42)
(0.014647306072367767, -2.6561792959716697e-43)
(0.44552418600665966, -1.1023694500101224e-42)
(0.32708314954894746, -1.9372186813965305e-41)
(0.33157819075307804, -5.09883187539778e-42)
(0.631150918651701, -7.121175452040531e-42)
(0.6820128243698536, -8.200878609486422e-42)
(0.3907222119065174, -1.3549621067376494e-42)
(0.5041867438945151, -1.6631008083573098e-41)
(0.9130158576007975, -1.982736064598531e-42)
(0.046667047061146286, -1.521214213743633e-41)
(0.25056626697744616, -2.8708240628967024e-42)
(0.3411284773090305, -5.431924096234471e-41)
(0.3343448248108374, -1.0388490336385525e-42)
(0.3966831979112745, -3.736418716979267e-42)
(0.486063294875887, -2.9970387806950226e-42)
(0.01008119486760798, -1.3356441925053468e-42)
(0.3080510824429872, -1.505941644910758e-42)
(0.8819675192965241, -3.1908184035275946e-40)
(0.1558070952278719, -5.598913626190956e-43)
(0.13292339831891026, -9.993959648013203e-42)
(0.7436922558048409, -4.54599663842061e-43)
(0.9266854239976496, -6.825689886131659e-42)
(0.9490361520775336, -2.9620524476069986e-42)
(0.588281484389418, -8.118331833576108e-43)
(0.031918516707353364, -2.495340839632465e-42)
(0.762507530694231, -4.9305671920244486e-42)
(0.20981175559055193, -9.227539579781782e-42)
(0.0009422661490338561, -2.050893813632313e-39)
(0.260910975002892, -8.810762137429509e-43)
(0.6138698778068756, -4.1743623331894704e-40)
(0.9455491071113037, -2.692151771377232e-43)
(0.4482870759655523, -2.221486396372771e-42)
(0.23221843504490053, -7.096157412494156e-42)
(0.6938947604896367, -9.489711585700118e-43)
(0.3874008735729169, -6.9635443714029866e-43)
(0.2940260002446725, -2.3743820035498224e-41)
(0.9593122929983776, -1.244277669642984e-42)
(0.23532919361493282, -4.394172792588909e-43)
(0.8326374438258968, -4.18370823178953e-42)
(0.8765515340894707, -2.3583885921678246e-43)
(0.1933695131631907, -7.624487526532203e-43)
(0.9469450200890599, -5.798059433029992e-43)
(0.8732666829078779, -2.8573294368272834e-42)
(0.19517152829369672, -3.6355401977718235e-43)
(0.9073941662081455, -1.4628487870764026e-42)
(0.36289973853416263, -3.2807805308885046e-40)
(0.49337394990908406, -7.580280715269054e-43)
(0.36918527363397025, -5.9452150240241685e-43)
(0.995860108951919, -1.3351557787721958e-41)
(0.26749547711152366, -8.706129106141004e-43)
(0.46815992607338824, -2.3270245749638685e-41)
(0.4342086736848808, -1.6646751136283844e-42)
(0.7139304489776581, -1.2833963201004588e-42)
(0.28157843654466, -5.116552285097195e-41)
(0.331049065015189, -1.2467214679923979e-42)
(0.4120516113178238, -6.9954847324701255e-43)
(0.6034620167812795, -1.194904782243111e-42)
(0.33893301432360445, -6.45229546215814e-42)
(0.6085618284456552, -6.201359207702323e-43)
(0.6692285699800262, -2.5173197248242558e-42)
(0.16363262522783245, -1.4727058618113047e-42)
(0.7717949988722146, -1.9197173075273616e-42)
(0.7149198281568888, -4.295054800593374e-43)
(0.4219640596004195, -9.290827341923241e-43)
(0.3282135235319832, -7.685892165744609e-43)
(0.6795960938818841, -1.3798447085200233e-40)
(0.26508981362266104, -5.786809989441423e-42)
(0.0725665002859852, -1.3350109312358573e-41)
(0.9044914629474676, -4.494175521900298e-39)
(0.13405350167098654, -1.1240592951959517e-42)
(0.11723783416461776, -2.7267388966136093e-43)
(0.2582786975715, -6.859001230390292e-41)
(0.09278328791130142, -9.862116836470712e-43)
(0.6636369175517897, -2.0995584285048837e-41)
(0.19861539975349646, -1.3873479041457814e-40)
(0.5264898550182344, -8.790145335339845e-43)
(0.5046757802843428, -1.8871570933875582e-42)
(0.19745228673966309, -4.408421695583405e-43)
(0.8033869315698121, -1.5667622514508332e-42)
(0.982990645552055, -2.486227772743213e-43)
(0.8526661438846591, -1.6177965101294314e-42)
(0.058629592138251335, -6.0521749673634795e-43)
(0.8392331118093914, -8.891653600156162e-43)
(0.6031523538432657, -1.0279374370290569e-42)
(0.7439243004167463, -1.321078682984834e-41)
(0.9757189516595811, -8.343395843667066e-43)
(0.668993851204767, -8.844330566337929e-43)
(0.7406590144535227, -1.0963849197089473e-42)
(0.709180481670312, -6.415275367524872e-43)
(0.9661159117669699, -6.915446448780452e-43)
(0.9704374809816861, -8.537299126927461e-43)
(0.24742518824101892, -5.997448751486043e-43)
(0.5881063366967424, -5.181669910021987e-41)
(0.7422373427378126, -7.76117068917266e-42)
(0.09504916107034897, -1.3217846754384025e-42)
(0.6049187307918872, -3.7124453869434086e-42)
(0.09122238559400636, -2.013542184878489e-42)
(0.00011830840538523674, -4.093858482875623e-43)
(0.5706426728320011, -2.3211283128679967e-40)
(0.6413122781984282, -7.688593513797441e-40)
(0.9386416362202259, -1.2805913070220144e-42)
(0.6294626439765175, -3.875973451332184e-36)
(0.8199749648176704, -7.061318959589564e-43)
(0.604546576665188, -1.3529847889546173e-42)
(0.7553686767955377, -3.1425536105576506e-42)
(0.3725679406273107, -1.0008007156200609e-42)
(0.5285872788376021, -4.8829887300080946e-43)
(0.8792362403595438, -6.848533964695209e-42)
(0.5028322870842153, -2.0687737242946017e-41)
(0.7725123715329636, -4.998614499315663e-41)
(0.2842900811939247, -1.165161033143513e-41)
(0.7768115993670538, -7.304330393434989e-42)
(0.05666559467469548, -1.5900874691772775e-42)
(0.7203852857495054, -3.3804404869756104e-42)
(0.8104141863069066, -3.0119227089834795e-41)
(0.6473978154960819, -5.2003331040101435e-42)
(0.09607195804039775, -5.991191102954707e-43)
(0.9891487025385192, -8.551604822450231e-42)
(0.5960879247024845, -2.8017892408852592e-39)
(0.057692305372997195, -3.962980715736442e-40)
(0.8708565383859871, -2.801991674641265e-43)
(0.0729145734057702, -3.0551823884408193e-41)
(0.07230464601993963, -3.109851857317535e-40)
(0.5858979399922678, -6.181289468741108e-42)
(0.7813457922511489, -2.5750117933904854e-43)
(0.8372531623140461, -1.4260449298421657e-42)
(0.4195164519665168, -1.195943922762633e-42)
(0.34490238699635895, -6.287785195932081e-42)
(0.5444444535930271, -9.262363648582872e-42)
(0.4771867163809398, -5.0814861757719495e-42)
(0.7282057859984462, -5.808685836624739e-42)
(0.3123220792235379, -9.845904197102179e-43)
(0.6054377784744343, -1.4453611945394386e-42)
(0.9928907340857928, -2.5941214996965953e-43)
(0.3393288781091625, -1.7025515876449516e-42)
(0.6536875002751745, -4.904114245152186e-43)
(0.40556462516050906, -1.3480905751102457e-42)
(0.29649018053476867, -1.47683288090384e-42)
(0.059756434575751464, -1.7496897610999712e-41)
(0.4683334216305098, -8.14659197893449e-43)
(0.7815739095554886, -1.070061070457176e-42)
(0.09844086248413986, -2.175732681662641e-42)
(0.2276092584516954, -5.705697327824992e-43)
(0.9458095822462896, -2.4640815112047358e-42)
(0.5149158510359038, -1.4686045471234863e-41)
(0.020403067075719008, -1.5351877343787454e-41)
(0.3200655821182896, -4.441481312138981e-42)
(0.4356428424662879, -2.0941289577356042e-42)
(0.07275555817542952, -3.0485525890188728e-43)
(0.44106001734311484, -2.5933685099483426e-42)
(0.6817617134668775, -5.6960265062253585e-43)
(0.9290552097382399, -2.072756381463247e-41)
(0.19268974723578924, -2.0062893332896145e-42)
(0.27832602031150094, -1.1834923210557001e-42)
(0.7243902297872091, -9.432385857941479e-41)
(0.5940709163974852, -8.715583040117915e-43)
(0.8748307131005971, -2.7732359811901138e-43)
(0.5834788209520897, -2.4759215785555094e-42)
(0.9050445826997633, -3.8261502127619525e-41)
(0.7246684527393774, -2.8902907846963124e-41)
(0.3655844385252332, -9.616979706128624e-43)
(0.6450875610413334, -2.1085618559744866e-42)
(0.5979935552545449, -1.1479215084586559e-42)
(0.08382845347801827, -3.955801538965468e-42)
(0.6219238128298052, -9.14104285468458e-43)
(0.9823269689971106, -6.837775817979141e-43)
(0.5088222569892096, -8.215435917646535e-42)
(0.20093761481774347, -4.032807608153384e-43)
(0.26886685449401626, -4.312122791289039e-43)
(0.7041267108737184, -2.214942631956591e-42)
(0.42342199144579995, -1.7578185262741827e-42)
(0.19247323892276363, -4.470858054781891e-43)
(0.3540417788670963, -3.946776132075508e-40)
(0.0639933633273002, -1.3275681538672147e-41)
(0.9650109391510047, -3.31102663323039e-40)
(0.1769994793548175, -4.494141938342921e-43)
(0.28172687889970405, -1.3812191835797672e-41)
(0.3729107627412624, -1.4135360536166376e-42)
(0.18206796882460546, -8.306425374805796e-43)
(0.19294290236052242, -4.9189008487353656e-42)
(0.5432550438845248, -2.6419348959658544e-41)
(0.21354553065784163, -7.022159982440669e-43)
(0.674982235795547, -4.0325596801453303e-41)
(0.3401323621603594, -7.828821151919943e-43)
(0.8394170179523167, -2.730221094468015e-43)
(0.07662076764738061, -7.214428179467531e-43)
(0.49747751463256906, -8.777192033075041e-42)
(0.3689116995893476, -8.06629583740455e-41)
(0.3156031664348283, -1.63873472033753e-42)
(0.24767237647189685, -8.939839160692431e-42)
(0.7417167896764494, -1.5361546486178632e-42)
(0.889847791077806, -2.094886003238065e-39)
(0.44512279781514247, -7.037667721060054e-43)
(0.7201247837981698, -3.755498860168053e-43)
(0.2231150621429538, -1.878068089712077e-41)
(0.40093094268823853, -6.8673887514515675e-43)
(0.40824463440462294, -7.016773197429134e-43)
(0.42258398679329406, -7.176126097932209e-42)
(0.8494179340789132, -1.845042815511196e-40)
(0.8248153419158759, -2.4432233432086965e-41)
(0.7966763713872453, -8.100025207330182e-42)
(0.5145016290655984, -1.0932573747629304e-42)
(0.7271683828605605, -1.2390460906274968e-42)
(0.1028955415299658, -8.935071090081944e-43)
(0.5306976336213067, -7.671382023962128e-43)
(0.9292895960035766, -1.334545218027213e-42)
(0.7315153312313318, -4.106575299616363e-40)
(0.7757493338931627, -1.2454960357893716e-41)
(0.5562791184284934, -8.184918819274491e-42)
(0.4670571157676491, -6.171093095072584e-39)
(0.08248119110836206, -3.007689094508566e-42)
(0.9150651519087412, -5.641886907701278e-43)
(0.6146490548091985, -3.1653887140776444e-40)
(0.9557226231078103, -9.561606580170744e-42)
(0.44828386270255705, -6.3756899994492655e-43)
(0.7868149147290229, -4.952081827268153e-41)
(0.9451532816348253, -6.949152008754313e-42)
(0.3267036976456612, -6.379388716824857e-42)
(0.0013883948016236204, -5.250714556166323e-43)
(0.4145706240340871, -2.073095534553611e-39)
(0.36125420827003485, -7.58717818089894e-43)
(0.4999969111656346, -1.001144999506924e-40)
(0.32690123604148946, -6.341024634494913e-42)
(0.5312641083398176, -1.6980071628750926e-42)
(0.9594634842352833, -1.9377215892246157e-42)
(0.002530144461438202, -1.7671718592090996e-39)
(0.5491010930870581, -2.597897556561509e-42)
(0.6854603374614274, -9.090719069192476e-43)
(0.13904585978516285, -1.3840251904866501e-40)
(0.9805025427013982, -9.7306847772025e-42)
(0.6854169548700348, -7.855458556327425e-43)
(0.2903564287342847, -6.962469862458246e-43)
(0.07139400948593466, -1.1972992250635752e-41)
(0.7740662376145881, -4.0596922436037056e-42)
(0.25012473543559294, -5.6557985483195065e-42)
(0.5331923585493895, -6.341993156558885e-43)
(0.32192411407687366, -1.1273012797923175e-40)
(0.20707256184913286, -2.868637757511387e-42)
(0.25610508403006677, -9.978858657670196e-43)
(0.8036917082845773, -2.680909938035297e-42)
(0.7958824624448765, -6.131945941805461e-43)
(0.4167560312992354, -1.501295362953813e-39)
(0.2639969930459289, -4.57133692558659e-43)
(0.549786796422412, -4.735093640885894e-43)
(0.19852050546221103, -3.7299199864674636e-41)
(0.9248868793503564, -2.9926168987552987e-43)
(0.2630153001383038, -2.8105365761379452e-42)
(0.9466077497940466, -3.4623487368292903e-43)
(0.7983839109329828, -5.327588690253051e-42)
(0.3648569894217164, -2.19317375734523e-42)
(0.35391430533887047, -3.783179696377074e-42)
(0.45263077894888165, -2.937245810226111e-41)
(0.3914748754355118, -2.9526594300301496e-42)
(0.4210418553007, -2.4878507876001484e-42)
(0.7028098427589855, -5.861934505152203e-42)
(0.1463567060215512, -2.7691696747623986e-41)
(0.42309487993867895, -1.3890063085121852e-42)
(0.08121998870660019, -9.926634381148551e-43)
(0.8638931113799859, -9.793972658708404e-41)
(0.06879421068457833, -2.624208170570552e-42)
(0.2596103459332919, -1.3655353046326388e-41)
(0.4166401084810802, -2.472903833186069e-41)
(0.5306762618736931, -2.2863535475408178e-41)
(0.5673182042450015, -6.036923050323626e-43)
(0.1266321458840343, -9.177631460094855e-43)
(0.6631683556408104, -2.602910229597678e-41)
(0.13460161433875475, -1.0098808803879079e-41)
(0.921779388224394, -1.5676550368376128e-42)
(0.14150024795299956, -6.135814782514503e-41)
(0.23825582824760777, -5.890816702380374e-41)
(0.5908113118509849, -5.504140953659019e-43)
(0.42107583603771725, -9.05548651124742e-43)
(0.5981848745675332, -1.4370287228486566e-41)
(0.6771195945002608, -1.1550107241324483e-42)
(0.38949220590085637, -5.005958114293011e-42)
(0.7470856390359445, -1.0880337342767436e-42)
(0.3616997147481932, -1.7015759662539355e-41)
(0.5882979851724308, -5.595164985005113e-43)
(0.737668934390937, -4.411192784153365e-43)
(0.8252708170783213, -7.746396837897678e-42)
(0.09460057589693914, -7.904853250992707e-42)
(0.007851776974074673, -1.6937690833687777e-42)
(0.5763398268156773, -2.418065552588592e-42)
(0.8185378593896796, -2.527213223716981e-42)
(0.16173050654748897, -6.053987311219147e-41)
(0.18682655325367678, -5.014355433503275e-43)
(0.9470044772862681, -3.400579156716285e-39)
(0.01891919036397244, -2.8215733373238034e-40)
(0.07059620609433594, -4.323005848504271e-42)
(0.4334137734212436, -1.2056898621087402e-42)
(0.21794550929985754, -1.185927866387126e-41)
(0.6884517723027318, -3.605632360400019e-42)
(0.9447666650677713, -2.3451794881914433e-40)
(0.09914339107993367, -7.300044521873862e-43)
(0.41624592074432065, -3.2994848433639563e-38)
(0.2625163296267214, -6.504570811551054e-43)
(0.91368515525827, -1.6233047885020984e-41)
(0.5891306561606194, -5.683926412687953e-43)
(0.5747490368868375, -9.783670187992031e-42)
(0.5771472352432917, -1.0869724026296656e-42)
(0.20206869318466145, -7.270768573526874e-42)
(0.21687600940675478, -9.493077449897522e-43)
(0.07084208234916807, -8.960355082805514e-43)
(0.7887613057226451, -1.284973291805811e-38)
(0.6493642991538185, -1.2471341654114663e-42)
(0.35726262841167294, -1.1299055525847438e-42)
(0.9144443755130491, -3.8676700096772426e-42)
(0.036804154541448635, -7.951893710235951e-43)
(0.36000769224587265, -2.7316559020552644e-38)
(0.3827851199724244, -1.1106514432450501e-41)
(0.6467826767519995, -2.0410216779713382e-42)
(0.8909813264330387, -4.594555154651894e-43)
(0.1621178679096762, -3.057533821137084e-43)
(0.06862525807470476, -1.7747048069143056e-40)
(0.7413393579193605, -1.3795695533126766e-41)
(0.21321048343247873, -5.136196340013854e-43)
(0.46744301702617674, -1.6400176429289403e-40)
(0.781537537105689, -1.3598165460627225e-42)
(0.5804522699125914, -2.4459279776798565e-42)
(0.4378032198191414, -3.561473900799048e-42)
(0.9016532752595368, -3.584157059447191e-43)
(0.9184774803764019, -1.0941599655054505e-42)
(0.4759888470042205, -3.1332802378659043e-43)
(0.7328203159143433, -2.1653656473930765e-42)
(0.9885062411110296, -4.471517439397064e-42)
(0.9187435150033587, -2.952903588904137e-42)
(0.0509894941732403, -5.367525542333244e-42)
(0.967194925447713, -1.1366091754906442e-42)
(0.7385965440963447, -1.4688388301542115e-39)
(0.8393000992953235, -2.4132879655447457e-40)
(0.9033561376107521, -6.378433929364244e-42)
(0.1380116613645319, -4.886649126987536e-43)
(0.6135663587533032, -8.311505641507796e-42)
(0.23556501745223993, -9.560440417073304e-43)
(0.34295505437440954, -5.80678097335904e-41)
(0.725529253552408, -4.153165949937405e-43)
(0.6864502459225975, -3.7967018604129016e-42)
(0.22178716319544622, -1.1277695582953944e-40)
(0.9589653299929785, -2.9380836705920445e-40)
(0.6045247348472741, -2.969227061838085e-42)
(0.9934776892743796, -2.2534976138395313e-42)
(0.4693585994865644, -1.1650763020203741e-35)
(0.3523240992960218, -5.0851467429397584e-43)
(0.6475368584627297, -1.142421454450149e-42)
(0.8559644287025105, -8.306402277938998e-43)
(0.4397485556007238, -1.8525460336895668e-42)
(0.11798301551455949, -1.681591933571117e-42)
(0.17484677720714992, -1.4127953325298904e-41)
(0.25296163229333996, -5.083092342929631e-41)
(0.08512461313944122, -4.789399644988555e-43)
(0.21866523886185404, -3.94138422516689e-43)
(0.07263420257865368, -8.443966407928926e-43)
(0.9389878817711884, -5.439871564951348e-43)
(0.3834739381176852, -1.514634203156554e-42)
(0.8488501866483448, -1.1504786812561267e-41)
(0.6379692135351241, -6.701032711638794e-43)
(0.9371790249188611, -8.228904061491286e-41)
(0.6383114527538998, -1.2047595827587773e-40)
(0.8899888589021322, -2.361349305104205e-42)
(0.39184176758516615, -4.964576506437744e-43)
(0.23243882475793765, -1.2401397069936725e-40)
(0.49258565048354525, -1.9910448679808716e-42)
(0.5652424248642794, -1.4796352264830885e-41)
(0.9244050355540169, -5.619637663593278e-43)
(0.44499760410528666, -6.256587497594466e-43)
(0.8052831147821106, -5.878728200189146e-42)
(0.011858249361208143, -2.4910873378076595e-41)
(0.050018356763390705, -5.2500633128251635e-42)
(0.9716798079047325, -1.7274973452250418e-42)
(0.5919448687270125, -9.474692326578734e-42)
(0.4427894803749912, -6.928639831043505e-43)
(0.7506397821067492, -5.220908983458295e-42)
(0.3750067386158971, -1.544750593719241e-41)
(0.26379258361051783, -3.964348880231574e-43)
(0.6835983710028274, -3.747491608025553e-42)
(0.42128130824212234, -6.115617889168567e-41)
(0.19831044423792638, -2.8166831055410403e-41)
(0.26718836827203435, -2.4270581659253473e-42)
(0.7852162503320934, -1.0181237491625566e-41)
(0.5020713806066028, -1.0080242960137374e-42)
(0.5972591400778079, -4.5719384632448496e-42)
(0.500351009695264, -8.00505961046413e-43)
(0.8005862835946113, -3.8790819831749255e-42)
(0.1552501384463261, -3.5732370307369772e-43)
(0.7049358838634713, -2.9390779562681195e-42)
(0.04900705891055761, -4.349259445603941e-43)
(0.5951286162798808, -7.235074958057471e-43)
(0.29707922482641164, -5.827913555856834e-43)
(0.006483134965831536, -7.542144187695377e-43)
(0.44799983589644937, -1.1968355062910803e-42)
(0.8326700254492462, -1.2109872952996513e-40)
(0.1339822641257956, -4.4089938023562427e-41)
(0.04415009393735831, -1.6380272696819116e-42)
(0.8103722373437758, -4.165473793277938e-43)
(0.48534613865262244, -4.35437214278007e-42)
(0.5252437189019595, -6.354248723057943e-43)
(0.7919611842868401, -1.6947315541765333e-42)
(0.04007727178830113, -3.0881230728499057e-43)
(0.7061411553833912, -1.0557661669786106e-41)
(0.7223868062236235, -9.360967744132654e-42)
(0.39207111584246773, -5.5340366095866016e-43)
(0.5408799937889359, -5.579965630130808e-41)
(0.565374601327128, -8.172283305629842e-42)
(0.3588207624823263, -3.428090705406062e-42)
(0.6158787275768812, -6.571184083713826e-43)
(0.3104171022146944, -4.428478211209867e-43)
(0.6456037950044285, -1.838875904143958e-40)
(0.5357024454587819, -3.459086873937089e-42)
(0.01891484016263003, -2.1936573216458917e-43)
(0.47435999322926226, -3.131557079471866e-42)
(0.5958777163098393, -6.802794857828463e-42)
(0.408119838961104, -1.1770845407395823e-42)
(0.8358148310247793, -3.0096398042575516e-41)
(0.9911465972992811, -2.1411388729349837e-42)
(0.9714518714866271, -5.95702575239877e-42)
(0.662873323228311, -1.5080651939411828e-41)
(0.03561839582641841, -1.044652951873455e-42)
(0.6002967877751135, -2.262662143871521e-42)
(0.34533632243414, -7.22353081051958e-43)
(0.03177128479210257, -3.2966758313258876e-43)
(0.9023089448367934, -8.812676910495362e-42)
(0.6573052875789568, -2.5385232841777693e-39)
(0.7670076190286974, -1.2478257913228431e-41)
(0.04098581964701208, -1.9030424612483047e-40)
(0.5996711871975335, -1.4018134295771578e-42)
(0.577083734322896, -2.1072984486999748e-42)
(0.040488456740918374, -8.750457232868407e-43)
(0.9512828793787501, -6.893314810574187e-43)
(0.6749113698364745, -4.714304602661473e-43)
(0.08957524378521188, -1.1853885635973776e-41)
(0.4862225210922802, -2.281544377063282e-41)
(0.13314275965249192, -8.886110980896346e-42)
(0.9944181867730616, -2.769724349922796e-43)
(0.2861318295123296, -3.3066228390445784e-42)
(0.4324815663774998, -1.3083824364361543e-42)
(0.8407077373112448, -7.273463063927794e-41)
(0.5493868943767746, -1.0376225769377438e-41)
(0.011691736559080648, -9.234040579100538e-43)
(0.20858961738008783, -2.86381772893949e-42)
(0.26047688825737597, -7.625021710706392e-43)
(0.6491725975193952, -1.9750764305174538e-42)
(0.6501355213032417, -3.352186805861447e-42)
(0.915147358292252, -6.344434061296029e-42)
(0.9818703800607653, -4.6763504678058307e-42)
(0.18771271225680283, -1.5943349876154204e-41)
(0.454269225664475, -1.03450801483083e-42)
(0.8544774225802778, -5.262365843085954e-43)
(0.14259357333781694, -1.70278240804916e-42)
(0.48167015522961987, -1.1761043753324083e-42)
(0.9390985074115943, -8.68604161915623e-43)
(0.2044640122276759, -2.637478387317109e-42)
(0.039364521987177506, -3.4152570471597045e-42)
(0.26599504761702175, -1.5942440702033274e-41)
(0.8860293930238964, -1.3914325323660057e-42)
(0.929640488181634, -1.852798163260298e-40)
(0.9600142991693159, -2.0071235814745777e-41)
(0.9344376791339453, -6.2763571950524135e-43)
(0.5020362907899201, -1.6672169899250399e-40)
(0.41737413875431195, -3.1141599798917916e-42)
(0.15404676865773187, -2.0301275640727166e-42)
(0.8931904646298142, -4.967158667298957e-42)
(0.8317160114729, -2.68596813035475e-40)
(0.20263583815704705, -4.135794819990478e-43)
(0.014331647049938577, -5.583152656529441e-40)
(0.01375102636640568, -1.0670687761827387e-42)
(0.3096299740126036, -9.299656707810674e-42)
(0.34349402069916635, -2.179702574890349e-41)
(0.9053588117334549, -1.276501478181157e-42)
(0.7613095928989222, -4.801043969565439e-43)
(0.9300821644722572, -9.937419857140252e-43)
(0.8150298856853728, -3.2746437706957595e-42)
(0.5792516328215812, -1.093231664934983e-42)
(0.5427434157709917, -9.88849952536683e-43)
(0.7309570028141043, -6.864623478435327e-42)
(0.5617323589800228, -9.959078674625682e-43)
(0.6796830519519153, -3.516520614898159e-43)
(0.777311378469296, -5.014653356851695e-42)
(0.27423094217544325, -8.310859345611092e-43)
(0.1868734979354954, -2.6516059350070755e-42)
(0.45828334822111305, -2.0241495935593987e-42)
(0.6329580911041507, -9.231063483214035e-43)
(0.37211615259553993, -2.98652815675697e-43)
(0.36544152969820404, -8.86552621545042e-43)
(0.7067255014272096, -1.5306964145726955e-41)
(0.3532920941999446, -7.920689142033904e-43)
(0.8757711321825649, -9.455814910512131e-43)
(0.6114543430681014, -3.4552439873550713e-43)
(0.2154769139197377, -1.1028485255030837e-42)
(0.12168615770877676, -2.9242312420706307e-43)
(0.7509602077228924, -1.4273358557189628e-41)
(0.8779686666678054, -8.097731690267475e-41)
(0.7950656682234806, -9.864440062472112e-43)
(0.9915280083011858, -1.1570992687630415e-42)
(0.2304545409577233, -1.3528551582953868e-41)
(0.009718295809513743, -4.595668235481353e-43)
(0.01738247568102516, -5.027877377029588e-41)
(0.26660338422496516, -4.76132246027443e-42)
(0.9503728339884425, -2.1961876146374564e-43)
(0.9761106303131695, -5.410569125429566e-42)
(0.5845578772938684, -2.4798064830660914e-42)
(0.044094198052991994, -5.290875179178039e-41)
(0.9354599458639905, -3.685614575320873e-43)
(0.7628492792737311, -2.7764433955054287e-43)
(0.33815864469035156, -3.3153136365888643e-43)
(0.7912567349886993, -8.311649358028747e-43)
(0.13503312237347476, -1.6997541201024963e-42)
(0.13978890043727252, -7.347242966193319e-42)
(0.95322776012878, -2.5288705129748006e-41)
(0.04144936928982328, -1.24437648594738e-41)
(0.5789888754761257, -2.342113525437932e-42)
(0.819523183501143, -3.298742816965626e-41)
(0.26694799001358277, -2.908712002618231e-42)
(0.9264958165671059, -1.889840240448648e-42)
(0.5585311517996215, -1.0958272088281317e-40)
(0.21080989679398757, -3.1216647774877003e-43)
(0.39326121992786794, -3.4563295776921246e-41)
(0.32966470171134443, -4.417054612140804e-43)
(0.6695242574888629, -6.066261465423309e-41)
(0.2658504715869154, -1.4983896409108436e-42)
(0.8082500501143881, -2.1772109850174682e-42)
(0.6772372275507194, -9.307005799410141e-43)
(0.5307874360609093, -2.173207295871319e-42)
(0.3607014840951961, -2.068532163256154e-42)
(0.8200622919175324, -5.520677575377621e-43)
(0.5550184301692982, -3.210286987598836e-42)
(0.7712171076069773, -7.839491805442615e-42)
(0.06595599449823947, -8.387609911681183e-42)
(0.09787991940260687, -3.75429394967888e-43)
(0.7896554488910825, -5.6776415880666425e-42)
(0.42390504742141083, -1.8050118893744385e-39)
(0.6294568862722452, -9.764959443145158e-43)
(0.9402515006187048, -7.179017672260961e-43)
(0.2420128125976226, -4.9167751878668976e-42)
(0.7453900376347625, -1.1006305053114523e-41)
(0.669040586405561, -2.366793352974738e-41)
(0.35138203773230337, -7.900388898808926e-43)
(0.3489657888169078, -3.116737805536928e-41)
(0.7436797266929056, -1.5243649203224592e-41)
(0.1522718259262864, -1.9718349460994494e-42)
(0.2251427417192564, -4.869065453503172e-43)
(0.9735261026292193, -5.864147843554066e-42)
(0.9939164454105404, -6.565045462232629e-43)
(0.9715847550719482, -1.7198197243951178e-41)
(0.9622440875965569, -1.3875524724577157e-42)
(0.585792641414461, -8.590070747307878e-43)
(0.02814772414188261, -2.488613732558979e-43)
(0.6359609442998707, -7.082141287869133e-43)
(0.5218952564125021, -6.390912179463849e-41)
(0.1960102213222704, -1.6223469795007568e-40)
(0.8550886646726449, -2.371095777609684e-41)
(0.5978759325474688, -6.244713879423291e-43)
(0.5445275031361767, -2.325834784041773e-42)
(0.41256689889256165, -9.8050211850362e-43)
(0.16435263002351025, -6.78897701411958e-43)
(0.01613909755851759, -6.6591329108579935e-43)
(0.28965083004858083, -2.8077836148134184e-42)
(0.673394657484443, -1.4072437581740003e-42)
(0.2495986490267085, -4.167559697378424e-41)
(0.19621201259880539, -2.4158502598064205e-42)
(0.6617492799780955, -3.771140668080534e-43)
(0.06863071196178726, -1.2077256087762836e-42)
(0.17801043194384003, -5.12412082669987e-43)
(0.6420698658999479, -6.328610108879299e-42)
(0.8138017618639156, -8.459966740451936e-43)
(0.6236599762956877, -3.835588715055495e-43)
(0.016976208359479664, -9.161875335860618e-42)
(0.8694161771115091, -5.246132121421989e-41)
(0.26214444245279933, -7.80368633030375e-40)
(0.8148818921048565, -2.3255798590132146e-42)
(0.760017398603532, -9.509656069690984e-43)
(0.630713845008332, -1.092860242201954e-39)
(0.6500981189488098, -2.3680497409800383e-42)
(0.08189642400968829, -1.5339183553424468e-42)
(0.6611126306270195, -9.958069494998377e-43)
(0.7294045068026365, -2.8409443496223447e-41)
(0.6631062636076148, -8.96692140847103e-41)
(0.5100694521958673, -9.895675485691104e-42)
(0.420368196184577, -7.223374537372167e-42)
(0.5553192699454829, -7.093912006914708e-42)
(0.8812432655405653, -3.2627571458337633e-40)
(0.7956750165413736, -1.1290970508349275e-40)
(0.6983114165837164, -5.531894401170866e-42)
(0.47781381046862137, -2.356867212964773e-42)
(0.2808137306207565, -5.578030169842224e-42)
(0.5553044909671587, -2.366193471904265e-41)
(0.26013117579586587, -7.91910029165159e-42)
(0.6097249030516673, -1.0926037574286132e-42)
(0.7415066298343596, -1.6890693160410604e-40)
(0.6222836017830591, -1.8090875262642906e-42)
(0.46455589883371246, -2.1256328182715482e-42)
(0.2607645186629816, -2.0408349264713545e-40)
(0.7976333697469951, -4.930174029858724e-41)
(0.8687390998395873, -1.3333212992732329e-42)
(0.2450485464794857, -6.256052885330972e-43)
(0.6435518264759443, -2.876304459824862e-43)
(0.228058836338118, -4.070993254332684e-43)
(0.7318197754416222, -1.4293435603257546e-41)
(0.877372937759824, -1.704568551105674e-42)
(0.08599329549134026, -6.391813594584002e-43)
(0.4751445471223986, -1.0420367600239007e-42)
(0.08233379505250171, -5.843330846019545e-42)
(0.8095665934285121, -8.367000341269215e-43)
(0.9768565205536283, -2.1180348412953117e-42)
(0.1431262383146259, -2.6570127174211237e-42)
(0.06165937567620904, -2.4360799650337756e-43)
(0.5205470741509377, -1.2666286910398973e-41)
(0.2309742258404698, -2.1648367086164066e-42)
(0.20213967310592634, -1.806063089841315e-42)
(0.2729437422770823, -5.4842972866835665e-42)
(0.2233280512844233, -9.079176363971964e-43)
(0.11529739446414074, -1.3748439969351734e-41)
(0.5125682502840465, -7.8970971518232e-43)
(0.7887921611227785, -7.905715904891499e-43)
(0.9682462130057565, -1.5400059271594824e-40)
(0.9094771419510889, -2.431581685475139e-43)
(0.04409660771512424, -1.626764969477592e-42)
(0.008362853174250505, -3.270421284924362e-43)
(0.28047678666099857, -9.033921209313282e-40)
(0.0696731843732709, -2.0294120555231226e-42)
(0.3426251060859184, -1.2284644638030571e-42)
(0.12409940583473833, -3.837641574698993e-42)
(0.07122344473014754, -5.719755511428189e-42)
(0.6095197386390568, -4.299728595603327e-40)
(0.18612621366867754, -8.328889558366833e-43)
(0.8538079392131788, -3.2812468074135596e-39)
(0.8449659418940377, -2.874271203154064e-42)
(0.699134949519233, -5.010178491206798e-42)
(0.467597439820479, -1.2976215199921474e-42)
(0.20231148747660435, -1.4297536136460332e-42)
(0.7265982271179183, -1.0753443235900927e-42)
(0.9515207480173359, -1.1953741147843626e-42)
(0.4361391479933524, -1.3558229031992371e-42)
(0.28311804639133586, -1.3435608814144837e-42)
(0.6275602427148035, -6.676783498785441e-43)
(0.4653925647888381, -7.76030772223505e-43)
(0.9553319855201624, -8.31736180315861e-43)
(0.10270153212573588, -2.0606116188945487e-41)
(0.7788691482971969, -2.320566717012486e-40)
(0.015432182708384406, -7.943201869196071e-41)
(0.28612777247015664, -9.162289138086564e-41)
(0.6971986661912875, -6.962635162050288e-43)
(0.17159657872059267, -5.766027246106596e-42)
(0.046127463819378205, -1.6567396709943024e-42)
(0.4641530334265745, -1.180804868232687e-42)
(0.7378727829731014, -5.5655436782074024e-42)
(0.11600233720045948, -5.3915055834922014e-42)
(0.2542280501768024, -6.104874431671102e-42)
(0.8407465398215603, -5.572561226159925e-43)
(0.9166191199882984, -9.945938304768805e-43)
(0.027101314732195347, -8.60206581385697e-43)
(0.06987737797197655, -7.18506839632645e-43)
(0.6382586769795936, -7.862811766673753e-43)
(0.4335308290127281, -2.30934702207312e-42)
(0.23642764365016794, -2.5963234961684733e-38)
(0.7355039700693856, -6.940892120413389e-41)
(0.9382081967769853, -1.1006573947033982e-42)
(0.9884566114809956, -2.2459132637502654e-43)
(0.28952634035278396, -1.1030251818310653e-42)
(0.9221582264782701, -6.8858816363621175e-43)
(0.6046569748609375, -8.082629223697765e-43)
(0.6600914233244304, -6.853071023812137e-43)
(0.39007697847096234, -1.283525108880506e-42)
(0.007266276014706933, -6.257774441691955e-43)
(0.22802410318789657, -2.850498062804972e-41)
(0.4972868005042087, -8.023007442019064e-41)
(0.8847186496619556, -1.208716166227442e-42)
(0.25970138121584474, -6.1349771270144226e-43)
(0.1888912576079703, -1.6527265109872508e-42)
(0.9618094354706207, -2.502310983782176e-41)
(0.03535923615002847, -6.797823584925375e-43)
(0.32739241646043754, -3.915335833292391e-43)
(0.033396275368702454, -9.329067179206951e-43)
(0.5970875051488577, -2.225808764416709e-42)
(0.6219659799751899, -2.2952183541486042e-41)
(0.12802539802148089, -1.1067782401690307e-42)
(0.7414838794493036, -2.1475687399455624e-41)
(0.38646443890008564, -2.8968149730424916e-43)
(0.2771851235747135, -8.056220960131339e-43)
(0.18667185420346252, -5.588210904984665e-43)
(0.43074147808927615, -1.8918049933321615e-41)
(0.2843252181704282, -8.271961698466294e-40)
(0.17752650064062564, -3.921356379225024e-41)
(0.9805192498819424, -1.5071033163976418e-41)
(0.26600408763508854, -7.003911430886736e-43)
(0.979224994120138, -2.5095853353975737e-43)
(0.9875548778837345, -4.9803570983048e-43)
(0.7851774721917966, -3.4161099608985358e-43)
(0.2622941178038427, -5.658888068340746e-42)
(0.5874597415262484, -3.601482046513611e-42)
(0.571205380207769, -3.581468057094216e-42)
(0.8054855879471153, -8.312388372299003e-43)
(0.25924111538059125, -7.17674228487168e-40)
(0.4607970039999206, -1.9057998798362e-42)
(0.46800360196650587, -2.9533341782092143e-42)
(0.8607202546837763, -5.7345317626114844e-43)
(0.5266324154711799, -7.26829515986019e-43)
(0.5710115083670059, -1.1882726480434112e-42)
(0.6024298169461669, -2.1965291393682046e-41)
(0.2534511912176005, -7.52428176361782e-43)
(0.23323297852620395, -4.045007481282139e-42)
(0.6491680566328767, -3.304258131427655e-43)
(0.43623066727049475, -6.630438211691132e-41)
(0.34780274972995984, -7.305160658955974e-43)
(0.20544932733544732, -2.6403794421376986e-42)
(0.9353134803131393, -6.68911235936701e-42)
(0.05436376891035394, -6.73189571524538e-43)
(0.8028252560636351, -2.847341732647395e-42)
(0.29658180705284803, -6.245949375860809e-43)
(0.8629640905506952, -1.0006840549015298e-42)
(0.8274912427140719, -4.2774656777050144e-41)
(0.035264848069446283, -2.708657454681956e-43)
(0.7169639763995487, -4.927116854458881e-43)
(0.2716495722666867, -3.5689416567102956e-42)
(0.4299770994741554, -3.818587885927486e-43)
(0.9413991014378061, -2.893527829054877e-42)
(0.26308603526884117, -2.5704451784386162e-42)
(0.2608639422592964, -2.564517408012514e-38)
(0.13758621647555996, -1.1015106472858731e-42)
(0.6669024492982322, -5.0532778801413705e-42)
(0.983025074092609, -1.3255509959527506e-42)
(0.4978129030089004, -2.901078347905822e-42)
(0.64714992661706, -3.1750427532003998e-40)
(0.21783308680401828, -1.4214756665032772e-42)
(0.8510997377361557, -5.985092514302073e-42)
(0.8906778994091487, -7.638462881645216e-43)
(0.958858738088201, -5.21650002012681e-43)
(0.8093326881003857, -6.786945382920427e-41)
(0.12539473992827702, -6.660040475680955e-43)
(0.06503444919343036, -3.980608508452298e-43)
(0.6242986845773386, -7.24558686467928e-43)
(0.6599724384096602, -1.3201548408368069e-42)
(0.9644503829520418, -1.6998627028549184e-42)
(0.6936612831587555, -5.195842935040416e-42)
(0.4724307625916078, -2.0275845110113718e-39)
(0.3279222293506506, -1.2694265352280997e-38)
(0.1318040410520684, -3.982557347463499e-43)
(0.3145336190267455, -2.9909532562246804e-43)
(0.7710909471824144, -5.833907895036762e-43)
(0.6870019996653153, -6.789222545609682e-42)
(0.7386024274695242, -8.258966180432007e-40)
(0.9183569157981674, -4.403726151447156e-42)
(0.059934238561710276, -2.1572571829444536e-42)
(0.7913238030487306, -1.2359882095298172e-42)
(0.3743880540095708, -4.397657736588752e-43)
(0.02205136952496883, -3.4304395539292454e-41)
(0.12814053984113502, -1.5878659057312438e-41)
(0.5621236676626784, -1.7056591305663633e-42)
(0.05313646066080076, -2.503785805841181e-41)
(0.9072742875347316, -6.670146578652377e-43)
(0.7600845780269233, -3.32825513387796e-43)
(0.5065558841119936, -9.310932682458053e-43)
(0.9146202998293723, -1.9600548920340722e-42)
(0.06764039677736981, -2.9869095158591385e-40)
(0.8416062512997234, -1.5622443000683802e-42)
(0.42057342576379514, -2.0732310877756403e-40)
(0.9661661190608938, -8.61579359854268e-43)
(0.41470444520202077, -5.992275415389016e-43)
(0.698632637070142, -8.23636725000779e-43)
(0.8832991116761784, -1.3212145518852464e-42)
(0.9309505358020188, -4.937767441106855e-41)
(0.36750254413485056, -4.229285528789485e-42)
(0.8034487060328521, -4.253932948343308e-43)
(0.44167313890905285, -9.811508521581884e-43)
(0.7826618340943591, -1.818481763222488e-42)
(0.29605473283752115, -1.8792788175534232e-42)
(0.09596144357006396, -9.953180542629564e-43)
(0.33105893533738623, -2.6863914378610575e-41)
(0.1447780260344199, -2.7621132021647873e-42)
(0.7724347527680171, -6.510807540141671e-43)
(0.47222859219639085, -3.208075213921015e-43)
(0.1929792893340098, -6.385611491609916e-43)
(0.41591687108100955, -6.569590676139785e-43)
(0.49434331288156097, -3.4968950748086535e-42)
(0.8412376663666115, -1.7110914821070763e-42)
(0.43223301524026214, -3.995233328602825e-42)
(0.9477783855692411, -2.7084877078520024e-43)
(0.5660106565300648, -7.80676489817229e-43)
(0.06895709597197831, -4.0866003157489936e-43)
(0.4900330275775991, -1.4230947939156308e-40)
(0.3277640640987089, -1.310425813117136e-42)
(0.3876523249501911, -4.923836041501088e-43)
(0.05115185321338105, -3.4805357584093263e-41)
(0.4462863187845429, -3.134443760907861e-41)
(0.4534452046959808, -1.6318106666431362e-41)
(0.7094503512828803, -4.473412820209357e-43)
(0.4635966438551718, -1.9489755459160508e-42)
(0.10614114318038526, -1.1144133674209118e-37)
(0.5699743395915216, -2.049864930927658e-42)
(0.3440826371608286, -1.2054265167745437e-40)
(0.006790012878960864, -1.1793989814296727e-42)
(0.9596695092196423, -3.078079819722583e-42)
(0.6486158626479432, -5.2955275279071394e-42)
(0.6293342771822913, -1.3155592655811087e-41)
(0.09974786783930929, -2.1305058679838487e-41)
(0.03195623476464525, -2.1996047732483856e-39)
(0.7554370134398032, -2.9322772040199875e-43)
(0.29534094959612317, -6.805094190071359e-42)
(0.9699564596015762, -1.6112556272630462e-42)
(0.29197826928830667, -1.0367871101805332e-42)
(0.2506503151141633, -2.694744236862192e-42)
(0.8970344957988664, -5.260474643490479e-43)
(0.11138414630606243, -1.177949757695382e-42)
(0.8488291097984797, -1.3082427318673004e-40)
(0.35604492404211785, -6.680436956883226e-43)
(0.8264802120557735, -1.0186283451303399e-41)
(0.8737186393185634, -2.0983872139453502e-42)
(0.9518431138202349, -8.428110068886256e-42)
(0.23528863561774507, -3.97375527261475e-40)
(0.8926947805053256, -9.106105529925606e-43)
(0.6384500017777922, -5.732077934652104e-43)
(0.26618969068019227, -1.0643031724918104e-42)
(0.5352180416259397, -4.03591774319329e-43)
(0.39885730064042635, -5.31746271524254e-42)
(0.7008502571272414, -1.3278221210933287e-41)
(0.8880614588156575, -2.669585422625558e-42)
(0.5761115374244854, -1.5746994673000402e-42)
(0.793420518729514, -5.960253722077593e-42)
(0.36596962279132883, -4.105128618324114e-43)
(0.7344604545949355, -8.644421253930499e-43)
(0.5490965864652868, -8.168919295086637e-43)
(0.19542450832809408, -2.8598243724952014e-42)
(0.3719201013882874, -1.904155119283243e-42)
(0.4522111590184506, -4.678775146452882e-42)
(0.11644116797708473, -1.2399352444327087e-42)
(0.8171983986518118, -3.015739364177864e-43)
(0.32453387914739146, -8.24265820296579e-41)
(0.2384750892286424, -4.8415101314756363e-39)
(0.06671457701915758, -2.977510002879324e-43)
(0.4720043571259038, -3.9270864727376664e-43)
(0.18805804654782268, -1.7448879119287907e-42)
(0.15082838009845048, -8.357244037863758e-42)
(0.6749295715334608, -1.8360070133056398e-42)
(0.7903950978603821, -2.0843323405716315e-42)
(0.8167170705267446, -8.749641359862754e-42)
(0.8283427544146953, -5.788734091092187e-42)
(0.9098699966426723, -1.43638165978077e-42)
(0.24927792048568026, -9.007985774583823e-42)
(0.20465921396494902, -4.5496322257300924e-43)
(0.5931457135724655, -1.269485428506543e-42)
(0.18670174635469153, -2.8125211085968002e-42)
(0.4145030699359069, -1.5152469413157958e-42)
(0.7321137799285979, -1.1151367684777658e-40)
(0.49247319181431687, -1.0229834174410291e-39)
(0.5886508363962882, -4.650861940713603e-43)
(0.2538773673467737, -6.0046659882754435e-43)
(0.34854035252669063, -5.841703444578808e-42)
(0.3473849316708406, -5.625641819309041e-43)
(0.7175578384512602, -5.154491089933329e-41)
(0.4009354025153715, -2.3670657958096942e-42)
(0.26674368199512305, -7.84285706979539e-43)
(0.6573778093990781, -1.923537127100852e-42)
(0.9688948156468676, -3.117584436143004e-42)
(0.4247581023559091, -3.0460930169514215e-41)
(0.12014716664318881, -1.7207847053881385e-41)
(0.5617795550878807, -1.6745231151183287e-42)
(0.3048562393609587, -6.905832335280728e-42)
(0.33626866150883683, -3.0417240150979576e-42)
(0.5971103320242243, -1.460002664192347e-42)
(0.745361565669429, -1.811005844590252e-42)
(0.31715201172797153, -3.874640904929899e-42)
(0.78702043373616, -4.181902032208226e-40)
(0.28695457877225733, -3.9527676454583264e-43)
(0.778766234181215, -8.063985341002123e-43)
(0.0710760870154666, -7.481786192999996e-43)
(0.6002921864548008, -1.183116662592524e-41)
(0.5711593731336767, -1.6270875191836193e-42)
(0.7797829706789597, -5.508702521095952e-43)
(0.864315362630693, -7.547644515239964e-43)
(0.7533828475319352, -7.157188510154788e-42)
(0.9667117468261324, -8.779248281738973e-43)
(0.072843393868798, -3.5790998297358797e-41)
(0.05704826655872534, -3.951697105144684e-42)
(0.4916821815779831, -1.723593296555007e-42)
(0.5490956505313308, -8.930819683448507e-43)
(0.9596841867779909, -4.282748197149169e-43)
(0.8478487843689341, -1.5831317674295074e-42)
(0.2795740463363315, -1.386155289268522e-40)
(0.0736948257702201, -3.5687325569758345e-38)
(0.006884527230674455, -6.107185948053987e-40)
(0.5787012235888122, -2.6165227456841343e-42)
(0.12079500129798391, -1.5623706978865623e-39)
(0.9617368847359663, -1.6548040491581842e-42)
(0.3076905736387574, -3.876338130339216e-42)
(0.11933954237482712, -4.8223588642299095e-42)
(0.11887607413239823, -5.0885986553206095e-42)
(0.4636635559314784, -7.399844050292303e-43)
(0.41899819126892074, -3.1485570253574005e-42)
(0.014619295716580093, -4.560299503059713e-43)
(0.8119347638907908, -3.554690361100274e-42)
(0.08455753344072292, -4.020349553318455e-42)
(0.41730045663222387, -4.351066530918491e-42)
(0.5610480771250044, -1.9120442176722954e-42)
(0.9203483140930955, -4.963805859275974e-42)
(0.4087062646710069, -5.935416406643466e-42)
(0.14915243133163386, -5.939766316667164e-42)
(0.4191555601886002, -2.356816969821747e-42)
(0.8184027693755086, -1.4924707504293584e-41)
(0.32083613451231824, -1.7085750895062104e-38)
(0.9140786482542586, -2.7374039361926573e-42)
(0.3699675403332916, -7.019518268225683e-42)
(0.22412080278611035, -6.20774014282616e-42)
(0.16137997518129654, -1.0024890846954207e-41)
(0.24958086620488482, -2.253869369494783e-42)
(0.43045603659212084, -8.827322406229507e-43)
(0.3128932063686613, -2.20267802387409e-42)
(0.9920500160955599, -3.919367282667878e-43)
(0.5208629335975642, -1.4260983450467846e-41)
(0.8232340333676352, -1.595148402781082e-41)
(0.7191845762167502, -4.550309127648765e-43)
(0.3181315921093132, -5.1790152177086946e-43)
(0.6772848404146273, -1.5248974738335063e-42)
(0.5497887220714079, -6.9664732293148565e-43)
(0.5647193112331105, -3.0023431731072825e-41)
(0.23945049492925086, -3.4511547158790736e-42)
(0.4244859489441644, -7.346969255110873e-43)
(0.29217749437310914, -1.9945497449795524e-42)
(0.41958280173533485, -1.9210900533945454e-40)
(0.8910846634955779, -5.661270152035081e-43)
(0.3521574503633587, -1.4056623815728624e-42)
(0.6005978493169213, -3.907638569223647e-41)
(0.47835661684583825, -1.91435150312743e-42)
(0.6209605079951716, -2.663940581062682e-41)
(0.8454717516838086, -6.856157697541289e-43)
(0.5593709824559041, -2.9125029446513293e-41)
(0.13619765015877147, -4.491618499651064e-43)
(0.23479508312057865, -2.6867288806723474e-42)
(0.32466332605062426, -3.896305013829719e-43)
(0.6088660641579663, -1.0918919787130857e-42)
(0.33226725405682056, -5.5397551557595017e-42)
(0.4313511661193996, -7.359261095561578e-41)
(0.8378314921544456, -9.000427044782764e-43)
(0.4318108083422153, -2.161878190239288e-41)
(0.058822397852970186, -2.8177013172764336e-42)
(0.712263501562794, -3.1434894867957984e-41)
(0.6026727897141392, -5.851886244043997e-42)
(0.6108099719028106, -1.142098460707415e-41)
(0.37776585888632647, -2.0444108098502717e-42)
(0.1042909263603233, -2.532149995820386e-39)
(0.7412835044297907, -2.1916408416866036e-39)
(0.7127606796347957, -1.0864764329042141e-42)
(0.5095067795867391, -1.3830650488875461e-42)
(0.6728891424389365, -4.039526405875305e-42)
(0.8269461267941993, -1.901968955034878e-40)
(0.26486122173236987, -1.1309817285617094e-40)
(0.7088802421415342, -2.3090055039718e-42)
(0.576919254278042, -1.4399124846244477e-42)
(0.1475900295522106, -5.812299343934548e-42)
(0.9430788069353527, -3.3643859852464665e-40)
(0.46357948098297536, -9.877468168895213e-43)
(0.0363440264727467, -1.9769272956649973e-42)
(0.25215082666762345, -1.1368006607521175e-41)
(0.885005227596264, -8.312303604041182e-41)
(0.47069993598814913, -4.529030490273251e-43)
(0.21266106968996248, -3.231627471390619e-42)
(0.6796766943908641, -4.789756036171756e-43)
(0.18776407098110967, -4.3093320745302574e-42)
(0.6007691322952498, -5.551711733602078e-41)
(0.15116623256676023, -8.258436647341235e-43)
(0.6184800570234756, -3.30915780396845e-41)
(0.16190520127166483, -1.4499202027301305e-42)
(0.049684517883277116, -1.029330678026653e-42)
(0.5166047368310337, -1.2776609402666435e-41)
(0.4561177685847397, -3.772022529027484e-40)
(0.3534278276555327, -9.304461098656953e-43)
(0.8023435356887075, -4.383860984292616e-43)
(0.5584829155326313, -1.0571783500817879e-40)
(0.44317317640766657, -6.198960434622606e-42)
(0.7974930742167387, -5.183885193866744e-42)
(0.0006714608716970483, -3.0938768442509435e-39)
(0.07588317099043425, -3.031009781919481e-43)
(0.8775307523321374, -3.822821028676579e-42)
(0.08950104843008772, -1.5014990705801937e-40)
(0.7227676766365048, -2.3147427163056667e-42)
(0.5977555925815352, -2.315711426775428e-41)
(0.048608202380167526, -1.0033016589859469e-41)
(0.5429119380157086, -3.5643044715911263e-43)
(0.7447423603465941, -1.8544269229712544e-39)
(0.8945729854760157, -4.207918480391402e-43)
(0.1410985913505364, -1.2860668237730726e-41)
(0.7118315036508382, -3.016542481206281e-42)
(0.15859442968446388, -1.9065918805246341e-41)
(0.20053172485815177, -2.1590434587615865e-42)
(0.07060115914544493, -6.011468651127986e-42)
(0.08059009541069896, -2.400518498801718e-42)
(0.2707241906552599, -1.5941313933883855e-41)
(0.3242789624076348, -5.2612341008379973e-42)
(0.5317265214147815, -1.2596801788923187e-42)
(0.16687115409838504, -1.8677345326037676e-41)
(0.9239613625984335, -8.864797590110942e-41)
(0.25917421525573464, -8.253047747374525e-42)
(0.16015621140766426, -5.924567219512427e-42)
(0.08677503237704255, -8.971043952227266e-43)
(0.7055961575133187, -5.23473567241295e-43)
(0.6667278267024809, -1.9621305064980748e-42)
(0.18094318026983242, -3.180835713863999e-41)
(0.38738466170203845, -4.3974002463582824e-42)
(0.8105764240281587, -5.89049570755357e-42)
(0.2722023512837443, -3.877977203555215e-42)
(0.750764015224358, -7.221382755895569e-42)
(0.42370775114434206, -2.0425555025017996e-42)
(0.8684681686563124, -2.565376391045112e-42)
(0.2843429756383183, -4.045689380700929e-42)
(0.9512985484821198, -1.1363403437788587e-41)
(0.06447533298217492, -4.096303310407596e-40)
(0.281056313065052, -8.994358044748932e-42)
(0.24865668534850255, -1.4041153367225664e-42)
(0.7136932568995481, -4.784136225730602e-42)
(0.049634495238238506, -2.925035615273192e-41)
(0.34517338013120213, -3.605080039109803e-43)
(0.02802735187943412, -3.5318532061474846e-42)
(0.9935021463538974, -4.3314679550796796e-41)
(0.3106041234825882, -4.077526034235978e-41)
(0.43558918109163086, -4.52509124025631e-40)
(0.8890885797457754, -8.328082906672055e-42)
(0.4542131915831091, -3.030017583139747e-42)
(0.03514368592152975, -2.6126792118886636e-42)
(0.011152542990230704, -6.27256877034507e-41)
(0.8550058899960863, -9.051921172108302e-43)
(0.02784955582529455, -2.8138602186830058e-40)
(0.2978739636568481, -2.771950902357303e-41)
(0.27066540410209744, -7.064409066077678e-43)
(0.13649571561455512, -3.7935028247545065e-42)
(0.8583001407996077, -4.26486843605839e-43)
(0.7699389704356179, -2.8314532634608803e-43)
(0.5835168725467313, -9.271355205408172e-43)
(0.9321646180514515, -1.6017435029071866e-42)
(0.15388485916873018, -7.007005348562313e-43)
(0.15643022673517396, -1.3773248807422257e-42)
(0.3632886716633248, -2.0416956744237998e-41)
(0.8168505980766295, -1.154134174811459e-40)
(0.07478356378641463, -1.6772860317730966e-41)
(0.3275226966045491, -5.84348941083261e-43)
(0.9400387608257467, -8.252611075670247e-42)
(0.5752031048347186, -5.095571862742816e-43)
(0.8844480903361417, -6.376830975381558e-42)
(0.7256214889785396, -3.2063148587772786e-42)
(0.8840646000153894, -9.279450701412558e-43)
(0.2988619399614071, -1.0109668338994803e-42)
(0.2069889955442944, -7.543957349483954e-41)
(0.1978112953211924, -5.0772145562536094e-42)
(0.7740800458598281, -6.36505727056137e-42)
(0.9714884075672151, -6.400227833054611e-42)
(0.9342242832877165, -3.212447714049428e-42)
(0.40618998996166295, -4.383410805422443e-42)
(0.7746428702390689, -3.259329535318926e-42)
(0.42003916133523805, -1.8593690224617167e-42)
(0.7821587646119101, -4.5854154491083564e-42)
(0.06540390525135775, -5.235183530151837e-43)
(0.6162358844086141, -1.6234101695241808e-40)
(0.5834722266192037, -2.9861679086316292e-43)
(0.8421759252668243, -4.80571872453865e-41)
(0.5013595705015219, -3.907648114073022e-42)
(0.06941416783183911, -9.90011104536026e-42)
(0.7896089712791192, -3.205668833927506e-42)
(0.7804818001033531, -5.194431831556378e-41)
(0.07916444220344435, -7.578078950416038e-43)
(0.11427093569992108, -7.744280007524614e-40)
(0.638743528731811, -2.8401839415077637e-41)
(0.050698392118344794, -2.1574481548195648e-43)
(0.7951320774449984, -8.659556624750245e-43)
(0.05918529666778602, -1.6876170140441668e-42)
(0.9427288793512772, -6.372696657081751e-43)
(0.8791729728625706, -6.07031190532551e-42)
(0.5615690697868071, -1.0726580738234084e-42)
(0.7364432814142445, -4.56771742238499e-42)
(0.5244408021792818, -3.851246611326323e-43)
(0.31597569350448096, -8.080454797605245e-42)
(0.21301624086534626, -4.6175826607639396e-42)
(0.9525388060235964, -1.254278046289928e-42)
(0.9420641323559226, -4.416903308265859e-43)
(0.15084661755879125, -3.0591106177870417e-41)
(0.8072016938554736, -5.920591878825927e-43)
(0.5022567863762176, -5.18211417445261e-42)
(0.6505365899144304, -2.1726433414010817e-41)
(0.38950948110260886, -2.009647257767528e-42)
(0.6011980143779599, -4.224451214643916e-43)
(0.22594219665782458, -5.4464418975528523e-42)
(0.9204761707019427, -7.802704367956678e-43)
(0.9342068759356535, -9.381745775975377e-43)
(0.5603469814753795, -5.33249145763569e-43)
(0.43491745813654065, -1.5652829825331976e-42)
(0.96807571118571, -1.2069542116230361e-42)
(0.7716529454144866, -2.19622903297262e-40)
(0.7019716872454691, -6.444942882167116e-43)
(0.4474105046290186, -5.586299825548971e-42)
(0.9945556440219029, -3.5832454873045492e-40)
(0.8629070691502858, -8.06994855907868e-42)
(0.3699691295712166, -1.1804938070577682e-33)
(0.05625208894151424, -1.0863894931800577e-42)
(0.23087470963915194, -5.1106472868013166e-42)
(0.1675462401525479, -4.987532262940325e-42)
(0.4923707046648943, -9.607384987827893e-43)
(0.44678333233835715, -7.925302792971016e-41)
(0.1680952418229323, -9.679814886191522e-43)
(0.5600572097598384, -1.309139315682653e-42)
(0.07953967175841604, -2.2287857877828038e-41)
(0.2184908089059072, -4.6601316451081435e-43)
(0.7480333469173301, -9.802539243037455e-42)
(0.9091306995032982, -2.7626584528427104e-42)
(0.5678630207960687, -5.322930920828804e-43)
(0.631785434853974, -1.7885446358349752e-42)
(0.8264468409543698, -1.3200961839306588e-42)
(0.6553864046185077, -2.1674226750564407e-41)
(0.3393905118597924, -1.3613380103504054e-41)
(0.4357120378866065, -1.6257860748709423e-42)
(0.8553479216482347, -1.085251903032926e-42)
(0.278455295166162, -1.6255487989977078e-41)
(0.7442902015200158, -3.436282211503253e-42)
(0.9214774475921167, -1.3093511025887544e-42)
(0.670688935389705, -2.953366706357733e-42)
(0.052890681072038426, -1.0832740880465693e-42)
(0.39701427597352185, -1.5391166971356218e-42)
(0.9256987572744225, -2.6480599196382295e-43)
(0.511678873469932, -1.854351713528383e-42)
(0.21665173460428186, -9.049211208249261e-43)
(0.3175314539382986, -1.440472991599162e-41)
(0.9369299562235771, -8.513896571926896e-41)
(0.789996486063463, -8.150202641618398e-40)
(0.9678485279229669, -2.7139522817754915e-40)
(0.720980060468866, -1.522152423893127e-41)
(0.5940521555099739, -5.474307191319761e-42)
(0.11105977699892487, -1.4724049146726996e-41)
(0.16436186540317302, -3.410368386109817e-41)
(0.9283587740397913, -2.3006092920065615e-41)
(0.7144145067334926, -2.2803720705255955e-42)
(0.46186613340859706, -3.2040138408894056e-43)
(0.8745882228539666, -4.26385225380094e-43)
(0.028917476994123233, -7.625891804718971e-43)
(0.11840731373756903, -4.3970201737488165e-41)
(0.09522610054310546, -3.4867109630961837e-43)
(0.5730735037931255, -3.0586449677988806e-42)
(0.6434269725471233, -6.772357962142719e-42)
(0.32181597603975265, -4.720113207911044e-42)
(0.07678267824966717, -9.204268916200982e-43)
(0.5012759016772274, -3.4675731389953342e-43)
(0.7951319828319999, -5.4533784931344455e-43)
(0.3577475827044625, -3.754147384203485e-43)
(0.8949820750389187, -5.55264558704414e-43)
(0.31731216608192564, -3.6534050867273947e-42)
(0.4814290010770695, -4.734978038100901e-43)
(0.5883630661458168, -1.0184959934884551e-42)
(0.9799368636485272, -6.0459596694785605e-43)
(0.7998298505799581, -3.831833997034284e-43)
(0.8892356430051684, -2.681794088385415e-41)
(0.48505023760462207, -1.1680743586550689e-42)
(0.39810256362187063, -1.372180242355977e-40)
(0.20427997151424554, -4.274919684930079e-42)
(0.19393890483396878, -7.616533081024826e-43)
(0.1751052757275871, -3.5469892272667764e-41)
(0.649664134445812, -3.148045545285926e-43)
(0.09166398600647514, -4.345089144084173e-42)
(0.4957873563396088, -3.0673320328854253e-40)
(0.1788990839184992, -5.981927256890197e-42)
(0.7679420835237183, -8.669276955402886e-42)
(0.3859915389167562, -2.175730739594406e-42)
(0.27636898094725526, -3.5653842979932394e-41)
(0.026973017267685598, -2.759317560454894e-43)
(0.716471716732528, -1.2456464820994761e-40)
(0.7081924641485943, -2.7532023636522913e-41)
(0.4804541752893422, -3.76497720966781e-42)
(0.131588637385648, -4.730496343382657e-42)
(0.8418172315709469, -3.1915448353503153e-41)
(0.09618617909175549, -6.156844956650521e-43)
(0.7179533515469094, -3.4171359498667526e-40)
(0.6474247118744659, -1.0314903813031436e-42)
(0.05243630244148663, -8.991481643042864e-42)
(0.05381200546514401, -7.935130608423964e-42)
(0.8243491379537912, -4.3085743034683183e-41)
(0.8916382234300136, -6.523211087585618e-41)
(0.7569088513814852, -1.0837962280550614e-41)
(0.6212624005012768, -3.7778830780545745e-43)
(0.19613364383633877, -4.3040354842333095e-43)
(0.8375518535488907, -1.6362152163543137e-42)
(0.49129588325488244, -1.804599606541973e-42)
(0.12260170598372742, -1.912892285669914e-40)
(0.7369564361274566, -9.557823956024427e-41)
(0.6780556483967551, -4.4285628086573786e-41)
(0.6666770868174722, -3.260183540542171e-43)
(0.2215996543202849, -1.8254616746105638e-40)
(0.281194506542187, -6.3641207066444995e-40)
(0.23971679501439344, -7.37153842726918e-40)
(0.7454791215242995, -1.8513088750216454e-42)
(0.1047777546481864, -7.326348612358587e-43)
(0.7618754447339919, -7.13729452705971e-43)
(0.1183108486925941, -6.460383303173889e-41)
(0.7135549535855296, -2.0059327981455266e-41)
(0.20871303157312493, -7.010739208398123e-43)
(0.2382559853003516, -6.781480522919249e-42)
(0.3762597786450037, -2.8739376196813647e-40)
(0.6456438006183505, -2.5503532311903026e-41)
(0.5895139373003075, -1.0536934824562632e-41)
(0.5340218102620161, -2.0815903580927868e-42)
(0.06948738870737084, -1.0363277143055098e-42)
(0.23414363422262927, -2.1871799259394638e-42)
(0.8412673835338572, -1.01365878381404e-42)
(0.4825066483212369, -3.112772030457154e-42)
(0.7958101380865524, -4.96906363385249e-43)
(0.24428838516271043, -1.725941925006699e-42)
(0.914074989286792, -1.1522339434495328e-40)
(0.733269466759675, -3.9336577278436406e-42)
(0.9141962133258311, -1.2613807194498824e-40)
(0.5359895722699639, -2.5430484799697713e-40)
(0.040624681568397956, -4.251680547214554e-42)
(0.0023584695167542776, -2.8280947410016613e-40)
(0.9173602903920223, -1.0349310261083022e-42)
(0.21765163997684756, -1.6051678432815445e-41)
(0.9043629481856009, -2.2050503784525764e-41)
(0.1015300948111818, -1.2096262061117692e-42)
(0.7617125478014609, -5.689891800507133e-41)
(0.8789842434457374, -2.2033321025790575e-42)
(0.0418856668999478, -4.754708839060817e-42)
(0.37853806156000824, -1.117428491256676e-42)
(0.684765586473113, -3.990709722894969e-42)
(0.9444528006707418, -3.056209888243929e-42)
(0.31784334717973506, -7.585399534002633e-43)
(0.826346238233522, -2.5709735891385836e-41)
(0.2204167989104864, -2.1739203974459896e-42)
(0.3582505116518863, -4.635542660327459e-42)
(0.48514469377405733, -1.7678478124789467e-42)
(0.6650113256964788, -8.14832636102602e-43)
(0.00687971029752539, -6.371342851888246e-42)
(0.8065331844164734, -5.2470140721912755e-43)
(0.04139488313868129, -1.8678338078462844e-42)
(0.48043542251126403, -2.6343127478417876e-41)
(0.36928270032186933, -1.0982102416879962e-42)
(0.7411147088094977, -4.3760806073719597e-41)
(0.6728970638116054, -4.066450854049873e-42)
(0.4803520269661759, -1.85885688238134e-42)
(0.4546489230139819, -6.518638903010501e-41)
(0.1590644710201283, -8.666871116583473e-43)
(0.346014327177261, -9.517546558185554e-43)
(0.6768704490313933, -1.799341887274888e-39)
(0.9185138791718508, -1.0601475247176557e-41)
(0.4380862636377499, -1.3280104182642764e-42)
(0.9882787378810605, -2.0694777516323424e-43)
(0.8973524835377317, -8.847549063218811e-43)
(0.4585635065743625, -1.3298972845941995e-42)
(0.8569442377711177, -9.013402654320154e-37)
(0.28851008627249886, -2.647659100312013e-43)
(0.20460757401602933, -2.9949931137777857e-43)
(0.5943247834169922, -2.237745516743695e-42)
(0.4691429353752447, -4.3269888475723137e-42)
(0.3290644615563999, -6.454826887163908e-42)
(0.5803502397810821, -1.2253799889196105e-42)
(0.8518427883463753, -1.7729287526450626e-42)
(0.5839202113547469, -9.941654893582158e-40)
(0.5742577940269561, -3.046539349185585e-43)
(0.9484997286227544, -2.503453592299922e-42)
(0.07062790985018633, -2.8014141367660846e-42)
(0.37879000450537925, -3.7117642148705294e-41)
(0.43865390738774557, -1.086689152015512e-42)
(0.13897430643382538, -2.429672286273449e-42)
(0.8086131085075098, -8.119719285828523e-42)
(0.7595895703719069, -2.626893378873239e-42)
(0.4961867050874531, -5.733371124687372e-43)
(0.5373949128554993, -1.4226438675873406e-42)
(0.6210176580713775, -5.146301341624029e-43)
(0.15389336686342242, -6.113331714055442e-41)
(0.998637825975635, -2.3402707643104976e-42)
(0.33028870220272755, -3.3427867716085094e-41)
(0.7879803412344685, -8.994125631816973e-41)
(0.2408575944653191, -3.07631128068055e-41)
(0.44665557751169965, -1.712304831085603e-41)
(0.9138005010332566, -5.311220936452691e-41)
(0.7209919069377931, -2.2924599193265021e-41)
(0.4466539422170619, -1.0974225451388737e-42)
(0.5741022629206629, -7.398016283383646e-42)
(0.2880839037922194, -1.5858817996122448e-42)
(0.16937099620340615, -8.513454965962549e-43)
(0.6098493653818027, -8.379505946568329e-43)
(0.9528093468114699, -5.034779039564462e-42)
(0.5263487081501218, -7.569625059427089e-42)
(0.5990198666517033, -1.5330777545922375e-42)
(0.5437114553016541, -4.907412421214586e-42)
(0.26179559900308924, -2.1015294401215792e-40)
(0.2664714861938424, -5.644086401426012e-41)
(0.24938485336429847, -1.5808796512207671e-41)
(0.5069162905378316, -1.448892453023479e-41)
(0.5900239364226704, -1.0559307193304508e-42)
(0.09146408955631831, -1.9577413601288122e-42)
(0.17555363982163324, -4.832036395377637e-43)
(0.13591610860696338, -5.350256822700152e-43)
(0.26752469114883415, -1.5127991706525064e-41)
(0.1653405653724624, -2.4745163612695596e-43)
(0.547806757673234, -6.682588742510394e-43)
(0.9749830860238253, -2.3718665163859838e-43)
(0.5727302547930683, -2.499852834602771e-38)
(0.08831254550723305, -1.1357384996645736e-42)
(0.7000696211687402, -8.48420658890096e-43)
(0.2742970049633668, -1.3985048786826419e-42)
(0.17497813350432598, -3.424502510600933e-42)
(0.4621218466965303, -3.1837190007330644e-42)
(0.9702964820192379, -4.491618845015338e-43)
(0.747936857151258, -2.5249597346328102e-42)
(0.5898694028953064, -3.9110242261763065e-42)
(0.6161457983232665, -1.1096853786197512e-42)
(0.47189817950360347, -1.3618028174068391e-42)
(0.1358687784944133, -5.478426299366135e-42)
(0.9454459283491462, -1.1772519740832126e-41)
(0.7913883666643884, -2.7833359956839545e-42)
(0.11689446974929292, -5.0819734469986784e-42)
(0.2759547878895415, -6.679240390045279e-43)
(0.001607337201416118, -4.499676693791741e-43)
(0.8367288089629424, -1.1669279623324512e-40)
(0.9461512668898352, -9.951218178823416e-42)
(0.5083491695839516, -6.000268894489853e-42)
(0.421993103152588, -2.981258271779472e-42)
(0.07035517346416706, -1.8697747457745783e-41)
(0.7415365500507742, -3.749082309843789e-42)
(0.1385019396853779, -5.151763408302847e-43)
(0.4644121183887693, -3.4577447593852976e-43)
(0.5678010722690416, -1.1209868298012458e-42)
(0.10328053708789095, -1.5010470979441235e-41)
(0.4555764802610258, -3.5583908574336883e-42)
(0.40363326038436365, -7.950289416653056e-43)
(0.7782583396594678, -6.7857644005915e-43)
(0.42470191471985225, -1.1878191869078999e-41)
(0.7752166279821542, -1.887860654080238e-42)
(0.015202737498646497, -1.9811856223403704e-42)
(0.9139817977605663, -3.660402425980585e-43)
(0.8187339115778604, -2.9130882683180487e-42)
(0.38893551507221374, -9.353636466071146e-43)
(0.7704178293127252, -9.412422111945628e-43)
(0.8867997890153163, -5.0498133790102606e-43)
(0.962351357606555, -5.459060789224331e-43)
(0.39193367658897, -2.3535427371687517e-42)
(0.27631912591833424, -6.233507536165416e-42)
(0.6337333710894845, -2.7648267788167236e-42)
(0.3305979426016897, -1.0609317645246347e-41)
(0.28168840301675346, -3.025055690305771e-42)
(0.2694991037262783, -1.8738951144867342e-42)
(0.8733473443426165, -2.5468887030062302e-42)
(0.8909586736820565, -3.035419389401654e-41)
(0.5449751780482939, -2.5421240561097854e-42)
(0.9178549069241264, -2.8097941425359643e-42)
(0.5686701562765321, -2.2596884590700775e-42)
(0.9137989520157361, -7.034375647358577e-42)
(0.028555574177621425, -2.0794321899077934e-42)
(0.12236098660036047, -1.272114618761987e-42)
(0.435368762116174, -3.3817700869513814e-43)
(0.10687861776368869, -1.3019704714644511e-42)
(0.035956046446869575, -1.858666201960985e-42)
(0.7697089167848055, -4.422921478481644e-43)
(0.7094434422379577, -3.859510924499196e-42)
(0.6675566738350391, -1.1218655610910905e-41)
(0.365868527049437, -8.446594975692001e-43)
(0.28078741859091066, -8.437948107443202e-41)
(0.7793970128133908, -7.818512490229882e-43)
(0.0025625274936806, -4.999339192747852e-43)
(0.474148820368802, -5.368991083229647e-41)
(0.40829319385706775, -1.165084798836792e-42)
(0.12778269900797265, -2.5229802452159758e-43)
(0.9175238409442171, -3.1899784454970104e-43)
(0.625067227561831, -6.282092623205292e-41)
(0.3103998883401278, -6.103151719125449e-43)
(0.10830939341947932, -5.602607479723485e-43)
(0.28865202552414676, -3.5861580982486215e-41)
(0.24258597059264134, -3.661951783900513e-43)
(0.6820282470821102, -5.308834017257832e-40)
(0.189541937073749, -1.2072085808149607e-41)
(0.2629414011208167, -9.980115469644006e-42)
(0.12335982540831207, -2.4243070749421857e-42)
(0.5291016783854479, -1.0478718169620171e-41)
(0.7505985811112637, -9.452788668240305e-43)
(0.9745437109718323, -6.370504297197657e-43)
(0.9697139297190558, -3.895635100267163e-43)
(0.9214306577755955, -2.2084742986559477e-42)
(0.397846508903915, -9.807725375858534e-43)
(0.19974458977179427, -1.4044699498751918e-42)
(0.16731701961901116, -2.539367720119317e-43)
(0.822777312834486, -9.793892330278289e-43)
(0.6183970121343378, -1.6962885005421942e-42)
(0.0526092165704133, -3.009647688935824e-42)
(0.0021130885663152733, -5.472961042360757e-43)
(0.5069812194191512, -1.4059966854254786e-42)
(0.6133603588410147, -6.016974803703422e-43)
(0.265278693814458, -3.358460386094819e-42)
(0.49318094937209933, -4.2536291127372266e-42)
(0.4712703751399445, -3.87158162635298e-40)
(0.4056949680827822, -1.0538922604800632e-41)
(0.1915223296144957, -4.086812603224175e-43)
(0.8253792079269281, -7.459959936358665e-43)
(0.04993718227878971, -6.404844701606164e-42)
(0.5538320351187338, -4.499791021279525e-42)
(0.4409603982258331, -2.5637509123816363e-41)
(0.9700891366392986, -9.011417190381595e-42)
(0.150281759556356, -1.233682420675703e-42)
(0.7655105181339888, -5.970415314856342e-43)
(0.030915985749701173, -4.81265784705692e-42)
(0.49284796927819646, -4.304259656491052e-43)
(0.6951315252258433, -1.4397468224529426e-41)
(0.16406088610894978, -2.5007363745082165e-43)
(0.0832903128568103, -1.4471658053807326e-42)
(0.2893659282734307, -1.455810426319918e-42)
(0.8692240935235718, -7.0691298289450065e-43)
(0.9280518287154041, -7.553231893700279e-42)
(0.4837455102777702, -1.6701798881005858e-39)
(0.03723280517461301, -1.2609968031948921e-42)
(0.5776398723204775, -8.912304363001904e-43)
(0.6762940879591697, -3.3576874539267533e-41)
(0.3058728755755722, -1.2315782991037157e-41)
(0.45496434219655607, -3.4482840165622466e-42)
(0.02554689334293758, -2.1400692987742685e-43)
(0.30309338557861015, -4.148022402246204e-43)
(0.8323936910761713, -1.3963532603624474e-41)
(0.23703431834799846, -5.008841268289455e-43)
(0.7768887706360015, -2.694468223872236e-43)
(0.22157066877473022, -2.635644931274152e-41)
(0.7455633004794758, -1.490044795423246e-42)
(0.09193136356300993, -3.751204716926473e-43)
(0.9444872525582331, -4.462454779750271e-42)
(0.40363472183484306, -4.288863963276435e-41)
(0.9481688593868114, -7.586849613430492e-39)
(0.1918519713314787, -4.7053764950152444e-42)
(0.68528315204808, -1.350987924070349e-39)
(0.3509363319787447, -6.7973172295744595e-43)
(0.07743883869710201, -6.748594349481243e-43)
(0.031310876950426565, -6.02152128708361e-43)
(0.9977807177836512, -1.0846543482324775e-41)
(0.07201017576259951, -5.290237464683541e-43)
(0.6819187993669369, -2.0703892388046797e-42)
(0.8490424199091722, -7.460929053439707e-43)
(0.11936749989958018, -3.628606485522935e-42)
(0.5779502376460445, -3.319085314057236e-42)
(0.22814926946450945, -9.46577256076995e-42)
(0.967932071421239, -6.7494624109377865e-43)
(0.7955625454963349, -7.327847288880445e-42)
(0.8087736175722353, -2.8476375852111843e-42)
(0.42488534610545725, -1.4240378743700593e-41)
(0.5036419291172163, -5.39256854732232e-43)
(0.7942134154884609, -2.6074233859620093e-42)
(0.5703404579070092, -3.346041957066167e-43)
(0.8088514981960128, -3.3291445466636676e-41)
(0.6712720786012684, -6.870697817330447e-43)
(0.7174336441709757, -4.59921556830213e-43)
(0.9638257038692298, -1.2041106436874121e-42)
(0.3494015501121295, -1.041657727490181e-42)
(0.21930042431890734, -6.175914164337726e-42)
(0.8354780467831348, -1.2415498076296818e-41)
(0.791815910426048, -7.476925561982587e-42)
(0.7550920091225691, -8.516359929599409e-43)
(0.9404666364096308, -2.3730329798148817e-43)
(0.70756812693233, -9.21325961537356e-43)
(0.7325137429058332, -4.796526742609566e-43)
(0.7501690894502901, -1.953537574333842e-42)
(0.11857917717987554, -1.2713479276220348e-42)
(0.3304111569010185, -4.411748116612591e-42)
(0.919449129122569, -2.6343430993488375e-41)
(0.30692938699628713, -6.328818217870159e-42)
(0.33268785399536277, -1.2179399562261098e-42)
(0.4713571064527591, -7.590920021572698e-43)
(0.4442914386444386, -7.557263103936378e-43)
(0.3864391683174884, -3.349116638770954e-42)
(0.6559837269195338, -4.9283230798039115e-42)
(0.4467549737431031, -6.9728854059135445e-43)
(0.05145243180098609, -3.3988088555424686e-42)
(0.5969680783553116, -2.3794409580033436e-42)
(0.6067071006249208, -9.274003882192954e-42)
(0.1251769043512447, -2.1797508807115917e-42)
(0.1739264321210551, -5.7915795516448146e-43)
(0.22003287353825846, -1.1477171954286423e-42)
(0.12897311909812492, -8.537146808222712e-43)
(0.38927508520266096, -3.7823180383307975e-41)
(0.6759067388536011, -1.3761790812170677e-40)
(0.16600233739696207, -7.815548775173452e-43)
(0.02979816785305432, -1.1660566040030306e-42)
(0.57616458645707, -1.2770459413860585e-42)
(0.6683819581505644, -3.606359111097201e-42)
(0.9127138448929245, -2.365222995764137e-42)
(0.5860020153195351, -6.2865093103303e-42)
(0.15934937321667847, -2.4603599908734384e-42)
(0.7896192825908628, -1.5372463564271383e-42)
(0.8099068702795091, -3.3728932893593554e-42)
(0.879595699953899, -1.0368505789716354e-42)
(0.5408031672943128, -7.486082086812476e-42)
(0.8731517975037502, -7.722023364270995e-43)
(0.1716874033334188, -1.3472601985023603e-40)
(0.28282288421821555, -5.532069462912156e-43)
(0.07590858055712754, -9.17453614596966e-42)
(0.6420551593894135, -5.068847223201642e-41)
(0.5003735590258255, -6.846418683968775e-42)
(0.4430147106798579, -6.0035416304132015e-43)
(0.014847153611045508, -7.126127052588047e-43)
(0.035533066928806055, -1.7047888044352413e-42)
(0.15245362477448682, -1.8204095501742664e-41)
(0.12142000218710608, -1.77916247567069e-42)
(0.8998349166612057, -1.4392063310656574e-42)
(0.09611120737248713, -4.9405101215624194e-42)
(0.665508632120742, -6.716143568211316e-41)
(0.07816086049446762, -9.667508016185395e-42)
(0.8660263035232455, -8.09809891269352e-43)
(0.2802802190570852, -3.9415057930077725e-42)
(0.3397235490720677, -7.136334750510444e-42)
(0.3966891817524751, -5.878231713408503e-43)
(0.5992492692166216, -4.475019764935994e-43)
(0.7726671430979462, -9.112620439197779e-41)
(0.991408924198506, -6.421295138351502e-42)
(0.9967941088181609, -7.05667852605424e-42)
(0.22821037152419663, -1.1247273353532243e-40)
(0.7813645875721458, -1.336291786279509e-41)
(0.0024098446770366324, -7.155986342883391e-42)
(0.5652029237827083, -7.511656629521575e-42)
(0.6912946418459792, -4.230112302675014e-43)
(0.38785148471225855, -9.650753847179764e-43)
(0.43089978360497266, -4.146318780730974e-43)
(0.5771683270794856, -1.1078056130248326e-41)
(0.9334265173445992, -2.4455114840020555e-40)
(0.09634720384014359, -2.885210150358293e-43)
(0.041418881540356, -1.1231322117858557e-41)
(0.3630290744446397, -5.82639535598913e-40)
(0.8420179678164261, -5.136238583366919e-43)
(0.12418605808278933, -1.6375226844147364e-42)
(0.34184142165620923, -8.917115025497248e-42)
(0.32516797135692466, -2.884177297017073e-42)
(0.69651633757844, -4.221534835516507e-43)
(0.7679489657129572, -4.705117153604227e-43)
(0.33711213241047383, -3.749626870608522e-42)
(0.17879667693614285, -3.734048651212807e-42)
(0.3425707144104339, -6.088431018939889e-43)
(0.3334384442149388, -9.939424008141688e-43)
(0.7558724282959318, -4.185447640997368e-43)
(0.3097117857917975, -1.115666472086194e-42)
(0.4169709279651645, -6.463359946996241e-43)
(0.9659968872987981, -2.2566574646953902e-41)
(0.03152826872300496, -3.558736476522301e-42)
(0.5583529027326639, -1.7735337387166532e-42)
(0.2917418054688059, -6.215503705137941e-43)
(0.38691817057182165, -1.4215190034295263e-40)
(0.45459871978352895, -4.474011685672021e-43)
(0.37321438019305553, -2.0049567421436406e-42)
(0.6849154518392566, -1.0428761578927229e-41)
(0.19597708650498974, -4.154669355641173e-42)
(0.3625469783868795, -2.676631152584841e-41)
(0.97494908571449, -1.1283437706357735e-41)
(0.09437310018817831, -5.2879559697390685e-43)
(0.678739217548212, -1.3963353129200024e-42)
(0.06327038008660717, -1.118661250509042e-40)
(0.8288394147888397, -1.2854025315750307e-42)
(0.009797573363972968, -4.922386180804055e-43)
(0.4361490475071537, -1.3615816356423337e-39)
(0.8557245384409613, -9.217261385336435e-43)
(0.23452080529788635, -1.009650745709571e-42)
(0.2708092104246629, -1.1344498897709798e-40)
(0.6751654626311636, -5.720083586125349e-41)
(0.8634862513692084, -7.81208828006009e-43)
(0.56666282544474, -2.957894429181724e-42)
(0.14955049494385414, -7.340655233759642e-43)
(0.3814840907892275, -1.2638197964049135e-42)
(0.18122543463046736, -1.5796403307273148e-42)
(0.6197880992043303, -5.4070594710246646e-43)
(0.45390678194447126, -8.669661519700467e-43)
(0.7544087461636634, -1.7722002721372178e-42)
(0.11954870062391224, -7.211795507048442e-43)
(0.10794795607560442, -7.648239552143592e-43)
(0.05405287734570615, -2.681755434785298e-40)
(0.23292103559645208, -6.39918229487287e-43)
(0.30341379395515383, -2.630992564530738e-42)
(0.6699474449942875, -8.640085180704833e-42)
(0.016793415936795217, -3.685995308149517e-43)
(0.3489508629146654, -5.899943548097971e-42)
(0.8729571948739747, -1.315170920756605e-42)
(0.053960271252030824, -1.9886962012323886e-42)
(0.3594938513768295, -2.49535558523586e-41)
(0.7724806041712419, -2.804345564607038e-42)
(0.7988857716438834, -2.0288945642275364e-42)
(0.8842887894077642, -1.335225745909415e-42)
(0.2482048532777635, -1.7714435955017605e-40)
(0.8934814527226664, -5.377507599865754e-42)
(0.24869752925250632, -1.7547488636657335e-42)
(0.729503930386611, -1.4556489688463573e-42)
(0.22979595681790996, -5.433605111198381e-43)
(0.5766598857998643, -2.107231686741307e-42)
(0.720299380622979, -6.940872018068591e-43)
(0.39880914492395225, -1.0241704002341248e-42)
(0.9328304935878475, -5.671412570277099e-43)
(0.8202320500136653, -3.2312022555036144e-43)
(0.37997493752664685, -3.504515776023937e-42)
(0.13342889407359465, -3.2818099719337825e-43)
(0.6945222017466444, -1.8862136427290805e-42)
(0.8315125736054831, -8.533118767657177e-42)
(0.4955165819751267, -8.443237735933307e-43)
(0.3844320733977204, -3.755695518652514e-42)
(0.18081072418517738, -6.835718991501492e-43)
(0.28353412974727177, -9.539460895866127e-41)
(0.87809085862445, -3.5975078483091695e-42)
(0.1486420813058622, -1.0296288083013852e-40)
(0.30407846582433934, -2.7124907387316765e-42)
(0.7908432842039265, -3.7839255952189357e-42)
(0.8409218059572174, -2.821827558937089e-40)
(0.003807504996924209, -3.1064769562422925e-42)
(0.780836866028255, -6.885074819239506e-42)
(0.8965775491720753, -6.5138781879946556e-43)
(0.5564911757148869, -4.923287205306964e-42)
(0.9614597167364337, -2.0960400059599164e-43)
(0.83341811562183, -3.615183257007814e-43)
(0.6069177567169349, -7.448645807621941e-43)
(0.6853686665936805, -1.197859479203581e-42)
(0.21337857894589818, -1.221347667439618e-41)
(0.8916150842119511, -4.9596329673617685e-43)
(0.39922482042900476, -1.7422944045793924e-42)
(0.9777034981667307, -6.997970396630593e-43)
(0.22641646486526654, -9.541435366908067e-43)
(0.25157544257428216, -2.081993032414779e-42)
(0.44954010810080164, -1.4510959749797468e-42)
(0.9162120437156531, -1.422192851708127e-42)
(0.7768913438418171, -2.241125895744571e-42)
(0.0725942850470832, -2.8097003069697452e-43)
(0.142515537009526, -1.2740421391789248e-42)
(0.8847069431173142, -8.441453886953408e-43)
(0.5923278491865736, -3.525732569032068e-43)
(0.157671923356844, -4.692706473550643e-42)
(0.15502278915826634, -3.0766939230736425e-41)
(0.07810484060473222, -4.079992480786369e-42)
(0.8452385035148615, -3.8095561652888675e-41)
(0.09518340837177068, -8.407415913747682e-43)
(0.9593206387546431, -3.095987088285959e-43)
(0.9948481430347782, -2.992118108083406e-42)
(0.902622208959511, -7.038077166210779e-41)
(0.7003799257194329, -2.275864776844192e-42)
(0.2480307598577135, -5.526501972977437e-41)
(0.6372744814790947, -7.136641808057946e-43)
(0.5381898364681903, -6.90936251901568e-43)
(0.11601503538534177, -8.342367230377138e-43)
(0.8023677080137998, -4.677932408710865e-43)
(0.77693813814762, -1.9177449618587944e-41)
(0.7047989076725294, -1.2568880954729022e-41)
(0.472202339409705, -3.4943222834540726e-42)
(0.5101266418411748, -5.143616668293564e-43)
(0.8700413309057572, -1.0681485746668186e-39)
(0.6607777427361259, -1.5107682027081623e-42)
(0.89360652036311, -7.233257448224014e-42)
(0.7654509985398177, -1.4990804609529147e-42)
(0.12083376914302851, -3.5021352866240903e-42)
(0.6145386760719269, -7.467789107261557e-42)
(0.895171673163203, -2.0904668273444908e-42)
(0.1857186339982329, -1.4420056130712284e-41)
(0.5851064271461363, -5.811102186358231e-43)
(0.6286809575629441, -1.3245772459056813e-42)
(0.22013181515348074, -4.340815907659378e-43)
(0.4000926511795387, -2.819243603317622e-41)
(0.030857476968712817, -2.52984747368442e-41)
(0.6035483993814242, -4.536950501741134e-42)
(0.0440848039338323, -4.972030282621668e-43)
(0.6254132747706548, -1.4064698033780884e-39)
(0.16219352647754348, -2.2569033759286648e-42)
(0.24393275810923146, -3.0303621514716316e-41)
(0.12099640353919347, -2.1660401613336608e-41)
(0.6303781685635506, -2.6990114976770454e-42)
(0.14053337101883911, -1.5685533007979885e-42)
(0.45935151686855447, -1.0952814989593975e-41)
(0.3439279369923501, -7.046513169007039e-42)
(0.8061502471926757, -1.8241358314901365e-42)
(0.4286801381713145, -8.080422981564886e-34)
(0.9510257921816745, -2.6413575082102888e-43)
(0.1974283401902059, -3.217286121156517e-42)
(0.9239879741442266, -4.52293348307379e-43)
(0.8248583675337001, -5.1418251936312874e-43)
(0.421590094823933, -1.3147198434610605e-42)
(0.37667824553730306, -6.6032315521435614e-43)
(0.8903317731467345, -2.560005502567512e-42)
(0.8615712358718945, -4.764453174461209e-43)
(0.8730249904249145, -4.096108128450373e-42)
(0.6299970560670988, -8.482932133584327e-42)
(0.30356320587680546, -1.1023381212733966e-41)
(0.5675765552384426, -3.1847319629620124e-41)
(0.17488737189504014, -3.1219987615274824e-42)
(0.3002094051357707, -9.902231395220974e-43)
(0.21415675501816356, -5.131404003016295e-42)
(0.26802623998053365, -4.858066343604637e-41)
(0.5618277331213319, -2.450825772769948e-41)
(0.9912439893457454, -4.078798292506813e-43)
(0.09009021193039685, -1.2141656747248627e-41)
(0.38859736256352506, -6.3296393867083716e-43)
(0.9505771794881593, -5.388412800660442e-41)
(0.9472687014835854, -3.555448986179587e-42)
(0.29474400148406715, -3.935520929297834e-43)
(0.6556851173549562, -3.992569726377621e-43)
(0.2765851371413709, -1.7429449026704587e-41)
(0.19598175876109902, -4.4357171932128574e-42)
(0.9638267443050407, -4.215659423911137e-43)
(0.17861140040602042, -5.142451396536178e-43)
(0.7571169531450912, -1.6797343937465232e-40)
(0.6282026481893457, -7.759098400110905e-43)
(0.7650424745831453, -2.5698944845814163e-42)
(0.6478772813276091, -1.342142694532341e-41)
(0.4775878517122846, -1.1986154497600373e-42)
(0.17153238265832627, -2.8893525141269086e-39)
(0.060654916754621584, -6.253702557428324e-43)
(0.7164265028268132, -1.8787828080034428e-42)
(0.4773556083959953, -4.995212495072081e-42)
(0.8453955601643832, -3.9681509167032916e-42)
(0.10306182313731074, -1.1523875103704848e-42)
(0.5437291832560428, -3.312571526835678e-40)
(0.0210475619922278, -2.4976691206072056e-43)
(0.42133057153828674, -8.65317008266551e-43)
(0.5366164026446851, -3.9677308943471076e-42)
(0.760258361162009, -4.0983191459605575e-43)
(0.3195144598285025, -6.9041784384086515e-43)
(0.9052082147278089, -5.733726856056888e-43)
(0.7961155186324189, -8.974966547031356e-43)
(0.047394460314000325, -3.857313515348662e-42)
(0.04580296511673614, -7.851227455979739e-42)
(0.3649981046569303, -3.4288783527869337e-43)
(0.6910463279250845, -3.0605578692371575e-40)
(0.010454676826907275, -1.6541513732074705e-42)
(0.031166876443073074, -9.567126791233594e-43)
(0.8596688279851874, -3.923960737182168e-42)
(0.9093917227432046, -2.893821991869716e-40)
(0.2609419768919422, -4.61417284448928e-43)
(0.6535453460657115, -9.975688365188482e-43)
(0.1460488415561045, -1.5317917183513857e-41)
(0.25508784191414047, -3.556928987163899e-42)
(0.7964194166411779, -2.8663013731205133e-42)
(0.4045582950629869, -1.2493332375990143e-42)
(0.9286601991281654, -4.5901751232957685e-43)
(0.6332361338242299, -1.734093425791293e-42)
(0.7016746955171136, -6.1261234737892074e-43)
(0.6802385680499076, -1.0608748818042407e-42)
(0.7936964107914533, -6.962710401905106e-42)
(0.7922289165843578, -3.8203917833362075e-42)
(0.6674464713153109, -3.9877033137427447e-42)
(0.29377665680566195, -1.505085062279424e-42)
(0.9877384830429042, -2.3186526893562667e-42)
(0.6791344028299621, -4.697881968572771e-41)
(0.8393246263870027, -5.618042985915702e-41)
(0.15246400628766543, -6.3331619726293895e-43)
(0.16599681543841996, -3.312031330619516e-42)
(0.0812772679530423, -5.170900020715813e-43)
(0.2975287306106331, -5.6560303665134435e-42)
(0.2720849631506865, -2.6022861423351473e-42)
(0.039202494783511864, -2.4903989949382353e-43)
(0.29212817103587785, -6.915770954612846e-43)
(0.9563437766487745, -1.1084836894103281e-42)
(0.5100020567873259, -1.0111573311568485e-41)
(0.5085629068743722, -6.850779519029574e-42)
(0.035845228914299296, -1.286171412948562e-42)
(0.1727129534165828, -8.05735093251585e-43)
(0.8561520425062316, -3.729908341613867e-42)
(0.5199332088505058, -4.0943936761692634e-43)
(0.5796974088080832, -4.918242144707276e-39)
(0.5039398714588856, -4.3142619632780157e-41)
(0.0031267975974961478, -2.016756892176455e-40)
(0.20515434474575558, -2.320873146057764e-39)
(0.017268455583682014, -1.1373106093086318e-42)
(0.4087757867372035, -4.280126001539579e-42)
(0.09634290413656782, -2.968298343142912e-41)
(0.1255102040778575, -2.1905806433707023e-40)
(0.7097536059252102, -1.7631690141266794e-42)
(0.4825388411056592, -2.9159401821865624e-40)
(0.5070511631770591, -2.9625054388406967e-41)
(0.003491078446016334, -2.434793193065772e-41)
(0.6559367039871435, -1.6947359763514398e-40)
(0.890965069928542, -3.3537538987689126e-42)
(0.8319249206129582, -1.2318160595169003e-42)
(0.07256864525459211, -1.674557509904981e-42)
(0.9740987243251819, -1.6334313442403277e-41)
(0.7753944224774963, -5.993702697544631e-42)
(0.6151745843899273, -7.155000106169343e-43)
(0.5787713080769015, -2.978410933577762e-42)
(0.17606699204402074, -5.1911015670361404e-43)
(0.31135394199715877, -1.0240727452271541e-41)
(0.8992861368528806, -5.922931119535458e-42)
(0.0367179618400707, -3.836794088104943e-43)
(0.283341424128872, -2.617673064888083e-42)
(0.7869133090729193, -7.451337147246009e-43)
(0.7624141474130082, -1.5798249779406722e-42)
(0.9005028125075268, -3.8451201912325734e-41)
(0.5065771522830798, -3.3979174712024125e-41)
(0.6546881173386984, -3.4376839519150093e-42)
(0.4488448047216614, -3.298562670263986e-41)
(0.7311909767606315, -6.758453011016835e-43)
(0.3927068566075009, -5.6513063750227353e-42)
(0.21875551213265831, -1.0867854357101862e-42)
(0.21036494975606929, -8.99611780972838e-42)
(0.0686410470913232, -2.3302375752709565e-43)
(0.6507282616407619, -2.3369558757443876e-42)
(0.6464839597361466, -1.0220098856055529e-42)
(0.4429083902861557, -4.183847551193385e-42)
(0.727030871907517, -8.409002927588358e-43)
(0.16295574698477056, -1.499649397137557e-41)
(0.8888103470392865, -6.403819738976914e-41)
(0.6380799592676409, -1.1195579018094799e-41)
(0.39550379513209705, -3.114485362165619e-42)
(0.6677765803235247, -5.446553928201685e-43)
(0.20126068861187194, -3.69059598879397e-42)
(0.46745318827799376, -1.631094544124141e-42)
(0.01229374483010595, -3.4698325192039046e-40)
(0.9226360386126704, -3.391041927009288e-43)
(0.8883180989464703, -2.4813163387244846e-41)
(0.9449565629374197, -3.379612933156702e-43)
(0.29694459587748046, -4.884843359369255e-42)
(0.46274732489020903, -1.168648975373778e-42)
(0.8410903707168158, -3.595022312188159e-43)
(0.08359414499750735, -1.5663366428591803e-42)
(0.8901534880432763, -2.919354614451811e-42)
(0.9411975760480458, -1.7205769503778558e-41)
(0.1232165883206394, -9.699566205841234e-43)
(0.8747287281994325, -2.3141462372515973e-40)
(0.689742801265834, -1.0709650910511704e-42)
(0.06405302653342329, -2.3315052612982916e-43)
(0.8282347678595632, -4.749296315784494e-43)
(0.18979755401883647, -9.75568848366483e-41)
(0.28719785441735424, -1.794561907181947e-42)
(0.6773714366567017, -8.185291590617127e-43)
(0.9688728668385042, -1.505383515967959e-42)
(0.1606689500818526, -1.0501166673804778e-41)
(0.6632778570707928, -1.1845928190806496e-40)
(0.4575699110118087, -4.771706114227986e-43)
(0.03261933383448148, -2.6903545031699807e-43)
(0.6297630174596568, -1.6749966349320307e-41)
(0.9829299932053471, -8.059200708401318e-43)
(0.35440809240707777, -1.0723419022646035e-42)
(0.03619548447500221, -5.593921386763999e-43)
(0.1995447766715303, -1.288710921473817e-42)
(0.8737104173307865, -5.010587172911521e-43)
(0.16171987511728977, -6.17681526193449e-42)
(0.22779867729351178, -6.861616983327167e-42)
(0.20159490832977295, -8.922943165880254e-42)
(0.13057739481526276, -9.471042220561112e-43)
(0.6315922092806896, -7.685157841798617e-43)
(0.5309072815937875, -1.0868736686158827e-38)
(0.7704228425930437, -1.1537155427312066e-42)
(0.7123085608157628, -6.5670783346104215e-43)
(0.7449702805019941, -2.560497745175745e-43)
(0.24889774990408248, -4.365877189314186e-43)
(0.9256979333388609, -1.373704738095252e-42)
(0.35979172998262077, -1.2220213385166787e-41)
(0.9695371883310647, -5.495018352596827e-43)
(0.5240951135529186, -2.130143615174315e-40)
(0.8787340479202848, -4.944116640424123e-43)
(0.7971627606068331, -7.899069204146372e-40)
(0.9138327093258746, -1.3467191776116695e-39)
(0.41383517982227935, -6.075719768108378e-43)
(0.776180784649954, -8.512530458344103e-41)
(0.4169635889260251, -4.191669419562733e-43)
(0.9006919787300065, -1.3986337595903845e-42)
(0.605033496223544, -3.217006380586659e-42)
(0.6950756029784642, -1.9190730016873873e-40)
(0.8302304480569742, -9.19952195697226e-43)
(0.6824219750468675, -9.307416603353461e-39)
(0.2870835641359639, -4.955246526677827e-43)
(0.6626079346895427, -4.190161580681175e-42)
(0.04526105347575771, -6.814469487628761e-42)
(0.35945745979334703, -3.6014002408875445e-42)
(0.33944821077364523, -2.884479922963616e-42)
(0.7862635759083375, -2.0082810282107687e-42)
(0.5035137613771821, -1.578573660855986e-41)
(0.30629777516902246, -8.441191094032691e-43)
(0.9680488157421456, -2.9623304422574225e-43)
(0.871507493036687, -1.933656021042781e-42)
(0.09479374587756013, -3.0220589365251813e-43)
(0.35614893231404404, -6.311326196841863e-42)
(0.12240754748715635, -5.57249420387397e-42)
(0.9783934623606005, -5.651447150235851e-43)
(0.683589712763528, -7.080915186148279e-43)
(0.0430289455483251, -1.1822328738059278e-42)
(0.943321643734148, -3.856582774554622e-42)
(0.7254558114461017, -1.3765831534029091e-41)
(0.6498168725422786, -2.3944882748214552e-42)
(0.9058006740161165, -2.6792565033967274e-42)
(0.6093607969552037, -8.024247900458922e-43)
(0.8834798568973764, -8.413184109132765e-42)
(0.22158801747081988, -1.1516146429533683e-42)
(0.4823353206597278, -3.0829215328869895e-42)
(0.9430897122294581, -7.825702310494296e-43)
(0.21365419003604438, -1.2574087471859428e-42)
(0.03222810425731406, -6.632476393257322e-42)
(0.6124886677003051, -1.4326632743522379e-40)
(0.0072081194171332045, -2.5028861034759845e-42)
(0.7536220337719929, -8.51605149616795e-43)
(0.43322389158478863, -6.741480700413563e-41)
(0.20331653668208297, -3.128661431874614e-42)
(0.8425534645133258, -1.1382921866158526e-40)
(0.2297573087675056, -1.1288981378813985e-41)
(0.13051332615445224, -3.123869268130527e-41)
(0.563357811613926, -3.3879299236128835e-41)
(0.9002853998823099, -9.18317839479495e-43)
(0.8640015541528009, -2.38102775765854e-43)
(0.861361021217276, -2.3022912096825685e-40)
(0.15193069082293154, -3.71867052315875e-42)
(0.4963577387378371, -1.1857618795960484e-42)
(0.5608427943888213, -1.1931696175946543e-42)
(0.9810965396671193, -3.0340374548053874e-43)
(0.587824317874248, -1.4666745818650212e-41)
(0.5426231428213445, -7.224810373434141e-43)
(0.5753328062147763, -4.6979327177810875e-43)
(0.5054807071580912, -3.715433375679795e-43)
(0.8368677845031118, -8.597471658111077e-42)
(0.13872383564913512, -2.8783762766494245e-41)
(0.360968788130679, -3.3388940404268872e-43)
(0.9215440071142572, -4.1022542508183487e-41)
(0.2176172342669112, -5.8408834026465365e-43)
(0.6645248456454408, -3.410966296532567e-39)
(0.9673158881636739, -2.9041603202488266e-42)
(0.8789127393315492, -1.2154279450918586e-42)
(0.9108228948647655, -5.4309158641380096e-43)
(0.8927442046096207, -3.7236940553357e-41)
(0.7410113968653511, -5.658602719989568e-42)
(0.6559056277234285, -4.253058977595093e-43)
(0.04642154066402191, -6.185225637833834e-38)
(0.3974376214279934, -1.2381750643303798e-42)
(0.4184867940092359, -2.7432441140689762e-42)
(0.5284705789388352, -2.969146475020258e-42)
(0.5975120658220502, -4.6264565287319695e-43)
(0.4246787921430251, -4.552999362913652e-43)
(0.1329462599056491, -4.923731883017693e-43)
(0.9360553966433959, -2.5674499599303188e-42)
(0.21423314595551446, -2.735810309556773e-42)
(0.8165700088996719, -3.106277562023788e-43)
(0.8383607173353981, -8.021258552627604e-43)
(0.04296876991367637, -1.025422922724552e-41)
(0.6923131297657114, -1.0965876762048507e-42)
(0.9516193095544452, -7.839956507171958e-43)
(0.9282757518033007, -2.2622590578649903e-42)
(0.7945126133190068, -6.863593385199503e-42)
(0.13736262836235705, -1.4682880156659827e-42)
(0.6798256416613305, -2.6504608570481513e-42)
(0.6524983772504418, -1.5266392361425724e-42)
(0.7336188837863171, -9.056829385547858e-42)
(0.9261179531170526, -4.285824215674503e-42)
(0.08817350287670585, -6.71499602842332e-42)
(0.575676791395181, -3.203377368538731e-43)
(0.3079562594518865, -2.0408781431736457e-42)
(0.12051202254843311, -1.628524371780523e-41)
(0.7590503974187791, -6.933589172568899e-43)
(0.9512733891509321, -1.7527712536496627e-42)
(0.2441118795195324, -7.762731386854134e-43)
(0.07250774011961104, -3.0082372838939315e-43)
(0.21969701263808813, -6.409575068655053e-41)
(0.8791605672296068, -2.844922571621258e-42)
(0.8719718308594638, -4.573541000871283e-43)
(0.6595058560259093, -2.2248707857049966e-42)
(0.04646524823196461, -1.3917258357181649e-41)
(0.1645406750639566, -4.908406759421109e-43)
(0.8944393305300933, -6.788289348955687e-43)
(0.11522977157190427, -5.979189404109445e-43)
(0.06271829548093381, -1.0880301095402462e-42)
(0.8099676703648335, -2.7895577666182177e-41)
(0.8182927055136, -3.8522428279588266e-43)
(0.533341244646246, -3.6392174359007805e-42)
(0.5570248709662231, -1.1411877791665356e-42)
(0.6976801348120076, -6.718718526560404e-41)
(0.10115219227126199, -2.583023432652429e-42)
(0.0019210137122161062, -1.3672145242513943e-41)
(0.19377027890378726, -5.418108142731916e-42)
(0.1357292766505304, -6.584949867145628e-41)
(0.1143011009614511, -6.905284676256037e-43)
(0.06516861287113247, -8.596255209032551e-43)
(0.5082151266602616, -1.2747822201904348e-41)
(0.36496656091655877, -1.0679621432146863e-42)
(0.004729762487225978, -7.544827729927883e-40)
(0.2976615748805043, -6.63709788396643e-42)
(0.7263739870999979, -7.449210976132864e-43)
(0.02959094235899199, -1.070958845089038e-42)
(0.10237830034158847, -6.1682087244276e-41)
(0.5963222681184677, -1.3404153910315354e-42)
(0.7572223649573127, -9.101211872819083e-43)
(0.24251495689308425, -2.6724956779913413e-43)
(0.3073392792357885, -2.4562563639972763e-41)
(0.9371499443810781, -2.8554156926539642e-43)
(0.2231424457398967, -3.088523208481822e-41)
(0.5367406961009513, -1.3835187150556247e-41)
(0.6093813379765545, -1.2895987050034758e-41)
(0.13398531629349178, -1.9548474475025153e-41)
(0.857071756204657, -2.671699469804672e-41)
(0.05314252416567135, -5.30875002809842e-42)
(0.10553423397132086, -4.232650982774048e-43)
(0.3468695055491087, -1.0707704530724566e-39)
(0.3198432875826994, -2.4997073778574837e-42)
(0.2704588546784839, -4.397569720211739e-42)
(0.37114817546312245, -1.2845014487161944e-41)
(0.08626385085507576, -1.1839745851690858e-42)
(0.9505571756619727, -1.8621411881153242e-41)
(0.1699065820715379, -1.0240722705299176e-42)
(0.10227980054546428, -9.654038843427517e-43)
(0.8085361167986963, -2.2265915436975724e-42)
(0.3310039596713549, -1.2017043510481834e-42)
(0.5999814979361343, -2.651965912039445e-42)
(0.9872455988691735, -7.934379009428476e-43)
(0.8640636367971567, -3.334556120851798e-39)
(0.3587414292646944, -1.0431428756895625e-40)
(0.7379280493661186, -1.339641710010044e-42)
(0.9383865617131246, -5.002903895877983e-43)
(0.011143851376914985, -5.469164460784735e-43)
(0.8883782428703156, -3.6701711881698235e-43)
(0.7504286910380276, -4.1983129948275505e-41)
(0.6171754244804188, -7.472738410328855e-42)
(0.6918338462899032, -9.019914202958451e-42)
(0.1746797333128485, -4.766521444530436e-42)
(0.5975610238812739, -6.958817135019518e-42)
(0.39064927897748414, -1.0865698141535014e-42)
(0.7693261405632206, -1.6629779160167066e-39)
(0.8589821537337005, -2.6378190013184916e-43)
(0.9977816529667618, -2.0666992148275736e-43)
(0.8139994409498504, -1.9000833777764801e-41)
(0.6234754770159883, -1.5335742599891264e-42)
(0.8129139538586653, -9.313286312723434e-38)
(0.18093664695356074, -1.5943324240570424e-42)
(0.01319417672152076, -4.6482425903973626e-43)
(0.15533147771401945, -2.166263257192229e-42)
(0.7553366626173096, -6.111229668469672e-43)
(0.223538405333937, -3.969273923316171e-42)
(0.2566856275894571, -2.6772507741671744e-43)
(0.6068596494804137, -9.694501528551541e-43)
(0.33867219211453536, -7.443319551342303e-43)
(0.5136939909036751, -7.580475937621329e-43)
(0.7463050150077034, -2.926685549647047e-42)
(0.34630796515421125, -2.450869695440692e-42)
(0.7914420779691941, -5.903846905751464e-43)
(0.6234414101379162, -5.9769724908155674e-43)
(0.6242459308542131, -2.806328711361419e-42)
(0.2607316822818353, -1.406771485491895e-42)
(0.036842652157029296, -3.7192649696067475e-43)
(0.6564367011603236, -5.845474926641964e-41)
(0.9584316456468824, -1.862388347047883e-40)
(0.016805106519516593, -6.933811406902169e-42)
(0.008614989049605625, -3.4071244866332108e-40)
(0.6769373616345061, -3.0696247865449125e-41)
(0.3501355156653995, -1.8141080359896027e-42)
(0.8254861785272744, -3.4992300469028487e-41)
(0.13851942064418615, -1.7304865028162411e-40)
(0.6491944658181646, -5.093181445726355e-41)
(0.5567221377408784, -9.864608261875045e-42)
(0.9107489720512427, -1.1595754653323723e-42)
(0.5053425531424182, -1.6303821661946096e-42)
(0.4988343264292405, -4.226720324948587e-41)
(0.8729178800123139, -3.7445946947042956e-42)
(0.6123368240294769, -5.379967596952941e-43)
(0.06528584142319935, -2.52997727399682e-43)
(0.6336896478456563, -6.5341600544049834e-43)
(0.7294377263789946, -4.664202424476446e-41)
(0.9779953951921126, -9.513094461065207e-43)
(0.7341874946894931, -3.073434889096069e-42)
(0.6292290262552229, -1.8275491673633995e-40)
(0.518885735257508, -7.607784724967676e-42)
(0.562529682230482, -7.411926908049054e-40)
(0.5613692839936947, -4.5001239827187616e-42)
(0.9118889840371023, -9.145296631038268e-41)
(0.46247302666028073, -5.932751454615653e-43)
(0.48685583737790256, -4.195715596398983e-42)
(0.10898089312573203, -2.6930948948155776e-43)
(0.9603884363339525, -1.3120199499120373e-41)
(0.10139802225241876, -1.9526945715502735e-41)
(0.8644148286686769, -8.541610521117085e-42)
(0.49440825608259564, -4.08432575817769e-42)
(0.175205418631084, -8.737269950978581e-43)
(0.1703079095241316, -6.098502817781822e-43)
(0.7509232804196854, -7.511461816163928e-43)
(0.38452740999924767, -2.0126274105084584e-42)
(0.33665557283985204, -2.9335893421077346e-42)
(0.6002358863645051, -5.847595600095954e-43)
(0.17701785664624992, -5.89953985600737e-42)
(0.5604612595730512, -3.752832834717363e-43)
(0.7533380430142695, -1.6866909350004943e-42)
(0.0467274061915529, -4.781001217205299e-43)
(0.17551969848313156, -8.751715607746281e-43)
(0.10433668568590328, -9.364420976610012e-43)
(0.4261463773029042, -4.7117291131151484e-42)
(0.05752622015208355, -2.2799274165743745e-42)
(0.977519561816853, -3.826798345102137e-42)
(0.8401983716467122, -5.7357238176782754e-42)
(0.7447419107093928, -5.3501388724037e-43)
(0.6379187885881733, -4.0864664888199e-42)
(0.19008566780645939, -4.629468222866026e-41)
(0.4025391905646678, -4.6338472938742e-42)
(0.22885221557011312, -7.409734481892074e-42)
(0.29125523085041893, -8.934024552455891e-43)
(0.6808775919783727, -7.504664455621649e-43)
(0.7502473829003987, -5.442524444499875e-43)
(0.3056157169083435, -8.96956105914776e-42)
(0.004867507923095793, -1.9841106617391828e-42)
(0.002615231459113954, -6.161890824417811e-43)
(0.6787636034260524, -2.2418569813063304e-42)
(0.8307561779228909, -1.3952523688547994e-41)
(0.34988549457729495, -8.036910925025272e-43)
(0.7281474774132775, -1.2826348737769817e-41)
(0.27728161503619414, -3.8943944961648395e-42)
(0.18640771719742058, -3.5751890158394526e-43)
(0.7101872550137083, -1.3274485525697495e-41)
(0.4780329667905779, -7.907547133088818e-42)
(0.5597621144031312, -2.131695802515803e-42)
(0.3101680776952876, -1.572491341296868e-41)
(0.34443165386501573, -8.487318988229979e-43)
(0.4554792243910229, -6.4999310352291704e-43)
(0.9751955085507336, -1.0290120270035238e-38)
(0.7461552883678991, -3.089032839904351e-41)
(0.46989186090380797, -8.556042192434344e-43)
(0.6631846546557337, -1.1720262323407459e-42)
(0.2966087902699182, -2.8415544277370247e-42)
(0.4299213328643351, -6.679882828520517e-42)
(0.4357276809508881, -7.070543706982941e-43)
(0.7171827333493714, -4.457599911656225e-43)
(0.9466377086314763, -1.7497703851116664e-42)
(0.973429334032597, -1.383533824914287e-42)
(0.6458047823235968, -6.123792656647874e-43)
(0.4377745711748535, -8.576680463278361e-42)
(0.10450979448409643, -1.1254663768288026e-41)
(0.7396258506572727, -2.2812060305960215e-41)
(0.6366792259570923, -1.4954809809187444e-40)
(0.9728312589352429, -1.8824413433188797e-42)
(0.46675779507308846, -7.162608203539127e-43)
(0.005107177387385169, -8.244983712209443e-43)
(0.48046926275971436, -2.813316693911519e-40)
(0.5182071889788287, -1.3776254069158517e-41)
(0.6464532784440309, -1.5376102227566655e-42)
(0.6785005332403152, -1.1015541976587149e-42)
(0.7374100347730761, -2.0988770755908573e-42)
(0.7835769245367615, -7.493501174594814e-43)
(0.5952167388972468, -2.4736039836348564e-42)
(0.1818882817034315, -4.4733448537123797e-42)
(0.14805668252516896, -9.164855551842326e-43)
(0.1706576758932067, -3.204252417575266e-43)
(0.3594118411575801, -6.750982780405726e-43)
(0.5162904787997307, -1.138947004171857e-41)
(0.8273210791088048, -1.87535227277448e-42)
(0.12039634478298458, -5.872663184585978e-42)
(0.8205073633508608, -8.017560312972205e-43)
(0.651968347716003, -4.7517992139358555e-42)
(0.6405830236996193, -3.5908205174245e-43)
(0.880916062577329, -3.642437410870334e-42)
(0.7861443291916168, -1.812873322893419e-42)
(0.9591542662835447, -1.6780734650470058e-41)
(0.5649273200161693, -6.003037378258718e-42)
(0.5027321862395765, -1.4486389885790792e-42)
(0.07779994219724654, -4.046933593311697e-43)
(0.2104265955599448, -1.3888859491914116e-41)
(0.9621595619848315, -5.494356831521514e-43)
(0.7520714863135282, -5.5556977631694874e-43)
(0.5792969613285012, -1.1654325798850472e-42)
(0.9568604385718222, -6.384111814408264e-43)
(0.44319897289234317, -1.636843373647817e-42)
(0.5804669134167086, -1.7513394009697907e-40)
(0.8104200561165391, -4.9136357897289214e-42)
(0.5957041601055536, -5.654084042185376e-43)
(0.9724006815049724, -1.0588619639869099e-42)
(0.8235502477833917, -5.1896213292786425e-43)
(0.535737644034225, -2.1173837566366275e-42)
(0.7740527694334061, -3.5771277593490435e-40)
(0.9749261406072814, -2.324680972977077e-43)
(0.6119007413286428, -4.592478919693852e-43)
(0.808810160558068, -3.782662551499413e-41)
(0.5172907880963948, -1.00146529831804e-42)
(0.7114396355361923, -5.432029852860528e-43)
(0.20391339522301377, -2.9044781851279296e-42)
(0.4962166971786559, -9.079596100812632e-43)
(0.12635317610877106, -1.3474760382800037e-42)
(0.02943021074905402, -1.0959896650772024e-42)
(0.1775107907223569, -7.266782033354316e-43)
(0.13045313943578268, -1.1530694950479547e-42)
(0.871879088922903, -5.566010964043452e-43)
(0.9768291195179476, -1.1117158817625279e-42)
(0.13622852840532715, -8.697236711553803e-42)
(0.5151566353041593, -2.8126468072420033e-42)
(0.4163617871336649, -3.325686551531601e-41)
(0.09360812999885754, -4.1560851420504684e-43)
(0.47707567994500627, -3.6561288957781777e-42)
(0.011207989581507797, -1.5282069331771094e-38)
(0.09004986113448475, -1.6565498425956692e-41)
(0.5504892577513312, -1.5156001161452198e-42)
(0.02642700678990248, -5.0785650074232854e-42)
(0.8573706458360757, -1.3189897217492149e-42)
(0.790975706714849, -4.109940336544012e-43)
(0.8232109711734122, -1.7314587821679163e-42)
(0.8355819574078348, -4.689091910820739e-42)
(0.5438057274456892, -4.628464940481943e-42)
(0.1435763650044431, -7.172232772021772e-42)
(0.016505347019609703, -2.6623034672459803e-43)
(0.6984941529602889, -1.086468837589304e-41)
(0.7579990309967497, -1.3044997953841775e-41)
(0.501487251220308, -4.679901326661158e-43)
(0.23894845677674373, -8.89760620838958e-42)
(0.03613971293494312, -2.730550590324656e-41)
(0.551306351683592, -7.319978315492858e-41)
(0.9939852148309173, -8.638543910164627e-43)
(0.21132918707596682, -2.432461575715776e-41)
(0.5201243535031652, -8.431162794423503e-43)
(0.9354496449658244, -4.281865061003494e-41)
(0.8414349416733872, -4.900951612518431e-41)
(0.5708075665512575, -2.378356014001531e-41)
(0.849014893170166, -5.651596861763329e-43)
(0.4183900178495151, -9.36899493134201e-40)
(0.6531418433774661, -5.680645385822115e-42)
(0.9945410816472419, -4.712169913471699e-43)
(0.7069981957757073, -1.0544821407793918e-41)
(0.3165395081091996, -4.517761780934967e-42)
(0.23448976433504556, -1.7297012025793744e-42)
(0.9311152593463509, -7.26174356777601e-43)
(0.1423348120670669, -4.9497317133360857e-42)
(0.8476739538084747, -2.4287146624369687e-41)
(0.1904976770148812, -5.632210320810121e-42)
(0.057988387702598294, -5.5907107764840496e-43)
(0.9222432365220135, -2.2989684405179196e-42)
(0.0819806432961064, -8.539349481378002e-42)
(0.16395865495029782, -2.414628496739779e-42)
(0.39912811414123855, -2.344632014218432e-41)
(0.2905455724913278, -8.950952734096913e-43)
(0.6034103533998324, -6.23309561873557e-41)
(0.8561689060349108, -8.388877138426059e-41)
(0.02220830666965821, -9.063581480529266e-43)
(0.4740096573194899, -1.0985307126379933e-42)
(0.5986049710198564, -1.6889489583411064e-42)
(0.5243539252442133, -7.309888233887511e-42)
(0.1338206061908632, -2.9785553228449215e-42)
(0.05113486265535326, -1.156607895299143e-42)
(0.6352838809026002, -1.0990939346477335e-40)
(0.7575604438194856, -3.895811103896927e-42)
(0.03185510713118713, -4.7486480168704625e-43)
(0.7737864354252785, -1.407449648541638e-41)
(0.13015331338187194, -2.8053541807325756e-39)
(0.5712655892863446, -5.963332203349872e-43)
(0.5376589844456768, -4.546636327385573e-42)
(0.4319440351399197, -8.464885841779743e-43)
(0.7109700798076379, -4.415589092919987e-43)
(0.25197747132105375, -2.2187801482742448e-41)
(0.7861400487103706, -8.81140194967666e-43)
(0.16566421023005468, -1.3156982692233568e-42)
(0.44182478927256913, -5.947885628163462e-43)
(0.5478507766701275, -9.587826753982781e-43)
(0.7731110096913616, -3.950835360292713e-43)
(0.48433355040068116, -2.6209016435642042e-42)
(0.9303734079553823, -3.558534992675288e-42)
(0.20430591114574903, -1.5733352201451802e-41)
(0.04774705012613829, -4.998109406534838e-43)
(0.6033472304337655, -2.739619672975527e-42)
(0.3972063639133253, -2.2946156473482548e-42)
(0.02511419331451851, -8.828036167936346e-41)
(0.8696861299528145, -8.27764432269264e-43)
(0.7278285478442348, -3.452758214170591e-42)
(0.9344092189437271, -8.953654813455295e-41)
(0.7613570517030446, -8.156654052001117e-43)
(0.1852768497317643, -1.956345785042011e-42)
(0.9392605125930358, -4.564366103497025e-43)
(0.06510012482236001, -7.863772585598777e-43)
(0.5057214729688403, -3.2905630302794627e-43)
(0.3146042047700849, -4.681157087013483e-43)
(0.14310293515092776, -2.7885425480109045e-43)
(0.3356499570377995, -8.736125827397537e-41)
(0.1431853639415424, -1.0630677553768764e-41)
(0.7883592140797305, -2.304792518652337e-41)
(0.3032704568715975, -9.91487089296484e-43)
(0.6823672098002297, -2.2296519557541516e-42)
(0.5568889618608336, -7.490745697870562e-42)
(0.6891150904917863, -5.827266105522051e-43)
(0.8954569314139544, -8.714364849256844e-41)
(0.026346735204731728, -1.08829477018745e-41)
(0.3195327579160998, -7.961587212524708e-42)
(0.6811158983111627, -1.745423427482527e-41)
(0.7774935034546268, -1.5545831677975508e-41)
(0.3761872484233111, -1.1710835840299347e-40)
(0.003406728430302037, -2.347789792874995e-41)
(0.9665752699078738, -2.4626152778927346e-40)
(0.9711627234814731, -2.5091047882983177e-42)
(0.20590579579609594, -1.0313495053895664e-42)
(0.5293181430392726, -2.4133543051856218e-42)
(0.9761589494671253, -6.091401975777649e-43)
(0.5393742318447818, -9.892416646289258e-43)
(0.7070879347983908, -5.370800540293195e-43)
(0.9809806887157843, -1.6716014588786888e-41)
(0.02206655452392172, -1.8620603285372024e-42)
(0.40732634388294375, -1.0434476463853194e-41)
(0.16440843677491832, -3.0368768221876777e-43)
(0.7052073377589786, -1.4091270376556503e-42)
(0.7209474462890602, -2.778922484133198e-43)
(0.41513091675230873, -1.4830782758954653e-42)
(0.028913553150181657, -5.352810703663074e-42)
(0.0733115665537757, -3.182545182454756e-41)
(0.9683977746246455, -7.271652030103044e-43)
(0.49449575621005143, -7.300264461476084e-40)
(0.14029103721247985, -4.9679110711380975e-42)
(0.8371632340209113, -2.3759803973416024e-43)
(0.9641764506991859, -1.0273027299054352e-42)
(0.3554594970585856, -2.5957208648635685e-42)
(0.6797955874150865, -2.9769505947832404e-43)
(0.6277437603870442, -2.485886285649938e-41)
(0.023293370968839607, -1.1364116638214004e-38)
(0.4877674116538735, -2.3811580011086315e-41)
(0.08633356972566482, -1.587926891404807e-41)
(0.20283384146977565, -1.9958478526785693e-42)
(0.47046782706292045, -2.88085395010153e-42)
(0.5762557996442241, -2.4221436534229442e-42)
(0.6423018351157158, -1.2769441751856845e-42)
(0.41190148221343414, -6.517912451159895e-43)
(0.6959767684529826, -2.676509610226872e-43)
(0.4952262756019892, -9.799525698934932e-43)
(0.231079155860096, -1.586901266885448e-39)
(0.07837291735313755, -5.250531851009787e-41)
(0.46206890298604036, -7.482730974681579e-43)
(0.3729980095071782, -1.8371538753113642e-42)
(0.2627169570498152, -8.11000085992788e-40)
(0.6820034323481678, -1.782924564663135e-41)
(0.7833761353532234, -2.5958071136688888e-43)
(0.564620366817966, -3.0931550364995325e-43)
(0.172678491435532, -4.461995124340413e-42)
(0.9602288952887131, -1.166242528598709e-41)
(0.6967619438163708, -1.378033954549563e-41)
(0.8747394872043709, -1.5276613030964582e-42)
(0.6488145181664188, -3.314222211743161e-43)
(0.523117763614975, -7.67391972700699e-43)
(0.697715065538977, -4.0626854679757536e-42)
(0.3648847291805321, -1.2226283380983922e-42)
(0.9676958587196225, -2.0350954966736096e-42)
(0.29170382228544917, -9.700350861410687e-43)
(0.9297322346007442, -1.729635487654229e-42)
(0.5785770681324605, -4.791652942319342e-41)
(0.0620361395410055, -4.567672547078801e-43)
(0.9463906630158451, -5.000783727714375e-43)
(0.3026490860068956, -1.8413441667708015e-42)
(0.2159773233424778, -7.66558704974778e-43)
(0.7657932928905191, -4.69828011631736e-42)
(0.54460203783145, -4.8677043930398385e-42)
(0.8723824348647232, -1.2232087156368502e-42)
(0.8299961535973863, -1.5266601533657752e-42)
(0.26238117444019016, -1.513748866335275e-42)
(0.8164061649069163, -4.765354564382716e-41)
(0.9630725103174089, -8.553050055629658e-42)
(0.47791550388285065, -7.89425228669527e-41)
(0.7812809874450575, -4.556929545681265e-43)
(0.5451764867581433, -2.026455852529193e-39)
(0.8280004149952555, -1.8395025216425096e-42)
(0.3844693355553779, -6.903969624166938e-42)
(0.42197354521390334, -4.808215166722993e-43)
(0.9934385063035944, -6.885769975667063e-42)
(0.46392294084447283, -2.328448868968235e-41)
(0.3023040183313931, -1.1019610393622972e-42)
(0.22197933609591936, -3.787905776511781e-36)
(0.7395609389067307, -2.0366589297842797e-42)
(0.09651927522393147, -1.0215988715628712e-41)
(0.889335876096037, -2.5442530781300982e-42)
(0.6248571138574671, -1.7063084083444437e-40)
(0.7375598912924293, -4.356251353252736e-41)
(0.8641633866697315, -3.254074246363652e-43)
(0.615899486446145, -1.7943686218801286e-42)
(0.57779597353453, -1.8604443379090423e-42)
(0.99262295050738, -6.58580388418095e-43)
(0.3143965285227377, -3.392474607223631e-43)
(0.8473520081996391, -2.947942464779516e-42)
(0.5566710673131285, -4.720382471761743e-42)
(0.7916516232808888, -2.2798276409693227e-42)
(0.1855374659887123, -3.440359099050261e-42)
(0.9491092255558694, -3.0987559143536214e-41)
(0.2635427701029374, -1.0177817126974418e-42)
(0.004346019136624866, -8.015862577765283e-38)
(0.12701852386025897, -3.058274910309397e-42)
(0.19348104637966118, -4.317946000579391e-43)
(0.21342885866792416, -3.3119467192322506e-42)
(0.9014194464332167, -2.4366445686593727e-41)
(0.2379998619238299, -1.512493708901169e-42)
(0.6374586973313039, -2.3927022057772342e-42)
(0.9172799356354469, -1.6892144178862558e-42)
(0.7346040869115347, -9.609795262514984e-43)
(0.9266518325010563, -9.092081165970431e-43)
(0.3770856251761843, -1.900816043668376e-41)
(0.4245862525379835, -4.243415573288126e-43)
(0.638072355088884, -1.6323974305447158e-42)
(0.12733653650046056, -6.703804456167128e-42)
(0.02531493701668724, -4.959120752735423e-43)
(0.8037577279629163, -1.0569136160311266e-42)
(0.8224481269678839, -2.2885739049754065e-41)
(0.48753737675318043, -1.2003853217297591e-40)
(0.8476212149392992, -4.875317653359701e-41)
(0.9812763435807381, -5.628069194957117e-43)
(0.7496154550053972, -1.7541503849152492e-40)
(0.21715900551449552, -2.0626125260773453e-39)
(0.7234795775495377, -5.8991515767974815e-43)
(0.10961332248830978, -1.3785853185094996e-42)
(0.9672935954302279, -3.8581336644248263e-41)
(0.06634397328771496, -9.491463586937169e-42)
(0.19507769596954105, -5.350467499981044e-43)
(0.29366281587972914, -4.042368183492066e-42)
(0.9999000544364425, -1.2246716762559972e-42)
(0.861746703412198, -2.5185934973589257e-42)
(0.797080774784795, -6.127752000144872e-41)
(0.2792577118800434, -1.7789505895692095e-42)
(0.9172711286063414, -9.747374396981537e-41)
(0.34164055903965695, -2.6645612537185296e-42)
(0.9388099548951983, -1.837457008892755e-42)
(0.2931231215059309, -7.514804011903787e-43)
(0.4272418278245883, -6.997098629061634e-43)
(0.2979025940130561, -5.128086795190558e-41)
(0.4752049083173261, -4.55049335061813e-43)
(0.9842828318548756, -3.0187858812859176e-42)
(0.0705831418034203, -1.8858491478892684e-42)
(0.23256721170494762, -5.924357542371357e-43)
(0.8429168963066526, -1.5068048963034435e-41)
(0.08383343114036754, -1.3831928253295218e-42)
(0.28177125711969875, -2.200084151432325e-42)
(0.6808965709038473, -1.2825970457653273e-42)
(0.28366889175745486, -9.665111340288338e-42)
(0.7893642692367245, -3.076313689977708e-43)
(0.37220215363684356, -1.1989017613348547e-41)
(0.41571823277514175, -6.827474135006883e-42)
(0.4619853316245518, -1.073525385685218e-40)
(0.7889994306461435, -5.701748632979158e-43)
(0.2229300492875319, -2.2055530505074154e-41)
(0.37682374280213715, -3.1905953678842527e-43)
(0.9470951664870682, -1.655536268775097e-40)
(0.7448165088075234, -1.0513921863452833e-40)
(0.8520482344256645, -4.458150843273181e-43)
(0.2951981068565505, -2.8261293642959304e-41)
(0.17527193293706655, -2.4875527583776998e-42)
(0.5041933823916245, -1.7249164726612053e-42)
(0.5661787367984848, -1.8524638303199793e-42)
(0.24666120566124325, -3.70205949410961e-43)
(0.9114089645196866, -7.647721023802642e-43)
(0.24204794006877142, -7.089000115848454e-43)
(0.47998196805268994, -7.499606717486516e-42)
(0.3121815598548703, -2.3307419830865856e-42)
(0.13696203701732168, -2.896569985418775e-43)
(0.7708009983925659, -4.170092642090669e-43)
(0.16206019647265066, -8.714410346259461e-43)
(0.031001715824387804, -6.10688535899267e-41)
(0.6140875537936079, -4.36056226731747e-43)
(0.10999083674594308, -7.194935033566625e-41)
(0.8610909225554441, -2.5716159997160823e-41)
(0.144085628361832, -4.16687907032547e-42)
(0.3961878265771957, -3.712653119642435e-40)
(0.5678221362985953, -8.293511196957687e-42)
(0.05709209423280114, -6.166870358969555e-43)
(0.5936395867424815, -3.648899846161065e-42)
(0.7111336452725033, -3.246927513461698e-42)
(0.30159955217420004, -1.9353900405105456e-42)
(0.858044053891175, -2.5151383345265662e-43)
(0.28064336252576233, -6.105009788411759e-43)
(0.07611672526088016, -3.728978739053863e-42)
(0.8203423048715008, -1.2938344447876976e-42)
(0.1800817030883841, -1.5162819192663404e-41)
(0.46116234876568124, -1.132630985514308e-41)
(0.19071691365481583, -3.570065388378672e-42)
(0.04758958171559041, -4.038077091598577e-42)
(0.11074142282784495, -4.2695308418211195e-43)
(0.181034219683049, -1.069589250028617e-42)
(0.9298987661700853, -9.66266825082604e-42)
(0.811577195473366, -1.667687113895062e-40)
(0.2353271649952162, -3.313658401191718e-42)
(0.0770117375280226, -2.1275458768482907e-39)
(0.8633370554092388, -3.205921389160404e-43)
(0.7081351804979416, -1.2456513990523237e-42)
(0.17858896837368032, -2.3991526036593883e-43)
(0.3625580280834442, -5.123331080047934e-41)
(0.1326432472587333, -3.182107917316628e-39)
(0.2976558225629949, -8.16778443935548e-43)
(0.1583580694276522, -6.567641816284251e-43)
(0.07263925620284525, -1.0426414145236226e-42)
(0.04048787553355993, -1.0746617305116862e-42)
(0.5334420017679331, -5.5611704148378877e-42)
(0.12596470604920404, -3.0134289287939933e-40)
(0.9094725031770093, -1.4260741002395198e-40)
(0.5645522961784778, -2.37407302405407e-42)
(0.45107260456031295, -2.6265355002884183e-42)
(0.5461365830247299, -2.0260461647864968e-42)
(0.7495704052774634, -3.0371542728402414e-42)
(0.5185054059476644, -1.3789018314891894e-42)
(0.041772913142802966, -2.802537418996461e-43)
(0.5149761505043201, -3.747719983937911e-43)
(0.15848885437802154, -6.813725035723578e-43)
(0.9580311404565431, -2.5254316092938927e-40)
(0.018230827511151102, -5.2656909165382316e-43)
(0.1733265662673945, -1.0429948969886638e-42)
(0.43746613469451745, -1.5313467850881113e-42)
(0.2855430369710644, -2.4862561446862993e-42)
(0.3852633971066079, -4.2562313393357785e-42)
(0.9349906307655875, -1.5847324780761818e-42)
(0.35029344428242787, -2.6134350549470585e-42)
(0.36635542697523427, -8.375383447290898e-42)
(0.6037615317900371, -1.7552736099310787e-41)
(0.22381721872762128, -8.670934668138434e-42)
(0.9455132108433768, -2.7402677246966932e-42)
(0.77484292382314, -4.469445063646123e-43)
(0.8813400118940681, -1.2372777396011649e-42)
(0.07077375090736568, -7.619436228076456e-43)
(0.21691446096788863, -3.0162658553043785e-43)
(0.969874489459861, -2.980482083403022e-42)
(0.4877866369392198, -4.18269844903728e-42)
(0.08810531605664054, -2.1253857802230696e-41)
(0.32742534080203584, -2.1956959736897053e-41)
(0.39957027219510005, -3.005328558374368e-42)
(0.8438001730444648, -2.5679162579310597e-42)
(0.6369586022749724, -1.1944264947410191e-42)
(0.22556933308155588, -3.9148046032794236e-42)
(0.9577751323111706, -4.852541430029859e-41)
(0.6128656809057071, -2.9811891068362645e-43)
(0.5965764134006996, -2.281149842903014e-41)
(0.15820105624517095, -5.176829346641464e-43)
(0.5082959491391894, -2.4735463733397472e-42)
(0.6787960673457715, -5.112557882931843e-43)
(0.8389023310880517, -3.693057045623302e-40)
(0.8712308321055238, -3.2590567262309112e-43)
(0.15119127276792887, -9.1239676706511e-42)
(0.40966550608123314, -3.3991736084779324e-43)
(0.7388247298241841, -1.5381612265462778e-42)
(0.19515799951771926, -1.2943944170266728e-42)
(0.7049954219499778, -3.936296071256716e-43)
(0.7704015594064703, -7.291576748508217e-43)
(0.028410510823148494, -2.1065037574097906e-43)
(0.07481288114823631, -2.1978753687014878e-42)
(0.22968663561711974, -2.5579756788638334e-41)
(0.5567831927308764, -9.38157472646242e-43)
(0.11170274030410823, -6.8033844054699955e-43)
(0.3244763240126624, -1.3693544838262606e-42)
(0.8975494914783433, -9.689870304391772e-42)
(0.9594672136635498, -8.051887788952031e-42)
(0.6826448382758934, -4.02000865625235e-43)
(0.6299639596934051, -2.0106081671910752e-42)
(0.9875195754691263, -3.5855545980517393e-40)
(0.36215256807739216, -5.125345980028809e-43)
(0.7045026285758677, -1.2380767481859493e-42)
(0.348084137892133, -4.473274887482934e-41)
(0.16212836863115898, -5.065426775293772e-43)
(0.2916966245923512, -1.0439470373152131e-41)
(0.7801519223058497, -2.0896070343403302e-41)
(0.6448664323565004, -5.083292384440256e-41)
(0.030646055089316535, -1.3271435249643538e-42)
(0.6877076463932945, -1.7358791354121657e-40)
(0.46182050228798477, -5.165076439979001e-42)
(0.7128003948979722, -1.3314757173736393e-42)
(0.5702247266239872, -6.422358451586371e-43)
(0.6217427678712649, -1.064162504681448e-42)
(0.7346432005819163, -1.0222621451672101e-41)
(0.5769204077080272, -6.737123969327852e-40)
(0.03923517313388162, -9.035042400292725e-42)
(0.3219115695920758, -5.570469235917392e-42)
(0.11430148052974375, -1.629290071629638e-41)
(0.9037620569386383, -7.528917917725162e-42)
(0.9655852089284704, -4.812580144176141e-43)
(0.08652019996715041, -2.7223041525110116e-42)
(0.2589731249141304, -1.458106246822045e-41)
(0.9506474607582625, -3.9856160832899514e-41)
(0.42419287481422485, -1.004204051056194e-42)
(0.22977637056761316, -8.722438373891026e-43)
(0.5428196596210442, -3.5836471103781732e-43)
(0.61460919351877, -4.134920812269965e-42)
(0.16118586021046447, -3.102521947827495e-42)
(0.6333337042580712, -3.521724385652388e-43)
(0.42649263491646444, -8.589164721870067e-42)
(0.12183611137208479, -1.0590007619388571e-42)
(0.4535543423290078, -1.0863331686672283e-41)
(0.98390686628034, -1.3757517598072704e-42)
(0.8023974843400237, -1.897736108456392e-42)
(0.3240112653851214, -3.9297227435551883e-41)
(0.9792017421591906, -8.749712898603507e-43)
(0.6894734195759256, -1.0891120792372645e-42)
(0.42004057272710194, -3.9377082082702016e-42)
(0.10745098336148097, -9.545436755197396e-43)
(0.3297990842417365, -1.0951285683755038e-42)
(0.7289152615427621, -1.3704624326470545e-42)
(0.47557095491218443, -9.074605532758087e-43)
(0.017837450705711945, -2.8546042150298897e-40)
(0.15768931680453538, -2.76439390428261e-43)
(0.9569488686930345, -9.632893087523498e-43)
(0.964372182358426, -3.3870188247237704e-43)
(0.29527449987909216, -3.911367440804546e-43)
(0.6466797990900592, -1.6336939058354433e-41)
(0.9198308773634546, -6.696331095860318e-41)
(0.22294285285711823, -8.956883698757341e-43)
(0.24150827724849927, -5.2311690711512554e-42)
(0.3573365834179768, -6.74352894680662e-43)
(0.6317822348715688, -1.2109317877179639e-42)
(0.7757711897007491, -8.510074210048233e-43)
(0.6838842914465786, -3.633592125837613e-43)
(0.1229989065479108, -2.5888602635177997e-41)
(0.5817292591807975, -9.370204233554083e-43)
(0.4389682230655015, -7.891667371554472e-42)
(0.1266464930324876, -1.7086401491826988e-42)
(0.897016753888694, -4.968698156656461e-43)
(0.8406168589324393, -8.963708303325568e-43)
(0.5579124562081529, -2.019630168651045e-41)
(0.3652692507702175, -6.732537328555046e-41)
(0.2008618011957675, -1.348352639555677e-37)
(0.8928550592126429, -3.5082034834140868e-43)
(0.3502648570593239, -1.9682797048857484e-41)
(0.7266489866909588, -2.2910612286941713e-42)
(0.5383041057478306, -1.051045366074906e-37)
(0.9821533521194411, -4.4417064750044255e-42)
(0.35975278401834526, -5.118417717719303e-42)
(0.02071297432886702, -6.343423832119623e-42)
(0.9055325428071845, -6.589340543274727e-43)
(0.2612334951130614, -1.432963525434791e-41)
(0.7174840488126233, -4.310734877809114e-42)
(0.33241575281399544, -7.222484195340752e-43)
(0.4227834156510585, -4.0987716049624276e-43)
(0.5703865944642732, -5.09434765076321e-42)
(0.21175438639251168, -1.629503811233486e-42)
(0.17640848716587876, -2.0502117303570904e-42)
(0.8333206143815491, -5.199118783219676e-43)
(0.7053036051751432, -1.2870882842539063e-42)
(0.7405840748530063, -4.8530851065943645e-43)
(0.6755390806275552, -3.128441144083471e-43)
(0.49517934790873713, -3.497299167064689e-41)
(0.9578840701393021, -1.1544394556068732e-42)
(0.1493526228135832, -5.975027048982032e-43)
(0.7813221004770805, -5.839483143875858e-43)
(0.2899631181708125, -1.4023279510991895e-42)
(0.7773681827755821, -1.4920415472881133e-42)
(0.020364885271052676, -1.285901738136369e-42)
(0.14562971073816117, -4.157413754361959e-41)
(0.04169947739189923, -7.496376495308749e-43)
(0.561773006187366, -2.9297742150905465e-42)
(0.15771754241506275, -1.8173354005467616e-42)
(0.6140682543444023, -5.294284365404076e-43)
(0.007837600189982624, -3.6301197226945474e-42)
(0.5001978558861193, -1.7989796672886917e-42)
(0.5445568599510255, -1.709839633323124e-42)
(0.3060436839364831, -5.134350267417483e-43)
(0.3801995374729233, -9.622995318976115e-43)
(0.20854691297087208, -6.839019347368024e-43)
(0.6373744497962739, -6.518945228812073e-42)
(0.7354396350138911, -1.9505684178700955e-40)
(0.7565561743888733, -1.3408107887992364e-42)
(0.35369525187727896, -2.788365090773091e-43)
(0.42907582460238414, -1.4897021804888942e-42)
(0.8663040017755955, -2.5203674884641654e-43)
(0.3488398683480068, -1.0335384666840561e-41)
(0.30121405022504394, -2.6447191741731225e-40)
(0.6387106571004594, -5.261648254418913e-42)
(0.049832491941618026, -1.0023027309723899e-42)
(0.279440045381351, -4.0650606211898155e-40)
(0.0728639407713795, -2.0179429471221703e-42)
(0.42143511873322603, -2.2101576302878775e-42)
(0.5322954167138776, -8.245391640105765e-42)
(0.8328381172257773, -2.0765479876138463e-42)
(0.6287999133402047, -9.50526844853248e-43)
(0.8977084106033995, -8.5279862053045e-42)
(0.24233750639746418, -3.731371827980788e-43)
(0.6042419630119685, -7.950655311440707e-43)
(0.21332223062652547, -7.0027661217753634e-43)
(0.45591029744450995, -1.1760622128555038e-42)
(0.25282326054355553, -5.0117746417585917e-42)
(0.5464353612653158, -1.0113941137446585e-42)
(0.08550461082507178, -1.3654221932889945e-42)
(0.2635772599640825, -5.592837168671874e-42)
(0.3392628124436532, -5.078043510584855e-43)
(0.909619591443721, -4.698262519037525e-41)
(0.5417357135565652, -4.153726873125582e-42)
(0.241309849635717, -1.4315630908312529e-42)
(0.18017152219601795, -4.702206184639648e-41)
(0.6697383224077949, -1.7731900820945814e-42)
(0.09375706628540766, -9.877643314769206e-43)
(0.11711389824016658, -4.593408925307502e-43)
(0.1757296232256155, -5.937543412482374e-40)
(0.20788991809481366, -9.356143588024796e-42)
(0.3719963628510491, -6.6455016496692764e-43)
(0.38285957506075513, -7.875134511448116e-43)
(0.10976620993959658, -1.0299611387439716e-42)
(0.4530708498591236, -7.479245182566669e-41)
(0.1048666653385943, -2.654313430273794e-41)
(0.9962906162165585, -2.0472971609675302e-41)
(0.857770065997521, -7.0733945871820244e-43)
(0.6931934580125207, -2.5069018706613917e-42)
(0.7716021473353024, -3.36660354346604e-43)
(0.09066604962253601, -1.066200854728717e-42)
(0.10901627368873114, -7.527502070404985e-39)
(0.6791142490218336, -8.4636612382408e-43)
(0.6053426790060757, -4.249174011474168e-42)
(0.7497631552111043, -4.8266378627128464e-42)
(0.15454933144921154, -1.0694019151293586e-42)
(0.09709633133913138, -9.529102281124458e-42)
(0.6622397724704902, -1.0743664369286697e-41)
(0.7260306514910547, -3.204967584204528e-42)
(0.4694513811065919, -5.671482348427806e-43)
(0.2341470703139123, -7.185907466320255e-43)
(0.834497413661112, -3.5109701275785994e-41)
(0.2308582880721762, -4.814094781989795e-43)
(0.6070385283849592, -7.777133170573403e-42)
(0.6649617182051819, -4.787501251813276e-42)
(0.15029633329412376, -2.4714998741066113e-41)
(0.7910545696231672, -5.7648294529326155e-43)
(0.6814072110848141, -3.084956916851153e-42)
(0.07809109894731724, -2.3770428597068585e-42)
(0.7062043757737922, -7.020677279160616e-42)
(0.3580288765418556, -6.635349587968587e-42)
(0.5278208445662259, -4.00172190329358e-42)
(0.4448080522808982, -4.669755640695897e-43)
(0.5598581068157378, -3.9370766805582057e-41)
(0.01011243847412285, -2.0524861716903882e-41)
(0.9141617086466758, -8.367384125287709e-42)
(0.5907763907587927, -8.654601672632711e-43)
(0.8686978629324043, -7.728890706554355e-43)
(0.9323100712728695, -7.604021727204484e-43)
(0.9848500170676738, -1.101445218812846e-42)
(0.7720599058722778, -4.5964485572024916e-43)
(0.8732327054256771, -1.3167869576981552e-42)
(0.7569911812626184, -4.21571847721462e-42)
(0.28707712900457666, -3.2374582814879497e-43)
(0.7377289088932029, -1.8359779994537554e-41)
(0.3907817059199225, -2.169400874164185e-42)
(0.7759939970803642, -3.989057046787657e-43)
(0.20142005115467268, -4.5340438311768226e-42)
(0.31131119994997325, -9.263365928118446e-43)
(0.6608681531687928, -7.250267999684623e-40)
(0.5738939448161133, -3.983169070549684e-43)
(0.8378817604886939, -6.760855287077922e-42)
(0.5853474771099978, -3.5166664129951154e-43)
(0.37107489281824685, -2.2121159203721934e-42)
(0.6809877864199421, -1.7197713652123335e-42)
(0.02597362253992699, -7.624768000952042e-42)
(0.2921840023203056, -1.1367339450813422e-40)
(0.48640127024869056, -3.6990985311654376e-43)
(0.749117559173309, -9.340400762658219e-43)
(0.0475461490556719, -3.207330394556424e-42)
(0.39619765307127797, -3.817843254610686e-42)
(0.33875278695698313, -7.067399231724069e-42)
(0.2875765330603677, -3.5866379161774335e-42)
(0.9649576869169345, -4.987992609044812e-43)
(0.7187888252833768, -1.652596165113998e-42)
(0.11021529168752768, -3.696787994882756e-42)
(0.13847500414369396, -4.570437611795229e-42)
(0.8952785777084646, -1.0220506999578677e-42)
(0.1862736404201072, -6.401709976059276e-43)
(0.4514005561633789, -1.690485029403816e-42)
(0.036110685322484314, -7.09811317346447e-42)
(0.01791478275208405, -1.0625355096702184e-39)
(0.18632284090358212, -2.2001165035688438e-42)
(0.29042018527730684, -7.205042262789907e-43)
(0.7893988684562612, -1.203225665516143e-41)
(0.5830061134407275, -1.7367673486812722e-42)
(0.8119782559394145, -4.493675289342713e-41)
(0.8882914702552707, -2.5846761303268208e-43)
(0.4631909692856373, -4.85582834556226e-41)
(0.7928761586457599, -1.5697126502895136e-42)
(0.5857308647865407, -1.038144026406893e-42)
(0.7117968125168265, -1.4740059151300284e-42)
(0.7828639976606308, -2.343158703880257e-42)
(0.1404383747847432, -5.2763343191882206e-43)
(0.8988666755718848, -8.016419692712078e-37)
(0.7104795834652916, -3.2419081651665128e-43)
(0.015505271807326608, -3.5861506064604076e-43)
(0.5884058593390888, -9.210677733619768e-41)
(0.7174358829317764, -1.9391488071277326e-42)
(0.8763544876159183, -5.786110632613953e-43)
(0.5371542866679809, -1.059006215266339e-42)
(0.47543121673297506, -9.96977302604657e-43)
(0.44639577116426943, -1.623722888002795e-42)
(0.6147369143166309, -4.5888999181665805e-42)
(0.8272292324838343, -4.220134902161274e-43)
(0.9661588283662046, -5.34177195841581e-43)
(0.2563747508994498, -5.022767272884412e-43)
(0.5484154597743602, -4.296115341390283e-42)
(0.5340904546167845, -3.3426822684945633e-43)
(0.4037962285286129, -1.334294403656346e-41)
(0.4395321723905369, -1.614837272290695e-42)
(0.5120640778829617, -1.6139791928688422e-42)
(0.16585984489945746, -1.212024540117235e-41)
(0.23225343871539708, -7.072047093120944e-43)
(0.5653907324358266, -8.579881040433082e-43)
(0.26340974695409836, -5.9218797227593704e-43)
(0.7403061133525125, -4.3611672159131393e-41)
(0.338317240828635, -2.7691579990695065e-42)
(0.9366629663741052, -3.856990625471163e-42)
(0.22390391962906997, -5.62308380130883e-42)
(0.48895173380185397, -2.5327345747317176e-40)
(0.09132990438360823, -1.4989864985299077e-42)
(0.7822277038313996, -1.7201484410569566e-42)
(0.169347684095323, -4.316344076655757e-43)
(0.7242231259713398, -3.808212507726883e-43)
(0.674443645058486, -2.1673982559581948e-42)
(0.05708773839299252, -6.42757341892497e-43)
(0.6099106616800034, -9.15427154315977e-43)
(0.6532462624268557, -4.354987359956673e-43)
(0.5714259959675662, -1.1085392300164423e-42)
(0.7854647713978985, -6.932767790482728e-43)
(0.34519456902814327, -1.3051290505504319e-40)
(0.32463143056123334, -4.0288547934529954e-43)
(0.10075824095209224, -1.015082947589984e-41)
(0.3466231307481977, -8.555841964732949e-43)
(0.6936761557380929, -1.2503127506268869e-42)
(0.17784022423358303, -3.3903637311068213e-43)
(0.041641345689321374, -5.177140005728216e-43)
(0.1298761316083094, -2.437518016206923e-42)
(0.8214464795188691, -1.283868409831414e-42)
(0.9827571424564483, -8.760824243474631e-43)
(0.7177832917894624, -8.165813347247506e-41)
(0.8303579322619237, -1.5484995268219152e-42)
(0.8101698864278063, -1.9886668383497128e-42)
(0.13402076502016055, -7.011070884831585e-42)
(0.9816408780201786, -1.8797143413954346e-42)
(0.624937029201198, -1.1325416241688119e-42)
(0.14747677808550153, -7.594470386375406e-43)
(0.5333375679977804, -3.2236778931477136e-42)
(0.5406957379121656, -1.7434017032651226e-42)
(0.4211581070956463, -6.527300806863229e-42)
(0.9960868995273708, -9.724201419204299e-43)
(0.8529564679835266, -5.574036401879521e-42)
(0.17777241661922666, -6.492854581512858e-43)
(0.9031626103501527, -4.351097685275521e-43)
(0.9511240452776134, -2.9658423651916486e-43)
(0.4817108300833945, -4.636597453285344e-42)
(0.9766916497502058, -2.192307474608064e-43)
(0.13518158038930164, -7.164466644715757e-40)
(0.8237352597537486, -5.508748698494991e-42)
(0.4506393323982022, -3.290117189388824e-39)
(0.489089181980609, -1.9025055061403037e-42)
(0.2829346380811933, -1.498289566625277e-42)
(0.3909061056159863, -1.0205346606680895e-42)
(0.7955776973704312, -1.3998861133278333e-42)
(0.132844700112841, -7.676594243151353e-39)
(0.39969177883829804, -5.451875016968196e-43)
(0.5115992258044333, -1.544830740635215e-42)
(0.061900847907960674, -1.9477016068606584e-41)
(0.4363069282134882, -1.1949064558155212e-39)
(0.4555338967185667, -1.9922397669909375e-42)
(0.8748454172530693, -8.899918220688324e-43)
(0.0799084132747221, -5.9068428249000225e-43)
(0.7195253694013904, -1.952702054448745e-41)
(0.3725023338630084, -2.282597941168038e-41)
(0.7867503866846607, -5.296023637509154e-42)
(0.05676308487273464, -7.382786342896313e-43)
(0.43578839725263085, -4.804491913541797e-43)
(0.18420344173084238, -1.240165228303295e-40)
(0.23749478739637628, -4.1294099563335674e-41)
(0.521069743759847, -5.606487651004128e-43)
(0.03636396700351125, -5.6490054759306786e-43)
(0.38623098407027434, -2.6725844398908377e-41)
(0.8776971608820825, -4.296074721763108e-41)
(0.7212322670466713, -1.0907125292645708e-39)
(0.9095197039157212, -6.995813735006639e-43)
(0.0098623317778379, -1.8508817454935644e-42)
(0.2467670517155969, -1.2086174923741238e-42)
(0.18129891848656585, -4.083125007365555e-43)
(0.9591147433617437, -9.24935219553808e-41)
(0.7150909618034276, -1.5255315080505766e-41)
(0.5751371901679417, -2.35553415482542e-42)
(0.02228343812144205, -4.6152514958702983e-42)
(0.4132591945581969, -2.462058798061754e-40)
(0.18691902784972317, -9.497063922555225e-42)
(0.05245165643099743, -7.557237050746491e-43)
(0.6279028141938041, -2.1447239284957312e-42)
(0.12012456705642596, -3.0655785085444353e-43)
(0.029169982040501443, -2.8551227049150563e-40)
(0.18354629443911136, -7.835226734436881e-41)
(0.8171181214488574, -7.517187523438945e-41)
(0.7231583547487085, -5.577408594703035e-42)
(0.3613397327285472, -1.6008648856285456e-42)
(0.4454703235657659, -2.2985883357601615e-42)
(0.3432553931881172, -1.1074722836276326e-42)
(0.9932654270159121, -1.725233566220669e-42)
(0.35045569174499586, -1.80297748367819e-40)
(0.8483844245736504, -3.3086431099514733e-41)
(0.7208172818742267, -9.513732708172896e-43)
(0.13305835558768567, -2.718927694226974e-43)
(0.5445857471966788, -5.285367685622152e-42)
(0.7235222352396062, -3.10120678226449e-43)
(0.43441055882155477, -1.913731382706297e-41)
(0.739731305781962, -1.486316263769552e-41)
(0.3091519535865029, -2.2601733338084724e-42)
(0.3193336197538294, -4.654959401902896e-43)
(0.34978873518212145, -6.393519286335978e-43)
(0.0056902523144410294, -2.4407560967544205e-42)
(0.2716769392550522, -4.738203547700071e-43)
(0.7345796240073306, -1.508975646284829e-42)
(0.4485463350417285, -2.578473823235491e-40)
(0.7289743316088957, -1.0728593785816474e-42)
(0.7124413060147089, -8.175920632350946e-43)
(0.06813973443336716, -2.8988906362322685e-42)
(0.8825051098607172, -2.517140452362885e-41)
(0.6378047396108428, -1.3227993740919646e-41)
(0.9220614258275397, -9.655503797729817e-42)
(0.6514902925344519, -3.178566966659738e-41)
(0.12194018382414615, -5.115831385042636e-43)
(0.42561283818793705, -9.77074022048254e-43)
(0.37636966463810123, -4.7165274849192554e-43)
(0.25070561747135617, -6.199999729281912e-42)
(0.813848661790049, -5.448351232935957e-41)
(0.23712352284880858, -3.576679173605578e-43)
(0.4530087178890066, -7.677644031530453e-41)
(0.058883817558322976, -6.681935497516845e-43)
(0.8005759716886304, -7.211915897559994e-43)
(0.42734016412052905, -2.900424295266172e-42)
(0.8218524162475522, -1.0697420187150295e-42)
(0.4868081463992994, -9.617098323018942e-43)
(0.4102331402753394, -7.82124833416926e-43)
(0.5203187079976955, -1.6999776579095635e-39)
(0.7201796035202227, -1.23964442433275e-40)
(0.6639868255876921, -1.531406315967185e-41)
(0.5738178210695637, -1.1168488093376578e-42)
(0.5137772030546358, -2.6598949768077614e-38)
(0.010824974697995083, -3.479294296427191e-40)
(0.23258112388493177, -2.0447492437388315e-41)
(0.18301898367892186, -3.906218999520975e-42)
(0.05099216293026425, -9.694789326713137e-43)
(0.5535969268885567, -9.196980145181656e-43)
(0.16799914895232979, -2.8528783325190217e-41)
(0.6127823760791609, -2.477937236830461e-42)
(0.46791771393321985, -6.238739666705269e-43)
(0.17331105302274072, -8.314858139490993e-43)
(0.948236750047561, -3.4046790648818484e-42)
(0.939025043549475, -2.8560352892052256e-42)
(0.6920088735018974, -7.129377985289872e-42)
(0.20858422771200572, -1.0622768870903176e-42)
(0.30415755236763703, -4.4773508238648113e-42)
(0.6574105772017657, -2.3513437850677044e-42)
(0.8392750197924774, -7.336801267624153e-43)
(0.4302326933002225, -3.870613222885061e-43)
(0.2879690688660425, -5.423860584020405e-43)
(0.41446093510602916, -1.149321956376703e-41)
(0.94341621714877, -1.663646252549539e-41)
(0.14047542102698404, -5.368900718016936e-43)
(0.23980543343401137, -2.867595735311401e-42)
(0.9687025184921014, -8.616033926131174e-43)
(0.5461999344356393, -1.0685040982148567e-41)
(0.9196223482509336, -2.1769607771163527e-40)
(0.831278638479426, -2.3744660317867633e-43)
(0.9365233738979177, -1.3371272102169301e-42)
(0.2825388378633925, -3.6588033889006355e-42)
(0.6890747534691436, -4.288983773389177e-43)
(0.9281357031879308, -4.38290706149306e-42)
(0.2501117320314875, -9.301443353593769e-42)
(0.36512933316527474, -5.740446284938546e-41)
(0.6151232712333717, -1.5043311203742504e-41)
(0.2076269128677466, -1.500944738501387e-40)
(0.011770349645881079, -2.6396722373326223e-42)
(0.9011657898616593, -1.6689442038370776e-42)
(0.5564883767588151, -1.1874836141257849e-42)
(0.009830803627426901, -2.294516492035095e-43)
(0.8351512079685736, -2.4738330206706106e-42)
(0.02842269066818835, -1.0025474486885966e-42)
(0.09422499930099876, -1.1693710791059197e-42)
(0.9167740702789804, -1.2741610566303914e-40)
(0.0035656247704695713, -1.811390668883905e-41)
(0.42308237601174814, -3.662474728513931e-42)
(0.3331773081562913, -6.665069031360538e-43)
(0.6943856743562923, -1.8706284850284424e-41)
(0.5563427430064279, -1.17918098880269e-39)
(0.3819601636881367, -7.024013635225552e-41)
(0.9937417521481698, -6.172138247732792e-43)
(0.15610057758876755, -2.8494917819360122e-43)
(0.45415818045750694, -5.7233153625767576e-43)
(0.4246695310295136, -1.6557799084248093e-42)
(0.6393875933251442, -7.951489805657832e-41)
(0.7838495423222785, -4.232145071540573e-42)
(0.31551230865613644, -6.634162848877116e-41)
(0.5857852881057315, -9.791036247777307e-43)
(0.35263861170935756, -1.2555609215462892e-41)
(0.6706548650074821, -1.6551663915275187e-42)
(0.8615108010835268, -5.300553680484568e-41)
(0.7121338603800447, -2.1507333194005977e-42)
(0.8200551640508712, -1.0560073396104086e-42)
(0.24288374852554143, -4.1766668451557667e-42)
(0.54652731132207, -4.895581431352902e-43)
(0.5465498880799963, -1.2289212236386393e-42)
(0.9916822334754175, -4.863674181655988e-42)
(0.20305585938540255, -1.1832919059275449e-41)
(0.34431707590169836, -6.724359045665035e-43)
(0.11455588574397832, -1.4893583925544367e-42)
(0.22636160013583698, -2.7178355596509784e-43)
(0.22067373419664293, -5.710671799405727e-42)
(0.018361272043141304, -1.1414299274044267e-41)
(0.37947380262187513, -2.899900514194754e-40)
(0.977145763435105, -3.233547746007525e-41)
(0.6066819766565593, -7.402532039597353e-43)
(0.23060834906584457, -1.520192550177411e-42)
(0.9080540570846269, -8.727562739989991e-43)
(0.10436666377972308, -4.785181775308874e-43)
(0.5951482721424322, -4.161181132638739e-43)
(0.48611016888661285, -2.496262964003583e-40)
(0.43589982122841564, -4.38372868418353e-42)
(0.3414309725122163, -2.4069214448436914e-42)
(0.13883037262250586, -1.1786653068917273e-39)
(0.5631167237939755, -2.2455639287511493e-42)
(0.1322294661599106, -1.1030022521022305e-42)
(0.14235093611127989, -3.2565821117986185e-41)
(0.17337431705307085, -2.4903186035369512e-42)
(0.2767357023864997, -1.469515039286376e-42)
(0.7457676348872089, -1.896102642328157e-42)
(0.4590896219882195, -2.1559306958195842e-42)
(0.7349059243520889, -8.635848002222259e-42)
(0.3662299591751784, -4.786778276902494e-42)
(0.8645332575712347, -2.2050324696620808e-42)
(0.4888901323852216, -3.520606372943717e-43)
(0.8219261824740757, -3.2219288269047446e-43)
(0.39208531969409, -3.617252347743936e-43)
(0.14810262208714192, -8.212713181507102e-43)
(0.04441461796137587, -7.397297392510837e-42)
(0.6465155872176463, -3.393016622303556e-42)
(0.3324339718049423, -4.346746053382493e-42)
(0.35384420426277324, -3.04346596168484e-43)
(0.8444167058047984, -1.5206753826473472e-42)
(0.48629063507798, -1.6429062548268212e-42)
(0.4983983659948533, -6.776614888592908e-42)
(0.9988095917978247, -1.9713140958926994e-39)
(0.18052640722308178, -6.485384396747764e-41)
(0.2796864064629005, -1.3050279531412033e-42)
(0.6615794716446582, -1.9421110114898616e-39)
(0.5405575565593277, -7.838814518726307e-43)
(0.8047139627528473, -6.890675427933077e-43)
(0.429124854528412, -1.5268917641739975e-39)
(0.5992228657905784, -8.052827232212662e-43)
(0.4915182245589541, -2.886481749590355e-42)
(0.6981680635746274, -7.317270660171481e-42)
(0.08700085802890109, -4.6265647416164685e-43)
(0.08368786586662905, -2.1654046861585836e-41)
(0.8101698831025487, -3.632106730349788e-43)
(0.34285206622484515, -1.0870680045748962e-42)
(0.09982811533543062, -9.545265311499631e-43)
(0.041957323063649146, -1.8039902345727248e-42)
(0.8224974171387089, -2.0048859253848364e-42)
(0.7767471312547395, -6.2468775466593465e-43)
(0.5636153957886807, -2.970395094502289e-42)
(0.060191951474808304, -2.7553327713276735e-42)
(0.5787452694666874, -4.312159592149303e-42)
(0.6047036216717143, -1.169846595281652e-42)
(0.6984898281631808, -4.187202520180396e-43)
(0.787316593743753, -5.591031884740467e-41)
(0.26237001191765624, -1.5780476131187278e-41)
(0.038819091524536935, -4.95192601160291e-42)
(0.1174424191645296, -6.2514489506646095e-43)
(0.951328666202355, -8.668458297386831e-43)
(0.842264071814404, -4.111624843479886e-43)
(0.8431394169336757, -1.9940708636978296e-39)
(0.7184937249299234, -1.5264970607530882e-39)
(0.16641405425624484, -3.5404421001121012e-43)
(0.2881897668853136, -3.479618583269088e-42)
(0.7548283694883926, -9.772180430859957e-42)
(0.8622050423390076, -1.2456261847460706e-39)
(0.8170860634404306, -2.553865878926322e-39)
(0.9989029135149685, -4.63195775271534e-41)
(0.1580144018549238, -2.836162888055894e-43)
(0.9026391341707473, -2.2790591061719333e-42)
(0.5387583342997371, -9.010192568069602e-43)
(0.8525610975614748, -8.42515685129246e-41)
(0.5630094706834564, -6.4284467101042936e-43)
(0.6299429045830576, -8.725968159704763e-42)
(0.6637594948367117, -2.7128210789275424e-42)
(0.9616020685589446, -4.5198076493127074e-43)
(0.9411535944806747, -1.746543808329265e-41)
(0.3592165534340918, -1.3977627332653392e-42)
(0.37056438649729095, -8.024776637358232e-43)
(0.5590258190230253, -5.031386378943224e-43)
(0.7099463796060599, -1.0448633191038838e-41)
(0.4041816927772782, -4.565114581064151e-43)
(0.06565568300280397, -1.4540118771272302e-42)
(0.14331455670569965, -2.7379511085460055e-43)
(0.9856629048901594, -2.3232997377632677e-42)
(0.997092335279634, -1.235469939508274e-41)
(0.005350364575343128, -4.335101263714443e-43)
(0.0645976315499464, -7.514733695963821e-42)
(0.3548871370532262, -1.8432991621897324e-42)
(0.8448151500052141, -1.2805991161816424e-42)
(0.9859664499609472, -4.64602546198317e-43)
(0.3985502376957662, -1.144304136028003e-41)
(0.09079308766873803, -3.1271352682430834e-43)
(0.46104291243829953, -6.464256836267843e-43)
(0.6349472725776861, -2.1495429315465764e-42)
(0.48542360296210957, -1.274305290729556e-42)
(0.5296021490431747, -5.91450154910728e-43)
(0.3755220681368682, -8.730403807218436e-43)
(0.7195125493430689, -6.656887838102395e-43)
(0.3170588954469136, -9.624732329802907e-41)
(0.8310241437654887, -6.845892332896698e-43)
(0.6049343903601587, -3.6606315246427454e-42)
(0.28917405710250516, -3.786936552025418e-42)
(0.6424074514046799, -7.6698341184031e-43)
(0.47066199241767326, -6.199127047511675e-43)
(0.16315940384749444, -1.460110095270748e-42)
(0.37254946547529844, -1.422301328398337e-41)
(0.8948115012884049, -1.502075556885562e-42)
(0.28140363596438045, -3.366387805813613e-42)
(0.12029631657353851, -3.1195873097865e-39)
(0.9301123499837518, -1.666452295810122e-41)
(0.1256093628468308, -1.2561158843024777e-41)
(0.7173099548410511, -3.675611494375087e-42)
(0.24857042222954986, -7.713313049452417e-41)
(0.8183955439214633, -1.7153098576794941e-40)
(0.014211135973384014, -4.5468461638544525e-42)
(0.4025615058775651, -8.938438082711479e-43)
(0.8008014622587514, -1.0293571678058025e-40)
(0.32484521125143645, -1.3429228656367733e-42)
(0.2767003066300416, -4.565594996787264e-42)
(0.3064288835180887, -5.565331482984086e-43)
(0.4624572563805914, -1.798136318504607e-42)
(0.6381093211373765, -1.0145381302246398e-41)
(0.21739634495071186, -2.779673561380146e-42)
(0.3948978575993625, -5.193263140484732e-43)
(0.02745710534773994, -2.51984689475082e-42)
(0.8953254866333256, -1.4124493105049914e-42)
(0.43883840402066143, -2.0981434687640034e-42)
(0.7309108954816209, -3.31904352366271e-42)
(0.3429331692227564, -2.0232578223574006e-42)
(0.4575183295099684, -9.372651778942762e-42)
(0.6018626111224835, -3.953242088049126e-42)
(0.24300270829964482, -1.3853014447952784e-42)
(0.5744886900541957, -1.7219969360631143e-42)
(0.6795009237673029, -3.661153404311958e-43)
(0.6206962913738369, -8.527652218740498e-43)
(0.7576493473074972, -3.7855944095657866e-42)
(0.7035824333824975, -2.49319022400993e-42)
(0.8519133973050248, -3.417952786053795e-42)
(0.8472450133428242, -5.257073379517734e-42)
(0.18352227392299333, -9.648909570589991e-42)
(0.44770775675386915, -3.796079863663555e-41)
(0.41405416640129666, -1.3639364278174016e-42)
(0.01160792561753172, -3.4888609701002125e-41)
(0.157235138927028, -1.200359192568552e-42)
(0.21820081771627522, -3.94679392894009e-40)
(0.557907285470874, -7.16870792623376e-43)
(0.14576197310512526, -4.442444509805784e-42)
(0.6398601801828299, -1.6216324571385972e-42)
(0.7075730825984984, -6.865328645413188e-43)
(0.2630778146171881, -2.6318530254395447e-42)
(0.01028363130664948, -4.94851761046028e-41)
(0.6266611024028024, -7.045137086133031e-42)
(0.5843293054362996, -1.1280673677003473e-42)
(0.5465008353956162, -9.579889501548928e-41)
(0.6196874916183689, -2.982801028572367e-41)
(0.18885068074305178, -1.3449753359665403e-42)
(0.5693123076958596, -3.922639336510593e-43)
(0.025166025531066928, -4.268483616225756e-41)
(0.8615464616264298, -5.6985127383876215e-43)
(0.6846641582157266, -7.687663344452267e-41)
(0.7202179288250562, -8.217965799075826e-42)
(0.5078469429747359, -1.7363368856663426e-42)
(0.20385156634638466, -2.2836385878981894e-42)
(0.9155275983503436, -8.3203669290181e-43)
(0.951822419736121, -3.10813656554807e-41)
(0.9319366466304627, -2.250848350264139e-43)
(0.7667139043514614, -2.873253116739111e-43)
(0.3712720235108587, -2.3048469507674086e-41)
(0.10903861302367658, -1.423241694102105e-42)
(0.3319754385274336, -9.355502941189939e-43)
(0.9223092003651117, -3.1822249910149293e-43)
(0.15780422920603654, -1.4523342135543365e-42)
(0.8883781306587643, -1.953021474864088e-42)
(0.231187452560547, -5.138696370136976e-43)
(0.03527866457218645, -1.2008779769932559e-41)
(0.15707758068493144, -8.638377607789985e-43)
(0.31804999341409207, -4.0898588731585804e-43)
(0.9877825568275281, -1.7256078005985266e-41)
(0.3199954620637621, -1.158240490818395e-41)
(0.25651963483035817, -6.37778914168148e-43)
(0.03780497784517047, -9.41728327506007e-41)
(0.248165572433551, -1.4194409232474695e-42)
(0.051684646455003015, -7.458812377531692e-43)
(0.7026595039263025, -1.9698636847995543e-42)
(0.1512121188691301, -4.76914121256882e-42)
(0.5687215879924814, -1.6643906979194636e-42)
(0.4578218478078961, -2.986483825261633e-41)
(0.3334078353769317, -2.874579246107059e-42)
(0.7819699864944936, -3.064655130770588e-38)
(0.340364167801248, -1.5491547632374095e-42)
(0.24793097626550883, -2.6795277962220387e-43)
(0.04268702774688975, -9.22956124735255e-43)
(0.4746418057980158, -1.964477179975241e-42)
(0.6708681673343863, -8.497463695710289e-43)
(0.3923585444027826, -2.2148521972597553e-41)
(0.8261082968867067, -6.412593412134524e-43)
(0.40505317457116063, -4.858071610521833e-42)
(0.5857729142963218, -2.536560494906062e-42)
(0.5114425921707507, -5.003613729338243e-41)
(0.19404443894576437, -7.224404710690515e-42)
(0.3404119377717031, -2.3237444879031413e-42)
(0.10791094320248724, -5.1229727938777545e-43)
(0.27875019583837174, -2.4204739725216735e-42)
(0.3968288624028489, -5.424145925998094e-41)
(0.46582677902447056, -2.2883494178284896e-40)
(0.6332387045234187, -3.3163554008350806e-42)
(0.4463071420028419, -2.1937392858395668e-40)
(0.06419789142945645, -4.298914542709277e-42)
(0.33799327477085644, -1.0623731695432717e-42)
(0.47514788027833116, -3.872520659647491e-43)
(0.15769215777294293, -7.913563346720357e-42)
(0.23763028084034904, -7.924713955538379e-41)
(0.533380691541439, -4.009850542947312e-40)
(0.938901242388673, -3.2904322050907326e-42)
(0.9109034526489552, -1.3062686369079924e-42)
(0.8664788355478898, -1.4831999702686694e-42)
(0.7358909686965438, -4.128938723465361e-43)
(0.9571191713757808, -1.8474038727894566e-41)
(0.8469773966637595, -5.975272314827516e-42)
(0.5517592862709462, -2.661583302912894e-41)
(0.6863304050661814, -2.3680397286479727e-42)
(0.3738027913034364, -4.157646199848188e-41)
(0.7100216713737307, -1.5801383234880696e-42)
(0.8490666888914774, -6.498342907566699e-43)
(0.6485973722822781, -6.6481675468704215e-43)
(0.10611292056788421, -3.0967133914832425e-38)
(0.08541097174033695, -3.9098747748076807e-42)
(0.13549361166945448, -6.0291385579662376e-43)
(0.3859737838979617, -7.413849230808695e-43)
(0.8173726286512514, -8.097693166512369e-42)
(0.43558920243263594, -1.0582359901555162e-42)
(0.7608799578055185, -1.1663108920981826e-41)
(0.9824138156624652, -4.5799086775734014e-42)
(0.194935688070807, -6.251405370835757e-43)
(0.8844455285972741, -1.0084633422914783e-41)
(0.5561173821066998, -3.605972293661729e-43)
(0.2698524966701882, -7.807417648763383e-43)
(0.3236973884789774, -1.9437336014662e-42)
(0.29876382282746716, -9.631667820276513e-41)
(0.5585821805580817, -1.972590438809879e-42)
(0.3932030829919126, -1.8415580412497617e-38)
(0.8711865428806338, -2.4243731442874645e-43)
(0.9130947567109347, -1.2816726010027376e-42)
(0.39645382756288644, -3.456249444570932e-43)
(0.9636664278371606, -2.243369508857472e-42)
(0.25997985656722516, -5.759883924870458e-43)
(0.6506737489642777, -1.4185617129611541e-42)
(0.6003654882888225, -1.114368651265895e-41)
(0.5462777128303565, -7.189897344957988e-42)
(0.8512726442533287, -1.917466690935278e-42)
(0.558989640589805, -7.948286075807556e-43)
(0.40094433370259813, -3.7279885740797625e-43)
(0.060495502855454714, -3.3137246972818104e-40)
(0.914463109679075, -2.8216231193978112e-42)
(0.030925893119140128, -1.5905676071841723e-42)
(0.2974375392767209, -4.22535482618252e-43)
(0.3304213141343612, -1.6353663096337385e-42)
(0.2713806393993556, -2.599650945025049e-41)
(0.9618652688432224, -5.439911693420162e-43)
(0.6186578258917003, -2.005502034508223e-42)
(0.12168701733882765, -5.449407703985464e-43)
(0.060840314482175105, -2.185086235688522e-42)
(0.47533396070264067, -4.2415671402572044e-39)
(0.2260698861386349, -1.85756509148727e-42)
(0.3613521304994208, -5.3082185454443075e-43)
(0.6220845798932517, -6.980629720190833e-43)
(0.6156521615598951, -6.274766034110256e-43)
(0.6944918063551366, -7.62342378657751e-43)
(0.4927401165135041, -6.209707848861988e-42)
(0.08927765118158262, -2.932355237744218e-43)
(0.9954534458249625, -1.0198421892313833e-42)
(0.4608707224445024, -1.4524408063867432e-42)
(0.49180013433174763, -6.87154573011735e-41)
(0.53425465454047, -5.492589994802392e-43)
(0.37900438399306957, -2.9269017916905963e-41)
(0.4085448585368604, -1.1737441310721837e-42)
(0.3788450403228084, -1.522331792836117e-39)
(0.9897360419648724, -1.989444347075686e-42)
(0.5564826271758935, -6.087748811471749e-42)
(0.6487068644718906, -2.4349002893180196e-42)
(0.7306858890057504, -9.923285021515299e-43)
(0.46709071999981033, -1.3925565372618107e-42)
(0.3087030199163794, -2.069133394052062e-42)
(0.8643218374520143, -8.378441012531575e-42)
(0.28196054984049074, -1.6710955348981177e-42)
(0.7417990392530137, -1.0551545746221935e-42)
(0.6285239815759764, -4.1630755575034775e-42)
(0.29665272310433227, -3.2956818268621654e-41)
(0.3041918308966964, -1.7214790500691965e-41)
(0.024319749099141533, -5.24617505575727e-43)
(0.8284944065047252, -3.634839351246533e-42)
(0.9187956761546915, -3.256973405899666e-42)
(0.2641673598516254, -7.209137540904077e-43)
(0.8649608827832296, -1.3044905529644231e-39)
(0.5823793574239164, -1.6888681714138822e-42)
(0.10277746576607608, -7.82185058647813e-43)
(0.5731598415433753, -1.2044249215895265e-41)
(0.3869225048560515, -3.6723435615021795e-43)
(0.43223031038154436, -4.49482451724313e-42)
(0.31684217742476856, -3.1899970226056782e-43)
(0.8926524840959094, -2.8187859851456095e-42)
(0.6234209301627274, -7.559841844018505e-43)
(0.4309395579137965, -2.9978668183755495e-41)
(0.7109505946507032, -4.91772168313369e-42)
(0.548333656876658, -2.6697196789521635e-42)
(0.34097363666847047, -3.5763032227491544e-42)
(0.5584313539586613, -2.7320582390767458e-42)
(0.7283493298715328, -2.708315405003179e-42)
(0.7427711093165602, -8.691868914730201e-43)
(0.4768332329289826, -4.539523901626316e-40)
(0.6087611157774238, -3.116578739421495e-42)
(0.6914290022768639, -1.3125278658519805e-41)
(0.8147459142371273, -8.71950295323006e-42)
(0.19098485106915483, -5.633021325047506e-43)
(0.934766277923515, -4.755199549399383e-43)
(0.9743838049141935, -4.6748973882873586e-43)
(0.14560423993029178, -2.0025991200746675e-40)
(0.6663658218101429, -3.113747398277624e-42)
(0.7571020855063837, -1.2893579825149681e-42)
(0.06783169177928929, -5.180663398787775e-43)
(0.4564523855595348, -2.0381887061339202e-42)
(0.5839614456674267, -2.3303978271115442e-42)
(0.31151003410520706, -8.047393069629032e-41)
(0.24211747552019033, -1.2617595002967478e-42)
(0.5374103740307786, -3.2907618768636507e-43)
(0.8771750269710136, -2.2686976531079546e-41)
(0.9156153733515549, -6.362808029484005e-43)
(0.6932791253750463, -1.3044690338648929e-40)
(0.569483433109409, -1.0237957565334709e-42)
(0.18582035834786562, -1.3276052930746758e-41)
(0.7854937232477828, -1.1524503984059095e-42)
(0.7389201405206867, -3.6208748052483677e-41)
(0.7875134587510235, -8.775983484352213e-42)
(0.5113408025608932, -2.756047651958413e-42)
(0.16972330887538228, -1.149868968324615e-41)
(0.03421565962290474, -3.135755805767877e-42)
(0.6064777599827439, -2.8571067011625514e-42)
(0.3857830775924262, -3.7906754166604723e-42)
(0.47954986246125675, -5.910614825277189e-42)
(0.7940358056530373, -4.219501510052647e-43)
(0.5902555784183303, -5.4470867607644424e-43)
(0.28015604711678077, -8.391167663134725e-42)
(0.2604722462798133, -3.297726800147995e-42)
(0.7220554689129856, -1.1029945906476587e-40)
(0.5139044753233015, -6.930963888825548e-42)
(0.6713381491661209, -3.239078952937721e-42)
(0.666167597069499, -7.566715502555669e-43)
(0.5816615638017503, -1.897189562686341e-40)
(0.1799858429492598, -7.537069180695147e-42)
(0.26266330770018836, -3.8559432147498125e-43)
(0.10732221409048878, -5.977968308477625e-41)
(0.50582868819887, -2.7833306463390103e-40)
(0.8854383108846782, -4.972212472986183e-42)
(0.4198063016642381, -1.0815294941051584e-41)
(0.10025306099425907, -2.758175313401397e-43)
(0.20148355521825853, -3.2005662053942127e-42)
(0.32836626906495314, -5.15690656953894e-40)
(0.023280606658376026, -2.8470567470389278e-36)
(0.3064696615571881, -1.108002947738204e-42)
(0.2838246148689817, -4.72929389141486e-43)
(0.2226687476072901, -1.7581881964876484e-42)
(0.8033130944942871, -5.408646556572145e-42)
(0.47014632833906994, -4.958278476508396e-42)
(0.6075464258756976, -4.5512857255420356e-42)
(0.03439111240805733, -5.776131209572032e-42)
(0.09653963716220114, -4.848835041076663e-43)
(0.4653702381280245, -7.397965840147865e-43)
(0.041307537805954087, -3.039986264239706e-42)
(0.5045928996384803, -1.6011280779836562e-41)
(0.08832819092489647, -1.0730360013209585e-42)
(0.15125132373344735, -9.858291921958374e-42)
(0.5871078672219764, -9.953060942220221e-43)
(0.06672393731129568, -5.066764063522225e-41)
(0.0922992918602463, -1.524975495709386e-42)
(0.25976313833905057, -1.0029672624938939e-42)
(0.609020464759644, -1.3641049148095526e-42)
(0.9751834890553921, -1.5017515515510965e-42)
(0.8118441559754977, -7.072101226891551e-42)
(0.5434096694926627, -9.17019152739339e-43)
(0.3070020829699548, -9.640824019711758e-43)
(0.8912976374914799, -1.4769666294408353e-42)
(0.9806060318575417, -2.2747034092540296e-42)
(0.7576892804375825, -1.601068333232623e-38)
(0.7309830367363876, -1.3485934126763475e-42)
(0.3804695092508095, -1.860622315408275e-42)
(0.15765251713274703, -6.034378306546182e-42)
(0.2780210778721834, -8.982688993812284e-41)
(0.3549431342421638, -1.1598069462086163e-42)
(0.5929431183826439, -1.5462667315364508e-42)
(0.6021394168349558, -3.4730169506344883e-43)
(0.45641584704022325, -4.444186590592952e-43)
(0.9670333438846591, -9.702296758385749e-41)
(0.8153177360932189, -1.2840521398056034e-42)
(0.84124878565663, -9.540593400829038e-43)
(0.17847498986001656, -1.5074992940461276e-42)
(0.9010381750027602, -2.6300105210897363e-43)
(0.9455203924102754, -1.0327763803913632e-41)
(0.06348246392063327, -1.0649165694762918e-42)
(0.014776610608081862, -6.091775448210174e-42)
(0.3069114066277085, -1.1692941255082332e-42)
(0.4601872735264122, -1.03754498387529e-38)
(0.32983856233407166, -1.4024066643944933e-42)
(0.5530350364170441, -5.30446076983155e-42)
(0.9132101844995215, -7.692204186760099e-43)
(0.1583041964408826, -9.812773702841443e-42)
(0.4751993837239721, -1.7448460872586035e-42)
(0.026620703777669376, -1.5698742511872843e-41)
(0.8944293400577042, -6.98234882267914e-43)
(0.5385414640521917, -3.659537073107356e-40)
(0.4784073353645721, -2.087308692392733e-42)
(0.7041589135634119, -1.0728471608114402e-40)
(0.32425241263411525, -9.907645388158353e-42)
(0.019563064622369147, -5.231530087730625e-40)
(0.4029375790549032, -1.0611150643306083e-42)
(0.45313284373678026, -8.420589692121805e-42)
(0.7599795084725621, -3.858011030089624e-42)
(0.5578840788984049, -6.062247518037831e-43)
(0.6832935754836826, -1.2960678272597162e-40)
(0.7932089084655906, -6.080719417570573e-43)
(0.6392389117605546, -3.9511314668895073e-42)
(0.7796393924920033, -2.3298176034983927e-41)
(0.8402205961660547, -2.564155446304469e-41)
(0.03920411519173826, -4.745136748626449e-43)
(0.7051171226028595, -7.20538482103668e-41)
(0.47491950835810354, -8.345767688631983e-40)
(0.06005102226868997, -9.00496543846122e-43)
(0.009161756801073152, -2.20571937905969e-42)
(0.07824937480114401, -1.2803074614193473e-41)
(0.039442986625043086, -8.33502184015783e-43)
(0.07402484657042545, -7.652599690916525e-41)
(0.6433367483143636, -6.704778193463533e-43)
(0.15180554712112065, -1.794926069682926e-42)
(0.9462145301859411, -1.6626042751203163e-42)
(0.5864088141698031, -3.999779507689375e-42)
(0.027738620206378805, -9.91115503879991e-41)
(0.23600580259169188, -5.01213999824242e-43)
(0.3152914022961784, -2.5278879876443192e-40)
(0.21730427693816184, -6.234882769668756e-42)
(0.8339153305608143, -5.120456537509603e-43)
(0.8748593620054338, -7.612219654625112e-42)
(0.005687765818499409, -4.017393737554035e-43)
(0.013971226109941125, -9.873735785807481e-43)
(0.8655222041846091, -6.807813333936829e-43)
(0.7661973332027541, -1.0317494941341452e-42)
(0.7371272824748479, -4.664935273045128e-41)
(0.44934766009402677, -2.4909854706609518e-42)
(0.48867983203820226, -1.0341587722802377e-41)
(0.4869469343594917, -4.137352882741651e-43)
(0.6592159660747061, -3.764530875371676e-42)
(0.2920002546377008, -6.507741137512002e-42)
(0.9616675093556689, -2.7993302336908027e-43)
(0.8721713034304113, -9.381570583808514e-43)
(0.7919837982916245, -2.874534362113746e-43)
(0.03483770187838049, -1.628798385167121e-41)
(0.043167767873495126, -3.9714570348043197e-41)
(0.16471039101764692, -1.800966080649124e-42)
(0.20635361082906056, -4.4562359294937983e-42)
(0.10970577098392696, -2.0870162663619115e-42)
(0.8392100638717895, -1.3004653504826374e-42)
(0.48003485732509266, -6.612980100395067e-42)
(0.5620100356628821, -4.191859849963462e-42)
(0.7136715803934655, -5.29417169465175e-43)
(0.38540425652236304, -6.469405944420552e-41)
(0.014434689730811521, -5.613982667852138e-42)
(0.4808621576286962, -3.360262358515156e-42)
(0.7379111293816148, -1.1862325279239271e-42)
(0.21081344345355474, -2.6385962437192585e-43)
(0.1841653677695983, -9.086626363884032e-43)
(0.4477269300990007, -1.5577694979217616e-42)
(0.15168182836550367, -7.881071382410274e-42)
(0.05200795737459836, -3.603848548033755e-40)
(0.6964769366175518, -1.60696610372675e-42)
(0.3877339079345077, -1.4083602121292989e-42)
(0.2689328438989572, -1.1786593166037066e-42)
(0.9997367607461153, -6.087169895528582e-43)
(0.6675799048149212, -1.7661046649583987e-40)
(0.23173822307075798, -1.0136071891454308e-42)
(0.23582387684564818, -1.1561696579036037e-42)
(0.9828758762447284, -2.8849105105375083e-41)
(0.3111099189837392, -2.430254177179348e-42)
(0.2521151153994515, -4.667453042329536e-42)
(0.08638957395267119, -1.6179807505458835e-41)
(0.03627580206563461, -3.503464563323408e-41)
(0.3743485019849763, -1.6470491637930026e-42)
(0.2939276857103959, -1.2794283986379538e-42)
(0.388837016042544, -1.3087141643047942e-41)
(0.808278256374642, -4.5765084534280565e-42)
(0.8383694115713833, -9.100557561861698e-42)
(0.8008539676496703, -6.11104556557425e-43)
(0.15119097612195506, -2.9333669792542714e-41)
(0.5111397326505158, -1.168207111922575e-42)
(0.6053122673667642, -8.463784460073792e-43)
(0.19124278113347956, -8.312983172114597e-43)
(0.4753712924409184, -7.935239188742434e-42)
(0.48889428472336494, -1.595211474241626e-40)
(0.4417407305707757, -4.751417567240189e-43)
(0.9199488749595269, -3.350915815695957e-42)
(0.32084206623908523, -3.6345468094673624e-42)
(0.9548944531247894, -9.059962243677913e-41)
(0.3440751623437205, -1.003182593811243e-42)
(0.680606837042352, -3.5096716051662356e-43)
(0.4954975657561835, -3.0079841253642136e-40)
(0.43146297405916645, -1.1718655663421688e-42)
(0.5474123458072255, -1.228452993651483e-41)
(0.036259173291350734, -5.574043295400772e-43)
(0.5554783200793446, -6.159434679769121e-43)
(0.5111937228115899, -1.0480213516919777e-42)
(0.4405096413361732, -1.7580798162270155e-42)
(0.9345164957610782, -1.7595768894507477e-42)
(0.24825049531112842, -3.325878847330073e-42)
(0.6627681820250069, -5.997909183012576e-42)
(0.44441093692144157, -5.2668649132292734e-42)
(0.6454135082117451, -1.6581356324800007e-42)
(0.5899600557198393, -5.77616545969274e-40)
(0.8509743654377047, -2.156238603421683e-42)
(0.611911041339142, -7.0364953016382755e-43)
(0.6341172178016201, -1.1177279425790337e-42)
(0.9928698825811251, -7.766142459204179e-41)
(0.9151554224916426, -5.861148410752165e-41)
(0.28429083003501726, -1.3323184064179277e-40)
(0.9749033087515651, -7.208990114235744e-41)
(0.6941620459221309, -4.4041777056632856e-42)
(0.4565431763006408, -1.1012235770164838e-41)
(0.9267123347544317, -1.9043862612225186e-42)
(0.041082545346927055, -6.2115833494269215e-43)
(0.633133470724364, -2.4665702090579258e-39)
(0.14829896656987518, -1.4300837576768793e-41)
(0.8442642120195177, -4.2929162470613875e-42)
(0.6798912606821513, -4.25073499203576e-41)
(0.3335239860694484, -1.1599472205168197e-42)
(0.9728613840904952, -9.106527382342912e-43)
(0.8035370744364946, -2.1729982577006263e-41)
(0.6559123405775248, -9.04137505772898e-43)
(0.8971614093225456, -5.052575981102961e-41)
(0.5839176081211006, -4.360317230159776e-42)
(0.19917394315393264, -9.728916212600262e-42)
(0.6506218809028703, -4.2571288080972014e-40)
(0.023184403151598323, -1.3281478901588247e-36)
(0.10035542149288701, -1.0391208524173799e-41)
(0.42187318016764747, -6.165045576820056e-42)
(0.4705334418549769, -3.731841722401134e-42)
(0.9893000115451932, -1.6468388481052744e-42)
(0.4290807178808471, -1.8818874117982987e-42)
(0.6238108998610165, -4.123570678677061e-42)
(0.1904532203375463, -9.628842666728762e-42)
(0.8428499879461595, -1.7597935119291154e-41)
(0.24202267042067163, -1.6246321357018783e-42)
(0.010379133532705751, -2.3690801981882077e-43)
(0.3323100469491805, -7.560175664162173e-43)
(0.00760318431660152, -2.5775582735922093e-42)
(0.033541245043884456, -1.1842635213764182e-41)
(0.8784530841260403, -1.157588418828217e-41)
(0.4315299275806382, -1.9237688510561515e-41)
(0.4190424709514656, -1.0031895852298003e-42)
(0.5355204860752975, -1.455642417034343e-42)
(0.818996104370161, -6.261567430732973e-42)
(0.174754607921331, -1.072304679191406e-42)
(0.8303687437427546, -4.154408392757658e-41)
(0.756596151181803, -9.417600498006754e-40)
(0.20489207753721175, -3.513600206541216e-42)
(0.6022927858404764, -3.2450283030164126e-41)
(0.2146248590534544, -5.2262645722155e-43)
(0.7191102732086521, -4.481404301292111e-43)
(0.6872086560689088, -4.144514121856631e-41)
(0.14739480257713009, -4.648283412439815e-43)
(0.4117812492437599, -3.9145609909262833e-41)
(0.9041006879773335, -1.682026799059901e-39)
(0.8082825992793049, -1.5585527206596876e-39)
(0.8836658181069635, -5.631780765897851e-43)
(0.6556247833251502, -9.391056159587393e-43)
(0.34163735231329284, -4.750957584819829e-41)
(0.8641881405876234, -2.3904071219288332e-40)
(0.5842061378966072, -3.233748820486771e-43)
(0.675762470916693, -4.477527939514733e-42)
(0.9526641848898368, -3.45003273537546e-42)
(0.5174804900722473, -8.113989373958464e-42)
(0.37078332418434895, -2.2126115158566704e-42)
(0.4274164141773462, -3.462105836989796e-42)
(0.1435057688769073, -1.9078541508013347e-42)
(0.00968159022702581, -6.269416813765476e-43)
(0.8912327787755662, -2.1989929714755224e-41)
(0.8293036875751952, -2.903799448899033e-43)
(0.45540452907687123, -4.3996906785093736e-39)
(0.8141775109573075, -2.7216834785299307e-42)
(0.6457709388962424, -1.1003319579229098e-42)
(0.5824896552586255, -1.5095216860731704e-42)
(0.5874159049760826, -4.228383082624591e-41)
(0.03992534298382878, -2.1957677252616065e-41)
(0.994936244626244, -3.748771855899638e-42)
(0.37645754220639943, -7.482795377245956e-43)
(0.8071386650278813, -5.747481461918842e-43)
(0.5450673939583099, -5.878939125348943e-42)
(0.6309085146770256, -3.079227610842236e-42)
(0.2300684148872735, -4.469447675420848e-43)
(0.3559455383684955, -2.4401125179617127e-42)
(0.7508235205445393, -1.583014933576262e-42)
(0.1101099344000642, -1.9073912690475725e-40)
(0.32767745188678493, -1.2136830698679379e-40)
(0.49231529356285014, -6.9356555067844556e-43)
(0.3846980804219063, -4.3559682598250394e-43)
(0.11937870503726114, -3.884360453030333e-42)
(0.6354468537229776, -2.6556100768682245e-40)
(0.5710255985469904, -6.794708853948337e-43)
(0.984350428222778, -3.5707085143288365e-38)
(0.8746808407289384, -3.4269537019992165e-42)
(0.19176045822831478, -1.2914945580491878e-42)
(0.15405601970068858, -5.364384908486093e-43)
(0.2619200002452734, -6.383166181082989e-41)
(0.636114454107997, -3.2497745820867125e-42)
(0.5812374095835309, -1.1912491358648645e-42)
(0.6738460956741056, -2.8121937498058934e-41)
(0.9380673234451722, -5.1822505251565414e-42)
(0.7024905754626383, -1.6949710861117463e-42)
(0.28951152998069485, -7.678256245154629e-43)
(0.8196532880655082, -2.691643287163826e-41)
(0.13162650530415093, -8.644874024249737e-43)
(0.1437830804919357, -3.3695066138498748e-43)
(0.6410633132150086, -1.3136903421863073e-42)
(0.41159158451359185, -3.3731217785752664e-42)
(0.30751876870447775, -4.1266899293878455e-42)
(0.5818077411199691, -1.3394365542778675e-40)
(0.2933367072327592, -5.9174425169193325e-43)
(0.03792303634076433, -9.071074630541937e-42)
(0.9086321262719707, -1.3434875950740009e-42)
(0.7424839358606147, -1.4574565120162246e-41)
(0.499090483508163, -4.152868491084244e-42)
(0.6398095560833511, -8.14207898134684e-42)
(0.8042436660016339, -4.272277852332071e-42)
(0.7510989742036335, -2.1193451499717355e-41)
(0.7161762053264318, -7.81361605799393e-43)
(0.9563588817095416, -2.4587774843433905e-41)
(0.22626927916570996, -5.637707853653469e-43)
(0.25634506513478433, -3.085423710053604e-40)
(0.5910502536998181, -1.2189420709939656e-42)
(0.4283085959013138, -9.836680138147161e-43)
(0.09773045819432054, -6.468065238584463e-41)
(0.41371595956410157, -1.339870216477079e-42)
(0.4303108045247952, -3.705494877601847e-43)
(0.4120777738987868, -5.43389802385021e-42)
(0.9801376564252863, -1.3871006808342208e-42)
(0.34974828946435915, -5.829426260504686e-41)
(0.04977518336916792, -3.0519822606768335e-41)
(0.9964599443398642, -4.986661620531678e-41)
(0.15354640648149592, -9.23069956854738e-41)
(0.44805011723639215, -3.742376246260855e-40)
(0.8019687075468885, -4.730281720191757e-43)
(0.71529293494626, -2.991159378463828e-43)
(0.3117191633470788, -6.47166163520046e-43)
(0.5597515702351961, -8.216792203047142e-43)
(0.6280138118730668, -3.1388818142866534e-43)
(0.7069262804304804, -7.693390297099896e-41)
(0.8204199530132641, -1.6697223752923008e-42)
(0.3063396709270473, -9.585616941660042e-43)
(0.8986777747092805, -8.879877974401579e-42)
(0.9946748640648096, -1.3005717038475358e-42)
(0.6687702904162923, -8.696901425892118e-43)
(0.9669040356791657, -7.359786928115152e-43)
(0.7577587677225165, -1.3526715089168989e-42)
(0.8149845433617078, -1.1378885405739417e-42)
(0.7034094647635668, -9.723019527133403e-41)
(0.8572868237899063, -1.462841975155786e-42)
(0.35392384376035013, -3.3223326250935967e-43)
(0.21440474600002432, -2.0453860016813525e-42)
(0.9987890624818959, -3.687058010874463e-42)
(0.7346605767032109, -2.263728157321531e-42)
(0.7990662294451891, -8.88702376866195e-42)
(0.3943674213643719, -7.001267421141202e-41)
(0.44051427867168946, -5.941703535186234e-42)
(0.4743546214647155, -2.3801491130065356e-41)
(0.6627017301326419, -2.9904938524024884e-42)
(0.16217301239552784, -7.125264586609349e-41)
(0.35870333236000884, -1.5682279889509585e-42)
(0.010680047270598597, -2.216316490089529e-42)
(0.6621990052125315, -5.975994328645332e-43)
(0.6375123265734871, -2.6322441546513192e-42)
(0.2707632537745159, -2.7726736428856517e-42)
(0.2804573092549003, -8.127352717615316e-41)
(0.9434004153888865, -1.0264784629026927e-41)
(0.5488183400376796, -3.490473021520975e-41)
(0.38537503143442353, -3.233672831092055e-42)
(0.6678356852223722, -1.546898537178422e-42)
(0.1520997843055353, -5.072011728730539e-43)
(0.27962136362260426, -3.4775310278143832e-43)
(0.30333731629989036, -3.008431175912468e-41)
(0.016068591297329696, -1.3006035875712767e-42)
(0.924740685969394, -2.374370926243033e-42)
(0.535591383366957, -1.944706358151612e-42)
(0.957451941079295, -3.481312517990489e-41)
(0.9146820043808565, -8.415160311513952e-43)
(0.6764276799636899, -2.754966154659661e-43)
(0.7882339187745381, -2.1934873649539222e-40)
(0.36926701258725286, -5.193784804963653e-43)
(0.20981170846548106, -3.530299220138927e-42)
(0.6304958193310461, -5.560781657785432e-42)
(0.914214605809972, -4.564739091624389e-43)
(0.49347939993621964, -1.7416284066471368e-42)
(0.7152022379502855, -1.498166609767602e-41)
(0.784129500607389, -2.446178810407207e-42)
(0.8641004675048133, -4.011020009542788e-43)
(0.39258539808555476, -1.258071362195371e-41)
(0.5027350852570293, -5.411758952640512e-43)
(0.38000272665000157, -1.2943991549656526e-42)
(0.35943067951992014, -3.4926900654341803e-43)
(0.22334093457385565, -4.471104575541308e-43)
(0.4517326492030956, -5.1141871232231774e-40)
(0.20794584966119425, -1.8241470284887988e-41)
(0.45528682982899926, -1.1021308273268149e-42)
(0.9850409479543089, -4.385988730817018e-42)
(0.3956406836733474, -1.3172349753672496e-42)
(0.4877180241428143, -5.8297470957624696e-43)
(0.42062370329622456, -7.101014903889392e-42)
(0.12924282823432245, -4.227432369802215e-43)
(0.4524437808447046, -2.2468765714020252e-41)
(0.7534338813861493, -6.34142478718112e-43)
(0.10978556262458813, -6.492207650166646e-41)
(0.1936699627393362, -3.8633191097513325e-42)
(0.4947561387023431, -4.0227223983372e-43)
(0.7558452529720844, -1.6797634730214633e-40)
(0.6941210667927591, -3.2269219989926776e-40)
(0.26766923656943425, -5.658020115271299e-40)
(0.8680683752616614, -7.599147514035663e-39)
(0.6269080007219631, -6.603388887146153e-43)
(0.981859895035273, -3.6284655098642275e-42)
(0.22335950705024243, -1.3382183274046298e-42)
(0.7347903043302663, -1.2310130186009706e-41)
(0.7092407109259463, -1.01620545646282e-42)
(0.9799836045277914, -1.6462668689636607e-42)
(0.6018291675005258, -5.508743415520426e-43)
(0.5659166501525829, -6.068724755749316e-43)
(0.7478335433268062, -4.248873701099525e-39)
(0.8066112807654615, -8.792349971603824e-43)
(0.46257165881766193, -5.542434089490197e-41)
(0.8557576927992162, -4.794893319426347e-42)
(0.3363150809043788, -3.421380517745443e-42)
(0.1634270616282022, -1.698143209345631e-38)
(0.9243772788184834, -2.2130868888446556e-42)
(0.8466333535690566, -2.4948641948765154e-41)
(0.7169422061647166, -4.8342292381043986e-42)
(0.5188529323861798, -3.1633025476867534e-42)
(0.6139866705725783, -3.5381447259427507e-43)
(0.6521349144516123, -2.6766647967037812e-42)
(0.20061762874833122, -1.5251323797880664e-42)
(0.566024738034668, -6.87972414157997e-39)
(0.8495109718057018, -4.440735286011567e-43)
(0.7150680833225302, -4.252109947263848e-42)
(0.8779011162155177, -3.2712417400178074e-42)
(0.06863772389844465, -2.916102935250254e-43)
(0.07001713254188388, -4.522850085962211e-43)
(0.44740293476019455, -5.455355352993876e-43)
(0.9029544021688707, -7.963079788663293e-43)
(0.5326968603268397, -1.9090193753370912e-40)
(0.0954727444763047, -1.756089899023426e-42)
(0.45618979587721853, -4.494613588834105e-43)
(0.05349379858220151, -3.3666330758680445e-41)
(0.593937106301949, -5.701268627407597e-42)
(0.28138719064352374, -5.816987008700757e-43)
(0.40037639741232145, -5.6173489448517366e-42)
(0.13895405120156767, -1.5834241108833847e-42)
(0.2217100142437402, -1.8274430455536166e-41)
(0.5175544888180296, -1.372086033808566e-41)
(0.15371644305440593, -2.910721992147538e-40)
(0.8597263604005393, -2.9798864230099953e-43)
(0.2385787615263988, -4.4430308336063373e-39)
(0.6599853988955453, -9.717805781283626e-42)
(0.6788873092273409, -5.809203281333089e-43)
(0.6571175966026414, -1.2671252100011897e-42)
(0.7049209450875995, -1.8481603135553113e-41)
(0.7630033641246954, -6.77904470768339e-42)
(0.7258775599165412, -3.2550947242108272e-43)
(0.19942667234384034, -5.96355494737338e-42)
(0.46263341250054657, -1.7966860656564058e-41)
(0.42927931853136797, -3.969018392062612e-43)
(0.4662546971033819, -2.1166175411776344e-42)
(0.8908318557383792, -2.084274873582283e-42)
(0.2732683770562179, -6.485919587887061e-43)
(0.11548868716302686, -5.510577118350047e-43)
(0.8759379505959376, -5.851023518398729e-42)
(0.4579408692682319, -7.454279407587666e-43)
(0.14027820831735938, -4.260326705863012e-43)
(0.6080512041169107, -1.3508868869211968e-42)
(0.41787790573015987, -5.653145807516532e-42)
(0.7583303672013516, -3.788352853473406e-40)
(0.9837300686865851, -1.6357567948855435e-42)
(0.2636339311270829, -9.670672034112344e-41)
(0.5428231303519715, -1.6461033702217573e-39)
(0.01147760928787355, -4.6048500958847576e-43)
(0.32873922716452303, -4.97885801486761e-42)
(0.502750530550064, -3.1585307989917177e-41)
(0.918392603954227, -2.3792201124081186e-43)
(0.43144897973871843, -3.347199732718648e-42)
(0.13048711879096703, -8.954879766869432e-43)
(0.3956325730450892, -7.2460567179503734e-40)
(0.5246843988594487, -4.018297758146555e-43)
(0.3222290077663862, -5.700996255709829e-43)
(0.11858088037534002, -4.634808727166796e-43)
(0.47359503377202744, -5.472283700791187e-43)
(0.6419859059389504, -1.7975448021670106e-42)
(0.28259693573192035, -4.420566693920792e-43)
(0.5315864359308846, -8.105192179337477e-42)
(0.24239567041170407, -6.496268045371038e-43)
(0.26661105393854895, -1.5767193425333698e-42)
(0.36086519853685495, -1.4798202391588012e-42)
(0.3213135521409645, -9.316982411099923e-43)
(0.7697320277878177, -6.903597691131923e-41)
(0.3788715921001721, -9.484828430986193e-43)
(0.6361160420777089, -3.3607984639473354e-43)
(0.6849739490291756, -1.2993821776325231e-42)
(0.3837316874451808, -1.8732668839200383e-42)
(0.7656172540340259, -3.3622863593186464e-43)
(0.40596956212362956, -3.1752141456738993e-43)
(0.6264503280497504, -9.103369771112418e-43)
(0.9375801746196388, -5.630592840302751e-43)
(0.6563616503164202, -9.172505798656232e-41)
(0.039606441192495324, -2.043707603145179e-41)
(0.3617875407120915, -1.1007336426441244e-42)
(0.9714242848167475, -1.699130154540871e-42)
(0.7080369203499753, -2.9134174381825683e-43)
(0.3664123318364027, -2.062533450581139e-41)
(0.9230084742408774, -5.515194805212591e-43)
(0.8046185437923611, -5.4682381345438194e-43)
(0.23623540350256672, -4.887781686915671e-41)
(0.45735641071099414, -1.2444911975220236e-42)
(0.22500926177428512, -5.418900042224477e-43)
(0.7909771476838178, -1.3765433718582103e-41)
(0.7088008688388666, -2.3329433964464423e-42)
(0.2363702299417297, -1.313577240422057e-41)
(0.6560025070460668, -2.4229860520060244e-42)
(0.3714489740348108, -1.6330951486474555e-41)
(0.9113949983092567, -6.6799998171964155e-43)
(0.6750928715769043, -2.722786801394796e-42)
(0.9389323329720686, -4.493650930746669e-43)
(0.9778160457978038, -1.477664727830199e-42)
(0.8142180907671263, -1.3145627100872911e-40)
(0.5541247232668954, -6.59880849660731e-42)
(0.5150994979098176, -3.4258369765450664e-42)
(0.9950623523390478, -1.2785026669901248e-42)
(0.10821486560196315, -2.392987354202018e-43)
(0.8736619566844335, -2.5472465692552876e-43)
(0.45381611056023036, -4.849897898796371e-41)
(0.99082633339394, -3.5129741445663303e-43)
(0.48474144604048397, -1.4226721275074986e-41)
(0.2637344802484556, -1.0129708997339992e-40)
(0.13940896243374853, -3.0618257293542943e-43)
(0.600271503809296, -4.040912683329168e-42)
(0.2806413362030697, -1.1060941353792877e-42)
(0.9719519527601724, -1.9414749068398457e-42)
(0.11199140470947025, -3.2266981388509823e-40)
(0.6314328151899657, -3.31594443555035e-41)
(0.5029412448707419, -6.782937642615352e-43)
(0.9395783969653374, -3.912303874397429e-41)
(0.8652242976380015, -2.175588493581627e-41)
(0.0195785614494531, -3.778415091121537e-42)
(0.0036257111970911275, -4.770584571485314e-41)
(0.2163311465171659, -1.835353897503289e-42)
(0.5122532679825982, -1.5817265554647663e-41)
(0.879387655307388, -2.8768193568656163e-41)
(0.26310797392200114, -2.7551805068145334e-43)
(0.02648186019690878, -1.3897270629674346e-41)
(0.16186141169046894, -1.838427834847799e-40)
(0.3817469669477961, -1.3813083765407823e-42)
(0.9262098868216116, -5.117318679358667e-43)
(0.5841320530155357, -7.589104286452788e-42)
(0.7450201407656954, -1.4750007726593334e-41)
(0.9431971737481394, -3.96972874317082e-43)
(0.8577574561009906, -1.3477239300799752e-42)
(0.5310809201877824, -4.149302796493877e-43)
(0.859548276369788, -6.061248884462917e-43)
(0.43445343606366865, -1.2497370709143759e-42)
(0.8282233204827645, -8.201383494492987e-42)
(0.26660963431206836, -7.252149903411824e-43)
(0.18837005553116312, -3.4737463771247303e-42)
(0.4207663528019436, -1.6745503016691966e-42)
(0.7754775672725253, -8.530868892077104e-40)
(0.9245605187987903, -1.2683835416158149e-42)
(0.4524024026283218, -2.045530922642656e-42)
(0.619800779104741, -1.336757591097274e-41)
(0.22927294578391286, -1.294152059224081e-41)
(0.5183070016161828, -2.147118106699903e-42)
(0.8115743643629555, -9.53905104245277e-41)
(0.5322082835579435, -1.8599757795808715e-41)
(0.7689303329944638, -2.439259820389707e-40)
(0.8544873461833656, -5.206781043967505e-42)
(0.5861524404211037, -5.182061004077638e-43)
(0.22248516915418767, -1.3313728671370966e-41)
(0.8062497789775359, -6.2900725941451664e-43)
(0.5426035822270818, -2.225387876153075e-40)
(0.2194784843505902, -1.4613234569791192e-41)
(0.9430263117751573, -1.223974004141194e-41)
(0.9607665089663683, -5.94135956646737e-42)
(0.5025808949252455, -2.943662545572491e-42)
(0.5997586853137666, -5.413930075318918e-43)
(0.7316037108347639, -5.686099554427795e-42)
(0.3940009048875289, -5.561228419978339e-42)
(0.02453334191671544, -1.759205351715915e-42)
(0.9176899841106214, -2.4836698917411697e-42)
(0.9404905377855346, -5.774089417419299e-42)
(0.8812135720349711, -7.095409914825495e-42)
(0.9413223080130988, -5.442209865068361e-42)
(0.6766596481478444, -1.494039355020103e-42)
(0.6943117522060673, -3.377269997143611e-41)
(0.8257890694579516, -3.588087849302698e-43)
(0.08724765006784285, -5.105140417498742e-43)
(0.9368851951965855, -4.874809985423161e-43)
(0.6851733941744886, -3.9871499031754785e-40)
(0.6707171249603067, -1.7582492308989233e-42)
(0.013792780881207164, -6.63246039757816e-42)
(0.9076439919296896, -3.27155165072941e-43)
(0.23463984445192054, -3.445013280375199e-41)
(0.6598844224473274, -3.2908796037482557e-42)
(0.34734628403484796, -4.595378247424648e-42)
(0.6105706887120744, -1.3713602203102181e-42)
(0.5937974610876352, -5.348521976761929e-40)
(0.014673248317483886, -3.550013811068096e-42)
(0.7857988737968373, -8.980648582150732e-41)
(0.8071328952653012, -9.198381573925759e-43)
(0.3583555390693738, -4.727086198787683e-43)
(0.6899597603684144, -5.975851285977964e-41)
(0.8812553409249333, -2.8347648678412736e-40)
(0.9935748856894004, -2.2415407219346078e-41)
(0.026789271616151765, -4.86228968503182e-43)
(0.7834025465654356, -2.0179437098417229e-41)
(0.6381106482181005, -5.0195721290369566e-42)
(0.3433626316656584, -4.571269132435626e-42)
(0.8981212978966001, -1.3779295921722856e-41)
(0.8662414699007748, -2.3905644590090373e-43)
(0.7287302000899287, -4.142360422844226e-42)
(0.6525888510065795, -7.599329146064195e-43)
(0.401198405015086, -1.2104746247782968e-42)
(0.6755952133746695, -3.4064421250545602e-43)
(0.8866461135057653, -1.1452541545570587e-40)
(0.2860157097092915, -1.149525010779619e-40)
(0.12729539735780604, -3.9391673810488695e-43)
(0.06466616810773937, -4.590655258059883e-42)
(0.6858937751184453, -3.705900244158371e-43)
(0.5957857963152959, -4.3122268972839795e-43)
(0.20968744979927847, -1.001055154326251e-41)
(0.5329386794383204, -2.068905288694263e-42)
(0.675795130020643, -7.160543083980728e-42)
(0.9582070007287786, -8.021123995850278e-43)
(0.28439147208149096, -1.4632059737340635e-41)
(0.8532257031506593, -1.618325887186611e-42)
(0.621329628187501, -6.332811284412929e-42)
(0.2685838408805699, -4.5882309356372984e-43)
(0.1515763635039415, -2.176754003221624e-42)
(0.6852474550241862, -2.8602825339503995e-41)
(0.9254327174691603, -7.000379787389544e-43)
(0.4444142891247708, -2.355977905160861e-42)
(0.7262847404011221, -4.3991219889665574e-42)
(0.9546907550503299, -9.570054101966228e-43)
(0.967232578207576, -1.535611114691733e-41)
(0.6812738131472459, -5.614654466291606e-43)
(0.6057110586982292, -6.882444685935305e-42)
(0.7708221483102712, -2.8235122560717293e-41)
(0.6399109148322528, -9.093418394059668e-42)
(0.5054288224955327, -2.685382027093249e-40)
(0.041614519134192, -3.1878291755111845e-42)
(0.2180201513960047, -1.954032992364712e-42)
(0.02168953871076843, -8.542531129095788e-43)
(0.0014046594658117882, -4.4957976883900134e-41)
(0.9910468993504407, -1.8309771977881152e-42)
(0.0001580056562755674, -3.649110732662319e-43)
(0.9532583682212317, -5.216703656243353e-43)
(0.2823485410856054, -6.212421861123435e-42)
(0.0066693913208336645, -1.90985928125386e-41)
(0.9953557304247478, -7.677285851477563e-42)
(0.9539336043677152, -1.030301877283918e-42)
(0.8301263951305707, -2.467869238550358e-41)
(0.340983861130177, -3.235641429032237e-43)
(0.12539357674456944, -3.032550060183224e-43)
(0.027749919115730885, -2.3860582380814837e-40)
(0.23583960225712544, -7.922212807911131e-43)
(0.18065341796683113, -1.7885317331140025e-41)
(0.710180011654695, -2.708052612903962e-43)
(0.9645155885004608, -9.24130194532048e-40)
(0.2430857763778818, -3.997993861552581e-43)
(0.05698396635304826, -4.223804480874617e-42)
(0.008688275028689307, -6.103807930383234e-43)
(0.5763425574446385, -1.178038494951261e-41)
(0.8199491685836943, -7.36523899754284e-41)
(0.7372012483602065, -1.298752382748055e-41)
(0.2981503613420744, -9.131727063981348e-43)
(0.8374341210567019, -3.9279884614242433e-42)
(0.31889079159374417, -5.517287283393849e-43)
(0.14602885388759393, -6.041320694152373e-43)
(0.21368456238895658, -2.35406532694342e-41)
(0.011436622252543655, -1.4004016278294706e-41)
(0.7888700670774526, -6.041739340568759e-43)
(0.18322101485597797, -3.4379018312024964e-43)
(0.4564670299467235, -1.3358294969265731e-42)
(0.9062091135720336, -1.8658737650659078e-41)
(0.7953253736984638, -1.6918377747206563e-42)
(0.6092591290967493, -3.611861294212732e-42)
(0.7913064404787421, -1.180632640328147e-42)
(0.28321118301136333, -3.2981966923032522e-43)
(0.21281955887742962, -1.0376839189582105e-42)
(0.7885490331220943, -5.971048693993164e-42)
(0.291532346745445, -1.458167246047729e-42)
(0.6557726046995963, -1.533645170598231e-39)
(0.2786724092199098, -5.3076667119807297e-42)
(0.08001572287388732, -3.2038356442653244e-43)
(0.4367147499932426, -5.907312163131654e-43)
(0.02426627717729598, -2.5489709750037135e-41)
(0.45734447975337694, -2.9075869528194295e-42)
(0.6145032956466026, -7.599039440285595e-43)
(0.5945029945669397, -1.4997472559605804e-42)
(0.11867453416973608, -6.832602838301391e-42)
(0.9453352774886791, -1.1760697030326674e-42)
(0.8093618962211949, -3.998574790145688e-41)
(0.3889163086582117, -5.0464379674009925e-42)
(0.4115571342200418, -1.7412648745177988e-42)
(0.602399011469726, -3.3562096233021596e-42)
(0.5958598845993435, -1.3608303591028308e-42)
(0.32580074050131397, -2.017135233147907e-42)
(0.23377493405924132, -2.0200565667589093e-42)
(0.9176760298308497, -4.026029233118961e-41)
(0.2735422778932392, -5.05211382038225e-42)
(0.3760409120444405, -8.521690421322742e-43)
(0.6260201506931665, -9.17261015088883e-43)
(0.5053392842908134, -1.0917415524803462e-42)
(0.02840553757409459, -1.4223722848082538e-41)
(0.10789447204265404, -1.0527261274726141e-42)
(0.8615273621005826, -6.725948381732727e-40)
(0.6289248302558333, -1.0647626244485599e-42)
(0.9688641564208537, -1.663829822261319e-42)
(0.32610566413741593, -5.235733561004034e-42)
(0.32320647455231666, -7.210286873327931e-42)
(0.9423921248752052, -9.0013048132339e-42)
(0.8171228409568875, -1.3766578364492155e-42)
(0.8371638227042948, -2.5536769152047344e-41)
(0.7167964697826691, -2.6062050483788708e-42)
(0.06356949407318241, -1.273657053643033e-42)
(0.4714922017966558, -2.1167500130750055e-41)
(0.8801868971384018, -2.811261541754384e-43)
(0.9305060087438681, -8.057619007292812e-42)
(0.07667303540214017, -2.5161402268040618e-39)
(0.525890215160109, -9.984176011475781e-42)
(0.30850448223418814, -7.32993066908838e-43)
(0.8624145917195657, -1.4375813573454214e-41)
(0.6996744847622384, -1.6847107640534583e-42)
(0.983841127304596, -3.600570139718767e-43)
(0.4782681126951843, -3.110399969760004e-41)
(0.4464637534911337, -1.117993710772426e-42)
(0.7931448207805615, -1.889392481630985e-42)
(0.5191382023275913, -3.803149356069099e-43)
(0.37467753196007136, -3.6527508218418855e-42)
(0.831796484831898, -1.3817778111019254e-42)
(0.8203238412977851, -6.254635424304728e-43)
(0.47753388653362394, -6.555915256150541e-42)
(0.976896353774604, -1.7530504354965346e-41)
(0.060006295644829684, -1.7156013556079326e-41)
(0.7079790435147874, -2.582128399740459e-38)
(0.705725667394013, -4.160388264152284e-43)
(0.58733448289547, -2.6216865660262865e-40)
(0.5983843918164603, -4.111459467373234e-42)
(0.4708543611713101, -6.542759356414906e-43)
(0.5902584083502183, -5.413842654993483e-42)
(0.3002636570125393, -1.1331861393911554e-42)
(0.9787880075275641, -9.909941125304882e-43)
(0.58191872314275, -2.336596994047957e-41)
(0.881555843770436, -2.5855238616005457e-41)
(0.315256038100662, -2.0979287652527536e-41)
(0.25883528256584293, -5.657193834171949e-42)
(0.004828142892676047, -1.3120251723812759e-42)
(0.5592514342434728, -2.793977130331035e-40)
(0.9104375160185366, -6.176089995894623e-43)
(0.1048283495748805, -6.35511037362003e-41)
(0.7348621338234868, -1.3530854407250678e-42)
(0.36064735286820254, -4.2025722035915635e-43)
(0.9265506468962812, -1.0003519697411394e-40)
(0.41405986021273217, -3.420009405132108e-43)
(0.34084184329036926, -6.742907272631403e-43)
(0.18250571598295603, -4.6379790156200875e-40)
(0.3981663544823788, -2.220275037586859e-41)
(0.36627398027215585, -9.463954463211223e-43)
(0.25436149318034323, -4.704094954864846e-42)
(0.41112013881887427, -1.1746966047594294e-41)
(0.3551229266711709, -6.973143658465918e-43)
(0.42595438851924816, -1.9364449922015994e-41)
(0.41766355732737775, -2.0039754890615996e-41)
(0.33485599297331975, -6.830796871644839e-43)
(0.6629925041922482, -3.611967393876206e-43)
(0.5129359749167158, -3.418316692451902e-42)
(0.7878051236863601, -2.4603800751234236e-42)
(0.9324975122874569, -4.736802054993566e-43)
(0.2373937054312689, -7.672907194088653e-43)
(0.12393319363124317, -6.37323279467684e-41)
(0.2048143616371685, -1.544733918477201e-42)
(0.13980551535566024, -6.573993470418215e-42)
(0.5513667014741068, -1.1108126031195203e-42)
(0.9117084899841318, -1.6478237130507768e-41)
(0.20083975110353644, -6.197853947599543e-42)
(0.9958428228739361, -9.269982772840303e-41)
(0.47723237556908427, -1.3504848814153941e-42)
(0.5640059493337347, -6.693202565384512e-43)
(0.5009490611996239, -7.36744320288679e-43)
(0.9513132838267706, -5.220451286048779e-43)
(0.9381487554270621, -5.464290405293319e-43)
(0.7456822495836698, -3.2665583348639323e-42)
(0.19535367450776941, -3.7389807486163824e-43)
(0.41814653491413517, -4.4145716978493525e-42)
(0.018770029371823902, -4.769757006097167e-43)
(0.643199614144369, -5.202543088732996e-41)
(0.0021530627304586006, -2.711698793397845e-42)
(0.08061120451155919, -2.5366748856387822e-42)
(0.238498654702383, -2.7239391530267634e-42)
(0.6927334807269735, -5.710806390172801e-42)
(0.1068940583305705, -1.8865066312477464e-42)
(0.5650656512471239, -1.6113001887076685e-40)
(0.31799339976496444, -9.880001463152251e-43)
(0.4175172271111209, -1.279864516136814e-42)
(0.7042597976098679, -4.3581143215749905e-41)
(0.829758190271787, -2.3053322522567796e-41)
(0.6803637970982888, -4.032231825322789e-43)
(0.4761482545275504, -2.3144575285142782e-42)
(0.5108865099392886, -1.6450502339905827e-40)
(0.3925669487919995, -6.884267481780721e-41)
(0.6899620733328373, -9.243578812060577e-40)
(0.2930657682853887, -1.2426992696170067e-41)
(0.3095952721034471, -6.417692495212873e-39)
(0.10769620452760893, -1.927512596206538e-42)
(0.8289950521349805, -2.54131649428426e-43)
(0.7688953546488463, -8.379107516553478e-42)
(0.5456169842214472, -1.18920370407986e-42)
(0.7124365023507089, -2.741411805295826e-43)
(0.022966623958715307, -3.310540989251531e-42)
(0.2288797262244752, -1.5161859131411618e-42)
(0.7732533749528865, -2.3374009636115993e-42)
(0.4581115894423739, -1.0778931571823326e-42)
(0.8152438462122104, -3.500622744635864e-42)
(0.624832762078049, -5.6210114283231014e-43)
(0.2841957364637095, -2.2600229130654803e-39)
(0.17199564966593844, -2.7287494102665875e-42)
(0.6442621620445226, -7.694289473547978e-41)
(0.3750862666236551, -1.45201270394802e-42)
(0.8779000075860731, -9.623664810524782e-42)
(0.12263266046427329, -5.126584845535218e-42)
(0.4216601713419445, -6.55849798738917e-41)
(0.9060567951565499, -2.960067023326218e-40)
(0.15308719974006946, -2.3683928187756647e-43)
(0.33527062925402124, -1.184881851995681e-42)
(0.873561872943175, -2.3113803312896415e-43)
(0.47293774218847967, -1.3957829218968769e-42)
(0.485610022203439, -2.1345113306335526e-42)
(0.203464466415448, -6.9970780299688825e-43)
(0.06137760764500373, -2.0660767316799124e-42)
(0.5028062155923747, -3.806740488338702e-42)
(0.8344273587865321, -6.677385855845992e-43)
(0.6712778618290237, -5.579785753827887e-43)
(0.31046221808722757, -7.457759367673675e-43)
(0.3545162413764194, -2.7422292830269055e-42)
(0.6508957878739401, -1.248169185797163e-42)
(0.20945255014901143, -3.0079761743641253e-43)
(0.9321825755747185, -1.1220736936600135e-39)
(0.48121117695900434, -1.4365920339627077e-42)
(0.4455557839203141, -4.511029695009641e-42)
(0.7648552658969631, -8.997124801870898e-43)
(0.7101197445505341, -4.2093901114456724e-42)
(0.24000251854604904, -4.438938583728545e-42)
(0.21689853881943244, -6.435658340816538e-43)
(0.7237894827463198, -3.732002573815253e-43)
(0.39103344147921903, -3.6732180135727976e-42)
(0.34323634126269714, -1.1636529529776027e-40)
(0.24939150054003087, -4.398035174042713e-41)
(0.6923125799799993, -3.967051894297409e-42)
(0.07729684948503909, -7.691945100300337e-43)
(0.2486886908843208, -5.817479100399366e-40)
(0.9415803753928847, -3.116371558627132e-43)
(0.2782922661245036, -3.361268264030999e-42)
(0.5940527527826347, -7.1303212428662855e-43)
(0.6365742751907861, -4.3057164344439014e-43)
(0.988353690435113, -9.849865257035253e-43)
(0.9669110061009053, -5.885104408036587e-42)
(0.5427109623449579, -1.7928205363192452e-42)
(0.8534880981455222, -2.929625910533068e-42)
(0.47739197605390254, -2.5308533473953713e-41)
(0.6009750899602122, -8.572771545118896e-43)
(0.2965214315488222, -1.1149126215392696e-42)
(0.6827713404152668, -8.635287779642418e-43)
(0.9833562685540325, -3.263673408232212e-42)
(0.035621557354504764, -2.847025659226933e-42)
(0.6111602011288003, -2.6478785158527532e-42)
(0.4202214112914673, -6.078404320898317e-43)
(0.6492037206269394, -4.1329345847759043e-42)
(0.826368778960116, -1.8680806926015283e-42)
(0.8286912538172347, -1.0942098153747569e-42)
(0.4959779143109464, -3.5562429698530415e-43)
(0.6174132793631857, -2.7295267569324177e-42)
(0.23726261213932617, -3.938411696807521e-43)
(0.12354354196019926, -1.0127701677394033e-42)
(0.5953033869569437, -2.263537178605583e-41)
(0.8303258576838886, -7.515418758555969e-42)
(0.2722858307195795, -3.575383846350211e-41)
(0.7409126119539633, -1.80447691687387e-42)
(0.7859177342040293, -8.871071599334846e-43)
(0.18651558344841118, -2.600570496237006e-42)
(0.43647715961194855, -8.776363620162234e-43)
(0.5703759070275594, -7.274504110732285e-42)
(0.8929054400447803, -6.550881879893159e-42)
(0.3379824967696517, -5.822351258735475e-43)
(0.7560452221827487, -1.6638336064374396e-42)
(0.5623152205623041, -7.615545744826276e-43)
(0.26594129505586855, -4.963236460155073e-41)
(0.1627669473076623, -8.658418642418754e-41)
(0.515898932030384, -3.852556733237648e-40)
(0.8878277327114205, -3.0601414503462376e-43)
(0.08349798220120211, -7.840283144550856e-42)
(0.9137091824529029, -4.960485153463177e-43)
(0.9872212940086887, -1.8145248787038144e-42)
(0.01540274647927603, -6.193271465919719e-43)
(0.36571797856552246, -1.367124339456394e-42)
(0.7298701249719965, -5.6804771790929294e-42)
(0.17006948609764655, -6.68899382433608e-43)
(0.7828870560702359, -3.2856236376025364e-42)
(0.13802301913969034, -1.0615069345593182e-41)
(0.8925960284432465, -2.30499630929371e-43)
(0.3433767140535939, -1.4552846474479545e-41)
(0.40660611466632424, -2.589568245641971e-40)
(0.9905272712789988, -2.1264539647163455e-43)
(0.4511656092517104, -1.607929961121754e-42)
(0.6758671769905346, -2.4627373520857037e-42)
(0.3847296818774948, -3.954542580349677e-43)
(0.6956603829534886, -1.862259608303962e-41)
(0.908534946046199, -1.8366995712546128e-40)
(0.10348451615682834, -1.625477790272889e-42)
(0.8297803122881534, -2.661513496246331e-43)
(0.9430709070165908, -1.2990909248738442e-40)
(0.9342685980462522, -6.937664626723141e-42)
(0.2609180800030749, -7.227932309512178e-40)
(0.5240385809397281, -2.2925685468545757e-42)
(0.5679187513498266, -1.7674447223512584e-42)
(0.7410015185345667, -5.21407322955917e-42)
(0.7360339188889145, -6.149526176746494e-42)
(0.6525599312436469, -1.6608414669875155e-42)
(0.9884444566553534, -7.241846697555055e-43)
(0.8831154519958702, -1.2223834332079295e-42)
(0.9971699593997736, -1.4820989526779624e-42)
(0.6848240041449042, -2.005685677712922e-42)
(0.5224326577988887, -4.0115023262175935e-41)
(0.7997292779797306, -2.353876774682524e-41)
(0.26129077531428885, -8.996700752199483e-43)
(0.4298610779816363, -3.7142179734875524e-42)
(0.5581492924493456, -5.54475627496359e-43)
(0.8939098799785797, -1.5219919159630254e-42)
(0.9658247263001478, -1.2193078309767558e-41)
(0.6062569628917733, -4.156528369088696e-43)
(0.1277248114329745, -4.402938570980973e-42)
(0.2548034493926218, -9.88049046531942e-43)
(0.8812991760090113, -9.214736964308323e-43)
(0.9387121967050613, -5.289264873891813e-43)
(0.790616107046656, -1.3719749967607276e-41)
(0.2279265081669729, -1.864935246068545e-42)
(0.2532561763128618, -1.3242554703113319e-40)
(0.9016797609691289, -2.7355369532576347e-43)
(0.3593411410976609, -3.756875864322551e-43)
(0.4330338463132236, -5.842022559957808e-43)
(0.3103865487631844, -3.2133114962757356e-42)
(0.23358526779062264, -3.333222236514345e-42)
(0.38694915149739295, -9.383779948187112e-43)
(0.9435289209277891, -5.43049382148195e-43)
(0.5067081185471881, -2.3811795155015256e-42)
(0.14445415599507275, -3.7574733650203567e-41)
(0.43206422211763873, -5.035283723436064e-41)
(0.461990768637023, -1.855040029925245e-42)
(0.22915191731573895, -2.661962402113701e-42)
(0.987065059987587, -1.377651499409695e-42)
(0.7663774577705893, -9.223340273950763e-42)
(0.20516544307472762, -5.5092682560199396e-43)
(0.030934777534851608, -2.009630810444198e-40)
(0.4272712237635893, -7.769889570303678e-42)
(0.9623014389802713, -8.585801072208822e-43)
(0.41323343865210616, -3.743344642898917e-39)
(0.5064910166482868, -1.649232762480094e-42)
(0.9581825942639222, -1.5374745121807627e-42)
(0.06144301982767139, -4.577310660066633e-43)
(0.8362546642069428, -4.567362454080116e-42)
(0.1664946735168481, -1.1701517979634258e-42)
(0.4999847597774775, -3.7820072368838023e-41)
(0.6834505104155255, -1.0511441501646686e-42)
(0.5693115274682178, -1.1146643383546406e-41)
(0.8118189152485313, -3.191819161909717e-42)
(0.563993612852824, -1.9811542320262706e-42)
(0.3135419500918879, -9.63327078333129e-42)
(0.39921018919679996, -7.837352923608248e-43)
(0.0007350463959476353, -5.603377160585815e-43)
(0.31747003497542253, -1.6922257879085162e-42)
(0.46875764874907855, -8.458596961385848e-43)
(0.5200187741220896, -1.9472268447386168e-41)
(0.8115590110408667, -2.308599371872593e-41)
(0.8659527480121434, -8.272943114267187e-43)
(0.749354698488933, -6.282058427742868e-42)
(0.3159251326599087, -5.2459303043358504e-43)
(0.8433600575162442, -5.397538626475148e-43)
(0.0015167096182053302, -5.8206076331975386e-43)
(0.008380852583969998, -2.180673448705917e-42)
(0.9507324689300745, -2.4001040143416487e-42)
(0.9453117217591077, -3.755666883654964e-43)
(0.5086021131559436, -1.6338384607930922e-41)
(0.7968620809200673, -1.446759684100946e-40)
(0.3695919341408631, -1.5280074380137943e-42)
(0.504887752770179, -5.953742267652839e-41)
(0.147817077421148, -5.145624445686424e-42)
(0.10033595178941464, -9.487059724429417e-40)
(0.8707074312166374, -4.4110084761038365e-43)
(0.6893402947395422, -3.6475723173766254e-42)
(0.8042594163226795, -9.611500339131147e-42)
(0.04773436504420242, -4.86432392268329e-43)
(0.15071412721825206, -6.715529349452578e-43)
(0.7642166508793827, -2.90148691731027e-43)
(0.6757237211924831, -9.208213578207241e-43)
(0.2907095040887619, -6.404626443349229e-42)
(0.6452809532167776, -4.861533588673008e-43)
(0.5560633070818918, -5.06093738481085e-42)
(0.1409517631008013, -4.858343190130118e-43)
(0.05857864682129834, -2.7966897846236567e-42)
(0.32152984555455566, -6.618509496741106e-43)
(0.3572717422793711, -1.8889484597036466e-42)
(0.1506382343192822, -7.443052431590096e-42)
(0.5672380832359012, -5.996553759005557e-42)
(0.5055607060810163, -1.409947609061728e-41)
(0.7386497216875046, -5.39358457289332e-43)
(0.020976120607301186, -3.338913282617645e-42)
(0.7257194643653351, -1.0661815371824956e-42)
(0.7684484237710546, -1.1005776874546267e-42)
(0.8048696208924333, -5.4149923824555405e-43)
(0.20762364333302785, -6.58204835906468e-43)
(0.11360348477559606, -1.273061698141265e-42)
(0.1144724899909076, -1.4570869573661362e-42)
(0.6371058790630321, -4.1187021971980624e-41)
(0.4043901131104106, -5.9873046967295625e-40)
(0.70938255165933, -2.729377634397389e-41)
(0.8632857143814557, -7.847937691988513e-42)
(0.26268491832725394, -1.7931336578607597e-41)
(0.4591217210127123, -4.314380241888782e-41)
(0.6332183554211355, -6.152560577947937e-42)
(0.03767356777465478, -1.926218132277597e-42)
(0.4934817206277557, -5.111775305162177e-43)
(0.38404175898287235, -6.791731479788717e-39)
(0.4540913488743396, -6.179130539579367e-42)
(0.7253298916583385, -5.628114330264133e-43)
(0.9653507721731095, -3.1634987064201973e-43)
(0.10744877453087728, -6.3692716917145425e-43)
(0.46712502705341963, -2.124585393396218e-42)
(0.3441972952265475, -3.096486054255322e-39)
(0.4774992964579981, -3.269157166188526e-41)
(0.500220913999945, -3.453929488376783e-42)
(0.23250924947789592, -5.515837557404642e-42)
(0.952982554432356, -3.262095708386619e-42)
(0.17314208501854816, -3.784677113832672e-40)
(0.04634392242074656, -5.02222456266756e-43)
(0.7507433235862891, -1.2926002626441946e-40)
(0.8668094393055781, -1.7954487336811992e-42)
(0.24177543583755487, -1.0400156146244e-42)
(0.03482018413093785, -8.30295718093115e-43)
(0.23586482857138158, -2.0057598894475298e-42)
(0.5927876926743253, -2.681928937758653e-42)
(0.8926403318591296, -3.7075757750497615e-42)
(0.6069099423202913, -6.790777587763654e-41)
(0.5089202514050398, -7.889615123439403e-43)
(0.8837296797451899, -8.610678128761027e-41)
(0.5173747953713344, -5.6393847755199523e-42)
(0.6579684094905328, -5.8072329090556653e-39)
(0.9022883290844887, -3.737670688399211e-41)
(0.18506029915662747, -8.531058121740709e-43)
(0.7940373821777548, -4.2771485434724446e-42)
(0.27129438065464695, -6.784525296968429e-42)
(0.5805525125075421, -3.9871349108749654e-42)
(0.05310570307111316, -3.65992102059293e-41)
(0.14128011039578398, -1.2035170366217178e-42)
(0.0012584710517253021, -2.916390291231074e-42)
(0.25426837724722046, -1.9461444494228214e-41)
(0.4656236875504688, -6.61239909809909e-42)
(0.8486421657542702, -1.0329318484698602e-39)
(0.3937833439987245, -6.133484377683528e-43)
(0.8941075314271435, -5.318975039854247e-43)
(0.16417873379832212, -5.596689920459657e-43)
(0.3346403742413874, -1.4173121287609584e-42)
(0.38382949125850824, -2.102341694990945e-42)
(0.4558793475187349, -6.704377807840484e-43)
(0.7275586794685371, -3.907616804332437e-42)
(0.9163232759204387, -3.898927817545264e-42)
(0.2535855811620971, -1.7852750149297971e-41)
(0.9632088675766665, -5.699125340156966e-43)
(0.22127932969945024, -1.6503535466962494e-41)
(0.4663664139817884, -1.3743319405033524e-41)
(0.5371906846839873, -2.0528662527572193e-42)
(0.9291449265397534, -8.318421418646172e-43)
(0.5397172227537778, -3.4827869697763284e-43)
(0.9662568016021108, -2.539415551159809e-42)
(0.12885694084606986, -1.7716252325986284e-42)
(0.5480259273858843, -8.653276751539947e-43)
(0.9270660574027608, -5.9602771639645276e-43)
(0.6188108550227165, -1.2959941774744312e-42)
(0.7194470308647847, -9.37830128601186e-41)
(0.8980110619590318, -2.3941853016620454e-41)
(0.8078579274057544, -5.675757318228566e-43)
(0.9488045631024862, -4.480203541998776e-42)
(0.6781071823058682, -8.666895814949595e-42)
(0.5542913464914782, -4.510366535257555e-43)
(0.09758047793060722, -4.413286542895291e-39)
(0.8619201834241432, -8.754616407923724e-42)
(0.5222839321277658, -3.199760763160269e-42)
(0.9894183604684745, -4.167010956357484e-40)
(0.6889308891265047, -6.9593293017584645e-43)
(0.18112990051534195, -1.2547530883764372e-41)
(0.9748437789492977, -1.122153684118276e-40)
(0.13805279086200262, -2.7222834986025135e-43)
(0.31382694725005406, -2.930901982032634e-43)
(0.26912005909120806, -7.372839279527671e-41)
(0.3332901424930284, -2.9086383978284343e-42)
(0.5693248608655241, -1.0297953408976706e-40)
(0.9079531468766301, -3.947311126736369e-43)
(0.9807539570183859, -5.4590662294015925e-42)
(0.45298569674222405, -2.941362152264364e-42)
(0.6767524056514929, -9.083617372817376e-42)
(0.37165258337709683, -8.146433971318833e-42)
(0.909492496353093, -3.4114168571158112e-43)
(0.3191651142043229, -2.7857178121146083e-43)
(0.22621733780510084, -2.305380175315169e-42)
(0.5252935692994001, -9.758665580969126e-43)
(0.3502628166502757, -4.814865004336357e-42)
(0.24773722598213457, -6.0885237559485676e-43)
(0.008269340533791211, -7.164107203204138e-42)
(0.659584841361332, -1.3710616298349866e-42)
(0.7494969039134735, -1.6798021111476424e-42)
(0.9657544953142408, -1.562439731446449e-42)
(0.6132350856810839, -1.465329889456969e-42)
(0.19788714288411766, -3.362484417964387e-42)
(0.8759971464961835, -1.755097566026106e-42)
(0.09954217151518062, -2.7749645555207744e-42)
(0.8964276338998528, -9.911728562899458e-43)
(0.2221949555999539, -3.231131848099437e-42)
(0.5723134890176094, -9.377514722703899e-43)
(0.87232047403784, -2.793874621212377e-43)
(0.42000350361881467, -1.4470967288701857e-42)
(0.25060540360791733, -1.2354431850402611e-42)
(0.06060329544803784, -9.909268038855175e-43)
(0.18394029638017834, -4.199638103232467e-43)
(0.5980919678038645, -1.3409648641072585e-41)
(0.8646780611435574, -3.425440696595425e-41)
(0.7433641105073365, -1.8974419632241657e-40)
(0.7444967893951138, -1.6349807440357016e-41)
(0.752458101848981, -1.0402300256027902e-42)
(0.4315821423045212, -1.3710479550257073e-42)
(0.126410516956448, -4.282443730602516e-43)
(0.285307706939512, -1.811275590548837e-42)
(0.8285924806085065, -4.846078336646638e-42)
(0.8259717049711038, -3.207886379261819e-41)
(0.9041134789678177, -6.2912124381734725e-43)
(0.24773751434715563, -5.264641900066757e-42)
(0.3102061093279361, -2.1625585005542072e-42)
(0.5696923326495946, -5.249469197981006e-43)
(0.23053665598129122, -7.629901734507842e-43)
(0.6083205990969066, -7.450302850423873e-43)
(0.9267501715272547, -1.5015587552691583e-42)
(0.025907932906167004, -3.5197901535725583e-43)
(0.7271154659310299, -1.7675528065616594e-41)
(0.008697075778270882, -2.8751153123337175e-41)
(0.9960326206265736, -3.579756140023039e-42)
(0.9514344584283618, -5.161408541088182e-43)
(0.2016557531101595, -3.647481342283497e-42)
(0.915132258682518, -3.9665689400803494e-42)
(0.4858278586433626, -8.714536701913291e-42)
(0.49242277297002246, -4.184021100385175e-43)
(0.697521289716083, -5.988120918888785e-42)
(0.0828510411818409, -1.582403215546353e-42)
(0.6496414502558227, -5.9116123977584495e-43)
(0.2852968859680144, -5.298008035220172e-40)
(0.16169458212994817, -1.4279056708686116e-40)
(0.22863765097934496, -1.5258634265394193e-42)
(0.5664798689709565, -2.2246446117957387e-42)
(0.9493224733836227, -2.318545274448525e-40)
(0.2834619254626578, -1.3065422479104539e-42)
(0.2932163746031988, -1.8273809097006953e-42)
(0.6606259819450347, -1.5620821259923317e-41)
(0.9790828312533031, -2.0663198027290442e-41)
(0.3472470410562232, -1.0071170390402813e-37)
(0.09073866325897435, -6.030166191028622e-42)
(0.9245325067541207, -2.2196003272532548e-42)
(0.9163612167865904, -4.3459540713356553e-41)
(0.5725831237110802, -8.169519561464574e-43)
(0.9614886396532292, -7.693917645230682e-42)
(0.12452346311750463, -2.523305057511805e-42)
(0.7606126286651921, -1.2694103402612863e-42)
(0.8686928030130227, -8.67944936226104e-42)
(0.906017273989984, -2.4659668937552968e-42)
(0.6352298238039192, -1.9449127784535007e-42)
(0.34374504660210475, -1.571008101505562e-42)
(0.3329185305533539, -4.629294023786416e-41)
(0.82263554027385, -4.333085712932282e-40)
(0.5399173960681418, -8.061147020082621e-43)
(0.6359952428031345, -9.701140385912866e-42)
(0.8401279533911346, -3.5864788724193444e-43)
(0.07921680677542405, -4.425990437522098e-39)
(0.3872782620675899, -1.4172859055393055e-42)
(0.12695988358601185, -2.535156565858474e-43)
(0.16480083505007576, -2.4791494581962643e-42)
(0.7610418159740894, -1.1935485043588427e-42)
(0.6245058201645629, -9.243411128053975e-43)
(0.8663719222109117, -4.362950400109332e-42)
(0.007537013276773653, -3.8886880624533754e-42)
(0.24984942416959294, -6.84895310411504e-42)
(0.853727245929843, -5.712214219476663e-43)
(0.16737045071229908, -5.36155570026219e-42)
(0.22737827868108945, -2.948936560412311e-41)
(0.02147260326933441, -2.0953834882667576e-41)
(0.2208731905120538, -1.8766276117517815e-42)
(0.0035689743454897743, -1.3145573535668832e-42)
(0.753591862735247, -3.439875045366123e-43)
(0.10102848359236258, -2.4466487597476994e-42)
(0.4543820884623786, -1.352906585250212e-42)
(0.06343257742064358, -2.8798160662913978e-43)
(0.7949273443121769, -3.052898677894187e-41)
(0.9467965778310339, -6.867368995552965e-43)
(0.5983637894043601, -7.42837238142035e-43)
(0.7996817288641258, -3.4687558578586665e-43)
(0.3359448113597483, -7.084805236933609e-42)
(0.779867036758217, -3.33045520355648e-43)
(0.4714513588513447, -1.6163834493291942e-42)
(0.2016442004563407, -5.095244337541012e-41)
(0.26679566714125097, -1.2697423358149933e-42)
(0.3079508645275583, -1.0763087449536642e-42)
(0.15548724165332298, -1.9199143762736945e-41)
(0.8647806071507874, -4.3094821372953584e-42)
(0.12555170186701578, -2.224683296397503e-42)
(0.7905441404580379, -1.5380185478460446e-40)
(0.5031281481175197, -7.93146143014484e-43)
(0.8611526548179034, -3.0803442105925523e-43)
(0.17324522478808657, -1.2100766871977453e-42)
(0.24985183216037063, -3.3551524337166887e-41)
(0.2831243312122498, -3.153734340730998e-41)
(0.42643043725652413, -1.6672324930574282e-41)
(0.7423509666479169, -2.9068645706527232e-43)
(0.8073186297876347, -2.6219085033548068e-43)
(0.20948794761700443, -1.6840382238293818e-42)
(0.3104304667137385, -1.178164712585089e-42)
(0.299776499772408, -8.828488874447494e-42)
(0.37966759443674036, -1.0300733520938896e-42)
(0.9877907540204173, -2.032576751543482e-42)
(0.06202983927007235, -4.35722266131674e-43)
(0.8115426814971738, -1.8923444707886302e-41)
(0.054798265327979594, -3.9204261739668826e-42)
(0.912961034805365, -1.3670353331153308e-41)
(0.9229269088562659, -2.471672026608272e-42)
(0.7566744568705083, -3.2696703025340343e-40)
(0.7556506053334321, -7.33110524099431e-43)
(0.1449277530703519, -5.262937981568151e-43)
(0.5061142664102217, -5.4792957013827715e-43)
(0.7400852975203004, -6.829911827417023e-43)
(0.1837873002313029, -4.887613932251016e-43)
(0.1877969476542479, -5.58925838097196e-42)
(0.15024342378337333, -5.810158655432635e-43)
(0.8715667947976161, -1.7415770315676342e-38)
(0.9110924395724822, -1.5690919895536532e-42)
(0.03293810048621261, -9.076134554297139e-43)
(0.013873539966090661, -2.554425134952406e-43)
(0.047705232440216246, -2.7633583781758923e-43)
(0.7808640295670982, -3.391042289845942e-42)
(0.17849304259510324, -3.0797948958631187e-42)
(0.4161743047390115, -8.002674091499068e-43)
(0.16516175642303582, -5.396802087314942e-43)
(0.7800484411283541, -1.758811860613731e-42)
(0.4002535488676467, -7.75198875374629e-43)
(0.0880842692516211, -7.152099245114709e-40)
(0.9325961497910165, -2.413766154717673e-42)
(0.09291208764961288, -8.532202919956977e-42)
(0.23600138286226646, -3.226826422243411e-42)
(0.799387127262615, -4.2007993440905047e-41)
(0.09401211501633036, -8.80474494871265e-43)
(0.8885460901977948, -1.9976425876829952e-41)
(0.9151918404114667, -2.910273546315279e-42)
(0.471703081617662, -7.01624485488809e-43)
(0.8328854841683598, -2.476456787485783e-40)
(0.1046328759888555, -2.7471125449873e-42)
(0.09258202597154684, -6.521309728287679e-42)
(0.1944860264454733, -2.2643046197955965e-39)
(0.8541692047866377, -6.29455927192532e-36)
(0.7104104921673297, -7.950245798592279e-42)
(0.12076943471986942, -2.6768323147144518e-39)
(0.019189656965372292, -9.40082364233799e-43)
(0.18569508177447058, -3.146908173081268e-42)
(0.40630381203345695, -4.6610341828450025e-43)
(0.9106712727352028, -5.196993050351824e-43)
(0.4065717883700081, -6.773659672633267e-43)
(0.2859505883084235, -7.679831925867075e-43)
(0.9441424769106275, -3.04227524818042e-42)
(0.6881031118396856, -5.485537195600523e-41)
(0.1401596133787742, -5.154680036291345e-43)
(0.9943769066751155, -3.321491473722875e-42)
(0.13934596784218586, -7.177762140429965e-41)
(0.06779940233632806, -2.3566324864550436e-43)
(0.20459320952918195, -6.856014303473539e-43)
(0.4963399497946459, -3.5542805804070412e-43)
(0.49762902824447747, -1.327134245704784e-42)
(0.8236692356487755, -2.3887875482463937e-42)
(0.8476971737731581, -2.654519228502732e-42)
(0.025158589266018473, -1.1453962646107493e-42)
(0.9034329654946252, -6.451748838633306e-43)
(0.22275928367667167, -1.4015632206555262e-40)
(0.4885929878956826, -6.710000911814213e-42)
(0.8697717204917597, -7.645854365060908e-42)
(0.1714842502169286, -8.854712293322541e-43)
(0.945008904307744, -3.3569635455615914e-43)
(0.6398976190736134, -3.5874077655568774e-43)
(0.9111081711507643, -4.883514235905415e-43)
(0.9716159170662538, -1.2605298805042e-42)
(0.7269929446295808, -1.2109211768457927e-42)
(0.8946606726629982, -9.367271874789403e-43)
(0.9877437641581011, -3.054358010502503e-42)
(0.3429732903939682, -3.981457615341261e-42)
(0.9199086071252437, -1.0220363940224684e-42)
(0.020041897982239494, -6.457114261166092e-42)
(0.8141384580210089, -9.016888678908603e-41)
(0.5219594441203385, -4.709470739965128e-42)
(0.5432877011573651, -4.083936972195305e-36)
(0.19355701612316245, -9.329356896057953e-42)
(0.7649194497417311, -1.3094805723595159e-42)
(0.07134746133893609, -4.9261068708422916e-42)
(0.29084057175542527, -5.305787249887262e-42)
(0.5486944853554089, -2.6753565670863292e-42)
(0.6026292921136425, -3.4981955760810706e-43)
(0.8610625406745059, -5.788149685041526e-41)
(0.53919388405035, -4.657798858111231e-42)
(0.39196208489251655, -1.476714377694812e-42)
(0.3327347086148033, -5.3590987371315765e-42)
(0.5370717528745548, -1.330412497420351e-41)
(0.03294080308844107, -5.812551539882589e-42)
(0.5714506432989578, -2.8585154974041693e-42)
(0.719984300749922, -6.209544287315121e-41)
(0.5438083287144634, -1.2083587459963466e-40)
(0.4962695757482579, -5.27903399785587e-42)
(0.8049471874205499, -5.784433697487706e-42)
(0.16355631569499904, -2.7804756807457535e-42)
(0.741215450061253, -3.12855774777041e-41)
(0.7436703641427104, -9.926023104805394e-43)
(0.5376966536918503, -4.5108276355860066e-43)
(0.45501459039040393, -6.998128146298496e-43)
(0.7355113171792821, -2.2041468200440828e-42)
(0.3447485543612978, -3.767497988950919e-43)
(0.0334931844202322, -4.551240595692961e-43)
(0.13737794977182513, -6.910583259530718e-43)
(0.582156811621124, -1.110962016972521e-40)
(0.09531504074361248, -2.3664225610925015e-40)
(0.18685185861038603, -9.208661486421178e-43)
(0.6930306361282791, -1.0547977374841324e-42)
(0.050531964557138986, -1.4955395040936756e-40)
(0.5684841805720925, -2.170570878321212e-41)
(0.4292655889960715, -2.7986314487535492e-42)
(0.9251548596257411, -3.061499331729648e-42)
(0.9426805597457154, -5.076948018484363e-42)
(0.2639258651710616, -3.060361475742161e-42)
(0.5745651034357999, -4.639930768762333e-43)
(0.6265934666581813, -6.186814908345113e-42)
(0.7628949010588925, -1.6921650910594232e-40)
(0.7533653119610778, -6.633094527248701e-43)
(0.4386618368807344, -2.2667608518889483e-42)
(0.8551649184705796, -1.1830554577302134e-41)
(0.9296295140212584, -8.11378089720969e-42)
(0.06069915186887335, -2.0484413090257632e-41)
(0.578488367932574, -7.020811051624207e-43)
(0.6872979226591017, -1.926655068263327e-42)
(0.6539580182503334, -2.0812085000284656e-42)
(0.6271892447272006, -1.8763905238984394e-40)
(0.3917861326141843, -1.14720184485494e-42)
(0.1779871087517293, -1.6023124060227038e-42)
(0.05972096534752046, -2.59325789622664e-42)
(0.3558424042768369, -2.421830574196695e-41)
(0.6374105039870559, -1.7156580846692347e-40)
(0.2803585559808174, -4.5842561912097084e-42)
(0.7314672222920926, -6.670195433872099e-43)
(0.20726042650228862, -3.304612569086379e-42)
(0.19459098585592918, -2.3734319333868342e-42)
(0.759712273344767, -5.598204506941041e-43)
(0.6473339924376124, -1.7324862272408005e-41)
(0.09224740059847684, -5.638811178553551e-43)
(0.08480345606648991, -2.333959260273432e-41)
(0.18349765786460434, -5.1417416937478714e-43)
(0.7108309984838247, -1.4837960186114388e-42)
(0.20202944161362857, -1.5115160891228493e-42)
(0.8201092479017745, -9.608011559121123e-43)
(0.03654387299570525, -3.057136481522121e-43)
(0.6528181862516282, -1.904310309542932e-42)
(0.9735291526186393, -2.352842302226614e-43)
(0.649141670754282, -4.178856787039108e-43)
(0.35048259577312824, -1.085622302815864e-41)
(0.05347055518361742, -7.670934523787326e-42)
(0.4465148896536552, -6.357848264445165e-42)
(0.4862878661963868, -1.0372844416225564e-42)
(0.349880537710958, -2.8435001017566884e-42)
(0.25826028128667705, -5.702758084007963e-41)
(0.10515215759728203, -6.3539962704762036e-43)
(0.20720834320786433, -1.0246143361838645e-42)
(0.7189702634599514, -1.7519931063420312e-41)
(0.5332229534560251, -6.470025262928977e-43)
(0.8145071254898966, -4.849143134302132e-41)
(0.20256288976313033, -1.3826542013463318e-40)
(0.833188728233033, -4.698013926030979e-43)
(0.6587874942110719, -1.005548139877943e-41)
(0.6812722881938759, -8.594626743234741e-43)
(0.04838696315399308, -8.24123506497034e-43)
(0.8682852298898479, -5.0971515467981864e-43)
(0.06100968370076617, -5.986310093920043e-41)
(0.8471002016924898, -4.5800572348400545e-41)
(0.8625705809216775, -3.482455469177974e-42)
(0.7408195751300171, -2.1406075715480816e-41)
(0.04501269531259681, -3.1468931696003595e-41)
(0.9571119910144146, -1.1261385345610086e-41)
(0.2359414731874216, -5.3459652440190846e-42)
(0.951216500086504, -1.918870862881074e-42)
(0.03610693486301648, -3.683542240227005e-42)
(0.9463058124562986, -1.9001736665527498e-42)
(0.5590022500564109, -1.4678566011746323e-40)
(0.502617847690953, -9.686527589461436e-43)
(0.14572294696816096, -5.4475966285746736e-43)
(0.131981527234388, -1.6788658473210508e-42)
(0.4192822224034437, -2.584022399744181e-41)
(0.9648775065792523, -1.0225944012275819e-42)
(0.7472727996842035, -4.495592876382335e-42)
(0.48910755409648676, -4.080265886180442e-41)
(0.5953360059796424, -4.6743675781990655e-43)
(0.722206475150391, -1.8432808110570387e-42)
(0.2545818770489924, -2.6072781745437194e-41)
(0.6576520582999582, -9.128404201504004e-43)
(0.2870348329068743, -6.585896676788877e-43)
(0.7437402025485579, -4.30633371825924e-43)
(0.2736035318559984, -7.082791008712468e-43)
(0.10819986166043932, -2.4988407706520327e-43)
(0.3441255489906826, -1.7482181439962597e-42)
(0.06867659514572164, -1.1239354730848145e-42)
(0.6991853659269478, -4.4385217816386836e-41)
(0.835664241914507, -1.1934641890306254e-42)
(0.9196037630731806, -2.0013702350084887e-41)
(0.10190627920912966, -3.273490972155154e-40)
(0.046853107319143265, -2.4488656120109028e-42)
(0.27758918534427096, -7.321839911247965e-42)
(0.7922322992599403, -2.5181456727047147e-43)
(0.12905831497560205, -1.2852533419977273e-42)
(0.7215025576093376, -1.3443625130847765e-41)
(0.8683860391114334, -1.12968248883156e-42)
(0.1271403086824418, -1.6503262773397893e-41)
(0.5957828260851665, -3.4998769205272216e-43)
(0.1576162882557204, -4.762832589093089e-43)
(0.7754229385631186, -4.9767100135429025e-43)
(0.8843900764339134, -5.8458712707967555e-43)
(0.5004318996113165, -3.929003174518178e-43)
(0.22920590552916117, -2.9970788609991733e-43)
(0.05743810684611428, -1.1022647640132016e-42)
(0.5019441450094411, -5.7290482293985135e-43)
(0.0840552395511306, -5.8504527118837456e-39)
(0.9168428479782155, -2.709031006002171e-40)
(0.1897768762911951, -4.8651781903678225e-43)
(0.5415501632102175, -9.801493429391542e-43)
(0.5084395691994243, -1.2330543520144525e-42)
(0.2883807364770506, -4.7053285511283484e-42)
(0.0034350850598953383, -8.373801612420158e-43)
(0.4727179033561662, -6.774305456969652e-43)
(0.7138127228356901, -3.699480363560131e-43)
(0.006581201585109616, -9.039794346641342e-42)
(0.8574055391663253, -2.0269113151874247e-41)
(0.7781375665667712, -3.877479588821336e-43)
(0.7760466330954315, -1.3798305934230072e-40)
(0.3300629074988927, -2.1206128761910106e-41)
(0.24584109179924338, -6.834390928547214e-42)
(0.7384869128563918, -2.8425156004014926e-42)
(0.6146274823603265, -7.428938920060335e-42)
(0.12219262445193436, -3.22474968475954e-41)
(0.1617257996742639, -1.1080910238568266e-42)
(0.9730372435920649, -1.0754501543522626e-42)
(0.3302064689439526, -1.296187446380851e-42)
(0.8497979803538608, -8.565969114605812e-41)
(0.2321264899049978, -5.18097797351193e-43)
(0.7469397655200835, -6.648369539138954e-39)
(0.7107344966004026, -9.559200321759542e-41)
(0.16373653553051068, -1.7969062602621636e-39)
(0.11458314346450343, -8.191207429814281e-41)
(0.54953991944316, -6.762948937101101e-43)
(0.45827143531707576, -7.99911396250449e-42)
(0.48320043474196145, -6.791904218715299e-43)
(0.012471871368882382, -1.249906461449571e-39)
(0.4179613101845478, -3.742692010394441e-43)
(0.4871899260632221, -2.6602317204806095e-41)
(0.059268728973771195, -6.677965773723243e-43)
(0.013062062350949187, -5.350790781932655e-43)
(0.8475146259248895, -3.0031616553208856e-42)
(0.8107027236253741, -9.72713505427441e-41)
(0.8991408555600601, -6.627063820871574e-43)
(0.527983270549154, -5.3221220113463746e-42)
(0.07842673054580487, -1.4829740788677908e-42)
(0.6418726790164312, -2.0678437793369224e-42)
(0.10097547306291417, -3.4675563070995335e-42)
(0.6826983957578212, -2.8840960566997947e-42)
(0.5345957021086364, -4.010311929162445e-43)
(0.7033139702657872, -1.306205591953545e-42)
(0.2706269664856164, -3.5584719343690986e-43)
(0.5617861386040875, -4.14174517920222e-43)
(0.17007053743737327, -1.1609532903181737e-42)
(0.12986221591661692, -1.4113474536605782e-40)
(0.2190874657564428, -2.4549763966243806e-42)
(0.7507670028744218, -1.0891958937245335e-41)
(0.21452058528052326, -1.2948990965362468e-41)
(0.14953848502196973, -4.776901235630655e-37)
(0.5498932298539944, -4.826113432309575e-39)
(0.22162955549683186, -2.969085801236674e-42)
(0.8471956963681213, -6.307962674133951e-42)
(0.9531937522318044, -1.763004250081763e-42)
(0.3525095551129009, -4.456479581040226e-43)
(0.2850349296641261, -4.8095444777109824e-43)
(0.2160502627922732, -8.349059729032824e-43)
(0.8786776590948756, -2.3639342981012692e-42)
(0.6471432903306495, -1.6530678861408963e-42)
(0.9753953163334438, -1.6290487563793996e-41)
(0.7372793288926134, -1.3907609919637329e-40)
(0.759471736596004, -8.597925701126481e-42)
(0.31188822726191306, -2.653807536610891e-41)
(0.027430099456080763, -1.3854397557254026e-41)
(0.21195028926331558, -1.3441615138771167e-42)
(0.9963630643066458, -6.550223977383421e-42)
(0.5936231446951659, -3.8796665201777233e-42)
(0.023324982832464317, -1.7499009200838674e-41)
(0.7277707916576895, -3.802601719209363e-43)
(0.697896848195978, -1.2164622305195454e-42)
(0.31990243858017037, -7.267957763465594e-43)
(0.6005494344290218, -4.472929624480868e-41)
(0.5131271650391233, -1.9941417547228875e-42)
(0.35335724913767114, -9.942091170872778e-43)
(0.2550677595461504, -1.1502799029873517e-42)
(0.1515923719806751, -5.4233858750658254e-43)
(0.009086791827994763, -2.6564432152770247e-42)
(0.1064799505932506, -3.562112805149035e-42)
(0.7684565449673888, -2.043473210626681e-42)
(0.21644432094761548, -1.913945053502093e-42)
(0.9996568940116379, -9.221050382224564e-42)
(0.03763969417230811, -5.291764270557948e-39)
(0.4517090689974173, -1.3392461386850905e-41)
(0.2262867101846597, -2.0707794887515746e-38)
(0.3599551148197182, -1.1220178246043701e-42)
(0.3467453057029588, -2.4589122204811154e-42)
(0.5373739478586631, -1.5901834932926615e-42)
(0.4818414184975027, -2.5864736294528112e-42)
(0.41167365552409324, -2.0268315103561056e-42)
(0.7808135243067427, -1.2322077093754216e-42)
(0.44046097924873684, -3.819690347192874e-43)
(0.05428941005281256, -4.133000494758214e-43)
(0.060690434186215586, -1.4704796133240574e-42)
(0.736074367993665, -3.8561067531210465e-43)
(0.8467866732393249, -5.994753273450612e-39)
(0.009603912688022648, -4.731450946551168e-41)
(0.714182887643376, -1.9300975806790758e-40)
(0.855111469677016, -1.5059745452673162e-42)
(0.8172896133759056, -8.937486437030107e-43)
(0.17724238412348556, -1.5483498547316569e-41)
(0.8203966810992647, -1.558527666459896e-42)
(0.745407748244924, -3.5312219597525384e-41)
(0.9535919461492974, -2.1305241270880324e-41)
(0.2919720127597728, -5.0458148604064364e-42)
(0.20063896393618097, -2.342924945563403e-41)
(0.8710736173756033, -1.1954840509988972e-40)
(0.9744660563675057, -1.235053126613131e-42)
(0.3036889623590985, -1.4870978289931482e-42)
(0.8212259160239777, -1.426914295267252e-41)
(0.008436102615036198, -1.5898971148388576e-42)
(0.34586492658828744, -9.343582386528833e-42)
(0.3034270950165927, -3.1229582980975916e-43)
(0.6610026612420569, -3.5642545676100264e-43)
(0.18438302192142214, -8.31135558706212e-43)
(0.22785870266199343, -8.040463747823126e-42)
(0.8362427970096237, -9.677296168283645e-42)
(0.741331327554933, -3.787725594504416e-43)
(0.9244789489631402, -1.4177164505125406e-42)
(0.5650268596074759, -5.91435940428393e-42)
(0.30354891170615694, -1.9579195061307698e-41)
(0.27187412087862495, -5.4335628062859205e-43)
(0.22443964124821003, -3.251950079252169e-42)
(0.8270120896265032, -5.2295351177718286e-43)
(0.1267431817213813, -1.0347351640042367e-42)
(0.34229382280710074, -5.887476447337174e-38)
(0.3844420869880494, -2.7532685115137848e-42)
(0.12092350301994806, -1.3123574947612478e-41)
(0.7292726958201097, -1.6210607745800005e-42)
(0.5174327169683232, -4.9508791349528035e-42)
(0.764527562649881, -5.111406974722204e-42)
(0.23649280356536487, -5.974976454911583e-43)
(0.06388154983329508, -9.19433347880576e-42)
(0.9349708352371807, -1.4478133884015016e-41)
(0.8994881571186063, -3.500007125406606e-43)
(0.037250498087397874, -4.636900675697984e-42)
(0.9373778230835575, -7.262810458102112e-42)
(0.013797081013818574, -5.5723788236788774e-42)
(0.8833854503974115, -1.0503433883780156e-42)
(0.7550517553315037, -3.3907890030239927e-43)
(0.18199557880900424, -3.6295538541891696e-42)
(0.14621049793072244, -1.2587926689136982e-40)
(0.533127851459641, -1.841625372935745e-42)
(0.04729304349783415, -4.637922537563365e-43)
(0.9356305276936177, -5.029012915823915e-38)
(0.4000260494247712, -1.2348757672399556e-42)
(0.8444613245156853, -1.1206262756471302e-41)
(0.702175783294118, -9.114251575417256e-37)
(0.986689948707282, -2.3489997881289444e-40)
(0.5816028162075221, -6.116129017323779e-41)
(0.002949902197955046, -2.809129014951827e-41)
(0.5144025899704, -5.149557477040541e-43)
(0.2488009879869168, -1.237512948462387e-42)
(0.6718323244485009, -1.294010279336912e-42)
(0.36618021992169636, -4.705623902002111e-42)
(0.5680137199946805, -8.27948678708545e-42)
(0.4030217964284498, -5.150837720195552e-43)
(0.4400012809896622, -3.858173687310798e-43)
(0.9378183089027519, -4.105326787316144e-42)
(0.9557080831085394, -8.170687251150584e-43)
(0.6948845157775246, -1.973189525232621e-37)
(0.5792405108951252, -5.609866263798581e-43)
(0.15152639867659956, -4.193725157350997e-43)
(0.9940429099906236, -1.0810306091849351e-42)
(0.2931979464398329, -7.897231242953298e-43)
(0.9742533462180488, -2.102071295721471e-42)
(0.0027709646687613197, -3.5315479891374647e-43)
(0.20631526632652336, -4.273210818409202e-42)
(0.9478435915372335, -2.976091343909523e-43)
(0.24625376253089096, -3.910872689274235e-43)
(0.29677525368873775, -4.1081955272255254e-41)
(0.9195854498786236, -5.228144825731208e-43)
(0.08162648945824956, -1.3112695965428451e-42)
(0.06709178563896401, -2.3967833139578016e-42)
(0.20441688036811653, -2.8670688118325837e-42)
(0.30312524293022547, -4.271884463356075e-41)
(0.6254352307146368, -1.370084015001996e-42)
(0.7424447348730707, -5.551792651650298e-41)
(0.2502216888870248, -5.2952389587501194e-43)
(0.585951097242451, -1.0678300349638335e-42)
(0.21897264573254022, -1.7501501693394345e-41)
(0.10707636329957959, -4.820891849742403e-43)
(0.5355358618660444, -4.621633273983177e-40)
(0.8805541016245794, -3.164771161600772e-42)
(0.2344427209801468, -4.61271394377483e-43)
(0.2748334560826523, -5.068926713653917e-42)
(0.21890205478146238, -2.5033159719003285e-43)
(0.422090232248483, -8.527006503976697e-43)
(0.6763196225415717, -5.55004451115016e-43)
(0.03229249661961971, -2.0573187372664567e-42)
(0.4317825336023025, -1.522866307808919e-41)
(0.6133888287638776, -1.1896141503919778e-42)
(0.15351015249338404, -2.703087900052965e-42)
(0.19665243131469973, -2.754775868999353e-41)
(0.3065554309683643, -5.230326942466523e-42)
(0.720197442579037, -4.149037124245826e-42)
(0.9434982563961939, -1.773493357502006e-42)
(0.10701888200591339, -6.031003603003322e-41)
(0.07822003569057924, -3.233020805339576e-42)
(0.25445211222678793, -1.497318860442365e-42)
(0.7560990397364361, -4.016448252730247e-43)
(0.46497507146807915, -1.4289716118230556e-41)
(0.34045433338666165, -7.917341278439679e-42)
(0.8293768141753695, -2.479852283138715e-43)
(0.6888610822723426, -3.4385572207824637e-43)
(0.9576735442384959, -5.616024470617902e-43)
(0.8012996292824397, -4.743596143705407e-41)
(0.24626282712741357, -4.864841971425138e-42)
(0.854289719536477, -5.103083434046948e-43)
(0.9444154719240434, -3.814535136235664e-43)
(0.5259874054974945, -4.1710724008841954e-42)
(0.9170956818544762, -8.62864546485584e-43)
(0.5409969033078341, -2.712263239849737e-42)
(0.7053044601730906, -1.0952913909182939e-42)
(0.49597684234933465, -2.6910934954874223e-41)
(0.9643811813366103, -3.6077657260798237e-40)
(0.8743230154031835, -5.534255120018725e-42)
(0.8950243922250283, -2.998416295569133e-42)
(0.03541567287138281, -2.2287826362352027e-42)
(0.7004832055647474, -3.81319520762244e-43)
(0.4102944183663098, -9.90812224383323e-43)
(0.28594914587379905, -4.3044307684780157e-42)
(0.4229424430994751, -3.997371262035796e-42)
(0.8990111739809552, -6.33471428859062e-43)
(0.3956229695526466, -9.700301800706645e-42)
(0.4003889365973789, -6.87026734380251e-43)
(0.7758087251458986, -3.679459192623846e-43)
(0.737293763875191, -3.3652684974910045e-42)
(0.4164615546919971, -4.9507287999549235e-43)
(0.5125182519755446, -1.1017470469135842e-42)
(0.8128359844836816, -4.401992033688793e-41)
(0.7188742738122916, -2.7566281351787677e-43)
(0.13696243441454026, -1.726573152450577e-42)
(0.26155377184873463, -1.1791018356407273e-41)
(0.033747608110047206, -4.2319408568974834e-43)
(0.02604676679284647, -1.0215002411654388e-39)
(0.2832701126779891, -4.969725249418491e-43)
(0.2910934820385131, -1.3199929928564186e-42)
(0.850493668551556, -2.1615891231005484e-42)
(0.1994528865251547, -1.0406917051112614e-42)
(0.6341237810529889, -2.6290109896776914e-42)
(0.4702203715717045, -4.7304238870704695e-42)
(0.9560573545274103, -7.333795554955692e-43)
(0.26404501225496285, -1.2024507509973156e-41)
(0.7399540038082293, -8.380165374331825e-43)
(0.14734668704701007, -7.535787343525299e-41)
(0.6891461330951922, -5.335944869882976e-42)
(0.7770433472289259, -1.9592841933311748e-42)
(0.8777770404861005, -8.914599704626467e-43)
(0.4152165940934573, -1.1812434862325e-41)
(0.6505103725379237, -2.144968470014438e-41)
(0.004935267092538679, -1.227913822688053e-42)
(0.8960905448756616, -9.906198377217408e-43)
(0.6092404824575396, -8.577584974875504e-41)
(0.12232958210865315, -1.5642614253789838e-42)
(0.33716221454131134, -4.1092014784330193e-42)
(0.46298299398270243, -8.585573159860232e-42)
(0.6862446456624803, -4.7023297152652815e-43)
(0.3338525376896455, -3.603444878174806e-41)
(0.11025135699818646, -4.643330974550221e-42)
(0.7842835369932798, -2.7477088075932174e-42)
(0.11569274673428784, -5.797216435589839e-42)
(0.07116617323882375, -6.136204586357063e-42)
(0.02372442825229612, -2.4769849483625483e-42)
(0.03690294314443639, -6.454524646312993e-42)
(0.668760360572782, -1.2532653253687534e-41)
(0.017264852342279105, -9.511092484872494e-43)
(0.6310070829177975, -1.1704662068156828e-42)
(0.6853855085724233, -5.250054996935088e-43)
(0.31426048997407063, -4.510170499840786e-43)
(0.27902656388790653, -2.3679673064669526e-42)
(0.1462460931685115, -2.7865556595361653e-42)
(0.30488156516026355, -8.792269430110055e-43)
(0.00782730190385801, -1.9735403672305145e-42)
(0.7867303369877847, -3.015074932390288e-42)
(0.2195363364916353, -3.2302664201440377e-43)
(0.4949018809776055, -3.302215926275099e-42)
(0.36872373384533597, -9.965901907044313e-42)
(0.9175387722776539, -2.077968261036388e-40)
(0.9427666241501468, -3.402619879508491e-42)
(0.7510727217096373, -1.2546159978739606e-42)
(0.3627261114746649, -2.3945741304458993e-41)
(0.5343421336356228, -1.7724322197371992e-42)
(0.5298612622409387, -4.4170165785406575e-43)
(0.45322834729898104, -2.5168771413580523e-40)
(0.7221787471270086, -6.055278982330838e-42)
(0.12285952968779913, -1.2235627493471276e-42)
(0.9491083028894366, -2.939512024461429e-42)
(0.8931027135026041, -1.439695049991191e-42)
(0.639318734471667, -9.79995952021616e-43)
(0.7689202525948866, -8.15236375729208e-42)
(0.9879717596212275, -8.029421243476915e-41)
(0.09048067788465551, -1.4395859335473277e-39)
(0.5098955441417058, -5.676374697291293e-42)
(0.9194014755816098, -4.530318951356989e-41)
(0.8636552155007131, -8.7897337939197e-43)
(0.12707644434837695, -2.852610596145333e-43)
(0.3498773438175083, -6.169231574979198e-42)
(0.1636217596121588, -5.4694206889447006e-43)
(0.016475348578554556, -5.299807279732163e-43)
(0.4248974840447848, -3.3512542443260324e-43)
(0.6087779929171137, -5.579295508626812e-43)
(0.6754222208972999, -6.039101646838039e-43)
(0.13798089644006498, -1.1299491687363847e-42)
(0.12591709950023589, -4.249717378795053e-43)
(0.17734792136661998, -1.3905445086825317e-41)
(0.7059197403474492, -5.634413226198044e-43)
(0.38486160664584534, -9.057896049558812e-43)
(0.13983379606599297, -2.662348414216454e-42)
(0.47370557020892595, -1.5168859572639804e-42)
(0.6861331766709545, -4.377582780489801e-42)
(0.576243521600247, -3.01266089156604e-42)
(0.19502272031983459, -1.527614738667304e-39)
(0.12652062347919618, -7.875100613914864e-43)
(0.2305845523780999, -1.8199213483063877e-41)
(0.8292800590207725, -1.9259201681412477e-42)
(0.9720311515125959, -9.42943499631461e-43)
(0.24959754046345434, -2.6619249584848834e-43)
(0.031584856461557814, -8.019803546212438e-43)
(0.5597160854375609, -2.1975282437973317e-42)
(0.9094238157440558, -9.673553458025498e-41)
(0.7903401505553231, -1.0258164082642243e-40)
(0.857438233482436, -1.0645751781285e-42)
(0.7572393062244053, -1.2944396461009716e-41)
(0.12331404229816041, -6.512861820195726e-42)
(0.9366044403496592, -4.399923636493406e-43)
(0.8371323703052321, -9.295672907835546e-43)
(0.7782549647010713, -1.5689039004684666e-41)
(0.10007126292674023, -2.1200246322482953e-39)
(0.025549716191810824, -8.64828310769019e-42)
(0.9560824839145292, -9.697905800473859e-42)
(0.06713208223329278, -5.685899441381357e-43)
(0.4986970139501974, -6.001299750053857e-42)
(0.30573141637028994, -1.9699647405035172e-42)
(0.8987972563984993, -1.998644832008462e-40)
(0.5155274502266693, -1.5545286411506293e-41)
(0.7781261275860974, -7.639294323526842e-42)
(0.5586094743387326, -1.349891101050865e-41)
(0.5080103711900202, -1.8862040221988904e-42)
(0.5077384950365278, -3.3214409345395786e-43)
(0.06238076526788897, -6.376925666858656e-42)
(0.5545460334327359, -1.9645897466876886e-39)
(0.12457102249015735, -1.530824247845867e-42)
(0.3629512538597191, -5.226823692600073e-43)
(0.04895282745907488, -2.1913413508879047e-43)
(0.7930293098507525, -3.400302058623997e-41)
(0.9912411834005247, -2.9274186498068533e-40)
(0.13233283598876608, -1.0396248380594128e-42)
(0.02349853265567725, -1.3621089665644375e-42)
(0.8879764006443557, -1.9466747869873073e-40)
(0.9216660838615166, -6.894203683899724e-42)
(0.9303076983014451, -4.9845238360194055e-43)
(0.40554098441284575, -4.729905812571378e-43)
(0.5739561655768379, -1.4180440885710986e-41)
(0.7300158359426594, -5.481440883199406e-42)
(0.452192876907896, -1.1964648183164698e-41)
(0.8249685790102229, -1.44027488930185e-42)
(0.5221849820131366, -5.245359687438328e-43)
(0.48761738978507974, -6.3235681176353545e-43)
(0.8041785203198801, -1.5476638922849607e-38)
(0.3934029802562751, -8.114297905867338e-42)
(0.6977048685422718, -7.082551467204625e-43)
(0.535549354777164, -2.9889417380436354e-41)
(0.0033314386060621284, -1.4772805545308735e-41)
(0.7328290707530634, -6.885925449679991e-43)
(0.738845979703967, -4.727320274203959e-41)
(0.9561886800749146, -3.9822405481768836e-41)
(0.1336946077871737, -1.6010865669536004e-42)
(0.8291385821529069, -9.229684345942475e-43)
(0.5940997863673915, -5.495496472814542e-43)
(0.9486760586774967, -1.251218049102577e-41)
(0.8185152302058357, -2.3253402258157284e-41)
(0.05816929395225747, -4.5360264295109064e-43)
(0.7179061295340262, -4.30503280596523e-43)
(0.23960897037892093, -2.276195859699548e-41)
(0.965163038755874, -3.622550734521784e-42)
(0.3477597716951375, -7.043835059833043e-42)
(0.10322026542890327, -9.853363971722181e-43)
(0.24557983852072773, -2.638624087840316e-41)
(0.2189769957451444, -9.611936446520107e-41)
(0.1422928121127717, -4.0868451886665703e-41)
(0.3028496437229606, -5.576576426201108e-42)
(0.5035296896050497, -2.334806174566976e-42)
(0.8886521124338261, -8.550715566280876e-43)
(0.6212926184225966, -3.5817616966068806e-42)
(0.3490100200683962, -1.6208848132664165e-41)
(0.7843421416823537, -3.263184318658986e-39)
(0.8222395608914033, -1.2698626566383373e-41)
(0.5172879147797058, -8.421024837475237e-43)
(0.4241311956495714, -8.694036020949477e-42)
(0.7218448562028624, -1.7719266828719334e-42)
(0.5740880821627501, -1.9564948916287974e-42)
(0.7928662982187664, -5.1344661098612735e-43)
(0.10938386635541797, -5.153667193472659e-43)
(0.8382525225912298, -3.1495823270382087e-43)
(0.8444221648296915, -5.543099315486743e-43)
(0.9584628167854448, -1.5571454891311724e-41)
(0.8931210977096352, -1.7705442802543e-42)
(0.3541673902514917, -2.2897185219762556e-42)
(0.8460192457759654, -1.287461577243739e-42)
(0.8510956681849228, -6.964333661796942e-42)
(0.2987829576992933, -7.907773560088635e-43)
(0.19483286109691103, -4.2002902434659236e-41)
(0.2557711776361203, -3.6992103125964006e-42)
(0.8298347308556202, -4.2347016979411946e-42)
(0.37697950299306027, -1.4965068244055874e-40)
(0.8167344348377806, -4.284368306312095e-42)
(0.9770304928861285, -7.402620558676003e-43)
(0.6532155441592719, -1.5013174588740706e-42)
(0.05671492452727769, -4.443930297938023e-39)
(0.850655445571751, -4.31638681512816e-41)
(0.26238422413526896, -1.2420554394899356e-42)
(0.08333780919528577, -2.2380122511687687e-43)
(0.8155415733780833, -1.516669279241143e-41)
(0.12536182575260935, -2.1767622583077087e-41)
(0.5267565637043561, -1.5227407105152648e-42)
(0.7365807025428251, -4.0697364166068274e-41)
(0.2112932661679687, -8.255050303416244e-43)
(0.5176199126655067, -1.198748224291777e-41)
(0.937887032107389, -5.695211744571813e-43)
(0.42132571311520184, -2.282139879593663e-42)
(0.9712415084545375, -6.893298723273775e-43)
(0.8412252553290572, -2.098432070897894e-40)
(0.6029082875987507, -8.181909444493224e-43)
(0.5172827981523208, -5.222081600653369e-43)
(0.6146486392487084, -3.37102364172287e-42)
(0.6146898673230948, -1.6011788504184623e-42)
(0.6692889675199517, -3.94969444027529e-41)
(0.20803149157426049, -9.291473911363407e-43)
(0.811813776828062, -4.265151839445363e-43)
(0.020043860833666365, -5.074053726603204e-42)
(0.9402961029590414, -1.8067239275463587e-41)
(0.14647052358960097, -4.42645729010726e-43)
(0.7148568984251502, -8.418111469730428e-42)
(0.4548440885265142, -1.887635585654034e-42)
(0.671228086013147, -1.3792328712664682e-42)
(0.541311613658502, -2.509577114292493e-42)
(0.38524084531220143, -8.76911448059389e-42)
(0.9255545688043954, -8.120648468984169e-41)
(0.973827427691965, -1.6571991072295563e-42)
(0.06487101446094283, -3.003443585668716e-40)
(0.35370988608640613, -1.6886716756834184e-40)
(0.3224405987127093, -5.3787489568651e-43)
(0.6007547172590203, -4.253349180425182e-42)
(0.557506783750374, -9.285583954821989e-42)
(0.46073775406733464, -1.0703671960745947e-42)
(0.07149595416708387, -2.4296415900034304e-43)
(0.9551523752542633, -2.2621783563009219e-41)
(0.7021484660408525, -1.4582875581961624e-41)
(0.5108557727677121, -6.1566010591604185e-43)
(0.6750809345028947, -1.9236023475615984e-38)
(0.56357410929833, -1.5453634050668557e-42)
(0.8989097022076576, -1.6445332512271584e-41)
(0.5708959622713187, -4.977365649427849e-42)
(0.43115556375591424, -1.303909479331112e-42)
(0.822415598776327, -2.121842135621595e-42)
(0.3370646671959715, -5.633419721821534e-42)
(0.6789069383366382, -8.438630114063334e-43)
(0.3087730093055696, -1.9634096086189473e-42)
(0.9051693981369132, -1.1520468615322145e-42)
(0.4843156363252499, -2.913322758364188e-41)
(0.3230824573093978, -1.4909898827211142e-41)
(0.9091352425991879, -1.593241445140918e-40)
(0.6226992983753025, -7.854707875157948e-42)
(0.055877823215002426, -1.3355055489326941e-42)
(0.37673223505332515, -5.141248717263359e-43)
(0.9917352858648769, -1.4089630345898896e-40)
(0.5220604822953321, -1.1037841477390091e-41)
(0.5834606470834973, -1.9326012296892178e-42)
(0.060179222525920374, -1.7687417394612528e-41)
(0.7832541507147128, -3.794302849287301e-40)
(0.9177047708809841, -2.8183464987968762e-43)
(0.5755046029507203, -9.949989197384169e-42)
(0.5462013758736999, -1.5985578661105117e-42)
(0.3478407413253704, -1.093730069539832e-41)
(0.3318476932247116, -1.6497448239821567e-42)
(0.3837375096390787, -8.633091889025044e-43)
(0.341761137114417, -6.484685166098251e-41)
(0.33156755775793856, -4.192838534468779e-42)
(0.20512057287825702, -7.242775901529442e-43)
(0.17098047985935777, -1.5569329088704502e-42)
(0.9411258271684417, -3.914470612965893e-43)
(0.20867264269159808, -3.2214336189112693e-42)
(0.1307115025937982, -4.797127605282074e-42)
(0.8589191679369357, -5.904212888221551e-42)
(0.5004342554037355, -1.4349151816439758e-42)
(0.1964035214858776, -3.744365515254419e-43)
(0.30606827324734087, -3.730780124251265e-43)
(0.41335059869172996, -4.6233728360877303e-42)
(0.8194486541458567, -1.1797840866534043e-40)
(0.18459097146450562, -3.5107549014732957e-43)
(0.5235811570639779, -2.962383837725407e-39)
(0.06562540963271069, -7.534999776821778e-42)
(0.4687593536106022, -4.107651634760223e-43)
(0.31528529295367463, -3.479084109974862e-42)
(0.8711743081847486, -2.6741340799876247e-42)
(0.2182928435823049, -8.521318225464967e-42)
(0.9166898008241743, -5.6373618875813866e-42)
(0.3005343011884184, -1.829122228635086e-42)
(0.889605090192021, -4.568421992252061e-43)
(0.8498425793752704, -2.029262152919532e-42)
(0.3252125391936547, -1.2543994498960578e-42)
(0.12025587148105243, -3.077290203058163e-42)
(0.46203080638893645, -1.0078287501756238e-42)
(0.9573264719919423, -3.89989246333655e-41)
(0.9680494055168919, -6.534041032350374e-43)
(0.820800489618094, -2.5979253663940186e-41)
(0.06045348113078602, -1.774917201502998e-41)
(0.6585720082874161, -6.4125790264957684e-43)
(0.954840153351226, -3.678804670794228e-42)
(0.31862935772113815, -9.8861192413887e-38)
(0.05292091724705593, -9.076990912111966e-43)
(0.27950670294250807, -4.1390628614613835e-41)
(0.22398359774564666, -3.778470374545678e-43)
(0.2989000430278575, -1.8422667692799238e-39)
(0.2901983375380769, -1.0088740755966517e-40)
(0.09104735988287119, -2.7544035974122467e-42)
(0.23365919169052277, -2.2049515346472487e-42)
(0.7833240995215099, -3.9030161310572525e-42)
(0.25560963712058743, -4.619824393016677e-42)
(0.3833285518288806, -1.2116143656827039e-41)
(0.7127587296202768, -3.555426920246016e-41)
(0.5599622476260904, -2.994111422796025e-41)
(0.9446916088306963, -1.8715420038716586e-42)
(0.06607079979644459, -2.5589680069473528e-42)
(0.4193095501201583, -9.190544201153778e-42)
(0.041121838873902215, -6.497350193529092e-42)
(0.5285106991665719, -1.0841216116018403e-42)
(0.15202858687314214, -8.706316433357629e-43)
(0.8473627068605415, -7.841972107249931e-43)
(0.27958283910464726, -4.026423260518449e-43)
(0.8989629848389137, -2.932887405330923e-43)
(0.871632934817978, -2.0142929803338798e-42)
(0.804331562455569, -1.8511321381465736e-42)
(0.7551349484695933, -1.8839430807327582e-41)
(0.511050693258902, -1.5048272919346346e-42)
(0.32934811651037, -2.356737778083499e-41)
(0.9911365272332407, -4.9247079783654024e-43)
(0.6677548193241594, -3.580996852373595e-41)
(0.5836877842823426, -1.4257040263049637e-41)
(0.9697890308527021, -1.5007186457679598e-40)
(0.8944862195469288, -1.5168665029930212e-40)
(0.7326002742407193, -4.878705671158836e-43)
(0.9169185050418251, -3.791605993292551e-42)
(0.6060060757367596, -2.9084003273861894e-43)
(0.07198698516535719, -3.072390688724942e-42)
(0.5800916092344918, -7.491324172170168e-42)
(0.037086779416971805, -5.475842822559874e-42)
(0.9598376551747856, -1.1652153970788873e-42)
(0.5455709102384706, -3.660508954405299e-43)
(0.6924267858333062, -1.4076181016881197e-41)
(0.2889667856199796, -3.4530360429739324e-42)
(0.7482381619290523, -3.724784122315379e-43)
(0.10125340056732414, -2.5190678944489108e-42)
(0.7950843323733214, -2.532901646549374e-43)
(0.9631789229763459, -1.2926429999787545e-42)
(0.8738371197238227, -3.3319865603007886e-41)
(0.6228768590667738, -7.202814577779977e-38)
(0.6840046916519973, -5.017739131350626e-41)
(0.8268312323037549, -2.6593054976279655e-41)
(0.9234830206533574, -3.2723513518053874e-42)
(0.4672125006731692, -2.5646067793415685e-42)
(0.9152652439378457, -1.0979722193098708e-42)
(0.7747388113552683, -8.346225099283107e-43)
(0.35396674933180866, -2.3838631238825276e-42)
(0.98938615788003, -9.940926991930175e-42)
(0.8232459405867019, -3.586020865904922e-43)
(0.44367229447747536, -8.946022749898657e-42)
(0.8112954309214052, -2.7553882521174976e-43)
(0.23833937629822732, -7.466822845041613e-43)
(0.5749389334429241, -1.3236386372963048e-41)
(0.22981495320271034, -3.123999257771158e-42)
(0.8128555664223959, -2.662021156564936e-43)
(0.8482570505355216, -2.5834443839454722e-42)
(0.8530253478470233, -6.198838358997677e-41)
(0.845083203533531, -2.2071464047360133e-41)
(0.5724523411391819, -4.970841556109989e-42)
(0.9472299417567956, -1.0814941818130533e-42)
(0.5706859580462261, -7.755197751025838e-41)
(0.9639375128786748, -9.237053033556785e-43)
(0.591447595772247, -4.525844808098613e-42)
(0.8052332623025092, -2.7495103032877713e-42)
(0.022993917034402456, -1.65302914873795e-42)
(0.03673063381981962, -6.518861247121296e-41)
(0.5135490053126798, -1.67326124083809e-42)
(0.3402848117544053, -1.2088638918424883e-42)
(0.4977241191892313, -3.561179943121518e-40)
(0.9157056355037577, -6.245663619656251e-43)
(0.850180893984858, -2.970590200955724e-40)
(0.45542051717468834, -1.3085195556199203e-42)
(0.4380159564128203, -4.4064688486174786e-42)
(0.8485895810908587, -6.449102887777106e-42)
(0.6965378564757321, -1.7114360832350526e-41)
(0.04948335721978953, -8.535670617257762e-43)
(0.23021257255971778, -4.8593444431836765e-43)
(0.040976483347649736, -5.418985141042256e-43)
(0.5307738079387634, -3.3657279152413507e-43)
(0.3650584844169232, -4.652749691230399e-43)
(0.7638298372795685, -2.445094158817388e-42)
(0.16609171968733966, -9.5641482593265e-42)
(0.14609984173934426, -1.4607850353293065e-40)
(0.5261279862825886, -4.76262556198211e-42)
(0.5190543289092799, -1.6210975553117453e-42)
(0.204982407854234, -6.78596045962651e-43)
(0.6220339471154601, -8.659544919918242e-42)
(0.842745024267667, -9.646119375180954e-43)
(0.29690544308897787, -4.212556280373525e-42)
(0.41900458666306056, -1.0933584474814943e-42)
(0.9713744713292135, -1.1388112134442087e-42)
(0.42351801049201193, -2.0989801475611653e-42)
(0.7774478314917496, -1.9310172087392598e-42)
(0.43079394614979455, -5.655874698379395e-41)
(0.3740683347052231, -2.4292436341323246e-42)
(0.6747446129081616, -3.861538568096036e-43)
(0.8887292962843534, -1.0246200937690909e-42)
(0.24444055382341875, -1.5138866311064514e-42)
(0.8822646667638274, -7.413238205394344e-43)
(0.7544029481442298, -5.876758686218808e-42)
(0.6409979911126248, -8.018203571847208e-42)
(0.10103217631576096, -4.3613752051468467e-41)
(0.4155158146056179, -6.125902549065484e-42)
(0.7883673648400286, -2.8053117413807527e-42)
(0.7488633702420582, -7.86263095166209e-43)
(0.8040162962090963, -2.216679552128061e-41)
(0.9862303394687685, -2.0964275507966272e-43)
(0.22058096646887695, -1.1213813249519376e-42)
(0.00014546457326614187, -1.4963561473964194e-39)
(0.09070743704559481, -3.5421258495523728e-43)
(0.010297283940489312, -1.379321414548536e-39)
(0.1657802707653278, -3.542279574704006e-40)
(0.29035976891345217, -8.778415528095132e-43)
(0.9758204507246978, -9.934200695215585e-43)
(0.11070586655871677, -2.6328711693683208e-42)
(0.7035244708940237, -1.2519351698536813e-41)
(0.45145351211138796, -1.4901571151930974e-41)
(0.2499042977243717, -4.534491962947242e-42)
(0.23768367868853915, -1.5461526236895477e-41)
(0.9959525492131761, -2.172172295825099e-42)
(0.957130982932133, -3.869148455334021e-41)
(0.5923567469047305, -6.777194088557746e-43)
(0.15198086278518982, -7.860736804157125e-43)
(0.11860795717627838, -7.823375577032462e-43)
(0.018638164858734308, -2.5130522478027594e-43)
(0.779469088642797, -1.1704612587289134e-42)
(0.7686115465474201, -1.7759898629298306e-40)
(0.009932633875188812, -1.3867737380659376e-42)
(0.3692834470050323, -1.6489028638321104e-42)
(0.17554548781997437, -2.886350867980325e-42)
(0.5701460782548045, -4.566856147241759e-43)
(0.006124904463264429, -2.1665061651093295e-43)
(0.5559503455307435, -1.2241216229718375e-41)
(0.33808284893028956, -1.870221077539334e-42)
(0.32110777794304934, -6.672536000929093e-41)
(0.5576570963698683, -1.9579326628646926e-41)
(0.9646783378729163, -1.496950702942252e-42)
(0.466785767792058, -1.3920573759227986e-42)
(0.1382988026394666, -5.048912755299959e-42)
(0.20131495767501711, -3.3137532052055134e-42)
(0.527067672443162, -1.8715852476783742e-41)
(0.43128609182935984, -6.672252561545304e-40)
(0.46796733496502396, -5.365249295871273e-42)
(0.5952470520938309, -1.878212478430883e-41)
(0.9119622618772375, -3.2066584131490513e-43)
(0.7771268751848404, -1.3705339997144395e-42)
(0.5098074222915315, -3.909779547405153e-43)
(0.7310653251944036, -1.9800040267764363e-42)
(0.21796888455582072, -7.054331306061248e-42)
(0.9387038348023045, -5.179032416125718e-42)
(0.4198126022056001, -1.4648501391922265e-42)
(0.8382643788879748, -5.076909742147032e-43)
(0.4820002959457003, -5.841987969838885e-42)
(0.30572998597175993, -3.84976152126606e-43)
(0.9152401527386655, -1.6877896687067358e-40)
(0.0403916243141722, -4.653450741606955e-42)
(0.051272470233901704, -5.158271831869505e-43)
(0.23838238725096209, -5.5574839024666035e-42)
(0.6656400247691446, -1.9080766352570523e-42)
(0.501200530007389, -6.573099142323598e-42)
(0.8613358649666668, -5.3513006119966795e-42)
(0.007305509454730686, -5.7943955510886364e-39)
(0.7073762378413656, -5.287421352484929e-43)
(0.552091181883917, -1.930110857524338e-41)
(0.48675233214564223, -3.663322419972899e-43)
(0.4482558303053278, -7.871358644517914e-43)
(0.6612720807353709, -5.73749401671359e-41)
(0.745722849031984, -1.2049428239865754e-42)
(0.2691439579457431, -1.396984478090304e-42)
(0.6101425898756104, -4.626027940007699e-41)
(0.20915807463593344, -7.34013927614412e-43)
(0.6422325837810823, -8.759501540559031e-41)
(0.7869631945993857, -2.3444108919667378e-42)
(0.8312625537172157, -6.462791610333756e-42)
(0.40891868844977586, -2.5675850958464098e-42)
(0.43860372460588076, -1.1441382958698726e-42)
(0.5007300680262586, -7.477060392881366e-41)
(0.616227650173849, -9.485443155294433e-40)
(0.5383823317331154, -3.3628318524864625e-42)
(0.7267924585110258, -2.6445271297578965e-43)
(0.09279988320660594, -6.2798998711111146e-43)
(0.023440732839240204, -3.332099057961598e-43)
(0.44537421037165, -2.2454531290411257e-41)
(0.897135177686352, -1.4127549145262246e-42)
(0.4140149922224531, -8.094562983487293e-42)
(0.615503527301859, -1.4384046658545694e-42)
(0.9153179307382456, -7.327235506474319e-43)
(0.9090016914598349, -1.8580704295383293e-42)
(0.689903292983433, -4.322278418762319e-41)
(0.39149891373266865, -4.7940431087805856e-42)
(0.8537770977905401, -1.0318860263691784e-42)
(0.805804542825291, -2.3220181260758114e-42)
(0.23505396403094952, -1.3940971427098523e-41)
(0.18183392001546744, -4.845341900216433e-42)
(0.7481296045975939, -2.7254807635680998e-43)
(0.6005349624603347, -2.6750771135487788e-42)
(0.6986928854760738, -7.777847573430619e-43)
(0.5023295859582415, -3.465687917427643e-42)
(0.6649671437759888, -7.438751835442275e-43)
(0.2585504084588856, -8.186941326465293e-42)
(0.21277860356613554, -1.2699248588494955e-42)
(0.9945104354960056, -3.662433003030952e-42)
(0.290469651961703, -9.38666226274992e-41)
(0.9815331856799796, -6.196299044914997e-40)
(0.5045778253448514, -9.447882566438544e-42)
(0.27847186362647747, -1.6120131027146317e-42)
(0.762303243332379, -1.5542411901690795e-41)
(0.12180255273998397, -3.9021888805159884e-41)
(0.4619512098897788, -4.885740722665729e-43)
(0.730145517284246, -9.039434849005945e-42)
(0.9688295602062106, -5.990074159677843e-43)
(0.321121181179548, -1.9601635928789092e-42)
(0.38502367305324825, -1.1637011780334032e-41)
(0.4076698261497128, -5.433509048228984e-41)
(0.514166726910816, -3.63774722306986e-40)
(0.9062471298801322, -2.6514229816668118e-42)
(0.30129509125853843, -1.2045081221736757e-42)
(0.8770875816636796, -6.542640855697099e-42)
(0.0871037197424796, -7.566681678617555e-40)
(0.3032823132689154, -1.7699865210391963e-41)
(0.5121557602385589, -1.161945654216585e-41)
(0.34010344986954094, -8.627636907348599e-41)
(0.7422427530857532, -6.865702587694251e-43)
(0.1886575728380347, -9.502775002063246e-43)
(0.5516831004424426, -1.0059995702274713e-41)
(0.2576273462794704, -9.511737977906685e-43)
(0.23436474158420134, -1.5023164400324927e-42)
(0.09343681500448231, -1.6536714877949843e-42)
(0.33811586064408405, -2.3113047197207166e-42)
(0.021048901874323723, -4.768469168569712e-42)
(0.4522365244994018, -2.5833753995836463e-42)
(0.1459113824052726, -6.52099460056774e-41)
(0.8491384472113909, -3.7073255632763085e-42)
(0.37636594158984216, -2.667938401583891e-42)
(0.24073921231233805, -8.456155575556845e-43)
(0.6488149057148247, -8.29209839916422e-43)
(0.11123911076310267, -8.005293298418804e-41)
(0.20420754195834848, -3.4741230282182356e-43)
(0.6650110978870417, -2.771431771411678e-43)
(0.4457564199656743, -1.1984031394525378e-41)
(0.2047002901706144, -9.571807897463946e-43)
(0.2116157414093907, -3.750998868148051e-43)
(0.7180333409745632, -2.0023151467843035e-42)
(0.7301473456578523, -1.0403040512453323e-42)
(0.42448545114307507, -9.07731508617748e-41)
(0.5870047560527349, -7.076029096465502e-42)
(0.31532659887138387, -1.423877718810553e-42)
(0.522082014750797, -3.634681850210041e-43)
(0.4967307599417446, -1.6243331822747323e-42)
(0.525921314827814, -9.821124620438289e-42)
(0.6172694037780906, -1.171809339773081e-40)
(0.6938962169668043, -5.780222021552628e-42)
(0.6651744254828831, -6.8838311382160225e-43)
(0.9342290496264687, -5.105356522563194e-43)
(0.8455479213542902, -7.389190072753706e-40)
(0.24479162839559915, -3.9576526599244885e-43)
(0.597087735016303, -6.982079326924087e-41)
(0.31723510422525597, -1.6051827935434917e-42)
(0.31112943820093447, -1.818184547624758e-42)
(0.1674669164480607, -1.0684692019677131e-41)
(0.7818035372903517, -5.94090059562336e-43)
(0.6164987326047409, -1.1896698242234921e-42)
(0.8723017195147607, -3.45966251501319e-42)
(0.6422927850618231, -9.024418178996408e-43)
(0.7625446793597028, -4.5851661083044195e-43)
(0.5273322023613679, -1.8794223969481048e-42)
(0.5040634413754228, -7.160550807363008e-41)
(0.20978905669903358, -1.5066855355096133e-42)
(0.574676669259266, -2.4057974721903827e-40)
(0.9903819259237424, -2.740000743589336e-42)
(0.8922302573094909, -1.2266396159286595e-42)
(0.2140679867118863, -2.5448853545128065e-42)
(0.7337496818371735, -3.976397886825665e-42)
(0.6425946340266669, -3.955264240760358e-43)
(0.5848716765925882, -1.5285505307442147e-42)
(0.20581043868054774, -3.1307563342748704e-42)
(0.21424800642975317, -5.911726721727519e-42)
(0.5213104939697177, -6.766641169908011e-43)
(0.23143109341607662, -6.612461487419065e-42)
(0.8167029168129785, -1.022127952218553e-41)
(0.9689417170470366, -6.825088765247672e-40)
(0.4017196198141717, -4.4815298507791336e-41)
(0.029827729246067764, -1.4309170362496358e-40)
(0.6979076993054838, -4.5712836587506544e-42)
(0.7414849018411953, -1.2889334512775507e-42)
(0.4647485169224848, -4.328708883165185e-43)
(0.5536059885940104, -1.8150531780492482e-42)
(0.6187468121822921, -6.119421123386472e-43)
(0.7077204237350053, -9.909570178411155e-43)
(0.9998736453653783, -1.1324796406970316e-42)
(0.6380892378178791, -7.555601537242037e-41)
(0.6945805843467278, -7.688692729027068e-43)
(0.8180803973379579, -4.87159231090457e-42)
(0.2586085204911699, -3.962326776206533e-43)
(0.7411516697529724, -6.0020683095911485e-43)
(0.7375183271887432, -4.461784841360067e-37)
(0.5530213864718099, -3.43314290545181e-43)
(0.4270177177679402, -6.748690648241026e-43)
(0.4001985223467589, -8.926592134269014e-43)
(0.3540449074798887, -3.0175258917267335e-42)
(0.3292210887234153, -5.488175901435668e-41)
(0.6470465073533266, -6.361703433689444e-41)
(0.26080489446724986, -6.272003736485425e-42)
(0.5634218540477585, -4.555818269957302e-42)
(0.1787912272586856, -3.975527993962845e-43)
(0.4806028787186282, -8.329716618215717e-42)
(0.1726063506020004, -5.66814411220406e-42)
(0.10662685597880625, -2.7046584598177722e-40)
(0.585086327231242, -7.788006333013588e-41)
(0.3421856128790844, -2.415011029619995e-42)
(0.6049028223738246, -1.1880427750590116e-42)
(0.8961371941022748, -5.127191556842402e-43)
(0.37805745999530355, -4.8013342525531395e-42)
(0.3780794519361753, -5.050120928424783e-42)
(0.01617742840474315, -3.0518921633027933e-43)
(0.9629547495178123, -7.062288021778071e-41)
(0.18868534854770597, -8.82795346712829e-43)
(0.7371822430946325, -5.5285315860551767e-42)
(0.02808852820141316, -2.4933516403253118e-42)
(0.02361081951568829, -1.3484681891327296e-41)
(0.4109915655195465, -7.966550799669997e-43)
(0.05698978976477329, -4.003114981655473e-42)
(0.9252093370441367, -4.9185960742076365e-43)
(0.24665146151212375, -1.7836550629700034e-41)
(0.2019527503438496, -3.778871222859678e-42)
(0.8651226214894701, -4.446532068051684e-43)
(0.15166974190152527, -4.887623852746685e-42)
(0.7660740336856023, -6.316189630903112e-42)
(0.9683948533207138, -1.0478705596676474e-42)
(0.5492968479469722, -1.7670857509412073e-41)
(0.006999050982641071, -1.1747581530586307e-41)
(0.9668136928583958, -1.0050956272259501e-41)
(0.216347551494671, -3.2922962171261665e-41)
(0.8035344497573716, -3.2032268844753245e-43)
(0.04506298337321434, -7.51365038954617e-41)
(0.6627537405507044, -4.0670897378951693e-42)
(0.652333115384664, -1.2189577789137708e-41)
(0.9784391646996791, -3.0767512156506986e-43)
(0.15639657563416934, -3.1618610886439273e-42)
(0.09531767001989556, -3.092407345974339e-43)
(0.12466105014615338, -2.8657042643809088e-42)
(0.8664095553925636, -4.860514873477064e-40)
(0.5378654996152583, -3.429474844762859e-43)
(0.27343714619421144, -4.0223050597328246e-42)
(0.20085701713965112, -7.238382439187767e-43)
(0.05954744384466505, -6.668959760455087e-43)
(0.21184807779160733, -2.9797796487334816e-41)
(0.3118023100188987, -6.764508505736196e-42)
(0.0033719313747070994, -1.5079121404840247e-42)
(0.7836105160976011, -9.352602322886186e-43)
(0.1694455952159269, -3.85348191023219e-42)
(0.7858733486472559, -2.7112859633790173e-42)
(0.2992365303855736, -3.753587607046864e-42)
(0.3234115018232224, -6.452047134603367e-43)
(0.4450818022497141, -5.162266448653929e-43)
(0.32934556633009565, -4.793695203337852e-43)
(0.43513271654466784, -6.175816279618784e-43)
(0.5792035872985691, -7.654883554543523e-43)
(0.05099880020740126, -2.7677920415920634e-43)
(0.3181349446080127, -3.093124765131726e-42)
(0.4860846710389883, -4.98433654475102e-43)
(0.027981865409407093, -5.6990357188163595e-43)
(0.6495654818510983, -1.2654112903136332e-42)
(0.8071955477392162, -4.0222220317830446e-43)
(0.9256400147923038, -1.4442885071917445e-42)
(0.6288434154445322, -9.569835230676479e-42)
(0.42353945103781415, -1.5178099388553307e-42)
(0.04696312766020996, -5.048563443165461e-43)
(0.27771670401266224, -1.1782622127456809e-40)
(0.37430407935162374, -3.5729883550587832e-43)
(0.014780868041813167, -1.904221836680548e-42)
(0.09726400990942188, -6.6916744230146874e-43)
(0.19925317644302962, -7.828846460021962e-42)
(0.29095878186468754, -5.500815654978777e-43)
(0.013894212891772955, -5.124295990060388e-43)
(0.734078326065657, -1.2250589426686678e-41)
(0.7686582679016957, -4.219954029139843e-43)
(0.24124295447279848, -9.019221851445666e-43)
(0.5850614667497687, -7.1235324583970196e-43)
(0.33062855811686215, -3.093430856096536e-42)
(0.662628884689272, -5.789796305417501e-43)
(0.4688758317738035, -6.294804714604907e-42)
(0.8187810811133053, -5.253493141938387e-42)
(0.6071169247314074, -6.441737081874561e-43)
(0.1379032945193495, -4.741269383276674e-41)
(0.2686767624291707, -7.283638003755459e-42)
(0.7150613394480765, -2.923999813135524e-43)
(0.9465314982820563, -6.354735445271848e-42)
(0.26914403777113904, -6.1942734784475775e-43)
(0.6459184364623572, -4.3954959598125166e-42)
(0.447947744418557, -6.919974847584013e-43)
(0.10635914476422434, -2.016381820358709e-41)
(0.6547777406104425, -3.51099586709372e-42)
(0.24651188496771792, -4.358078588253312e-42)
(0.880674990004235, -8.688025360166473e-43)
(0.5420642413071685, -5.495986603833657e-42)
(0.534568243195124, -2.2499270963521582e-41)
(0.6653630575036323, -2.40469512967745e-42)
(0.55064509442948, -5.63027499061113e-41)
(0.9221757124775477, -7.426030142424443e-42)
(0.6934377123437282, -6.187475401619114e-43)
(0.8628768293161686, -1.3434257813529368e-42)
(0.8587092366963437, -8.054663445591252e-42)
(0.7063467832137305, -5.940254473836223e-43)
(0.020321372829001635, -3.647037845136673e-42)
(0.1471913445947, -2.520108208982977e-42)
(0.23830578554517012, -1.652621881600333e-42)
(0.3395580133801879, -1.1329102796635084e-41)
(0.5384959592410072, -2.9794010443460794e-42)
(0.7270058208824781, -2.1465083823436946e-42)
(0.37933673976587945, -1.9512681517509173e-42)
(0.06630314450756125, -3.335705709993191e-42)
(0.5627114126133058, -4.168150206217472e-42)
(0.7458039617726704, -2.7890133541292755e-43)
(0.6731049228374076, -2.5094193626959375e-42)
(0.3536279748486153, -1.4441892754082e-41)
(0.16171221746200284, -8.415742044526981e-42)
(0.46472054710779337, -1.1855422401445287e-42)
(0.37655468430522554, -1.6225354131396025e-42)
(0.6696241324921658, -3.0804058060482995e-42)
(0.012448267456038869, -4.4470995413094174e-42)
(0.7573373416603305, -2.0549509220219812e-42)
(0.05145160172611159, -1.6461702862347866e-40)
(0.07563288269738194, -2.8103835710304614e-42)
(0.005634914021011055, -1.3187650455847638e-42)
(0.8752909854098658, -3.842950291414406e-42)
(0.009433050634561286, -1.459372042209901e-42)
(0.2518351988935348, -2.880138757150101e-43)
(0.44745498178056603, -5.83551098094652e-43)
(0.942799388096713, -1.8768468669751486e-42)
(0.4955913077294288, -1.8544560248723727e-42)
(0.4453319852147217, -1.0577767952243699e-42)
(0.2582854571483902, -1.0140357111049147e-42)
(0.8837139932433661, -3.018934533781396e-42)
(0.1381325754112834, -1.5085129726570785e-42)
(0.01188741267170445, -1.0213907416363018e-41)
(0.9499240564967938, -5.908537128238121e-43)
(0.45226558662107325, -1.1718280731333308e-42)
(0.15916362554347407, -2.9639245346561083e-43)
(0.5826013254568869, -9.775082932114375e-42)
(0.1955603833953008, -1.0007384346713273e-41)
(0.44589088786789677, -9.233591257629011e-42)
(0.15892612126613445, -5.074918705207291e-41)
(0.8486178143742312, -1.3029171860643972e-41)
(0.015742021091017657, -5.644892648978383e-41)
(0.5467024505414297, -1.6812013046755158e-42)
(0.22487080740547002, -2.6342054146935188e-42)
(0.1463185374267701, -8.920324343320469e-43)
(0.46189620321496505, -5.555028361051613e-42)
(0.2030592226686715, -5.021579996907271e-43)
(0.008955723762977805, -1.4562490349036053e-42)
(0.38125269823158386, -4.11546614540485e-40)
(0.5477272180077611, -3.701686567844243e-42)
(0.06472950969219107, -4.508402502285297e-43)
(0.7757478357172636, -1.5899751474546777e-41)
(0.9244850465409011, -3.5994340267828415e-40)
(0.2042884993670975, -1.0375112871272174e-42)
(0.6285169914260664, -4.42134321819088e-43)
(0.99339969035972, -3.4119499139016025e-43)
(0.3416863810762137, -5.86337772405315e-43)
(0.2885446948592717, -6.521893492988226e-43)
(0.02965938274714741, -5.1507101721548286e-42)
(0.6135118537554084, -4.910889213217673e-42)
(0.20724891461654038, -5.566073923585645e-43)
(0.25421631982586285, -2.8695235847463677e-42)
(0.22323487854439814, -2.016542071542559e-40)
(0.5673012378245841, -5.090196013471685e-43)
(0.33840479335447216, -7.145513682025949e-43)
(0.7646917123551252, -6.13324830942081e-43)
(0.05639814119609513, -3.356596941036915e-42)
(0.8858049378656013, -2.2314770711153495e-42)
(0.2567146203531411, -2.340736967398106e-42)
(0.17901566640548897, -5.5971340324574e-42)
(0.8064025686146437, -9.90085550063825e-43)
(0.7657087386464434, -2.6228346756188535e-43)
(0.08542369344296102, -4.5928873948294895e-43)
(0.8583763494078646, -1.1508998716738727e-41)
(0.8848818489321947, -1.1406881257410386e-42)
(0.49348291251193876, -4.4587541197038766e-42)
(0.2239978378607972, -1.368084797435764e-42)
(0.6525147675301004, -2.4207263789385765e-41)
(0.3751766110131574, -9.032347726912496e-42)
(0.8915472536338298, -2.7995463054632325e-43)
(0.5382977702628511, -2.123985235653205e-42)
(0.7901662793193839, -1.881728933719853e-37)
(0.030691448308861263, -3.081856795103112e-39)
(0.3321960845448481, -6.835043396506204e-43)
(0.6517882849163144, -1.0971926745696174e-42)
(0.2680026928002915, -7.758613735335528e-43)
(0.4231639519191036, -3.173386983341872e-42)
(0.526742312639428, -3.044219635929973e-42)
(0.5221809003580646, -1.3167630687821199e-42)
(0.18202743174785826, -5.904516498666427e-43)
(0.3924772365883229, -3.3654697549039583e-42)
(0.4045905197780093, -2.016236693410848e-42)
(0.33032527920840715, -7.134212945759775e-43)
(0.7055488479914414, -7.688929993016188e-42)
(0.4194857918794993, -6.916207944326199e-43)
(0.039141022120114194, -3.716264011256543e-43)
(0.02454905959392657, -5.2298181530675175e-43)
(0.8866847479783276, -2.2238523512620404e-42)
(0.24373068080772808, -1.1004959763387812e-41)
(0.607706581427074, -1.911506548967643e-41)
(0.6078038193669129, -5.953786561977437e-43)
(0.6883873826980949, -2.128169887975897e-42)
(0.15160856731831163, -2.402311692266358e-39)
(0.05766383941587906, -1.5976624416137204e-42)
(0.23324419220325926, -5.989275828479317e-42)
(0.347479021073898, -9.293402300659889e-42)
(0.9464333003186562, -2.174558228331941e-40)
(0.6218337934175275, -9.861999088528575e-43)
(0.9379402733818247, -9.363442189591411e-43)
(0.38715315363475816, -1.7900069058202637e-42)
(0.5342507250574202, -2.8702781182187474e-42)
(0.4114990494574298, -1.9192339101989054e-42)
(0.40812012215978194, -3.2035950898116147e-41)
(0.4195010726628884, -7.001239499298174e-43)
(0.003693685311931438, -4.592337791419985e-41)
(0.3665474969603683, -5.6919453310478356e-42)
(0.14645772266026588, -3.212880465842997e-43)
(0.8984383893585418, -8.97848812469796e-43)
(0.004697248913550476, -2.8578736330219937e-43)
(0.30578542695534394, -2.997049012163302e-43)
(0.09627545047358337, -4.391598422267632e-43)
(0.8982366157746904, -3.046066354455721e-41)
(0.7657151207582724, -3.778393084145673e-43)
(0.33582588870286834, -3.725753865842057e-42)
(0.899403468639184, -3.0664961537535e-43)
(0.6097083023621591, -3.960398987806238e-42)
(0.4665320428360227, -2.311416801324982e-39)
(0.013490670992248852, -4.545901886957667e-43)
(0.8679840350494404, -5.569293806456167e-42)
(0.056938963257431925, -3.234433169028026e-42)
(0.3139609103057374, -1.0655994347747566e-42)
(0.39221487017464984, -4.489501056946274e-42)
(0.23215841147902294, -5.941548505276237e-41)
(0.46264054658797066, -3.4656620178367036e-40)
(0.7805120298310934, -4.3754449948442087e-41)
(0.7037340834816572, -2.984712152911007e-41)
(0.11991085294035775, -2.5929946025565274e-43)
(0.7407431846333984, -1.031909049652449e-42)
(0.9981366382790975, -4.6138154795752697e-42)
(0.503045388543088, -1.4745833432324453e-42)
(0.96637604969654, -1.922997457251282e-42)
(0.6744859950717043, -5.084584192498905e-42)
(0.05802886405694721, -6.402241191347942e-42)
(0.6198849764960932, -2.5984764007270507e-42)
(0.20349180802647618, -1.1950063110465932e-42)
(0.9245377636534314, -4.1697240542775163e-42)
(0.7333428446122391, -3.876230624931285e-41)
(0.18409532280999918, -3.240147665495647e-42)
(0.9257601368480228, -5.252289319340114e-43)
(0.35241785716206114, -1.3642367342873322e-42)
(0.10568506984081599, -5.998096819121527e-42)
(0.5039247473655282, -5.918154516264031e-42)
(0.26262370444820776, -5.6401012571756015e-42)
(0.3678931537326387, -3.6867174749692455e-41)
(0.5036968585777235, -3.217851400901497e-39)
(0.09215044438736252, -1.4328579820362683e-42)
(0.16367471235156378, -2.4397340516202562e-42)
(0.006639428047829229, -5.882919722277046e-42)
(0.13201393258844868, -4.125735620274897e-43)
(0.05305115966921038, -2.7556087135521688e-43)
(0.9675720796771675, -5.44249933811765e-42)
(0.7298196302809775, -9.175794176803363e-43)
(0.8769157608550451, -2.2149819011558084e-41)
(0.07352463892456669, -9.243605503981266e-41)
(0.9994906147395961, -7.962780886494284e-40)
(0.6597401996646587, -9.432474175048346e-42)
(0.943318670123972, -7.386500055797565e-42)
(0.2171635557971212, -6.010875992578624e-43)
(0.08234249693698854, -5.731744181257204e-41)
(0.6177120146491504, -1.093832864888703e-40)
(0.9097435290217027, -2.2605309808844848e-43)
(0.9226485906944973, -9.282859053401893e-42)
(0.9277678006527807, -3.982369578556349e-42)
(0.5317693582214801, -4.107306245192011e-41)
(0.24965688865929836, -9.233737296621322e-43)
(0.6059883567541687, -1.4948429120594597e-42)
(0.5658198344086918, -1.0880417067007529e-42)
(0.5411664315930028, -6.684576241424696e-42)
(0.2612147031875485, -4.89459016846025e-42)
(0.8692264334400827, -1.4524133957743432e-41)
(0.15864208108014285, -1.9617036078190916e-41)
(0.20367360602217124, -9.9408962094624e-43)
(0.16646020513270732, -7.958977624223462e-42)
(0.654941168113662, -4.466830237659402e-40)
(0.2931968986602897, -9.775617685236243e-43)
(0.13410106700858113, -1.0755137559480899e-40)
(0.022025794051684273, -2.1245214379305585e-41)
(0.6920789559366307, -2.7094199796250187e-43)
(0.7462497169568489, -4.630286347877703e-43)
(0.9564567246318535, -8.784195291038165e-41)
(0.7872540851425452, -2.962649990614684e-42)
(0.008340370345441557, -3.2468256526590464e-41)
(0.7017241145961362, -9.316822743435746e-43)
(0.13138285238210462, -9.123408031201448e-43)
(0.24910971661636705, -2.0555682458655476e-42)
(0.9988100044078178, -8.861602985153163e-43)
(0.23973125037228388, -3.141196331355719e-40)
(0.011729125946620542, -5.5277817234085546e-43)
(0.4142320176340688, -5.201918675048198e-43)
(0.794274947556441, -1.027240257434159e-40)
(0.6745751386929888, -1.636883519471325e-42)
(0.46663342867492585, -3.218757910443559e-43)
(0.7072633887786496, -1.0163562030548128e-42)
(0.6431278736744283, -4.254444797582104e-42)
(0.05911746719013956, -6.762427944335542e-43)
(0.10636624919147536, -5.027971257666929e-43)
(0.8458449550199932, -6.288889981106942e-43)
(0.8768217903690096, -1.3533637839113879e-41)
(0.22549918175248052, -5.136189473304577e-41)
(0.021746871531381717, -1.198115754023369e-40)
(0.9649432803079293, -2.5550856392020203e-42)
(0.31143905031017827, -3.6760570016499995e-43)
(0.9199276272616924, -2.5722264582333715e-42)
(0.47574444554602485, -4.757996690589236e-41)
(0.9471386419868492, -5.665672992560754e-42)
(0.3116227367562421, -3.738026618963469e-42)
(0.036859040326140166, -6.087285546239629e-43)
(0.4327548938161249, -8.351462942571397e-43)
(0.8760823924712982, -2.3382562296699938e-43)
(0.3847591744186315, -3.199174417376477e-43)
(0.154937498645559, -4.088962406837895e-43)
(0.9522253265046863, -2.0054702789097178e-42)
(0.345471331500035, -1.820908153371943e-40)
(0.6804136748037347, -1.193146505739605e-41)
(0.44733529560605967, -6.542848111975833e-42)
(0.2810723397627858, -5.4790075414531836e-43)
(0.8600630931421024, -2.0037454995171602e-41)
(0.04345153447862185, -6.218197973543765e-43)
(0.555406369425, -1.2557450397004879e-42)
(0.8827432701889281, -1.6880406941794922e-42)
(0.2867658548722952, -2.0381406626744035e-41)
(0.11081665586039235, -2.3078593832337642e-42)
(0.9198172436204682, -3.5194453950771945e-42)
(0.2594191815652434, -2.0206988812369438e-42)
(0.15990726218387516, -2.800201083555324e-42)
(0.407950228330982, -7.143367984387143e-43)
(0.8494275750052922, -8.204628236020613e-43)
(0.2725989442359929, -5.967544996734371e-43)
(0.9782269182375246, -7.749110634608168e-42)
(0.8264792713042238, -1.1194435231998493e-42)
(0.4319790535885454, -6.766878616073797e-43)
(0.8925203725569447, -9.579966120764898e-41)
(0.4756347061930576, -5.5465653501846605e-43)
(0.7144936981727642, -2.8350175168563836e-42)
(0.944263116494941, -6.362245384128844e-42)
(0.6464717944113657, -4.557334319747941e-40)
(0.7661905114102067, -4.767448116803564e-43)
(0.8434958565243055, -1.5051431324968562e-40)
(0.9384011732104948, -1.0436734134718985e-42)
(0.38611135358413073, -1.6218868455779007e-42)
(0.3670799120837191, -2.7813991907726276e-42)
(0.5053066837237438, -1.9464405435519902e-42)
(0.9575034588862669, -7.893157253712673e-42)
(0.39642576263914164, -5.924631964140134e-43)
(0.5897644646227408, -3.335888926475792e-41)
(0.42270511927668447, -1.0670223705474141e-42)
(0.9061401543420479, -5.1745753436332574e-43)
(0.8950030111161297, -5.789397245525817e-43)
(0.6437000161502403, -2.8009287267189516e-43)
(0.07116143289176528, -4.11407832490063e-42)
(0.5523239877853248, -2.5616876339794055e-40)
(0.4947314520019787, -6.1260429427965615e-43)
(0.05972764337893004, -1.720010419109641e-42)
(0.8724271391607072, -9.870847036279247e-42)
(0.15499679350134832, -1.3959620203978208e-42)
(0.5043392886963874, -8.430749154825757e-43)
(0.5310431622091778, -5.468518478106334e-41)
(0.09562393706170955, -2.203122197062232e-42)
(0.24777998969211296, -3.51699565546785e-39)
(0.8463081394792246, -2.005500598295349e-42)
(0.1650313525033335, -7.223441335491974e-43)
(0.004262181847209111, -2.5684956747287825e-42)
(0.79645407917966, -3.230622701204342e-42)
(0.2554857569270577, -1.4872222573594468e-42)
(0.19985210140354792, -5.6159107242435616e-42)
(0.3285210044428184, -7.178031376593851e-39)
(0.28525317838116016, -3.938725618730197e-41)
(0.6747212174398243, -1.8731115926644968e-41)
(0.9915698574432207, -8.890874549835546e-43)
(0.8657375852695152, -6.2195499390299375e-43)
(0.000318267713059752, -2.0689960230359826e-43)
(0.46348553727502045, -1.1075131011464035e-42)
(0.5875870804647513, -1.5702905116688915e-42)
(0.6353067550592438, -1.9068733197281753e-42)
(0.9718027135558643, -3.4524532659072886e-43)
(0.9116953952993705, -8.420943130101502e-42)
(0.6160271464210717, -5.839458547229217e-39)
(0.9841673204159775, -6.597092161314233e-42)
(0.416972894973471, -1.2195222482548646e-42)
(0.6538085360823275, -1.687356707996467e-40)
(0.09900702919742599, -2.7594005357796627e-43)
(0.4606299916126828, -8.314414873995899e-42)
(0.2699891043494997, -5.642686519548392e-43)
(0.90363927878079, -1.439298679414767e-40)
(0.9440092929169126, -2.598577303839194e-42)
(0.7278864502360152, -4.175202596891492e-43)
(0.22664980295099876, -1.3472301357830218e-41)
(0.9540599373282092, -6.370560226598258e-43)
(0.7827371700654563, -9.446826717205808e-43)
(0.6187707749323595, -7.501349719841809e-42)
(0.12966431174655926, -2.7376576511747345e-42)
(0.765024376793785, -1.4970884139391494e-41)
(0.8423295017962523, -8.054146502080963e-41)
(0.9276647792252141, -5.817829839379459e-43)
(0.08720325272579653, -1.2372270814082645e-42)
(0.13431691216798655, -4.6718026762787453e-42)
(0.3999708950730369, -1.214297229798311e-42)
(0.3371574551694531, -1.2894148724625866e-40)
(0.2586440978384028, -1.0885527245215849e-41)
(0.6426264557795254, -3.54275196135231e-42)
(0.2859882078286763, -9.035438543543295e-42)
(0.49102018054128965, -4.294760257799013e-43)
(0.4190956381437581, -7.746974728654656e-42)
(0.4916711681711907, -4.776609964501042e-42)
(0.8536762882761946, -2.0729014550552175e-39)
(0.6817442667003738, -4.7799049565730505e-42)
(0.26286734619401997, -5.987433400954913e-43)
(0.230162405261174, -5.8385478490676654e-43)
(0.2951688775007281, -1.9756990085242703e-42)
(0.40533357113819096, -1.3724032477640371e-42)
(0.7403192677622669, -3.089855193036646e-43)
(0.006362983886595858, -1.2030902161541584e-41)
(0.6916714708660798, -1.9275692738750754e-42)
(0.54175285911932, -3.608039228413922e-43)
(0.6455828110105464, -3.5558221479706493e-43)
(0.48965938898652156, -4.140954462155527e-41)
(0.15855727100471717, -4.609769448447997e-42)
(0.6290530710281794, -8.993108494304359e-43)
(0.5372388930627731, -1.5564466644140656e-42)
(0.4167720861154348, -1.7091805230160748e-42)
(0.689751651374235, -6.377321120085575e-42)
(0.9744547434646927, -8.171544209336462e-42)
(0.0041186519873656945, -9.682692859593645e-41)
(0.3141883091692471, -9.987658310601137e-43)
(0.8938444984813224, -4.272904619599004e-43)
(0.013131669312104138, -8.483938344543741e-43)
(0.9247110505086948, -9.884418325572824e-41)
(0.5094932570969569, -2.586204381866772e-42)
(0.8513254764459868, -8.900154355176492e-42)
(0.7302021829353543, -2.949331781400758e-43)
(0.5767806703870014, -9.435842761445473e-43)
(0.44594058749426657, -1.6018889375311682e-42)
(0.1214925846218597, -5.6380628944756245e-43)
(0.4178017517844136, -4.780222638212309e-42)
(0.403973253410552, -1.5063330359395903e-41)
(0.7220664510798039, -1.524677181951836e-42)
(0.4754464091072146, -1.0575903670404806e-41)
(0.9958146741808095, -1.355089718952412e-41)
(0.7166351966267758, -2.0670917157355064e-40)
(0.3673368148010489, -3.5012909183782076e-42)
(0.7621143705950064, -8.063495915122752e-43)
(0.6681625154175563, -1.7487610347722444e-40)
(0.8094270302372832, -4.365981871886423e-43)
(0.045957522716116694, -4.556655094033388e-42)
(0.036338094465415666, -3.3215565920707567e-42)
(0.7255602641529636, -6.324300071522129e-43)
(0.14743819213967535, -5.989971858429673e-42)
(0.17906017637657054, -2.948934111958804e-42)
(0.9333337394982655, -8.32728586437436e-42)
(0.14682477449986528, -6.059086795887104e-42)
(0.3933469399168026, -7.768136066591059e-43)
(0.8987546235610612, -1.1094368640432996e-42)
(0.4043554452104733, -6.003198667734858e-43)
(0.9689728365795944, -6.20516913246429e-43)
(0.7731422931250629, -1.0936150943810184e-41)
(0.45385208804882177, -7.0442947638678524e-43)
(0.33236218231025766, -2.469802628312895e-39)
(0.24471754703023527, -1.515832494467943e-42)
(0.2741628841018272, -1.125968759964407e-42)
(0.24970539375491532, -2.453774895925302e-42)
(0.5863949770992984, -3.643401460309144e-43)
(0.5524758320102786, -4.959316875747815e-43)
(0.9511269250610537, -5.237800494297507e-43)
(0.477041364220664, -7.89111813678869e-42)
(0.025215238374462705, -2.512813372159531e-38)
(0.5384715919489711, -6.04392609622046e-43)
(0.8652885054797412, -7.997353826392166e-43)
(0.520958749676928, -3.0905723982214636e-43)
(0.3175085495928071, -2.7954338886492722e-42)
(0.5370485866260097, -7.097515905215046e-42)
(0.9503574083324969, -2.58773245643788e-43)
(0.29271934589814685, -3.672007847304824e-41)
(0.15603455984483966, -4.973587250891644e-42)
(0.12281470655398717, -5.261132467159274e-43)
(0.24645998605623046, -3.7149360685758404e-41)
(0.3987163000805457, -1.9346609793920353e-41)
(0.14769766225777725, -5.58184313475585e-43)
(0.8010458439601601, -3.285309111897097e-42)
(0.5559516848396645, -1.3694530042974312e-41)
(0.8544590168797531, -5.1452719004143745e-43)
(0.8635575731712569, -5.600387346731097e-43)
(0.3419177589121426, -2.6292745655463572e-42)
(0.5672925905723004, -1.50210775196793e-42)
(0.22087028058350697, -8.442710206071133e-42)
(0.07936479585402896, -3.62695140176303e-42)
(0.8633495306825184, -3.2950358337454524e-43)
(0.5523466063849602, -2.8996086415244416e-40)
(0.650057505513003, -4.1389185141985557e-42)
(0.13315446080237292, -1.4155934402087923e-40)
(0.49721043245348495, -1.6117272626365474e-42)
(0.6315744571798473, -6.494427213158409e-42)
(0.2969883717043888, -5.77060866085385e-41)
(0.237731903948472, -5.526831800086452e-41)
(0.8148150114179663, -2.243995235023049e-42)
(0.7499406368614074, -1.6963186639349716e-42)
(0.47074744931334733, -8.367291967490391e-43)
(0.7558039087955525, -1.3713791476523437e-41)
(0.3293614939620054, -8.150504268338736e-43)
(0.9881732357075028, -7.499124644074414e-42)
(0.2879018324663971, -7.241938461538817e-42)
(0.8733382571551755, -5.3173266672373675e-43)
(0.8659079411575754, -5.6196885706424885e-42)
(0.9195351715387418, -2.6809364165549822e-42)
(0.49070453772994965, -5.200473452748241e-43)
(0.14953100330941763, -5.246420649094891e-41)
(0.2337440507165205, -8.84111298177788e-42)
(0.8500930386685525, -2.151462629133079e-41)
(0.6775741271705251, -3.3349805465231184e-43)
(0.5868188194352756, -1.9554795619877083e-41)
(0.11758982946065817, -1.9486603391282787e-42)
(0.4320675014180193, -5.537987905402541e-42)
(0.690600299729713, -4.1335309660172705e-39)
(0.9377620928269198, -2.5100698846657695e-43)
(0.9275018238659156, -6.237303648023048e-41)
(0.8459777731440133, -1.092585707345361e-41)
(0.9286903538989182, -1.8059229132739515e-41)
(0.9321694301911109, -9.748535445253654e-43)
(0.443412417456993, -6.0027329967647734e-43)
(0.17754228837557587, -1.3457100796677277e-40)
(0.8151507583962803, -3.521931487643371e-42)
(0.21909391679821913, -6.2409306487846365e-43)
(0.053770603832024755, -3.7947677612332725e-42)
(0.3816495503623027, -3.347738880898335e-40)
(0.04286499152681085, -2.6933051226753533e-43)
(0.17359705211891388, -2.4065195327314295e-43)
(0.11840982762603718, -4.9686975470425055e-43)
(0.5062369197054729, -1.8486410463670438e-42)
(0.963208623470083, -1.823574656531346e-42)
(0.9885627752247521, -3.6699279023277244e-43)
(0.7995244631937269, -2.933277413751362e-42)
(0.5691978924333606, -1.8656081524338186e-42)
(0.43117900394337283, -3.153080436644938e-42)
(0.1481385845472423, -7.501208531601807e-43)
(0.6904711228391728, -5.0002989362830266e-42)
(0.8416329250015299, -1.865136378689077e-42)
(0.6506154707428761, -4.8471870420196926e-42)
(0.0857357391628869, -1.3079115971658171e-42)
(0.2519111907810496, -1.840530742477474e-41)
(0.7992815647978074, -3.522754042171911e-43)
(0.8594222938968852, -4.2796397321990705e-43)
(0.65654978813544, -5.3887956453306265e-42)
(0.8629446872221415, -4.5895186102442876e-43)
(0.3336252613460863, -1.0571848808178475e-39)
(0.8997421399614309, -5.855352371458988e-43)
(0.047533340050444156, -2.7439814779647724e-42)
(0.48495720460797864, -7.606979320336707e-43)
(0.4640232388853815, -4.040613018466705e-43)
(0.9991089248198237, -2.3460823855569285e-43)
(0.7520215936612338, -2.1579418089696144e-42)
(0.4054145394061014, -4.8238055134338216e-42)
(0.0036981562601311295, -1.3693603584439926e-42)
(0.6738390515556437, -5.0895680824056234e-43)
(0.5997887739071714, -2.9986028880384023e-42)
(0.6788628573765056, -1.911800575169777e-40)
(0.5399544269639173, -1.6621133967569813e-42)
(0.9443285446827857, -4.923143799072597e-42)
(0.3828100464899067, -2.8821481322211968e-43)
(0.061277563772199194, -2.857305583452632e-42)
(0.3864993532285707, -1.8087490455481247e-42)
(0.6290689037530703, -1.0176888749125791e-42)
(0.6827458866748203, -2.9366968827057016e-43)
(0.8154527612577374, -5.547226751208897e-41)
(0.6413561373978247, -9.93627861034725e-43)
(0.28341498329426007, -1.3843226993175198e-41)
(0.9554567790286026, -7.575445368784374e-43)
(0.17861835252482336, -9.925121095042267e-43)
(0.008596390842226286, -9.044858069189407e-43)
(0.5350290639344655, -5.119572968335202e-43)
(0.20250843182485526, -5.03720397390531e-41)
(0.20392810618062526, -2.1310585587619138e-42)
(0.6761101712538543, -1.1115834592467648e-42)
(0.5360821540069949, -1.2646304989432238e-40)
(0.3158293080595519, -3.9019715619846863e-42)
(0.45679606413287316, -4.2480473465523424e-41)
(0.29351880464226837, -5.3579656276628385e-43)
(0.955199303628076, -2.3561163632031977e-43)
(0.752299795666952, -5.180238285303971e-43)
(0.5342162383921528, -3.713075410777977e-43)
(0.7514510653976377, -6.449423177028226e-43)
(0.4377365880336297, -1.3099933169736824e-42)
(0.9145685708371598, -4.559345099205813e-43)
(0.9990906997387914, -8.420337850977107e-41)
(0.2522696459617047, -6.103379250950634e-43)
(0.9942441085872219, -3.270878887599112e-41)
(0.6672434660554359, -1.2625842972614484e-38)
(0.8723783419876657, -7.793641503792211e-41)
(0.334303541730137, -1.1112041859149012e-39)
(0.9493518727708187, -3.5164015952081327e-43)
(0.8391254944433779, -4.819883222643194e-43)
(0.16900913869926978, -6.654459441190458e-43)
(0.08215024690520799, -7.579680843586054e-43)
(0.7903399316962795, -9.687436709962439e-43)
(0.8752928993043925, -5.483048551249215e-43)
(0.9505148539035657, -8.274157313755297e-41)
(0.10173045521377481, -1.9559764371515923e-41)
(0.906416084310323, -1.0504331280447716e-41)
(0.3978067783259789, -1.6149246480829538e-42)
(0.7951548022641735, -7.809759046358318e-43)
(0.7348694659866695, -1.4373025505610386e-42)
(0.5737147784334944, -3.606339406920954e-43)
(0.23403634578910576, -5.896648573270755e-43)
(0.25257970393893525, -1.3766535507126299e-41)
(0.6798733263402268, -2.9048180834192823e-41)
(0.7379988923444623, -4.3722855736957735e-40)
(0.4506969423934752, -7.29255056544253e-43)
(0.04303607662288584, -5.964689478086872e-43)
(0.8702131161872332, -1.4987815959742152e-39)
(0.4387463169058221, -1.5954510209055893e-42)
(0.33603203236308893, -9.84119153549154e-43)
(0.7612883112525247, -1.0099884200320645e-42)
(0.3965049275374687, -3.457968943912208e-43)
(0.2503551096950341, -7.488413162744215e-42)
(0.8093022157303799, -5.1863171191883655e-43)
(0.30614820675291543, -1.3232197882866654e-41)
(0.08415145561648915, -2.3029074720325e-41)
(0.8400828188108526, -7.063958129359472e-43)
(0.0030914358748554477, -5.4126184270327154e-42)
(0.8524125842559738, -4.291167361840556e-42)
(0.8286662206306178, -1.7372616913810392e-41)
(0.6019971344458772, -2.6439292256333315e-39)
(0.8293391833501262, -1.676676842142554e-42)
(0.5107808800987438, -1.618475233934018e-42)
(0.4644965318932453, -7.560008786813438e-42)
(0.11155269897462158, -3.6166992539325696e-41)
(0.5929565009763286, -8.59484580446983e-43)
(0.5385341146796334, -1.2820891850313773e-42)
(0.3256562041718515, -8.299974776912382e-42)
(0.13103994656466805, -5.359703336198243e-42)
(0.9171026268954483, -6.912901792883668e-42)
(0.0014690874995738382, -4.307252811584572e-43)
(0.9407220580090601, -9.787670911224737e-43)
(0.5484865978128854, -1.3271844619873495e-42)
(0.4903405307074451, -4.070832279141367e-41)
(0.21037653216090155, -1.0045902128855583e-42)
(0.6307313403505495, -1.917900095033352e-41)
(0.40596535604939954, -1.801761218861341e-42)
(0.22487494714110662, -8.067149127495962e-41)
(0.5546030432041095, -3.550671390893888e-39)
(0.31615419292368785, -1.1162201774206055e-41)
(0.02667368488958813, -2.524578887083995e-43)
(0.15291923803741997, -1.6802925893372853e-41)
(0.3452421134453881, -3.980555299686392e-42)
(0.37858474888576266, -1.1733987599015314e-42)
(0.8506615535720613, -1.526767003600311e-42)
(0.681082547998361, -3.2803214776369767e-41)
(0.2215785878368387, -3.632372898724587e-42)
(0.4101475710491145, -1.138649262670452e-42)
(0.3873893074978877, -1.2887026365305281e-42)
(0.9299727844639767, -3.888085928253271e-42)
(0.7138762162604015, -7.757597319606208e-41)
(0.5235995706951957, -4.642177852264778e-43)
(0.28024961892558725, -4.0411228192977997e-41)
(0.2569309412345575, -9.138380032078299e-43)
(0.5684360788739483, -1.0279224442567476e-42)
(0.793349572437319, -1.6533335778773628e-42)
(0.35202720522637176, -4.690626290938904e-41)
(0.8709802979699598, -1.0161120633609076e-42)
(0.7795238799116773, -2.33793310756227e-40)
(0.8404102992559048, -1.917823382359269e-41)
(0.31182432509436747, -1.8328363283846323e-42)
(0.23390619112630842, -5.184220084317123e-43)
(0.5258680730310542, -3.985539676120038e-43)
(0.177384747916249, -6.414395812915465e-43)
(0.6446454796845401, -2.451495066958398e-42)
(0.015193290350798177, -5.8915279287308165e-43)
(0.6509906933460172, -2.796879178066055e-42)
(0.8019678466619204, -3.3067955281050977e-41)
(0.22716585172527923, -1.385495573156671e-39)
(0.55586386892172, -5.653164608979823e-42)
(0.16561195528065925, -2.0331230010968762e-42)
(0.834681447337299, -9.290244585571098e-42)
(0.24750278242103155, -9.168899706276521e-43)
(0.5031535684101981, -2.7805924155139086e-41)
(0.9325661776132322, -5.344766028835612e-43)
(0.3694249914234442, -5.0475904541224024e-42)
(0.26247610080975403, -2.344276290742224e-40)
(0.10892303848874596, -8.703922925563073e-43)
(0.20968075641307166, -1.5855773005061196e-42)
(0.510010450493541, -5.800495745732739e-42)
(0.2081107705370188, -7.724358182576909e-43)
(0.7456236343798778, -2.1458979013854805e-42)
(0.5606488389355784, -4.5913062687641154e-43)
(0.5366433706817257, -8.170494393711706e-42)
(0.11847140851802403, -6.760193122587421e-41)
(0.3066454455500999, -1.2230473968570062e-42)
(0.3009853750111554, -1.3487105596814468e-42)
(0.3842665812729361, -5.417766904251499e-42)
(0.5809521658324849, -5.938326931363686e-43)
(0.9741636658593574, -7.241626982866541e-42)
(0.8254339155713506, -4.337794872857822e-42)
(0.6147024412645039, -8.518176150599554e-41)
(0.20603258577730987, -3.0248761863811506e-43)
(0.15838307658685638, -2.3879752728557216e-43)
(0.7567098105476172, -1.885436581287093e-42)
(0.32877521926059916, -5.406353289627247e-43)
(0.17304283908204834, -1.3821947966984959e-42)
(0.9732832800895974, -2.2278907467996632e-42)
(0.2331317022940978, -1.058093200327075e-41)
(0.07623989186909425, -1.3993460526382198e-42)
(0.7233458226973264, -4.4029836620838376e-42)
(0.10448286374357806, -2.700788922022511e-43)
(0.6862551894070391, -7.054614817434294e-42)
(0.2337424175489118, -5.279380021935388e-43)
(0.26032257221597493, -1.916873101663094e-42)
(0.18384160709566308, -2.4021646404074936e-43)
(0.5213833429123881, -7.1339746101043285e-43)
(0.7542569694425328, -3.705761580459132e-43)
(0.060682061416228034, -7.949203556636847e-41)
(0.8896575714314798, -6.212625229673874e-42)
(0.7413662624984845, -4.093441439727247e-43)
(0.3366767748110327, -7.981329569126506e-43)
(0.10473121383651353, -1.0241501581930129e-42)
(0.9353982473844031, -2.7202339937557517e-41)
(0.027714023080744058, -1.9338418431058576e-42)
(0.047010854583479464, -2.2785469840972162e-41)
(0.982673213198297, -7.56261717935359e-43)
(0.39399916134029067, -9.164432319393243e-43)
(0.45076810321317995, -1.6313115487904274e-42)
(0.20042316593687787, -3.733608119081907e-40)
(0.17421833309998752, -5.965695739891779e-42)
(0.9312533769103262, -8.457036578727733e-43)
(0.4372204654054581, -6.764372909387341e-42)
(0.8436580152905152, -1.1278421229849124e-42)
(0.9531903154230167, -5.3903315321743144e-43)
(0.6046268718240908, -3.7006973693808155e-40)
(0.7603947219562114, -8.452456642209296e-43)
(0.7296190458193043, -6.820771988831991e-42)
(0.7380683444522963, -1.8352904047733282e-42)
(0.668067509231851, -1.4964195322757154e-42)
(0.6249043438496991, -1.2814189701523304e-41)
(0.03147406187547884, -1.4755833704743707e-42)
(0.09979928543106484, -4.864483077490416e-43)
(0.16866491776367815, -3.648498588160571e-42)
(0.8716826098551488, -1.3069352134577768e-41)
(0.8365324399613392, -1.0646525236886028e-42)
(0.8236236815483571, -2.0766625913469957e-42)
(0.9521576437356408, -2.220122687200326e-43)
(0.9226922505572079, -4.080958745863132e-42)
(0.8998629733487554, -9.041973261336044e-42)
(0.08833975530768834, -5.096185690811837e-41)
(0.6620532723288909, -3.271230711431907e-43)
(0.7006187179252045, -7.410516037529681e-42)
(0.4995249641137614, -3.8745800106749145e-43)
(0.7091203898734629, -7.534343331276754e-43)
(0.8578700540323732, -1.0433291383538586e-41)
(0.3911948756028596, -1.8039676402257865e-40)
(0.13081818199925327, -6.56828010098902e-42)
(0.6084003036485109, -9.820894256593839e-43)
(0.229606045729476, -6.260099414182495e-42)
(0.7225224152387748, -1.1794147456790843e-42)
(0.9607760704740033, -7.93073835968038e-43)
(0.2678281426924603, -2.752990190190491e-42)
(0.03184110270688921, -2.032251970523765e-42)
(0.5990056568562567, -7.418239129694093e-40)
(0.5486574738484867, -7.076141823961546e-42)
(0.17695461290290915, -1.0155956106489816e-40)
(0.4922336759143114, -2.9342833395788015e-41)
(0.9778644408109949, -4.833836289397839e-42)
(0.6369317917226354, -6.949403973962172e-41)
(0.9972037980766487, -1.0593331915319244e-39)
(0.7004361003282441, -7.217055218577551e-42)
(0.980096856260276, -2.7529401962080742e-42)
(0.3578480806558836, -9.858166765313168e-43)
(0.07414767578387808, -2.178159224434477e-43)
(0.4618279503803427, -9.069498352846079e-39)
(0.6675633804013836, -9.387674376333986e-43)
(0.7994535621491677, -2.596626864192305e-43)
(0.3536144553567163, -2.242554481913546e-41)
(0.4459207906407761, -8.478221576076037e-43)
(0.37985708659446143, -4.720274549095421e-41)
(0.6425147775019727, -3.391190735369031e-43)
(0.33334235012611424, -2.8523706477678573e-42)
(0.7284866785861871, -3.4173807671591476e-42)
(0.8457357954952389, -5.284475507002637e-42)
(0.028068318426128273, -1.644099389999941e-41)
(0.8479861360034747, -6.62539500403815e-42)
(0.7913972192294881, -1.373691044551785e-41)
(0.16676941834811088, -1.278700067171441e-39)
(0.2526645823234244, -7.683537725835378e-43)
(0.5883721102022316, -1.3672190297098941e-41)
(0.5100200519679237, -3.3586861713151787e-43)
(0.729912888085575, -7.586617652204036e-43)
(0.47618632469383604, -6.20211797737378e-42)
(0.5895513574492444, -5.940259929752879e-38)
(0.1947055938033277, -5.891325725038822e-43)
(0.14311202945980542, -4.452158507951882e-43)
(0.809635093925457, -1.3382634431766606e-41)
(0.3969180167563196, -1.0308724520069125e-42)
(0.2093668102177352, -1.3699576985612015e-42)
(0.9454855634350215, -9.573480492023498e-42)
(0.7423290830766478, -9.239198061714397e-42)
(0.24268969166214366, -2.7925768750014907e-40)
(0.5264811667537729, -4.934879701084525e-43)
(0.865840140413505, -4.807406660381389e-40)
(0.6734305224521904, -3.9862937312513315e-43)
(0.6213371205629882, -1.6384598156008483e-40)
(0.8195343644541236, -8.67872488776933e-43)
(0.3876498911882872, -5.123199892483521e-43)
(0.08533788947141897, -3.5335263068470725e-42)
(0.0404805797433403, -1.2860897437894647e-41)
(0.42582576034594355, -6.126378160593439e-42)
(0.8381889195104624, -3.0847966921474304e-43)
(0.3153021837612696, -1.2260771903785339e-42)
(0.05779804323475922, -7.815078558806892e-43)
(0.8358835556184251, -5.0786615721058405e-42)
(0.952259154035078, -1.088596264278626e-42)
(0.6008355181727063, -4.060423881432789e-43)
(0.5122722618462456, -3.5647160335603797e-43)
(0.8031157063454049, -6.294137095978185e-43)
(0.061726563783502206, -1.1150713034995833e-41)
(0.308337319577751, -5.675683176039733e-43)
(0.6344218804781669, -2.5713480418382276e-42)
(0.38781544382654043, -7.296084993726558e-40)
(0.2227091563635625, -8.288109655337525e-42)
(0.5990574884110998, -1.7040986783238825e-42)
(0.6373293884916605, -9.776546103707087e-43)
(0.4605024805793068, -4.437175144593067e-42)
(0.37791336233326217, -5.803777203765983e-43)
(0.3258038063742119, -3.758144173270208e-41)
(0.4502428198863817, -3.937249744013586e-41)
(0.6414064099757133, -7.318382949683439e-42)
(0.8206385901649317, -6.878857018222702e-43)
(0.8060879700478567, -4.1849077688577295e-42)
(0.7996345720040637, -8.550762895603365e-43)
(0.5247331208560913, -2.3324538521686526e-42)
(0.034117419330907665, -3.618887162050975e-43)
(0.43995117522125293, -8.590332127894061e-43)
(0.939034612279547, -2.7320472284738448e-43)
(0.5221802125296685, -2.524240017526175e-42)
(0.4700534094490221, -2.715298050068469e-41)
(0.11400304094028178, -2.0231334783170605e-40)
(0.6819338774665555, -6.469404300965859e-42)
(0.763387128066627, -2.5816914996644036e-41)
(0.22942859605263585, -3.4048126106970133e-43)
(0.3559043552195657, -3.4736225500717536e-41)
(0.615875837991018, -6.951043256313429e-40)
(0.20801581163954264, -1.1891190244404302e-42)
(0.6320591947914939, -3.516800131301777e-41)
(0.25123955322755825, -9.493349704327904e-43)
(0.916821270977111, -2.8406466398396547e-42)
(0.7930305190278397, -4.863542481323079e-43)
(0.3488180799302009, -1.3395012831419006e-42)
(0.6655212582719167, -2.3284979960498067e-42)
(0.3813633120728424, -4.624298389936311e-42)
(0.02801459572679072, -4.607137393786206e-43)
(0.5423471389484505, -5.74332513306452e-42)
(0.9046995298108728, -7.305831120905004e-43)
(0.1786335051213538, -1.3135230901615734e-42)
(0.029925449404468972, -1.0195686527063318e-40)
(0.5552199617410256, -1.2341469457827936e-41)
(0.07105760092606922, -2.540575713883914e-42)
(0.26914760602013893, -2.7958517757106255e-42)
(0.03331418648580288, -8.90732543867429e-43)
(0.30996969169511046, -3.638812398647438e-41)
(0.8302005236734105, -7.059388574953096e-42)
(0.9052207344732721, -2.7848980249133365e-42)
(0.7712776453380229, -5.217583619188141e-43)
(0.5328790413090914, -1.3889325754361905e-39)
(0.380143315212285, -1.7117058033819196e-42)
(0.9157010512711111, -5.4057887232034675e-43)
(0.10900796938537703, -1.2715709947245784e-42)
(0.6445661174730294, -1.1550833171755045e-41)
(0.47358376454673135, -4.699702141324557e-40)
(0.8205295400232017, -1.3489911629264718e-42)
(0.4352372524005457, -4.001894639974283e-43)
(0.5452694431073339, -3.594301356301508e-43)
(0.44922816583254466, -2.1210972089048017e-41)
(0.8466040362617377, -1.2538908007113734e-41)
(0.4408528691266332, -5.703087577275583e-41)
(0.053783879273748815, -1.9650882567808128e-41)
(0.5985951693653233, -3.932704034049648e-43)
(0.2763526641749459, -2.896560950282611e-42)
(0.48982102161212365, -1.5968948245816636e-42)
(0.7501228366534506, -4.152363190918074e-43)
(0.893700837659402, -7.770606438634719e-43)
(0.4479584558536215, -1.8422983516939027e-42)
(0.5183531944739621, -1.1760972784240115e-42)
(0.3297298136213522, -3.169505547649571e-42)
(0.3500321901370615, -3.0576399627495956e-43)
(0.8283408615151996, -4.9155742928827414e-42)
(0.6181427653527332, -6.1822458345227655e-43)
(0.34765076511736437, -1.5448746358031724e-42)
(0.5486153905840518, -1.5013380838441232e-42)
(0.3308909092676931, -6.3515895574507655e-43)
(0.4736627172807601, -2.851089131251562e-39)
(0.06984983852360263, -4.603038474982871e-43)
(0.1769899654446164, -2.0757182504964723e-41)
(0.7249172995451687, -3.700305354090133e-43)
(0.765634898427123, -4.406407321414988e-43)
(0.39354329523386417, -2.661258180959755e-41)
(0.7747365638067247, -4.314837118500935e-43)
(0.8397527430193641, -5.964940940527024e-42)
(0.4310871859938656, -2.9791292593379332e-43)
(0.5849572846070702, -2.2498279131458322e-42)
(0.14782306564214842, -2.1010591465254265e-41)
(0.32587421207902845, -3.126531492145387e-42)
(0.7553267408413443, -2.9226375495067455e-42)
(0.2906547846493297, -4.944579071047894e-42)
(0.09603338864049298, -3.3160593839371475e-42)
(0.0681015339054925, -5.617951011229371e-43)
(0.8036025284927221, -6.158248856749779e-42)
(0.26402857175641403, -2.5522052361028113e-42)
(0.2548275777988524, -2.7759707883643696e-41)
(0.08439848363075231, -2.0803476847480416e-41)
(0.8541973841258637, -2.2858214359312385e-42)
(0.0036876233828246037, -1.4573791603591794e-41)
(0.8286821552942103, -4.716471640571952e-43)
(0.09486792956745727, -2.81167000210621e-42)
(0.04250638035283237, -1.2609833735843902e-42)
(0.7891812316827015, -1.9964303046085954e-42)
(0.9735619801446351, -6.823479140368803e-42)
(0.7757818309521729, -1.3722266309930523e-42)
(0.6046609719326773, -2.016572213775385e-42)
(0.7041297380311357, -1.4518722438242915e-41)
(0.6393230157077053, -1.527840159272967e-41)
(0.6412763987226334, -7.907181071149821e-42)
(0.33217679605172995, -5.4708979621330295e-43)
(0.6002106783906707, -6.946890057200105e-43)
(0.16101609312026197, -5.523727427379417e-43)
(0.9297159950539204, -5.958250876186105e-37)
(0.28884981914336333, -6.67264259720995e-43)
(0.6786201995682623, -6.024991908338056e-42)
(0.544200009253072, -1.593082480575242e-42)
(0.6063152724220244, -5.5102175392473315e-43)
(0.6949548944250961, -1.513840822176797e-42)
(0.7768178376541546, -3.8582442000341504e-41)
(0.5704935944362526, -1.010493920955626e-42)
(0.9176331719690094, -2.1611165109041668e-42)
(0.8720745715523397, -2.1338872276734325e-42)
(0.6778779660085135, -1.5745659538209622e-42)
(0.47961651258022175, -3.1499346479052874e-43)
(0.8957263544470409, -4.889034315482012e-43)
(0.876716499444181, -1.574758954182227e-42)
(0.755128920579033, -2.3822612720470297e-42)
(0.8534616434491544, -1.235486701462236e-42)
(0.6873837799558603, -7.631119345237085e-43)
(0.7657412676161501, -6.750967866230734e-42)
(0.08558923380468923, -1.933759651836121e-41)
(0.03884797396978121, -2.852497919211819e-38)
(0.8858235764713089, -3.453470193470489e-40)
(0.012539103634354678, -3.923004438183886e-42)
(0.7926508817863154, -1.168183974884261e-42)
(0.4119668602065182, -1.7861063960942005e-42)
(0.43452830149375443, -5.346190362292218e-43)
(0.777808625303646, -2.650419315022355e-41)
(0.6263981456675749, -4.691072292271767e-42)
(0.20072581199692585, -8.31952128199005e-42)
(0.8728657779649552, -1.2663170353407587e-42)
(0.3471340025172529, -2.4809576337821687e-39)
(0.18531674666131365, -4.4778500379899166e-42)
(0.9342503835237025, -1.1317799519817746e-40)
(0.1744278542378435, -3.617922979738502e-39)
(0.49477212694935174, -1.398256471976128e-39)
(0.8231191647990509, -3.2100370931484774e-42)
(0.21228913088070414, -1.4804139218423967e-41)
(0.7978437503172634, -5.354150629760196e-43)
(0.2565278703685856, -2.1740477209889544e-42)
(0.6531298571678045, -3.727103154622361e-43)
(0.07601989766692752, -5.287389735998238e-42)
(0.30198651447043673, -4.531230202526279e-43)
(0.5914398928342108, -1.7655622317262843e-42)
(0.9529419484021074, -1.2528269282344343e-42)
(0.8699360966527948, -1.0004935378122482e-42)
(0.3854884107293248, -4.112561805339167e-41)
(0.9085530192497914, -2.0495114021899016e-41)
(0.12716325613728813, -1.625869409706892e-41)
(0.5834387646432151, -2.2885366179116302e-41)
(0.9445780605280382, -3.689711555127928e-43)
(0.38213894553855027, -2.8828433990939894e-41)
(0.6367637755311577, -1.4066737093146209e-42)
(0.08371980421667395, -2.242911278937268e-41)
(0.8080145632534573, -3.545043679693279e-42)
(0.48434900703005396, -3.910866138677205e-41)
(0.7351556309670717, -7.606126205696882e-43)
(0.09590634674301875, -9.789756863004123e-43)
(0.289538334284324, -1.28689743114181e-42)
(0.7238830175582441, -5.624668449318901e-41)
(0.48700288289172994, -4.9738674308737016e-42)
(0.9832198605326234, -1.5284939640030478e-42)
(0.4525675526031825, -5.208177206514422e-42)
(0.6250890931959325, -1.1753052031633323e-40)
(0.6605467941379348, -4.527323854892272e-43)
(0.06782495168384006, -1.9117215672628645e-42)
(0.9776601539365632, -6.874778434652065e-42)
(0.7154391203148076, -5.2344387986247435e-43)
(0.14511202792802713, -8.496914503507682e-43)
(0.9436348033407359, -6.317600002790369e-43)
(0.6096659916518905, -9.682270461851822e-43)
(0.616787912527449, -9.619769925507334e-42)
(0.7756891039414754, -4.689352332452915e-41)
(0.607212874893345, -9.074878425258439e-41)
(0.1520599778047883, -3.098353627204083e-41)
(0.6851560997860994, -5.893564952570501e-43)
(0.6078930192704449, -5.797527837983959e-43)
(0.25737339548367444, -3.331798767972067e-43)
(0.03707411335595513, -9.380398812152524e-43)
(0.02956599586580246, -4.580695739480368e-39)
(0.06856660829209063, -8.791885959159001e-42)
(0.48083907501713846, -2.641242146679341e-42)
(0.013958965982958406, -1.9710848733888337e-42)
(0.9154054115780192, -8.218812866957237e-42)
(0.3682054273773465, -4.337217478157265e-41)
(0.40878968257545534, -1.0866664340286694e-42)
(0.8093787746419291, -1.881569240370145e-41)
(0.7882188977332883, -1.3462863870164803e-41)
(0.08235058130573278, -1.9366673986484084e-37)
(0.5337283337740609, -8.522694000114055e-41)
(0.6421360801641119, -1.7322847823317862e-42)
(0.6983537070170266, -3.304868706901979e-42)
(0.09566971733012115, -4.532209655348902e-43)
(0.12826677811288695, -3.171244201838159e-42)
(0.5665365176206663, -9.947703878955682e-39)
(0.12556516940394777, -2.1101991658790075e-42)
(0.7662623237567334, -1.0372418561467248e-42)
(0.8244817895945177, -1.6893103724618464e-41)
(0.6978273968675586, -1.8966881675951883e-42)
(0.16882615177137633, -2.272824298042754e-42)
(0.7932832287951108, -2.729702926544906e-43)
(0.7797369277214241, -7.469588720222584e-43)
(0.507740398363146, -5.146277303848822e-41)
(0.01972088176429305, -2.9300931532465923e-41)
(0.14266544708517223, -1.917390728505789e-42)
(0.04708348731804089, -2.5618810883231436e-41)
(0.5999807857386704, -1.2172590690391903e-42)
(0.507142707579941, -7.099540436952834e-43)
(0.6156947404590211, -1.5768190267193435e-37)
(0.5430537662053146, -3.412544104566646e-41)
(0.792823223988274, -2.1908921424762057e-42)
(0.41025538205082707, -1.3222885067881448e-41)
(0.032790281432598045, -7.505004477358546e-43)
(0.24568664438230225, -2.7369621101246194e-40)
(0.18564196421564721, -6.391283158408815e-42)
(0.1060790270933098, -3.5501827599515507e-43)
(0.8509626235775035, -1.2614507074541831e-42)
(0.7084558349419271, -3.933667150685616e-43)
(0.6488392855248489, -1.4125467861351549e-41)
(0.0020373858282221697, -3.0766197539993113e-42)
(0.8494556989637307, -2.254976112875421e-41)
(0.6200018343750977, -8.986440097214522e-40)
(0.32845342721247694, -2.286755300902322e-42)
(0.4576126863087381, -7.951661061177328e-40)
(0.06422091886107356, -2.8504909392475185e-42)
(0.33900172609238827, -7.809106701057838e-42)
(0.4875295467864842, -1.247370289978151e-41)
(0.7250900685455115, -2.156021790578315e-40)
(0.5787174279271726, -1.1713617766914856e-42)
(0.6531225893431925, -9.452031269253717e-43)
(0.4999365256248631, -2.4047176142520427e-41)
(0.5856738121098564, -6.229073886341903e-43)
(0.7629692169503901, -8.195322667392181e-43)
(0.024705550613895177, -4.410431931611868e-42)
(0.877202062407292, -3.134428269609034e-43)
(0.02605213248533949, -2.2991087467476312e-39)
(0.02430543788438484, -5.198779625887373e-40)
(0.13006146766417054, -1.3714615980324047e-42)
(0.7581242297963512, -1.3973478664634736e-42)
(0.12580446045977225, -3.6764601103608135e-43)
(0.3953016828388533, -8.940241633390885e-42)
(0.3369191516187688, -3.5693565450699428e-43)
(0.04229638718065906, -5.540038196592698e-43)
(0.6675501861119584, -1.1403318492250498e-42)
(0.478293651354542, -3.385583335473326e-43)
(0.08007684973294056, -1.673940172921365e-39)
(0.28219253136589145, -1.3499430506643718e-42)
(0.3343333644872743, -1.0159579684385134e-42)
(0.2867796649289551, -2.4765936306460582e-42)
(0.06621622827943584, -1.2858695063257535e-41)
(0.3802013843456907, -2.8592785234054013e-41)
(0.8483698071675917, -8.321917572566519e-43)
(0.5396947920735401, -9.010661946256194e-43)
(0.35901709320445624, -2.8248109598152307e-42)
(0.8252936230094324, -3.839673031540945e-42)
(0.3423944092536643, -8.093033800676187e-43)
(0.44983980565769643, -6.904991197590816e-43)
(0.5475056309639647, -4.0434205232825864e-42)
(0.4323309977818854, -6.752577615271317e-42)
(0.8161862583609026, -2.926666406123083e-42)
(0.0056550292902452105, -1.1235356539021725e-42)
(0.060713429634208886, -1.9163414545815097e-41)
(0.3359415683192219, -1.3482672442848953e-42)
(0.6949165404858947, -2.298197228292545e-42)
(0.8275440481066919, -2.5415127130687682e-42)
(0.5513838642850037, -3.064802258385211e-39)
(0.43321187083949886, -6.406905020790515e-43)
(0.8465486499388986, -5.357252862591188e-43)
(0.3333992667311292, -2.0491171187624634e-42)
(0.21044899339527168, -5.3451568971536074e-43)
(0.7289868234038759, -2.830469215656481e-42)
(0.1969431608099605, -5.08517224027991e-42)
(0.735178885381599, -4.037558967778629e-43)
(0.30736840219453426, -1.1945962345815256e-42)
(0.20415914154128648, -1.5607181242022945e-42)
(0.5526765402422346, -3.6878422045600824e-41)
(0.47757112783883016, -9.120830579175698e-43)
(0.7792869729135794, -3.684696499985951e-42)
(0.023279600182354948, -8.544301245880133e-43)
(0.6559710190134789, -4.1605718209266154e-42)
(0.45605933446113156, -2.0572086791156207e-42)
(0.5920740971900498, -6.346274165252086e-43)
(0.26791704797018806, -2.6449557885769297e-42)
(0.4004854754589334, -9.353493633295577e-41)
(0.4270932807097498, -9.146779924530523e-43)
(0.9633737469238907, -5.6618027159639065e-42)
(0.030888111578042277, -1.7213809728555196e-41)
(0.01110545606691153, -1.5212244371969453e-40)
(0.8592844926316938, -6.228945774818801e-43)
(0.33626927781257443, -3.6598752378633233e-42)
(0.5335013442378593, -1.9499835942728605e-42)
(0.82457626387452, -1.0522366860935155e-42)
(0.6449224881382931, -3.9397855000021283e-38)
(0.9515242205045179, -2.7305465119714148e-42)
(0.9560801268814692, -1.4214572748135547e-42)
(0.1410688944752049, -6.619668205259944e-43)
(0.8474392360175459, -4.652141423878197e-42)
(0.3827293269533385, -1.2824917169430965e-42)
(0.017391234303181333, -2.8538128665204008e-42)
(0.5408563257373703, -9.743175617383474e-41)
(0.7452948052779204, -2.7673248055321484e-43)
(0.645888196535922, -1.185026088654083e-41)
(0.4916331769625754, -2.6810233097002873e-42)
(0.08254269140621417, -7.814331396967674e-43)
(0.7876924446512936, -8.267309237902223e-43)
(0.6028745086815978, -1.415313464907236e-42)
(0.8236872844564986, -9.396735639187657e-43)
(0.2038177558402095, -2.8559859965956462e-42)
(0.9246448408702895, -1.2767900859324947e-42)
(0.8736972412186312, -3.505704197802566e-41)
(0.8276467862641183, -2.76454680651306e-41)
(0.11924768240891918, -9.146058739192027e-42)
(0.2316775190019953, -2.8076425962832687e-42)
(0.8775349847062981, -1.2258104646744343e-41)
(0.6185909931574792, -5.101829178869665e-42)
(0.9272413260408581, -8.015167228145345e-41)
(0.2940194947879566, -8.376851482685772e-43)
(0.9367957949568384, -1.0441368793821769e-42)
(0.5001627034441732, -6.108248128205278e-43)
(0.4488501102637189, -4.5950528070507956e-42)
(0.8298363704056587, -4.8886038684460586e-43)
(0.0980649110167938, -3.2500006626234285e-41)
(0.2523690521854124, -1.5925528420239132e-41)
(0.3607739767481615, -5.942894562424897e-41)
(0.9795311067129698, -2.5094613863695406e-41)
(0.8016422052227562, -4.5135331993667645e-43)
(0.15503298335243085, -6.050787668407799e-42)
