(0.5116791588271226, 1.6913673483307974e-106)
(0.20962842637062332, 1.7643201649414774e-106)
(0.5206476136916236, 1.4285721328728035e-106)
(0.7362322880127826, 1.7650966652945242e-105)
(0.7898861001203098, 3.154519950569298e-106)
(0.771918586551581, 9.812240567877832e-106)
(0.4367494906311551, 1.1509045226753652e-105)
(0.062256843221414226, 3.657911429362898e-106)
(0.6126497318487238, 2.069241172470617e-106)
(0.8292764298982581, 2.021414034695689e-106)
(0.08440216891300395, 3.842723275034454e-106)
(0.6163644882532221, 2.7864491079618336e-106)
(0.36234697094502805, 5.689858512833114e-106)
(0.7764698623439508, 7.891241579055889e-106)
(0.42487577342616945, 2.32388780984743e-106)
(0.049929603863241905, 2.51870863962172e-106)
(0.166526584226199, 2.78527299065749e-106)
(0.2903596385050025, 2.31552656293038e-106)
(0.603325147289061, 1.6400479139672083e-106)
(0.17810766898005492, 2.8465923007267654e-106)
(0.7488750350841219, 5.240394677205042e-106)
(0.9005146861001927, 1.9948666679088036e-106)
(0.13487555812099833, 4.5298337178401925e-106)
(0.017151605772388258, 1.0594990442770595e-105)
(0.5071652697093102, 1.2691633373190267e-106)
(0.09074033946626664, 2.8886547739241363e-106)
(0.7888166757152663, 2.2444097914939824e-106)
(0.029149926447678273, 1.842791415337729e-106)
(0.6836139299439978, 2.4304872234305184e-106)
(0.43204157831826945, 5.005003127617908e-106)
(0.6606432889561753, 2.0034038590476664e-106)
(0.043263797271518994, 1.936472745022744e-106)
(0.8918880956818059, 1.4595133354246886e-105)
(0.8742015692649927, 1.760127440356934e-106)
(0.7618906273432269, 4.40375520198413e-106)
(0.4811692380927279, 1.5585629395423516e-106)
(0.9910507920952656, 3.2632242659709465e-104)
(0.37349052520826426, 1.7435895148810917e-106)
(0.6904250247452934, 1.0849350440446183e-105)
(0.5306405615957334, 2.0883638377823316e-106)
(0.8760947295019569, 2.0398052695146914e-106)
(0.8500773711437969, 1.689691389011945e-106)
(0.32959966715775757, 4.442458899512055e-106)
(0.2836991671041736, 2.57931352036383e-105)
(0.1907956415384399, 1.2493428184559995e-106)
(0.08478949275416861, 2.489571587519147e-106)
(0.9646378044045882, 3.478890752781878e-106)
(0.9457315558233436, 2.6019100041879493e-106)
(0.2456634656777324, 2.8285831184319405e-105)
(0.1326785155880515, 1.9151668979540895e-106)
(0.5188243482264654, 1.6418267127804839e-106)
(0.0043050320163801736, 3.2070122105335987e-106)
(0.777199864830654, 1.6529897111360991e-106)
(0.7211035568279073, 2.1564830002083497e-106)
(0.6295948440008898, 8.164532050348194e-106)
(0.4592884372421823, 3.2916175612119886e-106)
(0.18805552692169905, 3.071304813346001e-106)
(0.30697160156179243, 6.31841685482837e-106)
(0.3146984981857103, 2.4183448762800823e-106)
(0.18171156404424244, 2.1717825644864481e-106)
(0.26818840529050925, 1.6833888497823884e-106)
(0.6779976238145609, 1.5162842421522473e-106)
(0.25089157231975906, 2.1874551915178453e-106)
(0.5940843463831058, 5.833227204634077e-106)
(0.6527752781117361, 2.1636060414327226e-106)
(0.7190976882163094, 2.4762999730409865e-106)
(0.013124118284580447, 2.1188277283048866e-106)
(0.2257387652150556, 1.2541040908800227e-106)
(0.6320979904685934, 1.4161865163313355e-106)
(0.589429720843106, 4.936761212010935e-106)
(0.9859681234405626, 2.186343371040544e-106)
(0.10491966814928246, 4.639893219923972e-106)
(0.5897346066746625, 1.428546964625261e-106)
(0.9707192155727182, 6.640446280635246e-106)
(0.12274534025541421, 5.750797160588855e-106)
(0.9187353771505755, 1.3043232754050858e-106)
(0.3372804090769231, 2.822030675925066e-105)
(0.3123000485777174, 3.320771428989015e-106)
(0.29528307653437735, 1.397328581471557e-106)
(0.692360411504373, 1.597912536207098e-106)
(0.9485556371616279, 8.686073045077907e-106)
(0.6058119531433364, 1.851565372374956e-106)
(0.06255666756861043, 1.969086018532119e-106)
(0.743429971776145, 1.5388720005372542e-106)
(0.01188130052812798, 1.496084509856786e-106)
(0.14165010239016568, 6.007776021597846e-106)
(0.40788436717593973, 1.5154310584180347e-106)
(0.3392062878171891, 1.022251513675122e-105)
(0.34662762834145466, 1.975844428910278e-106)
(0.5397557585125576, 2.105000663032028e-106)
(0.7516522331224724, 1.4140058305563417e-106)
(0.3101973426000223, 1.293788062900964e-106)
(0.674530578668102, 3.489949660491323e-106)
(0.8912708237075301, 2.775673236504165e-106)
(0.40605500987994697, 1.686936298069127e-106)
(0.48061875034007506, 1.220356467484362e-106)
(0.11574625884874797, 1.572382587034686e-106)
(0.8232731783974372, 8.3513982763130725e-106)
(0.9639344181495391, 3.8808325629856085e-106)
(0.05602741260589469, 1.4233199298024877e-106)
(0.21857426647549835, 7.8446163156831e-106)
(0.8145881504695703, 1.610438957744413e-105)
(0.8969061092599645, 9.104159564711923e-106)
(0.49771071621815793, 1.2433653073222675e-106)
(0.28739209377411, 2.477815242857473e-106)
(0.4114070983132839, 1.4780390479791067e-106)
(0.3806641911807554, 2.382137690347145e-106)
(0.3040349089416591, 1.670243930332253e-105)
(0.35344583538814195, 1.2628266911102566e-106)
(0.8058160920697025, 2.1108409523099127e-105)
(0.5991960731874595, 1.6270594111638325e-106)
(0.09187582574784374, 3.8270911418991384e-105)
(0.6288692125634961, 3.5406052287125797e-106)
(0.6380785173424286, 3.3087110684134262e-106)
(0.24536701145084092, 1.4361854485174471e-105)
(0.7082019778500755, 7.588351307279726e-106)
(0.2919332147597112, 1.6182710507087955e-106)
(0.6857554044476207, 4.007437793754349e-106)
(0.4735038567747478, 5.721554425565313e-106)
(0.4384359932306804, 1.910673407065968e-106)
(0.9135327303065578, 2.893142785358868e-106)
(0.21034312242644596, 1.4149916185841398e-106)
(0.4371768631798856, 1.3738605016874231e-106)
(0.35507339747424815, 1.2407262742373272e-106)
(0.9582170881858325, 1.812742151661425e-106)
(0.01843198260290323, 1.7300930064790769e-106)
(0.09487011227016039, 1.2794340929620154e-106)
(0.36869865840049476, 3.4674301963695593e-106)
(0.15548691364784142, 4.1814989197418763e-106)
(0.6372936845293884, 1.3148015049846328e-106)
(0.023366301402779135, 1.8145675167576822e-106)
(0.7126524198390051, 1.8353525301198802e-106)
(0.7408668936082181, 7.657014320454457e-106)
(0.804987395346093, 1.3880328587561487e-106)
(0.38348543843562716, 6.546220804871393e-106)
(0.6881577803332709, 1.7658431068459547e-106)
(0.4150007792457693, 2.1590941310821586e-106)
(0.6274998548869941, 9.571551855899166e-106)
(0.12176798059623367, 9.038717736668635e-106)
(0.3582178066459679, 1.315238832064954e-106)
(0.2808672889865597, 8.997966208051423e-106)
(0.22474435416126848, 1.97039320298033e-106)
(0.14535658305882476, 3.3087930951883706e-106)
(0.6682188272882512, 1.706732592296084e-106)
(0.5030566043564961, 6.662254367083901e-106)
(0.30366182611433956, 1.4380813584325416e-105)
(0.8063175770645964, 2.433872648784564e-106)
(0.11352218528376368, 3.061914079166479e-106)
(0.43125750871931295, 1.4910401389394313e-106)
(0.9004494282888252, 4.88478494595116e-106)
(0.5409157558242378, 1.5679316242617948e-106)
(0.3730018859259207, 3.672062288873973e-106)
(0.42231976274630006, 2.2284874340901354e-105)
(0.9298688358930555, 1.4904263691406678e-106)
(0.4600308409027768, 2.0722683049283293e-106)
(0.6463292068740625, 1.2429684093220622e-106)
(0.5548248683108457, 1.198157907513265e-105)
(0.9513202658774025, 7.733731353821261e-106)
(0.1960647110854931, 1.6112366910876877e-106)
(0.754746392193817, 4.863386875354631e-106)
(0.98032212683963, 3.0562010640675103e-106)
(0.940629914982119, 2.4134815779831746e-106)
(0.25595310867555326, 2.607749031428121e-106)
(0.09347722583487406, 1.9018672990974414e-106)
(0.7170227246574754, 2.6151746134268368e-106)
(0.9338009006312112, 7.910581322034266e-106)
(0.7768675593862814, 3.8130817095203317e-106)
(0.11957932280138511, 2.5113612325490126e-106)
(0.20008717233014012, 2.605688699771453e-106)
(0.6565889008846896, 1.5195413656188173e-106)
(0.913078975651728, 1.8797101650726328e-106)
(0.6099478427833367, 6.7570989826415465e-106)
(0.8925529552003282, 5.551524985885281e-106)
(0.6539666502286084, 1.292070615439232e-106)
(0.11940199045874052, 2.574555521148118e-106)
(0.005907529874678014, 2.1667094294279438e-106)
(0.207071302368419, 1.5415934170228347e-106)
(0.5046442949678673, 2.2379548050225177e-106)
(0.5446868996337831, 4.2190142536888447e-106)
(0.7122334614236028, 4.624901493151951e-105)
(0.16167392166826416, 1.4115629204661753e-106)
(0.03999319863132104, 4.70785890779517e-106)
(0.8515300128469466, 1.7775628880749535e-106)
(0.4275131120204227, 1.7671117859011434e-106)
(0.565551345174084, 1.9954365815109538e-106)
(0.17766312337246903, 1.3707403076171787e-106)
(0.5651707282453857, 1.2361518785403057e-106)
(0.15808480361824148, 1.337608342800339e-106)
(0.896177842790829, 2.3672457732742067e-106)
(0.3100125053299958, 1.4700408882340298e-106)
(0.01315342204005144, 3.2628261179929146e-106)
(0.01790510178235173, 3.750698416966461e-106)
(0.9461809468869979, 1.3082126376822156e-106)
(0.4542440134438242, 2.743888056599371e-106)
(0.5092374605550575, 2.8444419441594383e-106)
(0.5249620468738768, 3.0369414210781894e-106)
(0.44729513514075037, 1.1050187432210828e-105)
(0.17634925118666148, 7.118612217981434e-106)
(0.3657171745271809, 3.7567965921347352e-106)
(0.4479257497419417, 5.528094398755535e-106)
(0.8815881202751197, 1.1072348317142152e-105)
(0.3192709815896957, 1.8736130420329647e-105)
(0.0017988627205687995, 1.4738573077444373e-106)
(0.9635721357486143, 4.437087748665078e-106)
(0.08126419829600745, 1.4969658317954307e-106)
(0.10217575909403986, 1.4250618829038018e-106)
(0.8115653324660879, 1.8646670430899017e-106)
(0.12041734834063995, 2.3374972625277663e-105)
(0.839353944786366, 1.7936389036631266e-106)
(0.33170005129324626, 1.3503057948492802e-106)
(0.2562540487765958, 4.2355012052852587e-106)
(0.14421388116118, 1.300724001655454e-106)
(0.387169953373235, 1.3658362811792471e-106)
(0.6655935022078754, 1.3471847846196362e-106)
(0.6651634399836914, 1.6017749603344287e-106)
(0.6072632066276766, 1.6128385932183368e-106)
(0.1581483535297965, 5.390903884679728e-106)
(0.5054140628886709, 3.175564324683665e-106)
(0.9535499391122109, 2.309263259113722e-106)
(0.48214771793013267, 2.89121141104328e-106)
(0.47947699152864925, 8.913337207657393e-106)
(0.666672245126143, 1.8195285898531945e-106)
(0.21783632837568218, 1.460176912653321e-106)
(0.21522847097300898, 1.6817836567372375e-106)
(0.9806983853379158, 1.9731827093594088e-106)
(0.7314193718826489, 7.413661804002614e-106)
(0.2012200987543001, 1.6364907650096355e-106)
(0.35121110263111827, 1.6594562044446688e-106)
(0.8448706531328517, 8.349124373723379e-105)
(0.7014966411453571, 6.288602494555183e-106)
(0.6540780077864572, 5.651281115298006e-106)
(0.5870137265391183, 2.6249846548393626e-106)
(0.05013654115118298, 1.3916279112308279e-105)
(0.856614277827279, 1.2242575072807658e-105)
(0.09379433845108745, 1.5265442949999515e-106)
(0.21056153622212564, 2.049324140743117e-105)
(0.7050477925135911, 1.3297854961437284e-106)
(0.2789906077133611, 1.971663087958411e-106)
(0.37340095005161195, 3.205902279561889e-106)
(0.2866955292643601, 2.1559874193902636e-106)
(0.19353302587239848, 1.4073988950172479e-106)
(0.06791619751057819, 1.1697307817568186e-105)
(0.5964436261540556, 3.5304742379409574e-106)
(0.2865795872683039, 1.250782373289697e-106)
(0.5360401806674393, 4.897669798395607e-105)
(0.13993855350033335, 1.7699713146361326e-106)
(0.45255971622947605, 5.612706202676553e-106)
(0.012484758964893991, 1.2613953959972978e-106)
(0.6909925332302397, 4.583471746079345e-106)
(0.5475647846298367, 1.4047018037942378e-106)
(0.23184649958546286, 1.2931758387777492e-106)
(0.6700949637374772, 2.523397844967203e-106)
(0.187300943614592, 9.286463458745063e-106)
(0.9947561576438487, 3.020791435144617e-106)
(0.8813307921176906, 1.1152763663125503e-105)
(0.2883711509405945, 3.802989812522794e-106)
(0.8301204777820222, 2.08947828389931e-106)
(0.4120325928778373, 3.6343097883795233e-106)
(0.11199361710116461, 3.8992294029665173e-106)
(0.04627325460692152, 2.478920759429091e-105)
(0.37822264926387006, 1.348668288522388e-106)
(0.7569413580711635, 3.079595174691854e-106)
(0.040908794804521635, 1.3820526022990954e-106)
(0.6892931686647897, 5.707157892527019e-106)
(0.09117666520175298, 1.4577059624411984e-106)
(0.7699843395054835, 1.3057953754324072e-106)
(0.9448577149806563, 1.572135072711888e-106)
(0.9684128305313078, 3.7693535874404186e-106)
(0.1310406743394312, 1.6090480690715853e-106)
(0.4079160549476621, 1.9299150536247228e-106)
(0.8557558586366951, 1.5842516958982387e-106)
(0.37150971730724697, 2.120080976043475e-106)
(0.46237729286903406, 1.2739952153952748e-106)
(0.800210929286668, 1.0509794538165936e-105)
(0.6440434554113245, 1.303891056027109e-106)
(0.49418126988961836, 3.22609286746129e-106)
(0.9746082697424071, 1.8989478559035228e-106)
(0.6571955060549023, 4.723571741866238e-106)
(0.5347425679734246, 2.1155254633571224e-105)
(0.8587283031103617, 2.646319568008556e-106)
(0.8915183923789595, 4.975949225111464e-106)
(0.8102890899796988, 1.2807530190127473e-106)
(0.6104626733848163, 4.605460954535561e-106)
(0.37862616158346374, 5.234212300470023e-106)
(0.7646272188434478, 2.21550751279248e-106)
(0.438027282307662, 1.4155997966558531e-106)
(0.48733208762494257, 1.6991160493327888e-106)
(0.7338712878176028, 1.2197664320468282e-106)
(0.3618470849126472, 2.425600307135285e-106)
(0.05575024822158146, 1.7036322836587204e-106)
(0.2580177569851769, 6.515005526396673e-106)
(0.3336983181073026, 2.1758643397530497e-106)
(0.6066817335093727, 9.01650463017552e-106)
(0.5947887738310271, 2.847865637746862e-106)
(0.7577496368644592, 1.98231383504026e-106)
(0.8006786782262435, 2.644666625349929e-106)
(0.5345226542228338, 1.7250721273603714e-106)
(0.7175385406467027, 8.86553233505233e-106)
(0.579971888440708, 3.321871531542612e-106)
(0.8590904450817619, 2.556523055985384e-106)
(0.3141917888585756, 2.6372916206386095e-106)
(0.5482250244687633, 3.474477784471341e-106)
(0.2577445318220543, 1.472143901445076e-106)
(0.02522901928476421, 1.890408085967438e-105)
(0.1595116327062555, 2.831943776456851e-106)
(0.7412577245851809, 2.9022408081959264e-105)
(0.15469103867756243, 1.2836816928791952e-106)
(0.180158848499664, 7.862272743412418e-106)
(0.6445890307766997, 3.449990239364794e-106)
(0.6506222084981608, 5.02100244962362e-106)
(0.5955589731851751, 1.7592735007218026e-106)
(0.48221058422738156, 1.3698182504071692e-106)
(0.2911281818411342, 4.579635350792796e-106)
(0.588921299863156, 4.8947842444067205e-106)
(0.12551902772334628, 6.448701537391407e-106)
(0.2992663680500206, 1.5516203827064034e-106)
(0.02992814811925426, 2.7865194286018144e-106)
(0.14195016129779126, 1.2911616722935917e-106)
(0.3293088354115876, 2.212411687568159e-106)
(0.037036595697327666, 6.718161086513584e-106)
(0.9935288258470464, 3.238337312254223e-106)
(0.8464359686628657, 1.675163144855933e-106)
(0.8135478072716922, 1.2674213028179622e-106)
(0.6690164950431464, 2.1484341612868626e-106)
(0.13378824113612653, 2.1104480676352377e-106)
(0.3794748019706596, 1.8307363620987526e-106)
(0.6018904979945064, 9.266566217784868e-106)
(0.24410267373924055, 3.1788506188438493e-106)
(0.7355471872243008, 5.544495423622761e-106)
(0.020779374110477332, 1.0619567820296719e-104)
(0.6149093214270037, 3.379962017271778e-106)
(0.04636484953272106, 2.658746930466957e-106)
(0.7053664667097882, 1.389911053032506e-106)
(0.09024134522771285, 2.6352492876622857e-106)
(0.9005629362421115, 3.0087919548006883e-106)
(0.9742206699760507, 2.2009779426263095e-106)
(0.5551623961740105, 2.1302064631702724e-106)
(0.7199159945041159, 1.7867339202906974e-106)
(0.4511023889856134, 1.3218939273881587e-106)
(0.32025424803172614, 2.702658396856172e-106)
(0.8942943278245807, 6.955997556564463e-106)
(0.14338202846755885, 1.94506039161357e-106)
(0.8123096699796147, 3.8966191251181058e-106)
(0.1567262565259159, 1.3839825837926874e-106)
(0.5204276056120856, 1.262452139277096e-106)
(0.3877481410331853, 1.4739014105094033e-106)
(0.4910786754527706, 1.538767734449745e-106)
(0.6191113683277999, 3.2286477979259025e-106)
(0.11207609706828615, 1.4773063271082649e-106)
(0.461247442467816, 4.2119119427070673e-106)
(0.5709496367945291, 4.965642649221357e-106)
(0.5567485500169415, 1.2932500751823323e-105)
(0.983536886519988, 3.460806961249089e-106)
(0.018669608672313775, 1.8594234428209024e-106)
(0.23488438191059213, 2.497496557851845e-106)
(0.2768885922368447, 1.5318947767957086e-106)
(0.9399831486219888, 1.3942478991254486e-106)
(0.5884343206261341, 1.3432591912838862e-105)
(0.5899066834619958, 3.838700887418096e-105)
(0.17262388675999746, 2.637644887132087e-103)
(0.26525007254206767, 1.778963863266042e-106)
(0.7493270754927714, 1.2241521883031947e-106)
(0.5099874775023664, 1.7245371572649922e-106)
(0.9994724454562277, 3.3828226859121744e-105)
(0.5186206355577829, 1.3166826979577273e-106)
(0.18643257888864925, 2.1864875344829295e-106)
(0.7635414325682438, 1.2851449029392022e-106)
(0.36459851474564664, 1.691866528030034e-106)
(0.9724982806759864, 4.167550914386932e-106)
(0.505567375243021, 1.7730940835450542e-106)
(0.4255491078594353, 1.2501517342813567e-106)
(0.5114693796997878, 1.2516721587537387e-106)
(0.37240826807782224, 1.865550808716957e-106)
(0.16087853546157552, 4.002693959213968e-106)
(0.028505068334224715, 4.400635702577353e-106)
(0.07842165061604615, 1.2450911359987562e-106)
(0.9036230977644074, 5.608653504366882e-106)
(0.6355943077794595, 1.2531009200834752e-106)
(0.6747940904218863, 1.3767994845326327e-106)
(0.9572205218752461, 1.3886171431211785e-106)
(0.9372831924397548, 3.3783709039652094e-106)
(0.6570246886191717, 1.739575570774564e-104)
(0.8064556762892975, 1.2369140702632232e-106)
(0.7316380742722787, 1.3205893492838387e-106)
(0.7752390739669272, 8.66131321990223e-106)
(0.8300922511339396, 1.3298853562174107e-106)
(0.03440510007838108, 1.603158447426767e-106)
(0.06329926307548424, 1.558827153766236e-105)
(0.6662715176181486, 1.332270295538475e-106)
(0.04253680358085457, 7.210461670864865e-106)
(0.5524882436103176, 2.220493382576539e-106)
(0.6522967974372617, 7.744785951955043e-106)
(0.8908093495383574, 1.5142062689929015e-106)
(0.16104265130687992, 3.716056310342759e-106)
(0.8663523627099037, 1.8409835352207533e-106)
(0.26959465460866205, 4.968756101965785e-105)
(0.2251573315080395, 2.767621905131198e-106)
(0.2742694792858979, 4.29044157728648e-106)
(0.9561238118156764, 3.2862972775916697e-106)
(0.9017604802185575, 5.4321747533293954e-105)
(0.6018276677119718, 2.236620834273269e-106)
(0.7053071851516928, 2.1034252110520452e-106)
(0.9254962096961185, 9.482504508738851e-106)
(0.7582903338717275, 2.0343653706487947e-106)
(0.5428691786591107, 9.300589324924842e-104)
(0.36652336177629863, 2.4395221531361573e-106)
(0.7642524515152666, 1.4801914372018614e-106)
(0.6156356702626153, 2.1432932630056995e-106)
(0.677344482550358, 3.0684777393742234e-106)
(0.4649791398467035, 2.0747196145862787e-106)
(0.03508680401878623, 3.1403883127808127e-106)
(0.9698167737304197, 3.056313853493597e-106)
(0.9556262945126425, 1.040551889527472e-105)
(0.2471263268023793, 5.755230135021631e-106)
(0.5133455377509533, 4.741450213179202e-105)
(0.7786976899666438, 3.8845788241597747e-106)
(0.07297206910615266, 2.0062060768225667e-106)
(0.7665651897154361, 2.863199470734971e-106)
(0.9575570277581662, 2.24986939035811e-106)
(0.1626272105469291, 2.1781756896086887e-106)
(0.020695794431235943, 1.2829712113674958e-106)
(0.8805808040784991, 3.12458925306448e-106)
(0.7486710055599578, 8.484403886118026e-106)
(0.28136630728180234, 1.8254876632837499e-106)
(0.7362444988318875, 1.304959546620741e-105)
(0.8552754609059965, 2.432726317087767e-106)
(0.20853458251808396, 2.3628014630131545e-106)
(0.3501257829013529, 1.2621461873854652e-105)
(0.563181262012465, 2.7314235496698156e-106)
(0.35122451915294983, 3.2127372556991014e-106)
(0.27431179230501973, 3.513040547318622e-106)
(0.4623024261771841, 4.1870315813267045e-106)
(0.9954658661881425, 1.2660940031999543e-106)
(0.5780475062263579, 1.7197858584728078e-106)
(0.37988433148643347, 1.5664922445568827e-106)
(0.7960450050996779, 2.737634094971589e-106)
(0.16176456987831275, 1.6019895661427482e-106)
(0.8688654707631356, 2.1204329654727883e-104)
(0.7249404660633675, 1.516457620723222e-106)
(0.5768361691532904, 1.0749631180322912e-105)
(0.2635370439809296, 2.4685153428141317e-106)
(0.8094866043795614, 2.68040712310427e-106)
(0.6350395122131154, 1.996967577777919e-106)
(0.8971144501965352, 2.554076255346465e-106)
(0.7378129215865156, 1.65007322549437e-106)
(0.7024407972322256, 2.3350349728779285e-106)
(0.6339552636211571, 2.2011714860858885e-106)
(0.40985262196566524, 4.619010664366475e-106)
(0.12025763588042337, 8.393561833498578e-106)
(0.14490689240518717, 5.948782490649639e-105)
(0.06584871380581, 1.734017363453743e-106)
(0.22138153637863278, 2.623276892597713e-106)
(0.9671726809312541, 1.255854445747984e-106)
(0.18872833894458277, 3.0625903948707703e-106)
(0.875893927058909, 1.926512223391345e-106)
(0.6715059920805218, 2.1157703800961573e-106)
(0.297756849136369, 2.613448379678548e-106)
(0.13637699971222203, 1.954628041937348e-106)
(0.3304802025130874, 1.4697281742298082e-106)
(0.6218128243664489, 1.5028104666004053e-106)
(0.45462257237130443, 1.2858799793053373e-106)
(0.7681084810792947, 1.265192781621207e-106)
(0.8075287152339857, 1.2506603307443573e-106)
(0.8398648764554176, 7.611253837318456e-106)
(0.6340005005095772, 4.737295676824324e-106)
(0.7103518394338559, 1.5969773078133517e-106)
(0.8865667949302184, 9.82020162715489e-106)
(0.16275498560932797, 2.1956703996710164e-104)
(0.2951816320807268, 2.1125558988420064e-106)
(0.7547396878195617, 2.9560409293248255e-106)
(0.6583950408124519, 1.2287703892818833e-106)
(0.6819827746260576, 2.714075430159637e-106)
(0.7738281198588699, 9.032298897912402e-106)
(0.9377341374619466, 1.5729949111465897e-106)
(0.24922744105660904, 2.3329719661952883e-106)
(0.7078026297055898, 2.12870662152702e-106)
(0.33898581675794676, 5.203392512768337e-106)
(0.22294242194960456, 4.901856245799784e-106)
(0.5809718901326063, 2.3969301732399107e-105)
(0.6042362323970123, 3.039621077295751e-106)
(0.09982613678035068, 1.8259448677021848e-106)
(0.2454621335306133, 3.3790891247752464e-106)
(0.03740429355132615, 6.7436771309842885e-106)
(0.9700433787433816, 2.1147457955494273e-106)
(0.5552676234738654, 1.4177677987941409e-106)
(0.3094601058353647, 2.9246598539765134e-106)
(0.8876605671678769, 5.493227975990176e-106)
(0.9979620893799874, 4.1034529280371524e-106)
(0.3921189576928956, 5.982015015311359e-106)
(0.43270659208398116, 1.6606977118715862e-105)
(0.7079459297583922, 2.5769374781936785e-105)
(0.5436736562816372, 3.205911721414228e-106)
(0.09608165178219584, 1.5223746769934824e-106)
(0.08750816821292152, 1.3433656557022217e-106)
(0.4423392695567862, 5.749305287838147e-106)
(0.9382242913048646, 2.0681555775177425e-106)
(0.884932065873436, 6.617139432672786e-106)
(0.0686058616699827, 8.314574774052914e-106)
(0.6523460289782703, 5.573384629096872e-106)
(0.8184492796197776, 3.989449007085289e-106)
(0.3636695905724432, 1.2734509795932617e-106)
(0.7425301297812276, 1.515960472717698e-106)
(0.6351739364933916, 1.3415363682321513e-106)
(0.9705040154979111, 1.314205074253859e-106)
(0.1465780890428674, 1.4451302098526024e-106)
(0.4483720724313249, 3.6323659256200103e-106)
(0.6255369760057401, 1.004201163001406e-105)
(0.10368785568721484, 4.569566761778143e-106)
(0.6878669158166132, 6.947405847184661e-106)
(0.5726438825432728, 1.861503392863068e-106)
(0.8384112245968849, 2.4698898406043096e-106)
(0.28018405028426113, 1.9042458377610047e-106)
(0.9749343524738538, 4.848326200989612e-106)
(0.488738011206092, 1.398735181801544e-105)
(0.3592237034992412, 1.4705319366729776e-105)
(0.8522866328719272, 2.3914999695558513e-106)
(0.16637768815474743, 7.645863618143615e-106)
(0.4933188519835649, 7.369090655963633e-106)
(0.5410608020686103, 1.4344108839567135e-106)
(0.9490719200450765, 1.52303931650491e-106)
(0.28734981122916675, 1.5600458767061284e-106)
(0.9872427313316854, 2.915507041210447e-106)
(0.18091437178555395, 2.0528566841874568e-106)
(0.5522197642832202, 4.989307240987276e-106)
(0.7384710109404257, 2.2040892688959895e-106)
(0.47280499771580015, 3.5361860311195647e-106)
(0.8779035404180648, 1.7788673917021284e-106)
(0.41291441331054457, 3.9910364162548e-106)
(0.4056485467163979, 1.490827006298067e-106)
(0.49786235863886824, 1.4893690478204172e-106)
(0.009459695907365243, 1.5403405139257852e-106)
(0.6598824225035966, 1.3222554033992233e-106)
(0.6195229762671003, 8.431752117153338e-106)
(0.44845486290158343, 1.2208256975411441e-105)
(0.9586057861269437, 3.3586245155221445e-106)
(0.2955378564738437, 1.7276058301734725e-106)
(0.7351938122561457, 3.575199247334368e-106)
(0.07828448824667168, 1.3025492473952713e-106)
(0.8287952552522532, 1.4618821623483672e-106)
(0.03259004168639825, 1.8300568878116597e-106)
(0.2690055172409553, 5.370339000558104e-106)
(0.8890156544020957, 1.2279837784785477e-106)
(0.5700307928349558, 2.0308355491011625e-106)
(0.03585518460164155, 1.5526499017520936e-106)
(0.176025484366413, 8.477211668458003e-106)
(0.7477744827536048, 1.3008849253841445e-106)
(0.6496548078575897, 1.5233550105336315e-106)
(0.2600635165336286, 3.9696982772703355e-106)
(0.018220921454235112, 4.013406965538584e-106)
(0.6881230770475935, 3.7319990781752536e-106)
(0.8557095869557324, 5.175065152118649e-106)
(0.6003475864689602, 7.059203296136176e-106)
(0.17626625412042088, 1.0827492015912514e-105)
(0.40833168609261716, 1.242905223723278e-106)
(0.16764580632596338, 2.7763147094409406e-106)
(0.37990333607851395, 2.0952745536019654e-105)
(0.7203442588789258, 1.7526736293283265e-106)
(0.43063382532511774, 4.875026421646172e-106)
(0.07802777727905537, 1.37759528544967e-106)
(0.263158831134178, 5.151568730889256e-106)
(0.3104904350000472, 1.0531915096606143e-105)
(0.7364424960948631, 1.9350643233958844e-106)
(0.15754189323013135, 1.3275359446337231e-106)
(0.579197972046856, 9.964589801164993e-106)
(0.537165657943204, 1.0786759452815758e-105)
(0.9922743577924624, 3.4128981520375857e-106)
(0.7470874180870063, 3.3690070742051825e-106)
(0.49268129549247336, 2.030122194584526e-106)
(0.4212480235417673, 1.896211129536121e-104)
(0.12974410836423303, 2.4608585346897775e-104)
(0.6873482100848103, 2.5679694931499016e-106)
(0.808140961914472, 7.495403510285645e-106)
(0.2339445708488576, 6.644464906558167e-106)
(0.699734882368941, 1.3705786196401616e-106)
(0.5517565936856552, 1.4752873558753535e-106)
(0.35015050920820484, 3.3858671927641327e-106)
(0.2559935597216276, 4.235578220469053e-106)
(0.8899180247427779, 4.331168610591768e-106)
(0.8228643665560597, 1.354748853207932e-106)
(0.03525420665871791, 9.34904245222606e-106)
(0.2875668561325562, 5.155629829530199e-106)
(0.8224394261928005, 1.8720834077355439e-106)
(0.9069394662130525, 2.0882271934129403e-106)
(0.8723096779760544, 1.6110671730456146e-106)
(0.8574181739334472, 1.9779845223915066e-105)
(0.05199669153851144, 1.2291014419201412e-106)
(0.2942016957735654, 1.5437770661932811e-106)
(0.270567150905847, 1.1452810534660787e-105)
(0.7794849534424841, 1.2885111339016214e-106)
(0.9949325354530246, 2.112228637918721e-106)
(0.7151175982670283, 1.2969623761039162e-106)
(0.6538312983642034, 1.4239145020549785e-106)
(0.9324786286436305, 2.5625591562176677e-106)
(0.05679607449727171, 7.424718788584382e-106)
(0.5939493372116894, 3.0094870494992956e-106)
(0.020404015316097233, 4.108684801837799e-106)
(0.33455647631990854, 1.200538658174728e-105)
(0.495730297899389, 1.3737430397521306e-105)
(0.839724770908983, 1.2839259588620872e-106)
(0.3161248060759812, 1.4398230438431373e-105)
(0.6178309659608052, 3.362083203758426e-106)
(0.2883921341047515, 2.1939526471180907e-106)
(0.6308743571351815, 1.244417809637649e-106)
(0.006498601450480419, 4.686799969959596e-106)
(0.4213188716996862, 1.4204048808065493e-106)
(0.08884763198555631, 1.512227281051053e-106)
(0.27172647094493396, 1.8972892717709736e-106)
(0.47981706479382985, 2.325490702968064e-106)
(0.7441144476943206, 4.567857175042867e-106)
(0.4322367652904207, 1.7865883794839503e-106)
(0.20031170876169638, 1.382122661146802e-106)
(0.45976678306777874, 1.508475443015735e-106)
(0.23409704320852176, 2.936473828285263e-106)
(0.9728336131269368, 1.2240701589600892e-106)
(0.019855621870307795, 2.421076749431905e-106)
(0.6324075569405305, 1.4613993517635522e-106)
(0.32804069857756496, 9.5286697661216e-106)
(0.7817113351807611, 2.0557551359912027e-106)
(0.6202983341182364, 1.8023641842853164e-106)
(0.7012208345539481, 6.595793877371796e-106)
(0.36168353792003294, 3.3597752686785713e-106)
(0.010038424260984167, 7.941652102864074e-106)
(0.8207160267288243, 1.839186728684397e-105)
(0.9886126116831396, 3.255710636677704e-105)
(0.6001406528810049, 1.821085434332946e-106)
(0.6256039227503484, 1.3092496497509901e-105)
(0.5593115223298348, 6.379801393000046e-106)
(0.8612285843816986, 4.411478086673941e-106)
(0.3608859524277967, 1.3573375300826905e-106)
(0.7637635926053745, 1.219449247569227e-106)
(0.21325786663266708, 1.6584771313624355e-106)
(0.9989020617557086, 1.781721852957351e-106)
(0.33556011535278496, 5.589022389903819e-106)
(0.09050912703004815, 2.8272258451413706e-106)
(0.02542313883182666, 1.8106594641351064e-106)
(0.7833836238685443, 7.889079404157233e-106)
(0.07027821257032507, 1.7012546761411964e-106)
(0.014504335496283936, 3.1882661742319898e-106)
(0.9780905341859033, 2.260992037045528e-106)
(0.3716467688968536, 1.2365509756097278e-106)
(0.953578341739308, 5.846415499229832e-106)
(0.34866854590641766, 1.8605365587150057e-105)
(0.5695916755934101, 1.6734787385825262e-106)
(0.6911222146498173, 1.3391660679554244e-106)
(0.7943871258388725, 1.4658277907367853e-105)
(0.8221428304182151, 2.3202756941140203e-106)
(0.8722205571105653, 2.1228356402939957e-106)
(0.40728602719779894, 2.361662382562884e-106)
(0.8135125433769292, 5.799550290121915e-106)
(0.5760155398099831, 1.4261049508664114e-106)
(0.49324165428546873, 6.573113256768258e-106)
(0.42183638630601494, 1.9385572695580222e-106)
(0.9574145278718501, 7.177954057647527e-106)
(0.2902943651377964, 9.13226931520194e-105)
(0.13388304375757865, 1.325863172372152e-106)
(0.7780500433807154, 2.3223663646874607e-106)
(0.1891274570901863, 2.0257996020981447e-105)
(0.2846987576232899, 1.27281328564345e-106)
(0.6687664098707695, 1.4479260949057467e-106)
(0.3967566125944063, 1.2130862719835092e-105)
(0.5852574418498312, 1.36691362024213e-106)
(0.062143984160890085, 7.843550314871157e-106)
(0.40929577721651833, 1.3758234382417813e-106)
(0.6168779571231578, 2.918979190768027e-106)
(0.3236011724402367, 2.9847841071374335e-106)
(0.525783409106887, 1.3444198455255986e-106)
(0.039536010629638234, 6.827427354881658e-106)
(0.947251154297089, 4.9505006886502945e-106)
(0.4381607718071461, 1.6310971580240432e-106)
(0.5013080108563234, 2.6473048504085316e-106)
(0.21981445812734138, 1.5439435875576474e-106)
(0.023501469388181345, 5.904598530526113e-105)
(0.02817661970549052, 4.0822613196526154e-106)
(0.23245752117810278, 2.1793052555228866e-106)
(0.22995933603340643, 1.5919857751641153e-106)
(0.6820461417612477, 2.893756501867872e-105)
(0.7226410781587538, 9.678037013748565e-106)
(0.6893510705281103, 8.215241208443715e-106)
(0.5426290499834027, 1.7757702682952323e-106)
(0.8696176539822951, 1.4336549894773207e-105)
(0.2536548829254785, 1.2475696545452787e-106)
(0.5881826557622298, 1.9842537532232597e-106)
(0.4454093271971115, 2.322788948460189e-106)
(0.680292969013224, 1.9564779990316676e-106)
(0.1776088527629365, 2.2963960645417943e-106)
(0.4215153241560098, 3.104139390162996e-106)
(0.7619614951490713, 1.3982106432199327e-106)
(0.6441617566138204, 3.4271395391938933e-106)
(0.2622437833689627, 1.658793177230796e-106)
(0.3965981375349687, 1.5780673979649886e-106)
(0.16073650997113598, 8.448576508622284e-106)
(0.4818751626150091, 1.464922052133903e-106)
(0.5290955203096035, 1.287843337225278e-106)
(0.1053370371009551, 2.79417059319152e-106)
(0.37008837261720673, 2.36537673483012e-106)
(0.146092906383318, 4.111135944999007e-106)
(0.896921161528166, 2.269721386233284e-106)
(0.07386575896189036, 1.4078235274003467e-106)
(0.18363665972779775, 1.5521079829777415e-106)
(0.018313593311120573, 4.582612832719091e-106)
(0.8766886893470439, 3.629152980200969e-106)
(0.10620567655260553, 1.3116622817572933e-106)
(0.3996449806653391, 1.5545167152576874e-106)
(0.30516619158900593, 3.050710742057941e-106)
(0.09680682902327382, 5.286955944229842e-105)
(0.9171995518250522, 2.306547596160794e-106)
(0.13675387870725053, 1.489429404475272e-106)
(0.7065667812627676, 1.2471386555822863e-106)
(0.33487101702427674, 6.759827815262014e-106)
(0.44752584698925335, 3.826008074251153e-106)
(0.9179654097433555, 1.4764247612831806e-106)
(0.6190427904268601, 1.2315912295084485e-106)
(0.6849354068251742, 3.889732751037337e-106)
(0.950516518025161, 1.290179935172202e-106)
(0.8115019379606373, 1.2465117870239606e-106)
(0.8281794518886791, 1.4644676954549349e-105)
(0.7432276313326325, 2.1532300279887735e-106)
(0.781576320009572, 1.2523261714171779e-105)
(0.9710962466334189, 1.4476115767653306e-106)
(0.7287554020613386, 2.491234697011637e-106)
(0.6109419044927644, 1.438610280337301e-106)
(0.08980739012059334, 1.3752534627648666e-106)
(0.42442067990575894, 1.6175331692129232e-106)
(0.9088705919317233, 1.7423395027910333e-106)
(0.18317188034493653, 2.130999105647207e-106)
(0.5625116050255559, 4.155658406846055e-106)
(0.6292962781177744, 3.8018062759548223e-106)
(0.49956106049265003, 1.0731707056199633e-105)
(0.5712621179618317, 1.7524575654290752e-106)
(0.09516764095066982, 1.2912203268174397e-106)
(0.32271146677695156, 2.6772173036016344e-106)
(0.5232099487770899, 2.2177299211024893e-106)
(0.8857403256671065, 2.9972026554822326e-106)
(0.7733548739190267, 1.5603643360703565e-106)
(0.9381823237303498, 1.1910025740082905e-105)
(0.693223280054073, 2.0799684907990548e-106)
(0.5725641162990049, 2.3233611707633267e-106)
(0.6660789746697191, 6.815899824407589e-106)
(0.7127516545527504, 2.377872640920799e-106)
(0.3511664397027591, 1.601908150485345e-106)
(0.8714756917867839, 2.0805951587792487e-104)
(0.04047326709760664, 1.519461536781748e-106)
(0.15027232729911064, 3.6842437434820943e-106)
(0.7036610800691205, 7.33157166558401e-106)
(0.27162499625907766, 4.746776779582797e-105)
(0.5922327041830162, 4.342281010423413e-105)
(0.9259212198659862, 2.985872422973865e-106)
(0.01675138567049604, 1.3523559021132273e-106)
(0.5659348097933243, 1.4396482726406923e-106)
(0.21412924642364795, 2.76847464571844e-106)
(0.17030491231996045, 2.4851110910501697e-106)
(0.07959984648472888, 6.388869445416841e-106)
(0.10784888967217031, 6.473172515844923e-106)
(0.6819249576996709, 1.3329441423111784e-106)
(0.8431314391935983, 3.9110569277115987e-106)
(0.26678360434711523, 4.429694367923358e-106)
(0.27714946997913864, 2.4923905820553585e-106)
(0.15260607687502503, 2.3421660286668336e-105)
(0.9783154590421742, 4.87190965313915e-105)
(0.9546054588796544, 1.482301449544701e-106)
(0.07831138268599232, 5.492674641438582e-106)
(0.6384319974036327, 1.550456573444378e-106)
(0.6938952365940432, 2.0805843733628538e-106)
(0.7255762247996206, 7.119441863182696e-106)
(0.0475720406573848, 1.3599957110403486e-106)
(0.860975253548667, 3.4456985390097753e-106)
(0.2014981295586756, 9.733495436617068e-106)
(0.47246046732146174, 1.6197366306049191e-106)
(0.03183733455243579, 1.6559163614032313e-106)
(0.6253819639055241, 1.7469713884497897e-106)
(0.8617932813743959, 5.558894221874085e-106)
(0.7091128032536396, 1.3290417623017842e-106)
(0.5027059697325715, 5.202220689196631e-106)
(0.5669045729693444, 1.727058969747531e-106)
(0.9031885633895698, 1.9371106717782597e-106)
(0.8622563181247695, 2.5789438339154905e-106)
(0.9860335431771485, 2.3524038623876608e-105)
(0.34171678634179153, 2.2525283972376916e-106)
(0.2604703665950997, 3.406341752677748e-106)
(0.7328832031100023, 2.188860145702947e-106)
(0.5578299592663734, 1.8735316351888735e-105)
(0.558318033781708, 1.2696907601137918e-106)
(0.5361826341958675, 3.211481266208623e-106)
(0.01622463806726064, 1.2242421850167983e-106)
(0.9089635190778028, 1.263858121346275e-106)
(0.9487710894939281, 1.8153119500602417e-106)
(0.4914468266688844, 4.462484675335066e-106)
(0.03031512641205095, 1.7168514715181866e-106)
(0.29714740878896223, 2.738132659094846e-106)
(0.5356089117277508, 2.543219338764552e-106)
(0.9577736107935338, 4.631844554323134e-106)
(0.9693770238421398, 3.8797827211869e-106)
(0.9899623856078094, 2.4964638333722654e-106)
(0.6681168403309156, 3.650072630581893e-106)
(0.5787925883306134, 2.9553507551370725e-106)
(0.9037600933023247, 3.74447447121086e-106)
(0.8189660096151479, 2.501518482462073e-106)
(0.33448835800715876, 1.2589791827571207e-106)
(0.3670571785224511, 5.622738470931028e-105)
(0.08768811210142224, 1.8734362311074422e-106)
(0.5911409622914141, 2.373643546643898e-106)
(0.47081500813621413, 2.163134324143529e-106)
(0.44225740756874066, 1.7822537133771662e-106)
(0.9354740138417597, 1.8980500810601033e-106)
(0.6912122356827126, 4.806062250506923e-106)
(0.1095569726346366, 3.3489083475058586e-106)
(0.3329668728956839, 1.5411423224097702e-106)
(0.749851425571393, 1.5520719690563174e-106)
(0.19004014242609796, 7.097334604921854e-106)
(0.4290614238181426, 3.2759226467134266e-106)
(0.7927496569936612, 2.968179765919001e-106)
(0.2197185475244715, 1.5294905403927496e-106)
(0.9120574177539145, 1.0121232657476424e-105)
(0.08805682346073111, 3.932716864875588e-106)
(0.6578442413658794, 1.3323952949543995e-106)
(0.7935682022488512, 3.4211343164967647e-106)
(0.11828636696261347, 1.292319495464115e-106)
(0.992859486073288, 4.767022934563781e-106)
(0.7578380257913072, 3.483623419793882e-106)
(0.8401450043695222, 1.2673718152147344e-106)
(0.23050153641735158, 1.228216351195799e-106)
(0.514983041595918, 3.4783880208484657e-106)
(0.9271547121701926, 3.418073776477101e-106)
(0.8302985162245076, 1.2593315745104542e-106)
(0.20372437453850636, 2.847906773971156e-106)
(0.551871957878592, 2.4096038420318933e-105)
(0.4837808743144215, 6.666411026288548e-106)
(0.32977488870887894, 2.0707320489015357e-106)
(0.02191589258485477, 3.4060678683939848e-106)
(0.3928525800485776, 3.3597086722005937e-106)
(0.9535086787692929, 2.8409609695008127e-104)
(0.908481255642713, 9.288163272274686e-106)
(0.44473580332715634, 3.587283755297946e-106)
(0.7997622659701688, 2.213185114249658e-106)
(0.979026516158832, 3.2914729960707826e-106)
(0.5327792580117465, 1.3879374448320167e-106)
(0.6948949371467198, 1.691412739558897e-106)
(0.24724356210961007, 3.00101659738688e-106)
(0.7112740090333849, 2.318577737600651e-106)
(0.1639086268882328, 2.7879932524332723e-106)
(0.7259942785586785, 1.4690355698055023e-106)
(0.21198495637281065, 2.4495010963790797e-106)
(0.29048836027063635, 9.640561500009777e-106)
(0.08053772741172377, 4.716399687424654e-106)
(0.7997083860160499, 2.3268664708329784e-106)
(0.015802380857593053, 3.1047893850950836e-106)
(0.2641473901198932, 1.8446569585535778e-106)
(0.02773326774919956, 2.741776070943475e-106)
(0.30518167419362124, 2.373871337143095e-106)
(0.07887575839984776, 3.267535471465773e-105)
(0.7157495621671068, 1.412565752597316e-106)
(0.7435084999930601, 2.9899644734551146e-106)
(0.14539790894564375, 1.8952555358433736e-105)
(0.8632735001023485, 6.108350359256939e-106)
(0.6931881796935498, 1.3765449280472435e-106)
(0.6263850099610663, 2.1785015832386681e-106)
(0.8106158715771069, 1.4756276344250241e-106)
(0.07602012935858231, 2.2662134537286317e-106)
(0.22399567440146292, 1.3422518543585787e-106)
(0.1263611312498108, 3.8602576987220204e-106)
(0.04298825324662056, 1.0967786024124515e-104)
(0.1873140500649786, 1.909702919581612e-106)
(0.5278870081355571, 3.9962884444804336e-106)
(0.3838807523943041, 1.3744804380507324e-106)
(0.8153647775122455, 2.506618452736472e-106)
(0.6611994630814818, 6.181865311612742e-106)
(0.9296295801016249, 6.987370692428938e-106)
(0.8164681771469127, 1.2499833607160197e-106)
(0.17987949808295675, 4.534414586142632e-106)
(0.14438564119411512, 2.911409390021553e-106)
(0.49748387390722404, 2.2718089341274345e-106)
(0.1203103071192272, 1.5381034110513348e-106)
(0.01193516790195498, 1.475989137060774e-105)
(0.5826469239790364, 3.235351732075593e-106)
(0.43140943290994016, 3.589185309640129e-105)
(0.7113745625112374, 2.1392159533825293e-106)
(0.63629979064299, 1.6870108218376007e-106)
(0.2450235529644079, 4.56009937712748e-106)
(0.8149233304642386, 1.4081327046446352e-106)
(0.5716585266199706, 1.2568414326931494e-106)
(0.3332258413721264, 1.930511594829902e-106)
(0.7123162195092619, 9.390695150568236e-106)
(0.512846645371375, 1.3559942290739187e-106)
(0.24759107117368043, 2.1087573330346667e-106)
(0.16729862536884887, 2.428216184033901e-106)
(0.5457551250545924, 1.2905399479055914e-106)
(0.38733618904898603, 5.102770362482982e-106)
(0.5971262678166159, 1.7185490977772176e-106)
(0.5814072447558047, 1.717250299521482e-106)
(0.8574670675942031, 1.9717568256537195e-105)
(0.45538169009274737, 1.6812989000862742e-106)
(0.17696058487886457, 1.5750775941525927e-106)
(0.9599693647595338, 1.2824625360913982e-106)
(0.8647147347455434, 2.837477569944874e-106)
(0.7818255614032124, 1.5561516437382416e-106)
(0.039316379288824574, 2.828701970854163e-106)
(0.2873860931433676, 7.9854818420988e-106)
(0.6072424304388113, 1.6472616678893573e-106)
(0.030736766720818192, 2.750841862597954e-106)
(0.11139492605896012, 3.1877962897487876e-106)
(0.7956148281364355, 1.3416491376136076e-106)
(0.3377575001925724, 1.3176341524450604e-106)
(0.3481515384138748, 1.46955614064731e-106)
(0.3311387920979049, 2.093981373589112e-106)
(0.1690904371342906, 3.6221722144127775e-106)
(0.6073111314420102, 1.3661637967313145e-106)
(0.09765084075014756, 2.0262526737195895e-106)
(0.42534052210517276, 4.3464209558075996e-106)
(0.27131264588351756, 2.717080684469641e-106)
(0.5484425618723733, 1.9727649764577534e-106)
(0.15922841927882855, 2.1083488733691203e-106)
(0.42135699659680853, 6.501852340831213e-106)
(0.7629810987188834, 2.050024390985561e-106)
(0.6053291053930743, 1.2670984020146322e-106)
(0.13876914338126417, 2.4291460233697e-106)
(0.715994080712697, 1.650953616890218e-106)
(0.44519564396585465, 1.2764518974725387e-106)
(0.7079524102220895, 1.8181234800793355e-106)
(0.689652187976334, 3.5145432019620463e-106)
(0.5453805141210782, 3.1351169609912104e-106)
(0.18487903601833067, 1.897939493947061e-106)
(0.08047147970836692, 1.6971105869168919e-105)
(0.435694093698672, 3.2663375517319977e-106)
(0.9646361367403116, 4.2874300647023074e-106)
(0.7861731234813922, 1.2774279873696045e-106)
(0.5592533189590246, 2.001627815052059e-106)
(0.5442130954298608, 1.5912657757439128e-106)
(0.12883038579990647, 2.4602737603274343e-106)
(0.740061606333681, 3.388425920604861e-106)
(0.6481982393213753, 8.069400921454338e-106)
(0.930071820514824, 2.6322340231174553e-105)
(0.2982867140871184, 4.69956741467206e-106)
(0.5663514752018664, 2.2228096188854075e-106)
(0.43210717126352366, 1.29693977450525e-106)
(0.5263937228864028, 1.7145218911074178e-106)
(0.027352085897839506, 1.9673203868568604e-106)
(0.12456199203180458, 1.2745238324361588e-106)
(0.08349456803324197, 1.408309019506258e-106)
(0.16717451058107025, 3.237715095978593e-106)
(0.29792964061911226, 2.2085009439058035e-106)
(0.3669866746145501, 1.8772791453575875e-106)
(0.6167201195753403, 5.119244486576786e-106)
(0.7122962602561135, 1.5745563778114842e-106)
(0.87550274149228, 1.337853285475293e-106)
(0.512420113406369, 2.426564067202458e-106)
(0.708475779031475, 1.4745741185154702e-106)
(0.7447232892021637, 1.9892090291496124e-106)
(0.8288281923999183, 3.384134279961687e-106)
(0.36658222618512354, 1.0280231182295691e-105)
(0.1277558635682689, 5.787776662097697e-106)
(0.40286359573928576, 1.720747824843513e-106)
(0.8702866892956305, 1.301079961444018e-106)
(0.35547962225896595, 2.60533853074529e-104)
(0.18411179932017369, 2.8775064218216724e-106)
(0.6859363368698821, 2.5559676909579747e-106)
(0.9429889350726789, 2.265836089978309e-106)
(0.624690057073339, 3.6509060776242246e-106)
(0.09555145801035585, 6.877571663921422e-106)
(0.6252949295468623, 1.5305010260319947e-106)
(0.27684358137787657, 1.927934102532316e-106)
(0.577445955380995, 5.920203339712103e-105)
(0.4976758566346251, 8.495861509625033e-106)
(0.6594950874963909, 3.25481838471191e-106)
(0.4679021217529062, 9.105062411038554e-106)
(0.0026605978873370396, 9.370652118064004e-106)
(0.02742872057932542, 3.2317472365191437e-106)
(0.2838506970655528, 1.55620868742532e-106)
(0.2703542595999826, 2.479753171166606e-106)
(0.5796539112344454, 5.003171012234452e-106)
(0.6513178862418048, 1.9430790449367737e-106)
(0.5669546836924455, 1.7120863006366296e-106)
(0.4249792671613918, 1.8670087643017926e-106)
(0.23392700349377482, 1.2668774271497042e-106)
(0.40485152280919945, 3.6104076316202036e-106)
(0.3812566603137593, 8.564883333130802e-106)
(0.12559866687437177, 1.3270477645335467e-106)
(0.4812100035127014, 1.3356404328105472e-106)
(0.8261259574044537, 6.937417816412356e-106)
(0.6658617686089063, 9.237956681124447e-106)
(0.8133008114997881, 1.423463854097197e-106)
(0.8217697216121046, 5.604321941268281e-106)
(0.8197615749830379, 1.7019218287455928e-106)
(0.023339612579564607, 1.8263522354613066e-106)
(0.05478244779365292, 1.2679764061819318e-106)
(0.9892890187778369, 4.1440807781859585e-106)
(0.7803554207783998, 1.7428687494225473e-106)
(0.9232112982849209, 1.6889768381055734e-106)
(0.1737574241187739, 1.10521201746741e-105)
(0.6559494378770925, 1.6566105040076688e-106)
(0.9890337642041285, 1.7819867168795346e-106)
(0.6132704314745974, 1.9698253891007482e-106)
(0.30935526074606107, 7.839541568744004e-106)
(0.318529601900904, 5.407307852923081e-104)
(0.8794413703393918, 1.8979575123232894e-106)
(0.8656382354344005, 1.1428122020258077e-105)
(0.39734060394530146, 5.885817855747556e-106)
(0.8307573280891553, 2.4575830480191734e-106)
(0.5440120875444522, 6.776305926052619e-105)
(0.7745215883850659, 3.2744696442088472e-106)
(0.8016533442558608, 1.9927048069422892e-105)
(0.7119999966583442, 1.3713403853387143e-106)
(0.09786588465145223, 8.185114206295988e-106)
(0.301837524555541, 2.878021462935451e-106)
(0.5069448305720539, 1.2657330908155539e-106)
(0.0477868783194805, 7.918107805380262e-106)
(0.6668889821962122, 1.6469570244992612e-106)
(0.1151202148502925, 2.371077029112774e-106)
(0.33085827351980596, 3.5836612673213554e-106)
(0.6779562479876249, 1.9589841874400497e-106)
(0.19163448789950152, 2.9719288443202886e-106)
(0.6684058668661076, 3.8806896073694537e-106)
(0.8733337597176319, 3.736463682825916e-106)
(0.5259347706590359, 1.9784156515253311e-106)
(0.29971098830587134, 1.8367953693256259e-106)
(0.410115617171222, 1.1436148282684868e-105)
(0.01776235979699197, 2.3520344510163345e-106)
(0.29479672101166976, 6.124276614654878e-106)
(0.14290093498176218, 1.9248626827589753e-106)
(0.09701363162486802, 1.8274698668322184e-106)
(0.2629163228813205, 4.531388898073233e-106)
(0.7600849760578761, 1.6889365351970347e-106)
(0.428107199265918, 7.760796324362807e-106)
(0.912030444164805, 1.393924146730218e-106)
(0.9383946320311973, 2.660334844576392e-106)
(0.6405550142850378, 1.4488416375070084e-106)
(0.23328359976095062, 5.7766870108310154e-105)
(0.059250398072415784, 4.180350782024896e-106)
(0.13323497972561432, 1.565865379878534e-106)
(0.9235680811971742, 7.820438344279422e-106)
(0.7380686514690661, 4.442071099599821e-106)
(0.3358607742347156, 1.3518231477167336e-106)
(0.31468290154751016, 1.782372861201883e-106)
(0.23778219498225792, 3.38757921453633e-106)
(0.24449158399055176, 1.3316671228317615e-105)
(0.6013905445206487, 1.6658094681335246e-105)
(0.016417244070143323, 1.9070558660410165e-106)
(0.5317460084238825, 4.465839658593051e-105)
(0.9686007039056906, 1.2247635333724133e-106)
(0.7459953121795109, 1.8765598020526926e-106)
(0.9366801231192088, 5.037525850421763e-106)
(0.7619891298502042, 2.631559704141956e-106)
(0.9918717058403579, 6.299593199857563e-106)
(0.9381451393322409, 5.744369649542888e-106)
(0.7272930237278526, 1.4093571163158974e-106)
(0.5221775650100325, 8.929571249462066e-106)
(0.13262998062638293, 2.0867424693713486e-106)
(0.98753718157389, 3.711033606345604e-106)
(0.1893905596869531, 2.0709926610375487e-106)
(0.6914307030821618, 1.4722376750978045e-106)
(0.5414089763999419, 3.176522783712204e-106)
(0.5078359174582855, 7.014657810075137e-106)
(0.3373393770887916, 3.333692052012332e-106)
(0.4613714988118679, 7.07115652843543e-106)
(0.23029718677423222, 1.994800058817508e-106)
(0.8323241219506368, 1.3816965777167606e-106)
(0.9613643345109707, 5.721251726249957e-106)
(0.011989493541033795, 1.4837272588098282e-106)
(0.6641191016207346, 1.8454337737505306e-106)
(0.6207334210510264, 4.730325886742431e-106)
(0.7467840701474172, 2.1553679821220656e-106)
(0.07770085205251516, 1.236891204891836e-106)
(0.7340250964300565, 6.880856359611817e-106)
(0.16078136600526538, 1.3007493643799999e-105)
(0.29714093532842434, 2.2876195434910555e-106)
(0.39404916258548706, 1.4246249544476347e-106)
(0.8354124929202869, 1.4125791751621153e-106)
(0.7825958990855645, 1.8674779077698683e-106)
(0.8060513154875462, 1.1048682163986964e-105)
(0.5655133721481294, 2.562979438018993e-106)
(0.8634347532271144, 2.439637746141497e-106)
(0.5083172853652048, 6.30947250764909e-106)
(0.083023499776776, 2.7198318390594816e-106)
(0.1486901641162323, 1.740398521556353e-106)
(0.4013154558546967, 1.861701758932296e-106)
(0.7482246188814878, 2.7171475025146904e-106)
(0.9882777958499974, 4.549016895639559e-106)
(0.11392051352422655, 2.3962097978412776e-106)
(0.22290639921564187, 2.79247637585433e-106)
(0.47161501809668777, 1.4860440877281736e-106)
(0.23124898194341056, 8.044092756482627e-106)
(0.20500143928318926, 3.354128340524345e-105)
(0.18685572595233205, 1.3143805509374271e-106)
(0.7421662903359973, 1.5676565997074573e-106)
(0.6402014069012989, 3.9476129941660243e-106)
(0.5774057968290719, 2.1291104971942766e-106)
(0.4685328903094721, 1.8759521864737154e-106)
(0.28042160188216414, 1.2486793297364551e-105)
(0.9113361687034229, 1.8951411324535145e-106)
(0.4628670599337459, 1.635732087054662e-106)
(0.7438340331976561, 2.2831064680373057e-106)
(0.021585103323289296, 1.3128656819011648e-105)
(0.38170696453198294, 1.227593455015504e-106)
(0.4001013536714401, 5.764616880520036e-106)
(0.8034155135119929, 1.2951763631796077e-106)
(0.07372508750958084, 2.326430165862718e-106)
(0.9841807135475323, 1.234360366758253e-106)
(0.18930363807019596, 1.342535613900435e-106)
(0.8732212357327419, 1.6000846933495359e-106)
(0.3759705614158363, 1.241410215026822e-106)
(0.04214982753565025, 7.866725134676833e-106)
(0.6902549621628977, 1.3988499777353042e-105)
(0.6832874052877997, 2.418123702272098e-106)
(0.09476383886500747, 1.6869214133150598e-106)
(0.6709443528564534, 2.6808074665830256e-105)
(0.3912936459885012, 6.272667783689977e-106)
(0.6979578056385718, 1.6824530260634e-106)
(0.3048031881619788, 2.200310204608266e-106)
(0.2549646609854198, 1.6325299175223883e-106)
(0.0575769953333037, 3.6334100104438936e-106)
(0.20029240995951605, 6.84652256406507e-105)
(0.6789204979021763, 1.340493200562105e-106)
(0.12519511689318794, 2.827828169323804e-105)
(0.8929602467845759, 5.391787963327178e-106)
(0.4990759740253646, 1.2385392252312913e-106)
(0.7189887508161396, 2.5194820902303338e-105)
(0.25525660346658136, 1.3170325852181258e-105)
(0.08513281098046158, 2.1248675404920092e-106)
(0.3663245265321086, 1.549118318713794e-106)
(0.029373149378384304, 5.22780971171706e-106)
(0.32932797721103985, 2.6598771606260383e-106)
(0.6883902209055075, 5.488929932716174e-106)
(0.8213832193273908, 1.2748445660894712e-106)
(0.5770543078197163, 8.64147623068202e-106)
(0.7587394369193387, 1.406711190458224e-106)
(0.5242670888534158, 2.2899523794051156e-105)
(0.7613886496116905, 2.214972868742259e-106)
(0.0407433263539156, 1.6022632358262257e-106)
(0.31963392352098546, 2.0751085986780482e-106)
(0.6553795179623068, 6.061006535712004e-106)
(0.7992088383119206, 4.419014180022097e-106)
(0.07184597021730015, 1.8077300625629455e-106)
(0.614039719797027, 5.859276331686819e-106)
(0.5525834198702153, 1.420316598368355e-106)
(0.9916054725737571, 1.3773489221888937e-106)
(0.3095725237473744, 1.412712506839052e-106)
(0.5352941321683213, 1.2392390990359404e-105)
(0.9879894436405593, 1.3424068274813874e-106)
(0.6183808322032175, 2.1106603496575913e-106)
(0.6737661216880357, 2.7851955105788866e-106)
(0.9757093353949056, 1.683375376196208e-106)
(0.2293322453934342, 5.795417916343201e-105)
(0.10687116998023322, 2.6945711629835097e-106)
(0.19498755565180304, 7.515367027383088e-106)
(0.36745082023389675, 7.633981073010716e-106)
(0.82577032846993, 1.8698579000204547e-105)
(0.6216678789400225, 1.469153114922346e-106)
(0.3003464204248195, 3.08570685039507e-106)
(0.04327046471438091, 1.7303586704810458e-106)
(0.1724527621945014, 1.7220950785885603e-106)
(0.3734006967722072, 1.4073548433847917e-106)
(0.39136267475832986, 1.4700211634080625e-106)
(0.39194314076489273, 2.282357374072229e-106)
(0.4659428422880584, 1.8506509318812194e-106)
(0.4107817531274687, 1.4171129114228605e-106)
(0.15568743218676134, 6.202789652546996e-106)
(0.4079545823129495, 2.1476000355370353e-106)
(0.4722007368283778, 1.9347362994653677e-106)
(0.3730012330466226, 4.726675770505278e-106)
(0.29660103687681005, 2.650795123298984e-106)
(0.7394163201430844, 2.5662839366734285e-106)
(0.3063671998329652, 4.746171979727373e-106)
(0.25995112749732585, 3.6942086435620417e-106)
(0.12912777465865954, 2.292105069813776e-106)
(0.6292017465675127, 1.5960249344194138e-106)
(0.2315031866733768, 1.2807214506216718e-106)
(0.1046475667627061, 2.3106632169790705e-106)
(0.2695700006504435, 1.3459025786882887e-106)
(0.9855472912424015, 1.4883561893365318e-106)
(0.75694564151009, 1.8170389205286928e-106)
(0.40451621429577306, 6.698683659182664e-106)
(0.17014905598940602, 1.8329148195217693e-106)
(0.518916860149346, 1.594926340989062e-106)
(0.9965610364689392, 3.465128866221114e-106)
(0.8679821558849552, 7.096279704876625e-106)
(0.5020390736475403, 1.546351005144388e-106)
(0.1410645550131512, 9.628768953970994e-106)
(0.7075415421937082, 2.3033494803069797e-106)
(0.3372765860060016, 7.405603385860948e-106)
(0.7310982395194625, 2.6984705006220136e-106)
(0.3369922871830875, 2.4485681441473466e-106)
(0.28983741205435737, 8.502209483033462e-106)
(0.4439875865021427, 4.525272191795155e-106)
(0.4744033063133627, 2.4210490602105796e-106)
(0.1315783083134221, 1.8049607661903173e-106)
(0.4916192569006342, 2.264286768644686e-105)
(0.9754279076011095, 3.355799561646222e-106)
(0.6024433431812226, 7.979349235203e-106)
(0.08214126543021386, 3.449779613436929e-106)
(0.9542068713217164, 3.460346941268895e-106)
(0.8758325119034218, 1.5773012225924112e-106)
(0.9470803921573783, 1.2255539304517597e-106)
(0.6193404952066498, 1.5863894988300534e-105)
(0.7765766921743298, 2.400171679743677e-106)
(0.30545870933205194, 2.5827728446159612e-105)
(0.32830438581982946, 1.6685897634790242e-106)
(0.49436933479739364, 3.0952972220194295e-106)
(0.40926133664994463, 4.199951960104082e-106)
(0.21213456640470094, 1.3023945258476524e-106)
(0.84500004803394, 1.4405233076399466e-106)
(0.9699894507404947, 3.508557237697018e-106)
(0.6014761483765307, 1.5664376838924685e-106)
(0.3886279968072411, 1.3291832764831682e-106)
(0.6482220694505599, 1.7256992662820745e-106)
(0.7433874398712648, 2.7152512293296307e-106)
(0.07209552019397139, 1.2846895783828553e-106)
(0.7400205980056319, 1.5159105438684268e-105)
(0.3313177377632829, 1.8673810103530385e-106)
(0.5408717661011014, 2.3588286748245027e-106)
(0.031756147692371076, 1.295998776402529e-106)
(0.022022845357709587, 2.193499737674902e-106)
(0.26090111109370706, 1.924711204017299e-106)
(0.019024838368426267, 4.2835271824821526e-106)
(0.2719393507415594, 1.2715917109141706e-106)
(0.12400845309042177, 1.3765303908560683e-106)
(0.06730869037733822, 5.043598515310312e-106)
(0.2348659122269412, 8.623182478246522e-105)
(0.9150923423686541, 1.3271344333013177e-106)
(0.8892080785328982, 1.5636303415722643e-106)
(0.5157023976411288, 2.781501555560456e-105)
(0.3553513357788231, 1.4846318734343698e-106)
(0.8915297925953047, 1.40194889243751e-106)
(0.3353027602811111, 1.246659152338508e-106)
(0.49629324026051747, 2.0816635626663577e-105)
(0.46002581760505684, 2.158415785624992e-106)
(0.8207105058805598, 3.384130554390458e-106)
(0.9797325809743618, 2.511449090945618e-106)
(0.4234567167780105, 1.774412361005691e-106)
(0.5862887536975105, 6.8712820871518425e-105)
(0.16234609572841238, 1.459674792364493e-106)
(0.5734955509747588, 3.0632998059663575e-106)
(0.12066621951627966, 1.2787984010936935e-106)
(0.7916289470001397, 1.6043997147361438e-106)
(0.8337366283510261, 1.2550220315144082e-106)
(0.7873311714878547, 2.10266451585455e-106)
(0.8333136126643615, 1.5760180857403333e-106)
(0.4141938185146261, 1.8703371325006777e-106)
(0.7963251501637295, 2.7760920402596515e-106)
(0.9118809787848074, 1.5110101272150923e-106)
(0.2563254476238715, 1.061739656580299e-105)
(0.9541173263927606, 2.289256290469091e-106)
(0.41301554132581053, 1.2300187740376767e-106)
(0.25850360397140315, 2.3859592963178086e-106)
(0.406049528959291, 8.351618006927481e-106)
(0.27403528409055444, 1.8423725798778134e-106)
(0.15054430012615425, 1.0973967764929817e-105)
(0.4860569077281903, 4.1034301208631858e-106)
(0.7675094335359373, 3.945122028319299e-106)
(0.10234794942745083, 2.433656054150241e-106)
(0.2438299948001266, 3.52096905397627e-106)
(0.06298694160414606, 2.6547127040638972e-105)
(0.8352983257053364, 1.257723680951755e-106)
(0.8485375625598105, 2.719134153493028e-106)
(0.176441427304626, 1.4243410149299341e-105)
(0.1807829056195329, 2.3279471185358e-106)
(0.17779247491101827, 6.091937469677269e-106)
(0.03342974058403422, 1.728636520154709e-105)
(0.8131911712274159, 2.0130939584544393e-106)
(0.21461827726748994, 8.254324520465467e-105)
(0.6950703670822775, 2.1120213958252287e-106)
(0.764908150332384, 4.523744807179622e-106)
(0.8218097575991262, 1.5425464034162453e-106)
(0.8835643129367673, 1.2725088239146535e-106)
(0.997543917177886, 2.448503926221168e-106)
(0.4891472398194227, 1.5534607168366067e-106)
(0.28950025811549285, 2.6416352818558926e-106)
(0.022523201387051495, 2.248076344701935e-106)
(0.9019093350794186, 1.5390405732686851e-105)
(0.6037186855432757, 1.371597984782069e-106)
(0.3505716678551175, 3.6790728068734807e-106)
(0.6621581655174965, 5.112984560780337e-106)
(0.8010335600286433, 2.865591802264711e-106)
(0.17207608001967434, 1.498073138010821e-106)
(0.6613406549488079, 1.5780048744065336e-105)
(0.7745148482651734, 1.468113600451059e-105)
(0.8892526354767079, 1.4283400086539454e-106)
(0.7155364867357642, 1.3358325532201096e-106)
(0.07628616361378236, 7.651527348170203e-106)
(0.66572639043827, 1.3901046712842375e-106)
(0.3911738512533917, 1.8726405029785053e-106)
(0.17760731246858188, 1.9956262001323628e-106)
(0.21815539198330292, 1.483138325189847e-105)
(0.9321325074214079, 1.2350347993629203e-106)
(0.9734571464009747, 2.839840180953218e-106)
(0.058909931827953975, 2.906113405218725e-106)
(0.1852009590207616, 4.199297471113312e-106)
(0.8672534524043856, 2.0231907746031823e-106)
(0.2930496891900134, 6.829955212739302e-106)
(0.17287283436675335, 1.9765807875643503e-106)
(0.20484861667396037, 1.5187981879987225e-106)
(0.5820255932641597, 1.5365811419430805e-105)
(0.27388625657324106, 7.906296390248095e-106)
(0.7231469345217295, 2.4546506782391655e-106)
(0.5241257731713675, 1.7969642720019313e-106)
(0.17930012785755328, 2.1900587982622876e-106)
(0.6977625677753144, 8.326991385641467e-106)
(0.30663840794770403, 1.2235399275477135e-106)
(0.24570415506829804, 1.027468459086257e-105)
(0.24383345160277625, 2.2772006056178577e-106)
(0.5629944480722099, 1.5869293107945847e-106)
(0.3607920366157011, 1.9066865454243247e-106)
(0.13153321607990937, 1.0025702613848157e-105)
(0.099610001116745, 3.0357376972166216e-106)
(0.06347521589202146, 4.712027554248816e-106)
(0.3997681133738405, 2.0606918199191452e-106)
(0.15562250338832131, 1.274157665153092e-106)
(0.711947200463294, 1.4776108231462386e-106)
(0.9149142835066415, 3.2909845138915225e-105)
(0.1781805525053675, 1.6831184277902593e-106)
(0.488194886090017, 3.8991116315970284e-106)
(0.6103839434476944, 2.1896752079714455e-106)
(0.21446456750635556, 1.386236761050518e-106)
(0.8486019922300229, 2.6042162825077912e-106)
(0.1668647502834631, 2.686066906759947e-106)
(0.841691451860675, 4.1039143817031665e-106)
(0.9333850919880892, 1.3661344004010066e-106)
(0.27875072114632876, 4.777386764662951e-106)
(0.9825802281538568, 1.3698029309041664e-106)
(0.750225584946041, 1.5098614092292073e-105)
(0.43060758305418545, 4.435331144275604e-105)
(0.2080565883733798, 1.525762677780547e-106)
(0.01014406033729574, 6.025026738434471e-106)
(0.17691367107279352, 2.6695621367391143e-106)
(0.16223679175438876, 1.4323704791104867e-106)
(0.1191252434747591, 3.1897851842708763e-106)
(0.4443696518572096, 3.409247396868666e-105)
(0.6241068895016819, 2.0333224286928957e-106)
(0.10638050800204017, 1.3388410010608313e-106)
(0.43754641143624456, 3.6323100748644076e-106)
(0.2791718048533513, 2.2511054713993255e-106)
(0.3260465504122497, 2.3291071317093e-106)
(0.7020525222734744, 2.0457342173307095e-106)
(0.6418675336839769, 1.797015413011895e-106)
(0.44978753713976916, 1.229387164868379e-106)
(0.2902569430311895, 1.3434622734659932e-106)
(0.26285027810571054, 3.73495782531586e-106)
(0.7240613442515612, 8.07414524250017e-106)
(0.5960652099104216, 1.6843143859319077e-106)
(0.15779235304457864, 3.7352705508240496e-105)
(0.17155339397458455, 1.9484539253118427e-106)
(0.3734609515162191, 1.3473411529437015e-106)
(0.4606587763423882, 4.3489422759915717e-106)
(0.7414365298594816, 5.736672467884679e-106)
(0.7707592383818608, 1.6653354044429518e-106)
(0.5354428378727674, 1.872706528567281e-106)
(0.315008421172101, 7.529684376014599e-106)
(0.12851532615908426, 2.4680047104750025e-106)
(0.1673455522461647, 1.779468126747098e-106)
(0.6634717966543704, 1.3629106737961138e-106)
(0.017347705707241354, 1.4456926023163484e-106)
(0.3261690736921096, 5.367918801920398e-106)
(0.5103964045177997, 1.6417266913991396e-105)
(0.20772522176920544, 5.548956362876683e-106)
(0.6528436384656296, 1.46444691322879e-106)
(0.905599659047908, 3.537560418337403e-106)
(0.6568281180836335, 2.630581431747708e-106)
(0.7782853873258803, 2.214509051187071e-106)
(0.41210016520073567, 1.1532839467000721e-105)
(0.0653693778425718, 7.311885167101417e-106)
(0.14066983885134043, 1.7259285509235583e-106)
(0.8456592495271722, 2.451747657492786e-106)
(0.7207999921901831, 3.0223256654840566e-106)
(0.7358848554472535, 1.7267364414664254e-106)
(0.8027234088215138, 1.3507846576212527e-106)
(0.34944243575710465, 4.464076377056358e-106)
(0.8562509238742636, 4.124714913011854e-106)
(0.2506442161006167, 1.8074321768444788e-106)
(0.49717184438421647, 5.6532681114979425e-106)
(0.7444748981159113, 1.3820187148691977e-106)
(0.5895273179200547, 2.759087424440979e-105)
(0.7952370873789063, 1.8913666615694771e-106)
(0.7607755765454057, 2.5353519342667885e-106)
(0.5320657144268731, 2.5972805182808223e-106)
(0.7078898384073603, 3.223927475823519e-106)
(0.23976404814445942, 1.6104546881538465e-105)
(0.8867188408886765, 7.854561981910517e-106)
(0.04919535103898864, 2.5152098186387774e-104)
(0.6265940881568337, 1.488267253431325e-106)
(0.1098076061729629, 3.79848995032191e-106)
(0.6747552434743188, 1.5834838817442883e-106)
(0.48144734242943404, 2.2518961722577457e-106)
(0.29676053483063053, 1.4902168644133299e-106)
(0.4123514730487993, 3.429529203077211e-106)
(0.8862666112784527, 3.054488154094356e-106)
(0.26938865445438753, 2.146327414531008e-106)
(0.4908629941820317, 6.841214234210642e-106)
(0.48211159770446493, 9.125790659605097e-106)
(0.621286753409525, 2.907342147768209e-105)
(0.9702882211691656, 2.2683666591848628e-104)
(0.20256453952274278, 9.03605651848403e-106)
(0.21975175668528235, 1.2433698158452788e-106)
(0.34560181304613397, 2.574481926966506e-104)
(0.48718956308867317, 1.683195462626229e-106)
(0.8407092656479956, 3.335936000592903e-105)
(0.4999747537221346, 9.080895890825261e-106)
(0.34414505996221983, 4.617770791804869e-106)
(0.04473700213803912, 3.993212411584957e-104)
(0.8193257444912456, 2.751046991905301e-106)
(0.42094625539316294, 2.0895660030650383e-105)
(0.5552565562484393, 3.3549404925976753e-106)
(0.03076158705194241, 1.5005571636767655e-106)
(0.7589470971039708, 1.5638567083082933e-105)
(0.018745572820096337, 1.349498900392953e-106)
(0.9936568419868543, 1.4980125967692794e-106)
(0.5849592568279561, 1.9709687921334148e-106)
(0.6096247530324322, 3.9204003944975687e-106)
(0.17635794585203124, 5.451871510774928e-106)
(0.8765098237039728, 2.8826341023627553e-105)
(0.2787311555491807, 3.2126468753196116e-106)
(0.9096823571803808, 2.9643621103145823e-106)
(0.11785108391860921, 1.3053827734491664e-106)
(0.5626113449392307, 1.9349450309300217e-106)
(0.17710844696409683, 1.8031463490370861e-106)
(0.762822289866232, 1.554285380347122e-106)
(0.8101910663335319, 1.5240374757265713e-106)
(0.3623121296392302, 3.5890513163351723e-106)
(0.9882851339900853, 2.6379244444219635e-106)
(0.05142302048765622, 5.061946801928324e-106)
(0.06931846090550944, 2.7720390293846665e-106)
(0.41953518803440154, 2.9011050006162583e-106)
(0.9302555022134131, 1.236162019480462e-106)
(0.9292537115047155, 1.7997081816333672e-106)
(0.474712560584824, 1.597065364268645e-106)
(0.3872483398189211, 7.144396680154592e-106)
(0.4018043417631345, 1.3121517133326408e-106)
(0.44878385572128654, 2.6430346937669098e-106)
(0.7296080252637623, 2.295361201866658e-106)
(0.5177399545008969, 1.241002411955528e-106)
(0.6456561514908697, 1.375006527447963e-106)
(0.43125745594302584, 3.6536573962113164e-106)
(0.10919082068342562, 2.6498979027436103e-106)
(0.6641226638814725, 3.0133815371470355e-106)
(0.05184305686209353, 5.370203648906232e-106)
(0.18178132452894064, 1.3049877564898949e-106)
(0.5113867117006401, 1.2404014536900608e-106)
(0.6252112550003888, 1.3078449009874845e-106)
(0.04767270804556213, 1.8756675595366904e-106)
(0.2214696013652221, 6.086183578809685e-106)
(0.693955086212531, 2.047966180384025e-106)
(0.02400422141439378, 2.765355476686908e-106)
(0.4194308453904686, 1.6421521658424154e-106)
(0.16954627972921985, 8.055258835164955e-106)
(0.2730175652469879, 4.1960035912302437e-106)
(0.45369727490262896, 1.564224713019044e-106)
(0.5481363434480439, 2.5336835170944177e-106)
(0.23770429921949537, 1.0930137976438862e-105)
(0.6369589512263162, 3.837222842467858e-105)
(0.10028371350057919, 9.815500662775513e-106)
(0.10514491953771424, 7.00443240664223e-106)
(0.42517777317460487, 1.3041612384505698e-106)
(0.20010336594528402, 1.964704254460245e-106)
(0.7941012663148074, 1.945893871731604e-106)
(0.8683006119707247, 1.4609713081215998e-106)
(0.8268265768748614, 1.9520182696520427e-106)
(0.7723899369716739, 1.3034056315376626e-106)
(0.6720597246982278, 2.442241330789474e-106)
(0.5022388394680578, 1.592724131626081e-106)
(0.4992407613947218, 2.9168796214212003e-106)
(0.09031768143223146, 1.681135008587672e-106)
(0.394432555928596, 2.1178665154643907e-106)
(0.12038596690785595, 1.8947430264483604e-106)
(0.19628173916189265, 1.3461065767306904e-106)
(0.02687332075415064, 2.1310160956806012e-106)
(0.8542487661035026, 3.2020964963739463e-106)
(0.9594265068042739, 1.2484672163494954e-105)
(0.13633694277431846, 1.6572558800942328e-106)
(0.4652358593185427, 1.2370726118318524e-106)
(0.4120047613441873, 1.4433959476103844e-106)
(0.6324083541049115, 3.474623706353967e-106)
(0.2399740291614086, 2.1710195174882453e-106)
(0.16140985793595708, 5.997917611663638e-105)
(0.08153369409002963, 1.0743497238183116e-105)
(0.04258651817468658, 6.647371712534911e-106)
(0.47922899133374053, 2.0565420313464616e-106)
(0.4993253448983965, 4.600860257474728e-106)
(0.3847747559613346, 1.242370912841797e-106)
(0.8649187090113828, 2.489753805244662e-106)
(0.7737582569127025, 9.042122189544643e-106)
(0.13727120766231773, 2.909812017861268e-106)
(0.6562959313885598, 1.6490707196280814e-106)
(0.35891181490463925, 1.4146260324820286e-106)
(0.9780383633626655, 1.3078137751397092e-106)
(0.34988892854218495, 2.2433769062154773e-106)
(0.7849234497424851, 9.082513994701884e-106)
(0.651766661091011, 4.968844919536318e-106)
(0.9151935986428844, 2.0533106675937339e-106)
(0.23203136059862015, 3.372994683770162e-105)
(0.8028721735693941, 2.2349442331578718e-106)
(0.41844166248748216, 1.3495361365084707e-105)
(0.6961830739603861, 1.2556663467984115e-106)
(0.6239096188316724, 1.272720371628692e-106)
(0.7503270622826003, 1.2902527795436954e-106)
(0.6602330123828247, 2.7837781774856853e-106)
(0.8086600414174876, 4.628917675569859e-106)
(0.5204244743608143, 1.7141424778771166e-106)
(0.4149537440997426, 3.6771927890312264e-106)
(0.0366641068677193, 1.0739045340379768e-105)
(0.8902071636362889, 5.051158740272872e-106)
(0.03138843082104511, 1.5660213899068727e-106)
(0.2013758537444071, 1.6375295475600194e-106)
(0.782457273944866, 1.2659438861648217e-106)
(0.3415625896565365, 2.2005504814618243e-106)
(0.40228083022126043, 2.0358643510404952e-106)
(0.26255994616870665, 5.981477245488903e-106)
(0.5932259306073294, 1.2222432966970631e-106)
(0.9615426049531777, 1.518697978226307e-105)
(0.4674803550518895, 1.6130197490313981e-106)
(0.7253051584343605, 9.956650224306655e-106)
(0.7485285729904995, 1.7733722768301537e-105)
(0.42923055911499725, 1.3948598339555156e-106)
(0.14880706481081107, 1.474025583298302e-106)
(0.0013668920469608549, 1.615338471344646e-106)
(0.8947154057412994, 9.340264467314952e-106)
(0.42732744225251945, 1.8399542363578276e-106)
(0.06703284999064296, 9.65309748148953e-105)
(0.6168435427841441, 1.1045429865563555e-105)
(0.992596395248914, 2.436975104762014e-105)
(0.795333882384239, 4.370346435445449e-106)
(0.9102114989049759, 1.2264139444728082e-106)
(0.7772502773697464, 5.858566456006946e-106)
(0.4233192816820647, 2.552682264022102e-106)
(0.6276235542565131, 1.5223623424577312e-106)
(0.5039317353616569, 3.4363726234825897e-106)
(0.11412599627176348, 2.0428048629906123e-106)
(0.6316401863598459, 3.7776439261066035e-106)
(0.19798435261502198, 1.7543463900496884e-105)
(0.7230812665829386, 4.592500638290171e-106)
(0.7689154657789373, 1.3017238679873215e-106)
(0.4794499947469021, 4.200683800335863e-106)
(0.9199043235994391, 8.308553453773363e-106)
(0.864899101681107, 1.6821448013964446e-106)
(0.16817904994359253, 4.228584269689885e-106)
(0.3078934285603487, 1.2347265687495195e-106)
(0.7109839422169653, 2.466841186527563e-106)
(0.2959646883659243, 3.1697223643083856e-106)
(0.49525768858280267, 1.3570732419327115e-106)
(0.931551909908757, 4.269741756463407e-106)
(0.29480437080740757, 1.2721647133351413e-106)
(0.7039940970019778, 1.8592996035487407e-106)
(0.11339360737694999, 4.2293139977551773e-106)
(0.5710321926135264, 1.4662891069023206e-106)
(0.8847840008782643, 2.2417735833669713e-106)
(0.678384135771148, 1.87955240510244e-106)
(0.5144515923627785, 1.2823398796605575e-106)
(0.3380798173155186, 1.2268252301881526e-106)
(0.7510605251620627, 2.5746295104322613e-105)
(0.35398467064666767, 2.460297626014035e-106)
(0.34293702603943715, 7.88317092665046e-105)
(0.8591977374930704, 1.30151991076212e-106)
(0.6069981962560987, 1.9476820712315025e-105)
(0.08790211533661083, 1.6158384680116745e-106)
(0.4700690807796747, 2.270811828533565e-106)
(0.7540831783285779, 2.0207255138095582e-106)
(0.999332526323732, 2.6211153443365063e-106)
(0.7101189021751707, 1.5558496049065784e-105)
(0.3883361757183332, 5.508715124165363e-106)
(0.28528744479478163, 1.3645441345479684e-106)
(0.7940919814229103, 4.0106098947056895e-105)
(0.8138412136409793, 8.513965224117509e-106)
(0.4031809863465435, 5.234366056546156e-106)
(0.3331726304664787, 2.257204343278541e-105)
(0.8273510212008294, 4.167800669583309e-106)
(0.16280542673370912, 1.7197999248531672e-106)
(0.2028422206333906, 1.3712363887148065e-106)
(0.19434715727961602, 1.6869794272770685e-106)
(0.11050670658035061, 1.5611671464232323e-105)
(0.12030410393228118, 1.2885990641297204e-106)
(0.48130707683990415, 1.8594366352065078e-106)
(0.7805673452766838, 1.885471691960309e-106)
(0.39967424563666587, 1.2623454154572803e-106)
(0.6810286523584801, 1.0181595822300591e-105)
(0.586239493103771, 2.2837467644569174e-105)
(0.4993577667582709, 1.4457049968556128e-106)
(0.44052353336163846, 1.7481943240070886e-106)
(0.9911165629170309, 6.273152812775783e-105)
(0.7651501432165436, 1.8053565807182196e-106)
(0.48100084351095435, 2.054494994959088e-106)
(0.019837491139056914, 2.270108230240893e-106)
(0.9935410162425876, 9.313394745524719e-106)
(0.1878037286347453, 5.930799957626114e-106)
(0.31484005145455185, 3.175932193956729e-106)
(0.07052774237679046, 1.5915026846979378e-105)
(0.3201904170920262, 1.5805836521378916e-106)
(0.919542883538179, 2.5116403353535634e-106)
(0.2898937944563637, 2.4749402356896937e-106)
(0.8129911857192962, 1.9841832901783053e-106)
(0.7514886045357638, 1.2299321900753589e-105)
(0.8520864175582997, 1.9456709696909378e-106)
(0.7897924620544327, 2.61930529762448e-106)
(0.49986884329554554, 2.5854778254675175e-106)
(0.18983566968113694, 1.7720262373709e-106)
(0.40483159607401514, 2.876982954800499e-106)
(0.2763897016496155, 2.5347637809852363e-105)
(0.28931172652871656, 6.179214555967741e-106)
(0.8994721445257431, 3.452817863915925e-106)
(0.7210913067016678, 1.7052024346286933e-105)
(0.5625329932829394, 1.4945406568434155e-105)
(0.05688038035755868, 3.132874238165551e-106)
(0.807685122436388, 6.0294488820301786e-105)
(0.33921652977243927, 1.5909125523673276e-106)
(0.2517069275949026, 2.9562870085616287e-106)
(0.7292296525228229, 1.487806987882141e-105)
(0.01175488725358954, 1.427842945684229e-106)
(0.29902931636783775, 3.5015394735242223e-106)
(0.7765170383035107, 4.067170358974353e-106)
(0.23293557910148202, 1.2822156286385666e-106)
(0.5677610071641592, 5.578279488426225e-106)
(0.9247953375353968, 1.5594283917061353e-106)
(0.6814914643199145, 7.844745540909531e-106)
(0.7115089934095984, 1.4510389942875623e-106)
(0.9904384939139305, 1.1060011068124587e-105)
(0.5470322710865267, 2.7095596858157746e-106)
(0.7606470649856967, 1.5191338554721736e-106)
(0.5286815932657086, 1.254662797326138e-106)
(0.32889344773822515, 1.2349583484675078e-106)
(0.8641851749274356, 1.4314244048651653e-106)
(0.38664961506571505, 2.8607970808405455e-106)
(0.21639178135649795, 1.4207248979744218e-104)
(0.039248288823351345, 1.5089961720974025e-106)
(0.7283702883147277, 5.1420498822999e-105)
(0.5841478371864687, 2.3926412790100765e-106)
(0.846562833506262, 2.962401333671156e-106)
(0.7061001935201977, 1.5613222377355194e-106)
(0.27911289322208843, 2.7771396708645474e-106)
(0.618226384657714, 2.5682102598839794e-106)
(0.1411649685972854, 4.328563774633959e-106)
(0.5305726102464647, 2.0004104380231908e-106)
(0.4144300618241653, 5.005829873131145e-106)
(0.5202298749520504, 1.8100327412783837e-106)
(0.6771038120254687, 1.71703699221241e-106)
(0.8491733068562406, 2.29929728283808e-105)
(0.6010160834706355, 3.5133351327676163e-106)
(0.053043453821121155, 2.9761787190836555e-106)
(0.3704075747655325, 1.6279455903219274e-106)
(0.06644766917142855, 1.6125830556759219e-106)
(0.9781520523392717, 3.393690657129606e-106)
(0.5622861438628596, 1.4271227978416147e-106)
(0.4397767365715579, 8.500358008004656e-106)
(0.1827790631297397, 2.4145716983038034e-106)
(0.2230907631631011, 2.0026276272558014e-106)
(0.9130859491514633, 1.2730107245931055e-106)
(0.09378789951142118, 1.717357306838974e-104)
(0.8495788411458535, 1.559260675109949e-106)
(0.6222399010667171, 1.3148297837561612e-106)
(0.06917384022382793, 4.623290090130461e-106)
(0.7426807758363964, 1.4406672050826388e-106)
(0.1625290235006498, 2.920961811489812e-106)
(0.23249012043272455, 1.788752955923924e-106)
(0.39448703939816443, 1.7072954931131887e-106)
(0.0789578252294118, 1.6679558251600807e-106)
(0.8036765661478616, 1.554708508714248e-106)
(0.5017151300154775, 1.6076160301034367e-106)
(0.3780073964402792, 2.499355690085066e-106)
(0.6463906586959886, 4.772721467196952e-106)
(0.6202720428698577, 2.554278030772614e-106)
(0.6165436370412273, 2.941228289404384e-105)
(0.05430606408219455, 2.7346717164976737e-106)
(0.6162762795465067, 4.228676356195682e-106)
(0.23496153679562243, 1.4374099564152542e-106)
(0.6600307522831154, 7.658293326898726e-106)
(0.7200689142632483, 1.6389742866430831e-106)
(0.08924752451084932, 1.3166105108471842e-106)
(0.4415247591515691, 8.3139158439979155e-106)
(0.4327238504347897, 4.69290002084617e-106)
(0.21333565513033528, 1.6372124831865946e-106)
(0.12729666683720062, 3.154835881960015e-106)
(0.14011385010670027, 5.239585229417536e-106)
(0.23485457094095394, 5.04441264259383e-106)
(0.09459099570689977, 2.9802539693142655e-106)
(0.37252730957256214, 1.801000972077042e-106)
(0.38788217130501007, 1.6110865662781388e-106)
(0.9697559530471674, 1.2442629850120448e-106)
(0.3508721810591111, 7.059631941775965e-106)
(0.25629576920699143, 8.321205924367141e-106)
(0.8527153755739496, 1.1239375981524698e-105)
(0.4951172451191048, 4.244376302498488e-104)
(0.634259009990004, 2.1725541134323647e-106)
(0.8678055299705367, 3.803417840125942e-106)
(0.09700575215105428, 1.4176488667861486e-106)
(0.27115181950450606, 3.158694772896899e-106)
(0.8116674902108786, 3.488967139977053e-106)
(0.6840519431926024, 2.535574491963906e-106)
(0.9259221115557678, 1.344125163795227e-106)
(0.1603530923459954, 6.645760516070609e-106)
(0.3435667196731268, 1.7316926776120322e-105)
(0.8878149865436281, 2.477775023804144e-106)
(0.5617692322781977, 4.212558470432368e-106)
(0.19513778266693627, 1.0976021101391246e-105)
(0.40300256173413407, 2.4529429566195963e-106)
(0.6637477241335131, 2.5634846551552042e-105)
(0.265654374600288, 1.731957858635879e-106)
(0.9040796715529842, 3.427702097204912e-106)
(0.8182504442037454, 1.3179932295015737e-105)
(0.2522748443495067, 1.503397178612276e-106)
(0.37013448422635314, 1.676093382886918e-104)
(0.32745885747991144, 4.0937401892485093e-106)
(0.24367292259820875, 2.851147620293792e-106)
(0.33200409104649115, 1.2691325098025244e-105)
(0.5982256455908942, 2.0361521566739448e-106)
(0.5852063972148897, 1.6210456193862006e-106)
(0.9491080953753246, 6.380539616116247e-106)
(0.6938529302544159, 1.2460857063333832e-106)
(0.10065951520244973, 6.542190097078864e-106)
(0.6230452334606983, 1.5896050574534913e-106)
(0.692037921018456, 6.160068031327736e-106)
(0.6248637128613034, 1.331074581281805e-106)
(0.7073750699742526, 2.0083392385934283e-106)
(0.982002011304579, 2.0334862195321142e-106)
(0.1277014281598758, 4.986673264762187e-106)
(0.14778736603647882, 1.4363122555525926e-106)
(0.9866422566816299, 2.1101567858555558e-106)
(0.1751454876222412, 1.502964011307118e-106)
(0.4668902783309672, 8.126673684722472e-106)
(0.9947444939483029, 1.768619915536698e-106)
(0.9090761562424607, 1.5178737369681526e-106)
(0.17168166659507586, 1.2939201704683396e-106)
(0.7325378073940292, 1.5690896169562333e-106)
(0.4036424021395276, 1.4835138979505236e-105)
(0.06505374708559201, 2.5163313142974853e-105)
(0.45732068749178717, 1.2376197004428132e-106)
(0.1766573864501574, 1.968570005447741e-106)
(0.620856049688462, 1.3355778957618308e-105)
(0.6692097348834207, 2.182555652302054e-106)
(0.5819517046659535, 1.8709271174476232e-106)
(0.6380834135205422, 1.5306467456316235e-106)
(0.4369056323910768, 1.3523299468235601e-106)
(0.4120353583288967, 2.212255528073462e-106)
(0.22493076710023865, 1.5229860618551998e-106)
(0.3706826830087666, 3.374133238089393e-106)
(0.4328119603283787, 4.938798527710972e-106)
(0.40476650036989464, 2.665092762467107e-106)
(0.09207820725044483, 3.633168278294998e-106)
(0.7077101480421675, 2.339364262713204e-106)
(0.38953812611527683, 1.5516160339074e-106)
(0.9931758068628943, 1.0129906036438122e-104)
(0.7873295363908662, 5.52472568552039e-106)
(0.2053049708981343, 1.3312091782633137e-106)
(0.902599079548349, 3.646829434252272e-106)
(0.9448975595778129, 1.6048397632621074e-106)
(0.4719984774303347, 1.2741273078048667e-106)
(0.7751748590490857, 6.920367817786829e-105)
(0.9702494567293461, 3.2982952108383e-106)
(0.5648303450755486, 2.180294660637768e-106)
(0.6537971325032041, 2.2259537552353587e-106)
(0.12897813827250712, 1.5001409324463074e-106)
(0.4898396015691729, 1.9413623422918326e-106)
(0.6875602863490908, 1.8239477224298624e-106)
(0.05030285922020975, 2.7803266168953187e-106)
(0.965090719430712, 3.4080792761686704e-106)
(0.08295233512490015, 3.690491177002512e-106)
(0.1876329682543415, 1.5988330931534152e-106)
(0.7696686469632995, 7.774826605189938e-104)
(0.5416869147013368, 1.3040101705873743e-106)
(0.7375322877803758, 1.7518300044794465e-106)
(0.8321335185944512, 2.8976613110596174e-106)
(0.6196544914494657, 9.091092611323301e-106)
(0.6329861258922029, 1.296910181951194e-106)
(0.09470436404542018, 2.004177182066276e-106)
(0.46308593641655205, 3.5699123522560803e-106)
(0.1983544273021145, 1.572086882946964e-106)
(0.28708497079736833, 5.2515451473970805e-106)
(0.2386405615745686, 1.8828259894175201e-106)
(0.6416340192521902, 1.6835007043428728e-106)
(0.9117954848509376, 1.9602299879129014e-106)
(0.42792439508546404, 1.2829972035514664e-106)
(0.32621242931590716, 2.0914270643547948e-106)
(0.7793938919305242, 2.6363908363888104e-106)
(0.6245744508545525, 1.3612500574082005e-106)
(0.8776211686150936, 1.6758517568305498e-106)
(0.6643214958555723, 2.527777252928351e-106)
(0.4434746427815577, 1.552016847626611e-105)
(0.0361777146256476, 1.6286562376876745e-106)
(0.5020962427565318, 1.4593593408065464e-106)
(0.16601572302375814, 1.301089418388873e-106)
(0.4611316097099715, 1.448621356701053e-106)
(0.4073152099886142, 1.4859158252491671e-106)
(0.8395549844011955, 2.438458319896926e-106)
(0.6333121894751592, 2.2570700019633905e-106)
(0.09082044552220746, 2.713090987795074e-106)
(0.5153050134760793, 1.3735277494607006e-106)
(0.4813823518773766, 3.7633396747932404e-106)
(0.5715430901848612, 2.768084427122489e-106)
(0.09756364659370859, 3.099932294682223e-106)
(0.3766620530100713, 3.597997435509278e-106)
(0.6749725748005404, 3.5057631095404825e-106)
(0.797170933453404, 1.5541372070696038e-106)
(0.8155011560668054, 4.145282928963269e-106)
(0.5301842756955422, 2.52562818220474e-106)
(0.0676529244394434, 3.4870892722844446e-106)
(0.4653581076793834, 1.9574800284931418e-106)
(0.6377115705873357, 1.2235578787040105e-106)
(0.4385097327941579, 8.332723581528105e-106)
(0.3209659053431993, 1.8118314511118909e-106)
(0.4038986065034204, 2.7392855246749067e-106)
(0.18599930054039057, 1.491087940742303e-106)
(0.19573762138160777, 3.216015797884634e-106)
(0.2666413346821829, 4.872537269873729e-106)
(0.13973397663177195, 6.297754969751108e-106)
(0.8163155477834262, 4.599806618043829e-106)
(0.4391090023983995, 3.053746233760017e-106)
(0.8777574709111848, 1.8150811569930555e-106)
(0.9593756596770467, 2.0039564753552588e-106)
(0.46570714680570374, 5.196218247785444e-106)
(0.929286810094225, 1.2724807549218993e-106)
(0.627663102773904, 1.3614373304632072e-105)
(0.07403169364115629, 1.4028151955291462e-106)
(0.633641907232841, 1.905844448149868e-106)
(0.7582146260924509, 2.1245045334097916e-105)
(0.29104888362022224, 1.4997643291842635e-106)
(0.4230341317735838, 1.4682943522195389e-106)
(0.006967452115641367, 1.5707007252240647e-106)
(0.6774761497283257, 2.7047910382161253e-106)
(0.82214181911479, 1.392962822922269e-106)
(0.46810777403464054, 1.6466544025333904e-106)
(0.43627279719749507, 3.151438981174529e-106)
(0.38818141292554215, 6.604605545992775e-106)
(0.30997116760470095, 1.535356774079137e-106)
(0.04111078717587788, 4.769195933551056e-106)
(0.7532076040276063, 1.4761389392059457e-106)
(0.21228502852007186, 5.193670839944988e-106)
(0.6806743606750262, 1.5768633282095982e-106)
(0.3539452721537564, 4.147131657682264e-106)
(0.3082691030878404, 3.3799787438347314e-106)
(0.3388505464268191, 4.015736752465576e-106)
(0.17406151983881643, 2.5190108714444574e-106)
(0.9554789956051077, 1.0873076334923005e-105)
(0.41837334772566487, 1.773728906906988e-106)
(0.8984707373158596, 2.1029868250117962e-106)
(0.15658330210826765, 2.1398845005385353e-106)
(0.6868409154956252, 3.012293031287007e-106)
(0.40554879022276374, 1.924180569222287e-106)
(0.08372841029277683, 2.665303307690993e-106)
(0.538237915452228, 1.288785563729312e-105)
(0.7247672987755677, 2.6473069963845096e-106)
(0.8941996390406788, 9.70566165150239e-106)
(0.8628310270999339, 3.4999270197447077e-106)
(0.12522816322095587, 8.895605314371505e-106)
(0.7019158226763866, 2.263567136529812e-106)
(0.689887042140945, 1.4146340455474161e-106)
(0.6364427267527152, 5.102129115543144e-106)
(0.8488722214559921, 1.2618974942380357e-106)
(0.48963646386900433, 1.7671970420235732e-106)
(0.9893263097210956, 1.6245487064025556e-106)
(0.510377833689569, 1.7937232050981757e-106)
(0.3731801263846269, 1.2341584787582604e-106)
(0.6051877471071242, 7.6130856872391495e-106)
(0.3158633023271499, 1.6253692390055641e-106)
(0.551267992051482, 8.15021131684852e-106)
(0.38649870715853, 2.297551195966727e-106)
(0.18525069090003865, 2.788022246676083e-106)
(0.7168025538768118, 1.5347678974879658e-106)
(0.8684401281946275, 1.613718370814973e-106)
(0.3915086015697317, 2.4942380736704804e-106)
(0.09419037697105513, 1.955049828651828e-106)
(0.29031354268504034, 2.1173918182780808e-106)
(0.6073671028853982, 3.1292954267570605e-106)
(0.7925235578975193, 4.157437485198349e-106)
(0.5626425883032776, 7.238746636088345e-106)
(0.5479973510122986, 1.5275275570634018e-106)
(0.07528343136806065, 2.7869049975561603e-106)
(0.6741375758226384, 3.276574673990754e-106)
(0.4472670828970682, 1.659340468620492e-106)
(0.35592129645395626, 1.3219056850891368e-106)
(0.08214875858342846, 1.6613762705886011e-106)
(0.3070932833919488, 4.1590358528839193e-106)
(0.15742028488849102, 4.253390366044749e-106)
(0.8616225358285767, 4.490521893963156e-106)
(0.2397934716834835, 4.3168541761763444e-106)
(0.18064601909994593, 2.7564848045247125e-106)
(0.09014719217498077, 2.0323523432457864e-106)
(0.18711863368988052, 1.9026349247038072e-106)
(0.11798698117222856, 1.505247884636999e-106)
(0.9518860041209791, 2.1079770932203656e-106)
(0.5705291444742028, 1.3208770739966466e-106)
(0.6641016472790227, 2.520992226501093e-106)
(0.7448053032926384, 9.228935017068598e-106)
(0.019211820498211914, 2.105062251000155e-105)
(0.049093089902030804, 3.088822080928172e-106)
(0.2719143416143787, 1.8742674220122127e-106)
(0.5495366989846723, 1.873010751266963e-106)
(0.5537656824471825, 1.4935903052554047e-106)
(0.9522295759322744, 9.418091465492462e-106)
(0.2428357501933632, 1.2533243453732244e-106)
(0.8232101828783648, 1.3595687173488167e-105)
(0.5319368584004034, 3.138955965265294e-106)
(0.3075934163866518, 1.051392209903402e-105)
(0.30165780176601126, 1.8589096154411774e-106)
(0.32303393339918257, 7.642685188938176e-106)
(0.8280928531014091, 2.263550201245228e-106)
(0.08463388783617207, 1.3048998465058425e-106)
(0.3510790791782977, 1.7283877121968365e-106)
(0.02292898435905802, 2.832612987744714e-106)
(0.9688073615930628, 2.526426174900619e-106)
(0.08047419947356375, 1.675433246545125e-106)
(0.7256494062530261, 1.526206562560654e-106)
(0.5091518788161974, 2.6434289332255037e-106)
(0.07113278293159225, 1.4939276172149452e-106)
(0.23443283718105318, 3.709096207424419e-106)
(0.5082587312006084, 5.028401657919907e-105)
(0.5768244269156761, 1.468556333788867e-106)
(0.2311306672727134, 1.3052104400673826e-105)
(0.7066446406586896, 1.2716443334482861e-105)
(0.9069973137404715, 2.1438725825893266e-104)
(0.419381706052891, 1.7866233947904042e-106)
(0.3725945266891912, 1.8430333054925406e-106)
(0.7210523583510692, 1.9371076033352786e-106)
(0.520121939156115, 1.3323337958096394e-106)
(0.8115676201584102, 2.893094919325356e-106)
(0.17202669260168008, 1.6891739273798796e-106)
(0.45687256598004383, 5.73248378305804e-106)
(0.04563269392139969, 1.2804594479087832e-106)
(0.6840897745938747, 3.109856105261554e-106)
(0.6884164519198314, 1.838623695081748e-106)
(0.5192595196984079, 1.2709104541811148e-106)
(0.22054658205395294, 1.4568143608999423e-106)
(0.9861507234737175, 7.376613275183281e-105)
(0.44429230962129085, 1.4054656701347278e-106)
(0.37263734008277377, 1.2874566580829446e-104)
(0.00981390305938675, 2.353707094814485e-106)
(0.7611933491852059, 1.8117966146049209e-106)
(0.4738383050116221, 3.6764978373766195e-106)
(0.5623763238666735, 1.2785620553927458e-106)
(0.09591519085547101, 3.408451328568679e-106)
(0.8573285994473498, 7.572792775231992e-106)
(0.5795571918706125, 1.3634231945039487e-106)
(0.0023663654452150983, 1.8924658471252222e-106)
(0.8787207937391281, 1.1809711296296756e-105)
(0.660781154210007, 3.572111970685491e-106)
(0.051675083583792095, 2.25620978769758e-106)
(0.29008392789697784, 1.0739542058154744e-104)
(0.18790444630744843, 3.4251394715268817e-106)
(0.9364384766069034, 1.6848191017031117e-106)
(0.5419466318015962, 1.4623284329520195e-106)
(0.9731847752048178, 1.7065673780383519e-106)
(0.6971730731935635, 1.230352039618149e-106)
(0.972519470864246, 1.2431969555023208e-106)
(0.3370585596796235, 1.52125226081442e-106)
(0.6100675720583757, 6.84189400105457e-106)
(0.9551117993476252, 1.708427692499769e-106)
(0.5833675062438848, 1.458006686010682e-106)
(0.8839393247838124, 1.2869327868558481e-106)
(0.612136685064817, 2.5609929085847604e-106)
(0.47254173608231154, 3.677315749548587e-106)
(0.007850893705993253, 5.484730276116334e-106)
(0.28432940192168377, 3.1184574225992056e-106)
(0.9918593024065859, 2.1130458837107124e-105)
(0.13795693223121763, 1.4872376507302552e-106)
(0.8435319719436888, 1.8386128679703616e-106)
(0.20732598432038424, 2.018443737045167e-105)
(0.4464464525955696, 6.855903937609417e-106)
(0.904956239270821, 1.463327617427959e-106)
(0.0247858252569815, 1.6082176366055322e-106)
(0.0010582329633937863, 2.5380366040424527e-106)
(0.38938045832208407, 1.2963357902189628e-106)
(0.4601387419532485, 1.24783167467472e-106)
(0.37783921056508996, 1.4845125333625137e-106)
(0.886825412621596, 3.733531749190945e-106)
(0.9223602616845774, 1.0701796733188868e-105)
(0.4070122559588006, 5.048097692666904e-106)
(0.7191066054447595, 1.2919173194240333e-106)
(0.3863938606532698, 1.2673628182894389e-106)
(0.9805834097939956, 6.809245387124097e-106)
(0.9575392510174461, 3.760135400405667e-106)
(0.019319002832001542, 1.6045892847836447e-106)
(0.2591990382529306, 1.3280605779098606e-106)
(0.3539295668171366, 2.1452850692924457e-106)
(0.7683892079428241, 2.0244826459082962e-106)
(0.950715769443586, 1.245269966867859e-106)
(0.11980518247175687, 3.958336833822544e-106)
(0.018675936041832968, 1.3415177762041795e-106)
(0.7858483726593644, 6.72370412586397e-106)
(0.9485903666245092, 1.8716203418936688e-106)
(0.9543858952134274, 1.6341324275071632e-106)
(0.5984118514545451, 1.889891760818685e-106)
(0.13310536551906849, 1.7231645428692287e-106)
(0.027231609479460316, 1.9734188715286856e-106)
(0.5226697461941372, 1.4936011498490644e-106)
(0.8212528844671867, 6.498845823329635e-106)
(0.40702990035961384, 6.601663611550527e-106)
(0.7879700118134699, 5.707916151907043e-106)
(0.48034625240111684, 3.207476196009623e-106)
(0.4907202235487083, 5.126064626796588e-106)
(0.1326764645884274, 1.7744014682929585e-106)
(0.5791539709857842, 2.0788063097395694e-106)
(0.4922130237658691, 1.6320284066524817e-106)
(0.1104730314951981, 2.606426562291415e-106)
(0.40106597074423533, 1.4242206038704114e-106)
(0.48511554883799685, 1.3045890072129696e-106)
(0.20357210291874553, 1.5075051153606175e-106)
(0.8231147121213757, 1.2346963654863524e-106)
(0.5179161870240447, 3.9838927302216535e-106)
(0.07094465142367823, 2.381240004640945e-106)
(0.12246309534091306, 1.2740169584244366e-106)
(0.40997275859322263, 1.4877920934193428e-106)
(0.22668283356629015, 2.127430175129537e-106)
(0.15306803553441722, 1.4400296954555485e-106)
(0.020021179608737005, 2.933786976573972e-106)
(0.1265093506424049, 1.558432688637031e-106)
(0.8077821247504959, 2.691315857914182e-106)
(0.7493541050807666, 2.268609133727387e-106)
(0.8510607742116274, 2.1072495405994942e-106)
(0.989143297907121, 1.34797111326355e-105)
(0.24916773031178222, 1.3391647233965938e-106)
(0.13997152066129095, 4.017627182235344e-106)
(0.6479286916792396, 1.0262219516782504e-105)
(0.6852635648941947, 2.353390433769063e-106)
(0.8508640411854793, 2.286361828325907e-106)
(0.006667193082519777, 2.338698997042656e-106)
(0.3738617873042656, 5.691699056155566e-106)
(0.4718768142862103, 1.5115720593903968e-106)
(0.1715554180440383, 1.5129920437938967e-105)
(0.4759742316205284, 1.0835543206202465e-105)
(0.24069906379187447, 2.877443177114757e-106)
(0.10696025672242358, 1.567024103154996e-106)
(0.5363693085638509, 4.1772769111830223e-106)
(0.18153597809927222, 1.9131465980814168e-106)
(0.7347744252750198, 3.311916884640264e-106)
(0.3106665224775337, 2.6608390184726887e-106)
(0.9553838368999991, 1.4394374518496487e-106)
(0.900378031303094, 3.3429550799838278e-105)
(0.17973204361584894, 3.755898765935593e-106)
(0.9775236881065473, 2.320078176103818e-106)
(0.519864398846994, 2.6193382478322914e-106)
(0.29616086737569225, 1.4583818955173745e-106)
(0.21827598124683967, 2.0004814782244765e-106)
(0.38625740938194575, 2.732789799715754e-106)
(0.08805347596754147, 2.5418194975999454e-106)
(0.4395115792015168, 1.7933518803751389e-106)
(0.8386822927222468, 2.5408120741326477e-106)
(0.15862015700701057, 1.4889252115565262e-106)
(0.4007748046443513, 4.0633779032317167e-106)
(0.033239683483687464, 2.579592506949923e-106)
(0.5744081390836497, 2.1608886273963652e-106)
(0.3667132006527407, 1.7539857820715758e-106)
(0.5958721746695704, 1.8614633274372798e-106)
(0.49225631109816953, 1.7450489705545439e-106)
(0.5612497980963833, 1.395292054298629e-106)
(0.4529936675452941, 1.3262924899576269e-106)
(0.5062704465287526, 1.4722078652379565e-105)
(0.6874712040135135, 2.3769078703222246e-105)
(0.20957059707623554, 8.200836222682832e-106)
(0.535663440652968, 1.6688260053767185e-105)
(0.351401472898732, 2.501351293054567e-106)
(0.25008315816013876, 1.4245939994196078e-106)
(0.29475265063194633, 2.3259390358439823e-106)
(0.7825290067565484, 6.162981339924516e-106)
(0.41269510294907347, 8.291879425887307e-106)
(0.32072247250722236, 1.4159653993763166e-106)
(0.2899824718040327, 1.687338156584776e-106)
(0.7344720699513045, 2.379868928243972e-106)
(0.09318833289182003, 1.7104979670343574e-106)
(0.18632635789419044, 1.9492821784765392e-106)
(0.004145026927490768, 1.296275837727869e-106)
(0.35303450893896526, 2.0027395479168998e-106)
(0.08196902651060785, 1.6320753705702781e-106)
(0.8877822741866035, 1.5448820652777327e-106)
(0.10218473466564683, 1.9345407215233456e-106)
(0.03738495745471955, 1.303937234013109e-104)
(0.17652993011563226, 1.047745967062801e-105)
(0.6875343193988767, 1.957264793975609e-106)
(0.402999804164781, 4.792710558975431e-106)
(0.46098002811951977, 2.2881678017103177e-106)
(0.4756264902882192, 2.9035551153117224e-106)
(0.0038157547506283453, 1.4455939451503657e-106)
(0.34800548660119424, 1.2093873131114505e-105)
(0.5483549924685898, 1.59874455133059e-106)
(0.5064618814197166, 1.796380988579177e-105)
(0.5168254184486158, 1.8443792682654747e-106)
(0.8369290192482423, 2.441055941624347e-106)
(0.513464761876648, 1.6413512724432567e-106)
(0.2235026850411921, 2.1339288743847119e-106)
(0.7111781931104227, 2.5087173575010174e-106)
(0.8416419000188566, 5.184927464419836e-106)
(0.42925894192572495, 1.327357643843361e-106)
(0.8181794160372929, 1.879348862261293e-106)
(0.4197174057305676, 1.324736446254915e-106)
(0.22459985746251734, 1.3592740706827392e-106)
(0.994595623110303, 4.204988232042196e-106)
(0.0016138418240211935, 8.652343845137372e-106)
(0.6321042516014945, 7.781675921196256e-105)
(0.7537026979447752, 5.737526177327164e-106)
(0.8189298938676042, 1.304497889906151e-106)
(0.6220002744138813, 1.9362514669381507e-106)
(0.9952222396831233, 1.847471065178752e-105)
(0.35493066857952893, 2.7138679525145674e-106)
(0.9681943364560814, 4.350380121906017e-106)
(0.4376762280853001, 2.0101353880377834e-105)
(0.2626596332909869, 7.89597603603553e-106)
(0.20730713877272477, 7.65825634227013e-106)
(0.4421838645861983, 1.253849014871628e-106)
(0.118675387978475, 3.2115164125777196e-106)
(0.4639616838487675, 3.3637536281078426e-105)
(0.9782667417196215, 1.540722429143548e-106)
(0.03490062994774865, 4.0961737903388667e-106)
(0.6694724699730781, 1.2309200474806446e-106)
(0.8368978980129603, 3.2250920491509834e-106)
(0.7320858957253108, 4.719704843525822e-106)
(0.6209707950388585, 1.287857245398825e-106)
(0.5094140091257935, 3.3689581885105466e-106)
(0.43507135315299206, 1.7471651758139753e-105)
(0.562373301375532, 2.0795752787929992e-106)
(0.5942076722168607, 2.9204481220360277e-106)
(0.37790381961151825, 5.000040458994572e-106)
(0.6979214782607731, 1.6869860313003705e-106)
(0.27075498531816705, 1.8311493537381435e-106)
(0.8739773938834493, 2.191308838604764e-106)
(0.20397193052619736, 1.346027574982199e-106)
(0.399620689938343, 4.771053580200544e-106)
(0.5797223238870158, 3.72336368365678e-104)
(0.7431817028063767, 5.199025816618945e-106)
(0.3484273190900278, 1.5489962554767936e-106)
(0.3034428870211031, 3.448680704164605e-106)
(0.3661559371463407, 2.0538522797358905e-106)
(0.13287646143516163, 1.2426433113792062e-106)
(0.5335846082643257, 1.294612391513755e-106)
(0.08480810686700539, 1.4698823301459859e-106)
(0.11866723685704078, 1.4152699846435357e-105)
(0.5295694581280358, 2.410522456616019e-106)
(0.8896827354672451, 1.1469523928011509e-105)
(0.8379586759280597, 3.831777127590153e-106)
(0.8278554392212646, 2.4314527303237894e-106)
(0.9953041222636608, 6.772004956270599e-106)
(0.8296395297836623, 1.9594219741424563e-106)
(0.6841538260211086, 1.2752249353673418e-106)
(0.8880699253832295, 2.7760296758184794e-106)
(0.3713711885740814, 1.436884273307829e-106)
(0.4192884790573998, 1.3090244910461354e-106)
(0.6502446502420703, 9.562106846733095e-104)
(0.9453753728357791, 1.4427098464571555e-106)
(0.04231021558307387, 1.6059123527574214e-106)
(0.36461496803463134, 4.090704026243974e-106)
(0.6199476656017294, 2.0005916233717887e-106)
(0.08920995811286438, 1.1053892285388837e-104)
(0.7433669895806091, 1.6800066063524323e-106)
(0.0450215853655972, 2.6016120344764787e-106)
(0.6464854500411045, 8.337915032972533e-106)
(0.28427274326033514, 7.398971112245773e-106)
(0.7333142762123904, 1.5140237792948306e-106)
(0.6454775154705135, 1.2769248295719045e-106)
(0.8547219606401929, 4.376879285408673e-105)
(0.309097198405405, 1.9279253743894324e-106)
(0.8618857151012528, 2.7641182380735727e-106)
(0.34742611262720585, 2.535741989062078e-106)
(0.2547508900204652, 2.9357897189641144e-105)
(0.44546618064724613, 1.318858834236477e-106)
(0.02782514541202919, 8.327812174023142e-106)
(0.3380719383945147, 1.5876471941450627e-106)
(0.9081480812229761, 1.3707220228657418e-106)
(0.46664020122991456, 6.149734262232147e-106)
(0.677584891899341, 2.692042191732626e-106)
(0.3704570155827215, 3.729059846089335e-104)
(0.5000553288066958, 5.817838680642164e-106)
(0.6702653302606282, 1.4292008645497955e-106)
(0.3410399409295807, 1.7454305818743107e-106)
(0.08396175854984743, 1.4150489584569956e-106)
(0.6120106598844951, 3.162724094244957e-106)
(0.5530987654488911, 1.384987460312132e-106)
(0.7538557363966653, 1.4178906469373081e-106)
(0.6740687959403922, 1.9143360644426513e-106)
(0.2078673980896769, 2.7429270559702123e-106)
(0.8830779744228818, 1.385442598264657e-106)
(0.29163240662794715, 6.691291039975972e-105)
(0.10454352838245565, 2.134854371972246e-105)
(0.3145113977972186, 4.245349992106409e-105)
(0.07728242248554575, 1.587504147417159e-106)
(0.9192375355458237, 2.384141293748723e-106)
(0.7437496223601539, 3.1541110952306503e-106)
(0.016785187217570652, 2.8222230928502643e-105)
(0.9222122481247039, 3.5070092451691553e-106)
(0.6394934210073467, 1.8208517221498778e-106)
(0.561308718781176, 2.1722914658558265e-105)
(0.49180695239802646, 4.921879065859072e-106)
(0.9305250927646519, 3.2135399248155534e-106)
(0.4575668549544774, 1.2478912304488017e-106)
(0.7785501880230153, 1.6546204120041534e-106)
(0.7638057779938138, 1.777381533995285e-106)
(0.46294537637445426, 3.92535935716997e-104)
(0.526232961378041, 1.4150128250500333e-106)
(0.25458526856310776, 2.8028611435114016e-106)
(0.14370453741646128, 6.614956893512944e-106)
(0.8659967076768142, 2.6090766310984366e-106)
(0.6815931969623078, 1.4262158579653623e-106)
(0.6782607589087238, 1.4275555740550651e-106)
(0.21689804540107174, 8.85542405016625e-106)
(0.24279809148081735, 4.653650495524307e-106)
(0.8635797253526808, 7.702014915830153e-106)
(0.6910593090921399, 1.9657018464786146e-104)
(0.06813278325537749, 1.9858342553125254e-106)
(0.8723791763065204, 1.843846910163216e-105)
(0.5217626959435778, 2.1630302802351177e-106)
(0.1701653758777154, 1.5165043279544644e-106)
(0.15823250392304478, 4.2296818903670316e-106)
(0.5068376936596252, 5.215747203603035e-105)
(0.3355727006224981, 1.4821222154449743e-106)
(0.2388493396065234, 6.808873177341779e-106)
(0.34508565263980007, 1.4740980476964888e-106)
(0.5629690297178686, 6.199849671808787e-106)
(0.882639789976199, 1.7546398520355492e-106)
(0.3628349403845532, 1.7674669766107e-105)
(0.45331874545566303, 9.175350841449224e-105)
(0.24362560924745702, 2.475789383615266e-106)
(0.9566149981142869, 1.5794920392391768e-106)
(0.29985122304344985, 4.172510214665307e-106)
(0.002433106856768349, 7.798145390190876e-106)
(0.3458495109539128, 3.5599988277318133e-106)
(0.4208831502409801, 5.336134974862108e-106)
(0.8662930159338083, 4.264833760371116e-106)
(0.44103520680953795, 1.378560058031736e-106)
(0.711473615783558, 1.23167107041459e-106)
(0.04572303564373648, 1.995882894770772e-106)
(0.9980586011669355, 3.90127333711728e-106)
(0.5216654772559585, 1.2253690719813206e-105)
(0.8756546223571416, 2.693600996583642e-106)
(0.33036122017099206, 1.2601988048179508e-106)
(0.3096546439694344, 2.265874305775711e-106)
(0.7091048471847093, 2.2788827526401912e-106)
(0.9467891314027133, 3.7497048707363986e-106)
(0.4848587731173202, 2.245635591577781e-106)
(0.3991201566943021, 1.8500280266237645e-106)
(0.6139589868895732, 1.5884098814690296e-106)
(0.29429178800792605, 1.4521168647243273e-106)
(0.07590864919223912, 1.4460730273037245e-106)
(0.0025448700673485667, 3.590639546055142e-106)
(0.3502143021644139, 1.640049782265117e-105)
(0.8955189895899732, 2.8141561715068515e-106)
(0.20553080094036966, 1.888214993605406e-106)
(0.8474771694763397, 6.045308800810524e-105)
(0.3240253833288076, 3.824734930980564e-106)
(0.4933050776523693, 1.2647961806760172e-106)
(0.6268982557205692, 2.695309016995259e-106)
(0.4121349829144306, 2.4567799403847865e-106)
(0.46567943500202424, 4.714590255525249e-106)
(0.011253491242447405, 6.788142292695103e-106)
(0.7563764657127706, 1.7732573747743047e-106)
(0.6242695529827589, 7.606154844995177e-106)
(0.5940889459288127, 6.041408147100257e-106)
(0.5664903119865815, 1.214686588043965e-105)
(0.05395927751561994, 1.5260179003447714e-106)
(0.6724855407203398, 1.5544634496963968e-105)
(0.0823666238933825, 9.26187725180477e-106)
(0.7097686305771165, 1.632296249288176e-106)
(0.1871079617184153, 7.060762405818274e-106)
(0.6923022353778605, 3.3079329236246046e-106)
(0.008201903515827428, 1.346417916668479e-106)
(0.05135483400651281, 2.820133236424273e-106)
(0.2645352108007355, 1.7233281675593298e-106)
(0.18951894312326273, 1.0623544061712485e-105)
(0.9349232598658717, 1.7884251880382512e-106)
(0.4142648502230514, 1.6034742346719018e-106)
(0.2683538889413506, 1.2201114196453837e-105)
(0.09884410172312852, 1.2530278339612867e-106)
(0.036398956905364495, 1.528827466722473e-106)
(0.12092319181936977, 1.3796083950966226e-106)
(0.7251471100144276, 2.062469434912977e-106)
(0.028525703881782893, 2.3701876316033784e-106)
(0.6483006732608281, 3.5176921103021797e-106)
(0.46102454176490615, 2.418541329754617e-106)
(0.33748081447966777, 1.2765174295945214e-106)
(0.74997196267931, 1.9177146197488741e-106)
(0.05222063747685537, 1.7304695091832208e-106)
(0.4843773092143225, 2.0014691986170878e-106)
(0.17110906195253758, 1.1861855985793623e-105)
(0.01743148128830112, 2.8980247163541924e-106)
(0.7782297906376072, 3.3723754348161946e-106)
(0.9935899001118244, 6.5020924063984e-106)
(0.891925462605533, 2.490700624533403e-106)
(0.7004792792458346, 1.720096826694752e-106)
(0.577268646892553, 1.5466819542704615e-106)
(0.393767438394861, 1.982576035716266e-103)
(0.07033495742810136, 1.7888091002520512e-106)
(0.06980369008349178, 8.177061546631487e-106)
(0.13948157564195557, 2.6877031889431337e-106)
(0.020799651386313338, 1.540293723567338e-106)
(0.4809278084714459, 2.905617634680188e-106)
(0.26473348480320097, 2.68497470218159e-106)
(0.6423147193782371, 4.39192097719141e-106)
(0.35766514069326083, 1.269521710221826e-106)
(0.5340338039131757, 1.174796214381259e-105)
(0.06972771847215983, 1.3685324770237656e-106)
(0.852673725594154, 1.8768709702288035e-106)
(0.004904493015618604, 7.335156984616571e-105)
(0.5592904527681924, 4.545562837747633e-106)
(0.9606975427931914, 2.0436216591938674e-106)
(0.691432771849638, 6.78155195812599e-106)
(0.6377522502800826, 1.1960183142592973e-105)
(0.35135315293599817, 1.25370320965325e-106)
(0.41128989429441876, 1.8241735417009011e-106)
(0.901910599861982, 2.97688694420578e-106)
(0.36038221350943733, 2.305955048431776e-106)
(0.7737980156726424, 4.5758382952533265e-106)
(0.5920531858568887, 3.347677386240451e-106)
(0.3690129669567383, 1.2563263543465586e-106)
(0.2756291890581782, 1.1920488270643224e-105)
(0.7121151356265607, 8.058338671765012e-105)
(0.06913758556356117, 2.919701598998999e-106)
(0.52776337154679, 2.6484813446248865e-105)
(0.9872330698070292, 2.0520385885110826e-106)
(0.7062875948363192, 1.3159530462546738e-106)
(0.7149500636091106, 1.8454572176931468e-106)
(0.8220831393593963, 1.4443305338586583e-106)
(0.010525214348385336, 2.2779463102649276e-106)
(0.6062658372344045, 1.3244250853565954e-106)
(0.17718913634068095, 3.153976024332006e-106)
(0.47804839065772087, 1.527117846104284e-106)
(0.10712729148091019, 3.7109859645493523e-106)
(0.24016495050388167, 1.2799102987964822e-106)
(0.8552097045193396, 4.010365470112816e-106)
(0.393609015153216, 3.1473246709825013e-106)
(0.41605003949235464, 1.219181334358752e-106)
(0.24279193270036686, 1.60311394299322e-103)
(0.7538287522972499, 7.901823959745218e-106)
(0.03692142038819053, 2.074571311960161e-106)
(0.3903723337942777, 1.7321524046865227e-106)
(0.8917392851948236, 1.7221375503989803e-106)
(0.8756694629012831, 1.011436280795123e-105)
(0.8153907622761815, 5.716949974365056e-106)
(0.7742201261928977, 2.1741504770172125e-106)
(0.5629904310585179, 5.279418673994515e-106)
(0.5307348047378776, 1.3167254628191637e-106)
(0.6035330619229189, 1.5804977266738085e-106)
(0.9019161731820766, 1.5381333098293694e-104)
(0.6162263908182103, 7.745465727899407e-106)
(0.0790355959595697, 6.6386161832298525e-106)
(0.6358829054357968, 2.1544583789841742e-106)
(0.7712605866096153, 1.6961059065139963e-106)
(0.26327254509147097, 1.562912832717882e-105)
(0.809857121510504, 1.6525361482349922e-105)
(0.6415339045123637, 1.470125718823919e-106)
(0.7435554763502393, 1.3759074011295207e-106)
(0.4339544368506711, 4.086329539482309e-106)
(0.749703850879829, 3.3093144277336315e-106)
(0.15116683391671973, 3.3827274162194754e-106)
(0.753739358742826, 1.306240283290945e-106)
(0.3403005750267371, 3.436340320676909e-106)
(0.98207340070684, 1.2691564786707672e-106)
(0.8847959841607206, 2.4720028133688837e-106)
(0.08687395715908763, 1.6843362790155381e-106)
(0.1292162104504397, 3.834478798055983e-106)
(0.5486341002483378, 1.2908838786421355e-106)
(0.6413985506433502, 1.3030721316460105e-106)
(0.8014537428026787, 1.5370340936018133e-106)
(0.24409600367837353, 4.312759079528492e-106)
(0.8060740965266212, 1.841075463438981e-106)
(0.21375256630178083, 1.4687198048327735e-106)
(0.5488882583855053, 1.2936444862262082e-106)
(0.6865063631603378, 1.2395106052815547e-106)
(0.44492403680754794, 2.804052064943515e-106)
(0.22263324007265617, 2.185636872475133e-106)
(0.45890186318740994, 8.889674942347797e-106)
(0.7889021001748732, 1.7218984003310116e-106)
(0.2306563439132496, 2.546918700662623e-106)
(0.3898070811418306, 1.522710071395725e-106)
(0.24570541964701526, 1.9259826626654462e-106)
(0.5888413990168622, 1.8417616792426806e-105)
(0.6864944884341084, 1.7056157360646167e-106)
(0.7729693843834635, 1.5512681155281218e-105)
(0.4270374794021693, 1.5026492950298257e-105)
(0.2320099231704583, 1.3089474656653416e-106)
(0.014854499894089544, 1.9748077110703669e-106)
(0.2763604450509016, 6.865328807737708e-106)
(0.07970795253694571, 1.770018907240671e-105)
(0.6762074595240235, 4.412493042117904e-106)
(0.8333979372935936, 9.546937887551891e-106)
(0.16871363355545482, 4.173059992311438e-106)
(0.6805367327722142, 2.827439293618875e-106)
(0.486997483711443, 2.0609476863478062e-105)
(0.7743360951403355, 1.2437902347072769e-106)
(0.851252776617985, 3.637177805250558e-106)
(0.9204044861829732, 2.5385434275640437e-106)
(0.18329067773526755, 1.6898143184747747e-106)
(0.6417679624541511, 1.6291844375097267e-106)
(0.44125717117334945, 1.2317679750309572e-106)
(0.7101415104881718, 1.2737266781047014e-106)
(0.1564352436773002, 5.062277731112847e-106)
(0.026301325599039853, 1.1191379638908992e-105)
(0.8028373125323162, 2.6124551983396135e-106)
(0.31009208847903913, 1.3149684188311734e-106)
(0.06963543029171292, 1.648210915335906e-106)
(0.2228611641619722, 2.1243083707390553e-106)
(0.31867856466192335, 3.340263996205204e-106)
(0.5576337509868422, 3.0415766894866544e-106)
(0.49279098463305493, 1.814476603637746e-106)
(0.578551587267491, 3.510916158196042e-106)
(0.8541893424275627, 1.5565530065755967e-105)
(0.7597513974544445, 2.833381825996873e-106)
(0.44513988009683253, 3.1165925883647225e-106)
(0.23026804057132802, 3.2995256628320166e-106)
(0.8888863421575477, 1.7559326635013733e-106)
(0.07517012187541881, 1.5159446654747487e-106)
(0.7088558049961176, 1.6617089580122182e-106)
(0.7114618527897824, 2.5118089852014105e-106)
(0.42889264240055963, 1.400054555077106e-106)
(0.9043481329968709, 1.227914796751328e-106)
(0.01787788591748723, 2.552689291923758e-106)
(0.7201032914133328, 2.5356920564798097e-106)
(0.7861829373523026, 1.281720892385649e-106)
(0.8113371652454054, 1.2890970386467207e-106)
(0.6525250849660489, 5.118674990453887e-106)
(0.6604666119217789, 1.842068277676597e-106)
(0.8696588455704654, 6.862901582516345e-106)
(0.29298410549988274, 1.6488143501228498e-106)
(0.2785991225479722, 7.220679453074228e-106)
(0.08942366681875813, 2.778439961229763e-106)
(0.985997086349213, 2.647539743820742e-106)
(0.9059905601937526, 2.546244479514163e-106)
(0.8365019415121097, 7.510652289118317e-106)
(0.24514620064035905, 4.2025889470566354e-106)
(0.9002767777360192, 1.2986932844108086e-106)
(0.8031674947747891, 3.9903727982580545e-106)
(0.6772465969954946, 1.6690548863101122e-106)
(0.2953338129605128, 1.187803126138671e-105)
(0.8401043932049594, 1.8145003216962924e-106)
(0.694681599456062, 3.526244439548295e-106)
(0.32085672389466213, 1.2856793641999386e-106)
(0.9222331990104164, 2.6046815869432963e-106)
(0.3630780126426008, 1.5409060365702669e-106)
(0.6392336225976955, 2.950691367572365e-106)
(0.3291526772839605, 2.435652225963378e-106)
(0.13405699549878544, 1.694675700263139e-106)
(0.2608251733621416, 1.8776872735189797e-106)
(0.6244112119342005, 3.283089998681769e-106)
(0.11403804289522135, 1.9422030868930482e-106)
(0.19804706485428425, 1.6857217330749585e-106)
(0.34308487229560897, 1.626023348192201e-106)
(0.2274547212639903, 1.251708300637274e-106)
(0.027585816346829297, 1.3798972541646004e-106)
(0.0912906653916525, 1.423211409756774e-106)
(0.04428910905445402, 1.3365238506038075e-106)
(0.4636202438351471, 4.1086178682160536e-106)
(0.22077966343284028, 3.701140629751365e-106)
(0.31223813189354194, 1.3265581527935544e-106)
(0.44747130032870974, 3.562282289551405e-106)
(0.11396058602480483, 2.4828003041791777e-106)
(0.184185874343304, 1.3226222976143382e-106)
(0.9274837281490546, 2.7120363547171594e-106)
(0.25147576728670357, 1.3775529210269327e-106)
(0.39487518817924927, 5.546641003654588e-106)
(0.7295496231167582, 7.870193663816146e-106)
(0.3267234303387855, 2.582501637840222e-106)
(0.055262954950082835, 4.606903251749126e-106)
(0.550124015346103, 1.3792528884785675e-106)
(0.39756245440059984, 1.9959292627760833e-106)
(0.005367139616210496, 3.2840651107193257e-106)
(0.8731241174234575, 2.345580263409265e-106)
(0.6807367872194224, 1.4759370534555408e-106)
(0.31008377823606237, 1.2535703755245734e-106)
(0.9092349567916015, 2.642827737609313e-106)
(0.48098893601725395, 7.026802292750795e-106)
(0.6754777842801175, 4.7375910080784425e-106)
(0.06460298174454601, 4.1103406030002187e-106)
(0.9878154976513644, 2.7216148972739523e-106)
(0.6786233849615185, 1.7373293899695834e-106)
(0.4841546791443631, 5.936131697326802e-106)
(0.7267769600281185, 4.956142195562513e-106)
(0.7233360771224753, 1.58849439318075e-106)
(0.16989600642792682, 1.2287404300462414e-106)
(0.3410954980057129, 2.2974607585932785e-106)
(0.03939004524132366, 1.2939314085399296e-106)
(0.32581914381844174, 1.648683718326475e-106)
(0.43146452144261915, 1.7530006956627005e-106)
(0.3894650319215639, 1.776444532880152e-106)
(0.22214163620357205, 1.3319362439014232e-106)
(0.04268909067595081, 1.7499579166354054e-106)
(0.6242689197142827, 2.5016819534275533e-106)
(0.394335542135669, 2.2189973956386465e-106)
(0.619543635267972, 1.7218142491385477e-106)
(0.8158017568325788, 8.420083750605281e-106)
(0.8837098896217742, 2.1742205583396225e-106)
(0.18503150976732546, 1.3244671253500147e-106)
(0.5874603721622901, 1.273488107594751e-105)
(0.10840016880158675, 5.534683513195447e-106)
(0.17378865322415854, 4.713444730898307e-106)
(0.8510916160914036, 5.927172076566166e-106)
(0.3916713756584714, 3.4711796388346827e-106)
(0.42624106248616317, 1.4115284481129715e-105)
(0.040851741512842, 1.6282732894796243e-106)
(0.28979936508310783, 1.2699263241889165e-106)
(0.2869306456265963, 1.2291796940523185e-106)
(0.08994641980582173, 1.2838444838517801e-106)
(0.09754753473895654, 1.0118922523350112e-105)
(0.7792279378289226, 2.6818194590968616e-106)
(0.9709189752106773, 6.336920475988355e-106)
(0.6540438855504513, 3.0189767329926925e-106)
(0.4905964593641276, 8.673069934095576e-106)
(0.10835047008977096, 2.2137590816794335e-106)
(0.21302289898717794, 2.0746030351973178e-106)
(0.3709949433436078, 1.7209125182024347e-106)
(0.6025373129471998, 1.0414230733994555e-105)
(0.7399651638754704, 2.6828475105684897e-106)
(0.5366861801888955, 9.658735234814608e-106)
(0.03767806237770886, 2.52712307959179e-106)
(0.5189857114252779, 3.429177749881156e-106)
(0.8756676869019892, 1.3361223307512683e-106)
(0.29723450581571353, 1.4636054776769403e-106)
(0.14853945572138577, 1.5689761244894396e-104)
(0.4690008351831024, 3.392631924020413e-106)
(0.2649322880248756, 1.6622415121065576e-106)
(0.3239710204417181, 1.77460981265691e-106)
(0.4350969442569369, 2.081804068752015e-105)
(0.12182891633870338, 9.270636978743638e-106)
(0.9124279115818326, 1.363591096794833e-106)
(0.8081010541054062, 4.790603731612164e-106)
(0.7278058266878661, 1.9239826592728398e-106)
(0.9429661679924511, 2.4094670836080205e-106)
(0.5237922876118304, 2.776722547647367e-106)
(0.506168028276908, 1.5051315698913267e-106)
(0.576079682100057, 2.4776603691776203e-106)
(0.299048861381994, 3.563808378862393e-106)
(0.1906635715465358, 1.2569745887681938e-106)
(0.49850125351633906, 5.784422838843264e-105)
(0.44490839947937716, 1.7834798944774668e-106)
(0.8724746206781004, 1.304124796290138e-106)
(0.10945292148294487, 5.725781314464641e-106)
(0.582646347280264, 1.090189837945874e-105)
(0.30002114426049586, 2.710093652038603e-106)
(0.6145773395487025, 1.659386133754016e-105)
(0.5361784452778529, 1.4351832739973014e-106)
(0.3648662700239981, 3.564025083305025e-106)
(0.860765877319402, 1.2756757746844694e-106)
(0.08329006325467736, 2.0259268466956745e-106)
(0.8320134739488994, 1.0368966600154525e-105)
(0.6294337221507595, 2.6559986641898937e-106)
(0.43588170412934807, 1.774210226092219e-106)
(0.4605144360438607, 3.8937466981964637e-106)
(0.10649114791754231, 1.68099756381736e-106)
(0.49555059124799145, 1.4713753987141748e-106)
(0.26639990791802537, 2.7409939623181673e-106)
(0.16659061947499154, 5.253208852832344e-106)
(0.5341806044977645, 9.097577801243748e-106)
(0.13113722303093883, 4.2934731386608377e-106)
(0.7005640470800764, 1.9824058659770445e-106)
(0.7160544141405384, 1.4908473439693423e-106)
(0.17326762321189615, 1.3141701237180717e-106)
(0.7975762561291349, 1.2293139251115668e-106)
(0.46815636953836437, 2.5857588975359602e-106)
(0.7742589096674112, 1.530707794202605e-106)
(0.7366296535022666, 2.519064475328738e-106)
(0.7426859152019544, 1.5230801605854972e-106)
(0.5117413762454739, 1.546736974122666e-106)
(0.42001542634871614, 1.4295460155366702e-106)
(0.4257754536236697, 3.0234673041917135e-106)
(0.6711518426866059, 6.208058911207348e-106)
(0.4856078412997673, 1.3650077449866406e-106)
(0.3095737334800608, 1.3015324413089252e-105)
(0.05513978918240518, 2.1173899262456094e-106)
(0.8745309333188858, 1.7653764601656452e-106)
(0.7386485046540203, 5.290619489346018e-106)
(0.25595156430263566, 6.932771686960093e-106)
(0.5077130819789587, 1.2410241202486831e-106)
(0.8769896285655092, 1.270081309521725e-106)
(0.958012329208048, 1.2979338700934609e-106)
(0.12984088033999958, 4.327795399976181e-106)
(0.3384742829745773, 1.103064961725131e-105)
(0.8783826383433414, 3.319304995112387e-106)
(0.6142853942115676, 4.752361568812205e-106)
(0.3174279603419152, 8.038493487120878e-106)
(0.8560825120559666, 6.689425794814721e-106)
(0.46706052829752215, 2.3917786543580665e-106)
(0.6222997436365373, 6.969471805355034e-106)
(0.5931140626798228, 1.991334999875854e-106)
(0.8172867708793027, 1.509484190326632e-106)
(0.19584682578445575, 1.3233770083345899e-106)
(0.9747682702652816, 5.5724523941831225e-106)
(0.9402910520253723, 3.5937415173063784e-106)
(0.3909270436179829, 1.5714950556510087e-106)
(0.5783316651946784, 1.6978714702472893e-106)
(0.907812790757537, 1.8891646194838654e-106)
(0.32904243343580525, 2.374076868745176e-106)
(0.07643222290198824, 1.9865399036148083e-105)
(0.3556632628426521, 1.2688382818482958e-106)
(0.21406511021188188, 1.671271794969282e-106)
(0.7667087490518852, 1.2671578057351923e-106)
(0.5913531745150249, 1.8589111301243455e-106)
(0.046432352871387146, 3.0449855101303923e-106)
(0.23097045172717418, 7.270962326580383e-106)
(0.9417643955818861, 2.7512683049962554e-106)
(0.35693773115819005, 1.793593844261332e-106)
(0.9912605295682666, 2.2785703922759136e-106)
(0.14496446978166405, 2.0944954672301088e-105)
(0.8558656253274575, 2.0526870629641695e-106)
(0.15360519312779808, 1.3105435449047546e-106)
(0.9194600989969024, 2.5527567940506994e-106)
(0.5454621569496735, 2.686882133349703e-106)
(0.13145036674650726, 1.3426605558474222e-106)
(0.5032716644256812, 7.425347024675271e-106)
(0.595630833789104, 1.1724998628433984e-105)
(0.6367622945748637, 1.3021606472190984e-106)
(0.6634496643468215, 2.002019875236745e-106)
(0.27062060761423845, 2.4053245595063235e-105)
(0.09350304371687486, 1.983177997365536e-105)
(0.13327312144895104, 2.276120372484142e-104)
(0.728577453161066, 1.7528003336511982e-106)
(0.0071494859221052105, 6.367896399924935e-106)
(0.6819201238273144, 3.2951757322055524e-106)
(0.713267791497193, 1.3809218527276025e-106)
(0.2684230212766948, 1.9542415742321666e-106)
(0.5619763127905197, 1.9216592386047702e-106)
(0.5711248918526824, 3.5894090037176805e-106)
(0.5181805400374685, 3.8175992119578243e-106)
(0.8340967188976162, 3.4596773653694265e-106)
(0.1112379198303339, 1.3562190330732815e-106)
(0.523614597837351, 1.3256386900565982e-106)
(0.584420972771591, 8.934747021847368e-106)
(0.8390523824498699, 2.345165045616383e-106)
(0.7125782726264746, 1.5777719610885054e-106)
(0.27064311042565736, 4.2485419048556264e-106)
(0.2941741432095159, 1.4637490471577915e-106)
(0.9614522011597427, 1.7342202277871567e-106)
(0.21334354271719908, 3.2815112011383634e-106)
(0.5201624421183446, 2.6001904960003855e-106)
(0.11797410728636033, 7.174406130470524e-106)
(0.740710740670721, 7.062020710763396e-106)
(0.5584775811467615, 4.731075500624153e-106)
(0.02519839413734632, 2.4900922990405887e-106)
(0.12126405753193478, 9.33643180510489e-106)
(0.2561361008469607, 3.8900928131669327e-106)
(0.246344657707736, 4.507737636114231e-106)
(0.5299254374776083, 4.525438016902393e-106)
(0.6780967828319885, 3.3944217098501377e-106)
(0.33640027072348294, 4.0060741478866773e-106)
(0.9960793103531886, 1.3920832077323317e-106)
(0.785403297780638, 1.1009271838312396e-105)
(0.1477824481730017, 1.2493411755703444e-106)
(0.24715372420984077, 4.699887542285829e-106)
(0.45698257064503, 2.006200278338948e-106)
(0.3738191933038848, 3.4254940872906085e-106)
(0.5589719570510318, 2.0480387743767386e-106)
(0.8244974236542278, 1.6829969912838974e-106)
(0.8203245694126867, 1.659864660359015e-106)
(0.835118875374935, 8.45561898591725e-106)
(0.5460610969171936, 3.600519129916062e-106)
(0.1800170087052022, 2.0283850378918034e-106)
(0.20511519728685543, 8.534186032865498e-106)
(0.9653248162003497, 1.4989313763184654e-106)
(0.07906308331647967, 1.7167833851000098e-106)
(0.6869618970278873, 2.889702037995117e-106)
(0.2615436565651669, 1.2826038586664898e-106)
(0.5999659808479202, 1.292783117833281e-105)
(0.48647190925581496, 9.71330269652514e-106)
(0.08441210182489789, 2.2978791096954873e-106)
(0.34562345305201847, 2.155690176920961e-106)
(0.09599342605240405, 1.5074736916070064e-106)
(0.4224841063805362, 1.3003757138892202e-106)
(0.6977223058134016, 1.4322652465333196e-106)
(0.41593704197971054, 1.610716137485894e-106)
(0.9778412881822979, 1.4718374526532625e-106)
(0.15220908051563195, 2.995467714280291e-106)
(0.2890918134127949, 1.0162223941657683e-105)
(0.5180552966022209, 9.662752160563231e-105)
(0.0023810397598902013, 9.164781957425218e-105)
(0.29875904170617457, 1.0484343913293418e-105)
(0.8734751320732067, 2.2908262170312445e-106)
(0.8117871570706555, 1.5996490331606993e-105)
(0.8777529699388367, 2.2981753831663595e-106)
(0.6493127938172092, 1.2425577727585204e-106)
(0.5915291469240505, 1.5357635744961412e-106)
(0.8574133964861818, 1.5012726186539695e-106)
(0.6066909070280619, 1.6821228013679396e-106)
(0.10055130223184378, 2.1842910300107216e-106)
(0.01013584932270036, 1.3077706181511708e-106)
(0.8054130845932295, 1.1224318152252355e-104)
(0.5104769017260662, 1.9429258073941573e-106)
(0.9681298365789511, 1.989857319412408e-106)
(0.7658982386983746, 1.3049884468650618e-106)
(0.7947325648877117, 2.067314958729609e-106)
(0.18189685103060513, 5.162836583766138e-106)
(0.1692649427274077, 2.306570864499804e-106)
(0.7613676952615048, 4.761054485124246e-106)
(0.5955442987288009, 2.519151074893015e-106)
(0.18087058155541474, 3.771238756043559e-106)
(0.9683256671867213, 1.9950243100217407e-106)
(0.8746447592354429, 2.032311388390895e-106)
(0.6563446270373066, 2.3403388959141465e-106)
(0.4608973312208059, 1.5165605914112603e-106)
(0.6311877217212662, 1.4608557114515046e-106)
(0.07051618936951523, 8.4965258075131755e-106)
(0.38791950295420996, 1.9664703145014112e-106)
(0.10890666889460596, 2.180512670326833e-106)
(0.0808478652773684, 1.5323805599797783e-106)
(0.7471659394947315, 2.9612904710471046e-106)
(0.3336216635169417, 1.2197581503306005e-106)
(0.6974289592437052, 2.0814747860141433e-106)
(0.3946195743563233, 5.206434499860043e-104)
(0.3831057284215327, 2.6752041204250468e-106)
(0.7969369456344672, 2.8305355261356656e-106)
(0.5931317847896108, 2.55040398242729e-104)
(0.2831394064156006, 2.5833200184697483e-105)
(0.9005522489854461, 2.337894509705551e-106)
(0.42845381767544677, 2.4629435015654817e-106)
(0.9364468294557325, 1.6352078589036945e-106)
(0.6383475862618135, 5.132263038309157e-106)
(0.25468118949892415, 8.185142478567548e-106)
(0.5033225120824056, 2.8475928833059576e-106)
(0.47831707318139166, 8.355301395453874e-106)
(0.02986340603401455, 2.278296896222018e-106)
(0.6800867741016599, 1.7112926439507865e-106)
(0.4421257367096452, 2.7094988030687817e-106)
(0.11402806358683477, 1.3242113494413166e-106)
(0.8709947794067142, 2.2060199703047437e-106)
(0.3703532488638815, 1.4700460793739206e-106)
(0.4404331773153933, 3.771248098038303e-105)
(0.014388380954953687, 1.9769684096768302e-106)
(0.2225635046668839, 3.480027848809316e-106)
(0.6922089573968467, 1.6776594222034714e-106)
(0.5692867108900181, 2.2672347663692698e-106)
(0.3217395744775026, 1.8453553945148154e-106)
(0.7952600780485366, 1.6449894175662967e-106)
(0.24353810851306407, 2.8222092681776315e-106)
(0.4249106275195244, 2.2764953250548723e-106)
(0.6818345363673466, 3.823563225984985e-106)
(0.2870606103246476, 1.3543215472748404e-106)
(0.2697393897335972, 2.550350832583223e-106)
(0.5898013780115109, 4.2587202352537324e-106)
(0.46288597186252545, 3.703520051575554e-106)
(0.28456433347432886, 2.546920208146958e-106)
(0.7810408250679063, 7.948618638998145e-106)
(0.21439568230238357, 1.1681673390671438e-104)
(0.7943216883421822, 2.379264428723482e-106)
(0.5518886280851519, 1.450026318537092e-106)
(0.6406435741625083, 1.4796618397303511e-105)
(0.6645970991302933, 4.373318031671528e-106)
(0.33319078547854997, 2.06869271651844e-106)
(0.4204500563367305, 1.2902167050498488e-106)
(0.627633982064669, 3.003454912617122e-106)
(0.35881725151234817, 3.5213185439555236e-106)
(0.5994824886034524, 1.6971001162880682e-106)
(0.8021011990814917, 1.5088287234317675e-106)
(0.8964445420297834, 7.314709678677465e-106)
(0.3358786015840473, 4.774204836771367e-106)
(0.006912722342412153, 1.5983574097543256e-106)
(0.7771956776036297, 1.9188250181965453e-106)
(0.9268723112372712, 4.846579211528296e-106)
(0.507428567832015, 1.5819902340529526e-106)
(0.36816656863054636, 3.189909971045413e-106)
(0.29464829501492606, 1.2471430150584095e-106)
(0.17258091275894727, 1.5181623278893904e-106)
(0.7044509409954688, 1.2232932234793832e-106)
(0.4937438377826075, 1.2260386481298143e-106)
(0.6418664126984494, 2.833591339020614e-106)
(0.45269496902210626, 1.8373018349773963e-106)
(0.9649008320421074, 2.3489901737807547e-106)
(0.8855122634489584, 3.256426773578047e-106)
(0.08841159314535224, 3.5116257165504103e-106)
(0.132313307612528, 1.8309953755342173e-105)
(0.2358757812740414, 1.4036004495230027e-106)
(0.8813962781715949, 2.3857635500782456e-106)
(0.8339597233257117, 3.1372735294657337e-106)
(0.6798150280947702, 9.97208485924098e-106)
(0.3474180040485927, 1.928217605019492e-106)
(0.5413067915229001, 1.3465503873111305e-106)
(0.9579899034710562, 1.4387191983478508e-106)
(0.22957111179462977, 1.6821541366241262e-106)
(0.021058786499868858, 1.7806249471148865e-106)
(0.7068370569901963, 2.0096548440629024e-106)
(0.6747355002985052, 1.654024982217013e-106)
(0.042695670739703935, 1.517609735920226e-106)
(0.6484259153821612, 7.207141885106655e-106)
(0.06897744899657875, 2.966639581625003e-106)
(0.669977656027674, 1.2944980137654624e-106)
(0.26745382927557987, 1.2818742063676355e-106)
(0.3695426803183038, 1.3091003427074963e-106)
(0.22022833875148037, 2.191369544594254e-106)
(0.7567840445874008, 2.7706561948460333e-106)
(0.234779932642502, 6.691051540750908e-106)
(0.013453710554057268, 2.8865989309501895e-106)
(0.4749153695526106, 1.825904072553076e-106)
(0.7305726340612211, 8.79241936471225e-106)
(0.5540145779012879, 1.871531827051884e-106)
(0.5297718921211063, 2.3369228132624376e-106)
(0.12872427409092868, 1.5452752445643035e-106)
(0.5694897811786027, 1.8613075476326185e-106)
(0.36276862571565455, 3.0161302214407903e-106)
(0.2421606446932847, 1.2251606532840477e-105)
(0.7420007802187255, 3.8284157739086556e-106)
(0.3824673665391869, 1.4241485036886835e-106)
(0.74140924460677, 1.7391940058348982e-106)
(0.2913412361937005, 1.5228331450945721e-106)
(0.2636341228820292, 1.5491357374241753e-106)
(0.5309683476447378, 1.9020131885281703e-106)
(0.27440301581214693, 3.566906216131716e-106)
(0.41208219340715657, 1.8047636567566322e-106)
(0.1668328851928284, 1.5977590173439396e-106)
(0.4284594176951278, 3.751681652074396e-105)
(0.7499175969316957, 1.2782338468459506e-106)
(0.791687477594451, 1.4180125448097657e-106)
(0.743276019814169, 2.2407418197504337e-105)
(0.7272143584476389, 1.3230342314608164e-106)
(0.8879054755079454, 1.3450255130472554e-106)
(0.6657622975829468, 2.4623668814796674e-106)
(0.5135435505761925, 5.884311863549603e-106)
(0.8569701427536096, 2.1695230948283393e-106)
(0.7373916631420969, 1.712478289336655e-106)
(0.7389803130060474, 5.660361779446923e-106)
(0.4801993672236468, 1.0320121156634669e-105)
(0.9138710241319731, 1.9486665262749314e-106)
(0.7611596290202897, 6.738608288513567e-106)
(0.2882956970995013, 1.323318585170475e-106)
(0.4377627954610885, 1.341709954897534e-106)
(0.0025271945441659306, 1.043870200624051e-105)
(0.7168413957791517, 3.615536065334991e-106)
(0.7597550256869647, 2.747672571505437e-106)
(0.5177636674262819, 2.807322252585157e-106)
(0.9361443605202715, 7.842514318676813e-106)
(0.4856333894229806, 1.4055415922367647e-106)
(0.26269329723223217, 1.360230429308503e-106)
(0.42521896355142275, 2.0468029663443258e-106)
(0.43217374013342824, 2.403289947371971e-106)
(0.6819990741554989, 1.899467365292306e-106)
(0.2620176045315493, 1.2542281564272364e-106)
(0.5216660068200676, 2.120912251669769e-106)
(0.7520175006561115, 2.4990115427667633e-105)
(0.18192875157604216, 2.470131160209568e-106)
(0.6185020144240108, 3.7161501070764504e-106)
(0.4375963656122076, 3.0575880167920916e-106)
(0.23161260759535568, 3.1892692203701767e-106)
(0.9372952364929296, 1.015910965293071e-105)
(0.36452581223514713, 1.4752795918765493e-106)
(0.6837264546852595, 3.999177057785405e-106)
(0.4728446171448823, 3.5840212222471546e-105)
(0.1126397535507148, 1.447890474253693e-106)
(0.11449921683756688, 3.5131926572217054e-106)
(0.12952005568096048, 5.144728463862591e-106)
(0.9301912977078167, 4.663615900841103e-106)
(0.3044455559117236, 1.1540892553553571e-105)
(0.2628129407356106, 6.184866014609707e-106)
(0.8051842869208208, 1.7747281193521593e-106)
(0.9609216448735657, 1.8906101518584614e-106)
(0.875634749508735, 9.512515412745244e-106)
(0.8540092732351042, 2.7124417615496245e-106)
(0.8490171592417378, 4.513446269967959e-106)
(0.2156777824651783, 2.970672717947924e-106)
(0.9214973292685836, 1.3907709932408416e-106)
(0.7934715545223687, 1.3017468351808668e-106)
(0.510451117155653, 1.4704294589735959e-106)
(0.891103555681346, 1.8870610506310766e-106)
(0.22036409437934318, 1.3569590913899858e-106)
(0.3017621259100997, 1.2395530667740321e-106)
(0.5304996895297838, 1.2200569762380793e-106)
(0.4335521600557204, 1.5220507473239382e-106)
(0.7921393124492975, 8.196897609503652e-106)
(0.6952555870145416, 1.7563974899002978e-106)
(0.6122796747252303, 1.2289289600896497e-106)
(0.9719998710620453, 1.9614694610108505e-106)
(0.7179504086165853, 1.0271457158956854e-105)
(0.5388852903436562, 1.9384204230054577e-104)
(0.9605193259022626, 1.6264412878010605e-106)
(0.47975845535059575, 3.0805578116007183e-106)
(0.2556237253481189, 2.933424654977086e-106)
(0.6928328331702852, 4.2434046584368037e-106)
(0.49879323048582597, 1.450039274058258e-106)
(0.8317020205933853, 3.037565484261417e-106)
(0.5631678222034002, 1.7106057566238863e-105)
(0.402072183271665, 1.5423586902042278e-106)
(0.5644968929554047, 1.714461853214353e-106)
(0.3585342678859571, 1.1308217623549952e-105)
(0.9898046826445828, 4.34588362380769e-106)
(0.6277560526595584, 1.778098210966131e-105)
(0.7546031904487278, 1.3836682627655907e-106)
(0.33013879971984594, 5.567294964463316e-106)
(0.49033891242821176, 1.7275775418333043e-106)
(0.876419516385142, 5.989686627468365e-106)
(0.23193925636436954, 2.413060638173566e-106)
(0.6155512321452672, 4.84170726804388e-106)
(0.5019150125529538, 1.3541758958677417e-106)
(0.7482011570959616, 3.1566368544237767e-106)
(0.5104153696487169, 7.638859216880336e-106)
(0.23209161442909743, 1.6957718070738468e-106)
(0.3530216161094542, 1.5378690932113877e-106)
(0.7540466154227394, 3.500777406061953e-106)
(0.4211303692955417, 3.10227728105527e-106)
(0.740712320731922, 8.322690795070448e-106)
(0.9865708503374051, 3.3414846782841343e-106)
(0.14375453501398516, 9.333556870740686e-106)
(0.20411730684054535, 1.8004113418563716e-106)
(0.6371556515761397, 2.1071927189555997e-106)
(0.29996632277795376, 3.029727097507471e-106)
(0.05452738375575437, 3.171480616458176e-106)
(7.363519232296663e-05, 1.5810997447075146e-106)
(0.2720928104670307, 5.141901669565484e-106)
(0.9265331252634961, 3.4010523416867577e-106)
(0.933566305517217, 1.5787018502233214e-106)
(0.8282744434995066, 6.695471532931669e-106)
(0.8199316591687892, 1.8856768038949825e-106)
(0.14036181123443578, 2.1195360773636898e-106)
(0.752426766161214, 1.806289493271268e-105)
(0.251679883245267, 4.3196518690440316e-106)
(0.5069848935136732, 1.3932881702409167e-105)
(0.8510674835524572, 4.661921904592128e-106)
(0.27856121824394986, 1.3395388323849703e-106)
(0.5014474240246986, 2.477898989905411e-106)
(0.6440849402734997, 2.7778658511056776e-106)
(0.09139725812994753, 1.4216087295818767e-105)
(0.5206865426459327, 1.2761294215496111e-105)
(0.1985837294177821, 2.957454138903064e-106)
(0.18612442725303557, 2.1110381533476849e-106)
(0.06315346645045487, 4.916899092659663e-106)
(0.7113528270637473, 1.6310028320118736e-106)
(0.37216593834162354, 1.6238487311633193e-106)
(0.19738506431777209, 1.5876598848311735e-106)
(0.4550802633764394, 2.1386294297054614e-106)
(0.4744206915529179, 8.107632529648591e-106)
(0.6590040653170548, 3.3160425395031958e-106)
(0.9265369371052204, 4.3209772559361e-106)
(0.3138198087359984, 2.0344130035199152e-106)
(0.85653802043816, 1.4792752922389633e-105)
(0.585310757478107, 1.2452104989429863e-106)
(0.2512650334592281, 3.132946922770226e-106)
(0.5244891086131934, 6.876504178738168e-106)
(0.04047462574188201, 2.669636135834512e-106)
(0.06128572816803459, 2.6832549164359335e-106)
(0.4804069260021696, 1.7856388471986083e-106)
(0.5185916788255991, 2.4371193536546886e-106)
(0.6243872665748215, 1.4265048157145675e-106)
(0.15335954229625537, 1.609789811197456e-106)
(0.8193297586079937, 2.7331709047239266e-106)
(0.2029380376804669, 2.5000081153375953e-106)
(0.5897059332372645, 1.8807169992521422e-106)
(0.9741062476127427, 3.127626825889566e-106)
(0.6253678561328558, 2.6078842458478373e-106)
(0.46415275955293656, 1.430714738167362e-106)
(0.5447666978424609, 1.7771245295823072e-106)
(0.1128123548395331, 9.21074621077267e-106)
(0.10992061820698276, 2.5247353959351243e-106)
(0.6277365674982747, 1.8968711966239774e-105)
(0.9793277636858138, 2.3163252515023907e-106)
(0.03999500588889216, 2.352557921744454e-106)
(0.038535271976557005, 2.4693224989993947e-106)
(0.779283392022029, 1.2878230145938176e-106)
(0.7607977535403473, 1.5143373957456347e-106)
(0.8403811686652398, 2.4391015798578227e-106)
(0.5816286342737831, 1.5064358388007864e-106)
(0.3407090284639613, 2.347767971192294e-106)
(0.36348997818698, 8.51677985357736e-106)
(0.5390225980632749, 3.1591499176819746e-106)
(0.37454764076073227, 2.0279479585021804e-104)
(0.10653994142732823, 1.7793990672214522e-106)
(0.32851384018515134, 1.8287400463060173e-106)
(0.5680083848172565, 1.984334549232313e-106)
(0.48057285742723826, 7.958856583955018e-106)
(0.11002847550606457, 1.3309279324377495e-105)
(0.048087005791882305, 1.312839476870567e-106)
(0.680906779034427, 3.878262891260466e-105)
(0.09516367031874078, 1.3079536095539722e-106)
(0.3998949147759508, 1.9307593933278484e-106)
(0.5462728285020835, 3.5642496967064877e-106)
(0.19977705593028158, 1.7898993567527039e-106)
(0.7288394276020203, 2.6645679367610067e-106)
(0.2966242931375972, 4.128324013594948e-106)
(0.6445147095727994, 3.5228669897552514e-106)
(0.6975298312501405, 2.3324603012160915e-106)
(0.5178921181591396, 1.2340362797513821e-106)
(0.6867675333618785, 2.1796935067584877e-106)
(0.3625521051455816, 2.3243277592385817e-106)
(0.55654992339556, 3.718293201332766e-106)
(0.8801834093048114, 1.0701587259752275e-105)
(0.12982711066301425, 7.365167286713353e-106)
(0.3845295397099536, 1.7159578760672526e-106)
(0.27343724378594636, 1.2550723415035634e-106)
(0.7034532963517129, 3.739226194785144e-106)
(0.5022113857958681, 4.693895599502089e-106)
(0.06668291673803291, 2.61758325104492e-105)
(0.7824896785745992, 1.8857372675252856e-106)
(0.7640824988230273, 2.071925579004584e-106)
(0.39069457084311776, 3.996185262989808e-106)
(0.813412878805306, 4.286009865865204e-106)
(0.7596354785358054, 2.0078083777547694e-106)
(0.17849421927001802, 5.501985618141487e-106)
(0.4239832590228561, 1.5922601720738515e-106)
(0.010895496128535378, 4.445923263415004e-106)
(0.8821520026587371, 3.7480316492630284e-106)
(0.4913945383843793, 2.695296882769624e-106)
(0.07583669685366265, 9.029461697613e-106)
(0.7248856268550555, 1.9407798428258664e-106)
(0.9583465373582286, 7.108242611526946e-106)
(0.00863228200033995, 2.947046766580545e-106)
(0.3580970674014287, 3.139048988879641e-106)
(0.44281165472343276, 4.846973914303196e-105)
(0.8356405171790119, 6.922443732497954e-106)
(0.8604112351179338, 4.1546480772355304e-106)
(0.444635219602052, 3.901291284153392e-104)
(0.013431548133884636, 3.19089069487823e-106)
(0.05997768893055881, 2.1343110869231955e-105)
(0.2525511208420524, 6.25141622347411e-106)
(0.2971059407300288, 2.091806451548768e-106)
(0.9464976560719226, 6.49196786542412e-106)
(0.7896066419894663, 6.387084481646713e-106)
(0.5883569632707064, 3.8334297305129177e-106)
(0.8834006000384619, 9.55605131214515e-106)
(0.0037266062604593116, 9.91445844269879e-106)
(0.339382048812796, 6.312114687414789e-106)
(0.2943029284869783, 2.1681160172293535e-106)
(0.04872593816274997, 2.3713481792967174e-106)
(0.7471956320449469, 8.449527555010018e-106)
(0.390915723544745, 4.445818280741296e-106)
(0.5656087411741507, 2.205228365714132e-106)
(0.27667158830670435, 1.3436464769022362e-104)
(0.00032082228459169923, 2.555161165241901e-106)
(0.41798009459817903, 5.373708614262397e-106)
(0.9090530896815024, 1.614775223740198e-106)
(0.8187502523974968, 2.146485228918297e-106)
(0.5827524146900345, 1.331927654449943e-106)
(0.7540926889095745, 4.395709511530653e-106)
(0.14310556227347876, 1.2994800676961665e-106)
(0.6339302136400534, 5.455749529589852e-106)
(0.1290511765152019, 2.1217570801194629e-106)
(0.39006064089752596, 2.2385804223570683e-106)
(0.67479538880097, 1.035927362695858e-105)
(0.6669095548820647, 1.4777718221324284e-106)
(0.7659475956058567, 1.2466579020276774e-106)
(0.8408571099261276, 2.522849629239796e-106)
(0.6927111528218823, 1.8527427405826344e-106)
(0.30740798462410723, 1.4525216058499715e-105)
(0.13227137429343502, 2.703755968760794e-106)
(0.6597655041919055, 1.6135249904259586e-106)
(0.303155730937168, 1.5821336630412754e-106)
(0.4247048881087559, 3.961563099265635e-105)
(0.5143192210622564, 2.302390516579392e-106)
(0.4306002310111664, 2.2115871330924177e-106)
(0.9093736970653966, 8.325557638598021e-106)
(0.17606351572147405, 1.23166983360778e-106)
(0.9091713668084076, 2.2499127381541603e-105)
(0.29585182000482585, 1.9213869476445293e-106)
(0.8289669231106491, 2.4840638867849643e-106)
(0.3105435543773709, 2.580898576477934e-106)
(0.8615525914324087, 3.481546706027683e-105)
(0.6949706143528943, 2.264727654069098e-106)
(0.29353010654420597, 2.1478768099762533e-106)
(0.47794083196186044, 1.2455987947293633e-106)
(0.14692452647889703, 3.6252537141653606e-106)
(0.29080879628475087, 4.491334791434396e-106)
(0.6777510109697048, 3.2832872230908323e-106)
(0.6958917695499339, 1.5955548757078717e-106)
(0.6746269142425646, 2.1261969034667877e-106)
(0.315786399373836, 1.4690967742868036e-106)
(0.6247314257978809, 3.3924934414910526e-106)
(0.19982265970257057, 1.4008143240588335e-106)
(0.24837719231399977, 2.420796419222008e-105)
(0.5312953416361206, 2.075420663302822e-106)
(0.16559790149378917, 1.2449946402628535e-106)
(0.920059667707565, 1.226716101434741e-106)
(0.2791738167719288, 1.3012776897582587e-106)
(0.8773667332944173, 2.241110158657138e-106)
(0.9824268608377775, 1.39352765944496e-106)
(0.7037787949358392, 2.4721919489069733e-106)
(0.2160044810574309, 1.637115247719828e-106)
(0.27720861939506203, 2.7474968144754595e-106)
(0.5913740721064624, 1.5974314872024415e-106)
(0.7254572270224414, 7.525167563145447e-106)
(0.716863166860381, 1.4270678267091315e-105)
(0.578805214269185, 4.744906901964948e-106)
(0.33950457886732516, 1.7068885744338816e-105)
(0.8178220516820126, 2.3129212165344334e-106)
(0.1546867072969016, 1.5423770924487502e-106)
(0.1186680927762409, 2.197231177516326e-106)
(0.2382738178951037, 1.2572696717533725e-106)
(0.8088833415115234, 1.3756992143838894e-106)
(0.8269778041489692, 8.758462920106998e-106)
(0.20774799677009864, 1.3267397420075597e-106)
(0.24132483363724175, 1.6289566669861466e-105)
(0.8245820822582024, 2.8774148682117497e-106)
(0.6615592144038818, 6.028182424424008e-106)
(0.10137322017235315, 1.6443484282441353e-106)
(0.3841641465218111, 2.2813197378525227e-106)
(0.5062507938461249, 1.8056695570207971e-106)
(0.6022472107606868, 1.9958600510797754e-106)
(0.5043297936342188, 1.2569756890930195e-106)
(0.2807650782179367, 1.302133192843012e-106)
(0.9064197916545341, 3.1535755364806245e-105)
(0.9532736992986242, 1.627683463757554e-106)
(0.17737929875306263, 7.379858244674768e-105)
(0.5280608565998544, 8.343608094807789e-106)
(0.5674371840197953, 2.551396272487587e-106)
(0.16830933473984996, 1.9775829011875056e-106)
(0.6267399558460496, 4.379473433878786e-106)
(0.898280848078707, 1.2871407127143127e-105)
(0.10411656270518589, 1.9902521867137648e-106)
(0.7526197685072653, 3.2296042559864126e-106)
(0.7433805031249892, 7.416689300438061e-106)
(0.04654967393274359, 3.937917097410898e-106)
(0.22123882017740434, 6.206346388108287e-106)
(0.6265871970675139, 1.2751361957097463e-106)
(0.9913770548925072, 9.182248678648633e-106)
(0.8148793065669119, 2.6539244112960323e-106)
(0.10680161908606066, 2.1526425063328106e-104)
(0.9695108163897241, 2.67697088151021e-106)
(0.9612510695104975, 1.7013577331647324e-106)
(0.7659929621414998, 2.704538992906356e-106)
(0.8324328919276601, 1.760775169149474e-106)
(0.536039587687061, 2.1467375823102188e-106)
(0.9042914938652441, 3.4195294737758828e-105)
(0.6793192438527551, 4.0808723195118855e-106)
(0.7396286019694518, 2.273638294211129e-106)
(0.7953253817634869, 1.8169546779809705e-106)
(0.1909300327213057, 2.2371635671812814e-106)
(0.20493996589284413, 3.5692195206261825e-105)
(0.37411124681479263, 9.788999942325764e-106)
(0.5599094843901633, 1.4229940982282685e-106)
(0.26601696991222606, 4.965219535231987e-106)
(0.8972219706387942, 1.5766876843556193e-106)
(0.7041133819314652, 3.4349437652521946e-106)
(0.07490511475793138, 5.879505096716323e-106)
(0.9200066300131539, 2.445432349715638e-106)
(0.6004158079656272, 3.5920835485395668e-106)
(0.3004143856368927, 1.7067021675846047e-106)
(0.12159630215009767, 3.0459092966570306e-106)
(0.7011592159007881, 2.2505111462885763e-106)
(0.875722665435893, 1.454696538343238e-106)
(0.8759444531621509, 1.1935593684837056e-105)
(0.3073699047631279, 2.1630654772800004e-106)
(0.06245561780476465, 3.1844234614963147e-105)
(0.6395895140618427, 1.9096404002792772e-106)
(0.641683457359782, 1.284565606189816e-106)
(0.6804877274410706, 2.33603117142487e-105)
(0.7723426186375084, 2.02632511946306e-106)
(0.6088807350762732, 3.2191386511486304e-106)
(0.18156144860312756, 2.7192578627249695e-106)
(0.8228748812307809, 1.0936799936022937e-105)
(0.12944258497483282, 2.395284444906757e-106)
(0.6625016394920915, 1.8267953255174273e-106)
(0.09137138541531191, 7.396209555944965e-106)
(0.17375990893069246, 3.0368945073225356e-105)
(0.7050562004052892, 1.6774635974026814e-106)
(0.6976473462575347, 1.9361338057792105e-106)
(0.8424523640474674, 6.237855531539299e-106)
(0.49974847038690706, 2.5595461302678086e-106)
(0.5909889132049924, 1.7236884441929892e-106)
(0.09588825175893759, 4.152270707497187e-106)
(0.39321588795802165, 1.3634407665178914e-106)
(0.6022657729076468, 1.2967379348154491e-106)
(0.3475789632870773, 1.2279120941438392e-106)
(0.646319684805266, 2.951875527170709e-106)
(0.26835262716455727, 1.9613114778992654e-106)
(0.2729222370072717, 3.380978238120765e-106)
(0.4047602527700269, 1.8398583746809663e-106)
(0.27122027577073443, 1.3934009643821652e-106)
(0.012146710344236585, 1.6601406775593938e-106)
(0.7127220313932239, 1.2980387545766736e-106)
(0.8897476155368659, 1.4630386725818641e-106)
(0.7283728971926519, 2.6398153542433224e-106)
(0.33814353511962303, 2.729681365471886e-106)
(0.6155160582327921, 1.3731129211707924e-106)
(0.7360363173642286, 7.630757540361712e-106)
(0.5031471656718302, 2.1143942452195324e-106)
(0.678452541378579, 2.9402577485608347e-106)
(0.2718394818155444, 1.3420150325808927e-106)
(0.33926225446631764, 1.6392902584195857e-105)
(0.03290987968374755, 1.4623280057077676e-106)
(0.3866887593082627, 1.499531260940235e-106)
(0.573389113352182, 3.882703663631568e-106)
(0.6590529440896838, 2.7470247310317783e-106)
(0.53604436255923, 2.7386054576618274e-106)
(0.9439754087617857, 1.7609358270634591e-106)
(0.658924797826572, 5.060691573522711e-106)
(0.1272501727893255, 3.11202534718217e-106)
(0.33137972629507517, 1.6155950171651628e-106)
(0.5963707716637675, 1.4986567166672227e-106)
(0.04086838329178126, 1.6338222270515777e-106)
(0.4232049337276795, 1.7121679645894306e-106)
(0.9717066759628309, 3.4303961930494524e-106)
(0.4335579453587274, 4.076334197325426e-106)
(0.2811166536757883, 2.676271852769215e-106)
(0.7444054497138004, 2.3278650193635094e-106)
(0.2893243732366028, 1.445857774101877e-106)
(0.235620884295672, 7.830186977585233e-106)
(0.9673446686197341, 6.2768260786151705e-106)
(0.603420024043509, 3.7477520735292656e-106)
(0.8168204316042844, 1.7124203873781163e-106)
(0.9825734027030552, 3.593078600412559e-106)
(0.6516563387759513, 2.3828152461349885e-106)
(0.2005620554938831, 4.386170464840515e-106)
(0.5504429142086544, 1.5023138028681167e-106)
(0.9523859340494883, 1.8455325892636292e-106)
(0.266401716125579, 8.972326281497868e-106)
(0.9694213807520656, 2.1985893790637493e-106)
(0.9961327838459729, 2.312224483450992e-105)
(0.28558329636124063, 2.1862373238120072e-106)
(0.27158299959248533, 5.96970141060658e-105)
(0.3132937912141608, 1.1890409155296849e-105)
(0.2558594213355416, 2.219021496489448e-106)
(0.8650506925158937, 4.819122024202939e-106)
(0.07544619211606651, 1.7121810359133285e-106)
(0.39656752109706844, 2.1819971592517167e-106)
(0.9789433504207752, 4.534579269600913e-106)
(0.8652485822889678, 1.3120109360400842e-106)
(0.176454992880108, 1.4376086918244648e-106)
(0.42373000399018973, 1.754324853507424e-106)
(0.24869059283435446, 5.693156627854059e-106)
(0.3683037846662792, 3.242316208228876e-106)
(0.3007605405652674, 9.945110137866992e-106)
(0.5928971930942044, 3.653371359466169e-106)
(0.2429699733338717, 2.0560015584135656e-106)
(0.5926449484489738, 2.3707341667313137e-106)
(0.7134697285334862, 2.2969500044112976e-106)
(0.607638276149396, 1.6647101664134106e-106)
(0.07561515260864658, 6.220400442979506e-106)
(0.37130083197781205, 1.662485884625865e-105)
(0.6432918938555643, 1.6047719532705024e-106)
(0.21978369363361358, 2.5605016533061553e-106)
(0.4960459936845756, 1.5261796427037478e-106)
(0.1258877851228581, 1.4616656109401499e-106)
(0.17232411353643626, 3.4371769725278257e-106)
(0.9874228178326739, 1.821049317554376e-106)
(0.6283365934124646, 3.743696777924613e-106)
(0.02039334875467978, 1.1597895713418295e-104)
(0.6031971793906816, 1.3080642098232054e-106)
(0.49856804269322313, 2.1143293235111842e-106)
(0.8723876095461179, 1.621326377286096e-106)
(0.5385407140186348, 5.722753263195581e-106)
(0.955607277935945, 1.3248047625403172e-106)
(0.16228179022299596, 3.72146263201731e-106)
(0.8772588699449099, 2.922896612302813e-106)
(0.9547464242540901, 6.077588596260598e-105)
(0.5977478735476107, 1.567910395433144e-106)
(0.9096555442255825, 1.6298105449851745e-106)
(0.6527290182590718, 2.3099227849827675e-106)
(0.6874755915891809, 2.1059198703781026e-106)
(0.8277940651940362, 6.941665346534528e-106)
(0.61003053780937, 1.7926631855458235e-106)
(0.3957401949794603, 1.250552328867035e-106)
(0.5682900998522382, 2.1771191140076436e-106)
(0.06288697641629294, 2.0677606105465692e-106)
(0.3105976414394191, 5.319697568861836e-106)
(0.09981405900979386, 1.72970786354371e-106)
(0.991799123801632, 2.3958230780335688e-106)
(0.3005251830911233, 5.5568041539898055e-106)
(0.6270745994289295, 1.261081958007645e-106)
(0.42606384260557884, 5.130584476836398e-106)
(0.6139487098876044, 1.0817735212706354e-105)
(0.11628692503293744, 8.546301390537833e-106)
(0.47835239825715603, 6.314238380339726e-106)
(0.8046511440536951, 2.2222145575056792e-106)
(0.27681987448436923, 2.10870973999073e-106)
(0.884418560935213, 3.8185143348454007e-106)
(0.5249135053546982, 3.5813089146173036e-106)
(0.8133181315214265, 2.2045195843726073e-106)
(0.5875815700123809, 9.902088570168312e-106)
(0.614596430352297, 3.159762734955797e-106)
(0.7570669823350188, 1.318215220594634e-106)
(0.9086122494868007, 1.6367602911911796e-105)
(0.8150907591510554, 1.755361392775668e-106)
(0.31465419630428526, 4.1638672897301553e-106)
(0.9250745057434944, 3.315593309681782e-106)
(0.3655537052930423, 1.2549931142915741e-105)
(0.6899330244200969, 2.46708689322473e-106)
(0.05473444347519706, 8.85491742078392e-106)
(0.9873262832266128, 2.8292684098571704e-106)
(0.11382491369790568, 1.4554953547934252e-105)
(0.13872310340747745, 2.0381488881218653e-106)
(0.06305664148396521, 1.1275847155601952e-105)
(0.43348358632696155, 5.598522714897592e-106)
(0.24994650942396243, 1.1817565795984562e-104)
(0.514388776351784, 4.786151059441637e-106)
(0.8923986689382563, 3.6433943831994603e-106)
(0.6487103771049054, 4.63432848321429e-106)
(0.11720339339013632, 1.5529482330884546e-106)
(0.3689078291284295, 1.296563921271519e-105)
(0.776992694749301, 3.7065834026573584e-106)
(0.6183267991790704, 2.1844065683558845e-106)
(0.12077558737678191, 2.2531391107489546e-106)
(0.9817308920032646, 2.3181993179951783e-106)
(0.44641205062497713, 4.2385788562316794e-106)
(0.9677831370112036, 3.7582058278662327e-106)
(0.7935934537763997, 1.2996372749811285e-106)
(0.2569574858968696, 1.2959784003066297e-106)
(0.24653801585672472, 1.2395954591985596e-105)
(0.08979053802727487, 4.0381739978755613e-106)
(0.9061489047254053, 1.5265980649653895e-106)
(0.5267474082822143, 1.6263662769602512e-106)
(0.9596638225937169, 1.293577216174362e-106)
(0.8268907708392584, 2.2713094280056443e-105)
(0.3497402854686554, 1.675696575418678e-104)
(0.6462406013794367, 6.606875488636547e-106)
(0.13143233519448777, 1.2425869267088747e-106)
(0.6012920158273907, 5.069973882673654e-105)
(0.3442738213231933, 1.3138409678230556e-106)
(0.8196400354150234, 1.361864532731354e-106)
(0.8501295655326989, 2.0201362454739207e-106)
(0.7916920667380517, 6.103083542757801e-106)
(0.9350747244416152, 1.52039909071708e-104)
(0.6956008464229236, 2.1225030692255524e-106)
(0.024012071676269925, 9.65854329571007e-106)
(0.8332982480719792, 1.2499995765293996e-106)
(0.30790779142335506, 5.545248699642153e-106)
(0.6652248141170932, 1.7454428291694087e-106)
(0.557888205875346, 8.128815096305521e-106)
(0.49347240623231425, 3.424083312638715e-106)
(0.5418118433819741, 4.1357816081382814e-105)
(0.6785824627672805, 1.8441946519750414e-106)
(0.10297381001973502, 1.6861828617433664e-105)
(0.004469123982660345, 1.624696692483012e-106)
(0.01696654902071289, 1.2927623073751082e-106)
(0.2773780416871738, 1.6841215212337921e-106)
(0.5550311456039931, 1.2502505326868104e-106)
(0.4820472557186405, 2.5391505542971696e-106)
(0.02827322010071174, 2.3922114523808227e-105)
(0.986201454444172, 1.5634663958898782e-106)
(0.5098056751545913, 1.6813305174476517e-106)
(0.8520220281669055, 1.312205987133661e-106)
(0.8720481888644528, 2.5798424343864673e-106)
(0.9026984405452515, 2.7158352183272954e-106)
(0.08320347063776214, 1.7039598186969902e-106)
(0.35577187660876913, 2.3244728030191573e-106)
(0.8726373610535498, 1.3875755261472357e-106)
(0.5391680867509028, 1.6976993324673798e-106)
(0.22528754249931926, 4.754489361134587e-105)
(0.013769140834247106, 4.3441500417360664e-106)
(0.5074727281207505, 6.117323368907248e-106)
(0.2966756055200181, 2.239877378863472e-106)
(0.8743085161423649, 7.560765147986806e-106)
(0.5495388616178578, 1.9089100477338412e-106)
(0.4281068462400766, 8.284108574313189e-106)
(0.4319676456660499, 2.925124325234321e-105)
(0.4107428155295276, 5.18055749799836e-106)
(0.05307272794894805, 6.95520702286824e-106)
(0.3802023663978445, 1.2605607752068387e-106)
(0.4912783801980485, 1.4340181367302378e-106)
(0.7822086683216439, 3.4870404192827524e-106)
(0.6148519279700454, 3.742250638653831e-106)
(0.549868291298897, 1.6908025496856393e-106)
(0.9343534849002537, 1.3084423666628483e-106)
(0.33726474539854184, 1.323842254887227e-103)
(0.22650545620878804, 1.367333147164474e-106)
(0.08945228098196556, 1.2314224882703758e-106)
(0.06103280895407226, 3.729971481376611e-106)
(0.3205311561662902, 1.8393611252327373e-106)
(0.14932507373742118, 3.137366359505598e-106)
(0.5667293193599517, 1.8234474052155585e-106)
(0.9254016464709277, 1.460675275885763e-105)
(0.8134333206705863, 1.2806299477358915e-106)
(0.1449764641456182, 1.8937899799008172e-106)
(0.7603232291268825, 2.225727108008101e-106)
(0.1459130665439565, 8.393173075058007e-106)
(0.86036753204621, 1.4151429463271486e-105)
(0.27213133119340593, 3.32826819615011e-106)
(0.5067992300156123, 3.8160183555022426e-106)
(0.2179897444722908, 1.7386026584777635e-106)
(0.5304044361288431, 2.578544579026995e-106)
(0.6605348661768587, 1.7020611019866389e-106)
(0.3605770420653906, 2.4026421352483857e-106)
(0.2543168028815108, 1.543357601076203e-106)
(0.7586345113290902, 3.789516677439391e-106)
(0.5259427863713567, 2.3981394630814587e-106)
(0.9566045121345363, 2.7080683004052844e-106)
(0.49892152285847624, 3.006959492184721e-106)
(0.43663512711954683, 1.3448973346453688e-106)
(0.5733773130539308, 2.6584078894285614e-106)
(0.2281003217576625, 7.43494336906806e-106)
(0.04184549674499258, 2.6641857482090936e-106)
(0.010827904180531976, 2.2634649722973055e-106)
(0.1229256049771892, 2.103982957786143e-105)
(0.8608810513841183, 1.8931380861892665e-106)
(0.5711268938529677, 1.2541123413061398e-106)
(0.23246747250808109, 1.2238032513002503e-106)
(0.8622458599657977, 1.2765035600444153e-106)
(0.5129857679353484, 6.5081346673979896e-105)
(0.5136453127475978, 2.1853027411792735e-106)
(0.5493303940157693, 1.6574571221395773e-106)
(0.41450206667823325, 4.2322822821550147e-106)
(0.799717563497711, 7.8990961565784865e-106)
(0.3678510359356504, 3.2028768757341824e-106)
(0.4812580706391017, 2.764121997365363e-106)
(0.046948776778629006, 1.4190989817419184e-106)
(0.884036228201401, 1.2367977750206158e-106)
(0.4261616363028833, 1.405626224945965e-106)
(0.9192172265929185, 2.241948382746375e-106)
(0.1390050363213881, 1.3684208926007828e-106)
(0.8584794750571925, 3.716280155995187e-106)
(0.97064853615727, 1.6115688586258918e-106)
(0.8774785206922441, 2.8356278753770047e-106)
(0.13879289057805688, 2.1467371483415784e-106)
(0.5733583285812974, 1.7811374520209105e-106)
(0.803929751706336, 1.5351721429525038e-106)
(0.6371266508463621, 3.492414492607705e-106)
(0.68797882587094, 3.1600596695501567e-106)
(0.1858696754460949, 2.7280275117152715e-106)
(0.15734958644571237, 1.2626422206374272e-106)
(0.6509383975521211, 1.7163885333160244e-106)
(0.6534790894819269, 6.821775265837436e-106)
(0.5332151397171055, 1.9522120778855224e-106)
(0.12584685713057933, 3.550907122129485e-106)
(0.7157349418567145, 1.9039850486163702e-106)
(0.7344909675078996, 1.3812072914633014e-106)
(0.09489946750834377, 2.0370450014644122e-106)
(0.7508465615578075, 4.9328617383831923e-104)
(0.049933158285290755, 4.66098759574684e-106)
(0.2057469767621191, 9.724021444238652e-105)
(0.0017329653234600933, 1.2590211344207496e-105)
(0.6396360729619558, 1.552600263266748e-106)
(0.27677947588784124, 1.7243086435199868e-106)
(0.6043590028319238, 4.0217992101614173e-106)
(0.7319276135078757, 6.164735830760213e-106)
(0.7416561219116412, 1.2974429167311524e-106)
(0.2657469638452541, 1.1586039154545956e-105)
(0.6329066937647954, 7.336542975227649e-106)
(0.9779875566704097, 4.308660928448683e-106)
(0.43159456107055283, 5.935552289233828e-106)
(0.8875163724997825, 1.3473003114971308e-106)
(0.5869382960974566, 1.6721579192766309e-106)
(0.9461157104815653, 7.718118832979591e-106)
(0.8934520017634258, 1.7163595882074427e-105)
(0.8033502576770345, 6.525846130196662e-106)
(0.5338172197932884, 1.7479116046833468e-106)
(0.41929969679211326, 1.9517149193710098e-106)
(0.5188963380141642, 3.841859569433996e-106)
(0.15184270802404792, 4.1316427814993733e-106)
(0.5610439626600793, 1.2902400162685668e-106)
(0.08888874707858342, 3.593731496231725e-106)
(0.547333626994827, 2.0108990613368677e-106)
(0.10139172480403784, 4.628412329097091e-106)
(0.38474552621916924, 4.734700469107839e-105)
(0.9073147567877994, 2.503119466507442e-106)
(0.5796621526609085, 2.043467774852728e-105)
(0.09672109102965364, 1.3720136235006517e-106)
(0.010062252817803326, 5.567014882508161e-104)
(0.5347868155956034, 2.989048922268213e-106)
(0.62968948319875, 3.2607347893984717e-105)
(0.5307129716462305, 5.497740711230806e-106)
(0.8020367284569184, 5.206506519392226e-106)
(0.3847432726404239, 1.7899262644699596e-106)
(0.16790333714455338, 1.3401294871111562e-106)
(0.4465444828496209, 2.9405101687925956e-106)
(0.46349330772463077, 2.692539246900624e-106)
(0.7767829838096382, 1.302435988265536e-106)
(0.877011096305392, 1.482893865434322e-106)
(0.19878827203442373, 1.8707879261561158e-106)
(0.7343423741820085, 2.785147986204584e-106)
(0.5475671971069429, 2.9475808586460653e-106)
(0.5651512217356052, 1.451777020890151e-106)
(0.020202603641658597, 1.448327611047491e-106)
(0.7254939148227667, 6.814697565626463e-106)
(0.4846149905124493, 2.0975356129616377e-106)
(0.09675233164392628, 2.302637504874799e-105)
(0.6216454083918381, 1.5576658304381014e-106)
(0.4439602879508374, 1.3981655242260902e-106)
(0.009385975412989541, 2.7350369043099856e-106)
(0.44549288249706553, 2.38134171279254e-106)
(0.6840409961649229, 1.2937150214846648e-106)
(0.536447248935957, 2.5151669274405777e-106)
(0.4360337572908557, 2.325754994792145e-106)
(0.8499902842842224, 1.560958737613104e-106)
(0.3151720260959321, 2.016012083459396e-106)
(0.6497708842289172, 3.156562261351247e-106)
(0.7868727939036815, 2.423174004969646e-106)
(0.553936625342841, 1.3769205053526275e-106)
(0.6679666254185896, 1.3613662132806156e-105)
(0.21475855494208687, 4.769773876898214e-106)
(0.9095494074113745, 1.5284218140676376e-106)
(0.6942804282669227, 1.9536974152762023e-106)
(0.628203333351285, 1.9008853857418923e-106)
(0.0638968001384694, 2.9239405945814356e-106)
(0.2332355748219385, 2.196555886151157e-106)
(0.9730532509397254, 1.4066742009398087e-106)
(0.0002665833765966686, 1.5704806093673903e-105)
(0.13232348800557542, 1.136956529551582e-103)
(0.009233705210543687, 5.736879430559462e-106)
(0.43433434021952333, 1.3116896035487436e-106)
(0.1694494627538156, 3.408333530210467e-106)
(0.30697120407970724, 3.7094346274709775e-106)
(0.21323063674934653, 1.2873917886173786e-106)
(0.3509120103059799, 1.6532577685885862e-106)
(0.06758453455353004, 1.17587639220506e-105)
(0.35930836363902524, 4.4845548899901095e-105)
(0.7645951497235944, 2.275100275097722e-106)
(0.1782187230987807, 3.1236073753328474e-106)
(0.03922533500440496, 1.5235786393380308e-106)
(0.3733294268801593, 1.3472706778078559e-106)
(0.1362660130263361, 3.7247062927285057e-106)
(0.7669402271632092, 1.2536435887776956e-105)
(0.39183740557529845, 1.9080392910540226e-106)
(0.8857900008458681, 3.2036328108733797e-106)
(0.2862061236612041, 6.572111366902583e-106)
(0.5698516978855525, 1.357005210608967e-106)
(0.4580475093926223, 1.32131693158159e-106)
(0.26413280713136467, 3.666734531862495e-106)
(0.2036753148365165, 2.2557372039535544e-106)
(0.674619135740962, 3.666253346670027e-105)
(0.856715388908152, 1.2393995459536868e-106)
(0.6686119576165657, 2.9728519358712784e-106)
(0.31986251546205263, 5.125207358572005e-106)
(0.6505331223832843, 8.126387157586228e-106)
(0.8722261873835009, 1.6453088583531301e-105)
(0.6523172685229016, 2.317032952902403e-106)
(0.29084172407106834, 2.2087704187684287e-106)
(0.8729757061886784, 1.7110829691038833e-106)
(0.36516845311427903, 4.570779137613193e-106)
(0.6429374089908075, 2.972819363210238e-106)
(0.22941165802227753, 1.46400247736987e-106)
(0.9785238729544318, 2.1267397468573157e-106)
(0.34699496722893214, 2.1485227177149188e-106)
(0.1579044147169649, 3.3783242577709867e-106)
(0.7211894112926719, 1.5896133797514486e-106)
(0.7886124518428397, 1.5573132621004585e-106)
(0.9471410378354778, 2.6076404361993153e-106)
(0.5571646414503773, 2.1958376767827276e-105)
(0.14532065359622232, 3.7197677282461804e-106)
(0.26023701638397456, 4.674578926948721e-106)
(0.19390793462856085, 4.786150589142857e-106)
(0.7187469589117477, 7.698825397152332e-106)
(0.6536940344571253, 9.608655071784691e-106)
(0.8815165195805519, 3.6390648962741587e-106)
(0.6368277844678311, 4.702995053065916e-106)
(0.31764156366605045, 1.5553552353957786e-106)
(0.1113311553901504, 2.476748643348162e-106)
(0.4765442564468197, 2.468671409976669e-106)
(0.8020448923175658, 1.485896246945179e-105)
(0.8118732258782587, 1.5698469183053366e-105)
(0.6057978083621665, 1.4712478235618866e-106)
(0.30028493918309107, 1.1230417157993745e-105)
(0.720783208368946, 4.63714187596239e-106)
(0.6601661153685648, 1.478454516786762e-106)
(0.9043499469106986, 2.277566031977635e-106)
(0.9174915553923465, 1.4714213474727855e-106)
(0.30840121147188326, 1.5320302257183794e-106)
(0.8771747060702036, 2.299055997581382e-106)
(0.5854626562987456, 1.2343353301017494e-105)
(0.8989487436162122, 8.745632995979328e-106)
(0.913758386469634, 1.2108588194951226e-105)
(0.9766810666903989, 3.0656282361753317e-106)
(0.6535411191099255, 3.808326494658752e-106)
(0.35589412548378274, 1.5651184727968734e-106)
(0.8133301819511559, 3.509759031638611e-105)
(0.04418862697154848, 5.318830697424015e-106)
(0.0908482635904036, 9.77535084160975e-106)
(0.8909040198893898, 1.3889864725253075e-106)
(0.24382223398215302, 5.166491171727419e-106)
(0.38071126519876936, 2.1081778921320904e-106)
(0.5337359173135241, 2.8018665095826647e-105)
(0.16778153133032342, 2.039334150759483e-105)
(0.06406862541495797, 3.8989725936654506e-106)
(0.14343862243488667, 1.9359018722073415e-106)
(0.43185218682351306, 1.3155797782424185e-106)
(0.9471457272862963, 3.3395057576169864e-106)
(0.015768165101927228, 1.7404823260416186e-106)
(0.7119511430171598, 1.4687279928434319e-106)
(0.9716902476799375, 5.140782703475459e-106)
(0.7615774920194278, 3.020913704925098e-106)
(0.18857183457466858, 4.1044669624191585e-105)
(0.5714965661423431, 2.8455335164193984e-106)
(0.037940630909047986, 2.2058349409515783e-106)
(0.7920447682341472, 6.081142719910863e-106)
(0.2282734739405665, 3.987399778356856e-105)
(0.8137356527038666, 1.894173587730044e-106)
(0.8954241733210411, 1.6196920294350176e-106)
(0.4776597472773366, 1.421142703434495e-106)
(0.4528111680586142, 1.911667638016165e-106)
(0.39123378283874866, 2.084277306205677e-106)
(0.5299771486809054, 1.3937267422595046e-106)
(0.3493845854408007, 2.0140702736937836e-106)
(0.079166411171742, 1.7628144994837604e-105)
(0.5335599735497, 1.0513879124105808e-104)
(0.5382490420397614, 2.248093137364095e-106)
(0.6527081538461535, 2.9597317830079277e-106)
(0.9533667171718443, 1.8502461408519274e-106)
(0.15935654096106638, 2.6140729483543336e-106)
(0.3352117019028991, 1.6805410762573264e-106)
(0.9937156456739097, 1.8767413999856316e-106)
(0.06560141954700204, 1.376237344978216e-106)
(0.646360016577176, 1.35495631809187e-106)
(0.7609954819309391, 2.3319190454646794e-106)
(0.49226470136791467, 2.7961579129395107e-106)
(0.7852836069762403, 3.4024855070174626e-106)
(0.5065851990835061, 1.7248826871764922e-106)
(0.34479060441656484, 1.4658244453995802e-106)
(0.06040512903299824, 1.66778471866315e-106)
(0.6053610684798687, 1.2284868636191389e-106)
(0.42109605307186865, 1.3683866488929097e-106)
(0.681334428892502, 4.986215710115999e-106)
(0.6519644806157318, 1.1650192739912416e-105)
(0.9073877670174153, 1.3119907275829784e-105)
(0.36382491858547056, 2.433767259278031e-106)
(0.3172974978363161, 1.6278796374059586e-106)
(0.11478216133216325, 3.776957147575355e-106)
(0.11027698671725683, 1.4628409337090606e-106)
(0.7423205320933853, 1.439380498396834e-106)
(0.49760011485145117, 2.942275636039628e-106)
(0.40104842415098735, 1.7732280444145237e-106)
(0.9834470628115999, 1.4925909193152428e-106)
(0.13352587357044415, 2.4662583647771687e-106)
(0.521964209118552, 1.5134189598695613e-106)
(0.12407685220796641, 1.3020066910365563e-106)
(0.1823492871275001, 1.6329830611271137e-106)
(0.7344234407753338, 3.746653636067359e-105)
(0.8282984891247499, 1.4417132343419766e-106)
(0.8355298504997735, 1.5024754956706232e-106)
(0.8611544413343117, 2.0283243676931645e-105)
(0.9245597695067654, 1.0570045663433536e-105)
(0.4333809733506402, 1.332850230400145e-106)
(0.8418502982938573, 1.971626425394528e-106)
(0.43837155266847194, 1.4097842621964799e-106)
(0.609351319493953, 1.594814188717133e-106)
(0.7846671660969602, 1.0049244951297031e-105)
(0.5633299965343572, 1.6501250053117487e-106)
(0.7872167727264672, 2.2160932602984167e-106)
(0.6294510504384161, 2.397298682357511e-106)
(0.06390002984412158, 4.1586432276165193e-106)
(0.2615086590052373, 2.965232964364012e-106)
(0.5882388094056505, 3.9713259741781606e-106)
(0.29598098447490756, 5.4013579732035815e-106)
(0.5156251699180081, 1.0993976980107194e-105)
(0.19647627963765485, 1.6864511530139408e-106)
(0.13177425965669867, 2.900739778805037e-106)
(0.9349381871010105, 1.5107495942385503e-106)
(0.049586843692221674, 2.1135445519739845e-106)
(0.24612111481962506, 1.4390372707699857e-106)
(0.3542774350633565, 1.1726123625078775e-105)
(0.45391784029683313, 2.8686826044667764e-106)
(0.5073416084149591, 1.4622979868081583e-106)
(0.5100078822517928, 1.2260871384411578e-106)
(0.2552278626019979, 2.326871047835829e-106)
(0.7052392956944183, 4.956632139948088e-106)
(0.18128748999735944, 3.311758656283334e-106)
(0.35139289688909414, 1.9758367588210632e-106)
(0.4454717582846297, 3.7533980721711017e-106)
(0.8933300229350895, 7.474558848418707e-106)
(0.9360538984118564, 1.0466406517789925e-105)
(0.06549970273028476, 1.2227097520009266e-106)
(0.9938075235518715, 6.257391383851323e-106)
(0.34324146534116645, 2.521988806218036e-106)
(0.9749180201456441, 6.851146135060551e-106)
(0.29786782397132655, 2.1865801951790125e-106)
(0.5632160781511063, 1.2592896741178644e-106)
(0.9059934591112264, 1.5765574559197033e-106)
(0.0700489723921592, 1.5323055322396108e-106)
(0.1482533638755247, 1.8835230275982388e-105)
(0.712771273021286, 2.975342747353043e-106)
(0.6804245707988239, 1.7962985159498057e-106)
(0.8399459990762275, 4.420313042222649e-106)
(0.0006402773208485734, 1.4521894142833094e-106)
(0.9829703882187104, 4.845769963564848e-106)
(0.3574398170034276, 2.285100269112126e-106)
(0.37414782725241785, 1.9981752074038493e-106)
(0.15201215296900183, 3.5720611416163865e-106)
(0.5551007284455742, 4.365302884309102e-106)
(0.6056112684382038, 2.192982898498112e-106)
(0.8329767773357333, 1.7621534642700015e-106)
(0.04395854559592173, 1.3955770483468223e-105)
(0.14053116865398305, 1.5862568703553587e-106)
(0.9765658573133058, 1.9385207102738494e-106)
(0.948384149447806, 1.3522358955718575e-106)
(0.4501764163328923, 2.0314067174742939e-106)
(0.5340464919412604, 3.217226535259181e-106)
(0.2940578343089501, 4.3070475024441745e-106)
(0.4342702526914112, 7.024123348226146e-106)
(0.4702472507549614, 5.566170171375239e-106)
(0.19950087297022848, 9.198267483210506e-106)
(0.3969000964170853, 1.5751376878627105e-106)
(0.880840100751682, 3.9209728458673956e-106)
(0.798436689636957, 2.596373001850042e-105)
(0.031004991874018274, 3.092850167736897e-105)
(0.3603767476854775, 7.306521830981077e-106)
(0.48537100759524837, 1.6892767669423494e-106)
(0.05147198905403222, 4.164393725097193e-106)
(0.07707967103492418, 3.775233245365545e-105)
(0.8104692201956178, 1.4571256567871697e-106)
(0.8445885618174457, 2.0890844600666649e-106)
(0.398237097602215, 1.8332128615725505e-106)
(0.4195027028059806, 4.062158816549377e-106)
(0.8513469307369079, 3.508625074385654e-106)
(0.6219910449625663, 2.2010038862908507e-106)
(0.6494870261507697, 1.5131366016725894e-106)
(0.8373823140750357, 1.0947580986687494e-105)
(0.03993886290064001, 1.8276482765064035e-105)
(0.004835467884451491, 1.4241942382823276e-106)
(0.6494427890730616, 1.3255669584129304e-106)
(0.41123508461287445, 3.006267316669354e-106)
(0.5776990705371422, 1.6953657508431338e-106)
(0.66506455796725, 1.553122247169068e-106)
(0.1173464618261511, 6.055486972226673e-106)
(0.6252135695731583, 9.585845339252264e-106)
(0.4252232650818685, 3.154730056682977e-106)
(0.9127816462184192, 1.0564802519691428e-105)
(0.023489507266379793, 1.6733880155923475e-106)
(0.6644579809215206, 1.0549909390127708e-105)
(0.2913977292791518, 2.0431317446386137e-106)
(0.46124541851019546, 1.3537938982811755e-106)
(0.3760373459872408, 1.41319120290959e-106)
(0.598427167176061, 1.2813409643467475e-106)
(0.9219970858842079, 2.5739483472563153e-106)
(0.9395385183339791, 1.3629594748843874e-106)
(0.7110128036658477, 3.480016084195197e-104)
(0.05379327434465461, 1.4516050448004583e-106)
(0.053856068501670885, 1.4557286700130252e-106)
(0.7550837985381746, 1.384206213738532e-106)
(0.3208868922381055, 2.165262088775136e-105)
(0.2021159629204254, 1.4911830054541421e-105)
(0.26356774830220125, 1.4557238200009187e-106)
(0.6328009898580433, 3.064040466477226e-106)
(0.3589775802192393, 3.2236639375297173e-106)
(0.2732042619572501, 1.09055720510767e-105)
(0.9018365146358446, 1.277349751981994e-106)
(0.4508935227855837, 1.3776142161307266e-104)
(0.4649005504816734, 5.721226339290629e-106)
(0.10567500991000585, 1.9926423144154164e-106)
(0.8978271442571589, 1.844926049913731e-105)
(0.18780604649054009, 2.4398420649828086e-106)
(0.5155504188938621, 1.6964914048523697e-106)
(0.4736636666594114, 1.4584516143497122e-106)
(0.5920402775284535, 3.4450796024925906e-106)
(0.6206808930880672, 3.4545842029013684e-106)
(0.5182758585356224, 1.3429709952786025e-106)
(0.8760698845497223, 2.532689727641995e-105)
(0.4087096582462589, 1.535425508131517e-106)
(0.05681939436076167, 4.278016923177738e-106)
(0.7035750499929769, 1.634363375058189e-106)
(0.09367574725653162, 1.2665786855307893e-106)
(0.1931386868556596, 1.5121321198028858e-106)
(0.009351121515532666, 1.2537457055044381e-105)
(0.41122287155694054, 1.8198763101455308e-106)
(0.22379996599714494, 1.378952592493462e-106)
(0.9303998078932918, 1.2287320924336336e-106)
(0.3469349871033683, 3.421506915367998e-106)
(0.2624649741451286, 1.8606504219582718e-106)
(0.8232910686668437, 1.8537044506179277e-106)
(0.44058426710394955, 7.675521207123298e-106)
(0.7875128135216924, 2.008207982937557e-106)
(0.4634440560594322, 3.6987299940391385e-106)
(0.2776023253274937, 1.1745941901989325e-105)
(0.1173852938833431, 1.7227109492775813e-106)
(0.9256124240387938, 2.417184202314656e-106)
(0.8322042398642873, 1.7365774537928024e-106)
(0.7884318062539355, 9.263075149349464e-106)
(0.8471138767400752, 1.612349064522405e-106)
(0.754201886821189, 1.0111318692675634e-104)
(0.4087038734665733, 1.3643560767293703e-106)
(0.6666874990739623, 1.2553079174331378e-106)
(0.15260880900507817, 2.0198368474489132e-106)
(0.7855749557279984, 6.977992258441764e-105)
(0.9666176331517967, 2.0225880558045566e-106)
(0.2318845853941725, 1.4045108858853658e-106)
(0.6863040431027297, 7.802483760487736e-106)
(0.4175263447757262, 4.127400833202509e-106)
(0.773078408289252, 4.337710785466126e-106)
(0.7758716993093884, 2.5347989820397914e-106)
(0.9588240102889614, 1.9581886373094282e-106)
(0.73263382569329, 1.9207853417866607e-106)
(0.03831608058365036, 2.481312439898584e-106)
(0.9808409043066567, 1.1097995067008652e-105)
(0.9466987238361299, 1.5479642605027547e-106)
(0.7359713924255753, 1.5947471680270146e-106)
(0.6419759690635702, 8.646259543951609e-106)
(0.7161396529430123, 5.840095997918851e-106)
(0.9685433043626409, 2.799958985928857e-106)
(0.6861667991658835, 1.4320791161541515e-106)
(0.4250229609652834, 1.5106203369410992e-106)
(0.08457707952320138, 1.7386027391486493e-106)
(0.4343225826781762, 1.704481608621159e-106)
(0.8536774537328958, 1.3085148930643226e-106)
(0.9168664346316825, 1.66375383815848e-106)
(0.505610408516096, 1.6174902155391558e-106)
(0.9900113001963499, 1.9425732298884216e-105)
(0.7410055374960286, 2.9927908434208287e-106)
(0.2462512141807743, 1.272106932568295e-106)
(0.38044239048634115, 1.2633006357738175e-106)
(0.3284066300930339, 1.3864054553714556e-106)
(0.6920687143939002, 1.3835834391571442e-106)
(0.6360312310589443, 2.9425940084486174e-105)
(0.06607544494316268, 1.3142580085480293e-106)
(0.9104968743213079, 2.1614804816780252e-106)
(0.11022470037279687, 2.485925533974528e-106)
(0.6972093524215208, 3.278779843999955e-106)
(0.47775246080659295, 7.555570312997615e-106)
(0.6394680542221101, 1.765770526373278e-106)
(0.8350349002288624, 1.4560156652634327e-106)
(0.7724291968527239, 4.1898658375902733e-106)
(0.16746841009431682, 1.628935265947287e-106)
(0.23092990483456757, 2.668511333248612e-106)
(0.10666412754299508, 1.9541278984233487e-105)
(0.6923419578568257, 1.5638235457434327e-106)
(0.9899217182768189, 8.632106224116574e-106)
(0.047785351444742136, 1.230816062792488e-106)
(0.35457183399062364, 8.380785798893381e-106)
(0.27279322573838366, 3.946873609592768e-106)
(0.5117172295761605, 2.319597626104343e-106)
(0.0716175900983598, 2.6244853389489345e-106)
(0.4813291607321399, 1.4197688946398628e-106)
(0.42496584127031495, 1.4287261293927742e-106)
(0.354001125124212, 7.650892408679735e-106)
(0.1822547060372045, 1.3309200038642541e-106)
(0.17271601541393056, 2.1264967136680821e-106)
(0.14011622707999502, 1.854464854557698e-106)
(0.3451131106949548, 7.64159812015322e-106)
(0.8528421893535612, 1.991472711438421e-106)
(0.3370872091678515, 2.154418652311109e-106)
(0.17407672722782958, 1.2715091565748858e-106)
(0.8204698489721799, 1.1355557665443758e-105)
(0.5958698639435531, 1.6756620329912848e-105)
(0.8762230325316426, 2.62668910948193e-106)
(0.11641423981883349, 1.5435426982980444e-106)
(0.006140163751711906, 3.7742302541546575e-106)
(0.3918017326363009, 5.825694363084767e-106)
(0.11808732794468865, 3.329020063700373e-106)
(0.19147971504774022, 6.292804667031752e-106)
(0.9773494114433653, 5.05866151776021e-106)
(0.9517380893028662, 1.489217950532741e-106)
(0.007959207550233143, 2.7524791625559275e-106)
(0.1376107710345766, 7.36031987910096e-106)
(0.855802667878918, 2.4730458556577154e-106)
(0.23197837555135642, 1.9612267869882888e-106)
(0.3292879419817672, 2.656773870805922e-106)
(0.5141912477841124, 4.133525861991765e-106)
(0.9123411684679706, 1.615728572235686e-106)
(0.4176842787971889, 1.4058432683456523e-106)
(0.3793114664483444, 1.674504291729515e-106)
(0.11984634319872678, 2.993922586082009e-106)
(0.08665987065537152, 1.5914044175947208e-106)
(0.9419920707707183, 2.6109962211210262e-105)
(0.7723468730668049, 2.6671938422313144e-105)
(0.8401866740456907, 2.1474178963258e-106)
(0.8965380267728492, 5.268027742600342e-105)
(0.729464702020587, 1.9449189042483735e-106)
(0.3443693645633797, 1.4922811835354129e-106)
(0.9512606805782714, 1.9487951120269938e-105)
(0.9526455162282094, 1.564057768327e-106)
(0.664475041855119, 2.5429677117401017e-106)
(0.4835528085421862, 7.441530303321427e-106)
(0.5457787470639361, 1.45819031999867e-106)
(0.7279696504782676, 1.8668553347436194e-105)
(0.7535046717322053, 1.3850374225658278e-106)
(0.6619021733771734, 1.6419804005817903e-106)
(0.6757119388153149, 3.876260432474605e-106)
(0.5326126012037166, 3.2193546629625256e-106)
(0.20996782090340033, 1.3130691004230834e-106)
(0.2372525012262009, 1.255000856068604e-106)
(0.41924494382009886, 3.9945733527835647e-106)
(0.6630622633274624, 7.229555444237469e-106)
(0.33100853122105595, 1.3912813646911815e-106)
(0.12688025921223664, 9.608734593315519e-106)
(0.04986688064523705, 1.6826319673454642e-106)
(0.9543235826472752, 6.086830077897628e-106)
(0.5658041040127162, 1.4587635355801935e-106)
(0.5729965713100021, 4.365389586621041e-106)
(0.4077702434596018, 3.1149512875183405e-106)
(0.32764329044211, 2.1726330866048053e-106)
(0.5014989012859331, 2.1243956615315398e-106)
(0.8767069171709679, 1.3726756788611672e-105)
(0.12771821332900093, 1.5434975055122776e-106)
(0.23468154255897422, 3.2689709262943858e-106)
(0.8815993719481955, 5.925731293019916e-106)
(0.9938913253715806, 2.237412041596799e-106)
(0.3004276042492714, 1.8147458716492753e-106)
(0.5412569585017353, 3.3641203768720515e-106)
(0.8182657745365011, 2.35075070122741e-106)
(0.7706599341700627, 6.328302801695695e-106)
(0.04777991867721966, 1.3628995700993085e-106)
(0.5561431169238306, 3.757678534516084e-106)
(0.4027396895553629, 1.6130931238536979e-106)
(0.765068251513903, 2.5636907165797084e-106)
(0.10170442044491965, 1.3937538494888628e-106)
(0.5894638974947626, 2.353719072080284e-106)
(0.8099883778666283, 1.0660577180889165e-105)
(0.5448504396358478, 1.1931973463787341e-105)
(0.6023435582411532, 1.9168982153676246e-106)
(0.29081127684035385, 3.380428950683752e-106)
(0.3315138418851521, 1.6396731643913254e-106)
(0.7167492384554621, 2.023979318286994e-106)
(0.07591034004379406, 1.5399074256667861e-106)
(0.9597608258584543, 1.4252835289696638e-106)
(0.6572041932031631, 2.3358640596952633e-106)
(0.5545688850321923, 1.2190122547555947e-106)
(0.135858003519866, 2.865577279394073e-106)
(0.9917617861118321, 1.4582888930269562e-106)
(0.13150300516952362, 4.886756653172858e-106)
(0.8664322927148812, 1.965817295375067e-106)
(0.1414877632609123, 2.448785310626356e-106)
(0.6613576172529441, 1.5197429239203e-106)
(0.4865265095428517, 4.195910330493735e-106)
(0.6363094337425673, 1.7580725722423653e-106)
(0.905170660148512, 1.4654402835419712e-106)
(0.7227496953787181, 5.131351672699238e-105)
(0.4689433933596702, 1.6515154145209508e-105)
(0.9746492473016788, 1.5048769062079747e-106)
(0.6892381393383276, 1.390324695675094e-105)
(0.3815880290912158, 2.3527088588997762e-105)
(0.1511899618131569, 4.363471931251384e-105)
(0.7541623781389811, 1.4063090604225065e-106)
(0.029147233479852087, 3.105065508621512e-106)
(0.6161374646747012, 3.284467677684602e-106)
(0.7080733291834064, 2.485557476582545e-106)
(0.528931185498511, 1.581663209621288e-106)
(0.39307628980925513, 1.3055420702497363e-106)
(0.37433111014700127, 9.70490790815382e-106)
(0.6221213325875057, 5.018088066555115e-106)
(0.49326657150819386, 1.3018331618075444e-106)
(0.009910449145665095, 6.549775269776783e-106)
(0.35585340686849903, 1.228436454376277e-106)
(0.49293555616613854, 2.1530611450739528e-106)
(0.363887878996585, 1.2395790557430433e-106)
(0.7029039650411988, 2.7735188182181603e-106)
(0.6082139247682774, 7.671548376514613e-106)
(0.2187901120444313, 4.629504323306817e-106)
(0.1924163284948085, 1.2941891516275004e-106)
(0.4643095599985058, 4.371650652847144e-106)
(0.4517431232783566, 2.089594249663851e-106)
(0.001651118367743091, 1.758841235759956e-106)
(0.08984470924701768, 1.7475246501832701e-106)
(0.4447925071807861, 1.2650871760273574e-106)
(0.8333937319531683, 1.3316904769201766e-106)
(0.8619331307972143, 3.074837554297668e-106)
(0.6014591370996718, 3.438975452735903e-106)
(0.2748081807862765, 1.708730428997555e-106)
(0.7320132078628578, 3.913855034902177e-106)
(0.552940287536611, 2.960334221213775e-106)
(0.4890397384021584, 1.3514132290609576e-106)
(0.6640050372244237, 1.2466327809502524e-106)
(0.5726579974689832, 3.130568671501434e-106)
(0.46182449389344, 1.3834116082249493e-106)
(0.39516486360578057, 1.512654064818121e-106)
(0.01621135548348681, 1.256800177367965e-106)
(0.15897273924125516, 3.515041247225209e-106)
(0.3651128826398543, 5.030927017987526e-106)
(0.197702360345736, 1.473824010317746e-106)
(0.7508491398891611, 7.0083309191832e-106)
(0.31457597269498494, 2.047090229840307e-105)
(0.3444203393941356, 1.37456842059105e-106)
(0.024335883207702174, 2.78485219081279e-106)
(0.4456310194874328, 1.3905181137411054e-106)
(0.4745687267169832, 1.3346926575070955e-106)
(0.5500143953625912, 1.5631678571114739e-106)
(0.9279421827685062, 3.222512360394743e-106)
(0.9310433603322229, 1.5608865810583281e-106)
(0.6629361082581586, 2.19529796299652e-106)
(0.21520492637287528, 2.5726397879790927e-106)
(0.4546126853949463, 4.241654082616281e-105)
(0.3370329579561396, 1.5576055819402052e-106)
(0.9455363723317677, 3.8362333820571734e-106)
(0.28422723555972407, 1.468541138859837e-106)
(0.6551045723994579, 2.8311681382314735e-106)
(0.8336775836000199, 2.0882293826249292e-106)
(0.7388670898357449, 1.9255032702561204e-106)
(0.6947873207554566, 4.186407235439855e-106)
(0.1024234685598568, 3.180503010595905e-106)
(0.6691833898431058, 3.395556348900308e-106)
(0.3971257342414973, 5.524595126952763e-106)
(0.6248706618465375, 2.0890902966366524e-106)
(0.4249591567201265, 5.227024246324616e-106)
(0.9548512538438134, 2.1842443013521434e-103)
(0.3394476524598434, 3.1002298983107923e-106)
(0.9895836931159022, 1.3238742731745482e-106)
(0.31731843805377413, 6.1812082528146565e-106)
(0.07895587106683709, 1.4381024942908697e-106)
(0.7958930849483193, 1.444555059605329e-106)
(0.13883876877858847, 1.8374006788675407e-106)
(0.4402180303403297, 1.1656809919288873e-105)
(0.8692934441369717, 4.2172296880861326e-106)
(0.4232238965469571, 1.2918230088355241e-106)
(0.6498962743603224, 4.796326899543619e-106)
(0.539054655459026, 2.3129600349103744e-106)
(0.40276381823822616, 1.8466974884499556e-106)
(0.2111671681614569, 1.840964102151647e-106)
(0.10045719252349863, 2.8060262544385067e-106)
(0.9512622255422052, 1.9453148970521698e-106)
(0.8573238661106641, 1.0387159635352356e-105)
(0.1561148774997325, 1.8955950386053998e-106)
(0.6569966048768421, 9.285134239336633e-106)
(0.35447369641614107, 8.500777462072924e-106)
(0.13241262555622516, 5.463920272199684e-106)
(0.084173641825745, 5.846317105120935e-105)
(0.24735930685409052, 1.6535270318867566e-106)
(0.4582501096376685, 3.7527255106155715e-106)
(0.26752189862717424, 2.4676454077469964e-106)
(0.9110749565635141, 5.26277660634944e-106)
(0.9684914638676941, 1.35287418355642e-106)
(0.13269814566718724, 1.7143637675481585e-106)
(0.5444053837742477, 1.2785447116224255e-106)
(0.4429414158232637, 2.2167838882250356e-106)
(0.4643843804368991, 8.932569892740879e-106)
(0.9599874180689364, 1.350424445192465e-106)
(0.031397844362961405, 2.0380831208955942e-106)
(0.7320228973089105, 1.5770682582972465e-106)
(0.6212791058204784, 5.63724807744394e-106)
(0.28386198416131464, 6.617701280546304e-106)
(0.04681447323048731, 1.779209716037696e-105)
(0.7269299086374318, 6.793837932035782e-106)
(0.9834277255694869, 1.2304296107038012e-105)
(0.20491207224066366, 2.637203851330713e-106)
(0.3550409591455943, 2.0940254683868681e-106)
(0.5206118734379419, 2.7351572058015748e-105)
(0.1630177908099304, 1.2418593818947138e-103)
(0.5262642892132441, 1.5731543050486057e-106)
(0.8697425449420529, 1.3156009592936088e-106)
(0.6053532544273469, 1.4727417960353522e-106)
(0.8619310833683386, 1.761558738193639e-106)
(0.8291029263611353, 1.5652541829582915e-106)
(0.3171134529468771, 6.208811051243359e-106)
(0.045334349914942916, 3.163499361831331e-106)
(0.39595500551579554, 3.514587293724389e-106)
(0.9401179391700861, 3.689250511271704e-105)
(0.19272740966032478, 1.5123564722012028e-106)
(0.2731971435190681, 2.7782346633997827e-106)
(0.8099714317070148, 2.007485607798314e-106)
(0.34284218217161627, 6.104649910342177e-106)
(0.23731429227625184, 1.3055996238861816e-106)
(0.09623983046498584, 1.5947710554535202e-105)
(0.012606632829335721, 7.822907474013402e-106)
(0.29180930744934774, 2.857467486129037e-106)
(0.7554339017281725, 1.4085511819740005e-106)
(0.9393521750928259, 4.067595114651904e-106)
(0.24849686537882046, 1.414411206194014e-106)
(0.06094679355744847, 2.227620821166937e-106)
(0.9781815478982139, 1.7510952127804018e-106)
(0.4847172724810095, 1.9793667306422264e-106)
(0.45921660256195973, 1.3557106270904852e-106)
(0.2993650447785648, 6.743191727511373e-106)
(0.07800768072864063, 4.278060424207546e-106)
(0.9846056526774819, 2.025774808290488e-106)
(0.26921763422745265, 1.9186576374032688e-106)
(0.016219379473147687, 1.9236618668033694e-106)
(0.9530431005216145, 2.7025779946610434e-106)
(0.29376932018166435, 1.4272883582622669e-106)
(0.25612787486867955, 2.3704387913753698e-106)
(0.9172163579818416, 3.2163757147630706e-106)
(0.2703846979249648, 4.816214092857395e-106)
(0.6765625857848777, 1.55414430433111e-106)
(0.3040814695711992, 2.475736773032357e-106)
(0.6111384425083235, 1.5063402794034755e-106)
(0.18513248006016872, 1.0526324739406196e-105)
(0.6337866971950121, 1.7605761982358227e-106)
(0.934534310486557, 1.3543431405095272e-106)
(0.6917058019172942, 1.4758621551720468e-106)
(0.8986896544221075, 2.556102380104437e-106)
(0.5014029365246878, 1.4001993894979022e-106)
(0.46204441409865393, 1.5849967943273046e-106)
(0.8601308646498965, 1.7916912465147538e-106)
(0.1488779375451283, 1.4848733786187536e-106)
(0.7785753136514845, 2.752769977605935e-106)
(0.4473344228585104, 1.474377688019197e-106)
(0.14541349531827144, 2.4230388458284694e-106)
(0.09676523448281284, 1.6440399191277278e-106)
(0.5805674281519124, 5.269491013844943e-106)
(0.9709805624848863, 3.0714758759048404e-106)
(0.782279472532522, 5.369950086650556e-106)
(0.2386703063624257, 1.2398312810610153e-106)
(0.06690606885334023, 2.4577084905402013e-106)
(0.04906226805034012, 2.3067325081600537e-106)
(0.8850431684148253, 1.2699299316644915e-106)
(0.5554113661397021, 2.651661503861793e-106)
(0.2337041608642458, 4.1635648220783846e-106)
(0.0375416901750965, 2.1504833228925005e-106)
(0.9382807210863611, 3.0429580172633044e-106)
(0.9587751551663054, 1.8180902086404147e-106)
(0.2460179378083486, 2.5423186993703895e-106)
(0.07678691482884077, 1.0725983801807404e-104)
(0.8696169983752211, 1.419597996312181e-106)
(0.44330600905372614, 3.968487354389038e-105)
(0.3803401003803857, 1.7889164722086518e-106)
(0.27749334365565737, 8.764308912068517e-106)
(0.3163401142232521, 1.376691405559142e-104)
(0.8569411594223549, 4.0757068695443287e-106)
(0.07504932423895445, 3.6687435559421923e-106)
(0.3227710808471907, 1.3481840643559174e-106)
(0.18110340880583328, 7.687847450746349e-106)
(0.9668238179986869, 2.994495073735013e-106)
(0.7697288625007507, 2.055331562610348e-106)
(0.8388366617048398, 1.7951966072874497e-105)
(0.7527878688180075, 1.614506654607478e-106)
(0.7797269011258999, 5.427088733568642e-105)
(0.13458237159202277, 1.2200062360356268e-106)
(0.12542040054777664, 9.932881651691482e-106)
(0.726368958229869, 1.753397513715609e-106)
(0.35551179017165824, 2.630075499314022e-106)
(0.16752612814233378, 1.7295057227311436e-106)
(0.5986939357768072, 1.7181819648234335e-106)
(0.4106321875638304, 1.2846753947269368e-106)
(0.6526251566622928, 1.465747736136283e-106)
(0.9787348330516688, 2.2524945315893733e-106)
(0.28070872303186245, 1.8032029478717587e-106)
(0.5967480876749988, 9.939875719887787e-106)
(0.19096710248978455, 2.3161675726022186e-106)
(0.4571023904870139, 2.115461053751654e-106)
(0.19700224231475863, 1.9618586915829376e-106)
(0.17557353556760422, 3.37859617357329e-106)
(0.6292669910995833, 2.060918553822154e-105)
(0.0818634292932905, 2.4301885172879363e-106)
(0.9802362769520417, 1.7685313354976362e-106)
(0.056604041397962775, 2.2147285741847864e-106)
(0.36890071318056966, 1.545988486375672e-106)
(0.3745424564042672, 7.135754768275641e-106)
(0.5820920357858697, 2.1023684156012568e-106)
(0.8136763579549309, 2.998536382194864e-106)
(0.4699225765122213, 3.966161081776288e-106)
(0.9776201424402483, 1.4132222442377895e-106)
(0.6762299520931644, 1.2502325195816757e-106)
(0.8325427342467021, 3.7315696117808567e-106)
(0.8325847816915102, 2.76945386954932e-106)
(0.6121454952634013, 1.243747796514359e-106)
(0.8316845641513335, 1.523460752972565e-106)
(0.754360564025986, 2.292377662741766e-106)
(0.6312373104190222, 1.5497267737304722e-106)
(0.4239330313013295, 2.0926827664608395e-106)
(0.7742725937080471, 1.4081745490485379e-106)
(0.9856251954753162, 5.247266673319755e-106)
(0.6120945131523717, 1.2403848559747194e-106)
(0.5675183947190643, 1.4463208718823184e-106)
(0.873004572611948, 5.530124110714591e-106)
(0.841676945874592, 3.390929020377393e-106)
(0.8511188122594334, 9.862540431766451e-106)
(0.5638647146014878, 3.967672461324629e-106)
(0.5331614497274596, 1.4307361478829787e-105)
(0.3340112585484825, 5.859884187330539e-106)
(0.6093570904322763, 5.468544482483693e-103)
(0.49469467208945517, 7.233514874029098e-106)
(0.6039797069677578, 1.6603642905666136e-106)
(0.0017205072705014232, 3.3155166885719164e-105)
(0.10729637128750823, 1.9733541760483292e-106)
(0.9532729118982398, 3.7881982143430904e-106)
(0.5621558207502507, 2.382609541761487e-106)
(0.2837695290677701, 2.225374959403351e-106)
(0.723763172944801, 1.712159759229485e-106)
(0.8170088850121351, 2.672459389843411e-106)
(0.04824618064121438, 2.0234280634835685e-106)
(0.06104900591586962, 3.05450628063095e-106)
(0.14544934323252698, 1.3527016127341854e-106)
(0.2963552009406076, 3.6193619132536184e-106)
(0.24582961217662339, 2.0540472085086901e-106)
(0.9113496797306547, 1.9607018826752407e-106)
(0.14660441238711594, 1.5002751824773712e-106)
(0.6452456895275434, 1.4406672641409313e-106)
(0.9969960096400872, 3.9089163563064017e-106)
(0.9049912840708207, 2.1345353307555e-106)
(0.41292757901878724, 1.5854213352627512e-106)
(0.10787794220052133, 3.287854350883943e-105)
(0.3071415713460506, 4.463180310017604e-106)
(0.08974793762750415, 3.200779970515762e-106)
(0.7514255735416414, 3.868983600481355e-106)
(0.17709075667036156, 3.166314821245744e-106)
(0.9236908304166567, 7.110954476147321e-106)
(0.13234963028051322, 5.193297140223939e-106)
(0.38705143796379526, 3.45731858622127e-106)
(0.2266076709351223, 1.5259390933693803e-105)
(0.5570761851902962, 2.0210462354378006e-106)
(0.802575602181775, 4.2232442946516024e-106)
(0.11145295859769389, 2.5004271812223676e-106)
(0.2068182740241652, 1.8024251401344122e-106)
(0.3666404564389001, 1.4045995420781493e-106)
(0.016572917965284203, 1.2401430418621527e-106)
(0.8259097383551843, 4.369292614788903e-106)
(0.052426684871859225, 7.488259612849856e-106)
(0.6839975554669577, 2.235941842523857e-106)
(0.32031037815368923, 1.0417154760382142e-105)
(0.4445773964994864, 8.698917557578824e-106)
(0.6029813563303169, 3.0716933332450407e-106)
(0.016573922294002962, 1.9758936554710643e-106)
(0.3382545667198192, 2.8236828863887767e-106)
(0.8795197870306979, 4.969627088809172e-106)
(0.6218809965478729, 1.9286204728625596e-106)
(0.2494231715826642, 1.5475456463324741e-106)
(0.5384491573736209, 1.2269963449277677e-106)
(0.7063550791855175, 1.808572192129375e-106)
(0.3688413409714081, 1.2580469504710628e-105)
(0.151489663314477, 2.272231686090218e-106)
(0.872470712237316, 6.102309553151487e-106)
(0.553168719573172, 2.6798476233585883e-106)
(0.5508316937917026, 1.7666751491190803e-106)
(0.5468456169767972, 1.3914929387429716e-106)
(0.07907186618676464, 9.13129516012037e-106)
(0.5836171547380063, 7.324587404945021e-106)
(0.5913067739326631, 1.8657007476429435e-106)
(0.08268625585196246, 1.4889172840626284e-106)
(0.0398126678504965, 1.9492474845464064e-106)
(0.030608220567652143, 1.2543985221358768e-106)
(0.7506914738725746, 4.2212041796377136e-106)
(0.6258774181475782, 1.3432391493270925e-106)
(0.7300267594510639, 5.993421742327587e-106)
(0.8251559990763762, 4.1482706064758127e-106)
(0.3701588386033175, 2.499210587802789e-106)
(0.01843987567807943, 3.7972451273606815e-106)
(0.7776251501463517, 8.184319138794687e-106)
(0.1137969193923234, 2.9320899549709045e-106)
(0.626666467575032, 1.7633059553943153e-106)
(0.29316921531110707, 2.909666996255958e-106)
(0.0539305842124657, 1.4514974159104808e-105)
(0.6632966513783883, 1.5302696602719353e-106)
(0.8302490206092993, 1.5468456619824827e-106)
(0.8937292202466732, 2.955228251155726e-106)
(0.40602642863021216, 4.699227612193111e-106)
(0.25182349651857844, 1.5695739981489721e-105)
(0.8785630123720163, 1.4679318679753508e-106)
(0.3855437810653424, 1.639952894215896e-106)
(0.5193011208403198, 4.509637699143951e-106)
(0.45854601531328276, 2.6001432104449054e-106)
(0.8512362636733929, 2.2405232187677123e-105)
(0.4958573771178597, 2.7677504338943854e-106)
(0.9730624173761852, 1.9771330765798935e-106)
(0.11874700825640824, 1.9892784999834608e-105)
(0.9697800106181199, 1.4795021743280277e-106)
(0.9884294172525556, 1.223223623173293e-106)
(0.6599419017434798, 4.015881395580699e-106)
(0.6041392265785667, 1.2565980900475396e-106)
(0.6799155942861052, 3.897104620899077e-105)
(0.1555277548037707, 1.7439046628414534e-106)
(0.06094431495835605, 3.2303133080928212e-105)
(0.36244548764133583, 2.475158108729666e-105)
(0.830114772372933, 1.6554382526851314e-106)
(0.8821651428953698, 3.798746063484905e-106)
(0.40354090751931004, 2.434871206688021e-106)
(0.6529381584045532, 5.597804267034996e-106)
(0.31964648269872137, 1.2286826593253558e-106)
(0.9068213820938341, 5.333542394796075e-106)
(0.7421983613205071, 2.1967252498471096e-106)
(0.8477015071468389, 1.2598046827018217e-106)
(0.21388211340805868, 1.3147930864292772e-106)
(0.3523881820404109, 1.6062435468388387e-105)
(0.6699716000562964, 1.592085970782257e-106)
(0.028233329246654247, 5.583138598259546e-106)
(0.987332341331541, 2.5216798565873204e-106)
(0.6511658452659965, 6.762038719061451e-106)
(0.26175633266371323, 3.1371584939139714e-106)
(0.8193125748228038, 1.7439669655077974e-106)
(0.4996327617179784, 1.6172422318113806e-106)
(0.3379023271886194, 1.3582647876310275e-105)
(0.20296887083037457, 1.8302355002170712e-106)
(0.730194593873569, 5.115412779964911e-106)
(0.6079685163006593, 1.9805808934321053e-106)
(0.8981485377713629, 3.6902609031241833e-106)
(0.32231218126216704, 1.7074948467524178e-106)
(0.41509054060049616, 1.3526584474727514e-106)
(0.4825250420533473, 2.033134418196986e-105)
(0.8270069053572814, 7.385248826249894e-106)
(0.9619615203732279, 1.4933188656783767e-106)
(0.9746688976200091, 2.9645847633805807e-106)
(0.30610797459120415, 7.172979115465642e-106)
(0.950680567746959, 2.474913919741117e-106)
(0.17161878294157099, 1.6449691107805989e-106)
(0.3044132404912779, 1.4118544898491158e-106)
(0.2712215448075413, 3.078518993958182e-106)
(0.5148298653427802, 2.4623961805790045e-106)
(0.06508834457345773, 1.8736129557265841e-106)
(0.5569701681024407, 6.493831647232023e-106)
(0.492120839421377, 1.2776743464382737e-105)
(0.7646222145056691, 1.923251590117595e-106)
(0.6133038894386614, 7.390069285564589e-106)
(0.5106065755248388, 1.2677157243270338e-106)
(0.6765508835076794, 1.8562809189244067e-106)
(0.2375045451960537, 1.0451797057228713e-105)
(0.852848134457908, 1.4653404283838633e-106)
(0.27303056743007187, 1.3687202772895548e-106)
(0.8563247418163066, 2.458898467388768e-106)
(0.7465643233034327, 1.5069612483584285e-106)
(0.6596425340438334, 5.220546572361906e-106)
(0.2416082743517827, 6.531450073922743e-106)
(0.6566847810049242, 1.9267185361562232e-106)
(0.6162982223091132, 1.4012454468341143e-106)
(0.11772556475239813, 6.874234060207266e-106)
(0.4701115773923549, 1.739137702063554e-106)
(0.9615300194854165, 2.2562049275287167e-106)
(0.5580907625878158, 1.3350022667086231e-106)
(0.9820807452958671, 1.29031524452422e-106)
(0.3322983417763833, 1.6406038577201612e-106)
(0.11887680182291914, 1.271028600487781e-106)
(0.9450425641896388, 1.4517403266010482e-106)
(0.04708495321317942, 1.3744600340021778e-106)
(0.394592263840473, 1.2417501306394606e-106)
(0.6996987046044765, 1.706375723064493e-106)
(0.7708410734079759, 1.4626577255222246e-106)
(0.8923883201175521, 1.2322776635093647e-106)
(0.37702224401242473, 1.4143393399795394e-106)
(0.5774712017096042, 2.1579852060682816e-106)
(0.5018848486463626, 1.821831873825378e-106)
(0.16490712385514014, 3.3542577133225084e-106)
(0.3982727726139705, 1.6070195224530353e-106)
(0.9003129694533716, 3.562120259441039e-106)
(0.028967225774020115, 1.501716519780989e-106)
(0.9147113265531298, 1.6562067687415257e-106)
(0.277742847125829, 3.2547642407425493e-106)
(0.1872472698538092, 1.448812093317119e-106)
(0.37589852080808706, 2.2300872250027724e-106)
(0.7314410190471838, 1.652912016682236e-106)
(0.10881669670647878, 4.508706352234661e-105)
(0.5168349489404939, 5.782697454538442e-106)
(0.14999925885682797, 1.2942556688510172e-106)
(0.2130223384299735, 1.2772022587807707e-106)
(0.899971785488749, 1.3729886223498134e-106)
(0.07043452349520017, 1.5166105925444945e-105)
(0.49743821926208376, 1.2198085860962776e-104)
(0.4015507506796248, 1.3466361433466655e-106)
(0.06493123014474608, 4.997507884610928e-105)
(0.0449972109760884, 6.117975507464297e-106)
(0.7365708498882553, 1.4411989080031012e-106)
(0.5670713134090958, 1.4056807214545202e-106)
(0.9641720306351014, 1.410190126680031e-105)
(0.9396166747526988, 1.0528002557843018e-105)
(0.44742143657118577, 2.2081322987869043e-106)
(0.7645977814783808, 1.2978826180536225e-106)
(0.2230751912276713, 1.3710826147443744e-106)
(0.824042157608205, 1.7747825873866877e-106)
(0.5544641663061537, 7.741682135559035e-106)
(0.11820255022381902, 3.41958945190681e-106)
(0.04493928632133567, 1.489057282458388e-106)
(0.7604378913348285, 3.5907703392884926e-106)
(0.6651148832620665, 1.2278557015741347e-106)
(0.3553999766842132, 1.577154995717001e-106)
(0.03086080104920354, 3.791660591447141e-105)
(0.36199717908858564, 1.8434256765962346e-106)
(0.5948817021644052, 1.718762546609962e-106)
(0.8747473241712712, 1.2209939759569514e-105)
(0.47157232573005425, 8.742110922772641e-106)
(0.14974268109806302, 2.0885231432842898e-106)
(0.0007873540878362038, 2.993400895202587e-106)
(0.0775029018039023, 1.30588618526077e-106)
(0.5726874390727598, 1.3869671442120415e-106)
(0.9296380715458596, 9.588848508723956e-106)
(0.04642928243329517, 1.2726078483075273e-105)
(0.5897293866627672, 7.785918250844322e-106)
(0.5529413619291574, 1.5614360316393806e-106)
(0.18630782149090805, 1.5793124764352326e-106)
(0.8448977172944034, 3.0164056837377972e-105)
(0.44362807614653615, 6.964757272580857e-106)
(0.5142885381080313, 4.416546685208469e-106)
(0.8150034487470452, 3.457776328807274e-106)
(0.3061872158764262, 1.7798921298931448e-106)
(0.06833086988261852, 2.0999188467308317e-106)
(0.30580634863833656, 5.955917166210216e-106)
(0.6667484999776485, 1.2604994622399237e-106)
(0.7056126866822879, 1.6886558331537697e-106)
(0.5208660169206042, 3.4610299947430157e-106)
(0.8090948161474021, 2.375599494462408e-106)
(0.3125094368867887, 3.610885605290034e-106)
(0.15096910350481424, 2.973833089253084e-106)
(0.7913109569681751, 1.3626408464619397e-106)
(0.6678464043850619, 1.3354989120883281e-106)
(0.3386316652030631, 1.3169989112690384e-106)
(0.9986083978272389, 6.126315368558949e-106)
(0.5912536562231705, 7.088205232744533e-106)
(0.4681904650071829, 1.5617323177206325e-105)
(0.008014809336013885, 1.2985991622684467e-106)
(0.12500558309276655, 1.2385089530948902e-106)
(0.8836457774844984, 4.136470288392336e-106)
(0.5029510050440595, 1.4387153998232523e-106)
(0.6537199848438244, 9.69740213576241e-106)
(0.8193562614613218, 1.788741610956105e-106)
(0.4573958374833855, 6.52018797296308e-106)
(0.8257412760767986, 8.656572937252926e-105)
(0.5615286032163923, 1.3699047534412522e-106)
(0.9627842860432236, 2.5674823754728743e-106)
(0.2416003090990542, 3.66623753479847e-105)
(0.779378579891198, 1.05482591273238e-105)
(0.6619643265072183, 1.6347882764256238e-106)
(0.9678194122112789, 1.3891636257579198e-106)
(0.71216893176832, 2.26610600059921e-106)
(0.6589124970598029, 2.466171636149366e-106)
(0.9710789025874731, 1.574578007537221e-106)
(0.8109925991998103, 1.299786552655149e-106)
(0.18662825617860568, 2.438853965417371e-106)
(0.592916645831184, 2.5055802815627473e-106)
(0.28143134788988233, 2.241667206417121e-106)
(0.9176754572338537, 6.243840046133045e-106)
(0.8848272035793724, 2.591642617168242e-106)
(0.4419081377947332, 1.2469325923546506e-106)
(0.293973293709443, 1.9437121812589801e-106)
(0.6756866380329023, 7.240434999503068e-106)
(0.14628334113491928, 2.1761048858005463e-106)
(0.9573084113188711, 4.359154931643618e-106)
(0.6138662546085152, 1.8774888007353035e-106)
(0.5679845053140737, 1.3074477159794285e-106)
(0.856955401308219, 1.226846611419389e-106)
(0.9896346836464889, 4.4153790199433734e-105)
(0.40294262948324777, 1.2752336677993053e-106)
(0.7100961843104586, 2.1467420738154883e-106)
(0.6413437891027327, 2.0514826012912653e-105)
(0.017707502613774625, 4.2633107406292287e-106)
(0.977928887887605, 1.6415164608882424e-106)
(0.9842338273938885, 2.473920857673261e-106)
(0.6667385274360217, 1.2188158479311583e-106)
(0.2943918848964322, 1.4629126939616457e-106)
(0.5354621250866913, 2.005056776827725e-105)
(0.48713356832545085, 4.2663303652503064e-106)
(0.4108118562797796, 2.714814326221386e-106)
(0.8107334829146465, 1.9979064950801214e-106)
(0.5008013121040692, 2.264082408351579e-106)
(0.5060241193034525, 1.3799314589285597e-106)
(0.9855844634893426, 2.7672805579006187e-106)
(0.9587762022459764, 2.3472852720389806e-106)
(0.08588013223064603, 3.772279296197451e-106)
(0.4515295485771222, 1.6965035139472233e-106)
(0.9955404577979753, 1.4988881080386794e-106)
(0.823862212411455, 1.6287963832246822e-106)
(0.48903399703764816, 1.3092392455036637e-106)
(0.8847214256744395, 1.5933522061007823e-106)
(0.4993058518189016, 2.63042987597883e-106)
(0.9556145296843873, 5.82872845380535e-106)
(0.7117296463272168, 2.1340280564179933e-106)
(0.09729675508207233, 1.306475798596979e-106)
(0.8023839995434126, 8.259352275353861e-106)
(0.3489862231574794, 4.3227942365192236e-106)
(0.2111878720790822, 2.0758645284221038e-106)
(0.929071558690328, 1.5057784503894903e-105)
(0.9125409506942805, 5.5951004019063895e-106)
(0.6124846461020254, 3.4405342786177786e-106)
(0.5269002398275281, 1.254903954950237e-106)
(0.7049470330253607, 1.8738674675639608e-106)
(0.47585621627418695, 1.1427530523894227e-105)
(0.25268847804265854, 2.1306940178311309e-106)
(0.48936766039489676, 5.238062492220354e-106)
(0.8394615735970536, 1.222865078190026e-106)
(0.3666401785157801, 2.603011821577372e-106)
(0.4173818960648381, 1.3437636534291184e-106)
(0.3070434943132382, 4.910047871579244e-105)
(0.7658690076106327, 1.439366098913229e-106)
(0.06774991489637483, 1.7229185339496574e-106)
(0.9579256884700191, 1.2250278439669993e-106)
(0.8419749916508957, 2.4369267810296054e-106)
(0.9056831853853469, 2.0634584128240777e-106)
(0.0712605899457045, 1.3903277341776064e-106)
(0.9448289696452079, 1.3385583445478917e-104)
(0.43765097791772023, 1.3486587974505529e-106)
(0.6195736939892033, 2.0033879460002794e-106)
(0.8467565713812841, 4.246551028014282e-105)
(0.8696631543867424, 5.27983060960824e-106)
(0.48972872152404956, 2.226249065732035e-106)
(0.25579874339526054, 3.691910132382391e-106)
(0.763353648360276, 1.256421998055271e-106)
(0.8083876253304372, 4.382009580078364e-106)
(0.18201603755754409, 5.120452079446228e-105)
(0.830734447221234, 6.127692470956465e-106)
(0.5862360462461457, 8.90028535985444e-106)
(0.6865429997764974, 2.491245442966463e-106)
(0.13686318078585843, 2.3077804196380077e-106)
(0.1470040126864536, 1.303222379058741e-106)
(0.356076905387031, 1.6142042094990247e-106)
(0.6993084470928446, 1.4043988734134326e-106)
(0.9631718012815899, 2.7070321369218487e-106)
(0.36044952089995347, 3.959411071107886e-106)
(0.4303250884100748, 2.9073813870370787e-106)
(0.5274127619123006, 1.7581282490344682e-106)
(0.8089018772837863, 1.6567350793177288e-106)
(0.1663286411719968, 1.4612818241961316e-106)
(0.9533903648450989, 3.489144818366511e-106)
(0.18198407737393868, 2.1094324662159432e-106)
(0.4539948177113774, 2.897814449834936e-106)
(0.3702378438315332, 1.6494563398777664e-106)
(0.4649530434072283, 1.723386846148218e-106)
(0.6463585489704388, 2.0785233491014157e-106)
(0.6096622258507741, 1.8091153128380487e-106)
(0.7922155874065671, 1.952548744676877e-106)
(0.10871293516784342, 1.5074336139746851e-106)
(0.1492808109595084, 1.2518847461441745e-106)
(0.31776897853195835, 1.4587518537588014e-106)
(0.23463747903427098, 1.688003857020617e-106)
(0.3082409207500799, 1.5702635326370393e-106)
(0.171607432736702, 4.288522586287497e-106)
(0.4990869161961522, 1.2329724835015919e-105)
(0.80535005469191, 1.509472179432011e-106)
(0.31916894165917226, 1.257092891368495e-106)
(0.2415852860089925, 1.3661712910740434e-106)
(0.3691940647777311, 2.2230465477169777e-106)
(0.2378836110152576, 2.287863746921883e-106)
(0.5654402827909064, 2.7632558658459192e-106)
(0.9503200313061689, 5.376090882746083e-106)
(0.4227094673093153, 1.7300995141408835e-106)
(0.7767880017174683, 1.9052853873669297e-106)
(0.8943109273330653, 2.4047743637152897e-106)
(0.04811279341425129, 4.1316241972012197e-106)
(0.8531275530134713, 1.4303727106005253e-105)
(0.711846050030048, 3.230606856964965e-106)
(0.16854806088552354, 1.0626967965321176e-105)
(0.3024939642013899, 2.3640411901060397e-106)
(0.13451376370819354, 1.8049528083417416e-106)
(0.08218955720707133, 1.4161325329954995e-106)
(0.9001877571956263, 1.728202791847038e-106)
(0.6208848269628068, 1.7140709705333734e-106)
(0.30889192261447646, 7.393077514836967e-106)
(0.44787100224109444, 3.3968609086986425e-106)
(0.055953911544113666, 2.205599900086178e-106)
(0.8499156266521241, 3.398375501339963e-106)
(0.715041039499183, 1.603834950878967e-106)
(0.05122241885351121, 4.2019794069363397e-106)
(0.7011084658159529, 5.40593519205216e-106)
(0.5031356963336432, 1.7728942439514072e-106)
(0.1806678793099837, 1.594045381815471e-106)
(0.37459203017418496, 1.9536715053394451e-106)
(0.5191535026598868, 1.5255368334653622e-106)
(0.8297668672798757, 2.2072337472431705e-106)
(0.022943613761606692, 5.05690597350395e-106)
(0.12797662631318513, 3.462158001446341e-106)
(0.46686640963860804, 8.201848454576059e-106)
(0.2639514093829376, 1.4225769900952572e-106)
(0.31353946160493007, 1.8302564546462583e-106)
(0.4634893787484704, 1.789704322239827e-106)
(0.021432075134646858, 2.512007276347813e-106)
(0.6746879260192695, 2.4565541831760237e-106)
(0.29335861088760856, 1.4160240658902087e-106)
(0.7345572894888389, 1.3789265030327635e-106)
(0.8794268899515523, 1.1161963790468846e-105)
(0.9722888922242526, 3.750539674391468e-106)
(0.3444737602112086, 2.0718042046098963e-106)
(0.6943720769922282, 3.328298003839882e-106)
(0.4999025123806646, 8.788087454842292e-105)
(0.46379038281290896, 1.9011834414534173e-106)
(0.5359569534548215, 1.5606118689843583e-106)
(0.8234837073930528, 2.2786108194086905e-105)
(0.16134896016293493, 3.5392347083329473e-106)
(0.13974129758483497, 1.563784791371265e-106)
(0.3307452574727895, 3.7393437450549427e-106)
(0.12695984490984216, 1.4902537519233287e-106)
(0.33871905375356093, 1.5754707954791306e-105)
(0.18690195581577904, 1.4123375867396612e-106)
(0.8448793942581769, 9.31812410648177e-106)
(0.5247752856038198, 8.1264890939568575e-106)
(0.5205296260545507, 1.4243691841856455e-106)
(0.28274514552935653, 1.7400251991110172e-106)
(0.7249194064536415, 2.3383920394320607e-106)
(0.4469028046331706, 1.524148083115611e-106)
(0.9664676868038785, 2.432465035561096e-106)
(0.25640796386492964, 1.9201646585121489e-106)
(0.07928067384554432, 3.032253021951582e-106)
(0.41442618193353586, 5.6274356405183205e-106)
(0.8809480781463728, 1.0343986282869143e-105)
(0.7442951516250299, 1.568556540684889e-106)
(0.8300096161829639, 3.023963505114506e-106)
(0.6076685689812148, 1.3646131325552882e-106)
(0.3533240857467639, 2.473357467574196e-106)
(0.5801890814438077, 2.656842280150254e-106)
(0.21306875736224667, 1.6282705837725704e-106)
(0.5493288479909937, 1.251262828169474e-106)
(0.6869149680527635, 2.199324980675978e-106)
(0.23312729117259556, 3.190803621382177e-105)
(0.29775039660631686, 1.089518729067008e-105)
(0.9105197961565141, 2.488005443348318e-106)
(0.36884265448563375, 4.1862983041910627e-106)
(0.588961845402378, 4.854333528385996e-106)
(0.7321556689432777, 1.48898357038715e-106)
(0.5891581501124451, 8.79789720813683e-106)
(0.7523816388705222, 4.0119679189184555e-106)
(0.9192731446235335, 1.7650724932901464e-106)
(0.02879852868409009, 1.2766480744514564e-106)
(0.27120677929554826, 8.976456578052606e-106)
(0.04111540510690068, 1.7371682406766511e-106)
(0.9912359264759365, 1.7379350711780307e-106)
(0.384842526757459, 1.659897988200532e-106)
(0.680509679844644, 1.0924697591020951e-105)
(0.44779280512004027, 1.8246479974874572e-106)
(0.5307966734958854, 4.08426999072541e-106)
(0.16469726636854637, 1.2464735715634525e-106)
(0.024688851471068748, 1.7728482659154345e-105)
(0.8158610505095899, 1.0888971733265118e-105)
(0.2662505268388521, 2.1018510010289474e-106)
(0.45462408391226233, 2.692208985944217e-106)
(0.7279834943549902, 2.197512344956661e-106)
(0.06623439920592246, 3.1869128773166564e-106)
(0.02877215136836969, 3.555427878272887e-106)
(0.38846125519042723, 2.0613140297763448e-106)
(0.6554192846519704, 1.220372419254527e-106)
(0.9333488791822825, 4.194267691932151e-106)
(0.9290008514105984, 3.312313942026076e-106)
(0.5038551075906406, 1.855891098948191e-106)
(0.23145681469329432, 1.522403268882412e-106)
(0.3942114527171785, 3.2478604479980604e-106)
(0.5977673036934557, 2.915919393216316e-106)
(0.5723800647009684, 7.727993284574107e-105)
(0.8513836211434229, 4.756960005568584e-106)
(0.06679377324119902, 4.339253225890209e-106)
(0.28172063205094744, 1.7424882274325503e-105)
(0.727272328056458, 2.391513941716208e-106)
(0.8950322382057687, 1.27492335432851e-106)
(0.8775115564676907, 3.009895633061818e-106)
(0.7851915412451808, 3.804390594701893e-106)
(0.18890289968589266, 1.2590409727281786e-106)
(0.7121926691316509, 6.163995985241892e-106)
(0.9802554563139323, 1.3141967141179242e-106)
(0.5638539976298554, 3.896308070949574e-106)
(0.4219834763822675, 1.8863232479565524e-106)
(0.35083423790019397, 1.9594081120346634e-106)
(0.9197807946863553, 2.7052214977655236e-106)
(0.5920955849627816, 1.2418842219202152e-105)
(0.17049419016486048, 1.8500856690422963e-106)
(0.26387706344888195, 2.318536348069598e-106)
(0.2067484021452436, 1.5758709785625753e-106)
(0.9934517926072572, 1.7726014607899488e-106)
(0.3659908587519216, 1.2792136909604555e-106)
(0.5821486260034436, 5.869732029630643e-106)
(0.7056370292328039, 1.0770043500533621e-105)
(0.4539655489191243, 2.200646657732348e-106)
(0.8131198334762284, 7.187880770343104e-105)
(0.5916817284031952, 1.3121205561924623e-106)
(0.03035642303190652, 2.734691897479923e-106)
(0.23387902319714457, 1.3559501493749463e-106)
(0.6780693131555737, 1.4955304702049462e-106)
(0.5041845236757417, 1.6355925143017254e-106)
(0.8552073455844439, 1.9057373588016634e-106)
(0.972394975483707, 2.8171546575590506e-106)
(0.889533997425735, 1.229252331776949e-106)
(0.32778938683623754, 5.145992328189899e-106)
(0.3613333572319759, 4.0740146556822127e-106)
(0.969956607411291, 4.815706040073874e-106)
(0.10499700601904816, 1.7460129816912205e-105)
(0.5035451759358219, 1.4613882164177237e-106)
(0.7104900369027588, 6.81154725822285e-106)
(0.8098178395980854, 1.4180447034321265e-106)
(0.9840311315630355, 1.2650532555957082e-106)
(0.9434481138717582, 2.7651430350458445e-106)
(0.8469514468913594, 2.681500796075147e-106)
(0.18851132427021725, 5.697451280538551e-106)
(0.2603798222286217, 2.3718938489392947e-105)
(0.8300409154888646, 1.5299156908392662e-106)
(0.7037900066698675, 1.9042666867442656e-106)
(0.15757993818278573, 1.903219651606676e-106)
(0.013723357980121987, 5.097113705066701e-106)
(0.8832596635251225, 1.3920376491947456e-106)
(0.8013522524972692, 6.842457028197286e-106)
(0.020464136799277326, 1.3179887930835805e-106)
(0.7937714461187083, 1.8970674553329555e-106)
(0.7379657912825152, 1.7706539195168787e-106)
(0.6612948661464597, 4.50759847251803e-106)
(0.32138208964220427, 3.2197352273410156e-106)
(0.8186323308134609, 7.013336590231047e-106)
(0.8285972731230625, 5.858973383137647e-104)
(0.47333577083358136, 6.888049945419049e-106)
(0.3596707899978319, 1.5059714145292998e-106)
(0.71418024735633, 4.501497393581756e-106)
(0.9787470433567713, 1.5522982917185925e-106)
(0.6239723232492181, 1.707185428054367e-106)
(0.6008983336365215, 3.0265086188160863e-105)
(0.594223299246934, 2.214154344734065e-104)
(0.7745220793399232, 2.068764708304838e-106)
(0.4275604869836154, 1.2757068453902172e-106)
(0.08311011126777851, 2.181224075138646e-106)
(0.6145991846467678, 2.3313704891963244e-106)
(0.3286440907874666, 1.6132195131069905e-106)
(0.9215231688561164, 1.8834987260721086e-106)
(0.31129717985181393, 5.502207830624011e-106)
(0.7455553031889636, 3.0617787126412283e-106)
(0.8497653065961669, 1.9050308742274296e-106)
(0.0006449229098589394, 6.934497732914546e-106)
(0.9800434413135336, 3.9361421340039896e-106)
(0.0851400850224973, 1.9414918978657868e-106)
(0.2648268009028432, 3.437487127842129e-106)
(0.5557396733637495, 2.4455329943242957e-106)
(0.4374124106085261, 1.5879426896535341e-106)
(0.18628442422526048, 2.190995618270517e-106)
(0.4008790666378232, 1.520024949809493e-106)
(0.8705131675635766, 4.235588076070896e-106)
(0.3150219544677123, 1.4206272278726528e-106)
(0.9983494093102812, 9.91825516401555e-106)
(0.33606031285413235, 6.011440548235652e-106)
(0.5682503480837923, 1.9619731007757932e-105)
(0.6320844695922331, 1.6889608452454092e-106)
(0.6348863921624455, 1.3933714551336375e-106)
(0.6135055671981315, 1.5925364369394516e-106)
(0.925340489229456, 1.9858806629580137e-106)
(0.8667370646188424, 2.7224638711579153e-106)
(0.6195087543100425, 5.908146003344214e-106)
(0.9958951780070617, 1.4326278729945963e-105)
(0.5730660713588136, 4.343855947760137e-106)
(0.48169839960516964, 2.204918448222518e-106)
(0.6023461547819265, 5.197530161466027e-106)
(0.5846451392677005, 4.1052157184777177e-106)
(0.22330447745710455, 1.2711219506935452e-106)
(0.9781235739271047, 2.371287646523552e-106)
(0.2813362751713919, 2.6808318150362234e-106)
(0.7829841774192042, 1.7229311380772495e-106)
(0.11124967344540328, 2.150891697940462e-106)
(0.4305085560585231, 1.3152540494643469e-106)
(0.10782346106476258, 2.3978145497854543e-106)
(0.6098950146316934, 1.5453597584962883e-106)
(0.8485096539085071, 4.6238853464671505e-106)
(0.3392003455470805, 1.515186484485627e-106)
(0.10362930869569312, 2.082774883847543e-106)
(0.6228618032296993, 1.2703936627245568e-105)
(0.762802049312319, 4.0382359104204015e-105)
(0.6012589820143472, 2.1593686291950257e-106)
(0.31519695780676293, 2.958879813115621e-106)
(0.14419118732916525, 1.3426099095015252e-106)
(0.8020562707979815, 2.1733720076073873e-106)
(0.21342216373293768, 2.5554381100145585e-106)
(0.10449117654686024, 1.095491262312631e-105)
(0.858719426642465, 2.3076731295207107e-105)
(0.9392314026016382, 1.3188812913105017e-106)
(0.6063862103874381, 2.4382880243023515e-106)
(0.4447316699962348, 1.6730184357190818e-106)
(0.47831142820218786, 1.60544948452179e-106)
(0.22401842891215656, 1.5648048530191747e-106)
(0.4813776262558275, 2.807433033872527e-106)
(0.6416964003852594, 9.647208598360995e-106)
(0.8861706329789629, 1.2187892855019756e-105)
(0.8365845368862459, 2.414530869187382e-106)
(0.7354832364088327, 4.1647311406837693e-106)
(0.9604301094210986, 7.419417238243945e-105)
(0.7403902475928906, 1.4087222060486074e-106)
(0.43442597838212405, 7.472692049311949e-106)
(0.9852851760746062, 3.026961921796097e-106)
(0.38874563512202387, 1.2408276542145286e-106)
(0.366017955011565, 3.9665661092415143e-106)
(0.20401271898864778, 1.1599604246850748e-105)
(0.12613643322377657, 1.7967055345667562e-106)
(0.1718543405360059, 1.7538185432075587e-106)
(0.046757900795466115, 1.545727795900188e-106)
(0.7304908637890857, 1.6765595607020954e-106)
(0.5111216197508472, 5.960140568336821e-106)
(0.7025397552570837, 1.7519937391227707e-106)
(0.5833257408614597, 3.0505784700151793e-106)
(0.7297116712429055, 1.5018922849308518e-106)
(0.04553889551135308, 4.685655962367814e-106)
(0.8908204166958053, 1.4130901208880591e-106)
(0.9435400972270509, 5.381392752512928e-106)
(0.19494320210234944, 1.3579399672992448e-106)
(0.49011007122622596, 4.27170510332484e-105)
(0.1375086560039771, 1.2308391613167292e-106)
(0.8472743904703374, 1.295781374716491e-106)
(0.2364328888014696, 1.9742240896952147e-106)
(0.21585002512027457, 1.9708015590777442e-106)
(0.06286039349761616, 1.3625447650020276e-106)
(0.0732265136769869, 6.202692224640653e-106)
(0.3263143133274009, 2.3268954444127455e-106)
(0.6068624890831502, 1.3087908943884147e-105)
(0.08430751824526196, 2.58001992829777e-106)
(0.2108327581912529, 2.0584217738714968e-106)
(0.8312984531391228, 1.2926458791348858e-106)
(0.5374691731799435, 5.778698019163554e-106)
(0.466246115542351, 1.1949699655913267e-104)
(0.8994542830209017, 1.594560453493916e-106)
(0.5745252258028467, 3.136159242240755e-106)
(0.9821964449563734, 1.5432808476247915e-106)
(0.373063292119559, 6.650736579665205e-106)
(0.6104202606747726, 1.5588797009432534e-106)
(0.3959761875671064, 6.967998173570442e-106)
(0.0720041222883356, 6.863607195025851e-106)
(0.25153679362267156, 1.5814550764574813e-106)
(0.18493749112555022, 3.617351694955156e-106)
(0.43314644053673323, 4.995037729663976e-106)
(0.5129554136514978, 1.3010185042907141e-106)
(0.7198119857697806, 1.3377948339417866e-105)
(0.8173814635142123, 6.135863810935962e-106)
(0.5968425448689205, 1.9791155914256334e-106)
(0.3275992800687317, 4.3571991650764077e-106)
(0.8597616756858911, 4.450547893316502e-106)
(0.10263484311928221, 1.8278501404481407e-106)
(0.5784302177811942, 1.422465352919037e-106)
(0.9128760793777665, 2.6275835624468284e-106)
(0.620138237521104, 1.8221422676198156e-105)
(0.9585849302480347, 1.749451135115097e-106)
(0.43056728348813483, 3.091382334485963e-106)
(0.41932650376754554, 2.264090802528442e-106)
(0.8783157146804632, 1.3808065987181837e-106)
(0.6231566585339549, 1.80397345209569e-106)
(0.006878191106029732, 7.726769910814062e-106)
(0.7330202548147433, 1.5693191795168724e-106)
(0.27379662598545884, 3.635954340844433e-106)
(0.7208570162227345, 1.512122977263318e-106)
(0.1753827287688693, 1.2765386175907544e-106)
(0.11125060765995735, 3.668932992150151e-106)
(0.5332453182191629, 1.8740302884060663e-106)
(0.7628654761976078, 2.765288578712335e-106)
(0.6438064187651042, 2.268051569520974e-106)
(0.30502296625284436, 3.424415157654344e-106)
(0.14788238596862183, 1.2935803614165082e-106)
(0.4008767234758888, 2.545787801560341e-106)
(0.3699573268497445, 8.938979237650844e-106)
(0.8552412615913859, 5.061965271841534e-106)
(0.34114974823987554, 4.510268020901906e-106)
(0.04116375682126036, 3.037810239531686e-106)
(0.19139105162495676, 3.017375409576609e-106)
(0.8743096641399761, 3.122231383607548e-106)
(0.22299147703888883, 2.23962491593707e-106)
(0.38420190529719833, 6.880798422052184e-106)
(0.6841395597210139, 7.179755428374443e-106)
(0.5265123367122111, 1.7680934372257624e-106)
(0.2141713425465531, 3.288396509791008e-106)
(0.6771168679599588, 1.8048443648865918e-106)
(0.010121433818250317, 2.0983939396837718e-106)
(0.8551843956454535, 1.7816318965026553e-106)
(0.9318697856147649, 2.1037028417862383e-106)
(0.8079486986810565, 2.463742657003713e-106)
(0.866404283143471, 2.1082697531629829e-106)
(0.6595076746924832, 1.7976493990609848e-106)
(0.5000530520275234, 2.796772203027774e-106)
(0.6794961277686689, 9.220699553387115e-106)
(0.13206388183737128, 3.6985179040729006e-106)
(0.20946974822985684, 1.9474251334283607e-105)
(0.26370261271407464, 3.577650510298704e-106)
(0.79511597978841, 1.5100537315599312e-106)
(0.04253303628612271, 2.2921454486040208e-106)
(0.6918663231486449, 2.6970885977522267e-106)
(0.5846831597554333, 2.1499399799291608e-106)
(0.8140364349540109, 1.0052218211152178e-105)
(0.983141234418421, 1.9810101664042242e-106)
(0.6726459122306544, 2.1970476917652846e-106)
(0.9611800890006752, 1.3373190926696882e-105)
(0.388390905801466, 1.429149678285573e-106)
(0.5640670346431004, 6.189277991327841e-106)
(0.8056119697953632, 2.0056272055128988e-106)
(0.16803988734590308, 2.7444243639064506e-106)
(0.041345751211811034, 1.6280192277015614e-106)
(0.1084894454166495, 2.437053409030352e-106)
(0.6997741100803601, 2.860686717056132e-106)
(0.7766973608319577, 1.362445929127049e-106)
(0.0074820515009163995, 4.442631852916359e-106)
(0.7613551815119384, 2.135742265540792e-106)
(0.1971437026866086, 1.8288277835307525e-106)
(0.5805307720520164, 6.859655530728205e-105)
(0.22005313527451895, 7.772226924102256e-106)
(0.3318379333443014, 4.742964387757121e-106)
(0.21148319692120324, 1.3317590747545293e-106)
(0.09541119118527029, 2.9811170766357546e-106)
(0.5647251238518324, 1.2979030926915073e-106)
(0.813893326304393, 1.8135497512949174e-106)
(0.49214032829264226, 1.2553089410479903e-106)
(0.3216780550930409, 2.876439839241137e-106)
(0.9404521467197988, 2.1284966268715174e-106)
(0.6865443197814114, 1.5668404090407096e-106)
(0.30397905383527385, 1.8379451836536218e-106)
(0.9019717616420196, 1.3799358367705214e-105)
(0.24391149903128934, 9.707571460833065e-106)
(0.3993209433300576, 5.35686475030432e-105)
(0.8519337103179323, 2.354930744915658e-106)
(0.21830384607169936, 2.3598539620504025e-106)
(0.7284277209462213, 1.761575941762077e-106)
(0.5763226849380251, 5.74673407600389e-106)
(0.06276471926563788, 2.215199493078847e-106)
(0.04338734762361815, 1.679319855406417e-105)
(0.6474948425539172, 4.407562683122925e-106)
(0.8907388218297585, 1.8695918740736018e-106)
(0.4271116233661515, 6.04885053115345e-106)
(0.6157681710040399, 1.9965328622723518e-105)
(0.8026631093824267, 2.232720130343168e-106)
(0.940961535614212, 1.5969881826741543e-106)
(0.9776524672216037, 1.4130109387751774e-106)
(0.7000912405715692, 1.8600642714532113e-106)
(0.497579637666159, 1.958816630655246e-106)
(0.5752601139186329, 1.2662059839432736e-106)
(0.02310093321820595, 2.9562587317619875e-106)
(0.793508175805509, 2.631985544915909e-106)
(0.9451194031519337, 2.311863898374638e-106)
(0.7787641043399165, 1.66708964364257e-106)
(0.8104126951445897, 1.560184816855186e-105)
(0.06044078103138552, 1.5514410243266033e-106)
(0.8683988748918683, 1.5607998740658167e-105)
(0.5551084506630192, 5.06740898625267e-106)
(0.022862740850395847, 1.4267222807436153e-106)
(0.3219211541979249, 4.756576087912338e-106)
(0.34015637021259854, 1.176830554057286e-105)
(0.8428402370544686, 1.6313563657247377e-106)
(0.3496646930730829, 8.95623125448189e-106)
(0.9738359094829705, 6.834235136750466e-106)
(0.6403069345697082, 1.2210900628778612e-106)
(0.8708621332722934, 1.2394297779673362e-106)
(0.5712997269977346, 1.8209573203099864e-106)
(0.12582558476769898, 1.6929465671455243e-106)
(0.8340702360093966, 1.4485962843321505e-106)
(0.41797300558272754, 2.4676911974775327e-106)
(0.39122556816073806, 3.6488850975411167e-106)
(0.3723127905857605, 2.435229964953415e-105)
(0.3598931471275819, 1.8887544895808253e-106)
(0.25947714480067435, 2.5848138582159984e-106)
(0.40482462451016726, 1.136568691001536e-105)
(0.8553025090881399, 1.531534919836309e-106)
(0.793807967925586, 3.86713184036801e-106)
(0.06617121322942679, 1.6985916580335088e-106)
(0.560543761059789, 1.8240070419962263e-106)
(0.9872373483361598, 4.735322684970833e-106)
(0.12537997066864318, 2.0089079490159632e-106)
(0.16574891592919935, 1.259474169729071e-106)
(0.06508728514642403, 9.871644721325658e-106)
(0.02485785766391971, 4.832415586257163e-106)
(0.5241168959619882, 2.1020818579269022e-106)
(0.8262101742422425, 1.4602169666546418e-106)
(0.14219420166081945, 1.8464298404814994e-105)
(0.9237829676582228, 1.253309730407722e-106)
(0.5409669503161985, 8.810699053158786e-106)
(0.8008128819795722, 1.3794919561433387e-106)
(0.06549338288063757, 3.912667906471253e-106)
(0.29851651905598797, 2.2897245907962933e-106)
(0.021632082835585344, 3.3104028326707946e-106)
(0.019111591626732972, 4.0251790655593817e-106)
(0.993569431066796, 1.2347224157953289e-106)
(0.8262192069474185, 2.0925749063594613e-106)
(0.442389871178813, 5.024053818628212e-106)
(0.6546187591748908, 3.2011698297610945e-106)
(0.12975880215630256, 1.231596181586973e-106)
(0.6075579378153267, 1.476491641170269e-106)
(0.9217179685904024, 4.719088229611471e-106)
(0.9379881117867286, 1.7365310384814116e-105)
(0.9660636095894822, 1.2416534374453695e-105)
(0.5415848496863602, 3.9016872195843545e-106)
(0.09525688911425875, 1.337852398268608e-106)
(0.08088042837621291, 3.298117451023944e-106)
(0.08831684028574051, 1.3363859975955713e-106)
(0.7490759273691261, 1.4883613692730202e-106)
(0.9479692362831995, 2.311882403145711e-106)
(0.5095054028751602, 2.913855254302742e-106)
(0.19527323004510275, 1.488395871381245e-106)
(0.9193961294765592, 1.7378066396396388e-106)
(0.5375921804467328, 1.3587890984193812e-106)
(0.4896072115227091, 2.1335052557901777e-106)
(0.17813615872035157, 2.559508425847225e-106)
(0.9705156634264818, 2.0145686100546232e-106)
(0.052632611468759395, 1.8505053061321803e-106)
(0.5603717904647807, 1.90749002681931e-106)
(0.051966457132182925, 1.2323592643556928e-106)
(0.12889869988385552, 2.260435158911962e-106)
(0.7920597532051886, 1.2439325312905626e-106)
(0.5482577221229948, 1.536186869464714e-106)
(0.44168687650891114, 2.213997916521493e-106)
(0.755470661982642, 2.1763886686612656e-106)
(0.8924412306847361, 1.5388557660342044e-106)
(0.24950883565710003, 2.9414047942194507e-106)
(0.37322511780510886, 1.6347894188209684e-106)
(0.12396485911495124, 2.744507781773118e-106)
(0.7174993419430731, 4.943743924964403e-106)
(0.25974187525023124, 4.381102941357949e-104)
(0.32303152049275574, 4.217336838641409e-105)
(0.7388286349686498, 4.28033846351641e-106)
(0.054466193696790385, 1.8667474708002834e-106)
(0.7552955110332642, 9.466801082934625e-106)
(0.802482266725707, 1.8975217598315258e-106)
(0.8484869048342886, 7.431985284849185e-106)
(0.3111568742606245, 1.3090091321647224e-106)
(0.9215266147437361, 2.7457677640099657e-106)
(0.9176150369155088, 6.698887813527264e-106)
(0.783815353424432, 5.373921555067702e-106)
(0.214863476771037, 6.295149394291988e-106)
(0.05143639629372021, 2.9222729268614567e-106)
(0.25153914385963744, 2.1525977262904948e-106)
(0.3754058754941298, 6.797768666288123e-106)
(0.6737382182159237, 1.7733768819372032e-106)
(0.859222440465995, 1.1755610853034306e-105)
(0.7386566872223157, 3.162756909057986e-106)
(0.29629370067631444, 5.180646386605761e-106)
(0.340628448674538, 1.4760470510885561e-106)
(0.5164338831346644, 3.644213811681419e-106)
(0.6348640959332384, 2.240627132117078e-106)
(0.9763987726897285, 1.554338450406775e-105)
(0.6651307352856028, 2.875268996834699e-106)
(0.2729613618679395, 1.4825553902611694e-106)
(0.6035776088781838, 1.5112478182398808e-106)
(0.5142587025027346, 1.6017668540234655e-106)
(0.8554498845777233, 1.4771965762125203e-106)
(0.3354942276720179, 2.0209169415890376e-106)
(0.9416497210720434, 2.527396335590923e-106)
(0.9725969561371749, 1.4948435711975052e-106)
(0.7071319935918691, 2.799895283361631e-106)
(0.5662474440423825, 1.7714625058002073e-106)
(0.29966754393375383, 1.5104629923800418e-106)
(0.18327733058453338, 1.3197876088364381e-106)
(0.5446365589808683, 9.32147868819748e-106)
(0.28851108811930015, 1.6520174329714396e-106)
(0.4357952375368913, 3.8206582464538723e-106)
(0.7527653390278772, 1.9570491759459348e-106)
(0.24730147531694502, 9.325337992701568e-106)
(0.9037163707577184, 4.1752243347563906e-106)
(0.6836535653042927, 1.3554259380311206e-106)
(0.6623853412538913, 1.502599876262226e-106)
(0.8693229223608144, 4.565511483249965e-106)
(0.4797093679609567, 3.183040794441686e-106)
(0.7294914849153612, 1.2681558315243337e-105)
(0.09645195782804446, 9.96957179586423e-106)
(0.6777196093582707, 4.978242458989258e-106)
(0.5644608404940015, 1.6816468774289794e-106)
(0.9374116399995611, 1.745498509338073e-105)
(0.37697480147449913, 4.80949757077002e-106)
(0.17894526153388998, 4.551069094487077e-106)
(0.14877239819285626, 2.877491202180771e-103)
(0.16068972939611625, 2.2329400299940394e-106)
(0.8236535052889231, 2.558183375356247e-106)
(0.6996172783660138, 2.2631455774447216e-106)
(0.6884158309301043, 5.416402258830952e-106)
(0.13338792570678043, 1.847163848373696e-106)
(0.47249387840326446, 3.0737287449583477e-106)
(0.685173146722837, 8.749410135797397e-106)
(0.8598936202979566, 1.60959425305328e-105)
(0.850858293645551, 5.425605056625126e-106)
(0.4866766340287154, 1.582256944006153e-106)
(0.9457344148666917, 2.5016574685941376e-106)
(0.12412312902666661, 1.4669998043024687e-105)
(0.40691233634666185, 3.8681704654784285e-106)
(0.7375290192761083, 3.5948531353043127e-106)
(0.0786960419006712, 3.3386134488391157e-106)
(0.10771583658962791, 1.675369936639163e-106)
(0.6219185780273107, 1.704901195531841e-106)
(0.8561716315658465, 1.5236603130529082e-106)
(0.49142039076188093, 1.7369859744863672e-106)
(0.015231321960754614, 2.6234972534802006e-106)
(0.6768841079603277, 1.3810014966261622e-106)
(0.6958739080545818, 2.1898045782855647e-106)
(0.5384822318805348, 2.071271581174512e-106)
(0.29437374401715, 1.4643151986921e-106)
(0.19566041325238184, 6.505563921031723e-106)
(0.8278065802050224, 1.2708082444288333e-106)
(0.882931153708341, 3.0834004520188972e-106)
(0.9426420054735704, 7.667061562721573e-105)
(0.19593026103731062, 1.0443407392231444e-105)
(0.5108648491023046, 3.886457280415911e-106)
(0.9372866700329936, 4.773451691579267e-106)
(0.35970726869604164, 4.3200573224633535e-106)
(0.4016680854189658, 2.2855413684469644e-106)
(0.32677764458556585, 1.2744830026459925e-106)
(0.11759739063795473, 1.3655853317116112e-106)
(0.7719562096274363, 4.368904964421643e-106)
(0.7747841841657496, 1.0443357104354073e-105)
(0.35786207672773246, 1.4494563875832258e-106)
(0.7843781524565046, 1.4263639831783963e-106)
(0.758157951543278, 2.8354602485188017e-106)
(0.17205331232117174, 2.4275076849522026e-106)
(0.42380998104573775, 3.453310884742327e-106)
(0.9747014911551954, 2.6107000238070464e-105)
(0.8329440410622264, 4.375825571332261e-106)
(0.36276060291847806, 1.9484162969842994e-105)
(0.2767460925180433, 1.621047827803718e-106)
(0.5253999143268764, 1.229853221581528e-106)
(0.5574158253886007, 1.7872011710464105e-106)
(0.13568602394544954, 7.107421287306684e-106)
(0.2186812954270059, 2.538997002305009e-106)
(0.6773208636533251, 8.739158722620438e-106)
(0.7664708388432967, 1.4506560036572272e-106)
(0.4038115668629171, 2.247422421376226e-106)
(0.7985670438133942, 1.9578828521652466e-106)
(0.6108977511032586, 6.095213911705538e-106)
(0.9606891615786074, 2.541084412479754e-106)
(0.21243287602474392, 2.389991487076689e-106)
(0.7811035596989468, 5.194059527565069e-106)
(0.7443740456710921, 1.4263100143781275e-105)
(0.3846643959703963, 2.535478277953528e-106)
(0.9000874538905278, 1.549321137187955e-106)
(0.8206298941553574, 1.4041185406793749e-106)
(0.18116087083270782, 1.5616840722177965e-106)
(0.8855558078877065, 2.1333342838671764e-106)
(0.2611842642040322, 8.384990807479339e-106)
(0.5929231003442179, 2.325169006778827e-106)
(0.8332899703599109, 2.292289868706285e-106)
(0.2485696253422345, 1.2501148242106815e-106)
(0.6945484208709934, 4.2338379714831884e-106)
(0.525930819406571, 4.385472850851946e-106)
(0.5869457715179762, 2.5592336768030794e-106)
(0.4736303212140779, 3.287583390004655e-106)
(0.11893712260432938, 1.2971093311063858e-106)
(0.8478382925686673, 1.7550706524241224e-106)
(0.6170930171376673, 3.9503361776322207e-106)
(0.5615438812305765, 1.2731833221032507e-106)
(0.4639793112840508, 1.132325307541322e-105)
(0.8852602974887412, 7.506189873538695e-106)
(0.19001170729615, 4.346099144685411e-106)
(0.37148684811385396, 1.8561111655129856e-106)
(0.5660885902699917, 2.430253996361789e-106)
(0.2709221933264955, 1.601893688500796e-106)
(0.09784904954943184, 8.043142158602717e-106)
(0.46253001438438934, 1.5218288652941251e-105)
(0.5092277874102793, 2.1593525753011992e-106)
(0.12389318553590643, 2.126268790816368e-106)
(0.044687265573018484, 2.783562870807408e-106)
(0.8528531534127589, 1.5977764192891e-106)
(0.794714489545895, 2.6811602910411626e-106)
(0.11494512127291502, 4.326918038884167e-106)
(0.857422376256651, 1.2636015448985836e-106)
(0.7424961643098802, 1.2989577224024444e-106)
(0.6664441669590329, 3.0931002871617753e-106)
(0.07609528470709255, 2.8469799803131244e-106)
(0.6112324112402326, 4.429019524029278e-106)
(0.4578372730847376, 1.584077793669414e-106)
(0.6169334000360556, 2.839465611607968e-106)
(0.5482764203724467, 1.306385629352712e-106)
(0.4483477820364603, 2.5424556465327176e-106)
(0.0660061865249102, 1.5637122706477447e-106)
(0.2868242322629274, 1.8503158465031174e-106)
(0.3430567759609985, 3.000781569297893e-106)
(0.8563343672554437, 6.031601403910119e-106)
(0.567932880221828, 3.7605419537442037e-106)
(0.8600144332548214, 1.605523265586816e-106)
(0.8643242264330723, 1.4360199076219833e-106)
(0.12809107469865053, 2.149950958453128e-105)
(0.5711501883941172, 2.370616615688859e-106)
(0.39479784483550573, 1.6022254810288768e-106)
(0.49173489660793823, 1.796400752348474e-106)
(0.07227745884290153, 1.3415872284595082e-106)
(0.9420986489899913, 1.3321039588506249e-106)
(0.8180161144420989, 2.4884176479664704e-106)
(0.33296696621335625, 4.005709371840286e-106)
(0.057169454799068625, 1.6046037561502188e-106)
(0.29639270451978017, 1.3851938705933397e-106)
(0.7168656978367661, 2.809855196454407e-106)
(0.8803578523973632, 1.3591896732980685e-106)
(0.2975707777735945, 1.7213396632958819e-106)
(0.14122559358338907, 2.5628322953469694e-106)
(0.06666913908156888, 1.3075951556734428e-106)
(0.8092763537789557, 1.2916751896011762e-106)
(0.6586130892093628, 6.083221244352449e-105)
(0.918262669017844, 1.9196241644872204e-106)
(0.9028558047354402, 2.906519972775763e-105)
(0.682730102972381, 5.551957364954205e-106)
(0.9955712362126127, 1.7664944708573376e-106)
(0.8831559299577804, 1.4209771436267875e-106)
(0.49276607054131866, 2.0396115140145176e-106)
(0.4446396516142611, 6.322985421716548e-106)
(0.5786358829751495, 7.502943251882734e-106)
(0.5855408783939743, 1.8197603486198547e-106)
(0.2239915669674163, 2.345728628240666e-106)
(0.2586162572728112, 2.5639518679557967e-106)
(0.2510293747699615, 5.263647931340028e-106)
(0.39514898197699727, 1.8635210331271604e-106)
(0.5340530070337353, 4.938720611976084e-106)
(0.8958694210223767, 1.6539835815473464e-106)
(0.4920752885215617, 8.791343503987067e-106)
(0.34252594971164635, 1.360726969394642e-106)
(0.7239563213633456, 2.0057303180067186e-106)
(0.11816903727396778, 3.896890191635882e-106)
(0.9734023211214968, 2.1642902668071271e-106)
(0.7909820316934854, 6.436746818734454e-106)
(0.2965924743222362, 6.750319497872221e-106)
(0.7435506371454402, 2.441863335874117e-106)
(0.5148710552382143, 1.971673312568453e-106)
(0.6081296966557146, 1.828611535036616e-106)
(0.3637174360757985, 3.3545370436417393e-106)
(0.9604515684839044, 3.2677179506340027e-106)
(0.9709731740476857, 3.0186917510077334e-106)
(0.3090811041751731, 1.4971683124627722e-106)
(0.8882887398354684, 1.589739493487828e-106)
(0.90970091612764, 1.2294510748845145e-106)
(0.879434180344006, 1.399426730068454e-106)
(0.03405482094618234, 2.939058073391803e-106)
(0.1576654469860681, 1.3626332063187314e-106)
(0.24362106305130904, 1.5989580846279744e-106)
(0.5099000097014266, 1.5446026666966862e-106)
(0.2793330759953788, 3.0880344588731624e-106)
(0.12812765025666908, 2.0110699071963833e-106)
(0.5331918985191266, 2.6596739562084044e-105)
(0.5436014183622931, 6.314887038379955e-106)
(0.3275863803369718, 2.355864720154229e-105)
(0.6688145334556317, 2.774424066721906e-106)
(0.7361810951717606, 1.9023268636340215e-106)
(0.3762290719220891, 7.9638083046741465e-106)
(0.8324981858807763, 7.747770052548941e-105)
(0.6264474141184032, 2.0279641970983576e-106)
(0.8835954314953953, 2.0012881867743488e-106)
(0.8835650743161284, 1.7198248606692104e-106)
(0.11635204662277261, 1.737182662696662e-106)
(0.07306321100434317, 4.465489537089147e-106)
(0.4398593924456047, 4.110037258515638e-106)
(0.8764013191167063, 1.4141373623455393e-106)
(0.3082026433724605, 1.0769302500028969e-105)
(0.6182562941071312, 1.6379933902888698e-106)
(0.812898503939241, 1.3932500995284797e-106)
(0.23378896591974055, 1.467755942583673e-105)
(0.2032506943203123, 1.6113029417223162e-106)
(0.6598235011782873, 7.417083191194174e-106)
(0.7582444558342789, 1.5253267411429576e-106)
(0.9785264330688855, 1.407170165011952e-106)
(0.8119238671961048, 2.883084296838909e-106)
(0.6472189179900868, 1.7826575032698321e-106)
(0.1583666125011082, 1.5687005385888528e-105)
(0.11091645046474084, 1.7376717685462986e-106)
(0.16269214431812362, 1.6977547715343374e-106)
(0.11732644059570226, 4.1221233212833783e-106)
(0.8769117842454512, 3.760673199925846e-106)
(0.7739465719895255, 2.768389745742134e-106)
(0.15095059058838994, 1.552862984494707e-106)
(0.5964880884354681, 1.5408682487964582e-105)
(0.8569037516965887, 1.8331282395964242e-106)
(0.7447823880205212, 8.26957635580355e-106)
(0.7317251404432054, 3.831434653822383e-106)
(0.1532240666486322, 2.444088505725948e-106)
(0.8659445634489783, 2.2805357008109923e-106)
(0.8639247903621331, 4.997087666787536e-106)
(0.8027069947467438, 1.294443800622818e-106)
(0.005897827956720374, 2.880864227420627e-106)
(0.7430072357063199, 5.817752542830186e-106)
(0.4777390740625245, 3.3690878246604887e-105)
(0.23368147981156692, 1.5492403974783517e-106)
(0.5806593362717143, 8.682325275867547e-106)
(0.2484131311094174, 1.5771020651429902e-106)
(0.6598805183206157, 1.5466346344801288e-106)
(0.035564255402525946, 2.120602386100033e-106)
(0.7680016619137918, 1.8198727914407742e-106)
(0.6653114523387034, 1.639171557558242e-106)
(0.000943898488314881, 2.0105855619391997e-105)
(0.7562030688358079, 1.8573837936827854e-106)
(0.7958340179215752, 1.5794005885758353e-106)
(0.9849804722738655, 1.2383512838270433e-106)
(0.7655588770301998, 8.902163391772772e-106)
(0.875521301477025, 1.4121456978061727e-106)
(0.6420641048039203, 3.83567806093108e-106)
(0.32492505946864253, 4.679583425610975e-106)
(0.4182468081039924, 4.953889781263705e-105)
(0.36500004127934865, 1.5451376045377806e-106)
(0.7979840092393423, 7.912495642458647e-105)
(0.7547425561396759, 2.6454469203496044e-106)
(0.6648490245547524, 1.1194311175080078e-105)
(0.014192880966915246, 3.0615776229793315e-106)
(0.4523757201293612, 5.4256245364769e-106)
(0.921405218145576, 2.0907952810821035e-106)
(0.9929071070911013, 1.71401109519861e-106)
(0.7954658504260725, 4.0694904117862137e-106)
(0.4237594438177699, 2.1655533152592964e-106)
(0.8478461240039268, 4.603055546363918e-105)
(0.7755519665733971, 4.958498209197294e-106)
(0.27594631797416186, 1.670521785954007e-106)
(0.21604921399997964, 2.0338805216731838e-106)
(0.9575508832411593, 2.0959098362580632e-106)
(0.383146023445322, 3.0044719080697595e-105)
(0.06935460030117825, 2.0319439462016102e-105)
(0.07783350365400633, 1.3569753869171147e-106)
(0.07398777371578974, 1.2874562487844215e-105)
(0.2771588777942347, 2.1179704198885127e-106)
(0.6820335117094664, 7.116721179164154e-106)
(0.1465858437765618, 5.433976297283847e-106)
(0.0873679323009315, 1.3451941884308668e-106)
(0.6257158490016738, 3.3754928733419034e-106)
(0.07182981077329054, 1.7807713347411135e-106)
(0.8249537149860271, 1.7735139561634082e-106)
(0.5894873478443865, 1.2521264357896641e-106)
(0.4196131337667938, 2.7856035374127206e-105)
(0.43921378888303053, 1.1024404667647766e-105)
(0.6539402550976137, 2.0294535978830546e-106)
(0.2519171417216636, 2.4443063230787517e-106)
(0.4059543178171741, 1.2220152112511982e-105)
(0.7321468890628783, 1.478171583612887e-106)
(0.5767983586409577, 5.442014913836227e-106)
(0.5283296686148267, 2.0917787733921984e-106)
(0.759324634621809, 3.238961790356357e-106)
(0.41004245584346133, 1.4771138851553587e-106)
(0.38546018027305334, 1.8055973906651638e-106)
(0.7821112874883324, 2.384659584565842e-106)
(0.9852138361049491, 1.455369827894861e-106)
(0.74498689904604, 2.6601585596271497e-106)
(0.7160768634323731, 2.225041745687002e-106)
(0.36585024892299944, 8.204863377519326e-105)
(0.3227826766825078, 2.6683332302584604e-106)
(0.6575316369725838, 3.2581759672763762e-105)
(0.8143146374372213, 2.110442646568282e-106)
(0.14923019482077904, 1.7797141559796235e-106)
(0.4763436419488669, 3.885041054782197e-105)
(0.1537785606865882, 4.834965838165404e-106)
(0.5609801458956172, 2.698941524797948e-106)
(0.3405223958150609, 1.9819045313054103e-106)
(0.8859285749776776, 1.6412970988204134e-106)
(0.7476699606163024, 1.284550216546204e-106)
(0.260219469894807, 1.8610860848579482e-106)
(0.41928534526995576, 2.3333120001374583e-106)
(0.771674703337733, 1.2838989421659365e-105)
(0.6325765079830298, 4.3481754969146057e-106)
(0.9684603850124069, 1.385748742066152e-106)
(0.2669671989868204, 9.553345242783377e-105)
(0.9229039712570641, 1.4325912640173547e-106)
(0.02884811859974657, 2.0215210171620006e-106)
(0.41890388928004674, 2.0726239953127386e-106)
(0.03314904215137669, 1.3073621426636765e-106)
(0.42231010989802753, 3.703005339177913e-106)
(0.7894108406603912, 3.689627490127648e-106)
(0.5341935423869986, 3.3520837004767287e-105)
(0.06832048244672793, 1.8744475310371643e-106)
(0.7067461680410189, 1.2301950756063512e-106)
(0.10592799888358005, 1.7282860529623305e-106)
(0.28403021985590204, 1.7597615651082915e-106)
(0.7221693044780515, 1.3545031905954822e-106)
(0.3424096400645053, 3.2258728394718943e-106)
(0.6962728248102663, 2.4155121997601707e-106)
(0.6079556266264811, 3.017659476339577e-106)
(0.920122775667157, 2.8390195728181785e-106)
(0.667004211698226, 1.4330141373900486e-106)
(0.32925922471039637, 1.5985658249434119e-106)
(0.7497010181397673, 2.6006854071706647e-106)
(0.11004011116257027, 1.326088542970327e-106)
(0.6419493952778028, 2.0972534903239344e-106)
(0.9393991596785842, 2.2886188711679593e-106)
(0.2394692781446947, 1.798634450093316e-106)
(0.6621890813874597, 1.2391448494253502e-106)
(0.0493502659759598, 1.334126604430476e-106)
(0.19513335197868617, 1.7155815784495968e-106)
(0.8062389721955545, 3.4504727617550803e-106)
(0.36489948512981135, 1.2375584629409526e-106)
(0.3865869217622698, 2.9548421953524515e-106)
(0.8502158772742957, 1.234114043949873e-106)
(0.22387441958964063, 1.2850206890642135e-106)
(0.1503983562190013, 1.4317421880316212e-106)
(0.15923234854176452, 1.5228602959930253e-106)
(0.928423232443636, 4.713237644998272e-106)
(0.15999377901912443, 1.5718544107371398e-106)
(0.3209595641449715, 1.6225437005644281e-105)
(0.15126866730906777, 1.2457479931950054e-106)
(0.6638133718193496, 1.484530181224349e-106)
(0.5496439819385248, 2.6225100658763034e-106)
(0.6994217438741778, 2.033773005395579e-106)
(0.5717911257151603, 6.155711102861984e-106)
(0.6463111375400138, 6.736689595181341e-105)
(0.23784501879494852, 1.8197670054003681e-106)
(0.5776060140341179, 3.0392177123224254e-106)
(0.443036754929111, 6.080524570096241e-106)
(0.7347808165571603, 1.7828293215096138e-106)
(0.5352709800063467, 3.384425140854901e-106)
(0.1424230599934428, 1.4051811687301078e-106)
(0.63522392956506, 1.3503595809848205e-104)
(0.5759660899592548, 1.256847934241506e-106)
(0.03955424185781692, 1.299503199951776e-106)
(0.6004100323971675, 3.9898082776006695e-106)
(0.7233555580178885, 3.676903728094796e-106)
(0.3091479402539992, 1.9936694380294228e-106)
(0.697851602760284, 1.9494891150479155e-106)
(0.957531677989925, 3.2052058993351655e-106)
(0.5050558865061663, 4.0388136990492453e-106)
(0.022414650510385898, 1.2659424241025966e-106)
(0.7633164579973865, 1.5586639197737961e-106)
(0.20341531704174956, 4.304385444067922e-105)
(0.7660460252551973, 1.774685660086993e-105)
(0.4422535965970896, 1.2995019878907076e-105)
(0.6801450874455993, 2.22393588846986e-106)
(0.7985107924770168, 1.90447585442318e-105)
(0.9297159492697039, 2.7401321889655072e-105)
(0.2595978328468212, 8.770065485132212e-106)
(0.406972703372418, 3.3829431590596296e-106)
(0.03071131186394359, 3.184015854900083e-106)
(0.6261098823460977, 7.830085159104262e-106)
(0.16543112338710397, 1.6306190707223245e-106)
(0.08309682408149877, 1.8832744308854411e-106)
(0.09596161423247145, 2.3291131210638845e-106)
(0.9091789133130815, 2.6792775489389375e-106)
(0.6575876995509419, 5.494570361735312e-106)
(0.4039148952740346, 1.4972435376290225e-106)
(0.32290767042605883, 1.8225027202008174e-106)
(0.05918939693134117, 2.2570229002166547e-106)
(0.7285423819196645, 2.837019322030591e-105)
(0.17654246097433218, 1.4605148334638648e-104)
(0.34605430664903947, 1.3970802729027694e-106)
(0.30091961567209663, 7.6603478784906975e-106)
(0.09091190972190107, 1.2838200978676894e-105)
(0.41976760623160836, 3.4502568236889444e-106)
(0.2195621184607261, 1.7963223721982972e-106)
(0.30604734716304766, 1.821406979249156e-105)
(0.3307258985092786, 1.7515107420871683e-106)
(0.7127584754990731, 2.418852810079529e-106)
(0.08153292652077648, 2.804095315586785e-106)
(0.3648481891616105, 1.607766146935257e-106)
(0.9182584852645561, 1.2512323636061e-106)
(0.07626218907831768, 9.54913675871698e-106)
(0.8598170629653143, 1.26543681756276e-106)
(0.532651980742384, 1.0174824311519677e-105)
(0.13107537349149054, 1.2506361416942403e-106)
(0.7176014518918302, 2.2606394606819194e-106)
(0.5448050946794818, 2.0394818253651853e-106)
(0.9843218801295355, 1.3015883638147913e-106)
(0.20583597668448061, 1.542581653073501e-106)
(0.4125452039708378, 1.228207421091118e-106)
(0.5590876367622591, 8.939716946563919e-106)
(0.3637565236569441, 4.435054596607673e-106)
(0.8914306374216885, 2.44902329204763e-106)
(0.7041391327650102, 1.469018441502478e-106)
(0.0063462172842799446, 8.979945710166527e-105)
(0.3902021730852938, 1.2779702336416459e-106)
(0.9425937692850729, 1.8175410554652075e-106)
(0.04057727721098665, 1.664752304980921e-105)
(0.19275762076080577, 1.5624078524454054e-106)
(0.2633911735840036, 6.700950161677115e-106)
(0.6972409158993679, 1.0644466938167143e-105)
(0.17980919789053668, 4.047384134279673e-106)
(0.4669075574983047, 3.3525653453570105e-106)
(0.15446594849133682, 1.985628135806037e-106)
(0.6032845073759651, 2.535181404327759e-106)
(0.608572230767769, 1.6017770495929073e-106)
(0.6910189584645154, 2.6546474292783597e-104)
(0.45486923157518566, 8.64743667529825e-106)
(0.3698736758150747, 1.3561507070169228e-106)
(0.6690768961744799, 1.2696646343409933e-106)
(0.004865124930478063, 2.880234822160786e-106)
(0.45232327923225396, 1.759903619881874e-106)
(0.36460351069519537, 1.4509758782614304e-106)
(0.8548981764933873, 3.7614759266128903e-106)
(0.9175633879917652, 1.656641974847954e-106)
(0.2978881894396559, 7.071770019001133e-106)
(0.9836246623195734, 1.4884168192897537e-106)
(0.5782652481608881, 1.6127322447923582e-105)
(0.4500136310970126, 1.3704955246003708e-106)
(0.3694432437814043, 3.075125647344283e-106)
(0.5481380718236711, 1.7519234835374384e-106)
(0.14512439395988727, 1.292113804844464e-105)
(0.7143931688847024, 1.900122568695288e-106)
(0.6574741424019692, 1.353379848073382e-106)
(0.8853092663354526, 2.537664538582206e-105)
(0.7639053050647876, 2.2062882360771495e-106)
(0.8303074876183968, 4.2166010283482575e-106)
(0.0839528739869346, 1.5435036861772208e-106)
(0.3844974380999915, 1.4741058928094323e-106)
(0.923031031124915, 1.349152164428534e-106)
(0.3001149103163209, 2.008880365756128e-106)
(0.59787391500441, 4.385466108960613e-106)
(0.6304229557763694, 2.1444078540552423e-106)
(0.16336414635244031, 6.606587193318771e-106)
(0.8303269971369837, 1.165089769672531e-105)
(0.36218449958647403, 1.6763058887977665e-106)
(0.8886220738628999, 7.247676739585245e-106)
(0.9347183815503063, 1.8564793541461488e-106)
(0.4106639283616099, 2.1337148204450784e-106)
(0.6605299054723743, 4.533557591536296e-106)
(0.7550072217322511, 4.1764017690105903e-106)
(0.8436314384502022, 5.279284702418321e-106)
(0.9845020286540797, 1.7583555793431182e-106)
(0.8873348709285653, 1.3023470490754717e-106)
(0.4273864220108632, 1.283982923790559e-106)
(0.47535792473968913, 1.4460648948812515e-105)
(0.11952338289453748, 1.737703739804139e-106)
(0.9914754667140675, 1.788299198581075e-106)
(0.5299087299004435, 2.443549587951312e-106)
(0.1555012380909093, 1.6543900040970618e-106)
(0.4983589105994877, 1.8758445552410533e-106)
(0.9871789587095482, 1.2350391062099985e-106)
(0.5813483477306333, 9.036843981822752e-105)
(0.2189642267716107, 1.4416889563699661e-106)
(0.7386177341489393, 1.519847158055333e-106)
(0.8042985341690728, 2.0485786989129798e-106)
(0.9578470023527974, 2.434879419212787e-106)
(0.09779802758374201, 3.198359890958289e-106)
(0.18421039292651392, 1.256421498108572e-106)
(0.8793078368441695, 2.9360486178577703e-106)
(0.63631858308767, 1.231036216285439e-106)
(0.8345282548644484, 1.9440138415280207e-106)
(0.07885341845976074, 2.1824281404318894e-106)
(0.861689311522, 2.4095497495802164e-106)
(0.18752538843201672, 3.4421678993929615e-106)
(0.2918816353130173, 2.7880542351973616e-106)
(0.5222465214447919, 2.0819163510703854e-106)
(0.45070073006918826, 2.4904814207094275e-106)
(0.13536067828972304, 1.0577337510893829e-105)
(0.8838135256292333, 1.576362816642062e-106)
(0.7298633122475288, 9.790160105744529e-106)
(0.3631417882701592, 3.4205541186086284e-106)
(0.4399106038550842, 1.957304240469274e-106)
(0.4936645497168031, 8.347009137941804e-106)
(0.7660177256893569, 3.0038709166710537e-106)
(0.6414551713621274, 1.335584288307819e-106)
(0.14024319884464206, 1.6106868903402263e-104)
(0.9385888389425409, 4.8692271736541704e-105)
(0.8625155293335668, 1.6003975865713454e-106)
(0.9039319052011109, 2.1601517357845229e-106)
(0.5476789504612947, 2.1129438363107411e-106)
(0.8897865060854117, 1.9833455562811705e-106)
(0.9762836791149759, 1.4329837903159461e-106)
(0.6223819998915254, 1.863626075409894e-105)
(0.8528683630429563, 1.4853810304773023e-106)
(0.3627396768562705, 3.601846282409344e-106)
(0.7366324849184575, 3.1301697085100206e-106)
(0.7197609728743363, 1.9981979292704364e-106)
(0.0020862127065710326, 2.9785438284553354e-106)
(0.24423708479691825, 1.5120887269707205e-106)
(0.9771401757265933, 1.0628534213154233e-105)
(0.9586128786463898, 3.968386966914723e-106)
(0.6052568127971761, 9.407105845212812e-105)
(0.6080190862990961, 3.533464948571333e-106)
(0.3925077776625686, 3.119288087750328e-106)
(0.6929278846886137, 2.3882758301161345e-106)
(0.6173109872619666, 2.3790603407325993e-106)
(0.8212699533817434, 1.1800364040673217e-105)
(0.296351294677339, 2.5926478038320587e-106)
(0.9594701504131327, 2.4848883886534152e-106)
(0.18662186365947964, 1.7141895904051792e-106)
(0.11379965940683737, 2.6677763493755037e-106)
(0.8177204514959053, 2.6272171287909805e-106)
(0.08799372736288112, 1.4616037511848066e-106)
(0.8768032476581195, 2.0590497393664323e-106)
(0.05534425159240022, 1.2198349846047781e-106)
(0.8283251981636126, 1.4846530756678395e-106)
(0.1548389554058819, 1.4441074379153007e-106)
(0.051357776766587496, 3.1913021609137514e-106)
(0.9746452884845941, 1.4521798304364333e-106)
(0.8742138036644459, 7.873560217435201e-106)
(0.16255308610496358, 1.6844258408327736e-106)
(0.2800317983239781, 2.9913004994361293e-106)
(0.09768559136362717, 2.3335434578666776e-106)
(0.028575816084625016, 3.1164907510472337e-106)
(0.4203023029107429, 1.5441168001988152e-105)
(0.08928919519114512, 1.475150563634837e-106)
(0.5173649442585816, 3.0361593778676956e-106)
(0.20475709420310886, 1.3138701918692514e-106)
(0.9095316522498254, 1.795752667231746e-106)
(0.018311586062659993, 2.7064218586906353e-106)
(0.6158148966489092, 1.381505539727879e-106)
(0.5950475499301733, 1.6696167564739034e-106)
(0.9044569529753683, 2.400296238584755e-106)
(0.3428714964929173, 1.704946498683902e-106)
(0.5779447337885881, 1.636358569993082e-106)
(0.6889315347739882, 1.708255244761863e-106)
(0.35546679475171006, 1.611461633051507e-106)
(0.18137452056424186, 1.4820652308495368e-105)
(0.3327693129960052, 1.6696908463710965e-106)
(0.7134188714698657, 1.267684744169388e-106)
(0.2837938830058599, 2.4173631937442913e-106)
(0.6615819374495436, 7.325595480371278e-106)
(0.13496058156043522, 8.202693587433861e-106)
(0.9270994918488822, 3.4597918937621194e-106)
(0.5774348213907653, 2.509672236244234e-106)
(0.8795582862653795, 1.5456221857450555e-106)
(0.2783040885140496, 1.8036614604823664e-106)
(0.47261503287347845, 2.3230073133593292e-106)
(0.7865416327407916, 3.0701456952698767e-106)
(0.22167869917502472, 8.561902322591129e-106)
(0.9570248673714117, 3.443505053168562e-106)
(0.2732412946377094, 2.0845493627812066e-106)
(0.029545780315636934, 1.285027667769085e-106)
(0.713032719712563, 5.134528958069306e-106)
(0.9157512962110411, 2.4766500607797997e-106)
(0.5249445411127965, 1.549419111826801e-106)
(0.8836739072078643, 1.8843777087207796e-106)
(0.19242070604737457, 2.2808583918771895e-106)
(0.26584808232873575, 2.478048294068088e-106)
(0.7513098430679033, 4.0763307346995595e-105)
(0.8173412995072509, 5.597207932666964e-106)
(0.976067804494646, 1.5367129626582882e-106)
(0.7503535207663923, 2.5756482953728656e-106)
(0.10182305009812674, 1.7376665521704124e-106)
(0.23248263900291513, 1.3214264331306657e-106)
(0.6863108156054694, 1.305469952666232e-106)
(0.09226830920806492, 3.462770701396726e-106)
(0.020551252531460753, 1.3233632446296076e-105)
(0.7695230977994217, 4.3466648877759246e-106)
(0.5954903217315782, 2.798929447879431e-106)
(0.08131608834156318, 2.775257913301754e-105)
(0.12185201168006798, 4.32303153687875e-106)
(0.45531229438899223, 4.966314048471461e-105)
(0.7085189925806461, 1.4713373396149965e-106)
(0.9102847239472389, 1.6340486381801185e-106)
(0.7828270498977352, 1.95165292514189e-106)
(0.39109426837923444, 3.2109543518388886e-106)
(0.9545036670772035, 1.542556294823394e-106)
(0.16573153983823088, 1.5541890813388176e-106)
(0.8253931483210778, 1.4412585338166922e-105)
(0.8887184987281069, 1.5402072833952815e-106)
(0.9356269018664268, 4.718540830704665e-106)
(0.17551577879733143, 2.389135166938152e-106)
(0.8283590831859956, 2.8580600301334635e-106)
(0.0982947653650935, 6.846945639765644e-106)
(0.5371710091622286, 2.0274055294132126e-106)
(0.06665135669944992, 2.6668840555447486e-106)
(0.768336773212806, 1.4232509597368143e-106)
(0.510434804723477, 8.530537688934074e-106)
(0.1892930870675045, 3.171734835785481e-105)
(0.7231703946297916, 1.4432780124533996e-106)
(0.5150488431310298, 1.684519169255686e-106)
(0.25857854718601336, 3.194182349198663e-105)
(0.016982269852795624, 1.2503763029824242e-106)
(0.48864625924879496, 1.411561818019677e-106)
(0.2767129705897461, 9.537587339395125e-106)
(0.7474224132787295, 2.3221791222693637e-106)
(0.17949378408356517, 1.5816118664014721e-106)
(0.28307641314050813, 2.5975377500948677e-106)
(0.7367164864758757, 5.214674317612928e-106)
(0.37308477346747954, 1.30104092210254e-105)
(0.7784957408663745, 2.5700701051831437e-106)
(0.3245317251248751, 1.245475042863929e-106)
(0.8066933438493047, 7.140599587948064e-106)
(0.7991173730384452, 1.5374020569247573e-105)
(0.7986179285632724, 2.8385323312716344e-106)
(0.19354981383351602, 3.250279422605134e-106)
(0.07826327741698369, 4.878525520646995e-106)
(0.641593139475997, 1.3938414119048429e-106)
(0.1415570254762266, 5.632885453617722e-106)
(0.5222661687297915, 2.672438729211756e-106)
(0.4603959120044331, 8.386488231450801e-106)
(0.14985065641369563, 4.326812064034486e-106)
(0.9131442861413835, 2.3601955686693956e-106)
(0.5676209962039126, 1.5752674907408792e-106)
(0.7798741324289761, 3.9426457528767275e-106)
(0.22477350406350355, 1.8330236579242144e-106)
(0.6261246014000088, 1.3982264061269e-106)
(0.8832646449669945, 2.98090044714248e-106)
(0.8127510007549876, 3.5829580663313004e-106)
(0.8595148796343817, 2.8452948184356737e-106)
(0.5082525002566243, 2.3682208850268556e-106)
(0.7905128879712061, 6.768180162817217e-106)
(0.6228388132291176, 1.5948746527473756e-106)
(0.8217734252866751, 2.028096685250858e-105)
(0.6363268198071683, 1.439075394385003e-106)
(0.3669823454655848, 2.392400628688636e-106)
(0.6978855724191816, 2.1457551609532046e-106)
(0.7370763711076962, 1.9498775787288023e-106)
(0.04068170949997488, 2.023583290196955e-106)
(0.9713054572960004, 1.7471892355529167e-106)
(0.039103453888291145, 2.534260861098245e-106)
(0.6511144775754981, 2.2429644005644657e-106)
(0.04783971788595075, 1.552174334717717e-106)
(0.03822672140154358, 1.8770056725602303e-106)
(0.4317772355447905, 2.0608140207033294e-106)
(0.26100228410583415, 2.21141407419128e-106)
(0.16804150330807707, 1.2263416678307753e-106)
(0.2937884931906641, 1.7664487946811052e-106)
(0.43925002062069435, 1.7648188944121547e-106)
(0.4488592613559976, 6.909508951063641e-106)
(0.7750897009346915, 1.2996864011286258e-106)
(0.11357654545598465, 4.361648439645875e-106)
(0.3946620636529191, 1.7827033047892013e-105)
(0.8081703857871676, 2.166418404850819e-106)
(0.9914727091146326, 8.351026936631267e-105)
(0.8580128944144358, 6.459129921174173e-106)
(0.4369924972280759, 5.05189106352299e-106)
(0.14196367889217426, 1.242229524732675e-106)
(0.03290538110138023, 1.8370910928712068e-106)
(0.9724452601465986, 6.459563262771674e-105)
(0.5279273683998025, 3.2645185092389877e-106)
(0.33497366344769985, 1.9560046724049117e-106)
(0.08243251478128494, 5.893449759606168e-106)
(0.005504693114461907, 6.011720060445745e-106)
(0.6995716691285281, 1.738436895145195e-106)
(0.43099099860375806, 4.1974458304028385e-106)
(0.9972547108188906, 3.769175973822469e-106)
(0.7550452866204881, 2.5748297115801307e-106)
(0.06631110902315242, 2.8596559604332926e-106)
(0.38864650840179527, 1.6461289735448822e-106)
(0.7742423246892269, 2.2370131949910995e-106)
(0.5362777552097123, 1.221964335953831e-105)
(0.4294042238209466, 6.3554556004341615e-105)
(0.04842946241005237, 1.325578728873004e-106)
(0.10929667793406189, 1.4414230601406206e-106)
(0.9241506554470507, 3.840885916944567e-106)
(0.09861102811439378, 1.28472671131953e-106)
(0.37557665184528927, 1.5903335218363573e-105)
(0.7291741530981145, 1.564341873882151e-106)
(0.6517046160801833, 1.4925917423814558e-106)
(0.053442502850628903, 1.5275101884556048e-106)
(0.7027071581568928, 2.4819003987758545e-106)
(0.9536770619177806, 1.3402046214581536e-105)
(0.8600116504508829, 9.930566279099785e-106)
(0.4176914966724074, 1.5355546998943017e-106)
(0.8051585074363254, 2.4360088313391363e-106)
(0.4721932078680024, 1.2719751026429994e-106)
(0.5113070399217634, 2.3713001533131527e-106)
(0.6032528086280795, 2.6346727455210647e-106)
(0.5615348344950232, 1.3663059700416796e-106)
(0.5289711133174653, 1.905511389933224e-106)
(0.07266477646104838, 1.6595840581640132e-106)
(0.24986513628304938, 1.4043569323725985e-106)
(0.17137114508299, 9.285214303054623e-106)
(0.3889032044543161, 1.489414393460811e-105)
(0.3095180249675603, 1.1381913252947573e-105)
(0.31175749988089435, 3.5173914380626736e-106)
(0.14816813090374098, 7.761492995694028e-106)
(0.10650512601385569, 5.0707664552451786e-105)
(0.5986830449769794, 1.5051899568900567e-106)
(0.6128734064365592, 1.3013891159070472e-106)
(0.3024480104490472, 1.7358858021738557e-106)
(0.07927542623136478, 1.6785619817371947e-106)
(0.7690826266334426, 2.942320717172701e-106)
(0.4539913456957709, 1.2550113222511865e-106)
(0.3071361596285822, 3.4184880322553533e-105)
(0.13541190827064944, 7.926430351753896e-106)
(0.8347793253971761, 1.674035072234568e-106)
(0.4738252004761326, 1.6145010367032694e-105)
(0.29587003255796074, 1.156449324073579e-105)
(0.6656829464296209, 3.5693000921687268e-106)
(0.11919655458921495, 1.6487799139754965e-106)
(0.6646003914832949, 2.1444341901930723e-106)
(0.39527772551192875, 1.448621173971727e-106)
(0.21172068346510048, 1.82747676079674e-106)
(0.5423135070325071, 1.4514685346960033e-105)
(0.6544950486723436, 3.7486674379244205e-106)
(0.507977365815815, 1.3778310959621903e-106)
(0.9152746495409451, 1.87478456358218e-106)
(0.2595758264233774, 2.6806425291384733e-106)
(0.5467474638965721, 1.4249265413781597e-106)
(0.051669812787184306, 1.8671502994727365e-106)
(0.4322295359324392, 1.7160591950894066e-106)
(0.9152858051592038, 1.7938862381110727e-106)
(0.34961160614029574, 1.2998505376747502e-106)
(0.21801747204005026, 1.0977390191030752e-105)
(0.971337235483836, 1.6507519613442286e-105)
(0.7209410154234619, 3.7456315782601346e-106)
(0.7071358765694771, 1.6765759122491853e-106)
(0.29995996434763683, 1.3354569723562868e-106)
(0.3237653824349102, 1.6061433797346116e-106)
(0.5653891242715202, 3.4994994301535725e-106)
(0.15164304404593526, 7.987947251995309e-106)
(0.8425495768668262, 2.079591340637574e-106)
(0.03050672010495284, 5.1751048727032245e-105)
(0.7433398679415331, 3.1666143535795784e-106)
(0.6542896733981998, 3.248787527373866e-106)
(0.9975504005793137, 2.318238230776305e-106)
(0.13452894631843476, 1.8030487422779426e-106)
(0.27978918263931146, 1.579266772938909e-106)
(0.7795915538063637, 2.2398868270358186e-105)
(0.5555993109687289, 1.6711524868469904e-106)
(0.8602695787981669, 1.8340976620774892e-106)
(0.5993261123939388, 2.298417514410161e-106)
(0.15264841390544864, 2.0630400245384915e-106)
(0.218536461523182, 1.7516452323402596e-106)
(0.05123515710282243, 3.142356445245661e-106)
(0.03042308232548136, 1.5008451843574119e-106)
(0.995351375625693, 3.812980842166499e-105)
(0.3439785808337661, 3.0107719851643263e-106)
(0.5940375905365497, 1.8450047057328707e-105)
(0.8737140852593227, 5.250701501097397e-106)
(0.7800690604478339, 1.2481860698779533e-106)
(0.8719208747587716, 1.493173897390633e-106)
(0.9718213750455695, 3.5597175920285884e-106)
(0.2953685983174792, 3.711976907436859e-106)
(0.6567266275043157, 3.617870156688603e-106)
(0.1602316015856078, 1.5955528590066513e-106)
(0.09262330397296417, 4.979112725170017e-106)
(0.8558720553280409, 3.070882913764798e-106)
(0.9777606903439746, 3.3962245042350173e-106)
(0.5437520187351825, 1.283196745964029e-106)
(0.9471791123516721, 1.375624728580284e-106)
(0.859324902042272, 2.1378970680780303e-106)
(0.15390857125449042, 3.478734812515132e-106)
(0.7045580300091098, 2.348442583818955e-106)
(0.9806325870245669, 1.1033969614599592e-105)
(0.0034218625324488536, 1.549826094438284e-106)
(0.027447258643672003, 5.6641866225570245e-106)
(0.494053586655068, 3.070901917457009e-106)
(0.021271475976019524, 2.0456359033730383e-106)
(0.17579739578338535, 2.9813915983657204e-106)
(0.3223790200961316, 2.9292490204851795e-106)
(0.6306128136668068, 1.2476326982390584e-106)
(0.1029603379728154, 1.3916429309685863e-106)
(0.1030717861704202, 1.4499807631493534e-105)
(0.9450637246265166, 1.4216509161391705e-106)
(0.8981994878188051, 2.636690248378944e-106)
(0.8521396449781994, 3.1821647632712276e-106)
(0.8340009659127734, 2.4204777553943735e-106)
(0.9660522820302714, 2.4402345438858624e-106)
(0.8319899031560283, 7.058132556821312e-106)
(0.03692098743251784, 1.224035763943211e-106)
(0.37939886366570197, 1.9628972177001553e-106)
(0.4367469432301731, 2.84499627736409e-106)
(0.9769916478625544, 3.6528426695642883e-106)
(0.2565451922946558, 1.4562238276295444e-106)
(0.9771603439545973, 1.22078828797901e-106)
(0.3195756808012543, 1.786993953560519e-106)
(0.22019639169382677, 2.946701018750537e-106)
(0.2031020296595894, 2.049982132335537e-106)
(0.7070404999310411, 4.2699258985667084e-106)
(0.05194956408781208, 1.9273724466386514e-106)
(0.21942180069228806, 1.2526503912392094e-106)
(0.8482144439446974, 4.028701050781483e-106)
(0.9894208122931974, 1.3220643875530348e-106)
(0.1980574876730105, 1.4748513809838392e-106)
(0.3390512373603444, 2.5220215560278325e-105)
(0.7742803827630083, 3.174019391188702e-106)
(0.723112420236524, 3.3832016372519147e-106)
(0.8978076014915347, 1.2336144179490107e-106)
(0.7581677433158199, 9.927656679001478e-106)
(0.687864464485218, 1.235460990822821e-106)
(0.6532784941194291, 1.583419259372196e-106)
(0.9577047684653316, 2.4863048250877534e-106)
(0.04164804678440815, 1.96157709107569e-106)
(0.8963658383264425, 3.06089245312295e-106)
(0.43682459395733764, 1.4404083010945353e-106)
(0.8690898178515729, 1.0249135347100387e-105)
(0.21570238181420498, 1.302200473294874e-106)
(0.5254721008199676, 3.9027087872860115e-106)
(0.8814301826237804, 1.6980756793220333e-106)
(0.7741532980764186, 6.822854159251538e-106)
(0.8171625238713527, 7.801035908410538e-106)
(0.15543519379508267, 2.569841377031418e-106)
(0.4494939313334455, 2.200490887264881e-106)
(0.16499889380508145, 6.279547198530188e-106)
(0.690818599417001, 5.989994922200399e-106)
(0.3168263748726939, 2.3616064238647516e-106)
(0.6859879576541449, 1.3599780426628042e-106)
(0.7901977244590535, 2.6708719821617814e-106)
(0.6140212688910729, 1.4243579170049277e-105)
(0.7793203185441087, 6.647710739923003e-106)
(0.38268793309774585, 1.3841147765263917e-106)
(0.8256842727196366, 1.5488106406716156e-106)
(0.7754809966747737, 6.545094717157438e-106)
(0.9663598384864887, 1.4235404513014931e-105)
(0.11611868110740409, 8.731197357825376e-106)
(0.3026172250474276, 1.6686857341309927e-106)
(0.9094613930557519, 1.821167678927759e-106)
(0.09035279120712153, 3.8049033814167064e-106)
(0.930524021521544, 1.5116707447440338e-106)
(0.4400783038034046, 2.6718548264674017e-106)
(0.012694821185801054, 1.844227580525032e-106)
(0.7100540647013578, 8.509626763611169e-105)
(0.19741396308261255, 8.004238740757436e-106)
(0.023481063520648996, 1.262337875959631e-106)
(0.7338565341783735, 2.863444384648007e-106)
(0.5291810327856302, 3.9748583692625512e-106)
(0.30777260576758564, 1.3170690652509706e-106)
(0.531879766375499, 2.505911101122223e-105)
(0.3960954734104535, 1.708176694391083e-106)
(0.953979272977424, 6.068078838987155e-106)
(0.9233984361110555, 1.5581144699798129e-106)
(0.9584042028056948, 1.4201487009816883e-106)
(0.46772356994560355, 3.632722959664735e-106)
(0.3238027805222596, 1.2212957465388707e-106)
(0.8813437662817029, 1.3423430676056615e-106)
(0.7397812621281913, 2.833276756730748e-106)
(0.38370387463530004, 1.4246669040682185e-106)
(0.21275892939096375, 2.1635929574976146e-106)
(0.5616071674798064, 1.8890991823348988e-106)
(0.7392006191384478, 3.5279872103306123e-106)
(0.9636067826259758, 1.2337441893982048e-106)
(0.2697756160864666, 1.8461743958441893e-106)
(0.8306123098703676, 1.5126905762947428e-106)
(0.5080859619013732, 1.9828860756215307e-106)
(0.5944270725677072, 4.5503502408766395e-106)
(0.9118423636501894, 2.227519629012362e-106)
(0.7009810799896373, 1.359659236365419e-106)
(0.01415947264346474, 2.9288856853933094e-106)
(0.0020468993063838836, 8.479560536196704e-106)
(0.16384907896771325, 4.241438914673925e-106)
(0.273491217606589, 2.0927618068325044e-106)
(0.8295652710915913, 3.9700535339943864e-106)
(0.6160669198318715, 1.47201551466509e-106)
(0.05203264063235547, 2.008392528286473e-106)
(0.08766094823036626, 3.9712139603561876e-106)
(0.6603132296843274, 2.9045775578917957e-106)
(0.21057101230111452, 2.3326478998293563e-106)
(0.7248555179112885, 3.328210621937945e-106)
(0.8897781525185603, 2.507078476516146e-106)
(0.7935328490350145, 1.3096340426353356e-106)
(0.6870665870861645, 6.550933963829793e-105)
(0.7888121451601655, 4.731370984649686e-105)
(0.317719455086559, 1.5146429498212586e-106)
(0.8019832787587925, 2.9955843599650397e-106)
(0.995637213578761, 1.2588157670884696e-105)
(0.39262748314474055, 1.917353630808202e-105)
(0.8884109041617901, 3.015424299510408e-106)
(0.9053679537603647, 4.230115834781328e-106)
(0.16427050462231949, 1.4182114297227683e-106)
(0.7335768789902368, 1.856425431836512e-106)
(0.9699604831733428, 2.3888706878577986e-106)
(0.7415413251588274, 1.2689000090869868e-106)
(0.029407986708151725, 3.050048261468965e-106)
(0.9402204305287627, 2.762926153378201e-106)
(0.8670433488446244, 8.709023024162038e-106)
(0.008755177830321202, 1.6404111678996918e-106)
(0.8792554086839015, 1.993165611363093e-106)
(0.6344305776393163, 5.686328368501931e-106)
(0.14676174625340843, 7.7638963064766735e-106)
(0.7438249128746113, 1.6489170491022834e-106)
(0.22246722166405447, 7.311540796753331e-106)
(0.14579935163213464, 9.059885470299472e-106)
(0.04174520218396711, 4.298412594425158e-106)
(0.3451764015630063, 1.9549395324944672e-105)
(0.43861787028101845, 2.5719073363990126e-105)
(0.10780306045029303, 2.692204909028651e-106)
(0.23807198234200502, 1.630712753258739e-106)
(0.5552239456936947, 2.886457367442094e-106)
(0.9825122496215453, 1.6544238792562531e-106)
(0.6657358302210227, 5.909932833580239e-106)
(0.742978976287551, 4.7432551998462125e-106)
(0.7636042755572294, 4.124315085371353e-106)
(0.6840756035410941, 1.6659333891586057e-104)
(0.37958679841333853, 1.5338021123513528e-106)
(0.01995453332801747, 2.5976417584187937e-105)
(0.19497282656823092, 2.0633184093018822e-106)
(0.32686079405304647, 2.5172341200480553e-106)
(0.7841609341208524, 2.478519874257049e-106)
(0.6077004351868696, 1.6649495152906465e-106)
(0.2574403575173922, 1.2596517106902475e-106)
(0.550717166196528, 6.509249023897208e-106)
(0.37525450271096705, 4.128805559336112e-106)
(0.887753208024527, 5.038418008855559e-106)
(0.9244885431079032, 2.709753856461154e-106)
(0.4103459067554893, 1.881415467375273e-106)
(0.2754967475796274, 2.7156083759293987e-106)
(0.34260431284879084, 3.094476631153352e-106)
(0.5694442872632157, 3.226050572664021e-106)
(0.3333422729000233, 2.729845896703369e-106)
(0.9697640197692383, 2.2532808649810697e-106)
(0.20785008939210817, 1.2530008765781616e-106)
(0.17832814670022795, 1.437786923145738e-106)
(0.6754075412936181, 2.76412697808372e-105)
(0.507090203017869, 1.3655131032736756e-106)
(0.5587117910080299, 2.750592502533258e-106)
(0.24455413022173317, 1.8554779004412782e-106)
(0.30739679533910713, 1.5287726751280418e-105)
(0.36577971988815183, 7.117479870053981e-106)
(0.02271805042456925, 1.968732735532255e-106)
(0.7377206474548478, 1.4019465160929098e-106)
(0.7639163659477309, 2.620377526373667e-106)
(0.21418333915180143, 1.9375500565319928e-106)
(0.11598959950281379, 8.191272238772611e-106)
(0.43065147884912, 1.089657502087307e-104)
(0.2602592944388747, 6.927770580855047e-106)
(0.795625613833837, 1.2403112724500865e-106)
(0.6167135665287, 3.3092225392957254e-105)
(0.857953400038892, 3.5211902658866e-106)
(0.97902382518407, 2.0625355669084196e-106)
(0.12590206270102813, 1.5398841678400416e-106)
(0.02152242883872758, 2.875682579505585e-106)
(0.7859830555944518, 2.5078097404773533e-106)
(0.15538677746342042, 5.747131711335852e-106)
(0.5751546827388337, 1.922003177423038e-106)
(0.5714357655879208, 1.0568151051531023e-105)
(0.10989767007609305, 3.1310853999347935e-106)
(0.7900251164696346, 1.6086384805882675e-106)
(0.7594071503821471, 1.4770304585074518e-106)
(0.12022864717590453, 1.6517255131609017e-106)
(0.3449223867225536, 3.0629333279175083e-106)
(0.030836035732922762, 6.128968195267429e-106)
(0.6262837612550108, 1.8831304131834537e-106)
(0.3427565921946626, 1.798253731261262e-106)
(0.41478992368641837, 9.911119679290256e-105)
(0.07547597983306992, 3.0002457772780836e-106)
(0.07987037546630747, 1.5382061832019118e-106)
(0.060704549067212434, 1.2675308605013528e-106)
(0.23215500415766982, 2.2810120958907033e-106)
(0.26328284081447506, 3.1347002679753617e-106)
(0.9264680238784647, 3.68925426592632e-106)
(0.3077667956626069, 1.3023422746265041e-106)
(0.32359256511444956, 4.48227687914227e-106)
(0.6527003991010594, 5.866045115795731e-106)
(0.6001594439072708, 1.2205928534783428e-106)
(0.9139841618125617, 1.1207866643736159e-105)
(0.26431574886440157, 1.5167410068152948e-106)
(0.19442816491266787, 2.547782424284445e-106)
(0.48123292868333273, 2.8535826383989025e-106)
(0.43122422143000927, 6.423209968797607e-106)
(0.713194246377102, 3.959630249473127e-106)
(0.785748719020778, 3.6499765302346596e-106)
(0.03303691865514428, 2.2533257058370897e-105)
(0.5473351734771551, 1.7020828663120565e-106)
(0.6774711609439213, 5.713495326040614e-106)
(0.7965429114745501, 4.828409703282751e-106)
(0.05832035530067259, 1.4716068546746574e-106)
(0.8774058064603708, 1.2854943733543753e-105)
(0.24228887736921456, 6.003030894385259e-106)
(0.5802918133015156, 9.341325678667912e-106)
(0.6668443219583292, 1.582546205693061e-106)
(0.8806190476703183, 1.4098616375446125e-106)
(0.9576374883635324, 7.913492845797338e-105)
(0.6988567994321169, 1.9627263059052593e-106)
(0.6869379469548463, 4.348550439971428e-106)
(0.4647906715819114, 5.899341797402959e-106)
(0.07836539086822283, 5.997723829244219e-106)
(0.1625768635824134, 1.3519054186843364e-106)
(0.544623602757492, 3.520082333943623e-106)
(0.1262463780059702, 2.641144766856557e-106)
(0.4529744195041253, 1.334311680459174e-106)
(0.6536528143074404, 4.961466344790346e-106)
(0.23475915199146621, 2.0136289875653037e-106)
(0.34777485681825876, 2.927091669003267e-106)
(0.9106544514390398, 1.526723973837371e-106)
(0.9825455545065764, 4.0836314099238554e-106)
(0.9202621703157938, 8.545669611319271e-106)
(0.46672395382761084, 2.436320958701851e-106)
(0.21379123745625322, 1.2328825461977467e-106)
(0.19845325352030674, 1.267687103171265e-106)
(0.41131073123501083, 1.660835655977484e-106)
(0.7778291913418961, 2.2523384064597916e-106)
(0.8595033804760177, 7.656556059829828e-106)
(0.7482534674979918, 2.2458189772948656e-106)
(0.2002840027858906, 1.2641248653442706e-106)
(0.5797646746557525, 3.955520805920534e-106)
(0.41181946385994195, 4.290804700873405e-106)
(0.2565263581622984, 1.6763967358445795e-106)
(0.879832032606902, 2.27349396225118e-106)
(0.8819655020728888, 1.6221286254432945e-106)
(0.2876864390550907, 2.296081132112851e-106)
(0.37372545782748146, 1.8996235109238843e-106)
(0.06255023066145639, 2.1030654830190074e-106)
(0.8464284770027826, 4.670606792670453e-106)
(0.6220208414097181, 5.47128607797514e-106)
(0.060617113242553936, 5.342822305438249e-106)
(0.3478043843988302, 2.9591717228096903e-105)
(0.751221451232803, 2.3272043841051373e-106)
(0.9071443688328619, 2.1359507190489966e-106)
(0.5467844811528945, 3.8286302307755803e-106)
(0.21408232205094485, 2.479413401914432e-106)
(0.874755697309872, 8.056884409259149e-106)
(0.9902075591526949, 1.2768993837120619e-105)
(0.006308912064187179, 1.9971720328505176e-106)
(0.5616969294801536, 1.689670771761138e-106)
(0.904192133271359, 1.5937198057436636e-106)
(0.09394051560390905, 1.3980029844174143e-106)
(0.6338807345250466, 4.337234010224857e-106)
(0.7293095704833251, 1.6682777186436817e-106)
(0.1017911170368505, 1.2681884612667904e-106)
(0.6707725776946466, 1.8061307101553702e-106)
(0.05435894176465999, 1.6705715836931888e-106)
(0.19935605648614088, 1.4567336271414217e-106)
(0.42222176108853743, 1.7614719966989993e-106)
(0.9068460734633034, 1.6213414462841194e-106)
(0.2647432250150975, 3.669742950356254e-106)
(0.13856233256829267, 6.434646377742809e-106)
(0.06271685682016559, 1.4530446054853095e-106)
(0.5292354254576106, 2.281963125114979e-106)
(0.23849143183718663, 2.514367707001647e-106)
(0.8328734098037384, 1.5300417696559189e-106)
(0.8015322132760191, 4.916917234335169e-106)
(0.8027184768265878, 2.4483689627420885e-106)
(0.8448540630192813, 6.948786220988055e-106)
(0.29609338419573844, 3.2479613632058624e-106)
(0.452317408669719, 3.948372326850835e-106)
(0.9410517211244219, 3.1154043089596768e-105)
(0.1718855466248875, 1.285984455394344e-106)
(0.3146158121574873, 4.897522782923988e-106)
(0.6531127436137252, 1.7211872250110589e-106)
(0.41920750176047494, 6.903080051051955e-106)
(0.8481355480963534, 1.8961358930462062e-106)
(0.4684698004465851, 1.4536377371648675e-106)
(0.8898900522642152, 1.4428051856619188e-106)
(0.03983029022597547, 1.743891479338449e-106)
(0.969907607060022, 1.465775310944519e-106)
(0.5489720764943219, 1.8867465148394778e-106)
(0.5845611842911049, 1.5008583188336245e-106)
(0.33678016066232125, 3.5998296082989485e-106)
(0.2774971716814107, 1.3818206966581902e-106)
(0.09414223177734493, 3.0320003901688414e-106)
(0.6915523604491852, 1.894274018449001e-106)
(0.7485689327890637, 8.251869739449366e-106)
(0.8340823001030978, 1.244784694524098e-106)
(0.9402575533377403, 2.63540736161433e-106)
(0.5200946129407853, 3.918433047073876e-106)
(0.7767808171712718, 1.556277011663678e-104)
(0.026191013541233713, 2.258105005291019e-106)
(0.9918163339969713, 1.8875396807437577e-106)
(0.11924737116207726, 2.775698519013095e-106)
(0.3003034768966329, 4.52282375113871e-106)
(0.8619363309421376, 1.7444165194508084e-106)
(0.8307550873011594, 1.6114157104368625e-106)
(0.7131521360599943, 1.7190834628416393e-106)
(0.11332720110573276, 1.3210711421782005e-106)
(0.8179795170660618, 1.2621376832365207e-106)
(0.12344071794252484, 1.5749294645717472e-106)
(0.7863274977467317, 2.0125478928004655e-106)
(0.5613778462506148, 1.4003343242276678e-106)
(0.7713839682199625, 4.461307491866069e-106)
(0.43942714826996165, 1.4357566859292927e-106)
(0.27658412802192206, 3.953799754821757e-106)
(0.5403944540759291, 1.5152572826913444e-106)
(0.986149708575589, 1.6746610139003747e-106)
(0.7298092962575294, 2.9549057216200805e-104)
(0.4928914663122518, 1.9563877928215285e-106)
(0.8237656814182377, 1.8043529525984697e-106)
(0.9128235422935073, 9.56183007993038e-105)
(0.8509599727374278, 3.3097191171502674e-106)
(0.30681158737293335, 2.5394771866361746e-106)
(0.4044448252468674, 1.642201366316601e-106)
(0.0068018744297063125, 1.8300630484790974e-106)
(0.8662887287778012, 3.587758728392969e-106)
(0.34546086338986975, 1.6731900447717631e-105)
(0.8726542330543299, 2.780994372377208e-106)
(0.4609802881665977, 1.273046435025823e-106)
(0.19517075847658968, 1.8714506232713558e-106)
(0.33299634617152296, 1.5662651066082856e-105)
(0.0021969700360688353, 1.5273627272686066e-106)
(0.6828837918165525, 4.660694759281334e-106)
(0.7929270607074687, 1.8842302036063105e-106)
(0.16717917660586368, 1.3078452399409386e-106)
(0.23525089974965396, 9.019122984334121e-106)
(0.3605503102102525, 3.8412507734873373e-106)
(0.15504001326167802, 1.4336110646071809e-105)
(0.7875988359930567, 5.317161039911843e-106)
(0.5320031817076757, 3.0765899552456157e-106)
(0.6348436105220303, 2.8552982602079375e-106)
(0.867932628730462, 1.8226692284852024e-106)
(0.3352336197984188, 2.837931950689642e-106)
(0.5512201268101103, 1.763109164625418e-106)
(0.8012187716427147, 1.9166902572168403e-106)
(0.7518323666284475, 1.8328092914788282e-106)
(0.557005765340972, 2.3837986921134864e-106)
(0.055436263319282024, 1.586674321559349e-106)
(0.4375577862072875, 1.7944707483025925e-106)
(0.6185343233556732, 1.9062535350004626e-106)
(0.4390464726209074, 3.8317581688648272e-106)
(0.6340535399124877, 2.465132392150645e-106)
(0.7999645344383575, 2.228390182465433e-106)
(0.1633438494285195, 2.1765596986215806e-106)
(0.19595631476091047, 2.344445693187487e-106)
(0.6233098182664468, 1.5363184888667384e-106)
(0.713201011791098, 2.1178183436714496e-106)
(0.39991572386632296, 1.4742803299962694e-105)
(0.7592170897864811, 1.810877761066542e-104)
(0.6534567254059147, 3.508719740394104e-106)
(0.2373864271829601, 1.9422949850716482e-106)
(0.12845606497245957, 1.4468546513382703e-106)
(0.3767789007766472, 2.148234893544894e-106)
(0.3593338258305866, 8.045408833845457e-106)
(0.03635290349667386, 1.6319860635869217e-106)
(0.1816158437936578, 1.6694953796134702e-106)
(0.7090943487789089, 7.436947295618968e-106)
(0.5557920855664967, 1.671571757684892e-106)
(0.41706660717496097, 1.4615044403104465e-105)
(0.5666364688846961, 1.2963976796678437e-106)
(0.08343103822003142, 1.4263416818532762e-106)
(0.26436258602909096, 1.3193120429535462e-106)
(0.6367003336349757, 2.1177678649520185e-106)
(0.5489735642564506, 2.0948157751314322e-106)
(0.009937970701290441, 2.0762263315902597e-106)
(0.892508214229819, 5.550773240332967e-106)
(0.7765193081279964, 1.4663400423052503e-106)
(0.4361699908363009, 1.4061904380375872e-106)
(0.591681358279443, 1.2461437234827982e-105)
(0.14209736186213928, 4.792521753736588e-106)
(0.6634980298106581, 2.756306533422179e-106)
(0.668586317069403, 6.0659830936611e-106)
(0.23393263827990932, 1.1837025594298646e-105)
(0.4920860107996756, 7.299331088254027e-106)
(0.5509959871216391, 5.8035375467526604e-105)
(0.707105792515783, 1.6354556353466095e-106)
(0.7212447958693791, 2.8408541988069223e-106)
(0.9713179691136414, 2.338918310806964e-106)
(0.6528036750644085, 9.88841220948451e-106)
(0.6790395564400902, 1.2342984618064735e-106)
(0.9485837484091527, 1.6573466342251166e-106)
(0.06942801251405994, 1.5930945095011554e-106)
(0.6267620589091057, 1.8910537954544604e-106)
(0.3386482192925184, 4.907098060891151e-106)
(0.8829885411225072, 3.7103815688369745e-106)
(0.5916085855614542, 1.2780138997764756e-106)
(0.5296324422823422, 4.3039329020979365e-106)
(0.6407092353343748, 1.47267700150849e-106)
(0.4847230628557883, 2.3537652667522287e-106)
(0.08864728919973312, 2.4771946959430423e-106)
(0.4707143799766582, 1.2924107329316005e-106)
(0.8664026144153804, 1.0154394726755824e-105)
(0.4238427114467775, 5.3445281936370625e-104)
(0.8002923902970019, 1.4221413655829912e-106)
(0.15766934764497834, 1.604331324573264e-106)
(0.8845601884135542, 2.8102932722065425e-106)
(0.6078885306313678, 1.5735277458409573e-106)
(0.7781565067394143, 2.7225075957675065e-106)
(0.24576714248175924, 1.6226926010561748e-105)
(0.41074322684030384, 1.3934835921773362e-106)
(0.1828909673022772, 1.3251836854411726e-106)
(0.7596001328275077, 1.963068624489114e-105)
(0.7904557586779655, 3.489357668620193e-106)
(0.5212615857479564, 1.3887104490626465e-106)
(0.8256460867043752, 2.635873534809125e-106)
(0.5251063629325677, 2.0200739459192362e-106)
(0.09814677395674123, 1.4134524122033096e-106)
(0.7937334110524916, 3.9864712424348874e-106)
(0.5591008103307532, 6.3832288742139e-106)
(0.9637259166370507, 2.337134878978701e-106)
(0.038770082463620834, 2.2125325063646346e-106)
(0.4574933788659648, 3.607211746556638e-106)
(0.5078641203828969, 1.7451650682838e-106)
(0.9295793626338802, 1.2393499135351043e-106)
(0.6898261482950409, 4.0280227601300846e-105)
(0.3498792381344456, 2.206817441216561e-106)
(0.763426592143988, 2.029946908389899e-106)
(0.5250874757569244, 2.185354228591808e-106)
(0.6936522168693887, 3.2375443915732105e-106)
(0.010851280068409373, 2.9255094382227687e-106)
(0.9853244329512781, 1.901550437414836e-106)
(0.5896266945611125, 1.4315823500754422e-106)
(0.8094948158761471, 2.040678747595497e-106)
(0.5199243909966684, 2.836437267778535e-106)
(0.9761130303009614, 2.3991677964560073e-105)
(0.0419509656668708, 2.274467549960876e-106)
(0.026662037393350997, 1.6109215108122195e-106)
(0.5589254857259747, 2.2280617491876564e-106)
(0.15727154663386578, 9.937105433153476e-106)
(0.7437035928308692, 5.079249110113317e-106)
(0.8480003421373162, 1.68072540132966e-106)
(0.37698564558812, 2.5122756082200894e-106)
(0.4554333920419343, 1.7185111556335176e-106)
(0.7534872273454681, 2.9002121092984423e-106)
(0.6741505467952341, 3.3138761962356e-106)
(0.8910478881578525, 1.3413932474251577e-105)
(0.0024703084000110022, 2.354623639247413e-106)
(0.3554319292040164, 6.530690572413661e-105)
(0.30795887462869437, 3.9452805386350506e-106)
(0.2491333200257108, 1.7692415334988798e-106)
(0.07170477083269565, 7.450751850249353e-106)
(0.904425649081212, 7.419662087064163e-106)
(0.6870349431460752, 3.0373157928726974e-106)
(0.625801469304168, 3.642073677633873e-106)
(0.7173919658399179, 1.8615317779085892e-106)
(0.6027933939545044, 1.4953032093301634e-106)
(0.5609333395279507, 2.3000784195979274e-106)
(0.5576810425466323, 3.11463696028204e-106)
(0.9229468477703338, 1.2330228703655225e-106)
(0.03169093977875225, 5.417311223104395e-106)
(0.5925836530613248, 1.2376033311472708e-106)
(0.8204199722774177, 2.470918520271392e-106)
(0.6775734798405795, 1.8256802425885404e-106)
(0.7809088072076296, 1.729159215246967e-106)
(0.24738767814310733, 6.551624045336084e-106)
(0.7386225677039863, 2.2631101368536375e-106)
(0.49206428237754607, 1.2500484661124714e-106)
(0.9272920882971268, 3.0754684445169385e-106)
(0.3806937292313976, 1.3546494442716022e-106)
(0.02364897856279421, 6.927081996399075e-106)
(0.44389196975495054, 1.2411775140323602e-106)
(0.8219317196317935, 2.5850840591994856e-106)
(0.7039180409749106, 4.57915951561961e-106)
(0.01771076146679878, 9.378648223001091e-106)
(0.612089326755365, 1.7209719853315357e-106)
(0.46194817208784444, 2.565577165475793e-106)
(0.99142639264062, 1.0592429585411235e-105)
(0.04502388991108224, 1.5012677673137018e-106)
(0.5776882834860319, 8.338941702464645e-106)
(0.625437530852336, 1.5721466192086265e-106)
(0.7925692043016321, 1.7427680478954397e-106)
(0.9764824941891054, 3.1449122821840226e-106)
(0.7622484954171087, 2.306536893347097e-106)
(0.174480347781433, 2.480132873467894e-106)
(0.3079694170682398, 1.9390893451584356e-106)
(0.8865815463700693, 2.1105657470130404e-106)
(0.0027633109204226194, 3.1113419542789568e-106)
(0.45249220631727566, 1.395297336223149e-106)
(0.2248769822382094, 5.311816530559112e-106)
(0.6889912370092, 1.3988108289877556e-106)
(0.5609648620358826, 2.4686801637459175e-106)
(0.38751812302304695, 1.3203776053644337e-106)
(0.1412500041373517, 6.630301218883215e-106)
(0.4311201851957488, 8.16647232854208e-106)
(0.48765871129301047, 1.8217783097138726e-105)
(0.9975288609230014, 2.228147539606969e-106)
(0.7734426545792755, 1.7761190232826008e-106)
(0.83547106857705, 8.70601081589773e-106)
(0.08003235317948615, 2.175419002060246e-106)
(0.38369709107643146, 1.3233760409921204e-106)
(0.6846755799918189, 1.9470251735273448e-106)
(0.5775788018224464, 1.9474443111542282e-106)
(0.6078784469735165, 2.270870245818015e-106)
(0.5184645676079526, 1.523016698975353e-106)
(0.5453346805462849, 4.957138229330253e-106)
(0.833102230131467, 4.548985899142023e-106)
(0.40537084941851337, 1.3304628275426956e-105)
(0.9922480507431447, 2.6474387485062977e-106)
(0.05941916578159763, 2.1665257210520044e-106)
(0.4579978172941507, 4.713118127569843e-105)
(0.7077674007077676, 1.691134827161854e-106)
(0.8676572841491403, 1.6594953468314262e-106)
(0.02858759438755972, 1.3350463216091078e-106)
(0.024076093542260986, 2.8633466294750998e-105)
(0.12185244937330342, 1.5394908326093573e-106)
(0.8022755414453909, 1.404297516614425e-106)
(0.696666848568939, 1.4810692041067808e-106)
(0.6578106642141303, 1.525625910854683e-106)
(0.9592949962197402, 7.757743673984103e-106)
(0.0011376352819265564, 1.5878108369146552e-106)
(0.3323086729607151, 1.2510535210118604e-106)
(0.33055130163978236, 1.4006970011158436e-106)
(0.7086965156411907, 1.6166616616704146e-104)
(0.8233704230225277, 1.7317946650163293e-106)
(0.8319648429753452, 8.439432956789967e-106)
(0.7767072200805893, 1.5891133016400746e-106)
(0.013784423422833189, 1.2435814635903786e-106)
(0.8146336144090441, 1.2477058107918184e-106)
(0.6336155788425315, 1.8789285829192798e-106)
(0.7453035886831236, 1.573336484133147e-106)
(0.10443820038453291, 1.1796515765249674e-105)
(0.2948667266810978, 1.9691943947949182e-106)
(0.913079666749602, 1.3265879773133128e-106)
(0.28052979803409184, 7.110256243995824e-106)
(0.8424086063761209, 2.623059704088986e-105)
(0.8396318128828211, 5.170868794830223e-106)
(0.6387234355084966, 1.8271909691693207e-106)
(0.3660670372246738, 2.7336734934392285e-106)
(0.7528616765512953, 2.906428355631479e-106)
(0.5751211219180657, 2.1787424023456155e-105)
(0.43639170104514713, 1.4858615414640658e-106)
(0.1818721410602002, 8.536450203684895e-106)
(0.553589031288786, 4.568684126656428e-106)
(0.47328769417898403, 2.3162536978976963e-106)
(0.33028758822134013, 1.986704197046301e-105)
(0.899223848829431, 1.0443337697876125e-105)
(0.5529643800772256, 1.259607047187202e-106)
(0.9804717465709618, 3.5666243863003833e-106)
(0.27628681967149, 1.301462405209463e-106)
(0.5794810202673049, 1.5194677742343893e-106)
(0.15647581756914203, 2.222459594417157e-106)
(0.5620480456812469, 2.499464925513059e-106)
(0.3404647645221799, 1.6312525102148553e-106)
(0.9987467565697975, 2.2487848837332886e-106)
(0.8924097645196318, 4.060745071982818e-106)
(0.10501008498905898, 8.09658143149952e-106)
(0.6857964097630167, 1.9143560555913672e-106)
(0.3407464795104897, 1.2273960762161896e-106)
(0.29309948088598614, 2.5863292205912603e-106)
(0.947735303763682, 2.5811520147056236e-106)
(0.17655686425603304, 1.5290429691340896e-105)
(0.3270608542702178, 1.7130485050151054e-105)
(0.502129374501859, 1.3487280380874039e-105)
(0.09361246240750518, 2.1191929944474065e-106)
(0.0026329812034226025, 2.094924992645228e-106)
(0.25911223955432117, 2.634261278648885e-104)
(0.09920961407775705, 1.347560065349279e-106)
(0.5728549757050022, 4.449214122619494e-106)
(0.3635171388593066, 7.757808189546574e-104)
(0.44320280942885887, 5.812320050609102e-106)
(0.4886624395634641, 2.4518955741411097e-106)
(0.2111917277572648, 1.9630629956959835e-105)
(0.4658415783027437, 3.300847073515166e-106)
(0.5252130519058065, 1.7583322459905068e-106)
(0.7960109135932844, 5.982001790786729e-106)
(0.7176493240196401, 3.5484744630506536e-106)
(0.12316583846560528, 1.6957442669124948e-106)
(0.5146965416065883, 4.76684685456034e-106)
(0.9626285983245974, 9.92488696409029e-106)
(0.4709870089749285, 1.5004032271105272e-106)
(0.9827259637541452, 2.0614441002932825e-106)
(0.11443230873766272, 1.5536190139242988e-106)
(0.2842084926332797, 1.6477717690957744e-106)
(0.7036029742786114, 3.482321782092724e-106)
(0.8534655640196455, 1.6348211934145338e-106)
(0.8293929354929966, 5.184610800835519e-106)
(0.17238683098592525, 4.394748003959121e-106)
(0.8816157252804133, 2.770899256387102e-106)
(0.4828282701992888, 1.4750486612730634e-106)
(0.9524233875088598, 2.002037433016093e-106)
(0.1157368891412653, 1.426337362316862e-106)
(0.7156666869460164, 1.6040292034531356e-106)
(0.40787511082106137, 1.5883146940298807e-106)
(0.7065570187975053, 6.667747737296351e-105)
(0.48741051412234315, 2.598931131983333e-106)
(0.647596747669438, 5.002857405749044e-106)
(0.33025559335513915, 4.685199394756432e-106)
(0.6858666793716354, 2.1628369939424043e-106)
(0.49780698927103684, 1.5726712697655209e-106)
(0.6078754299998695, 2.0467915514257672e-106)
(0.9516458774599807, 2.653222895417227e-106)
(0.0645730624471027, 1.8661118708495678e-106)
(0.9883849169141252, 7.062122519590329e-106)
(0.09556671631996451, 3.667834054189815e-106)
(0.3143166187903432, 1.4348150172966105e-106)
(0.143553070632719, 2.040757981412788e-106)
(0.22537680685139447, 5.415171092925915e-106)
(0.027780382553891207, 3.3937534469943423e-106)
(0.7408845839672783, 4.44562635574713e-106)
(0.1084549257027426, 3.349527899440391e-106)
(0.9516374179455956, 1.4109383012531452e-104)
(0.27581975963991645, 1.127123504750576e-105)
(0.5476492988854078, 1.2809255198199458e-106)
(0.23772274334908516, 1.6838828690323201e-106)
(0.45723102561467804, 2.2030236107790817e-106)
(0.19932169575588354, 3.225829453412332e-106)
(0.10877386006565752, 2.4118243056752927e-106)
(0.8027367244623328, 3.2273410090749296e-106)
(0.0679538796637061, 1.405123713961602e-106)
(0.29089343124586037, 3.620652904531117e-106)
(0.23511587521178967, 4.666242536333825e-105)
(0.5454098233744729, 1.4324509766702878e-106)
(0.7007564214944808, 1.5888935356448612e-106)
(0.026498433693171966, 3.411616690390373e-105)
(0.7322589957404819, 1.3127562515636264e-105)
(0.7454127942273682, 1.8092468782257784e-106)
(0.05453364374166381, 1.6447772748762684e-106)
(0.8055092721066822, 1.8888422746244942e-106)
(0.8756847404670556, 1.2470629962912385e-106)
(0.9629395470690632, 1.945963391161145e-105)
(0.6015743688787032, 9.594705636862812e-106)
(0.015371886966849161, 1.9008849787490722e-106)
(0.4614138230115422, 1.6302326035688535e-106)
(0.6021262091342463, 3.0600163902011295e-106)
(0.7450037023316433, 3.8545804560590467e-106)
(0.11059555607498389, 7.063001376084861e-106)
(0.327838572242743, 2.855229186464967e-106)
(0.32036565398588246, 1.7292900523933336e-106)
(0.0922636120724089, 2.493916800934093e-105)
(0.48553815518845805, 3.764506074650097e-105)
(0.9609897516515391, 6.028662565607357e-106)
(0.6524816819311675, 4.536237013415886e-106)
(0.23786271821155502, 2.9771173149950563e-106)
(0.8979433228495018, 1.3632809242784336e-106)
(0.23674979973098434, 5.810986497907639e-106)
(0.17910871615699397, 3.974988912118631e-104)
(0.7155371811843037, 1.3507684708084939e-104)
(0.9473421970136916, 1.9865939586566668e-106)
(0.20071516488990299, 1.1326962080053627e-105)
(0.27412975203948453, 1.3947136082135573e-106)
(0.07485356874551997, 2.7219358956417817e-106)
(0.5552932551762513, 1.395980850326992e-106)
(0.2256109119508204, 1.3750360988426083e-106)
(0.22559872626497218, 2.1211719045635795e-106)
(0.9159909239126077, 1.803793204554584e-106)
(0.904625501491458, 1.3410643149806976e-106)
(0.8818992301690453, 2.0484210492405882e-106)
(0.39637949112620674, 3.805821016755132e-106)
(0.06693711375951214, 2.8699109472848766e-105)
(0.41206530709687356, 2.19704895573061e-106)
(0.9885987812557714, 2.9480994357079266e-106)
(0.20745883215041944, 1.3650814637949973e-106)
(0.19694691692407387, 1.8604058239206204e-106)
(0.0853544268941536, 3.474428469233425e-106)
(0.4237277047942197, 3.079595921425615e-106)
(0.5265008757987731, 2.044720808223789e-106)
(0.9060323825063925, 1.5767335880744515e-106)
(0.9767553072799443, 7.984209214629259e-106)
(0.549780090153891, 2.208563290076904e-106)
(0.6367035127686426, 1.0150227911792206e-105)
(0.9380669722598386, 3.628989154560874e-106)
(0.6730222880784084, 1.6406400079894122e-106)
(0.9590624863913492, 1.406366208906676e-106)
(0.24389722290931176, 1.3685089554623359e-106)
(0.38386014427749, 4.0254389776852183e-106)
(0.254871998497491, 2.9309522277685984e-106)
(0.8940462344092562, 1.2209611806427217e-104)
(0.012299796465489015, 2.59070641525546e-106)
(0.3630547922914176, 3.390033997566496e-106)
(0.035455165032929316, 1.3782603214445432e-106)
(0.9371606255757039, 1.9927963690210145e-106)
(0.9603655314465109, 2.0590219547451544e-106)
(0.220473197865581, 4.598191876583352e-106)
(0.455767217771445, 8.996864770972523e-105)
(0.8693679986757149, 1.673637708653465e-106)
(0.18296457528765245, 1.2292919551813438e-106)
(0.7092417545253207, 1.2916165366915016e-106)
(0.9791690957980986, 1.878201254261447e-106)
(0.9623846264320354, 2.7572163074674993e-106)
(0.8421827004821552, 1.7105667930455773e-106)
(0.048195500229447866, 2.05913606812629e-106)
(0.7492357967644478, 2.6019651055171657e-106)
(0.3787199016522586, 1.3236753283841952e-106)
(0.9569930199207806, 1.3788824397724965e-106)
(0.1811552186674694, 6.115558250168203e-106)
(0.3298627553426067, 5.612282364431312e-106)
(0.814074827643886, 2.7537164993568734e-106)
(0.329554161970016, 1.6121563956862194e-106)
(0.46821952154935825, 2.8932334824172907e-105)
(0.9563496480489646, 3.5769662243730507e-106)
(0.6058251917562364, 1.5321774528218028e-105)
(0.5238099250526275, 5.401571371743698e-106)
(0.6554113301317618, 1.8622599101203082e-106)
(0.8311573628314014, 2.976707163686826e-106)
(0.7333792155145669, 4.188361754670553e-106)
(0.5059679106553392, 2.1500696375998766e-106)
(0.0625323426233143, 1.9730161332479797e-106)
(0.37467318995240634, 2.9430414959220397e-106)
(0.2623672943874353, 2.3963996324442724e-106)
(0.33370496329194355, 2.900908740721463e-106)
(0.7524622026400216, 1.6467951367746405e-106)
(0.4686717280384333, 1.371105266451049e-106)
(0.5394557118163713, 3.1169559442680066e-106)
(0.7353629918332889, 8.614813051816055e-106)
(0.7670137756057, 1.920713011467269e-106)
(0.9297207318385408, 1.8048725910728365e-106)
(0.6030116143052916, 7.451107853185957e-106)
(0.48857680505910156, 4.8346991388485025e-106)
(0.6564318172500403, 2.358714484385426e-106)
(0.9281121339223711, 1.2916908778974438e-106)
(0.7811738155893977, 1.2519982160104293e-106)
(0.4710118781104444, 2.8554072707225206e-106)
(0.396057484564006, 4.4450075682739e-106)
(0.6605441970032226, 2.928326574556281e-106)
(0.21049806975407426, 3.273740231762215e-106)
(0.47842728312062677, 1.881903646095348e-106)
(0.04058728249365899, 5.465253243258837e-106)
(0.3697676538063328, 1.5093642255969758e-106)
(0.9309736608876409, 1.7205331048515905e-106)
(0.8126133456457026, 1.3689606159490404e-106)
(0.02155893562029371, 3.6923995454899277e-106)
(0.46069532864610474, 1.9480162455153875e-106)
(0.9891922891364667, 3.18872988782942e-106)
(0.3915875780042603, 2.567364981091274e-106)
(0.26176489295977184, 2.257895141497996e-106)
(0.9008243335836008, 4.2151638515727344e-106)
(0.2729102146035526, 1.7194227748361033e-106)
(0.7002089714800929, 1.4229812200087146e-106)
(0.26373776237556823, 4.336436506693405e-106)
(0.28626786153977407, 5.774941226332661e-106)
(0.689076546863166, 1.2438989714625974e-106)
(0.9885825559750291, 6.501835416143118e-106)
(0.13987822451593077, 1.995366620921735e-106)
(0.03792771649867657, 3.98700280139628e-106)
(0.027513379880869805, 1.329227821611371e-106)
(0.4291220821761492, 9.750799275453288e-106)
(0.053806984535116474, 4.2134100856440426e-106)
(0.5898722665510908, 1.254069344270073e-106)
(0.3478296403351289, 3.037324172741492e-106)
(0.8399716836218835, 1.6627257659236853e-106)
(0.3821351741802934, 1.5272508100189806e-106)
(0.7003081197386697, 6.034364426629881e-106)
(0.27458792863899684, 3.74896388281997e-106)
(0.5187805856333039, 1.9956508740449615e-106)
(0.8368053775726276, 1.7735130414142608e-106)
(0.16752936843573724, 7.713658031153975e-105)
(0.8925328435422918, 4.620140535678429e-106)
(0.9430653497504783, 2.8912357913492786e-106)
(0.19533943234401185, 5.419639305278822e-106)
(0.5936873185802551, 2.7672553345749686e-106)
(0.8360089449432719, 1.3493982417936472e-106)
(0.0666520080796071, 1.9648661254323724e-106)
(0.19985882017917056, 2.4881612170089596e-105)
(0.7371898638587171, 3.2426853321714477e-106)
(0.8998650473297796, 9.214012291943732e-106)
(0.011830886654311807, 1.5377588329751736e-106)
(0.9929236163138323, 3.726852508165119e-106)
(0.12531217032078568, 5.198099463287101e-106)
(0.9835300864174221, 2.290108727450372e-106)
(0.7191430084542427, 3.268391197800837e-106)
(0.6258862833640974, 2.3875072448703196e-106)
(0.18452603342569188, 1.290203790154164e-106)
(0.734714047218524, 2.7602131747774426e-106)
(0.39118441394844716, 3.275275951082262e-105)
(0.7753736897245591, 3.2218998963168875e-106)
(0.1634322751891477, 1.9767265971678968e-106)
(0.4841291356575096, 3.088316069292748e-106)
(0.3165703237296397, 2.9112922440690926e-105)
(0.6831870915210924, 1.631852504167138e-106)
(0.46821776197444903, 2.4502402907478255e-106)
(0.36662792627349944, 2.6296483324598543e-106)
(0.7735309992116618, 1.6200204311097076e-105)
(0.027239469295735383, 1.5953567394773156e-106)
(0.9111573728661104, 3.064443283614587e-106)
(0.7899626462523844, 2.207380567415629e-106)
(0.024525268646863833, 7.507729164938366e-106)
(0.4801918192033633, 2.53756312227885e-106)
(0.9160353139059044, 1.3659934090072923e-106)
(0.8159138279258213, 1.38175819975997e-105)
(0.18616238258057094, 1.2242610971495244e-106)
(0.360469497510141, 2.533190923443249e-104)
(0.6300913694791399, 2.8848459349256907e-106)
(0.04293967934496504, 7.909107274720719e-106)
(0.22778571734959432, 2.241325225126488e-106)
(0.16538510676410662, 1.9247434015739714e-106)
(0.39889523860314674, 5.34104579282508e-106)
(0.6849868841637109, 1.2266782491214658e-106)
(0.927235139616811, 1.8577086055482567e-106)
(0.35016021568057426, 1.3630826137494204e-106)
(0.6710673775965118, 4.380768649110342e-106)
(0.8939338197752041, 1.5514550870413487e-106)
(0.3602706206840352, 2.089242591073194e-106)
(0.10317876254458298, 2.7706551911714453e-106)
(0.7343041685924984, 2.6287244539273224e-106)
(0.9143293624523451, 4.707704083368791e-106)
(0.45012621498573097, 1.4906588487783073e-105)
(0.11623501264799478, 1.5493908104509898e-105)
(0.5802325913793761, 2.4304512124744795e-106)
(0.5959854059057001, 7.544480656420966e-105)
(0.8210904156511527, 2.194083304404719e-106)
(0.7447152126930487, 3.853179921238953e-106)
(0.39894523203907245, 2.974786351527322e-106)
(0.7851978677329143, 1.2316052429747396e-106)
(0.047247576035905826, 1.350256695737086e-106)
(0.2037182900493654, 1.5555783924374158e-106)
(0.09731539308362422, 1.7831094848320066e-106)
(0.47176919715413207, 3.232077688142051e-106)
(0.3073284090664438, 1.7721008664950963e-106)
(0.27431812690551116, 1.4825402047289932e-106)
(0.1089734862370322, 1.3011611058744582e-106)
(0.35096285441529834, 1.8030705036505701e-106)
(0.28859055176680737, 1.270240442644863e-106)
(0.9957903195772582, 2.1714833907250525e-106)
(0.23931312522990922, 4.733062171786373e-106)
(0.0986263611072768, 1.270943799292374e-106)
(0.2787412042516779, 2.085424851032638e-106)
(0.8374830802839677, 1.5396990679252365e-106)
(0.3131285622434222, 1.6385000979626228e-105)
(0.011024175319985723, 2.642572672759945e-106)
(0.16071420530541158, 2.6888078086794485e-106)
(0.0708764434473732, 1.4827337913495245e-106)
(0.10406475607752032, 9.475904214244834e-106)
(0.7013044252570555, 2.2609517312403316e-106)
(0.9300244487340796, 4.2488763852087594e-106)
(0.6123409213955787, 2.0784027151152641e-106)
(0.6759400151057611, 1.346580653222508e-106)
(0.22852326531498582, 1.2729008764051971e-106)
(0.5126765248982561, 8.30377377597872e-106)
(0.32826018007429736, 2.4518556629526217e-106)
(0.4266147863339555, 1.4465015083554412e-106)
(0.038853464640605406, 5.2396047495625715e-106)
(0.26942123503348164, 1.3876471050729116e-106)
(0.7103568737523558, 1.5317881957662123e-106)
(0.7011904695297752, 1.3742940581057492e-106)
(0.923092160729658, 5.895973871673211e-106)
(0.8934928591345164, 2.7945187804278613e-106)
(0.6321523662154659, 5.902023426414489e-106)
(0.5199877085162886, 1.2450860783314325e-106)
(0.8964080894359636, 1.744252649156971e-106)
(0.8055158876277518, 2.1874720203346172e-105)
(0.3353816231060738, 4.1244795137974816e-106)
(0.026078609960544296, 1.3949096235343836e-106)
(0.5537669707822568, 1.085405765347216e-105)
(0.8019053810146114, 2.709622387204961e-106)
(0.6350161282944526, 1.3045634780538671e-106)
(0.22066403199456616, 1.1039798401769086e-105)
(0.12828330206758376, 4.023387553269989e-105)
(0.30301909498873114, 2.574880553084416e-105)
(0.8995651377728237, 6.8992641295212125e-106)
(0.6852989864064527, 3.598968232525046e-106)
(0.4053594416886882, 2.726742928729793e-106)
(0.5465436751236876, 1.8864141818218572e-106)
(0.33859459116255486, 1.3763106885014162e-106)
(0.4579084169537397, 1.3311147544418573e-106)
(0.820008635472399, 3.875134546102539e-106)
(0.4119157159635154, 2.1536876958071962e-106)
(0.2463620130103677, 1.2282009123884147e-106)
(0.4254650877743642, 1.6746098442711414e-106)
(0.20358253608501917, 3.4382293390085837e-106)
(0.5961264091520265, 1.321281928833595e-106)
(0.5817333348881556, 2.5776678067848827e-106)
(0.8982890489331572, 1.4173252937254354e-106)
(0.28787269609839333, 1.3103807142118303e-106)
(0.3921263300095515, 1.7268843709467815e-106)
(0.25263792403769936, 2.4311907617731553e-106)
(0.9220133274166658, 1.5203276732906171e-105)
(0.5351599662403452, 2.1897383609183926e-106)
(0.07629181323274524, 1.4486113912480963e-106)
(0.37325987701226243, 1.7898891413991078e-106)
(0.2528919685418587, 1.9263256165743217e-106)
(0.5945215669416029, 1.632640912661866e-106)
(0.6432852153536156, 1.6725637564765576e-103)
(0.2954295720667529, 1.0115100612185219e-105)
(0.8089792747891452, 1.3524482048027819e-106)
(0.8654392003717412, 1.4878918558167365e-106)
(0.10037690547040491, 1.4791967343024716e-106)
(0.9979367463768744, 5.137026101226653e-106)
(0.7616993583682519, 1.4858506135905668e-106)
(0.21699461774889084, 4.927913392999057e-106)
(0.16235762078828953, 1.2264563292446336e-106)
(0.05738852856950862, 1.9661125671056958e-106)
(0.9013886841006434, 5.702163204483187e-106)
(0.28794936046312236, 1.4406989973180544e-106)
(0.3536629437396487, 5.164627182774403e-105)
(0.14169146377583006, 1.8756762029344407e-106)
(0.46408926790288896, 2.5659797708318865e-106)
(0.13093832810493816, 5.04768196248469e-105)
(0.28767649626057407, 1.79689092409573e-106)
(0.6404036779251464, 1.3091433901674152e-106)
(0.8073288063181054, 5.593776817712973e-106)
(0.9577575526326119, 3.391038640362917e-106)
(0.6917823278681728, 1.674982254761181e-106)
(0.5060981434181067, 6.726514970260574e-106)
(0.9715656071061202, 1.9320405031878277e-106)
(0.9172358211390121, 1.7710421509865149e-106)
(0.6711007385347998, 3.2412074960435326e-106)
(0.7675559013629089, 1.2926848856820092e-106)
(0.8550101790549316, 2.926393179332566e-106)
(0.1808567147024078, 3.4527739747803376e-106)
(0.5868907838390883, 3.2546136266145405e-106)
(0.48502638980688617, 2.392235420646212e-106)
(0.6453988081991376, 2.502001365761828e-106)
(0.5595883084437867, 2.413681234986973e-106)
(0.3678631738369821, 1.311638781025331e-106)
(0.8879849859972171, 3.589431991003954e-106)
(0.5937539418067779, 1.5835073184598395e-106)
(0.9420716552422652, 1.3676415856608873e-105)
(0.3233741654154608, 8.203849054016811e-106)
(0.7517161920582496, 3.177432531776018e-106)
(0.04981130447700054, 1.4195013777456537e-106)
(0.39088047461222414, 1.463507536685371e-106)
(0.1547235879025534, 1.5034278202032327e-106)
(0.405427466739239, 2.2657665578618644e-106)
(0.47040451494314034, 1.8049558487171006e-106)
(0.7198861178578144, 1.3002633966960695e-106)
(0.9793201768544696, 2.0518829714293063e-106)
(0.059702400107442065, 6.159435521127179e-106)
(0.7868012493939545, 1.2594107060832428e-106)
(0.5053769455195166, 5.401633664938382e-106)
(0.9061519369447655, 4.380312379101832e-106)
(0.7007210300811226, 1.2276632630253502e-106)
(0.5982403129153685, 5.941496600665271e-106)
(0.2759054844788379, 3.075020293303823e-105)
(0.7191052480343799, 1.709415542436451e-106)
(0.42584649820373965, 6.476830136405107e-106)
(0.48741639769176276, 1.5383118018538374e-106)
(0.5451960142772666, 9.486731010529068e-105)
(0.5712510675814532, 1.2455491944419263e-105)
(0.43107377545104875, 1.942687190176524e-106)
(0.45313216090515734, 1.2642472263017645e-106)
(0.4965795099227086, 3.0995700197995017e-106)
(0.3117435350108119, 2.7925453382019625e-106)
(0.7670259143556671, 1.6482019313038637e-106)
(0.37488667466024145, 1.5517589561664924e-105)
(0.9172584533335456, 3.986146316912393e-105)
(0.35327397797045085, 1.8111630837431215e-106)
(0.15177301065783755, 1.5113567773534883e-106)
(0.5178737217949353, 2.600934728852372e-106)
(0.5937197446056193, 1.7934723998721564e-106)
(0.9409735441635362, 1.4702768075640135e-105)
(0.278388082774291, 6.348641836195314e-106)
(0.9754752488398775, 1.4230317228007156e-106)
(0.8613057708257182, 1.5906274070161887e-106)
(0.3781489638793267, 1.4061498600875865e-106)
(0.19187602381421956, 4.295336122350578e-106)
(0.9403029517187367, 1.3654363799400742e-105)
(0.41581985706108837, 3.9334518335668987e-106)
(0.8108985259754132, 3.0042051908292205e-106)
(0.7121205188018712, 4.138257262008971e-106)
(0.13946053767544184, 1.3852603239924152e-106)
(0.23682454540521794, 1.0710660602089478e-105)
(0.149304596057503, 1.970280688434668e-106)
(0.8477869024279688, 1.4010243005714413e-106)
(0.13893213319382497, 1.5154054569386776e-106)
(0.2478045574471814, 4.656398806609539e-106)
(0.9284490347448777, 2.7054099436335646e-106)
(0.9527183911379943, 1.7799780671948584e-106)
(0.38692807404960733, 1.2933595545409724e-106)
(0.5066953984893555, 2.968921979388876e-106)
(0.1278095344331251, 2.0527727811003234e-106)
(0.5211470028190485, 2.42862294235369e-106)
(0.9573212693585826, 2.1166587468959188e-106)
(0.03700436187147387, 1.555790571388435e-106)
(0.9550880597736163, 6.338853244451713e-106)
(0.1765037118145455, 1.4867342765188437e-106)
(0.8463080332758051, 2.639169296131308e-106)
(0.6225628518325661, 2.3029854705020944e-106)
(0.014793078900112118, 3.0982729426305736e-106)
(0.7625540722822157, 2.476804055682421e-106)
(0.35268923620398923, 1.5423092569915164e-106)
(0.36898232695502287, 3.510038667551506e-106)
(0.0923965670233696, 1.6819662272586015e-106)
(0.3850214243441791, 1.413129293147397e-106)
(0.3175748285072496, 4.955897061719884e-106)
(0.14290885797922817, 2.160206912948519e-106)
(0.13331156308555903, 3.1145831074747047e-106)
(0.5866290630075576, 6.148512247304588e-106)
(0.8945949090981147, 1.2299182991846295e-106)
(0.1125770184619656, 1.0984041472232548e-105)
(0.6392967384900015, 6.692272573169588e-105)
(0.6786625549998514, 2.9798623438729084e-106)
(0.9373505026254566, 3.6035602428569554e-106)
(0.7240181639143962, 2.2708665089165883e-106)
(0.8709486586020202, 3.732944813321643e-106)
(0.5530249552503338, 2.3951869569193766e-106)
(0.11324204001311654, 1.31974810084433e-106)
(0.20160126126257116, 4.623521339607666e-106)
(0.007231684593842694, 1.2293498326796899e-106)
(0.9701061878578362, 2.0547274314545067e-106)
(0.9237886122093054, 1.406524006363962e-104)
(0.7043045751491407, 1.9368304938030206e-106)
(0.9569832714965754, 2.1328127476495e-106)
(0.7707013305014995, 2.324250927745796e-106)
(0.591784046947755, 2.1531621758313676e-106)
(0.40261927289922994, 3.700391365314731e-106)
(0.8779404032698972, 8.373959806021479e-106)
(0.3129565995008349, 3.234750358125812e-106)
(0.0242717408784127, 2.4295422746273495e-106)
(0.2952888424258342, 1.1838798418530328e-105)
(0.23318450861156934, 1.2718792643865385e-105)
(0.25828842436748045, 3.134761614400178e-106)
(0.7723385483733036, 1.5143535332516006e-106)
(0.2236144143282193, 1.4145335970808096e-106)
(0.6920596665242454, 1.4313250332739337e-106)
(0.7864021637882531, 5.741082177785715e-106)
(0.5411127051457716, 9.260072231009411e-106)
(0.5619318542277403, 3.7741616333463006e-106)
(0.28330334135582547, 5.940736378276646e-106)
(0.17929872278550818, 5.679517032833951e-106)
(0.935730269984882, 2.744702563650705e-106)
(0.598601695492876, 1.6617867861479466e-106)
(0.7473434677991606, 8.889641490146694e-106)
(0.24894302430728213, 2.1739497362289398e-106)
(0.41288504750598876, 3.5617764411712743e-106)
(0.49854506222337963, 1.268467229871517e-105)
(0.9171400062915216, 1.0193732185446638e-104)
(0.2020152141131883, 2.173614467569474e-106)
(0.13734342009543538, 1.2552329644090386e-106)
(0.9449489115856632, 1.9357833176962004e-106)
(0.8760861303852916, 2.5170891272448386e-106)
(0.7744412456637614, 2.2959228905451984e-106)
(0.6676782569436629, 1.2930671468678701e-106)
(0.48239872384332194, 2.070437217308301e-105)
(0.7767145501737217, 1.3125624698663136e-106)
(0.535964528174002, 2.212170285685374e-106)
(0.511987030095873, 2.8439788703398987e-106)
(0.2718824154594908, 2.379118103536972e-106)
(0.39674840010568324, 1.0037752246569136e-105)
(0.5734769704014356, 3.182840143110176e-106)
(0.2741419956300284, 1.7143465792255206e-106)
(0.2679301414957728, 3.844568729228552e-106)
(0.1533331315059444, 2.292440055856543e-105)
(0.6650800196353324, 9.455293942119605e-106)
(0.8804411826308708, 6.111504377822727e-106)
(0.9460113020713632, 2.7872866678688292e-106)
(0.19223336712697225, 2.7184484810680734e-104)
(0.028354524800965973, 1.879956156248117e-106)
(0.10187753843169423, 3.071170768518308e-106)
(0.6573326351971799, 1.3055251488619128e-106)
(0.35949130509535887, 1.7875955337658593e-106)
(0.6932650323971348, 1.2804373062236476e-106)
(0.8215330927407922, 2.223270339474682e-106)
(0.8260981266439936, 2.707150849674133e-106)
(0.01674508483040771, 2.575432158468195e-106)
(0.9333823170504342, 1.2703998701776977e-106)
(0.9464694601372915, 5.228643021435508e-106)
(0.10391194314176364, 4.1303142007221963e-106)
(0.5689918178413189, 2.1913025939334765e-106)
(0.6537053995316117, 1.5920914831341198e-106)
(0.9055582259923677, 1.3179244503822065e-106)
(0.02506067487081961, 2.0480571694017895e-106)
(0.2507475227545916, 1.9661030508136713e-106)
(0.9815859772946082, 5.958167297996667e-106)
(0.6860477435174653, 1.5595261928785354e-106)
(0.24444459530429438, 8.600103330572624e-106)
(0.18188588382470858, 5.151089541497334e-106)
(0.2854490391808947, 5.249129533103683e-106)
(0.5200749628853518, 2.8289503117488195e-106)
(0.5049517879243498, 6.2713183832819155e-106)
(0.7685898995899253, 1.3901927269642012e-106)
(0.2235232971200297, 1.9556724268743235e-106)
(0.5893699977798862, 1.5119375699325302e-105)
(0.2832092340815996, 1.5747102247676533e-106)
(0.03473679908781197, 1.2199678187038155e-106)
(0.5036054270773334, 4.3436860763194695e-106)
(0.36417195300023397, 2.92472650632684e-106)
(0.8924188634888426, 2.8402183848127887e-106)
(0.34570671432482347, 1.419730925192565e-106)
(0.05009849088378626, 1.2933724146428341e-105)
(0.8933491996255029, 1.3623899541542513e-106)
(0.6779272715782142, 2.8334171779384146e-106)
(0.3713003706378596, 3.905216335871899e-106)
(0.7903338798135706, 1.9722950379974337e-103)
(0.39208295010476796, 3.024122615932947e-106)
(0.8030903208045305, 1.9583989419918406e-106)
(0.8908873424845983, 1.5286119414790182e-106)
(0.23313890385866415, 3.0202478070513775e-106)
(0.4983463887669834, 1.491817543419805e-106)
(0.4897106709532525, 2.911515601022298e-106)
(0.9724196831074551, 1.7306921333494054e-106)
(0.03492448210417916, 3.1182807693879377e-106)
(0.8398696292794217, 1.5616256104309435e-106)
(0.14362909103528795, 1.1353583831442495e-105)
(0.9476480064412296, 1.3064527458396037e-106)
(0.6544458972510553, 1.5133684044731535e-106)
(0.11470737460245488, 1.9000656872887666e-106)
(0.38276877601687836, 1.5192603934943283e-106)
(0.44356304580743033, 1.8005787072862643e-106)
(0.2745496947352852, 3.091658856835756e-106)
(0.6757466045773255, 2.8036023655097837e-106)
(0.38072262093968323, 1.384966824199968e-105)
(0.27752828118253964, 1.9842816953622294e-106)
(0.46308876820138667, 3.0095854859099218e-106)
(0.2897468085007645, 1.3894122850679877e-106)
(0.01744588736178421, 1.5233685702556648e-106)
(0.6275226089494663, 4.422835019828608e-105)
(0.18558857840769288, 1.7413457686285072e-106)
(0.7560332797050149, 6.688679082974347e-106)
(0.5676420617386487, 1.9330543377830183e-106)
(0.5653199068031844, 5.226258185180354e-106)
(0.8697780901663265, 1.1111901327863535e-105)
(0.7008592626357378, 2.721672184617259e-106)
(0.5968397020762349, 1.7230768993604885e-105)
(0.9716194515638445, 5.823205557289857e-106)
(0.22862659138965252, 5.080226687069841e-106)
(0.8920329963958182, 1.844832404754605e-106)
(0.8409585799779764, 9.840027047011518e-106)
(0.6747452046259176, 7.040729258766522e-106)
(0.040669994288585205, 6.868081349876124e-106)
(0.751016237374934, 6.971719037412316e-106)
(0.8831154985126107, 1.6141392565003006e-105)
(0.41391050784774513, 3.3096351896345545e-105)
(0.49660718959433964, 5.924298062414995e-106)
(0.28449411056116575, 1.4628515574020936e-106)
(0.171577572462208, 1.3523039830374694e-106)
(0.6225721539480351, 3.0722513758437183e-106)
(0.34973601938694093, 5.948109703383517e-105)
(0.06529730828234337, 1.9926966078515657e-106)
(0.3531716068071942, 5.018931219631888e-106)
(0.12749900987184107, 1.926471495278744e-106)
(0.3590721160575155, 1.6661417478625072e-106)
(0.8984104849324361, 9.07161883500012e-106)
(0.8865686405051217, 1.776367996078306e-106)
(0.6470180737123943, 1.7892896955298575e-106)
(0.40765082370436945, 5.1914143848565675e-106)
(0.5142582206294248, 1.8788735313354654e-106)
(0.8686896614485771, 1.8517667865086077e-106)
(0.7712544943011923, 2.1218040409244687e-106)
(0.36921281695916847, 2.0787700324440528e-106)
(0.5846799678695617, 1.5314188620929004e-106)
(0.056306288245146975, 1.4112684641528926e-106)
(0.21690073726826728, 4.579112303682709e-106)
(0.49509331594112027, 1.862419085861683e-106)
(0.7652840655927555, 2.941756068178345e-106)
(0.47209573146122713, 1.673882685644744e-106)
(0.645639456257789, 3.618003813181299e-106)
(0.8960639905618407, 1.2601643547494095e-106)
(0.40577540776190324, 2.2061266592305106e-106)
(0.8801637240230111, 3.212961193174144e-106)
(0.5816641756528362, 2.169929183590935e-106)
(0.3486715548207761, 1.472910388350505e-106)
(0.8782035163930234, 2.750369235757808e-106)
(0.5448255011083046, 6.183128102377768e-106)
(0.8372846997017632, 6.650946722691897e-106)
(0.3211493400863076, 1.589810516418511e-106)
(0.3380951961527373, 2.5188448654967385e-106)
(0.7666746516740277, 2.0881051027959215e-106)
(0.2771399553167719, 5.8730690068676585e-106)
(0.18501207606645675, 4.421038591849342e-106)
(0.5544132261285298, 2.520976966407846e-106)
(0.5491786109891661, 6.220110962946557e-106)
(0.2766395618540997, 1.4723945024944658e-106)
(0.45142497798556086, 1.2799950426190694e-106)
(0.18384988861561238, 1.3586625037809292e-105)
(0.33307559924107044, 1.7018960528340637e-106)
(0.25213719049655586, 7.658804381426529e-106)
(0.03366248972973834, 3.315788791253445e-106)
(0.01808926325519333, 4.286893019666681e-106)
(0.7811496579367686, 1.8191698576826907e-105)
(0.9187277704248366, 1.805881825854004e-106)
(0.7961410212047361, 1.3043938315742255e-106)
(0.43274551609056794, 1.5580095702328718e-106)
(0.41350091929572275, 3.337736102407571e-106)
(0.4221238873510432, 1.5643277615234537e-105)
(0.9218631958290107, 1.846241095820699e-106)
(0.9869701088726471, 4.337395541508042e-106)
(0.3664430281135472, 2.395134738882922e-106)
(0.3193467383906053, 2.4421346772576902e-106)
(0.6966338892933971, 1.3232715953785653e-106)
(0.8446919790572938, 1.491575945350554e-106)
(0.26286868510841044, 1.4602410528075536e-106)
(0.4827292958610876, 2.184453709440867e-106)
(0.3152626917308507, 1.6717166663230828e-106)
(0.024776600443621104, 2.1454662583623227e-106)
(0.2834148187278118, 3.5133468773654077e-106)
(0.4441742762586172, 1.3150164827298943e-106)
(0.9274524763869371, 1.0888712003329827e-104)
(0.937769823793183, 1.36363372053474e-106)
(0.14384948030841022, 1.5947257651209485e-106)
(0.2760872268250254, 2.518395574800484e-106)
(0.2367035467865146, 1.4410174933108873e-106)
(0.8899544048618188, 2.157910077204227e-105)
(0.8451105377486342, 2.3831373800939477e-106)
(0.7961180704092322, 4.938489017540927e-106)
(0.5440660513561185, 1.2870683854738046e-106)
(0.09877703210875076, 4.794866239553695e-105)
(0.9937422190591858, 2.3325776931825036e-106)
(0.138509717814261, 2.8349003065531166e-106)
(0.6679659444139894, 6.823166130055453e-106)
(0.2648802819121873, 1.8744737125583936e-106)
(0.6833987905965664, 1.7966612812299643e-106)
(0.9176440581239006, 2.109828605960965e-106)
(0.5581728070970203, 2.240193542828034e-106)
(0.8855448640209184, 1.3217707994041565e-106)
(0.7642709613666023, 3.3221599768197194e-106)
(0.6550799501252121, 1.376135525755905e-106)
(0.4736829601591169, 1.9250971618241865e-106)
(0.9516662196568892, 5.829513165149761e-106)
(0.697107281590156, 2.308768189788762e-106)
(0.6765773293413817, 1.27752895130153e-105)
(0.2740585749061544, 2.598560658390252e-106)
(0.2042631495497471, 1.700500406576992e-106)
(0.07850655241708618, 1.1516452082231752e-105)
(0.38127021660719734, 1.3982897178741845e-106)
(0.70123329581985, 3.4754012751128104e-106)
(0.26534771371988514, 1.3432482686692827e-106)
(0.21784561647269068, 1.6476933345098715e-106)
(0.701066224936368, 1.544072898457658e-106)
(0.18315466325703103, 1.249155534953846e-106)
(0.4636063393601561, 1.4703174176961508e-106)
(0.6051812210888612, 2.6842751602899566e-106)
(0.17590075857298673, 2.7574740340384883e-106)
(0.5746639551285635, 2.0491085711751525e-105)
(0.5148344586937657, 3.8398144447018344e-106)
(0.1940155633530905, 6.6839683320311e-106)
(0.2771627770695918, 1.7912012251498342e-106)
(0.7574365600714967, 8.792736182315035e-105)
(0.0959341343264171, 1.6032705517870617e-106)
(0.04062761691520678, 4.534056654569182e-106)
(0.9962873215059775, 1.906177169443784e-106)
(0.19050268997879952, 2.5578332167407405e-106)
(0.44472014290878853, 2.726946244808742e-106)
(0.26724494076212996, 4.2562174696600613e-106)
(0.9127201132540355, 3.317639084066674e-106)
(0.3079982855743996, 2.83821701043152e-105)
(0.39766461803479053, 4.899883245040941e-105)
(0.7416856611485478, 1.2956107121452097e-105)
(0.6933907504747159, 8.369433468998528e-106)
(0.28065342938766674, 4.7641664509358985e-105)
(0.4666154130045777, 1.2252752777566928e-106)
(0.9771370485945253, 3.492867830570658e-105)
(0.024385576103035246, 7.667801377647128e-106)
(0.980545588590893, 2.7502418414634306e-106)
(0.19984487370592335, 2.3617562961879417e-106)
(0.13074822884518492, 2.3910611219817724e-106)
(0.004594346522320598, 1.4221521726904414e-106)
(0.09162050638212534, 8.010846669044954e-106)
(0.6358889845727034, 1.8177562134028236e-106)
(0.4463021630004646, 7.233279195118695e-106)
(0.9363139188018804, 2.9022524339662973e-106)
(0.580662082083266, 2.69591893631072e-105)
(0.9938740065682793, 1.3808687549682036e-106)
(0.5169873845020756, 1.9217751272109788e-106)
(0.27411110744613615, 2.374383438368708e-105)
(0.0916092111831835, 4.0474330958673796e-105)
(0.6272086366701751, 1.7527314836580692e-106)
(0.2531302042564005, 3.813926073754333e-106)
(0.8882854711532164, 5.6914486329096805e-106)
(0.9687769713271511, 1.8777132814762764e-106)
(0.2822196312461007, 1.402523463408644e-106)
(0.3707915434662711, 1.5308102687531807e-106)
(0.1451651127257388, 3.5130446335718502e-106)
(0.4844345857968632, 3.0773859435410887e-106)
(0.4667068061798363, 1.3378794951314734e-106)
(0.08290948681137827, 4.1617441926354837e-106)
(0.19516496341055628, 2.0386081128805384e-106)
(0.613973305673257, 1.644380240131324e-106)
(0.10898222050809796, 1.4896287092567798e-106)
(0.12662922727276704, 1.6026068882883208e-106)
(0.010751041570306848, 2.8044869472573804e-105)
(0.6729216935167538, 5.130152191735584e-106)
(0.06923123142398041, 1.3522717774944834e-106)
(0.9119089651366665, 1.3444677587629096e-106)
(0.3575968159103021, 1.9061010425605022e-106)
(0.12060444581523921, 1.957913940592651e-106)
(0.017270968619214577, 5.748879559890056e-106)
(0.058877403260545656, 1.585301535869174e-106)
(0.28739216251217314, 2.279729039605619e-106)
(0.6653281975419876, 1.7364826110192333e-106)
(0.7033200634296025, 2.232224172291691e-105)
(0.6215009007794297, 3.07406063681811e-106)
(0.6180188305364901, 5.202329259493754e-106)
(0.021426842274000643, 1.3713116363435573e-106)
(0.6056555991542997, 5.565786851526933e-106)
(0.8465369653494689, 1.6060634253086007e-106)
(0.6492559701610553, 2.283962099474413e-106)
(0.8057969548617238, 7.495476109009922e-105)
(0.49951865344151086, 3.0887935791598074e-106)
(0.43254458474138296, 1.2977683348179931e-106)
(0.1585163530745273, 1.3267092573724678e-106)
(0.45440002520784245, 4.0893776324213517e-106)
(0.742936238016999, 4.4619903735846995e-106)
(0.3260909041365639, 7.531522313714449e-106)
(0.26610416801801423, 1.2310644389989523e-106)
(0.886338076716453, 7.139605173012136e-106)
(0.9039081741291888, 2.3651936308946984e-106)
(0.05125996622920777, 2.4780620961099834e-106)
(0.3831195065359394, 3.8435241135735053e-106)
(0.0971492097931863, 1.5262240807546552e-106)
(0.01199190468685428, 2.264908237423898e-106)
(0.9951784052405419, 3.3606644227810742e-106)
(0.6192985540370175, 2.0277533292372052e-106)
(0.36056631957193547, 3.0662573566358054e-106)
(0.4514840691417153, 1.6736627850266397e-106)
(0.3387133008303271, 2.0124780847951299e-106)
(0.4746094809858089, 4.967109073702483e-106)
(0.37260498875374254, 1.880147192610043e-106)
(0.38571695666692374, 2.0660477499936642e-106)
(0.8425466839968293, 2.9503612973187996e-106)
(0.804680694301696, 1.4136451680040963e-106)
(0.37422567352701014, 5.277602644942992e-106)
(0.3182267309078049, 1.6514017652208011e-106)
(0.3586889295607704, 1.491847584355863e-106)
(0.5667742127663937, 2.339141952904325e-106)
(0.8329392297918918, 2.1184183023403087e-106)
(0.05819297000930823, 1.989511806067777e-106)
(0.8122273792901047, 3.271453708385036e-106)
(0.07907137625892478, 3.0659353468424896e-106)
(0.504710005870891, 1.7387454136966586e-106)
(0.7422060062608526, 7.943247270815735e-106)
(0.9494666023593968, 2.1584950749336632e-106)
(0.5688195817815703, 1.9450585957449783e-106)
(0.7538421949269523, 2.078300761763527e-105)
(0.9826885625596854, 1.6683041723446818e-106)
(0.2853246526661418, 1.8693247485771702e-106)
(0.009095370729620406, 2.9124753232032894e-106)
(0.2577803545885935, 3.9092186788761634e-106)
(0.6004623476601214, 1.4953547978576488e-106)
(0.5074989705660452, 7.94296057694939e-106)
(0.49864861260217747, 2.870968948777017e-106)
(0.5657633117454778, 1.7868443070561045e-106)
(0.7226086684198701, 5.319250064734952e-106)
(0.9692951328526359, 3.1978438542346094e-106)
(0.4559123455524729, 1.3022617187060926e-106)
(0.30622615819573806, 4.619273190389941e-106)
(0.9743183091639998, 2.0423827542617298e-106)
(0.9772869024045994, 4.458835333664836e-106)
(0.09322564439420856, 1.5704391149076038e-105)
(0.4203708233159041, 2.283090699630284e-106)
(0.8927962654220699, 2.8259773614659903e-105)
(0.4156197804044979, 1.9350441131207996e-105)
(0.1896074191426442, 1.8181351899476909e-106)
(0.26968803727467916, 1.6078145473289513e-106)
(0.05340954405915348, 1.6133712121597043e-106)
(0.3114077623967748, 1.2061154902257895e-105)
(0.7069728669611524, 1.2312605824902949e-106)
(0.2506977098279423, 2.774859647080904e-106)
(0.7113636622635563, 4.2188125430041017e-106)
(0.7465648911777684, 1.8021248159751701e-106)
(0.7168802773523543, 1.55725373466093e-106)
(0.8168680949650259, 7.425565034931828e-106)
(0.4027814120301258, 4.393943955520337e-106)
(0.034672630147419344, 1.3107335334799033e-106)
(0.5666781829031446, 1.610072202089178e-106)
(0.5905810547185363, 1.5055513289788024e-106)
(0.6724548113514989, 1.0625850915482077e-105)
(0.10939773753355231, 3.816845010646122e-106)
(0.8855546564182665, 2.839431916772556e-106)
(0.7207929591868859, 1.909625930037546e-106)
(0.23117376095741873, 3.4476649052428737e-106)
(0.05990938379110496, 2.998089620763147e-106)
(0.18094040250044582, 2.8487144456146894e-105)
(0.9748307730201273, 1.744104792110282e-106)
(0.3869436939214662, 1.535399366327028e-106)
(0.7013338539476935, 1.994023135535732e-106)
(0.2799284044489499, 1.4202329332790309e-105)
(0.3981875874223729, 3.071056511255382e-106)
(0.021679964068733987, 3.5877549406187132e-106)
(0.8352615158838681, 2.8165923781517785e-105)
(0.7267473718229285, 1.3732061254573045e-106)
(0.7019352596035253, 7.687552668825837e-106)
(0.28289023033601934, 2.791733781840159e-106)
(0.5239243111055993, 1.23040667848867e-106)
(0.3737443205218755, 2.547593432033236e-106)
(0.4709562347186105, 4.780367971838087e-106)
(0.5884053328561296, 2.934616854665747e-106)
(0.5354477329062194, 2.05424132418697e-105)
(0.8629105404541291, 2.1502769566151888e-106)
(0.7306045223803018, 1.4125173681811583e-106)
(0.8283693759180233, 1.2454856919071294e-105)
(0.3105681210931627, 1.8758423146235937e-106)
(0.7381867275466716, 1.970657679142601e-104)
(0.563133815215779, 1.2203966618298326e-105)
(0.908480279119643, 7.420225253535712e-106)
(0.11920301407541167, 9.860693697662537e-106)
(0.7675706572119453, 1.7534393480296148e-106)
(0.06394587352028333, 1.1237482692489523e-105)
(0.31904859961548526, 6.175584283302154e-106)
(0.6005488146200522, 1.789349372826159e-105)
(0.7388665176257712, 1.856296324476842e-106)
(0.5296703060247829, 8.572627493918376e-106)
(0.21752916632873096, 2.0105412286221465e-106)
(0.7996442382653233, 2.7093620236922466e-106)
(0.34344122853388326, 5.59867520497622e-106)
(0.18804253730100723, 7.275205107785759e-106)
(0.15804844433751788, 1.8258940671733175e-106)
(0.003362070947866914, 1.628748441242732e-106)
(0.36964359478107933, 6.265163956870475e-105)
(0.8594567391088075, 3.556404774488203e-106)
(0.23859624943818206, 2.2230469469762995e-106)
(0.06037935205231058, 3.962446484179432e-106)
(0.6151181571188945, 2.9240272209826756e-106)
(0.8705003072970302, 8.376679048045807e-106)
(0.12743916559007842, 2.53627168162165e-105)
(0.8030361261507668, 1.2581507185194782e-105)
(0.3341283062898332, 1.465510089309798e-106)
(0.8815051714284738, 1.0247850373325015e-105)
(0.40368836593441787, 2.01990362309295e-106)
(0.1608196492330739, 3.5286923515179546e-106)
(0.17603310231505637, 1.6632424215549728e-106)
(0.38878625104939296, 1.425435763638391e-106)
(0.2920289006524068, 2.1644031017033593e-106)
(0.19539207941068457, 2.2831860481918242e-106)
(0.57084491855904, 1.4475523557883695e-106)
(0.5210580684421529, 3.624305410716086e-105)
(0.6247625834825832, 1.6173270989931446e-106)
(0.3132646998529051, 7.472197627848625e-106)
(0.6882576189380637, 9.026599808553137e-106)
(0.7808269846430113, 2.0583785490504738e-106)
(0.8793405189030931, 5.799283513635579e-106)
(0.09360012922275394, 8.030092346136348e-106)
(0.63835453962257, 2.3262048198174023e-106)
(0.338498603643, 6.403143463416752e-106)
(0.5751856957432376, 7.945711918066177e-106)
(0.9010177743230606, 1.3397378341724982e-106)
(0.45178233941208235, 1.74706962999931e-106)
(0.7123463716212098, 3.3513451061334054e-106)
(0.31487475030277806, 2.041212377523486e-106)
(0.9681556564358087, 3.6491675203575393e-106)
(0.7436131172447759, 1.4383837607129053e-106)
(0.5971269541869763, 7.002169224159737e-106)
(0.439414841391638, 1.9949691230867506e-106)
(0.6517942344976355, 1.0663561239794447e-105)
(0.5504534519376632, 5.602397005629777e-106)
(0.7213419413939051, 9.826431545350561e-106)
(0.5662290839698132, 3.983016827755618e-106)
(0.4549680876993375, 4.804142501689692e-106)
(0.32264047039613314, 3.3487526801931413e-106)
(0.4060483693933983, 2.7428279519350136e-105)
(0.1829829819136724, 2.7968826214501444e-106)
(0.9772077945984863, 2.794252390926667e-106)
(0.920029222875898, 2.826141504762031e-105)
(0.9677832323703487, 3.0451003300745503e-106)
(0.46655028240689694, 2.1580871216162078e-106)
(0.23211889703729818, 4.753978655444496e-105)
(0.9190644696672853, 4.129720840586473e-105)
(0.8313752107081775, 1.5816439243247724e-106)
(0.8477125160013207, 9.865307556897387e-105)
(0.9730738855888431, 1.529135913591194e-106)
(0.47968499996523734, 5.1589063971286735e-106)
(0.08821975726807345, 2.1540450868168426e-106)
(0.5578316237949604, 1.2697073102706425e-106)
(0.7424686808123812, 1.365185299544592e-106)
(0.9054735666995553, 7.861034337956292e-105)
(0.07885967579093892, 1.9233499962661396e-105)
(0.15941458747874504, 3.1903655714448464e-106)
(0.34593081206266924, 4.0534141935064077e-106)
(0.5475107599233039, 4.747847051728685e-106)
(0.2763352182148446, 2.341827562697824e-105)
(0.8635314730101135, 2.3224921533014356e-105)
(0.314313367787372, 4.2735119092737465e-106)
(0.7851504396928451, 4.949604918396098e-106)
(0.7926369412200059, 1.3521545120733992e-105)
(0.011263685959313631, 1.6510917674973595e-106)
(0.9116130245818719, 1.2541846460762726e-106)
(0.9546320104066803, 1.3473414665976485e-106)
(0.39270663352968516, 4.931838448260854e-106)
(0.07390267955550901, 2.8796931381343146e-105)
(0.7145772322135542, 2.606108518877395e-106)
(0.8465010138620396, 3.069073803373513e-106)
(0.8878276782523172, 2.577465953237078e-105)
(0.0861458762547708, 2.5825051864303203e-106)
(0.2567800483727215, 1.6648628085425288e-106)
(0.6353015182978661, 2.530880923358419e-106)
(0.20016414142399858, 2.83491474162388e-104)
(0.9987889881877833, 1.8167037566026793e-106)
(0.7767203811710849, 2.7360469247984936e-106)
(0.11432639761803497, 2.3258592470910532e-106)
(0.8268045455732081, 1.5349888242392583e-106)
(0.9136103092411759, 2.052833133663078e-106)
(0.32505815006850985, 1.2307097490400644e-106)
(0.7008298150428498, 1.8357956888817868e-106)
(0.9705989994369584, 3.585703463377436e-105)
(0.1379189604612396, 1.4798428421686865e-106)
(0.07244489224376763, 6.793286893328331e-105)
(0.5850647497628609, 2.352107547816982e-104)
(0.5414507123607886, 1.7764896845030724e-106)
(0.8847082821541392, 1.6529025950967293e-105)
(0.6734416490385202, 1.4105030683107303e-106)
(0.32867428531870174, 1.5240891706886104e-106)
(0.6753415713468872, 3.433137465462899e-106)
(0.056896716396164046, 1.2623895598960052e-106)
(0.07774841374669499, 1.0964677310990511e-105)
(0.5705708844479945, 1.371320097652447e-106)
(0.08620730036196224, 1.3086690314009351e-106)
(0.9265450453238312, 1.7364591969358237e-106)
(0.5528520403040499, 2.1700830994010293e-106)
(0.9949177259206297, 3.3007513602966937e-106)
(0.8097361459108469, 2.2169166617348547e-106)
(0.6226324372660751, 1.696096157596257e-106)
(0.9280684411736183, 8.949441165283243e-106)
(0.08881365631168052, 9.621410523843323e-106)
(0.18301568403911683, 4.6054981926859344e-105)
(0.8077315911262958, 3.5650394712048075e-106)
(0.2291384883219076, 1.7203549128625378e-106)
(0.7295269235028785, 1.399749242072805e-106)
(0.49316799869107486, 4.67703696477154e-106)
(0.9124870976486986, 1.7271037910779676e-106)
(0.0006937899649912511, 3.082976567653581e-106)
(0.5278311704281212, 3.632450946061144e-106)
(0.44703217901001047, 9.699005847972463e-106)
(0.681071234993659, 1.4004131336995193e-106)
(0.8649741970768111, 2.271785215957938e-106)
(0.6097743938873906, 1.5309967682257717e-106)
(0.3737047305407161, 2.5930708978924047e-106)
(0.10397673343746866, 2.0539772312367911e-106)
(0.012637168126961853, 1.6745968273773085e-106)
(0.700948561849088, 7.946852435607704e-106)
(0.3803629459137145, 5.56775849627807e-106)
(0.386417725707445, 1.9420880636157642e-106)
(0.25667184357633327, 1.8677810949347482e-106)
(0.7063749535717561, 8.932387647132376e-106)
(0.8711246768861995, 1.3155520672786376e-106)
(0.2025522804412694, 1.3107100302908497e-106)
(0.3244761980466078, 1.9168960313672124e-106)
(0.6511465753288617, 3.150277534425351e-104)
(0.21414788688764813, 2.0177679319270569e-106)
(0.25112118749994006, 2.508542660308636e-106)
(0.6265742301951841, 2.221414428402471e-106)
(0.2007813284840655, 1.7992215153126659e-106)
(0.9325068217483726, 1.3831616814821683e-106)
(0.20626790661803837, 1.3668314342449613e-103)
(0.748350528125287, 1.9397117009720048e-106)
(0.4321210319131333, 1.2540518031505718e-106)
(0.8016012308445218, 3.000233906012677e-106)
(0.5520542065819555, 1.850687319925434e-106)
(0.7952058784972182, 2.2330247097791226e-106)
(0.03654531083860946, 5.090076915286626e-106)
(0.41337841946733234, 3.131682680586448e-106)
(0.17053624367788467, 2.2501912688892454e-106)
(0.852325319932014, 1.3270610377745154e-106)
(0.4249583541766096, 3.3452834501378573e-106)
(0.045829761330866664, 2.2373790599838045e-106)
(0.7350003727624651, 1.3008040068636067e-106)
(0.3273197499815116, 3.1687960186798417e-106)
(0.18183212431651982, 2.0356311577291192e-106)
(0.9735268600404926, 2.412534330171076e-106)
(0.8935461846179209, 1.6971123605483672e-106)
(0.25709006450904653, 2.186822286329324e-106)
(0.4177032201612858, 1.4706718922921456e-106)
(0.15219636785198243, 7.641849125172782e-106)
(0.2640701014433053, 1.3887067045062484e-106)
(0.20354305065622041, 1.0219648471108542e-105)
(0.6755667591451953, 1.816074371383012e-106)
(0.23752521759476367, 1.4469332783264359e-106)
(0.44261619806376723, 1.2771200686849497e-106)
(0.44346831010323595, 1.61535900775235e-106)
(0.9977122542592463, 1.8171115121632668e-106)
(0.6204344450841577, 3.1907176797644075e-106)
(0.032805382792114327, 2.3084849624555718e-105)
(0.062015449218172564, 1.4551378865965837e-106)
(0.549699808582838, 1.6561383552203625e-106)
(0.010541340075475313, 4.1425961486841012e-106)
(0.8646595643260196, 1.912804493702574e-106)
(0.3433401602603421, 1.8128670595169167e-106)
(0.11675980176381937, 1.3185145975765142e-106)
(0.11404312166276329, 1.2816203518098322e-106)
(0.6289549050125773, 1.3742858202579535e-106)
(0.21020574865727193, 1.577842329955163e-106)
(0.13254547403323255, 2.225744030441904e-106)
(0.3196007131494874, 8.720357955008176e-106)
(0.668590004150857, 2.3378473072244123e-106)
(0.6483722303785089, 1.7028646128223218e-106)
(0.9438695931316943, 1.7692685879937046e-106)
(0.8070389254717343, 1.5660123924080115e-106)
(0.6885674708782188, 5.348483593976395e-106)
(0.5751558025042435, 1.8433649878343876e-105)
(0.9039600799679619, 1.3797070179321908e-106)
(0.29414851142752113, 4.795967548636147e-106)
(0.6705018720657481, 1.447010678708322e-106)
(0.025561223788224112, 2.490289470324208e-105)
(0.9507459637397295, 4.2430003352418454e-106)
(0.17987947947832464, 1.2375189421504388e-106)
(0.9644445490757321, 6.547386595113043e-106)
(0.08010843344075408, 1.0358066276521023e-105)
(0.09267420434425669, 5.914306117695567e-106)
(0.5674158773671559, 2.4884622774490843e-106)
(0.002894270942246897, 1.9284372373239024e-106)
(0.8731197220237872, 1.2875811510385143e-106)
(0.7714849584085032, 1.630411111063998e-105)
(0.4170241396966627, 5.639499007520969e-106)
(0.5431028413443724, 2.2690099686657154e-106)
(0.4520211462806598, 1.567592284995481e-105)
(0.7100913311265812, 2.4177303228130314e-106)
(0.693789876385894, 1.2383136488797132e-106)
(0.5309751345727582, 6.301235653278942e-106)
(0.7377130956147445, 2.6840547822621313e-106)
(0.20309809422576267, 1.240875006502529e-106)
(0.5750788708756088, 2.394149755127196e-106)
(0.05530033864530563, 1.1710643966643744e-105)
(0.7301177848028104, 1.2301572304546327e-106)
(0.43419082585031554, 1.6883303480490665e-106)
(0.6358663820384326, 1.340024704942165e-106)
(0.11236533408535809, 5.34651750927096e-106)
(0.2587965845123849, 1.3174236032920831e-106)
(0.6736019099469867, 2.0119268571673772e-106)
(0.08941418076238783, 1.6580802391413144e-106)
(0.04134345069102356, 1.964954945471019e-106)
(0.12622930960457474, 1.4701353890532888e-106)
(0.943250251025752, 8.961334300886416e-106)
(0.15277629366661136, 1.879144716045618e-105)
(0.6460584221281819, 1.2904682593236603e-106)
(0.5980929504703039, 3.8925709818593937e-106)
(0.9457260911716684, 2.0179064370795716e-106)
(0.9822942065072664, 1.1634830109310888e-105)
(0.6772236928849376, 7.362932164391628e-106)
(0.1780117161039114, 3.213311194603493e-106)
(0.1414554311204679, 4.063708735086322e-105)
(0.03650934290641066, 4.807485270933308e-106)
(0.6645710191626238, 8.984039590972975e-106)
(0.134512033667148, 2.018367467102161e-105)
(0.8288294327953588, 1.4149974429576646e-106)
(0.014479817684613127, 6.459366805838605e-106)
(0.8288115491767765, 1.6521839477520712e-106)
(0.48983168246671627, 2.6009941021678586e-106)
(0.6694941098414507, 1.9091631197871773e-106)
(0.8384471098715254, 1.9172214141570353e-106)
(0.38334601350944447, 2.0691748428403148e-106)
(0.2634909719727342, 1.5310968261034557e-106)
(0.18047876031841215, 1.5940457589869552e-106)
(0.914831601306642, 1.923322146932354e-106)
(0.9754048518528499, 2.2433712165038756e-106)
(0.4033915680719967, 1.6465914410331454e-106)
(0.769589200463148, 3.737544065721118e-106)
(0.5492604494392301, 2.777494890515145e-106)
(0.21895930863346413, 1.320792084812392e-105)
(0.10315296841162935, 2.488024464108786e-106)
(0.4580294701407424, 8.509003570363129e-106)
(0.1399110660751788, 1.8249843333892008e-106)
(0.7736998249233797, 1.6958608325921548e-106)
(0.8736009495044249, 3.1229789308953953e-106)
(0.38947933001152313, 3.306806233352892e-106)
(0.8842564515972007, 1.6932462369999647e-106)
(0.9673968901016031, 3.894679379128528e-106)
(0.770335034912403, 1.6396157700219966e-104)
(0.3291861253322146, 1.7493424996172757e-106)
(0.08978583578035072, 6.781510145806093e-104)
(0.4248591838534969, 3.2177787273423844e-106)
(0.0748574518050027, 1.7878929291748876e-106)
(0.3836909128498389, 5.130120707535592e-106)
(0.9348313091718166, 8.509233918745044e-106)
(0.2967220757816375, 1.2483230894104362e-106)
(0.06319434659514381, 1.6008357987323232e-106)
(0.5482922347028616, 3.860072549116407e-106)
(0.14464367597108888, 1.394597550518658e-106)
(0.5431418313985141, 5.938420534635891e-106)
(0.11756929286317343, 3.245572915848286e-106)
(0.5287765228605472, 9.45291542039614e-106)
(0.2685300830133814, 3.668345540376491e-106)
(0.8579259537071612, 2.8205888128112537e-105)
(0.9054285132127877, 4.708170587988256e-106)
(0.1358475084336349, 2.054073218945627e-106)
(0.15071947818933987, 1.7051141753692242e-106)
(0.9806617638926141, 1.456491939555182e-106)
(0.7796217488754881, 3.573949384478022e-106)
(0.6262549677158978, 3.7312952656255173e-106)
(0.7084473099449103, 1.4528719893076631e-106)
(0.772988190102261, 2.5244009797992414e-106)
(0.209021235761583, 9.533541952270306e-106)
(0.5267112425850986, 2.074984907172219e-105)
(0.33136484876571987, 3.729896618010295e-106)
(0.16497207062760053, 1.358442343839503e-106)
(0.9117536166297173, 1.012151875874056e-105)
(0.5996019682109277, 1.471969846493793e-106)
(0.22082664448032438, 1.3237678424761286e-106)
(0.11871762283428373, 2.501349309429067e-105)
(0.37714675343505083, 1.74049081502277e-105)
(0.8206295905170379, 3.8312442486414354e-106)
(0.8663872489670487, 1.502630543888088e-106)
(0.19393376116543226, 2.1233619182183738e-106)
(0.4459920268635857, 1.4129951166721562e-106)
(0.6672145481028502, 3.1037596880569227e-106)
(0.36850025906125106, 1.879523137000986e-106)
(0.6361127527022027, 2.482989824468396e-106)
(0.3161011455030234, 2.0679504598098251e-106)
(0.4496949542894057, 3.752341226221039e-106)
(0.21296514682139345, 2.8136050873767293e-106)
(0.9704640042993883, 1.223611480618279e-106)
(0.33055623786971683, 8.691058810888348e-106)
(0.280306906592014, 1.7671438179999047e-106)
(0.7562037977137523, 5.285071134665629e-106)
(0.9931107875516779, 7.820757490830631e-106)
(0.5954778021306812, 1.067347488205791e-105)
(0.8345352059465853, 1.2818869749394361e-106)
(0.2359302719096653, 1.3477309283850088e-106)
(0.14856758182345742, 1.9781942094684462e-106)
(0.3829860724079888, 1.3443276031807608e-106)
(0.4962143380432529, 1.3425612766684466e-106)
(0.08549968621946799, 1.9334232981604018e-106)
(0.9384438572680678, 1.2491293163876497e-106)
(0.046833029620312355, 1.8673760069711693e-106)
(0.5031768742467995, 1.8357396452331177e-106)
(0.24223371850950742, 1.3806022851051484e-106)
(0.26789363044360665, 1.7868962370588413e-106)
(0.7969039072332691, 5.172869982631052e-105)
(0.43483336735127937, 7.756974396438584e-105)
(0.6884926402622206, 1.3123589775484645e-106)
(0.7317687938655129, 1.7681233349217421e-106)
(0.3149211590746687, 1.471657247994479e-105)
(0.8032220183353055, 1.348334153120153e-105)
(0.7932225467202182, 1.751665191629088e-106)
(0.8331330308465947, 1.374405214480489e-106)
(0.650334170208133, 2.803282756865648e-106)
(0.15566351468467432, 1.8291434346348437e-106)
(0.2515858948245045, 1.6358312495292946e-106)
(0.26125165608191153, 1.6008088222479743e-106)
(0.6434785130339417, 1.8627929185963519e-106)
(0.5174751714671257, 5.667182628752219e-106)
(0.8222513926072146, 8.81777470562287e-106)
(0.43063693867692615, 2.1455068667510772e-106)
(0.9272266599994522, 2.3351429848820033e-104)
(0.18974463536256278, 2.823726724499598e-106)
(0.8866562504343583, 2.256893693003149e-106)
(0.13115915481916568, 2.3781735945995573e-105)
(0.30527535219160984, 2.4464072198269695e-106)
(0.8845828761498897, 5.785329184015757e-106)
(0.7695791959766878, 1.6503876531622573e-106)
(0.698611945710302, 7.288895323730443e-106)
(0.6098553789382195, 2.792637597390897e-106)
(0.8892344796239172, 4.475004604285619e-106)
(0.4953720964927978, 3.9084333210528023e-106)
(0.2761254186598929, 2.3864071558766003e-106)
(0.8434288518752303, 1.5890849052560106e-106)
(0.5855771452634978, 5.48596776564127e-106)
(0.016227624036838913, 5.960246984314824e-106)
(0.9585657672731683, 1.3154421685446558e-105)
(0.3756989056337416, 4.807711814493468e-106)
(0.3419658263229093, 1.4697599856357033e-106)
(0.5436762070205223, 4.2066832740005823e-106)
(0.3311843051835386, 1.2070145636983365e-105)
(0.8090415768143069, 6.772558830173807e-106)
(0.49753574166104647, 1.6263086665287967e-106)
(0.16076358679958705, 1.4613353651123563e-106)
(0.08530826992809899, 2.195391017329945e-106)
(0.19345976569564333, 1.6281627036775488e-106)
(0.1865241640411811, 1.609996463396466e-106)
(0.1635079161540982, 1.8309946369683545e-106)
(0.7931570428385444, 2.903898290353274e-106)
(0.12368770908642597, 2.7046035389921986e-106)
(0.44943683183799105, 1.6723536803605505e-106)
(0.07094897686473167, 1.28567479725012e-106)
(0.06752290462267005, 1.643916113035569e-106)
(0.6159633088602146, 9.875760265028785e-106)
(0.776587321833253, 1.2251968654213542e-105)
(0.1944290088823627, 1.7948778062147956e-106)
(0.6268396074614986, 2.9782789122859417e-106)
(0.8613962968471675, 3.8503187270303297e-106)
(0.02995160067253011, 1.744078644680346e-106)
(0.34582472210455284, 1.3841271807851374e-106)
(0.05128776883200125, 3.872822552554373e-106)
(0.9529138402786392, 5.616538979887028e-106)
(0.7772429651004658, 1.604216761635821e-106)
(0.2427128162090593, 2.0717453349425584e-106)
(0.16406991972999177, 2.2891749091792787e-106)
(0.9116237726900861, 1.338378254197886e-106)
(0.9015327573280508, 1.7204004938704413e-106)
(0.12571668370012112, 6.58716127589226e-106)
(0.8754427298517008, 3.127949855735748e-106)
(0.782365787275444, 3.0050482262848564e-106)
(0.516259179756417, 1.3678204990756723e-106)
(0.9219566877775656, 1.2809578877044793e-106)
(0.13644325001394142, 3.126922535708559e-106)
(0.4599387533586942, 2.221830831745704e-106)
(0.649936064859764, 3.954344311183933e-106)
(0.15936809110447625, 1.7911869576607946e-106)
(0.9871897393405088, 2.945002908807787e-106)
(0.2794576129104804, 2.1651835737617896e-106)
(0.9680993057986694, 4.970716320097269e-106)
(0.48567685564515567, 3.380039436177087e-106)
(0.8901727378326709, 1.9535917910179266e-106)
(0.6419131809414508, 1.4970009146145597e-106)
(0.09531423169749693, 2.8857842335760106e-106)
(0.17680704191215768, 8.888417645320075e-106)
(0.13776895774903922, 4.4619467113315935e-106)
(0.711536264865648, 1.4923612095024837e-106)
(0.14218696979735032, 4.670353678549104e-106)
(0.08206944599118045, 8.6889992723621735e-106)
(0.3538988126781767, 2.5570896675038925e-106)
(0.2515336523506732, 1.78470564401324e-106)
(0.397782701681547, 5.729011002686812e-106)
(0.9025669417497989, 1.5276217635412789e-106)
(0.42803915436672707, 3.546576664214124e-106)
(0.47779831809497425, 1.8872195423702563e-106)
(0.09609738773410395, 1.8225255190971624e-106)
(0.8513415380648496, 2.021629696733726e-106)
(0.3590869682275144, 1.9434133484506114e-105)
(0.45358144210250617, 2.882290240028347e-106)
(0.5931326659421623, 1.519947235952283e-106)
(0.10827860789009686, 5.308405955713442e-106)
(0.5962573291749462, 2.8603437565472107e-106)
(0.33920740055233495, 3.284931303885314e-106)
(0.6737763646050702, 1.565493530688334e-106)
(0.7679335525799571, 4.0332090527912566e-104)
(0.0137382600402244, 1.8712148712066101e-106)
(0.8024573606474702, 1.591828081059494e-106)
(0.23511792539870716, 4.0609865957144133e-106)
(0.1774495679545609, 2.5228125482515755e-105)
(0.8055373890431954, 2.3550207510665147e-106)
(0.33077714707170847, 1.212984253612212e-105)
(0.3198049521309167, 5.764545685575403e-106)
(0.008929255118783608, 2.506068286811213e-106)
(0.04163818156568632, 1.4952005720812885e-106)
(0.772593087186005, 2.2945716230509406e-106)
(0.7008104293447399, 1.8270181244439225e-106)
(0.4189749255197918, 1.5847663953593135e-106)
(0.5383382373532543, 2.626422372389603e-106)
(0.40236403749978084, 8.196387056813936e-106)
(0.7630989218891957, 2.4547939959740284e-106)
(0.61406628750314, 1.3544283882026198e-106)
(0.4994559113458922, 2.4972669429957714e-106)
(0.9403991655473507, 2.1078492314824796e-106)
(0.1736548358177578, 7.2162105935791545e-106)
(0.46403608961415643, 1.5124977588686388e-106)
(0.6032018751442487, 1.3215121380345895e-106)
(0.35550942683958436, 2.351063843096024e-106)
(0.38700724228361105, 5.101348876452541e-106)
(0.341453654687703, 1.5390510932266448e-106)
(0.8743686002554728, 1.9288362065621016e-105)
(0.5903911210352565, 1.4568040960982623e-106)
(0.042292032024336734, 4.715832792201869e-106)
(0.23447182555578844, 1.4487377360660813e-106)
(0.3130505146433912, 1.532124611517122e-106)
(0.7389513290962606, 6.466562765750411e-106)
(0.7353130017153522, 6.912731267806911e-106)
(0.7666321599936952, 1.886492143278074e-106)
(0.25004444958618155, 7.117518096292914e-106)
(0.6590923224850602, 2.4629810028278335e-106)
(0.3199877968445046, 1.438357466184418e-106)
(0.9785022928255275, 2.3555887662964236e-106)
(0.3674309111913329, 2.4687422414229145e-106)
(0.5622152676470473, 1.7834719188876552e-106)
(0.04666811901115513, 6.39323383139968e-105)
(0.7267636323103671, 1.5245125998915716e-106)
(0.5379512300107704, 1.0071577870622213e-105)
(0.8828014949813148, 5.53877508909259e-106)
(0.3818434152603549, 1.3494931951784584e-106)
(0.013497454957395435, 4.735473915331676e-106)
(0.04754904867458607, 1.9348965377058051e-106)
(0.6576556273147973, 1.2921037031720343e-106)
(0.8924214739818278, 1.8425736648740423e-105)
(0.9418876958052455, 1.51535001711375e-106)
(0.7552769121316392, 1.6666696255302736e-106)
(0.16016395540249817, 3.3176153576375353e-106)
(0.671558398436123, 2.9199185590687664e-106)
(0.259075632363377, 1.3688843798188328e-105)
(0.014389733570577773, 1.6462652047413047e-106)
(0.4132345752947272, 2.262765003390121e-106)
(0.4381298516474304, 4.748442566810781e-106)
(0.19355254920749942, 1.3706149007873455e-106)
(0.1626652788199136, 4.78779632985849e-106)
(0.8681698048399519, 2.48773738024611e-105)
(0.6942202190608955, 9.2201331921087e-106)
(0.78240795714945, 1.402009463042125e-106)
(0.14120991907562316, 1.4212081083179684e-105)
(0.09987096890432694, 2.2402774435163486e-106)
(0.9239216377962204, 1.957986761454973e-105)
(0.20784219009911067, 7.916358193546125e-106)
(0.37494878989488184, 3.7868055077509986e-106)
(0.07585381750646708, 1.3684110478569657e-105)
(0.8924186108091733, 2.9936007132896006e-106)
(0.7268681178419184, 1.0857558938052363e-105)
(0.20603132810141916, 1.4054663861262327e-106)
(0.6635153338542188, 3.031861309729896e-106)
(0.46975073291742137, 1.905969951161173e-106)
(0.5945271266823183, 2.153502160048319e-106)
(0.7894443578104456, 2.1185901873135542e-106)
(0.589812430434184, 1.2399304959609877e-106)
(0.3142494389414541, 1.0873262389099373e-105)
(0.37158574972049535, 7.231940956999463e-106)
(0.4657813052494773, 2.437292044868895e-106)
(0.6379309062012489, 6.87150746360627e-105)
(0.3599080181591916, 6.181008564705032e-106)
(0.09701721240608178, 1.5928968870112596e-106)
(0.18213354823603448, 1.261109427495927e-106)
(0.49256932804561565, 2.151882305313032e-106)
(0.18244653900741462, 3.1502196023412723e-106)
(0.13563459958326068, 1.392991162075991e-106)
(0.10754475729538968, 1.6291041415474652e-106)
(0.9783037698427229, 5.56478471331306e-106)
(0.34178120041794796, 1.4572020918721483e-105)
(0.05729350431607582, 8.691723801370059e-106)
(0.016805102299650213, 1.967924050762462e-106)
(0.9071963769603149, 1.706007739507651e-106)
(0.9002713668217571, 1.9092747321984802e-106)
(0.3685813752389271, 2.23153174023093e-106)
(0.5262263042149132, 1.294160477957672e-105)
(0.4800467810020029, 2.194454608625759e-106)
(0.12747122214817877, 1.6576235734369287e-106)
(0.47172773447622673, 1.4618550697854652e-106)
(0.03153928305036019, 1.5233165352288074e-105)
(0.12659885610818059, 8.798577171293385e-106)
(0.26074311567730785, 3.5357291341963735e-106)
(0.6776985812298292, 2.2817559836536226e-106)
(0.530261930489499, 2.358539882703128e-106)
(0.5264824151697014, 1.9516043563235694e-106)
(0.7930144166949633, 1.4610011985384615e-105)
(0.05872777585612525, 1.3609896712922921e-106)
(0.05431614527641037, 1.3672494787198304e-106)
(0.3852843426025532, 1.0216049601504151e-105)
(0.811359983381907, 1.6720292382536974e-106)
(0.7410969871542729, 1.6813949254590363e-106)
(0.5119672816044939, 1.6958802590654371e-106)
(0.06321765375881169, 3.4408338576940145e-106)
(0.9192205790279153, 1.542903290163093e-106)
(0.10725772949010409, 7.447033985915026e-106)
(0.6547666752558006, 2.0955992898058673e-105)
(0.028563054693819895, 2.511707974254225e-106)
(0.917653352988925, 1.8963527868242163e-106)
(0.5198844979590311, 3.027379314264724e-106)
(0.2282530188733402, 3.208889811581317e-106)
(0.892469152972971, 2.120046459117397e-106)
(0.5414235481632045, 1.8106270077274524e-105)
(0.6698525113618634, 2.194071340607778e-106)
(0.8414941623377382, 9.515208470614999e-105)
(0.39064408893885133, 2.6305760449363526e-106)
(0.7787306056560039, 1.4882379206691737e-106)
(0.9477565424464932, 7.154470304560306e-106)
(0.9870099982309607, 2.6759264646628813e-106)
(0.8424015151843667, 9.75834859652093e-106)
(0.4173101067780219, 1.2998559611068883e-106)
(0.6668294107603759, 4.976005127446384e-106)
(0.94453667606239, 1.3573783255723895e-106)
(0.9968954436837686, 2.526118003090195e-106)
(0.38751036334191635, 4.690328755764636e-106)
(0.9329883139637277, 2.359798108633358e-106)
(0.4589510125674367, 1.7952220002470297e-106)
(0.033306264113812316, 8.48229607146009e-106)
(0.17362610587638092, 1.851438121355591e-105)
(0.1624777437512723, 2.3478073641793335e-106)
(0.5782540100477817, 1.473432095222079e-106)
(0.820737722562772, 2.2994167446346123e-106)
(0.5164324955246283, 1.8320808785462861e-106)
(0.31173914607418884, 1.663818768316768e-106)
(0.49011816456792934, 2.9894943133059317e-106)
(0.35202084345437795, 4.238237557129246e-104)
(0.9229105793512096, 1.4345271531993823e-106)
(0.6944989860772547, 3.162000424173515e-106)
(0.7532491938172954, 7.231819286564929e-106)
(0.35227981576595907, 9.709185966945128e-106)
(0.9613256849900633, 5.665866612668994e-106)
(0.544135641615201, 2.9488997414494835e-106)
(0.30767317047901216, 1.6658975035508138e-106)
(0.44913384219741326, 1.9112514415006987e-106)
(0.5179690230995104, 1.1016500882047147e-105)
(0.062079376398655094, 1.855500480566952e-105)
(0.2847431576912126, 1.4378211755985938e-106)
(0.18878349009315257, 1.3548327913497145e-106)
(0.5733150466343285, 1.495948058311097e-106)
(0.3798621006923942, 3.353217279672187e-106)
(0.5106583273440642, 1.3866261990810542e-106)
(0.19855138226045782, 8.901491945944543e-106)
(0.893187531099086, 1.4053362789342108e-106)
(0.9823129925236415, 2.6312153698934616e-106)
(0.6248300038296666, 1.3809541961373093e-106)
(0.19643785087988938, 1.428809750339153e-106)
(0.142235266550949, 1.2342555369094917e-106)
(0.7351556159977232, 1.3301855201942253e-106)
(0.04707562365368137, 9.443174594519935e-106)
(0.6973536876708288, 3.3898273731316606e-106)
(0.17397751554767402, 1.938106458686928e-105)
(0.9309298126019677, 2.313788537963172e-106)
(0.9100193384652343, 1.2690563459378685e-106)
(0.3659899256841722, 4.0337803722716435e-106)
(0.08255237864883462, 2.8821827616603855e-105)
(0.8769651841106075, 6.768190807094951e-106)
(0.984161033194314, 6.121492834123115e-106)
(0.982012051508534, 5.314680897169139e-106)
(0.4832714318091838, 1.7540786604947694e-106)
(0.5070329192848494, 4.673945832188558e-106)
(0.38364183186009143, 2.5971470106295497e-106)
(0.36395694848083804, 5.2989682549284495e-106)
(0.9392139570024671, 2.2690226938894297e-106)
(0.15503344793163204, 1.9294118289154432e-106)
(0.9176486473946427, 1.3369050587204088e-105)
(0.09616109982007694, 6.326166665192134e-106)
(0.8798802298911198, 1.298292875970525e-106)
(0.043893519731070224, 2.380788917282037e-106)
(0.6076448891855778, 1.392451865272856e-106)
(0.6597057327126196, 4.629198475567438e-106)
(0.3474565572418217, 1.2239036117096407e-106)
(0.3166627984710756, 1.3241318097510533e-106)
(0.5011547603669355, 1.7836853212928503e-105)
(0.26394786628946815, 1.288584902712438e-106)
(0.216647148015155, 2.4076334810826995e-106)
(0.18111353059421612, 3.731953309657752e-106)
(0.9089680302909942, 1.608035095363606e-106)
(0.32184888484652413, 5.1019142537572645e-106)
(0.10665643999531982, 1.8989587234970833e-105)
(0.5669210971896864, 3.7513510805111224e-106)
(0.5936738845970659, 1.3425297723655767e-105)
(0.3951040639547116, 1.9954755153800787e-106)
(0.18866369582407522, 2.884816653923077e-106)
(0.7826699035921443, 1.8295636070705246e-105)
(0.9429017651236867, 1.3818927812503107e-106)
(0.5917467981292657, 3.587582795532676e-106)
(0.35548457544979495, 1.2471729142950925e-105)
(0.1817652832384336, 4.359427356849831e-106)
(0.5148008116688558, 1.451791458162085e-106)
(0.5602249854780452, 3.402638068667246e-106)
(0.09684300319721666, 8.781732955186415e-105)
(0.957273099091619, 1.8564499447438244e-106)
(0.6966906860315988, 9.0072713560662e-106)
(0.952132204576508, 3.8826647799392076e-106)
(0.360854325250406, 6.528220313162548e-106)
(0.001816207613516344, 1.477772268528343e-106)
(0.3777966309845821, 3.1538058699237165e-106)
(0.7117337122368012, 8.805924748665077e-106)
(0.5478309809422446, 8.63100183998252e-106)
(0.6428124883645187, 3.325869763841806e-106)
(0.9130264716398915, 3.664719225091791e-106)
(0.8662288818716553, 4.373352101376865e-106)
(0.24611546665096024, 8.454206086023237e-106)
(0.45022229519094714, 1.4155044987818944e-106)
(0.35345672154610874, 1.3481775549829235e-106)
(0.06169763005655711, 1.9906107484577697e-106)
(0.7680931186217731, 1.1306493743376569e-105)
(0.5727817016780691, 1.968473294180125e-105)
(0.22112178024506332, 9.56502607263373e-106)
(0.7144175679243959, 2.054921271841512e-106)
(0.6828206017006273, 1.66332699683657e-106)
(0.9487123816348711, 1.6581321670417798e-106)
(0.15743093157410892, 9.332569875716176e-106)
(0.8079282646590652, 2.786589709209988e-106)
(0.7391861700133825, 2.674004096956761e-106)
(0.9072767302007286, 7.69480861537088e-105)
(0.3469034279757242, 1.5337653092716293e-106)
(0.6032180025997211, 5.499824450490215e-106)
(0.16536098421528883, 1.410822165958509e-106)
(0.3515138646912313, 2.5727854385464707e-106)
(0.7587422994787816, 1.8767187982712563e-106)
(0.44716898162280927, 2.0650012261595063e-105)
(0.10047006519114757, 7.891845482298344e-105)
(0.32226377221238944, 3.145613835119088e-106)
(0.24608861719300593, 1.4397397574624747e-106)
(0.6239820679179117, 1.6313678585051842e-106)
(0.042389435271434454, 4.723078103311002e-106)
(0.5968873194110254, 3.645226281667034e-106)
(0.10181498330778001, 1.1316021594477365e-105)
(0.5790054731399433, 3.005408465221134e-106)
(0.5146964164510263, 1.826656808405668e-106)
(0.7453592822691679, 5.137675989545839e-106)
(0.3383468877465122, 4.4324346112330905e-105)
(0.08473245919383417, 2.1059119522582922e-106)
(0.8549287476148447, 1.6564372917339686e-106)
(0.09009474762212136, 3.2343151812660623e-105)
(0.775937599672939, 2.3775859526650285e-106)
(0.24848667374803746, 6.010946249510918e-105)
(0.3279537012637862, 9.145327302020193e-106)
(0.51752421416938, 1.9088035455750583e-106)
(0.6075326967086625, 1.4030299725637695e-106)
(0.47097318493886614, 2.6648609474216197e-106)
(0.7993713379525883, 2.1128809810860903e-106)
(0.34067357482223765, 1.459948744001927e-106)
(0.03344882980106987, 4.490543841609488e-106)
(0.9219223973614338, 2.0388111793793467e-106)
(0.6962145286409654, 2.1380743153176123e-106)
(0.36430773907294145, 8.81214768646659e-106)
(0.06275671402621812, 1.6687381616227018e-106)
(0.4928414281570426, 1.8977473143755584e-106)
(0.6118501168694266, 5.489821206758895e-106)
(0.8378309633391331, 1.30842669846093e-106)
(0.5065116672939101, 2.558468195371486e-106)
(0.21858162787359903, 1.2910071415089195e-106)
(0.9852364941550226, 3.804897394294869e-106)
(0.2729776493125982, 2.8307977370103914e-106)
(0.000479450731516121, 1.4229426309132065e-106)
(0.6189617840577235, 1.267419877921063e-106)
(0.3943844741992899, 1.3644940985472447e-106)
(0.5273120237845375, 6.005849903450035e-106)
(0.3911135033783331, 2.7795528905275445e-106)
(0.8330691584891384, 1.777612144391361e-106)
(0.3514593263234527, 1.2704232944105346e-106)
(0.6842159189793992, 8.0867759204004045e-106)
(0.4782850612550232, 3.8246697446169676e-106)
(0.967908586051408, 2.1182930426955422e-106)
(0.09684117716060654, 1.397642163663907e-106)
(0.37509824844631284, 1.5399432184583913e-106)
(0.6677426172263723, 3.6501162182712536e-106)
(0.4816098381858131, 2.114140472495021e-106)
(0.3648823267124672, 8.184568197619575e-106)
(0.0015042763711166415, 1.5734631584334567e-106)
(0.14149015828786676, 1.4476014240066673e-106)
(0.12096156011528592, 2.552708901010504e-106)
(0.3741079731712619, 1.4578814352395097e-106)
(0.8627677042886802, 2.1978662947697583e-106)
(0.53347279484044, 4.324981304766872e-106)
(0.06621849782954764, 1.2363736861838777e-105)
(0.6812387190544603, 1.8363779433890443e-106)
(0.6346168105899045, 3.0855330100657485e-106)
(0.2449456910566743, 5.76063271042926e-106)
(0.21756078666886317, 1.2803256564468898e-106)
(0.34968289857577967, 1.9246292550668462e-106)
(0.5045691742243407, 1.997130910372895e-105)
(0.8702359554158351, 1.6052785816523609e-106)
(0.6083199485043675, 1.611235501617633e-106)
(0.8955631635789773, 1.2880482839357627e-106)
(0.665705713789951, 2.7464631021586014e-106)
(0.24637438626164157, 3.6415687329921936e-106)
(0.5231441252305138, 1.9424476789062306e-106)
(0.8737411251366414, 2.80817164851931e-106)
(0.5285269113874739, 1.7616822436696046e-106)
(0.13111029690926318, 4.1137534920748966e-106)
(0.5383330014757691, 1.883454730627555e-105)
(0.8434859942276753, 2.875937905537595e-106)
(0.9141879538272201, 3.663369084846523e-106)
(0.5983612793658241, 1.3115586653883794e-106)
(0.13141491657847232, 3.905724606847438e-105)
(0.6790975338155961, 1.69348849075335e-106)
(0.019474724407856147, 1.6331403358928302e-106)
(0.0669562106843148, 1.7183106529073666e-106)
(0.10632203194538395, 1.619894039940254e-106)
(0.9246504424240228, 2.198509775753686e-106)
(0.40161026179539183, 3.158148191985825e-106)
(0.19704815962076824, 5.653698986687448e-106)
(0.7275010134875465, 2.1597311585575292e-106)
(0.47094130621616903, 3.825331349803495e-106)
(0.37195911726154174, 1.72546646073395e-106)
(0.12744480748797, 4.1699482631282625e-105)
(0.8911273710996764, 1.5077315194442482e-106)
(0.7109273210331014, 2.7863504074828728e-106)
(0.7575531434796987, 5.963769554631452e-106)
(0.5574361434483506, 2.899188464452632e-106)
(0.965376008798082, 2.556000551178132e-106)
(0.5702108424354367, 5.44092867862321e-106)
(0.8465105755588348, 2.220187493151451e-106)
(0.24959025927230985, 3.490786122709762e-106)
(0.822017681217553, 3.3519102562076054e-106)
(0.8241864921515205, 2.319800452870111e-106)
(0.46411735673755733, 3.899458239712181e-106)
(0.8460871864841791, 1.6872914220704784e-106)
(0.37831559482274896, 1.357885595816888e-106)
(0.32761437329239723, 8.934824911519787e-106)
(0.2243800097355369, 1.3008742055218093e-106)
(0.4800002072175937, 1.44638708134781e-106)
(0.05205833065564998, 1.697620243852856e-106)
(0.15114621945442194, 1.3687765183367973e-106)
(0.9079625069166368, 4.088768280838852e-105)
(0.8414848350211022, 1.068243725161782e-105)
(0.012109215361973177, 1.527937432739094e-106)
(0.48645773540792964, 1.2852413549746585e-106)
(0.12687450837942743, 1.9270802858468835e-106)
(0.03833205762981274, 1.3961057171435827e-106)
(0.6597204087020675, 1.7398273652394288e-106)
(0.5402679773686966, 1.4194650285117043e-106)
(0.6923094353944339, 3.5515934858845416e-106)
(0.09860149843137263, 1.3428584201323233e-106)
(0.0721757122633438, 1.9149068396725997e-105)
(0.6656297079902807, 1.2102402268927222e-105)
(0.8864942311643921, 1.5728568719626761e-106)
(0.7004884665208879, 6.288778785435956e-106)
(0.10338569782904469, 2.2116494278118613e-106)
(0.33452427127821466, 8.982992563289713e-105)
(0.6045459517903098, 1.6256449425596536e-106)
(0.7840095029783135, 4.221570418395065e-106)
(0.11733000234112285, 1.2909092288256227e-106)
(0.6073708989431482, 4.642352907810273e-106)
(0.8768720774161353, 1.9608868657298844e-106)
(0.02968694485308206, 1.3239015402096382e-106)
(0.7028184932853621, 1.8774192730151285e-106)
(0.8472947203577187, 1.5718433110461017e-106)
(0.9715275894475913, 1.744904895944405e-106)
(0.5827585221874731, 2.1676288713098518e-106)
(0.07265322084019875, 2.699486350787693e-105)
(0.5329756878207297, 2.151470931874776e-105)
(0.6516854684096928, 3.6958899450115897e-106)
(0.3999138968779341, 2.4931130729089634e-106)
(0.6925646865429645, 4.3396775852049923e-106)
(0.20957219036830724, 1.4766478768452307e-106)
(0.06764331708500008, 1.437211327612475e-106)
(0.3182105244931126, 3.4804502681014006e-106)
(0.7374690539252305, 1.8877019292287517e-106)
(0.7161003912880537, 3.881354812475621e-106)
(0.3458415972864519, 3.62336050135999e-106)
(0.8703052923147486, 4.86513910838141e-106)
(0.30176993182993916, 2.7221095738002143e-106)
(0.8159062147543991, 1.4911667310215334e-106)
(0.6417740159759647, 1.7104010813708078e-106)
(0.3518314815856264, 1.260528343528242e-106)
(0.11489680238423977, 1.153157131475444e-105)
(0.6702622206126858, 1.724996239108639e-105)
(0.03728698230400638, 4.065129055541503e-106)
(0.051396446977156555, 1.4673401963655412e-106)
(0.77197604044667, 8.891903997017008e-106)
(0.45455475800599915, 2.4331106340775357e-106)
(0.017447057198929108, 2.1112408626277535e-106)
(0.3943950354448022, 4.0018951931253416e-106)
(0.3769086879925978, 1.4348690579199305e-105)
(0.037687864624593045, 1.4997848562036062e-106)
(0.7979351291828499, 2.604175087902161e-106)
(0.35187763502133296, 1.2229066682929792e-106)
(0.4326884205229178, 1.7199408988031855e-106)
(0.11333536720330442, 2.2366268179930907e-106)
(0.8493184163200543, 1.477541215786644e-106)
(0.2842287919461006, 7.818057746406254e-105)
(0.09676222127170872, 6.517447788558893e-105)
(0.890477975215713, 7.899394974197673e-106)
(0.990809622842759, 2.5595858382738657e-106)
(0.8853009390844009, 1.3785236024822312e-106)
(0.9586847194283487, 4.447453680152429e-106)
(0.621321252037299, 1.2893984572658832e-106)
(0.47814386954450266, 2.5232381073623126e-106)
(0.19545060089383448, 4.207856149821382e-106)
(0.7652674669214653, 6.551326682475228e-106)
(0.05609574738403047, 1.935823350811839e-105)
(0.24498913277422296, 8.763531725533511e-106)
(0.8290718436446415, 1.7297414952159098e-106)
(0.7834025455794077, 2.765427423608465e-106)
(0.970596250931494, 4.8567623626181165e-106)
(0.429806806831338, 2.4294010961192837e-106)
(0.023731580498005552, 2.4103312364227306e-106)
(0.40024405544996505, 1.3082424657998611e-106)
(0.14283802132331813, 5.856847347379711e-106)
(0.36218578535198404, 6.525359672988195e-106)
(0.2838370837404915, 1.258014751561012e-106)
(0.948540541892272, 1.7569274523765794e-106)
(0.7549525355210833, 4.162567273679508e-106)
(0.7484107804879777, 1.2250378185044772e-106)
(0.9290113977032038, 2.1627320075820684e-106)
(0.2633219163095744, 2.774294279033179e-106)
(0.9582412611921332, 3.2088519922585855e-106)
(0.47866037217349333, 1.6923126658695605e-106)
(0.13241740525122472, 1.285158926199189e-106)
(0.30374382105375325, 7.184536807354134e-106)
(0.9652829695349016, 1.5676019647253535e-106)
(0.5452047853198921, 1.6528512754135284e-106)
(0.22592782408355983, 1.789380573372248e-106)
(0.0956985654200474, 1.8986631098423618e-106)
(0.4832737808272006, 1.4787716832240466e-106)
(0.04934336956873021, 4.0927553995391836e-106)
(0.16243304391188224, 1.4614732086944762e-106)
(0.9734631632891709, 6.837065779870689e-106)
(0.7910883125257838, 1.740498628698314e-106)
(0.716100489686168, 1.2588365196915226e-106)
(0.8058948387950017, 1.1302098458963726e-105)
(0.10946641968514614, 2.0717864140481938e-106)
(0.8580509743565652, 1.3844851058172727e-106)
(0.11340193523984216, 1.2210962837419919e-106)
(0.3671909915104014, 5.343749132528274e-106)
(0.37967851996753427, 2.3772634202944957e-106)
(0.9054427401225318, 1.8924584079373436e-106)
(0.3571153293133495, 1.5545743162303469e-106)
(0.11132813195006697, 3.2726336792942623e-106)
(0.9613041419324079, 4.2778252427655525e-105)
(0.2699576431178209, 1.7711970384148745e-106)
(0.16072199880271454, 9.317544693119062e-106)
(0.801030355010421, 1.4162935492267731e-106)
(0.8995421828879437, 3.2734068445528325e-106)
(0.6062630592514557, 1.902836572433333e-106)
(0.8773620917403477, 1.4804196184576066e-106)
(0.95819979044275, 5.909696669121005e-106)
(0.205831890381801, 1.7259293426842298e-106)
(0.4717578321457267, 2.4070570323246264e-106)
(0.5661488257286693, 1.4422908555088307e-106)
(0.3499507840407526, 4.157824852345751e-106)
(0.04206937469262033, 1.6609301832236853e-105)
(0.39324502429479347, 1.5985237222003098e-106)
(0.8455402612682134, 3.9984033172685944e-106)
(0.08398000694770913, 4.678264586043077e-106)
(0.6576246087413309, 4.2370213008246883e-106)
(0.2939118245721086, 1.797748258748871e-106)
(0.9244378763480497, 4.1521079742640823e-106)
(0.2250068816282223, 1.7111372191777987e-105)
(0.954225774998647, 1.2241440579596796e-106)
(0.5220311402589044, 2.0540319826668896e-106)
(0.3040260740960673, 1.4191638032144966e-106)
(0.8401724135661922, 2.3829182043392564e-106)
(0.16812964729798832, 7.660907927167314e-106)
(0.07557881905597721, 1.867443251508705e-106)
(0.05426085748035243, 1.5991591540268583e-106)
(0.8997982105624853, 6.666408475464622e-106)
(0.76418808550439, 1.880979036257007e-105)
(0.6249493411102912, 1.3164416133800665e-106)
(0.807267864310019, 1.8507359390770478e-106)
(0.5416863448071388, 3.1085858451873837e-106)
(0.433276691405451, 5.111422154276213e-106)
(0.6618101110125759, 4.685111475716019e-106)
(0.9300254993356506, 5.759679845573293e-106)
(0.9794191679810181, 2.913773376571574e-106)
(0.4978447985107906, 3.2324390954528983e-106)
(0.820693638077341, 3.621592243867382e-106)
(0.45377823831002256, 2.684011857683843e-106)
(0.6365978118063728, 1.5011166636559478e-106)
(0.21679537088275042, 1.9213138895861943e-106)
(0.6094453823297223, 6.756452159096662e-106)
(0.3492044809289489, 5.637050325906995e-106)
(0.8100050429822232, 1.2411011182067934e-106)
(0.5549096710172825, 1.6794007441360403e-106)
(0.888975641993444, 3.7028187540151075e-106)
(0.7241705332887969, 6.900040742804916e-106)
(0.7586699080115012, 9.130560248248673e-106)
(0.8429805968272749, 1.6336492784071888e-106)
(0.351940727228329, 2.2324653681751353e-106)
(0.17773627362885813, 3.721626499882178e-106)
(0.5495000009016661, 6.676290546201567e-106)
(0.5492790435487828, 9.883501218638454e-106)
(0.7149764315154542, 1.7726518692001992e-106)
(0.48016876811140574, 1.421269747417768e-105)
(0.25932749093342145, 4.3053912647499695e-106)
(0.5371490277146244, 3.822947402402755e-106)
(0.6724946770776913, 1.2228505328924811e-106)
(0.5591430983286548, 2.7553661799415235e-106)
(0.5155902953175875, 4.886928022980291e-106)
(0.9090297255168835, 5.471021543831182e-106)
(0.027135997692814984, 1.5559940391136109e-106)
(0.05397255860477964, 1.808226551138905e-106)
(0.546600640859776, 1.6262667751618112e-106)
(0.8649055995983069, 3.6419115614596697e-106)
(0.0921495559416761, 1.6275678886018652e-106)
(0.02913739437540851, 2.4724243328102217e-106)
(0.3285856488034543, 1.330467258013397e-106)
(0.393258562686732, 4.512177841409368e-106)
(0.02769541016817697, 2.269941734863589e-106)
(0.18757041670710106, 6.317009402435723e-106)
(0.9508359470657436, 3.1507722843899074e-106)
(0.30084822079177714, 6.78435700652861e-106)
(0.17251731677637966, 1.5399166832029725e-105)
(0.9729629111989971, 3.318999635030299e-106)
(0.3098271809409593, 1.9414843755735537e-106)
(0.9503232976798359, 2.9152466652122146e-105)
(0.29653960596283135, 2.979751523207139e-106)
(0.9355172645065167, 7.84446590532383e-106)
(0.5686890494182999, 1.314827877856912e-105)
(0.6470386125967306, 1.9982536772367897e-106)
(0.9836525984377356, 1.9007340194442672e-106)
(0.33157938038948304, 1.6740525657614204e-106)
(0.64813232717608, 1.5680907314316546e-105)
(0.34332846457220156, 1.9541476904928054e-106)
(0.6230259625044017, 9.086906431373933e-106)
(0.731644375650348, 1.522772115605006e-106)
(0.38418122470014593, 1.43416990748683e-106)
(0.055487431003553675, 1.8772270540872327e-106)
(0.5393888950128158, 3.392015976626077e-106)
(0.12474206655442421, 2.9444426227494114e-106)
(0.8790259611018921, 1.6084837492719095e-106)
(0.7886846414064459, 5.600095457415502e-106)
(0.6760654692878548, 1.8674748432812528e-106)
(0.2565090541454175, 1.787660672849118e-106)
(0.2993269689951098, 7.648141629886261e-106)
(0.26535953031144793, 2.1944172590047103e-106)
(0.7775142093450093, 5.5111288368988435e-106)
(0.5684469403731748, 1.28625123395178e-106)
(0.36760512231414577, 1.6771683420961462e-106)
(0.6327839072606775, 2.8043586582802066e-105)
(0.19018756341964077, 6.883789674938851e-106)
(0.34392734300669237, 1.3277409411285316e-106)
(0.14250925253783617, 3.207303618966071e-106)
(0.6691115112010031, 2.1368590517374055e-106)
(0.2656505011067264, 8.592616342693619e-106)
(0.09031035979011288, 2.1806662770001485e-106)
(0.8898436875221857, 3.4186841534445725e-106)
(0.7184445665259336, 3.418909236301466e-106)
(0.5986627791488512, 1.5748244235299202e-106)
(0.14563130287788079, 2.8713914397771327e-106)
(0.1292989380675553, 1.6897852900609775e-106)
(0.07846267279819705, 1.230139623832025e-106)
(0.9088067795227741, 1.6869383503446858e-106)
(0.3245114480461709, 2.116182825957865e-106)
(0.6434392346392535, 5.609851496447119e-106)
(0.934097772642171, 8.766125046140311e-106)
(0.19119935453144266, 2.5355706826972835e-106)
(0.65376665172965, 8.190276401879599e-106)
(0.2655039783665755, 1.2477377329853386e-106)
(0.8292779233485831, 1.9014421146982807e-105)
(0.7410249717846353, 2.9786157533375737e-105)
(0.8224910621783702, 1.7358504634565822e-106)
(0.3273463666845624, 3.3264273949097283e-106)
(0.9047516892788983, 1.6698713963693747e-106)
(0.8969223642563346, 6.136265983183808e-106)
(0.9307833394345568, 3.4581631494035996e-105)
(0.5884871082331774, 1.4619285501872682e-106)
(0.018246099021758055, 1.820511737302829e-106)
(0.199654306740778, 1.2242586058668107e-106)
(0.99523602125726, 1.6178667013223697e-106)
(0.525163527381697, 1.5773325010401896e-106)
(0.5710296650482443, 3.7681941160246887e-106)
(0.5880394371264173, 7.129782452928713e-106)
(0.41036524691787285, 2.5534037114571087e-106)
(0.21970197543598055, 3.9784019671147053e-106)
(0.12979121398000684, 3.4736451030686637e-106)
(0.3625392537952158, 5.159967948262014e-106)
(0.8453436281493807, 5.689471789013375e-106)
(0.5047279506301142, 2.864801884493631e-105)
(0.47949572427312936, 2.484170000245889e-106)
(0.7633493348229269, 1.5472238159820592e-106)
(0.9146223219348117, 1.8822580285996617e-106)
(0.1978469797424632, 2.7119678513771167e-106)
(0.9903473419308849, 1.1214488528663584e-105)
(0.8165245611414836, 9.58821938786445e-106)
(0.7079773142349693, 5.53659731004366e-106)
(0.1008714327745444, 2.134868531215662e-105)
(0.4721155346990562, 1.6699167768991228e-106)
(0.3539099347127428, 2.536683819567993e-106)
(0.7303352292432265, 5.429906727564656e-106)
(0.5974575783781317, 1.3349231567323473e-106)
(0.7827323796681879, 1.7535108546839374e-106)
(0.4421058964303682, 5.226119306889418e-106)
(0.22191600364108977, 1.4169407815228453e-106)
(0.09684651418251741, 3.7347721578924773e-106)
(0.3379202570019116, 1.4317466622426732e-106)
(0.27331176767085025, 2.0802364956585406e-106)
(0.1973064002558804, 5.133691103557633e-106)
(0.8542843953701129, 2.273817276869314e-106)
(0.11237936487537531, 3.421760266091023e-106)
(0.7802534479379696, 4.1385075920676636e-106)
(0.19011989503896956, 1.9845812695014068e-106)
(0.1762935606717155, 6.406073463245082e-106)
(0.07320859221141485, 1.9717430613113163e-106)
(0.38037664273428806, 6.937014754780887e-106)
(0.7333994149395073, 3.701878446675522e-106)
(0.9316226581064604, 1.3070910914294893e-106)
(0.006269842286040663, 1.6410156302552182e-106)
(0.03188536107316774, 1.641239890451008e-105)
(0.7667732543808871, 6.226595934416261e-106)
(0.6535192968490446, 8.358236337147493e-106)
(0.31928845107532494, 1.6199023164485959e-106)
(0.16689993352057825, 1.7247035380720402e-106)
(0.5825838779846461, 3.0638156780506993e-106)
(0.9515906953086081, 1.6147675352251262e-106)
(0.03663471724357144, 1.5895390339640067e-106)
(0.3940736060160412, 1.2153938053000221e-105)
(0.5481331977028407, 2.912790946839485e-106)
(0.6635093706355424, 6.780734764395372e-106)
(0.8904629228038736, 1.987578636162685e-106)
(0.6898284367116935, 3.255462294026953e-106)
(0.35052628157151783, 1.5140745343256695e-105)
(0.1288689954871179, 2.1051309664786531e-106)
(0.33361509442340803, 3.799142142411634e-106)
(0.9208219640773068, 2.5317840196163134e-106)
(0.18086327735727445, 1.305609736125271e-106)
(0.4421950927488804, 1.2452866066750458e-105)
(0.5380376263456652, 1.7031750253960906e-106)
(0.48231962074796864, 1.6776952166071463e-106)
(0.5981446781652726, 2.1475073317346883e-106)
(0.2921647415003787, 1.7139642378842057e-106)
(0.19264647936105095, 1.9901988659847064e-106)
(0.10080634529909833, 1.528245832064574e-106)
(0.8231769919931738, 1.667236329853936e-106)
(0.8539943760379153, 1.834692772265556e-106)
(0.38579343362705776, 1.1683774541499438e-105)
(0.8680165050147048, 2.4141092266304875e-106)
(0.9605403442321901, 4.835618972778144e-106)
(0.05783658773566555, 1.7222575935655758e-106)
(0.8458050700406724, 1.5324842101566636e-106)
(0.3395134318543597, 1.4479861047814316e-106)
(0.552635336166504, 1.9377149877511214e-106)
(0.6070838721322931, 2.1625158999943053e-106)
(0.16670980876332128, 1.1078956081627784e-105)
(0.6757882516399992, 5.00422173029074e-106)
(0.025257863298693277, 2.5678827140761754e-106)
(0.48559884724122476, 3.090819257646122e-106)
(0.21165356058553605, 2.259400922047823e-106)
(0.11132722747982937, 3.011050640964037e-106)
(0.814052678435537, 1.613825830244418e-106)
(0.8069813841226519, 1.9028946145501687e-105)
(0.5937494965165726, 1.3891425674199101e-106)
(0.8057199594571933, 5.330480312496098e-106)
(0.5194816291106027, 1.5759936935796798e-106)
(0.6461596931488792, 1.4906671404928962e-106)
(0.9248568453040754, 2.0337774922651252e-106)
(0.5792879460753835, 2.107804391106541e-106)
(0.4900129716959724, 1.452981921217055e-106)
(0.9559869437629492, 1.223999801346041e-106)
(0.023420076652867775, 1.9593716993142647e-105)
(0.7482796491299747, 2.1992545544866014e-106)
(0.3157859475424148, 1.3840615583685445e-106)
(0.8885502606133057, 6.509314628283919e-106)
(0.018155013213340673, 4.0545291617975895e-106)
(0.7445606855036984, 1.2555519810193945e-106)
(0.48212632464743327, 1.2781691967257968e-106)
(0.36395736143520363, 3.028023660398192e-106)
(0.13900699777156317, 1.313695778112534e-106)
(0.13334921158154162, 4.032998924915322e-106)
(0.8748432055250566, 1.4579458717052583e-106)
(0.18883443435969438, 2.1117237278936455e-106)
(0.2821958089157509, 2.7696063500872794e-106)
(0.9613367303493082, 1.2468676370121038e-106)
(0.3762349020705716, 4.080648331018398e-106)
(0.2726650705873688, 1.4605015348830072e-106)
(0.9154073117707325, 2.2211649720562313e-106)
(0.8730841885049991, 1.2955204162234322e-106)
(0.3797747937304773, 1.3728360724361817e-106)
(0.4106427258991756, 3.4224227170415485e-106)
(0.0395884657578954, 3.035590689526811e-106)
(0.6150708310496164, 1.3192536732552943e-106)
(0.3021353075193386, 1.2598632601701812e-106)
(0.7079517705065621, 1.9725385690030063e-106)
(0.9357106201885838, 2.903932318072952e-106)
(0.35237675174736915, 1.5843425490370926e-106)
(0.014593830405651934, 9.550924391737858e-106)
(0.05510110423871575, 7.607204404832181e-104)
(0.551738726742769, 2.164707437026567e-106)
(0.11380329874317227, 3.635888354411089e-106)
(0.9842811722435756, 1.2187295784792552e-106)
(0.5417090274329736, 1.5257565789406252e-106)
(0.35691931071438315, 3.777004001900455e-105)
(0.2489436584459557, 1.4275209030891786e-106)
(0.8597844415994177, 3.741272519512749e-106)
(0.956817417187505, 1.9405025668369624e-106)
(0.5024790922736515, 1.2470720744664256e-106)
(0.1451874460493606, 1.86935626024992e-106)
(0.5107559783675217, 1.9617160259301245e-106)
(0.4563891074357842, 1.5459415777199514e-106)
(0.7744346256132575, 3.6193718979255725e-106)
(0.49081620755588745, 1.7639241745766394e-105)
(0.02360564875903947, 2.3089876654716456e-106)
(0.9239063301341762, 1.709767352099659e-106)
(0.2187496376089915, 4.25084549178395e-106)
(0.05287229761403221, 1.7660391451200237e-106)
(0.11840245943113435, 1.167877370232353e-105)
(0.38014017939082284, 1.1811309957338039e-105)
(0.7682025887007677, 1.7961444666565092e-106)
(0.46438355110612267, 1.7105812002119648e-106)
(0.14897453911043457, 1.2983054789466437e-106)
(0.933097091217852, 1.2336634154031177e-104)
(0.8941629379155172, 8.99448314781598e-106)
(0.5834070892915635, 7.850220345730584e-106)
(0.901017428832363, 2.0017708376581208e-106)
(0.08456491253948163, 1.4500247352365972e-105)
(0.10005549560594429, 1.280460716409917e-106)
(0.07523114950194008, 6.278329501705087e-106)
(0.08903584701620122, 2.284886916008025e-106)
(0.5828787105468457, 1.9048633284948304e-106)
(0.03334394418833779, 1.4827567997929255e-105)
(0.4343222668045529, 1.6021833190776025e-106)
(0.26296891047220033, 2.2241255058911574e-106)
(0.615177171923738, 3.6604156864377964e-106)
(0.40488219178839874, 2.1100834683036978e-106)
(0.18897021093906421, 3.642859677421683e-106)
(0.7646432284839307, 1.626966402134757e-104)
(0.7664967320099675, 1.8606786934573917e-106)
(0.061838565747931805, 1.7348859796105593e-106)
(0.7833584619071146, 5.385144410026214e-106)
(0.9315863365585996, 2.195774061649885e-106)
(0.7468441814634164, 1.6623894286799051e-106)
(0.15151031264505574, 1.379866607828359e-106)
(0.7823275217673422, 3.6607968160143327e-106)
(0.5203097402210735, 3.0285416253179164e-106)
(0.3442870120250388, 3.845006091541159e-106)
(0.3949026908857138, 1.2658028760800353e-106)
(0.6247741021268096, 5.514561802143553e-106)
(0.08325282763473209, 2.3699273996136294e-106)
(0.0986054798139541, 2.841510199919215e-106)
(0.4580932454462261, 2.8125789099756587e-106)
(0.10433407467852701, 1.762609953363287e-106)
(0.827537155284926, 9.76675739106116e-106)
(0.3709666857602876, 2.796868212641129e-105)
(0.054849721386166346, 2.4627609681080203e-106)
(0.7971646807552859, 4.475714930245098e-106)
(0.12409903078277655, 1.414870662473331e-106)
(0.04074848520813224, 2.8266287389605176e-106)
(0.4228617180802947, 3.014824347222373e-106)
(0.06712653194571422, 2.6590715385593355e-106)
(0.1327728065355625, 4.972715626948406e-105)
(0.12803738409068427, 1.551683573753704e-106)
(0.2040033777703734, 2.686438997612362e-106)
(0.8380121713450271, 1.9764578761220243e-106)
(0.8957626352916473, 1.3872990266351462e-106)
(0.16988039006909464, 1.420155019677517e-106)
(0.946346089014981, 1.7278768661548222e-106)
(0.44940071399398274, 5.106734468360174e-106)
(0.6494115433739103, 2.4226377214046327e-106)
(0.3188426510721046, 1.6683662164813046e-106)
(0.994089231444291, 1.3093414748478214e-106)
(0.74236049260205, 1.503589952868541e-106)
(0.6294758110532723, 1.1571999018108572e-105)
(0.3821441078405172, 4.592923223071763e-106)
(0.8131326043538847, 1.6436474457233275e-106)
(0.03501761583631894, 1.7284386498106948e-106)
(0.012532500315187059, 4.789133160390035e-106)
(0.5908074483389658, 3.0044962406908287e-106)
(0.6149529373785179, 4.817298965661558e-105)
(0.46353540390558184, 2.4241002726353226e-106)
(0.7683068588075277, 1.4468872428720476e-106)
(0.1819765736118147, 1.5166079325229125e-106)
(0.9111665511968536, 1.9914676157450001e-106)
(0.3424297972469204, 2.0539325686457795e-106)
(0.5463110427983501, 1.6696488153265976e-106)
(0.21930592242842606, 1.2241004156661912e-106)
(0.05551470876150381, 2.609692324192558e-106)
(0.9076174997565066, 2.440462649304461e-106)
(0.8696599226663491, 3.927334926805664e-106)
(0.5515849855273499, 5.87288805148276e-106)
(0.5209283187166981, 5.169947031349741e-106)
(0.08582529180984719, 2.711286792315244e-106)
(0.267091230423876, 2.386013285336873e-106)
(0.19791430153734943, 2.0625650938756852e-106)
(0.35339465948075294, 1.9309325126658186e-106)
(0.9551541062031231, 1.9116598471602555e-106)
(0.17122936207244538, 1.6241924611642326e-106)
(0.974445324596018, 1.0024115086173842e-105)
(0.7262216028066508, 4.2761428475134036e-106)
(0.9680434774265287, 2.653453623032574e-106)
(0.09892979535551479, 2.9976465196614868e-106)
(0.681027130764391, 2.803861844999131e-106)
(0.21454336265934473, 4.333811226897964e-106)
(0.190789401380815, 1.8777235401725735e-106)
(0.8427838995849846, 3.318854803747391e-106)
(0.19844491221962418, 1.9463997356878195e-106)
(0.7394192566961093, 1.9853409737671653e-106)
(0.13868364503700814, 3.745053926340857e-106)
(0.6601467294503389, 8.328906516932598e-106)
(0.037887396974239776, 5.992822851257622e-106)
(0.4428075349947193, 1.433841390311891e-106)
(0.8303089200524854, 3.2454307121369096e-106)
(0.5023698851710909, 1.9937695227869832e-106)
(0.9323444049747635, 1.75860568728253e-106)
(0.7325129030167855, 1.311524038928233e-106)
(0.47008173320621893, 4.588090131101757e-106)
(0.5337185817004088, 2.623467887112041e-106)
(0.12246767531211909, 3.94047073979887e-106)
(0.25057987885310756, 2.755403125476059e-106)
(0.05972372785986878, 2.7419658219847657e-106)
(0.24073079696814292, 3.3856227820381875e-106)
(0.27949874872955577, 2.0672616126875393e-106)
(0.4301197919618551, 3.5608250602325587e-106)
(0.45789598864260644, 2.0162654098488846e-106)
(0.7495786503258294, 1.4751873216983943e-106)
(0.8895634161204754, 4.033767779974696e-106)
(0.04218464259470946, 1.827558898951657e-106)
(0.9114094330435543, 2.3075984342337473e-106)
(0.8342061312517643, 1.3881965825998603e-106)
(0.9023702943638844, 2.1988989750679772e-106)
(0.558769627264612, 1.9485137919943811e-106)
(0.6803749785676191, 1.439049362463732e-106)
(0.5320865114456351, 3.5383335344334537e-106)
(0.22570373692768175, 1.3349899309316619e-106)
(0.8579486594689524, 1.096251778502378e-105)
(0.9057683651117191, 4.368776567230652e-106)
(0.3632285617344973, 1.3698819587347035e-106)
(0.33625719046250474, 3.6179914156735524e-106)
(0.9636265891908455, 3.2343612568133027e-106)
(0.03988098455018586, 7.41452222640678e-106)
(0.6833615118624355, 1.492317539726438e-106)
(0.9671516428995561, 1.446115781993721e-106)
(0.5141933952519346, 4.440005989517784e-106)
(0.07703369362555473, 1.445991691279795e-106)
(0.005440359315583408, 1.3571519873785855e-106)
(0.7315314726407812, 2.389748330599222e-106)
(0.5238521299826555, 2.146222486147838e-105)
(0.598800418769821, 1.4334790004020782e-106)
(0.9896479337404483, 4.0260104713333164e-106)
(0.09943895219459169, 2.18838786651062e-106)
(0.4149637131946386, 1.7306800514082925e-105)
(0.5103380892422891, 9.97161684413976e-106)
(0.8690819118875328, 3.9868988375186005e-106)
(0.023118718532286878, 1.8765227110009318e-106)
(0.6698708148420642, 2.0658935615276505e-106)
(0.956005656428467, 5.966826938190404e-106)
(0.40150868369615234, 1.983743881948553e-106)
(0.974521160905553, 1.7938231182027052e-106)
(0.1121998581852554, 1.2625223324787526e-105)
(0.7815170242301366, 1.4346523044616737e-106)
(0.8424666471895167, 5.436630469751486e-106)
(0.6057107540684993, 1.6677643257389076e-105)
(0.8623616232313464, 3.618950416929139e-106)
(0.21166067127696173, 1.369253950578526e-106)
(0.8845457050566186, 1.2652393955420928e-106)
(0.130174505953634, 3.0091514437971866e-106)
(0.9802396244844385, 7.432066958914355e-106)
(0.9017980716341795, 1.614598345006503e-106)
(0.4794239440842344, 1.6646507610460956e-106)
(0.9532417851346281, 1.8684452463122378e-106)
(0.8137773934584205, 2.1975628029552223e-105)
(0.44435153686084977, 1.6683390108024047e-106)
(0.5128359954769918, 1.3016387562203876e-106)
(0.1661391924932487, 1.2354651352078092e-106)
(0.487663159506677, 2.7230614947883817e-106)
(0.5314471255602832, 2.1021390989254852e-106)
(0.3181034039980244, 5.062548122083496e-106)
(0.415252678031776, 2.4796316080243174e-106)
(0.296201110119151, 1.310369913588871e-106)
(0.85987577359414, 1.362380095419805e-106)
(0.7709214814700489, 1.2319574135943148e-106)
(0.37616270991849116, 1.7771844455108594e-106)
(0.0598496919946788, 2.8335929558016234e-106)
(0.09543406576706794, 6.027489985317976e-106)
(0.5446366512382558, 4.622660982204892e-106)
(0.5257945837930829, 2.6937425407621306e-106)
(0.49310714492598656, 2.40572663807097e-106)
(0.44191669783939513, 1.698492065503278e-105)
(0.9692462444296329, 3.130121610510523e-106)
(0.6011766373103675, 1.802535094925756e-106)
(0.21561904611424032, 2.674214961489192e-106)
(0.45770443929154725, 1.310471243703247e-106)
(0.4295020272037606, 1.3174112202899347e-106)
(0.12286210162194586, 1.346163332379506e-106)
(0.30704997134626505, 8.938082524388207e-106)
(0.5895722631547851, 2.5959051809432595e-106)
(0.40721716592701124, 1.0267822651508203e-105)
(0.5278923007262343, 1.5488189794747206e-105)
(0.7357781419130003, 2.808713384638929e-106)
(0.24765691622763042, 1.3245782797439326e-105)
(0.8475020428599946, 1.3989408401780146e-106)
(0.6797465507102124, 2.5418801537287477e-106)
(0.8472887670780203, 2.7430835233110518e-104)
(0.34771013656884164, 1.1547642883913617e-105)
(0.40070460633456045, 1.5958643153416215e-106)
(0.8886616358534217, 1.3727145573996533e-106)
(0.5335364382519522, 3.2644763422863376e-106)
(0.814749233999924, 1.5230599054057768e-106)
(0.13175408014494577, 1.9348263343960104e-106)
(0.04109771366743556, 1.2188426589969785e-106)
(0.18491210058908625, 1.708483334725838e-106)
(0.35592303113152624, 2.774866214307805e-106)
(0.33985470492741576, 2.9550850526003826e-106)
(0.3490701667888612, 1.6304042576971898e-106)
(0.3364650510252224, 9.323808381468912e-106)
(0.016534960622608095, 5.230936593842507e-106)
(0.4135790847427545, 1.6388836950140657e-105)
(0.15052004613306452, 1.5885723695556147e-105)
(0.286590289728992, 9.68864840533353e-106)
(0.8488666312324793, 2.1008399154357258e-106)
(0.7349997132669507, 1.5277722814910606e-106)
(0.15876585226209125, 1.768631632306479e-106)
(0.1705250570771742, 1.808477898168464e-106)
(0.2671897522573389, 1.2906406768904915e-106)
(0.595310435880565, 1.3516636346455145e-106)
(0.5820384761368743, 3.2642210360047105e-106)
(0.41036239274910635, 3.7020445263719224e-106)
(0.25133235246551017, 6.884970438565217e-106)
(0.9805259971670301, 1.809361730278845e-105)
(0.050775859920496436, 9.038636203642564e-106)
(0.6207611133735526, 2.1066723483265516e-106)
(0.9920162665851583, 2.1760201801382664e-106)
(0.04771542548768354, 1.9747738098567439e-106)
(0.9924373341310847, 6.601268675709049e-106)
(0.7794380261082193, 1.7138446173690696e-106)
(0.40147099131461594, 1.94819086106046e-106)
(0.44693523055322626, 1.7578483454400523e-105)
(0.7944194076478517, 5.134391800648404e-106)
(0.9508527121563205, 6.1654402746906085e-106)
(0.5284528019416759, 1.3950815569152507e-106)
(0.44656651678501585, 3.636054917611214e-106)
(0.7164549498316218, 2.6317543947538473e-105)
(0.14425127598905588, 2.818886985722815e-106)
(0.5908253582634038, 2.1067212691613557e-105)
(0.2776094118131754, 1.3342717237587588e-106)
(0.9669623204126498, 1.3805278511520365e-106)
(0.44623099516815457, 1.9245519396959036e-106)
(0.20794069167175683, 2.584179017246481e-106)
(0.6267139523544093, 1.549627374313765e-106)
(0.49763356490987937, 3.619673149899507e-106)
(0.0737140698039032, 2.105599664474667e-105)
(0.046244057233596, 3.228300303273225e-106)
(0.6916349448132055, 1.8174107880741393e-106)
(0.17943474767439893, 2.032615019489594e-106)
(0.04341960949760499, 1.2617553468260194e-106)
(0.809322813613704, 3.4145180621397385e-105)
(0.0679699803207884, 3.29258788085217e-106)
(0.2010374623282346, 2.0631304329208995e-106)
(0.43461193120632097, 1.657398738838483e-106)
(0.035936565734911476, 3.8400180554389683e-106)
(0.20841500070969696, 2.624329835929123e-106)
(0.74147604287537, 5.118996536412213e-105)
(0.14333317410610166, 1.5353578308514576e-106)
(0.3846863651394952, 1.6991380056366173e-106)
(0.5278965766310907, 1.9116959173323852e-106)
(0.009107595959281092, 1.8134360362436258e-106)
(0.5553586091288965, 1.3453881874274494e-106)
(0.9571229992789018, 2.422433924373636e-106)
(0.3334454952085475, 1.2412108680893396e-106)
(0.3626550061717345, 4.3084936840646275e-106)
(0.4914281948480259, 1.738642819524347e-105)
(0.7184554490022939, 2.1068772533607231e-106)
(0.558360275807019, 1.8949819742137818e-106)
(0.7587771534748424, 1.7048159559742205e-106)
(0.42353222975150506, 1.3092418801092678e-106)
(0.4499832308320034, 4.055945892358422e-106)
(0.8617416352200357, 1.7087422052588512e-106)
(0.7267531748960162, 1.6607113336272464e-106)
(0.9886308791702958, 3.27571043478703e-106)
(0.8546975386099258, 1.7640285334482452e-106)
(0.679074275133726, 3.3586535089417256e-106)
(0.15582109145709014, 1.536145046030803e-106)
(0.17829274121411087, 1.3245480860536218e-106)
(0.047962828336680696, 4.326476631311561e-106)
(0.14533896713065192, 1.368150042299999e-106)
(0.16741619330282617, 2.1139536698051617e-106)
(0.616039985760686, 2.2184386777868467e-106)
(0.22856023538846346, 1.3932056043989281e-106)
(0.4731661076768266, 2.6208608607999055e-106)
(0.28729016753817566, 1.4015957602080033e-105)
(0.9345820063043847, 3.8906648866318914e-106)
(0.22433189102035933, 1.3434681283096462e-106)
(0.21332250057478527, 2.2269390584506864e-106)
(0.3124290589160885, 8.204805290159004e-106)
(0.502210681828122, 1.5494415847546519e-106)
(0.77714735307205, 2.549623599691847e-106)
(0.14532183723368713, 2.508987173182986e-106)
(0.7380122751562272, 2.929156164390036e-106)
(0.9070419087815772, 1.284617375969354e-106)
(0.6060662815636083, 4.037254008448058e-106)
(0.889218489302242, 2.2040031233880523e-106)
(0.8005401407256822, 4.902663621668357e-106)
(0.5165675087839884, 5.255172711449837e-106)
(0.11807873722026521, 2.7668669565493864e-106)
(0.06733927855408328, 1.96001267601197e-105)
(0.24427396344207336, 3.7168641400719267e-106)
(0.24563340249830576, 1.7028135237489954e-106)
(0.21990829510712168, 1.8882690656291552e-106)
(0.9213515139197426, 2.411463471095118e-106)
(0.14852560709321913, 2.375888610936211e-106)
(0.47955398026585705, 1.3633692102351654e-106)
(0.42304056421165215, 2.581042738187631e-106)
(0.5545834041661625, 1.400273139754661e-106)
(0.8192358082206805, 3.471119117262947e-106)
(0.2526820462232889, 1.3011019230321711e-106)
(0.004845052813861736, 2.0767165266398734e-106)
(0.7032074743225329, 1.460570575994897e-104)
(0.850772654237678, 4.446359805787996e-106)
(0.9441513546998054, 1.9236324024325384e-106)
(0.9709045947575693, 9.146428160112641e-106)
(0.6895291831689596, 4.533676966207641e-106)
(0.7275422435741352, 1.6049762895344113e-106)
(0.40951324730287597, 3.977093361625886e-106)
(0.25199447063676245, 1.6403289109435922e-106)
(0.13177318560790993, 3.2452864024499885e-106)
(0.34323380217051686, 1.7045972184271157e-106)
(0.45926229569740984, 3.4194520788029025e-105)
(0.18264734440028096, 5.3112898201584e-105)
(0.7282246379465517, 3.2549147550326353e-106)
(0.30468394184177655, 1.321220940451642e-106)
(0.274648709659015, 3.9189222536690738e-106)
(0.3246473528977524, 3.4219827875173566e-106)
(0.3124723001250615, 1.284491030204932e-106)
(0.29411553580507643, 1.898384291175929e-106)
(0.47461617861208427, 2.6362046183889683e-106)
(0.2927786416139618, 3.5315916753319624e-106)
(0.5771552727438076, 7.717317720226012e-106)
(0.8308622122782289, 1.2857996296666424e-105)
(0.3232450702093512, 2.810335442427271e-106)
(0.21572548347069875, 4.242054738470229e-105)
(0.9749772161763651, 1.6197349894248687e-106)
(0.001933366832967638, 1.2297209688003405e-105)
(0.11172529113998313, 8.329750642800725e-106)
(0.9705891961512029, 1.636219912891065e-106)
(0.1806561906840807, 2.201180354866609e-106)
(0.5013226139670182, 1.9682522948137678e-106)
(0.1992694211989085, 2.2381033694078026e-106)
(0.2205223320501446, 2.689363991717483e-106)
(0.40409257769588325, 1.485727492201716e-106)
(0.02158476378166491, 2.400839452581015e-106)
(0.5293568521566061, 2.625697022875831e-106)
(0.9840497531330054, 1.480307654320929e-106)
(0.7750553516282574, 1.5916555421740258e-105)
(0.42629731770931406, 5.697398408012583e-106)
(0.1847925243166915, 9.718765793210451e-106)
(0.6299963273893509, 1.724210535482139e-106)
(0.0572872521139355, 2.0955674305194992e-106)
(0.6520517660187036, 1.3895215660552514e-106)
(0.8654563116315903, 6.612352388913225e-106)
(0.8164742780230547, 1.434050722518576e-106)
(0.7389156500049125, 1.5436992836934302e-106)
(0.5958042828079788, 4.077469889364728e-106)
(0.07206269768168838, 1.9957657327385357e-104)
(0.022201695338075308, 2.1610805963179466e-106)
(0.11625447286843993, 1.525515315682677e-106)
(0.18711924014039896, 1.5310262157411795e-106)
(0.3770790213371544, 2.5994546609015093e-106)
(0.6108148252621243, 8.535917282952413e-106)
(0.6443276665587306, 1.9250855023756225e-106)
(0.46389673949866644, 1.3992078630846117e-105)
(0.439428594949099, 2.0383324175984624e-106)
(0.18490386989687657, 2.4079675517393323e-106)
(0.07656561950882941, 2.121420521800416e-106)
(0.7702127598427467, 2.039070135825956e-106)
(0.7684677592410354, 2.2605311638886417e-106)
(0.3129393049791442, 2.571004187095034e-106)
(0.20970892156563778, 1.3409917566748015e-106)
(0.5086816962208032, 5.833765029270479e-106)
(0.8158050154228541, 2.04788677704346e-106)
(0.7373159189857161, 1.6437235928110447e-106)
(0.4230099681331566, 1.2836606850577527e-106)
(0.26939484967028937, 1.8250447617462749e-106)
(0.029085869452479353, 2.5686416725663576e-106)
(0.21090861953143397, 1.557768340202084e-106)
(0.23538467223607532, 1.5271434880345987e-106)
(0.6532526752011183, 1.5386359209146032e-105)
(0.6242318128010201, 5.957870061608492e-106)
(0.3883634636354002, 3.1271812258791773e-106)
(0.602872465094022, 1.562902853039807e-106)
(0.9541708216418757, 7.252392688612457e-105)
(0.5253129643087878, 1.2387352900460913e-106)
(0.7375024762813311, 2.893581139468137e-105)
(0.38368540991226907, 1.594631335612545e-106)
(0.42353157520435913, 5.4022733879522265e-106)
(0.25325504587464986, 2.082433059523291e-106)
(0.8795741534695178, 1.3779654228678518e-106)
(0.49467897099318997, 1.575003291813946e-106)
(0.848859044355532, 7.992462923003018e-106)
(0.3297310728280752, 1.5162708951685887e-105)
(0.5679197179401948, 1.2323284743954858e-106)
(0.49634489896935363, 1.7261398969272589e-106)
(0.5204098086092527, 6.635370270745484e-106)
(0.44991011483681265, 4.395456967389477e-106)
(0.10531368694418562, 1.828817132496665e-106)
(0.4958243913234073, 3.244306522665031e-105)
(0.47727577902101787, 1.484367167625942e-106)
(0.1737141808174373, 1.249615064485961e-106)
(0.32676613052125203, 2.9200770874487083e-105)
(0.985076979221868, 2.460785564927592e-106)
(0.26657005110830906, 3.9608038676200543e-106)
(0.8304758908092751, 1.311857891414393e-106)
(0.05590834174923595, 5.0713812984243e-106)
(0.5980859682626418, 2.461548254896443e-106)
(0.9534028641877527, 2.0110115036610163e-106)
(0.8818009053943153, 1.9741581171268188e-104)
(0.960914282034485, 1.9354352412540434e-106)
(0.7472424012381583, 2.3296255545207854e-105)
(0.1385700382362781, 3.1206516079532635e-106)
(0.3281884613063039, 2.385704086369846e-106)
(0.3537888282310848, 3.788194097020721e-106)
(0.030711783280643185, 2.431898624791274e-106)
(0.9035789054498693, 1.2272886918590472e-106)
(0.13316902966452135, 1.5149555644807475e-105)
(0.8872310995072816, 2.40895741420878e-106)
(0.261108676097885, 7.821083222617626e-106)
(0.10806494388208863, 1.7697669205682617e-106)
(0.047461883425016727, 1.2922146858226865e-106)
(0.4979221899376899, 5.077888523104867e-106)
(0.09528437529848847, 1.4608740176869826e-106)
(0.8795570418991461, 1.2928766547149329e-106)
(0.8231751986424395, 4.203328190914046e-106)
(0.1096233998044214, 1.6176482227698872e-105)
(0.28996673509161747, 1.4520213971298293e-106)
(0.40872718572573374, 1.2679319280876839e-106)
(0.5399244773357769, 1.472591115866472e-106)
(0.8719087456274979, 2.2559206876892657e-106)
(0.556035905156838, 1.0255609892177888e-105)
(0.11436411312950269, 1.6320519610055015e-106)
(0.06638449560026345, 1.3149772770130458e-105)
(0.6117393901511218, 1.316434131022789e-106)
(0.733152660162404, 4.59379978012243e-106)
(0.42401949704742214, 1.3902561927912302e-106)
(0.5539335584113433, 2.6496578653563686e-106)
(0.3344744899936712, 3.4703713517428516e-106)
(0.13819223879836004, 1.655049796846394e-106)
(0.7630235766097347, 1.6673591577938842e-106)
(0.5107865367911315, 3.1193085495087897e-106)
(0.9075895742160395, 1.9218378119991026e-106)
(0.023086469082649826, 1.2670024269388884e-106)
(0.10348137917908319, 1.5067741672836867e-106)
(0.9883642126448988, 2.0507940471258528e-106)
(0.86616711871531, 1.465562339535443e-106)
(0.07555940809654142, 1.3552836284620087e-106)
(0.8721658619375995, 2.4534272111029497e-105)
(0.6990300442988727, 1.5282409830979234e-106)
(0.09287592010505645, 4.211139411131279e-106)
(0.8044928920903766, 6.51093665381023e-105)
(0.19832454350814963, 1.4585955729006943e-106)
(0.5752345702734026, 5.702074831824589e-106)
(0.19579340970241751, 2.772772925530896e-106)
(0.6517466713964267, 5.262657318273448e-106)
(0.3402070272279533, 1.9475961755419704e-106)
(0.7642224522710513, 3.316241543173707e-106)
(0.6118702588603548, 1.2959529505432268e-106)
(0.30889781875202743, 4.722251173175829e-105)
(0.16469501166770564, 3.0325682576400034e-106)
(0.360376604858812, 3.915591028181436e-106)
(0.029352194995765166, 1.2451812581985445e-106)
(0.9128547493341358, 1.4874628093552716e-106)
(0.7567865776659201, 4.74747934506212e-106)
(0.665439653574608, 2.697759300113325e-106)
(0.12450367084787557, 3.7986201154231136e-106)
(0.8472068963585158, 4.0073689743935846e-106)
(0.9917559276131094, 1.5056605739042638e-106)
(0.08254626651530925, 6.91806810158778e-106)
(0.733671164777716, 2.546181163931052e-106)
(0.9140165673263483, 2.234826266344524e-106)
(0.4196826126921207, 1.7545916832477474e-106)
(0.025245692261939363, 4.934002804287978e-106)
(0.6937504460532009, 1.2254417409584726e-106)
(0.224242320734581, 2.773370641297656e-106)
(0.9606471546954344, 1.5545294701124563e-106)
(0.010113308292565624, 2.384850855232045e-106)
(0.7406205517452248, 1.3686055776468702e-106)
(0.6917412347279098, 2.6893519819152934e-106)
(0.7342346643023216, 1.4817311761746336e-106)
(0.04396341125349111, 1.2518287418670585e-106)
(0.14433590704325858, 1.5287583920128245e-106)
(0.7954764840474442, 3.4780675502257497e-106)
(0.6829393851505569, 3.888459704881106e-106)
(0.6729484420157255, 1.791150758267325e-106)
(0.4887669623765691, 1.649102773458965e-106)
(0.5308942278610935, 2.600830141438821e-106)
(0.15965517630813217, 4.7961404011355e-106)
(0.7441234354914388, 3.1814761794206603e-106)
(0.8434632069935104, 3.042965723103521e-106)
(0.7961702879061618, 3.219033680988638e-106)
(0.23599164025064523, 1.4186254459032837e-106)
(0.34293935522607466, 5.370037948582627e-106)
(0.571437591466258, 2.916750968856285e-106)
(0.68111862502369, 4.609884667910209e-105)
(0.58646902821886, 1.168778937570775e-105)
(0.4156249722766796, 2.3297323030711893e-106)
(0.674134406407568, 3.6242894557725604e-106)
(0.6208626241306778, 3.5914497623508053e-106)
(0.7273153067443644, 1.888063181871955e-106)
(0.0034087746897393605, 1.3653653817183119e-106)
(0.7600300402611008, 4.031130978290837e-106)
(0.8110068889396793, 1.868527421645216e-105)
(0.14711148132257923, 1.2316306006808388e-106)
(0.3443220081717921, 1.4566851946073749e-105)
(0.4886641011266437, 1.8232188329405326e-105)
(0.4998970277273962, 1.6416152550218528e-106)
(0.7264113831062201, 2.892556256866245e-106)
(0.05415428821060314, 6.796536953153593e-106)
(0.5840357883872376, 3.417968455800236e-105)
(0.49379041871200496, 2.6987906886703174e-106)
(0.9664054262640785, 1.525534969008148e-106)
(0.29428261789490073, 3.216359031713052e-106)
(0.17535863416948766, 1.380512751437003e-106)
(0.15418379875071295, 2.5516652399046636e-106)
(0.4397711928149132, 5.510481783125912e-106)
(0.5930288887148116, 2.2943870313749326e-106)
(0.49775752037870125, 1.8117029730330054e-106)
(0.1834843731863026, 8.722962673503596e-106)
(0.1951172741324449, 3.07379395120788e-106)
(0.3350783926121345, 1.4948697774466747e-106)
(0.7988515808616449, 1.3723381023602255e-106)
(0.7098785911296988, 1.9900738845881642e-106)
(0.8392018599426385, 1.6567183798090091e-105)
(0.1610585181897829, 2.0645308855729347e-106)
(0.5437316619113468, 8.406553907846069e-106)
(0.07762851400331998, 2.0199868681640807e-106)
(0.7003009011734568, 2.4177502681039435e-106)
(0.6155460775671324, 4.949286537316655e-106)
(0.3296953820243095, 2.0925321774500135e-106)
(0.834542557672726, 2.266012320295638e-106)
(0.3607584415215055, 7.018826493211271e-106)
(0.3994908032908126, 3.028590437573053e-106)
(0.1777833576391558, 8.638641774809034e-106)
(0.8191702078052107, 1.429914276117665e-106)
(0.7899804982506888, 1.4279454502937358e-106)
(0.20649895624746442, 3.5411560946660477e-106)
(0.4963877237072562, 7.704400312253828e-106)
(0.013140934134307563, 2.4357903197319916e-106)
(0.9513432925752086, 2.710001773052238e-106)
(0.9742985663717634, 1.9053674017324522e-104)
(0.22794559453909738, 2.238561439215336e-106)
(0.7987034003502412, 9.437034957385033e-106)
(0.8549083560639954, 2.0676137360241134e-106)
(0.36146965759061095, 6.268241498340248e-106)
(0.8524997583031696, 5.325937281185206e-106)
(0.9414194748900098, 1.6384046887581733e-106)
(0.32470183414391346, 1.4645892313652196e-106)
(0.7374610901670146, 1.9421128969500648e-104)
(0.8560098465047402, 2.546976245550645e-106)
(0.5219482725317649, 3.9562808780524174e-106)
(0.3529295985671699, 1.502746270284695e-105)
(0.47956689725341456, 1.5263689160368107e-106)
(0.7445779023782872, 1.227972988720643e-106)
(0.2938451065600673, 1.8677237285119348e-106)
(0.24358789870201533, 1.453359366622459e-105)
(0.5625538533941635, 1.4045628739416733e-106)
(0.6436121166424623, 7.557879288971198e-106)
(0.42882634964460126, 3.192360344837237e-106)
(0.7955693480522624, 1.8137457449957492e-106)
(0.5685088247566813, 1.472976771854682e-106)
(0.9407971634062839, 7.187249517571973e-106)
(0.46441748254576326, 1.3405967216182031e-106)
(0.46211418869139137, 1.240729163433685e-104)
(0.6013416915100017, 1.4421841548132474e-106)
(0.4013996563148326, 5.880424393112467e-106)
(0.4228695178116915, 1.729152613577638e-106)
(0.7242078574931327, 8.12651727513425e-106)
(0.24626522444151225, 3.018065122888448e-106)
(0.02153857301681838, 5.952772204420078e-106)
(0.5772240761904174, 6.651806484019436e-106)
(0.25068263494917226, 1.3803867619881453e-106)
(0.30440866449927234, 2.225026318012032e-106)
(0.15969076550223413, 3.0733373623105117e-106)
(0.7532888391151716, 1.9099966954324282e-105)
(0.8466119372751542, 1.4739562740320495e-106)
(0.8814633217748162, 2.5104484944957365e-106)
(0.0003883497784594364, 6.391995587109436e-106)
(0.06910390860570739, 7.580453731126221e-105)
(0.23629273675850104, 8.550694227996922e-106)
(0.5434976584017838, 3.1399005736653444e-106)
(0.2794321960720698, 1.2444350363415008e-106)
(0.6753101552393392, 1.7013477215812865e-106)
(0.45674292239868564, 2.4611360085584665e-105)
(0.98313749844243, 2.51776170877689e-106)
(0.8194575801929078, 2.7983437682978883e-106)
(0.3061056964805217, 4.881776588488211e-106)
(0.8041692855018874, 6.803813684904984e-106)
(0.36535273050131645, 1.3488604868934614e-106)
(0.6702883088992879, 1.4969362193490525e-106)
(0.4242310428988027, 1.4670592717485523e-106)
(0.8048228254395624, 1.903796781365406e-105)
(0.8844473383997182, 1.759334133998941e-106)
(0.5266689202256867, 1.6081358448463495e-106)
(0.5157358163542091, 2.89492670835393e-106)
(0.6203312313708219, 2.3126051039877316e-106)
(0.6748383356312487, 3.0088724173609277e-106)
(0.185791923541341, 7.071059101683391e-106)
(0.003983431571867663, 1.1487079989598411e-105)
(0.8429915333078434, 3.704861714189211e-106)
(0.3523842013997478, 3.3372497264549825e-106)
(0.17636783202334066, 1.6910687471287874e-106)
(0.6087556923510257, 1.3330313543890607e-106)
(0.12783883289157155, 2.5208537724936127e-106)
(0.2767656500837175, 7.604787717722952e-106)
(0.36380927859070594, 1.3835080150413008e-106)
(0.44418705524899066, 6.376079588791559e-106)
(0.2625132163267087, 1.3843206384616555e-106)
(0.2111597983604275, 1.300101748361102e-106)
(0.9895098936865138, 2.297396782942614e-106)
(0.933500115696312, 1.018247866042539e-105)
(0.10898985234461296, 1.722417049869505e-106)
(0.7537059549541605, 2.325385169689945e-106)
(0.5652200549306095, 1.8029030336727613e-106)
(0.01430398870823245, 2.760505082642462e-106)
(0.7561955736077768, 3.14943809927549e-106)
(0.07315726393483966, 3.7983972902243315e-105)
(0.5999913507349804, 1.640920099006521e-106)
(0.40842350082483975, 3.5086342976728914e-106)
(0.18234514423301468, 5.817765279310439e-106)
(0.14704548536527506, 2.800468488620936e-106)
(0.5108594252400358, 3.0368743907308637e-106)
(0.9129944373763745, 1.2504622652050803e-106)
(0.8601913735074838, 4.801543365090594e-106)
(0.4289099007359303, 2.5781618645987847e-106)
(0.1889831999364719, 4.06507410352338e-106)
(0.15262295726596034, 9.099070556189455e-106)
(0.8210169686185225, 1.63364079883018e-106)
(0.158613607939935, 1.0020909384336924e-105)
(0.8553826108140196, 2.0286042697171734e-106)
(0.4036092535476756, 1.5350138987411946e-106)
(0.2903458186065611, 1.3427193372631328e-106)
(0.49765993625915195, 6.174549557015644e-106)
(0.9155536407340871, 4.788827583558741e-106)
(0.18488472273554946, 4.0773357804853145e-106)
(0.8724480600432039, 1.5681563135947452e-106)
(0.4855423730043319, 3.7777960799122166e-106)
(0.06797872532791348, 4.508364360835112e-106)
(0.09858286441497516, 2.255450736228674e-106)
(0.5134961759960905, 2.4590348597471673e-106)
(0.9395475100580997, 3.3324587329241693e-106)
(0.06742613359115864, 1.5340993314959474e-106)
(0.35751439707123206, 1.077197450327088e-105)
(0.4400001510537458, 7.285530083884892e-106)
(0.7415508208661444, 3.070525862670577e-106)
(0.28550750017135196, 1.434407865257041e-106)
(0.16848175738257487, 1.3493432497787482e-106)
(0.3604216291325679, 1.4977215209249865e-106)
(0.6001352655326215, 2.368776952931108e-106)
(0.6246004951279699, 2.319265178207786e-106)
(0.4270535919412439, 4.064425779638899e-106)
(0.2249945073517717, 1.7229153957230498e-106)
(0.04972825161140802, 2.408610033830602e-106)
(0.3375037740422044, 8.648867351864688e-106)
(0.26641771140020476, 4.485071528481192e-106)
(0.2233160281666951, 1.8306399376357693e-106)
(0.02937764643583946, 1.7123051856843569e-106)
(0.012375711169337522, 2.5936499522104913e-106)
(0.0012003331861139455, 1.5360213702240804e-105)
(0.10817428366305332, 1.3924597114844129e-105)
(0.5136857362874353, 3.918759673024878e-105)
(0.08041577502677275, 1.3032183141996501e-105)
(0.34964114106705846, 5.178248625358776e-106)
(0.08087441755050369, 8.58364843243096e-105)
(0.35330371665390325, 1.498266940559478e-106)
(0.9297534119430648, 2.716940477166102e-106)
(0.3360022789710138, 1.7518643921000223e-106)
(0.3205537406186584, 7.823903553909759e-106)
(0.9488371614209227, 1.271275572464514e-105)
(0.011134511674879978, 1.0673612362381797e-105)
(0.511797931386287, 1.4303124856225428e-106)
(0.07483209529589951, 1.7775478726357334e-106)
(0.3942213783648423, 2.0533852306921752e-106)
(0.05754582575217319, 1.5971482784309518e-106)
(0.20534293162387132, 4.441716849770634e-106)
(0.92044256694541, 2.3774134762742333e-106)
(0.9388960099118145, 1.3753013170283462e-106)
(0.04647554172465153, 1.4771350796330345e-106)
(0.8303472560671029, 3.159303339631366e-106)
(0.009220181865050879, 2.834758513452439e-106)
(0.16571095132026478, 7.217608277968939e-106)
(0.47803738707048704, 1.3356590498462315e-106)
(0.4764462863246785, 3.6721888693178153e-106)
(0.43531157993593167, 4.3168613772327735e-106)
(0.5780083037579655, 2.450126007599281e-106)
(0.10455846181160815, 1.22699157706481e-105)
(0.9273932795361675, 2.0842676089290077e-106)
(0.29637351993865085, 3.2731358037343923e-106)
(0.907318333559781, 1.5056951421418352e-106)
(0.26352327944666193, 1.9883451931649078e-106)
(0.24077374582828098, 1.857690852280121e-106)
(0.07142725113645469, 1.265244293815102e-106)
(0.5429805587672115, 1.7120028618133547e-106)
(0.8474791718003235, 1.7303780005610135e-106)
(0.5161942091737964, 6.5394789133028185e-106)
(0.2552827093838149, 3.642814173877004e-105)
(0.7425741171692554, 1.2732076259201254e-106)
(0.20264780094225218, 2.8945639635089524e-106)
(0.053144067067056384, 2.2570668946130817e-106)
(0.8680435303895555, 3.197281542318517e-106)
(0.878005382906356, 6.503250217460331e-106)
(0.8128957626348406, 2.1064933815744923e-106)
(0.7088636888317498, 2.4333512597077445e-106)
(0.9026092069503459, 1.5259031011873679e-105)
(0.06960686316373674, 1.8670577061802827e-106)
(0.867608283075455, 1.9112688473498596e-106)
(0.1745610277291957, 1.2697848510387115e-106)
(0.5466300169572965, 1.232490529236146e-106)
(0.10578684478876245, 1.9178815860572224e-106)
(0.18129859465498854, 1.9817866677089216e-106)
(0.6314548450923304, 2.2282086428652594e-105)
(0.7656138265746687, 3.32535590247237e-106)
(0.24571116293545212, 1.1358790915413149e-104)
(0.8342753700113529, 4.753491571680553e-106)
(0.4253249117050451, 4.4237722045142504e-105)
(0.8238150919389375, 6.387009627192388e-106)
(0.6315526665495336, 2.382182018346542e-106)
(0.8837094219486732, 1.6250723837095643e-106)
(0.07155562351743712, 1.1075395561614552e-105)
(0.655397460856775, 1.539857754434274e-106)
(0.013569905855688265, 1.2702640614218206e-106)
(0.26024022626280413, 2.1434804451584202e-106)
(0.03681785836136868, 2.8353146042109545e-106)
(0.5277361783877077, 7.36970090016908e-105)
(0.9678588340249984, 1.1141850771382669e-105)
(0.33956792536139935, 4.903137497079225e-106)
(0.5931541075376913, 2.3241418420611644e-106)
(0.052069602146421444, 1.6557678687031277e-105)
(0.7207653190675387, 5.202922959411114e-106)
(0.7004613520579093, 2.7950279676248175e-106)
(0.7168105995330356, 1.1018563001807051e-105)
(0.7172905817520502, 7.745956613048441e-106)
(0.5127968627486317, 1.8180286736310457e-106)
(0.8147991706731376, 2.6940317945398265e-106)
(0.954467992140552, 6.342600438787543e-106)
(0.7461326517489143, 4.384450838458151e-106)
(0.3676886717931317, 3.415812989327301e-106)
(0.2941984080340777, 2.1127876131044317e-106)
(0.979589289441, 1.2828929753172942e-106)
(0.24923080193974134, 1.6871329029714473e-106)
(0.1449635087175371, 1.6058947772452628e-105)
(0.7759109127687984, 2.5158160667131746e-105)
(0.9598910531071917, 4.733775988804031e-106)
(0.7809327815566418, 4.822725902381143e-105)
(0.8294986393781244, 1.4810240309195653e-106)
(0.23174179023316213, 1.4883121916408964e-106)
(0.7929369268988983, 1.2324911220796472e-106)
(0.5338281227623978, 4.73366737158088e-106)
(0.8706800576254587, 3.8712941747286366e-106)
(0.8583086971047744, 5.213759147520963e-106)
(0.5398783324761048, 3.1731456438310804e-106)
(0.7252732001498243, 1.2583105315263752e-106)
(0.7996089328536706, 4.106381120259977e-106)
(0.6647791679694748, 8.308765079907888e-106)
(0.6952348481454269, 3.908459207891207e-106)
(0.44097680058301547, 1.5858456078329209e-106)
(0.2545834006763776, 3.1752922964733875e-106)
(0.903007114884725, 2.6114707008192395e-106)
(0.9766673783989273, 1.2324071879379633e-106)
(0.2410596560180394, 2.3395256853417945e-106)
(0.08495993626361252, 4.664680566405283e-105)
(0.9014577307166811, 1.343757026426175e-106)
(0.4830755645173462, 1.990759290138173e-106)
(0.45968732225829656, 3.0246671574571706e-106)
(0.869028069877332, 3.738699328481245e-106)
(0.4837567678855695, 3.3176420827952464e-106)
(0.8311359827355572, 1.2313290917916058e-105)
(0.44193225332416497, 1.9899897256024383e-106)
(0.8183121851920818, 2.2849723185004673e-106)
(0.2723841511286009, 1.5895557393775936e-106)
(0.8622481936592332, 1.0260846495375282e-105)
(0.4767477414390313, 5.923799668420615e-106)
(0.9566896568949395, 1.9389951706364413e-106)
(0.12310693408951072, 5.909276634166796e-106)
(0.26545993996240613, 1.4394566697990195e-106)
(0.3693629654971261, 4.10116476510456e-106)
(0.3701747793217348, 7.358459104090445e-106)
(0.5022302133523464, 1.5685050799775034e-106)
(0.14981564193497196, 2.81885643191515e-106)
(0.20057345183143174, 3.12843649796553e-106)
(0.12524779589881743, 1.5558625464088556e-105)
(0.7023647247316582, 1.2288271385497063e-106)
(0.6910289571565706, 1.86436268042407e-106)
(0.7526693042081501, 5.637545159366655e-106)
(0.2370539826390769, 2.168850155157265e-106)
(0.40599173243342784, 1.392236851266548e-106)
(0.20428978482888324, 2.3160360495335607e-106)
(0.008957380697016942, 1.6881827847100897e-106)
(0.7570557990688327, 1.288447655398584e-106)
(0.14315001523444015, 4.780716218609236e-106)
(0.4508585797155716, 1.3272873384746869e-106)
(0.2139907808720503, 2.1444513484487753e-106)
(0.5928454839314677, 7.015688964987758e-106)
(0.921205460825389, 2.2588721182624956e-106)
(0.03383552673611002, 2.5357502012126793e-106)
(0.5074630853408122, 2.215042479362666e-106)
(0.6739423840053705, 8.119290044304559e-106)
(0.423551029114085, 1.606214978209973e-106)
(0.25271761663231107, 3.6989034132638585e-106)
(0.35987516724070756, 2.9989491426064235e-106)
(0.26597569556699024, 5.105668567212386e-106)
(0.8313346258191184, 6.462335371835496e-106)
(0.05501957652664375, 2.7158175239855557e-106)
(0.2307844117230575, 1.9034991592373776e-106)
(0.9476417619872075, 3.183318407043755e-106)
(0.5035942876953207, 4.361856530401982e-106)
(0.8411764554009439, 2.431452145576211e-106)
(0.9137217333446563, 3.771045655545758e-106)
(0.6246586904309147, 1.4219631544402804e-106)
(0.6992554967124744, 2.1227064886702598e-106)
(0.6393094973980433, 1.3880090990367393e-106)
(0.011393987375213766, 1.5207246590915023e-106)
(0.8686743786441258, 2.097975571496856e-105)
(0.4072458321981115, 1.2421591352161962e-105)
(0.16118809736083076, 1.2665235671759078e-106)
(0.8634930256923639, 1.7261041727135544e-105)
(0.3699598359064393, 3.8607979154227836e-106)
(0.34241851352729363, 5.400462421772565e-106)
(0.9227082659943411, 1.2502342428362674e-106)
(0.993227673781123, 3.3541775968140764e-106)
(0.585065343887633, 1.274772973451704e-106)
(0.21756387764907387, 1.4273990507259107e-105)
(0.9656287533826621, 2.5449219136991592e-105)
(0.7571690819527113, 1.019706748670169e-104)
(0.09548525065073643, 3.92177151279561e-106)
(0.17844639882687002, 1.2475780750112832e-106)
(0.033989867850477126, 1.6938519992869404e-106)
(0.6401863195712466, 5.236154389519554e-106)
(0.6003104395727422, 5.99018907605254e-106)
(0.2566295822701142, 2.9980352416408295e-106)
(0.7814004217568535, 2.7342182225427524e-106)
(0.6723386291263699, 3.1317146132883904e-106)
(0.6763494961190173, 4.698071305501923e-106)
(0.3810242091490302, 1.4460792574143037e-106)
(0.8750271173860146, 2.012601235724261e-106)
(0.15873045204146244, 1.3559985957804159e-106)
(0.7919822955728958, 4.0130663665531917e-106)
(0.00904507659067436, 3.121882334406237e-106)
(0.5282796348795208, 1.9948030418853016e-106)
(0.2890284120326468, 1.3584903434056297e-104)
(0.7271265026589749, 2.6929156273813028e-106)
(0.2644201186752731, 1.493235751636113e-106)
(0.257067562454501, 1.722681973317838e-106)
(0.28035724482953356, 1.232130011639385e-106)
(0.18884653907375654, 3.4310905835976953e-106)
(0.7122029138307079, 2.2695063506985667e-106)
(0.6319648912967826, 1.754922409263816e-106)
(0.9995270821146451, 4.395976477974003e-105)
(0.4855966652906336, 1.2471821597029502e-106)
(0.39437214040184193, 1.725441411997222e-106)
(0.20736584393994364, 2.2680902403224757e-106)
(0.7600613775938323, 5.675615489134735e-106)
(0.2507349686384285, 1.619916116163377e-106)
(0.5671630082197839, 3.1359243522651316e-106)
(0.06716466056758134, 3.116751368979864e-106)
(0.5988056821508684, 1.7042314287941127e-106)
(0.13967221325009027, 4.450530845033656e-106)
(0.4317329825778854, 1.3244599908618676e-106)
(0.6751650325712608, 2.0148528517663118e-106)
(0.7510489582011184, 4.5858955959853434e-105)
(0.11458130045456083, 1.8488449387893417e-106)
(0.37072211424835, 3.067774921111328e-106)
(0.5887148870552237, 3.3511341899754454e-106)
(0.7963084502167737, 2.9981936392051453e-106)
(0.20335152285028246, 1.500406737811326e-106)
(0.6559346390872315, 7.115123184988598e-106)
(0.7807165075386159, 5.422204599615475e-106)
(0.034620027731911945, 7.91899685449964e-106)
(0.9172855641709128, 3.3206778380435423e-106)
(0.9413863053912568, 1.5556502853277492e-106)
(0.26425511776802896, 3.342011791357908e-106)
(0.7443985345309356, 1.4070586655207144e-106)
(0.6470243989888368, 4.166633382411036e-106)
(0.13482715305006676, 2.959035503314302e-106)
(0.5479165644865941, 1.8309077814013388e-106)
(0.6901115800861853, 1.791891569340555e-106)
(0.058424814605802025, 2.441527944118481e-106)
(0.8337975966427179, 1.3142649217780986e-106)
(0.8877786297175728, 2.351337642351381e-106)
(0.9530247527919536, 1.3709743847188987e-106)
(0.6230209816745329, 1.4505405943540122e-106)
(0.8620064523191378, 1.3763269026358423e-106)
(0.35532580070865216, 4.2772508031788196e-106)
(0.612883087555433, 2.23127054002447e-106)
(0.6589564736821967, 2.130263500669553e-106)
(0.2920651901022915, 6.642376058503824e-105)
(0.3108699691820519, 2.4023177622151704e-106)
(0.11222743737412329, 2.5360974740942456e-106)
(0.4682333821855047, 1.9445879920776326e-106)
(0.4680283846108883, 3.255025206697841e-106)
(0.8535711704006722, 1.7794057903776501e-106)
(0.9674512153353724, 1.128560831260071e-104)
(0.6569855388544686, 2.479714629424266e-106)
(0.747432987566735, 2.301448683013591e-106)
(0.8290300257967762, 1.533576484717081e-106)
(0.7935784821154175, 1.8483477050955282e-106)
(0.6507683055852701, 1.5865250670037043e-106)
(0.7180659585881524, 3.1029844001348764e-106)
(0.33302443926555286, 4.386453806309238e-106)
(0.1538382808748955, 5.169566282387331e-106)
(0.5054103749225703, 1.4202402997078085e-106)
(0.8736303831095326, 6.2460705397120994e-105)
(0.2886995896612682, 1.7439483438153621e-106)
(0.7483302629196774, 1.3744094502926433e-106)
(0.17408072453414694, 3.2925017988365487e-106)
(0.17005101412936371, 1.51596325774089e-106)
(0.07068261537769399, 3.7852049482452384e-106)
(0.31937070427263065, 2.789823564236133e-106)
(0.21808381935067953, 7.632273901403142e-106)
(0.8406372280115194, 7.896850867013791e-106)
(0.9916888927226786, 1.5002311138755682e-106)
(0.5943101723176268, 2.0883252097889647e-105)
(0.18526117061200728, 2.349430595814536e-106)
(0.3263976756482792, 2.981430001258919e-106)
(0.7722894528155682, 4.1123208219818745e-106)
(0.4360855903868105, 1.404139198508295e-106)
(0.19999625419439493, 1.9772347848785306e-106)
(0.38344452005377483, 1.3212446282797464e-105)
(0.9815009801568043, 1.4577567519615525e-106)
(0.7385684163491432, 2.2373917264017e-105)
(0.04701185353646413, 4.910431300141502e-105)
(0.13846834165123056, 3.313363010376427e-106)
(0.165862970295083, 1.3086115563874655e-106)
(0.39831802055379517, 2.261200777813858e-106)
(0.4931584465600548, 1.6173322315249413e-106)
(0.5103701939669629, 4.648435350656112e-106)
(0.05798899364554301, 3.0553183174262707e-106)
(0.06579169807441493, 1.5670570466267231e-106)
(0.04053549566685973, 1.5910647437513316e-106)
(0.11931461611843233, 1.2298675071359066e-106)
(0.6548300357496132, 2.4302081200255014e-106)
(0.6300097317480275, 2.1073600158551466e-106)
(0.1607298838774248, 1.3062385024656253e-105)
(0.7781851734847979, 1.8699819782738542e-106)
(0.32532184274649883, 2.902638821936561e-106)
(0.238360020545931, 3.13427559715513e-106)
(0.7298447363698514, 1.1747624031613923e-105)
(0.9837673244549554, 3.624400836352567e-106)
(0.7155107982436956, 1.7846164471183627e-105)
(0.29115208222774985, 2.2874827632600006e-106)
(0.04660113396441525, 3.168475430263428e-106)
(0.7198415732454482, 1.8663170855236784e-106)
(0.40378658635784814, 1.476042162042196e-106)
(0.7725885986406881, 2.199371395347104e-106)
(0.3348680987738358, 1.3181129007292588e-106)
(0.1434093778106201, 1.345506355890969e-105)
(0.7912308512484857, 2.1304174968049937e-106)
(0.6100042433728026, 2.4247705587682795e-105)
(0.21873037771455095, 2.5340893479203974e-106)
(0.10476222782419992, 4.086676735138573e-106)
(0.7037352311700695, 4.643872270514188e-106)
(0.47471210291806354, 2.4381130336690254e-106)
(0.7756359957891986, 1.508632208506398e-106)
(0.892462759746731, 2.0339406585510363e-106)
(0.5788016381174471, 1.8003135102442133e-106)
(0.4406459098068648, 1.425529815985283e-106)
(0.5415742019704349, 1.7246261805181837e-106)
(0.9227060917527883, 1.702279281827441e-106)
(0.17723844052325582, 9.165131035129737e-106)
(0.4075389081671481, 1.984412682884726e-106)
(0.8411516738576663, 1.287369253723203e-106)
(0.7099381295160535, 1.2473758060924995e-106)
(0.6480101880540495, 2.566843800076744e-106)
(0.3380907158613044, 3.3267564926485573e-106)
(0.7370102323291025, 1.2323031449496894e-106)
(0.7392760832189249, 2.5521498165136374e-106)
(0.9002661218525841, 4.10545752444317e-106)
(0.3988776094616718, 7.255326983199877e-106)
(0.16989166924768617, 1.6771010832534e-106)
(0.08336337401715455, 4.635569310219313e-106)
(0.0014964804992207343, 2.891140439109482e-105)
(0.5898581367006323, 1.2684482563573122e-106)
(0.36508113248869023, 1.432669240000157e-106)
(0.9757239938347478, 4.288569243635395e-106)
(0.2293070070469207, 2.449957333661365e-106)
(0.9227273807787582, 3.8030254687639463e-106)
(0.5613510360499271, 2.6306952839656834e-106)
(0.871077914643955, 6.673854765087029e-106)
(0.5681407787463978, 4.178851676742068e-106)
(0.32372608774945155, 1.98982197772344e-106)
(0.9926497063163902, 6.58720430307339e-106)
(0.9667816969795682, 4.424391601107305e-106)
(0.37328714362184845, 1.4389472479187605e-106)
(0.01978874258211728, 1.5671327197525865e-106)
(0.2682425552249444, 1.6009821831274343e-106)
(0.4169581921675378, 1.5723554633783577e-106)
(0.3663990531014855, 2.2841175170743712e-106)
(0.22294307898524054, 3.881173443821529e-106)
(0.9254650607468741, 5.927346483849796e-106)
(0.41692420434365485, 2.6922368887081245e-106)
(0.7013442770284722, 8.540194781358658e-106)
(0.8594834081354746, 2.285504355975774e-106)
(0.9868776589140368, 1.5190352524313033e-106)
(0.8208062528781195, 5.013489364591838e-106)
(0.5526286679382969, 9.699372059164977e-106)
(0.8432637405512377, 6.199748755955867e-106)
(0.1395640400666535, 1.5359499465564493e-106)
(0.39995130186586425, 1.6770687464162128e-106)
(0.23136342613305447, 1.43241704643641e-106)
(0.45974410408827826, 1.617549102278525e-106)
(0.2763562101499449, 1.312790416320249e-106)
(0.5497664742796285, 1.6462160298155566e-106)
(0.9363984592256465, 1.0468137310127517e-105)
(0.2935923252917869, 1.652444335412241e-106)
(0.729529215393071, 2.0935511731184582e-106)
(0.9565156001329467, 4.835898585037706e-106)
(0.3420803335381742, 9.817576827032618e-105)
(0.628078979467842, 1.7157881389234856e-106)
(0.5247894933728845, 1.3970728951110821e-106)
(0.46991009958086155, 2.4723835823705855e-106)
(0.1775322174347784, 1.9819146767146297e-106)
(0.21213515798735483, 1.5530940598771109e-105)
(0.7873184891992028, 3.3890923677215e-106)
(0.7207946577940552, 1.436941637824667e-106)
(0.12847776204761166, 1.4863263668196814e-106)
(0.25855239988699824, 1.8773618628043568e-106)
(0.7449584485659719, 7.320079231680114e-106)
(0.4944776690121347, 1.7371979878412062e-106)
(0.3487007281990523, 2.1429438948039984e-106)
(0.715140040899091, 5.293610747241953e-106)
(0.4021998742959552, 3.1107404263421094e-105)
(0.5253741014865918, 2.811647733058636e-106)
(0.14333091655761337, 1.3836788704575716e-106)
(0.15749407144625044, 7.570271705037888e-105)
(0.819965567735016, 2.523644446099388e-106)
(0.4899439066586822, 3.887594412915189e-106)
(0.4945957876511732, 2.683140273587765e-106)
(0.8516323283053525, 3.741613114540074e-106)
(0.34270560651016635, 1.6095910167632926e-106)
(0.14641642301085742, 3.581097805565247e-106)
(0.3161880403940303, 4.8376465911868365e-106)
(0.8393745806862302, 4.602990820275882e-106)
(0.47494640463938603, 1.8501360714282849e-106)
(0.5693721332142566, 1.7667725960601163e-106)
(0.3153199829789124, 2.4384820186360156e-106)
(0.4576392970133918, 6.602262191369174e-106)
(0.7236079075178895, 1.5693314912070563e-105)
(0.04723145196889869, 1.7425515751165556e-106)
(0.43339685581148174, 7.364872876352606e-106)
(0.012175399077109756, 4.98796150752538e-106)
(0.49337616189638467, 2.5572582396498286e-106)
(0.47971860617813006, 2.3821608150708715e-106)
(0.8732798909127087, 1.280550626825757e-106)
(0.39343166001469787, 1.848070867869442e-106)
(0.14101661492034173, 2.6078645452833444e-106)
(0.010052521683475637, 1.5814957846502624e-106)
(0.34608697428116947, 6.563620864278999e-106)
(0.9868434035716203, 2.651417519010222e-104)
(0.8002851900204792, 6.664009135540768e-106)
(0.08733772211293357, 1.0171491577970972e-105)
(0.9398252883853084, 1.4031155872714796e-106)
(0.22968826984823773, 2.574234441766706e-106)
(0.3214770921397124, 1.7982409396870538e-106)
(0.0782117018689716, 1.6279622308464465e-106)
(0.2657113808245495, 3.656674960404498e-105)
(0.7979272947667152, 3.187724768564894e-106)
(0.48362365945842234, 2.2433635735538337e-106)
(0.10302803616920521, 5.903874173871375e-106)
(0.08334787970275359, 1.880654646352162e-106)
(0.6705347208286243, 1.9437507641440544e-106)
(0.8262127185512236, 3.217315245737132e-106)
(0.23874926506732533, 1.3936354492369299e-106)
(0.37553242316760616, 1.6348401042398625e-106)
(0.7298197684729495, 2.4804954470520184e-106)
(0.503683749454763, 1.3545361573058763e-106)
(0.3325970914025445, 1.8397900953920992e-106)
(0.17296493576481867, 1.4953217849019448e-104)
(0.995467061976281, 9.78433390248008e-106)
(0.3318164292451186, 4.2276375320733695e-106)
(0.44721426035826306, 1.5027293188042407e-106)
(0.34903581539518, 2.479818027455246e-106)
(0.7318364916027461, 5.9326193283038445e-106)
(0.8485929271329812, 4.582631573209546e-106)
(0.6812974685414888, 1.308658437977896e-106)
(0.993517244390517, 1.2367081475555193e-106)
(0.4583947541787283, 1.949952534670866e-106)
(0.9553817972030627, 3.5116246729353673e-106)
(0.0017540799857278001, 4.703400912013349e-106)
(0.42119056318115006, 2.063077836931178e-106)
(0.2935031907612135, 2.5661342080196067e-106)
(0.4061006650832279, 3.1885125463822443e-106)
(0.5762664605820008, 1.2109206959483613e-105)
(0.7636832332327105, 4.210571547836408e-106)
(0.16598068587756906, 2.632673388264922e-106)
(0.7330369221726489, 4.715585861480554e-106)
(0.3796834626297627, 9.884627828358475e-106)
(0.7667952997913066, 2.1876449589303257e-106)
(0.28676891302672025, 2.6329381038325985e-106)
(0.7524262764879072, 1.3793398318049978e-106)
(0.788300403190489, 2.6794006483380754e-105)
(0.4748704049648451, 5.884831409931673e-106)
(0.37254759864260517, 1.4466261586256502e-106)
(0.6060900503609544, 1.8779299117767583e-106)
(0.8406140172851677, 2.642214546507595e-106)
(0.4693868017287468, 1.0007860025632818e-105)
(0.3456052805567488, 2.0743232930504682e-106)
(0.8405334684879404, 1.2750475377495498e-105)
(0.24149338124731662, 7.8011220189305845e-106)
(0.6429392239932404, 2.73977009081224e-106)
(0.30144208788245297, 3.606596051439823e-106)
(0.07778465409648969, 2.1630526190671248e-106)
(0.9777828407632693, 4.591253615459218e-106)
(0.7976449880243146, 2.373496309506892e-106)
(0.6372292742591826, 2.968357219846197e-106)
(0.24211473227912464, 1.890061731337473e-106)
(0.6841277673641144, 2.5878337212189313e-106)
(0.5411035668694044, 1.4225255799271727e-106)
(0.047240858071496146, 1.7477984672612206e-106)
(0.5255313641424827, 3.18807241008965e-106)
(0.8397267209153111, 1.2678093280680746e-106)
(0.16199024678366974, 1.2673119210927666e-106)
(0.43031868077705343, 2.327067335566141e-106)
(0.19760526333727338, 1.6893509808186225e-106)
(0.39229545202591953, 4.460836742637764e-106)
(0.23956009501099695, 1.2528437273002786e-106)
(0.09495212852987683, 4.462486002145957e-106)
(0.20581089104731756, 1.263552115144671e-106)
(0.8626089980208349, 2.0593366567808345e-106)
(0.5216923745412985, 3.623632141248327e-106)
(0.4963397839684894, 7.240554689147338e-106)
(0.7661384930859688, 7.302234940580464e-106)
(0.37427151542540527, 1.4759585440797246e-106)
(0.3053207360666466, 1.3251818664178802e-106)
(0.19848279878518196, 4.5474980267423875e-106)
(0.4868947108125796, 2.484529923842222e-106)
(0.3371172878233064, 2.146796803958029e-106)
(0.30972065130882215, 2.161556540855685e-106)
(0.7223614188362137, 1.1100229869433308e-105)
(0.5692674429159197, 3.0106828679868073e-106)
(0.00202912683473491, 3.1722993293582005e-106)
(0.5892371749479884, 1.256870966999374e-106)
(0.43269448192211396, 2.0240488084220704e-105)
(0.4202613647949322, 5.7382852882137566e-105)
(0.20353540306955478, 5.027309483172604e-106)
(0.08202287616899308, 1.4441354195570306e-106)
(0.01896916939566472, 1.3883939439853191e-105)
(0.4979961891845086, 1.4146749170642156e-106)
(0.7319851328092316, 6.094765010531345e-106)
(0.28374342872774105, 1.3919064475630586e-106)
(0.08301835215417874, 1.6629833966654427e-106)
(0.11972352454192003, 6.195479316517968e-106)
(0.6765175535116866, 1.4693408816928618e-104)
(0.5776981442755792, 1.4358838286593115e-106)
(0.8104743040141923, 1.5840341227706525e-106)
(0.6930726969769976, 3.511588988775994e-106)
(0.8702007173278565, 2.160286442717162e-106)
(0.6129514159067606, 1.6409964924035598e-106)
(0.4367544514146904, 1.719955601411944e-106)
(0.5810882891444403, 2.4051150992496445e-106)
(0.030587507721457602, 3.4206667041530865e-106)
(0.6951176453950397, 1.5199770739440403e-105)
(0.776485819909713, 3.1700288508500526e-106)
(0.7830473525503718, 2.9271129136007834e-106)
(0.8363832016328908, 1.761447117846937e-106)
(0.1640714788850747, 2.3225287150665284e-106)
(0.5643720244560965, 5.542070840760437e-105)
(0.13898280236432317, 1.7798799017343912e-106)
(0.36430992601443674, 1.5642074269833264e-105)
(0.7366366337121799, 3.0095771707269955e-106)
(0.7916672950886795, 4.684639606061002e-106)
(0.9839457805048714, 3.614339808058086e-106)
(0.9109632150835172, 1.596601273754377e-106)
(0.8609724886030613, 1.9480651587407346e-106)
(0.35830806921438896, 3.124307209711339e-106)
(0.2197796341520494, 3.406186138431771e-106)
(0.5724254017079544, 1.9503010179306402e-106)
(0.787387065651548, 2.0414289580990295e-106)
(0.6479870225527683, 2.117026034013175e-106)
(0.7744567719371704, 5.446507968106224e-106)
(0.015930027369853324, 1.6965668157786273e-106)
(0.4705878426435807, 3.877315522487082e-106)
(0.3431804595511313, 2.262072711633581e-106)
(0.06487113829621113, 2.1588313112196182e-106)
(0.22922252424480197, 5.134636312511922e-106)
(0.32800703010287247, 5.705463874118502e-106)
(0.886073679552282, 1.7335053102806874e-106)
(0.8943081592529081, 1.2216373180635807e-103)
(0.37016994458843006, 1.4863285317994694e-106)
(0.40523713800249045, 3.7564795478579194e-105)
(0.5887272035164509, 4.2345101912227033e-106)
(0.550423727458503, 1.799424574157786e-106)
(0.30170297759506004, 2.007335417889734e-106)
(0.5034230980227163, 8.179624358278656e-106)
(0.9842601579109772, 1.3937712549944576e-106)
(0.2932498795972236, 3.094708434830517e-106)
(0.3243731164510668, 7.914916582404826e-106)
(0.7090196988521824, 1.5637716898698542e-106)
(0.2196878514907555, 1.4033321705907324e-106)
(0.8722783769606993, 1.9767445536086296e-106)
(0.22533438384363413, 2.65812758846608e-106)
(0.19092842052344255, 1.2271184501409132e-106)
(0.06683795772295928, 1.2607042409841735e-106)
(0.43283839956299397, 1.3822237835999833e-106)
(0.22820484136514468, 1.8168680985584046e-106)
(0.06771874101560198, 1.239524497340987e-106)
(0.030254111019666817, 4.1119509161714093e-106)
(0.6836900411744842, 5.3359235213238395e-106)
(0.31109057031743975, 3.8240514369450106e-106)
(0.9724723303965471, 1.840329755149256e-106)
(0.9034081857178403, 1.702660360464437e-105)
(0.8054637415008223, 2.4511431807798824e-106)
(0.21243485337847923, 1.407514093476833e-106)
(0.5342582986111629, 3.8460149865390204e-106)
(0.8972518953554105, 4.2822611739027788e-106)
(0.9085168145591931, 1.9787411033482467e-106)
(0.08013215935179042, 1.352453385204553e-106)
(0.04907621384142501, 2.5221618930689393e-106)
(0.8891845725565928, 2.5675419131012356e-106)
(0.9439020526629742, 1.4537843193259038e-106)
(0.39459397223516507, 1.2301728713115039e-106)
(0.006127314926645897, 5.135622081115773e-106)
(0.43689095869912103, 2.5371747320891577e-106)
(0.8479143452148873, 8.569968544594807e-106)
(0.4705595467689071, 1.9940352260365844e-106)
(0.6655311323744257, 8.065301864028783e-106)
(0.38688043769201286, 6.472854553034826e-106)
(0.8556798220723911, 4.084609464604303e-106)
(0.03482278203072125, 2.299903414975545e-106)
(0.4738203545860225, 1.2644419154654632e-104)
(0.31292752747680347, 4.032301275440481e-106)
(0.7210793799174825, 5.64486085988686e-105)
(0.377004861579293, 1.7714651220754603e-106)
(0.6678284644091638, 5.540026038028403e-106)
(0.7331455899082776, 1.6328666401358348e-106)
(0.56386741307638, 2.151490675064731e-106)
(0.7156865544498138, 1.3690571445355848e-106)
(0.7137589462709997, 1.772766330123313e-105)
(0.3701841999798666, 2.4209804086777184e-106)
(0.23372690098932697, 1.6275635141995092e-106)
(0.8692741393657075, 2.9048838548863635e-106)
(0.8059036142454928, 1.777923570325768e-106)
(0.2709153496870111, 1.5917986197664733e-106)
(0.20113606281210197, 1.5800092790702745e-106)
(0.051453742439672136, 1.4141483890277282e-106)
(0.9810991203431975, 4.344276169803198e-105)
(0.374386568800461, 9.283549282693445e-106)
(0.2262595626603909, 1.5374143110987262e-106)
(0.9961591071603163, 6.893936409069464e-106)
(0.403940214968859, 2.7129124471540263e-106)
(0.7699653461384592, 1.2407235991776572e-106)
(0.23580914236023792, 1.9080799632965697e-106)
(0.10122956854315146, 1.511981331082463e-106)
(0.3399392182813793, 4.137984029564258e-106)
(0.0793641044634329, 2.795036274598517e-106)
(0.963984516091929, 4.50936633959136e-106)
(0.16605750172685999, 1.2425295732540532e-106)
(0.09886198355347714, 1.5731903219711335e-105)
(0.25364195098596964, 3.030551396981168e-106)
(0.7433005771638496, 1.5509031659395508e-106)
(0.7539098643731356, 1.6163322519689661e-106)
(0.030145288709742563, 2.487136310221253e-106)
(0.8611936704915458, 1.2959713021778645e-104)
(0.8129472534359004, 1.304055682899744e-106)
(0.3758028970933928, 1.5202421291767785e-106)
(0.0001232254649737996, 1.5057657942648535e-106)
(0.3125869840491327, 2.9019535643357654e-106)
(0.23197292093290448, 1.5845455366968375e-106)
(0.7837115737759675, 3.772491408670295e-106)
(0.2857150137256251, 1.752683364823713e-106)
(0.11884928100400255, 2.3005337884731353e-106)
(0.2520402591287393, 7.99420708611541e-106)
(0.5191676285069086, 1.318436607555473e-106)
(0.08197129588071327, 3.24026695670898e-106)
(0.7510633740584461, 4.672498497951477e-106)
(0.9965514918708868, 1.1644167507498328e-105)
(0.41982476874483926, 2.468190561268032e-106)
(0.02843819778335841, 2.2188828561658417e-106)
(0.4454988019288887, 1.2910190961462626e-106)
(0.9660566491991014, 1.8348872259761956e-106)
(0.30124947401838514, 2.377225096172163e-106)
(0.32522945388880986, 1.2298617276953949e-106)
(0.6133921653000548, 1.9411603818350934e-106)
(0.9123295779695081, 1.306732750207134e-106)
(0.4971684461083116, 1.4717310542143201e-106)
(0.6677590728420568, 1.2752797248948373e-106)
(0.6496815577440991, 1.4630199690491373e-105)
(0.1912360320158882, 1.4095579627635664e-106)
(0.5864960155417631, 3.196387361155453e-106)
(0.9209269154947369, 1.5796716416206175e-106)
(0.8142496468942337, 3.8971024699782315e-106)
(0.66781070627845, 3.225502486832487e-106)
(0.16007829611607885, 3.5233016229590107e-106)
(0.7515013234518279, 2.593330675059108e-106)
(0.07007217008307669, 1.3127441796055136e-106)
(0.25096530628017116, 1.9859354428389018e-106)
(0.8053546101259574, 3.2642927688272617e-106)
(0.11903452829211418, 1.2445257154021814e-106)
(0.1660063338378942, 1.9640487039947697e-106)
(0.8618012037154995, 2.659737449377589e-106)
(0.8115590479534052, 5.243123165354278e-106)
(0.5457498871166614, 1.7674200434808505e-105)
(0.0701843607881286, 3.0344618436690044e-106)
(0.3167511142787558, 1.450012401771097e-106)
(0.2513754762103569, 2.1167688376167055e-105)
(0.42389739406122257, 1.0822629890917162e-105)
(0.30581415957151153, 4.039902670707066e-106)
(0.7772582407888659, 8.521408741658458e-106)
(0.744276428473783, 2.0015763950692685e-106)
(0.5427709501407492, 4.48875218915175e-106)
(0.49793283140492584, 1.6534621118669614e-105)
(0.02666921202371138, 4.7266798750114825e-106)
(0.7664222096473696, 7.886742118074586e-106)
(0.2158445820378418, 9.940407468345842e-106)
(0.207583816943025, 1.8889697563268722e-106)
(0.13907587390813925, 1.5199352267296775e-106)
(0.5440628586742319, 6.289761035397458e-106)
(0.8414171619617375, 1.2988529744797396e-106)
(0.36733344691207803, 1.7152254206572402e-106)
(0.598317602303776, 1.343155311832561e-106)
(0.224728461414024, 4.696154442012029e-106)
(0.7112124559663784, 1.3066941630338672e-106)
(0.22540204056238217, 9.759714504598842e-105)
(0.24281038182856685, 4.827709220354387e-106)
(0.19120339432147043, 2.1522652932208202e-106)
(0.9436307047115212, 1.4976797697401114e-106)
(0.4867417829821094, 2.2430190497418086e-106)
(0.9456634204095136, 4.879711332904391e-106)
(0.5255503411281586, 2.9897273148738806e-106)
(0.5802552811147562, 2.2417168979648633e-106)
(0.051121759668598686, 4.311025382773423e-106)
(0.7336233248482456, 2.359362563862184e-106)
(0.7458418150102135, 1.424946617893874e-106)
(0.5927625556404432, 1.3450482713268744e-105)
(0.6678538858866113, 6.393394157594817e-106)
(0.28369530490359063, 2.6125290680012707e-106)
(0.16951143425929593, 1.0003249457288965e-105)
(0.96573079520137, 3.5865089679732005e-106)
(0.05331562142016454, 1.4766786976238576e-106)
(0.9881632396289485, 1.6740658113422997e-106)
(0.6863355287529638, 1.322118852018681e-106)
(0.2084128058060451, 1.752086729486353e-106)
(0.35502619372765515, 1.498675278584841e-106)
(0.11930199201181357, 2.1705277868720556e-106)
(0.07966244369845939, 4.3061564354943772e-106)
(0.0547688397144423, 6.672875460501509e-106)
(0.7866379054656312, 2.1256492085008912e-106)
(0.7941595647272537, 1.9195353932729147e-106)
(0.8327869476867318, 2.4612049715866212e-105)
(0.2784156202774994, 2.076368280090658e-106)
(0.12106838264102282, 1.7689889497822714e-106)
(0.19797543492813385, 1.6472817282053743e-106)
(0.382569727508011, 2.461714920174841e-106)
(0.6552424391540146, 2.3215840573477793e-106)
(0.21300414504393703, 1.802839161403737e-106)
(0.3408872707899279, 1.422955974333186e-106)
(0.6982010764620368, 1.6446700575971103e-106)
(0.20340461701866638, 1.3508254402255348e-106)
(0.09948530998328162, 4.805489432823771e-106)
(0.7460699860795813, 4.258350461765857e-106)
(0.9147707613048692, 2.7101023342374784e-106)
(0.3736062287992282, 2.0855601429541855e-106)
(0.9005483941201969, 1.8927867351198443e-106)
(0.4438253345007641, 2.9867090692960357e-106)
(0.5636913402855425, 2.5141178659847313e-106)
(0.19276219100220732, 1.888469576144566e-106)
(0.9236919253641405, 1.7528962071490597e-106)
(0.5564545264236933, 2.987932339775004e-106)
(0.7378500448779811, 1.1035132884284325e-105)
(0.23660259246786625, 3.821724772047011e-106)
(0.7063509176312719, 2.8477520626806584e-106)
(0.5440282766305888, 1.579490446494644e-106)
(0.8927154994491712, 3.1020698277164425e-106)
(0.7815289739463382, 1.2627748527803944e-106)
(0.8971137298619248, 9.016659597414058e-106)
(0.11833898796512969, 1.3905037543804972e-106)
(0.9550860314123909, 3.0234075580263843e-106)
(0.011898828448653757, 1.0016826150433274e-105)
(0.504774317543415, 2.6781796336236106e-106)
(0.8855063561214082, 1.6469877263322963e-106)
(0.422436224597329, 2.263243659354918e-106)
(0.6996112155540998, 6.431090619246485e-106)
(0.38808277552775317, 1.3595874958384782e-106)
(0.3619118325997038, 2.5712764117450605e-106)
(0.8859845663147529, 5.652830837037577e-106)
(0.8842089210416214, 1.5176166442480934e-106)
(0.5626444846833213, 1.830497109032195e-106)
(0.38641857427522075, 4.595432749124647e-106)
(0.19751128829766687, 1.6911302822373272e-106)
(0.11090924436562892, 1.2284508307948062e-106)
(0.8138721664581443, 1.0812150320606008e-105)
(0.9685304781233851, 2.1832765299464023e-106)
(0.41378248783347343, 3.1174406726162827e-106)
(0.29055997616556356, 2.1495670038983783e-106)
(0.2782924182740292, 1.7818865901402927e-106)
(0.10157244063384349, 1.3751336065174391e-106)
(0.09617130805763723, 2.0716348582444987e-106)
(0.6160344210743225, 3.1346831001586034e-106)
(0.35185136500693687, 1.2703459199302143e-106)
(0.07468943267062315, 8.269530757168967e-106)
(0.29766773980143996, 3.716651923959161e-106)
(0.6092517952032807, 1.7424198819088263e-106)
(0.6306470789863585, 3.5351574184129047e-106)
(0.24467827519065297, 3.0822115111240875e-106)
(0.48816589489662315, 1.2406409175313344e-106)
(0.05137552838722757, 2.803622810301903e-106)
(0.23292369717407474, 1.952682712641829e-106)
(0.7298780974549667, 2.38373191468653e-106)
(0.9884796626588414, 1.6457160007988265e-106)
(0.6982323871580739, 3.3232278526873815e-106)
(0.6201838780943055, 1.471747257725973e-106)
(0.9854643069267248, 1.274959257481969e-106)
(0.008075830154872605, 2.0144131774326124e-106)
(0.8913608271956529, 2.3832777827793696e-106)
(0.7520932971590577, 1.5772579456825316e-106)
(0.8599898823083699, 1.242986684542161e-106)
(0.9441752954820671, 1.5828009097007944e-106)
(0.6899774226934751, 4.602579917284096e-106)
(0.1297772472252071, 1.8564297653499711e-106)
(0.567566277531985, 1.2665508636403492e-106)
(0.14895344211520506, 1.8450740963200271e-106)
(0.19036943965904973, 2.9914896945558753e-106)
(0.6793645710424331, 1.393963630447701e-106)
(0.36887153522618005, 2.175143652568378e-106)
(0.31287939354906347, 1.6717316388794654e-106)
(0.5889500538156331, 2.591499931359432e-106)
(0.4272407075441951, 2.5050021556633655e-106)
(0.07028778931508266, 8.067968622944864e-106)
(0.5194704691614042, 2.1115890997279504e-106)
(0.28317399562201045, 1.2299989246859152e-106)
(0.29639467004207937, 1.233149046728009e-106)
(0.512132139284088, 1.4797837829563493e-105)
(0.8264813486408695, 3.7557318396292062e-106)
(0.8045174914367378, 1.6018101728863787e-106)
(0.5648521178863516, 7.330414211028746e-106)
(0.4769490274684246, 2.102720401315612e-105)
(0.1469184294573211, 1.311614381452376e-106)
(0.3671192424968799, 1.497864872611442e-106)
(0.02187190640043985, 2.456198275009078e-106)
(0.8195719017935554, 2.950453373620433e-106)
(0.9065290747822979, 2.0263557787517193e-106)
(0.8697794710298331, 2.4247139599772566e-106)
(0.390025889454796, 5.032550517271964e-106)
(0.7795734861214592, 3.2849468509538835e-106)
(0.7862461024710529, 2.1070319269145369e-106)
(0.20469326820068512, 1.7902643970501603e-106)
(0.9027571288220017, 4.002453733229145e-106)
(0.04326724920017668, 4.1522362989090772e-106)
(0.4633440255008769, 1.6122209176045677e-106)
(0.5352352520131628, 3.236420452710239e-106)
(0.38101902128938686, 3.612435123681092e-106)
(0.1888049250371053, 1.687254876317048e-106)
(0.984424981175183, 1.5459371749517623e-106)
(0.9342813869233245, 2.283183081694249e-106)
(0.055596573704359976, 1.6195709006366215e-106)
(0.7197602134485108, 1.9701983431158225e-106)
(0.9542636503539771, 2.2577104784024543e-106)
(0.8764700268409266, 2.697897670080472e-106)
(0.11001905859261063, 3.556049006068266e-106)
(0.3123608665026823, 2.685626350420817e-106)
(0.06104360363490154, 1.691554291560001e-106)
(0.5818332079069417, 1.793865748848885e-106)
(0.1551073152653397, 1.4161268264159088e-106)
(0.9310416380037969, 5.827451992865413e-106)
(0.48039608672262196, 6.459029693846525e-106)
(0.8594830190060604, 1.9870803602537168e-106)
(0.2995389426718726, 9.469428187212756e-106)
(0.6004216520727358, 2.3143566616683034e-106)
(0.30406735263928425, 3.398348363563589e-106)
(0.05092681172766029, 9.706671014342514e-106)
(0.04356765551490874, 1.9997925701578137e-105)
(0.41206623708392315, 1.0330070605290633e-104)
(0.9969654343277501, 1.7792680206206094e-106)
(0.5893969490060266, 2.247100592793286e-106)
(0.07495614689664058, 1.996746979012552e-106)
(0.33008354925008254, 2.058581477265344e-106)
(0.788612780950869, 3.566207550229928e-106)
(0.052763812732198, 1.58110597072425e-106)
(0.7393362414214756, 5.600233183042924e-106)
(0.021326515938860025, 1.5535284735404705e-106)
(0.04427673088450483, 1.2557123002129392e-106)
(0.3344921894996035, 5.042048752911547e-106)
(0.789757966518635, 7.4419333250909605e-106)
(0.10455897736543625, 4.228916483726281e-106)
(0.7837559153034513, 1.7350736204233946e-106)
(0.4120801967332827, 8.224666117294327e-106)
(0.18598305751255045, 5.327207321008103e-106)
(0.36340074201360545, 4.529688346763344e-106)
(0.7810404382213942, 2.2779890728823584e-106)
(0.7966370215497625, 3.623896853621401e-106)
(0.08679135753863612, 1.7125743740071948e-106)
(0.8908640898960873, 2.4798972993334606e-106)
(0.6689001695832049, 1.236135258307444e-106)
(0.053460325411119364, 1.2943839197075334e-106)
(0.0235292561620745, 1.2461315083791302e-106)
(0.6796575400814501, 1.7854040032465925e-105)
(0.7068675554963857, 3.013493063852084e-105)
(0.23633130914294725, 4.470456951919825e-106)
(0.9909776744393911, 1.3395463207623716e-105)
(0.9265677921919137, 1.2980371747557814e-106)
(0.5026672031524685, 2.0354953811039026e-106)
(0.7504077913033994, 2.8604380100257733e-106)
(0.6446631661268435, 1.9901713892784515e-106)
(0.1000778674571265, 1.3039583308236126e-105)
(0.2702071069779538, 1.650939266849939e-106)
(0.8863489847439191, 2.1986217554112584e-105)
(0.0023168088522509743, 1.4034717580584895e-106)
(0.5885365022015949, 1.3608457388352422e-106)
(0.5536978814210689, 2.99353633118899e-106)
(0.9053624189354453, 4.0956493402692666e-106)
(0.10643761141646328, 4.243243002183586e-106)
(0.28232236057276094, 1.4993722827950528e-105)
(0.24058369205443536, 4.66807386680637e-106)
(0.009430242250338065, 1.0149209103683525e-104)
(0.7485514668422127, 2.4880422517786054e-106)
(0.5859795743264259, 2.181971396543153e-106)
(0.6564413846252329, 2.476256623501657e-106)
(0.5910923843412836, 5.310505751831005e-106)
(0.40270403482810785, 1.549743897789583e-106)
(0.1230649221936394, 1.282586413196011e-106)
(0.3024322521398574, 2.192981544036788e-106)
(0.8294803671417046, 7.480379454903671e-106)
(0.546829408033148, 1.270779838741631e-106)
(0.4607923736779873, 1.3559356200139331e-106)
(0.325947612012296, 2.8252317359322248e-106)
(0.44025864322519054, 4.413351712401691e-106)
(0.06759001967227089, 1.934843477683786e-106)
(0.7788645150981801, 1.9331116096940943e-106)
(0.7040099796371064, 2.812143115284767e-106)
(0.5383377741870757, 3.492361170647014e-106)
(0.4066724582383857, 1.6580383807486157e-106)
(0.20315090258164728, 4.714387587963858e-106)
(0.6436980203219368, 3.271913580609563e-106)
(0.24539443453409848, 1.25906879025589e-106)
(0.2190263465854323, 2.459785076797868e-106)
(0.7714792325233306, 3.024073614161698e-106)
(0.6169869444618266, 1.7204981547040471e-106)
(0.2668835936505649, 1.5288053537006365e-106)
(0.7732607263178974, 2.77286350820335e-106)
(0.8091201860779892, 1.3945541989971642e-106)
(0.7805357255027381, 1.2612047365784685e-106)
(0.4101489492490025, 7.898685280395693e-106)
(0.6375029357182517, 2.627279538362045e-105)
(0.039110155986458006, 3.6963885215417375e-106)
(0.4893925772643233, 2.3496996655752184e-106)
(0.685169329460428, 1.2784805015587923e-106)
(0.10565703574008492, 1.278630167735608e-106)
(0.22353703883265671, 1.3047461822228532e-105)
(0.2498804604041621, 2.192237262730459e-105)
(0.945135907475156, 2.385128001635612e-106)
(0.5306970532528703, 1.5028885075491646e-106)
(0.4447978830410947, 2.6718677996815677e-106)
(0.9013376717559255, 1.896655671813607e-106)
(0.5079206756987036, 1.2905608955343185e-106)
(0.34503856746909045, 3.8040841632429055e-106)
(0.4045594663481908, 1.7126688986834628e-106)
(0.5316097131984572, 1.242123681058872e-106)
(0.6591483419538902, 1.5998522327520518e-106)
(0.3894878675332157, 7.051613765952718e-106)
(0.8353826843091674, 2.4552527446473196e-106)
(0.10685568248633895, 2.13174397622764e-106)
(0.00636998927453794, 1.3109466700851009e-105)
(0.5875823894734159, 8.582699509334483e-106)
(0.2968028772286972, 8.87929590799031e-106)
(0.49132588736664495, 3.553997889162725e-106)
(0.894803539155147, 1.4123716490742045e-106)
(0.05138352671621574, 1.6661333123914369e-106)
(0.702461188405446, 3.162238157012136e-105)
(0.4340114837108482, 7.435348625692891e-105)
(0.525537216222804, 2.8682226201396056e-106)
(0.8082523372930175, 2.8050333670522695e-106)
(0.5078074597307772, 2.0060696887944541e-106)
(0.8625694745165324, 2.2969855870801975e-106)
(0.07857144836207743, 5.444555987525976e-106)
(0.06106807231537661, 1.39492583412949e-106)
(0.39412954161762476, 1.9325692163780577e-106)
(0.5736250064898671, 3.4146907140891383e-106)
(0.4717251908031973, 2.1441458153479283e-106)
(0.056463048882614435, 2.783317058157199e-106)
(0.9549714199598752, 2.123143480659564e-106)
(0.3079129572403968, 8.651580687930929e-106)
(0.25082893738090406, 1.4112800381816947e-106)
(0.3779448340819834, 1.376604033413618e-106)
(0.1710768662476314, 1.8160605715880924e-106)
(0.6882991293925711, 4.461505022309841e-106)
(0.41773104794557886, 7.136492516054435e-106)
(0.49245877060753285, 1.919521693843856e-106)
(0.20429984288682376, 1.4670732530804918e-106)
(0.6443437214222845, 1.665053825687462e-106)
(0.11727726476759032, 9.558913869546531e-106)
(0.08797715721895658, 1.6199038292700266e-106)
(0.4858898889139438, 1.8435865988575347e-106)
(0.3827746933429919, 1.538638797277943e-106)
(0.2461781345040036, 1.714007118380128e-106)
(0.6134239100335798, 8.584342823891025e-106)
(0.67522949891537, 1.289202778867297e-106)
(0.9478457746960577, 2.920155812230604e-106)
(0.262534607804334, 3.165217969650868e-106)
(0.6609542951395001, 3.1103065484313715e-106)
(0.8115274821798815, 8.300186301210716e-106)
(0.053551325836613865, 1.7746246935689329e-106)
(0.7919670445240135, 2.283784108770797e-106)
(0.37126615320481615, 1.0217637666030531e-105)
(0.8461918801339965, 1.3352522800186906e-106)
(0.1699226782538079, 5.861916710714127e-106)
(0.630082407701029, 1.8289216717284882e-106)
(0.12411973822061916, 2.224525748449742e-106)
(0.4287058999765956, 2.296746260777767e-106)
(0.3904045283919609, 1.3589730731885879e-106)
(0.6203492614136714, 1.4216841297232626e-106)
(0.1032146268360969, 2.9597702683546987e-106)
(0.3629525679282718, 2.955984351495477e-106)
(0.15545827398440126, 1.9021008709363737e-106)
(0.022332500049646698, 4.548117753768408e-106)
(0.4817061807989436, 2.3024517208427494e-106)
(0.01627258448852366, 5.722322783996705e-106)
(0.5523420168228448, 3.9046667517186357e-106)
(0.7005880469804924, 1.2385223427936068e-105)
(0.763353394547494, 1.0696272629142023e-105)
(0.0782746832283055, 6.836722018564779e-106)
(0.8286661547939486, 5.400337950437876e-106)
(0.8234585337200141, 1.7310120622779731e-106)
(0.12093858480455005, 3.420801790328904e-106)
(0.6160789477357486, 3.8243491166300507e-106)
(0.03407215648046197, 5.015387487432822e-106)
(0.8084629136674553, 2.6320534946521714e-106)
(0.3939863753830108, 1.232703620396002e-106)
(0.05456475521670652, 1.6305920312402022e-106)
(0.6420131459848595, 6.0053315222565605e-106)
(0.9412378747224468, 3.3663909409640266e-106)
(0.3293728194482425, 1.7583276311941097e-106)
(0.3420169104889491, 1.357663865634353e-106)
(0.2981856786315362, 2.3966452535352626e-106)
(0.6689673214964971, 3.4681874954405704e-106)
(0.9825933679813603, 9.814510217599791e-106)
(0.6511203316755352, 1.4205222915669492e-105)
(0.11912813414766583, 2.1790122452880357e-106)
(0.7305759656700408, 2.0008087544845343e-106)
(0.8356232651258465, 2.518728565174697e-106)
(0.4899386421450801, 1.5629793390382065e-106)
(0.04148749050904974, 3.493953883986282e-106)
(0.5705479685177307, 2.9613431535239597e-106)
(0.22880414288973597, 4.2992389307767146e-106)
(0.17373273608066903, 2.1708153838966478e-106)
(0.9267768347991935, 6.755705436293355e-106)
(0.5363598830126513, 1.679998092078958e-106)
(0.06118289411739418, 1.4570488506955542e-106)
(0.5506603687227063, 1.4728366999564903e-106)
(0.3489329346890611, 6.586660946288272e-106)
(0.9243608139156207, 9.748730345244527e-106)
(0.750646275915083, 1.4410089344808228e-106)
(0.836349152493991, 1.3412316512477195e-106)
(0.3174672005329863, 1.5362116633467782e-106)
(0.06396012471891252, 5.187768289385325e-106)
(0.04521096815425323, 3.4061793737350435e-106)
(0.28393646885204327, 1.440144025841199e-106)
(0.4681426462268839, 1.417419006332281e-106)
(0.6915316053757945, 1.938178659333599e-106)
(0.02754489327166199, 2.2781822178087233e-106)
(0.7132324663782237, 1.6591555219824376e-106)
(0.4229714807111221, 1.7941924899236218e-106)
(0.3473142427343299, 3.2476923160455955e-106)
(0.2434497261818888, 4.469114809235559e-105)
(0.11282412287784419, 2.683379149231302e-106)
(0.9912616587893954, 1.5419786137584886e-106)
(0.028745242731866846, 1.842999523467989e-104)
(0.7215471060605991, 1.249256641795098e-106)
(0.11237273512734626, 2.508894536317913e-106)
(0.34159410220931885, 7.458105220166767e-106)
(0.11318883747936777, 3.362687455470056e-106)
(0.32280987018445334, 1.267727825635484e-106)
(0.8272757761326862, 1.2657785573074008e-106)
(0.2654383578033676, 1.7610891155493555e-105)
(0.015771327863583456, 4.0392898598795455e-106)
(0.7020652529205584, 1.642663320174605e-106)
(0.593309022371733, 1.268767823450551e-105)
(0.5834046824418333, 1.4725630055736742e-106)
(0.4837129727769553, 1.4027339038846636e-105)
(0.21216562771212738, 1.3019914792777737e-106)
(0.8769745215628345, 1.5215945816095621e-105)
(0.3995329262492518, 2.6250625101645502e-105)
(0.0733981854856939, 3.705569915054471e-106)
(0.4765947496130383, 2.726761209466252e-106)
(0.47949374027987507, 3.7029949125794887e-106)
(0.1214131168599873, 2.5518872637774225e-105)
(0.0032052366725401167, 2.8271461464440362e-105)
(0.9600358631157243, 1.2445695667405178e-106)
(0.7767621500024189, 1.3278420704580043e-106)
(0.469737877398809, 2.4802513146634825e-106)
(0.088001642411195, 1.7543384242803902e-106)
(0.5743101226412223, 1.0836826813361844e-105)
(0.9261822574973467, 5.399006429921956e-106)
(0.11992655648420643, 1.7525879025755842e-106)
(0.4650964966586561, 1.5276572576117635e-106)
(0.0011033005769940608, 2.0825397475263667e-106)
(0.290450449117375, 1.3807503602854872e-106)
(0.5711380578680124, 9.61260637221784e-106)
(0.9282534541594726, 1.5974864691396215e-106)
(0.46224484912206765, 5.830280426095025e-106)
(0.011681460124016354, 9.516818764407618e-106)
(0.14998915329427895, 2.0740737425240396e-106)
(0.8277153432095125, 1.9228507359057782e-106)
(0.8863682108145053, 9.737385128023657e-106)
(0.28065573806746513, 2.2027542365583846e-106)
(0.5485761470920074, 1.8322544519368862e-106)
(0.5925030236403981, 1.4467678179659247e-106)
(0.9000630888731815, 3.9999317196086262e-106)
(0.20836609756373875, 3.4878917619315586e-106)
(0.05086711220842496, 2.707005193212672e-106)
(0.7167915329539359, 1.7740975730418606e-106)
(0.5920287041732765, 2.539860189363309e-106)
(0.2180423467369537, 5.887217432690838e-106)
(0.20241361069219824, 2.5745445990339703e-106)
(0.09474397350661816, 2.0444481464009868e-106)
(0.286186343148945, 1.3903573908571e-106)
(0.8778384454788314, 5.011784263020024e-106)
(0.379258822325556, 2.7099182063481687e-106)
(0.5519615579732166, 3.174137504297824e-106)
(0.08813301950224801, 2.701740030279409e-106)
(0.5752114308944366, 1.8958918366453903e-106)
(0.5638478225956408, 1.47727578681487e-105)
(0.04410218803041589, 1.9663376465619653e-106)
(0.6803693684725095, 1.930923631607613e-106)
(0.4439574136334343, 9.582414512168435e-106)
(0.13208698766506238, 1.1777803356521136e-105)
(0.8690592910300297, 2.268787546986783e-106)
(0.644159611176258, 1.7652285012677805e-106)
(0.5263620220961587, 5.697632136780866e-106)
(0.6071249631004857, 4.740316272816351e-106)
(0.0016571673225687991, 1.4711090215752403e-106)
(0.8556344018262371, 1.607025260500912e-105)
(0.4902984808836807, 1.4946575010041005e-106)
(0.965089470567602, 2.1186207267826885e-106)
(0.6196214676752275, 7.531005865925789e-106)
(0.7600400559972144, 9.627435898831936e-106)
(0.3652210439479264, 1.2989583062095855e-106)
(0.4175001989099093, 1.3499601468251754e-106)
(0.06363282213980799, 1.9679043857227623e-106)
(0.6649610782057195, 1.359464762295329e-106)
(0.016106009260781876, 4.2511420498054015e-106)
(0.0008212581157124734, 2.7193266046195505e-106)
(0.9295028224623341, 1.7817693542104878e-106)
(0.7782113111822511, 3.6088839292777975e-106)
(0.4043623625586004, 1.5390946692989916e-106)
(0.4071745720551645, 3.6778180813646634e-106)
(0.5387536433925317, 8.882476210638218e-106)
(0.7348651407318003, 8.377793404496652e-106)
(0.749961269478745, 1.443975972566614e-106)
(0.060467525510622, 3.890601638241944e-106)
(0.7048049967870331, 1.9042676409562138e-106)
(0.6630665967344249, 3.9317378716588396e-106)
(0.8724987831002975, 2.200209595868275e-106)
(0.7330371175357658, 1.6004655033597349e-106)
(0.34760795363982466, 1.4940696941534222e-106)
(0.0798332424409913, 1.60372216603359e-106)
(0.8169509126231326, 1.6429771200969224e-106)
(0.3157403335225349, 3.7005291597111e-106)
(0.5927259459598555, 1.579879189053634e-106)
(0.4247389963247773, 1.738458133296255e-106)
(0.38532031917645754, 2.2091529047195455e-106)
(0.6263572608838363, 1.2370796914513893e-106)
(0.11255791511540413, 1.811379353111579e-106)
(0.5480003042942088, 7.355395279947637e-106)
(0.8199459634548348, 1.7649284848361464e-106)
(0.8004169786603555, 1.6611524552508217e-106)
(0.33475034122591635, 2.063894742665771e-106)
(0.7305742928590995, 5.348515316387962e-106)
(0.9809608078384092, 3.834308439834798e-105)
(0.04485031740652828, 1.3186005276623261e-106)
(0.19651205175933983, 1.8102629978676295e-105)
(0.2899515026710364, 1.2817051470206447e-106)
(0.04134894854403142, 2.256142288422123e-106)
(0.4883187928153866, 1.8776374052653948e-106)
(0.7185363909574161, 1.6030764380626462e-106)
(0.01500569904395969, 1.6942224604170322e-106)
(0.19924528464313315, 7.806463556398175e-106)
(0.44393658600407376, 5.444964103787325e-106)
(0.10553995996113205, 2.320666171824201e-106)
(0.4006945435785199, 1.4068687713642276e-106)
(0.13026826707064992, 6.362081871639585e-106)
(0.0920301939566776, 1.234970634805451e-105)
(0.6279025201086242, 1.713582615073262e-106)
(0.547923654573296, 1.7983823590209293e-106)
(0.30233875635892343, 1.9259151972010712e-106)
(0.8223227028405959, 3.836928270808634e-106)
(0.5282270777690615, 2.963352395455214e-106)
(0.9975338181941598, 7.355969809301066e-106)
(0.9558816352354004, 4.984390644155195e-106)
(0.6490663641818901, 5.054953395236639e-106)
(0.34313446942697207, 6.884740075652445e-106)
(0.17248870920450304, 1.2493190865189569e-106)
(0.9629088023919626, 2.0793058463448567e-106)
(0.566510504312078, 6.815648024927112e-106)
(0.5648970030144476, 1.6151174051430703e-105)
(0.8433319407755053, 1.5232550426548342e-106)
(0.42331590913510503, 1.1926629564503698e-105)
(0.7946134751101774, 1.7719946517362103e-106)
(0.4847784416057953, 1.2048636889215047e-105)
(0.5001921507314965, 1.7030850552961353e-106)
(0.5871111469854375, 1.2211393767504401e-105)
(0.45596896626509836, 1.5525073456222737e-106)
(0.3482975364269593, 1.299635141966672e-106)
(0.6995278036867313, 1.5774345663569164e-105)
(0.4569664482715454, 3.0223116780760243e-106)
(0.67506332505746, 3.227289405902866e-106)
(0.5094162649092666, 1.4286860072875972e-105)
(0.6401139562489153, 2.2589091902265946e-106)
(0.2471317887974432, 6.091952955814734e-106)
(0.3795281681823822, 2.7096500879014924e-106)
(0.9204719413776263, 3.1018854532991392e-106)
(0.2909884601374274, 4.0015997188566497e-106)
(0.324260099467711, 1.045827747374196e-104)
(0.5586804499199658, 4.011579347353337e-106)
(0.6824656488951407, 4.829427745430519e-106)
(0.5984136827326465, 1.742288665231975e-106)
