(0.15834847143012457, -3.367772868961513e-09)
(0.8934243664378971, -3.3808112202054064e-09)
(0.7237270266583125, -8.317046576314843e-08)
(0.7599298890200304, -3.0443059428560395e-09)
(0.8394616897784182, -1.5659708481548728e-08)
(0.6393048548978971, -2.31210092329425e-09)
(0.8131622687111297, -2.6683830546598654e-08)
(0.5082027498531233, -1.2818381133024083e-08)
(0.4394820130388667, -4.152943039601177e-08)
(0.7661549822545171, -4.658736940896912e-09)
(0.7570852166832513, -3.169019334950267e-08)
(0.4698332204319952, -1.0764220741880451e-07)
(0.3745770870722964, -2.801627185803308e-09)
(0.8779515853310302, -6.843634235189662e-08)
(0.6521327221920707, -2.6570039979208857e-08)
(0.37391504063437336, -5.4413604400486e-09)
(0.11447780762719263, -4.045317106572435e-08)
(0.8985699527735981, -1.0089744060935839e-08)
(0.4417029810879099, -1.7997135092977674e-08)
(0.3486451083078302, -1.4474363152988094e-08)
(0.48054503324996795, -4.918888601380399e-09)
(0.11122349466189513, -4.733998576571141e-09)
(0.02938700256446596, -3.6930305045428324e-08)
(0.4408635818064857, -3.3427492636484824e-07)
(0.9147038524721987, -1.6055056346802948e-08)
(0.08771151287299846, -5.763261717689115e-09)
(0.6688777698461595, -2.9005812037230285e-07)
(0.04862091397164444, -2.688332179067843e-07)
(0.9724744156687629, -3.044677509764068e-09)
(0.5742182381924178, -2.7004332437800577e-09)
(0.25106141580689506, -5.0326987391671445e-09)
(0.32633938553717584, -2.0411403655088712e-07)
(0.46293606877378707, -7.126971492588478e-08)
(0.3365127388273529, -2.9344838422059246e-09)
(0.888149632812365, -6.363589068456603e-08)
(0.04959626501867076, -9.739401214802906e-07)
(0.4477714857325102, -2.036789106535397e-07)
(0.5881389920507304, -8.392802997980795e-08)
(0.7617061587805046, -7.569963265420868e-09)
(0.3292773382020019, -1.8060441968977038e-09)
(0.1971402319130578, -1.8578602926276036e-07)
(0.42672925496189446, -4.314691127273808e-09)
(0.712346281887568, -3.7545828739111765e-09)
(0.4720637253969, -7.335823109102112e-09)
(0.2647945010134609, -4.467832155995629e-08)
(0.8068950961602063, -2.2709790639197578e-09)
(0.8916711039287597, -5.33724542130325e-08)
(0.7763556583439281, -9.425668593193685e-09)
(0.5871160844164635, -3.719635758524587e-09)
(0.4628559241653976, -8.898142763117304e-09)
(0.9724229871173302, -1.3955420322658992e-09)
(0.36801804724893294, -7.412953622223841e-09)
(0.18596238297591694, -6.089650062254962e-08)
(0.19270780438312615, -3.148306703984829e-09)
(0.6788391495819639, -7.077554206324773e-09)
(0.40442762683022876, -7.31517229737299e-09)
(0.12417634535906923, -4.8962779369192004e-09)
(0.7284899338317933, -1.1324231684841117e-08)
(0.2521243680582952, -4.790033257016745e-09)
(0.9524940263754534, -1.8001332778331925e-09)
(0.467483028609705, -2.680607818318625e-08)
(0.0943613855720566, -3.894123050635672e-09)
(0.19169369159339936, -3.842304522617054e-09)
(0.16173984024006463, -1.4153239555998043e-09)
(0.8946921414428751, -8.993016810183265e-07)
(0.0902225672540086, -1.6569034602856646e-06)
(0.9078819430561945, -6.0245769179088e-06)
(0.5623994729751713, -1.7126053556274877e-08)
(0.133807998177533, -1.9525926118083e-08)
(0.6195233686322524, -1.4520174845766909e-08)
(0.5179921998324856, -4.22925013388125e-09)
(0.6752113899461724, -6.588783112209808e-09)
(0.30649496098706475, -3.696772002647359e-09)
(0.6841947810005523, -1.953128420467577e-08)
(0.34659411345684943, -6.599547727612782e-09)
(0.294871832943207, -2.72879297965374e-09)
(0.342596778807589, -1.237317991824755e-07)
(0.864343468029553, -9.446462178488533e-08)
(0.3834822243364238, -9.32110911114094e-09)
(0.15684545908463116, -2.0964655276662324e-08)
(0.895443837319056, -3.655238372641917e-09)
(0.5006364457506648, -5.803593684410965e-08)
(0.6341226169860509, -7.18321801421391e-09)
(0.46171243653586463, -4.017390937399569e-08)
(0.34148055177664516, -2.5090241903116014e-09)
(0.9477808604151012, -2.054343680813112e-08)
(0.7736685926274103, -5.5027270032142896e-08)
(0.052732313287454105, -6.617636344604336e-08)
(0.3476505926779989, -1.9861938431584224e-09)
(0.7102904799627275, -3.1957459741295366e-08)
(0.5828053450785244, -5.0665734460961266e-09)
(0.019994628202356285, -1.1738557543184875e-06)
(0.24918950423351213, -3.787386297913728e-09)
(0.6851631589336146, -3.037263258232152e-08)
(0.5744917672971195, -3.60107796967454e-09)
(0.41152336665434136, -9.696892902278649e-09)
(0.12666493220419772, -1.5527283936465473e-08)
(0.9248470940975252, -3.2809924478743803e-07)
(0.5424015068094573, -1.7136162216855658e-09)
(0.7697897399640514, -2.4813225916353234e-08)
(0.1870531290107052, -6.303403050044011e-09)
(0.9510138619750392, -4.307382178231318e-09)
(0.3230825737837079, -5.822970228244342e-09)
(0.09580942580210368, -2.7459224747375845e-08)
(0.8607962103261575, -7.464821392036008e-09)
(0.30343192236178923, -8.032265538479756e-09)
(0.07879427635666099, -7.027526076559733e-09)
(0.7046605663579388, -1.7915658991588812e-09)
(0.0016723125759079908, -1.370196763974071e-08)
(0.8177096991675306, -5.8630524695426365e-06)
(0.19050550246938197, -1.0803363117742431e-07)
(0.8267064916141167, -8.569630899559719e-08)
(0.7267267882408979, -4.179550792997674e-09)
(0.3248447332428809, -8.120555347376362e-09)
(0.4941464367322807, -5.043356163729051e-09)
(0.34144840511884145, -3.044121916964808e-08)
(0.438315647911422, -1.9089168685428888e-08)
(0.8845096909483854, -3.0375653447186993e-08)
(0.05586100507576008, -6.0142391834102355e-09)
(0.08137840456451652, -2.344678094910013e-05)
(0.7573289290894494, -2.20328547403802e-09)
(0.13548910258644062, -1.266349149796855e-09)
(0.7639346479800525, -4.4599999463697796e-08)
(0.9442639356412459, -3.019378403994119e-09)
(0.517275730233022, -3.0705794804821065e-08)
(0.9965232700578898, -3.5535838544330164e-09)
(0.5718349166975754, -1.3016026061164071e-08)
(0.22752403920158198, -1.67495465073738e-08)
(0.8384476454543235, -7.121675917771929e-09)
(0.32612986435375185, -6.508900137061274e-08)
(0.9443676863618862, -4.9365915083115094e-09)
(0.14775889833721964, -6.050446285324689e-08)
(0.4189546209776875, -2.270994695569739e-09)
(0.5695119612665875, -6.8849369918831784e-09)
(0.2221038400667081, -7.579589639922725e-09)
(0.33611467313004556, -1.129353792743263e-07)
(0.13148627656479533, -3.574986247802379e-06)
(0.8155676848001807, -3.210967237114208e-09)
(0.9511173939220555, -1.0406585577720902e-06)
(0.9389293035189873, -3.1947754438508735e-09)
(0.9138579034794051, -4.1030348760565837e-07)
(0.1358248237991062, -7.867253275162261e-09)
(0.16621458017837318, -2.5431410269185146e-09)
(0.4897260157432663, -4.9619521402623435e-09)
(0.7518002792416377, -1.6386946498591676e-09)
(0.5410796810685166, -1.160935827693311e-05)
(0.326192317529983, -3.6055092465815045e-09)
(0.4159164413059262, -2.2533292658786593e-08)
(0.06370095350997038, -3.2002801972793906e-08)
(0.05236361056610837, -4.466425358722085e-09)
(0.5555045967526827, -5.415923824172645e-07)
(0.6762862741896719, -4.850096088725713e-09)
(0.9011324752216556, -1.4757022712188046e-07)
(0.6679049372405732, -3.638741383807339e-05)
(0.2835356797294225, -6.119360078395077e-08)
(0.6549719095174554, -3.630410728640302e-07)
(0.5827608051741087, -1.3380827647779256e-05)
(0.7491365529429109, -8.511600344118982e-08)
(0.8927584118555304, -1.5081717966135039e-09)
(0.5540993416885037, -2.55072716915622e-09)
(0.33992714097354293, -5.742783566859031e-09)
(0.788027583750724, -4.9536880771094746e-08)
(0.9514239775767079, -5.580871449107449e-08)
(0.38882200922845034, -4.257504114524821e-08)
(0.5141927458819808, -6.874431554556757e-08)
(0.3116083155063736, -3.361124884640181e-08)
(0.39121166477566943, -9.435660192490256e-07)
(0.7878679265222087, -3.3487722050491544e-09)
(0.20391400903275245, -1.6330050557252417e-09)
(0.38119900862533557, -2.371668395899107e-09)
(0.045532556047116625, -1.0020624552856903e-08)
(0.4097742774698511, -3.1330732580840006e-09)
(0.912968852643176, -2.300324440145171e-07)
(0.2681185858261899, -6.330356344143871e-09)
(0.019231178241575705, -2.821901597855103e-09)
(0.13971915409089428, -9.021927218599544e-07)
(0.738494181890974, -7.559933379359724e-08)
(0.126598068303471, -8.166569016706733e-08)
(0.13028946878299563, -4.741772512867241e-08)
(0.6655618824326954, -3.398423048019285e-08)
(0.300886479066226, -3.732870597760675e-09)
(0.9199447321121837, -2.142906640823347e-09)
(0.2036791786902704, -2.4965930617478165e-08)
(0.960645728006615, -1.4025664230009465e-07)
(0.5188011767269749, -3.727109156614486e-09)
(0.9217780328837186, -3.3925714878923643e-09)
(0.5525100840537982, -3.045493240921913e-08)
(0.8483519312159393, -2.636599693783154e-08)
(0.33384019376823926, -4.1933966353850915e-09)
(0.6399239130482886, -4.226733933290034e-09)
(0.9974265635303263, -3.0489054324443788e-09)
(0.03251488693978361, -1.2743657169188427e-08)
(0.6206532499812517, -3.401077226634947e-07)
(0.4635549648852979, -7.620543857182737e-09)
(0.35837010484113513, -8.235788205829212e-09)
(0.11155885384433026, -6.448311180198676e-09)
(0.007797802141397433, -1.834968802878128e-09)
(0.761832445418386, -2.4655855340838934e-09)
(0.6567806806625416, -2.0280209001931587e-08)
(0.3391735353377327, -2.0527611397263645e-09)
(0.3126021458455694, -2.1671281937175996e-09)
(0.9561515985246616, -1.2826745061356295e-06)
(0.04933385193315342, -8.334073357031076e-09)
(0.9733162631603013, -1.3568380196456936e-09)
(0.2826005126531227, -4.298823312402449e-09)
(0.6292135182556094, -1.579017605943246e-09)
(0.06963078109012481, -3.3813536827189257e-09)
(0.5212866365132743, -3.889385231220601e-09)
(0.45864436952551346, -7.503822800678547e-09)
(0.7255795903854599, -7.162167086978156e-09)
(0.4525343762118654, -4.126634722793827e-09)
(0.5694199903894532, -7.539993776068564e-08)
(0.5204379944905292, -6.166591726062046e-09)
(0.6142994305572232, -2.1183501553400876e-07)
(0.8099064181615817, -3.1827924116410102e-09)
(0.8694380979964137, -1.863459792920942e-08)
(0.0941213339210275, -3.306825626666629e-09)
(0.9083625669457762, -1.6582423951888593e-08)
(0.2761805456168661, -3.571688526061821e-08)
(0.8731572791335974, -6.388166176663344e-09)
(0.3258124445915682, -3.2171451956974084e-08)
(0.8270267379571595, -3.4753671361677097e-09)
(0.6780785458975778, -2.129466133438715e-09)
(0.8030692843425022, -1.1797123409139742e-06)
(0.9430382805485102, -1.1404297407830291e-08)
(0.6804216860855444, -5.937928044524098e-07)
(0.8741280717072457, -2.0774050430455977e-08)
(0.6112850156687688, -2.530159770029563e-07)
(0.7512009226853394, -7.854301034103994e-09)
(0.37077509055265767, -3.5717396740446984e-09)
(0.4207903722509238, -8.601300361756115e-08)
(0.8626703122456315, -4.258210873199901e-09)
(0.8903783533638933, -2.402781205708992e-09)
(0.11857945293112025, -2.4774435316673895e-08)
(0.014296913523651707, -1.3223861411331807e-08)
(0.7045254030912155, -5.274180918071494e-09)
(0.1520685898056273, -4.795620948803916e-08)
(0.8414511804819247, -1.1761186435904895e-07)
(0.16985855844397602, -4.694298742244428e-09)
(0.9225842450648338, -1.4391539280335945e-06)
(0.28911264515307705, -4.072693773928129e-09)
(0.22938119676112187, -8.511893784952099e-09)
(0.077374959339631, -6.102395004599131e-07)
(0.9314615397203694, -2.178152926503181e-05)
(0.6114300983679121, -3.270284033227649e-09)
(0.7494630549843603, -1.0455164009043272e-08)
(0.24434810909423696, -1.385812141868709e-08)
(0.7048162327217179, -1.903555812082129e-08)
(0.11289503495616653, -6.911354334796119e-09)
(0.4008172517426964, -1.0187001448180216e-07)
(0.03406205985754053, -7.535971887824053e-08)
(0.883725512076287, -4.260818564315379e-09)
(0.10763127953057518, -4.478174051602712e-09)
(0.029636465525799037, -5.6164851255919875e-09)
(0.7882349464946354, -5.332007002075607e-08)
(0.4694644330899908, -7.520684780067388e-09)
(0.7022434708209667, -7.247139318846272e-08)
(0.7687423782347026, -6.672894956127552e-09)
(0.4959325514313474, -1.946064196157906e-09)
(0.6962800719339665, -2.279773892251756e-08)
(0.6592120765813699, -1.9474198716750436e-09)
(0.767941765664479, -1.8129298908759244e-07)
(0.47778481763653186, -2.2534628190357663e-09)
(0.6522734309566164, -2.8436745400960946e-08)
(0.1480415488390933, -4.029452012171725e-09)
(0.5576368167533501, -2.7327818799429355e-09)
(0.019857317290403135, -1.9170556083202954e-05)
(0.12774602686800512, -1.9944702775041513e-09)
(0.10441023872626276, -1.2664371479297197e-07)
(0.7277124508264998, -1.274202339661024e-08)
(0.4447660153156936, -7.629436656973764e-09)
(0.3145153395215826, -1.8461327816020716e-08)
(0.6593524500636544, -1.0710560042545659e-07)
(0.10961079130214471, -6.795250023611377e-09)
(0.16067238302228237, -1.0718448224103214e-07)
(0.04247002429310798, -4.528493484486913e-09)
(0.31977390776343934, -2.1975633421155167e-08)
(0.9860677810941201, -2.302547129538625e-09)
(0.03891155921503237, -3.698412520029573e-08)
(0.9145837165253525, -2.966580183695076e-09)
(0.7602245927395141, -3.910400367602691e-09)
(0.67181302452519, -6.286509272572398e-09)
(0.3002160634872624, -1.2683152340835098e-07)
(0.6052305241825421, -1.885453364875003e-09)
(0.05776684896467789, -2.3673219745054032e-07)
(0.18298711667645712, -8.853813268755826e-09)
(0.07182372883532413, -7.607717218418143e-08)
(0.31941726590800906, -4.508587548246282e-09)
(0.6068154943478332, -7.544229507038201e-06)
(0.7812248135684213, -2.986064671595909e-09)
(0.39716362020609547, -2.053924518172232e-09)
(0.22244016196966554, -1.8692061684080487e-08)
(0.06758573183838856, -3.6842791939148294e-08)
(0.03206707546469594, -1.0121083066811469e-08)
(0.6271635262082359, -3.790625668978762e-08)
(0.7548016771902231, -1.1417900092381251e-08)
(0.020632198167995833, -9.492287149876038e-09)
(0.12398042391324525, -3.2976820435954795e-08)
(0.33604084727326244, -4.061447275120027e-08)
(0.6294351306120457, -4.08314662021471e-08)
(0.33836983893212275, -2.3427249274569692e-08)
(0.5268442734636962, -3.044554949439882e-08)
(0.615348414046054, -1.1206590665165837e-07)
(0.20720321229238498, -3.746375660693604e-09)
(0.06771498894300719, -1.2497924914573326e-09)
(0.9575857752677283, -9.132333388581416e-09)
(0.13233836917144426, -7.359444718187878e-07)
(0.23846921088605105, -6.980796259767808e-07)
(0.6858177423564314, -4.4961603831162725e-08)
(0.9474223227831252, -5.9559908611899125e-08)
(0.02196559998430736, -2.793645713117924e-09)
(0.81136307403883, -2.0544908825717625e-08)
(0.35889506427379897, -3.3900648652964973e-09)
(0.07635296854771455, -3.2014075638146715e-09)
(0.5588085331274245, -3.4098241665699503e-09)
(0.7031355292448365, -1.4373955447812448e-08)
(0.027121211222717212, -5.4121263282935256e-09)
(0.42518418411171144, -3.4659703915848545e-09)
(0.8452951536867724, -9.31264300769907e-08)
(0.583118334699081, -3.9690648461802626e-09)
(0.01265285324744636, -5.306012194319076e-09)
(0.9332370693158909, -3.0166521362111297e-09)
(0.6951956629677187, -2.275729157650173e-09)
(0.6072035130036412, -2.0000005357182245e-09)
(0.1247250844780395, -2.6662754863150853e-09)
(0.4415883638957397, -1.6867203000084098e-08)
(0.29322894804290883, -5.852594250828539e-09)
(0.7964508382367155, -1.7999396430409358e-08)
(0.7888484860947753, -1.3808587301660388e-09)
(0.5145815938079014, -2.4009972076767615e-07)
(0.9484513693331575, -3.6923889178791617e-08)
(0.8634791401096755, -9.530359384403733e-08)
(0.41574528424013796, -1.604487775739345e-08)
(0.06878863218363498, -2.508943297729225e-09)
(0.3118635680009031, -3.4135244895110762e-09)
(0.4432058044702911, -1.7795574207676597e-09)
(0.18650182164735857, -6.267833744937393e-08)
(0.7853943889679814, -1.4833744206637716e-09)
(0.35350830017248125, -4.4925802546923044e-08)
(0.9807744952711821, -5.2451864422550984e-08)
(0.09688297890391435, -5.116500715957515e-07)
(0.5946112453060849, -6.4215063464614654e-09)
(0.4778931233123994, -1.7543013161903526e-08)
(0.30482730906095906, -1.5816399804494385e-09)
(0.9342076869209603, -2.5844321072552016e-06)
(0.5085632246937878, -5.2914763969537954e-09)
(0.45149431362619835, -5.275928014856612e-07)
(0.6217091640609527, -3.718196916431806e-09)
(0.911129521620536, -5.577250543235647e-09)
(0.9031450958002449, -4.09146261365045e-09)
(0.47519081035473776, -1.3738229567259045e-07)
(0.9177181875261048, -3.417869212673701e-07)
(0.7274742632788272, -2.488915646755775e-09)
(0.04871277334294273, -4.08955053912698e-09)
(0.8941075434631365, -2.2619303104452463e-09)
(0.6532660454464759, -6.588692634873991e-09)
(0.9603500491869733, -1.2222371880745605e-07)
(0.7507368100102674, -1.0802182768995552e-06)
(0.35917592796748155, -2.8359931153254957e-09)
(0.9605555459765199, -1.0593264961135626e-07)
(0.6423799692622498, -8.44033613692957e-09)
(0.3367956875365442, -1.1894659805828456e-08)
(0.5436141864661851, -2.5629053969614644e-07)
(0.48129042980233944, -1.7874945124810575e-07)
(0.756073835021031, -2.3557071377359384e-09)
(0.9390000561993298, -1.8943923735189677e-08)
(0.9617407929063757, -1.401372378833627e-09)
(0.9628604197120043, -4.8034159289275295e-09)
(0.9726863039437579, -0.00030373945394079855)
(0.550868279614331, -5.829310408975723e-09)
(0.9655244357631448, -1.4556864974678633e-09)
(0.505815360582551, -1.0735298753465384e-08)
(0.46006937161140143, -7.747034459126916e-09)
(0.3466417558438942, -1.7270899057849353e-08)
(0.6229618575165664, -1.8987470654691737e-08)
(0.9063802018588478, -2.5387775495243437e-09)
(0.4974682306344443, -3.122475838670179e-08)
(0.6851865012731133, -2.1311971220138298e-09)
(0.29713630238188193, -3.5957984465538e-07)
(0.19165770213003877, -9.917002593933272e-09)
(0.15373995967073303, -1.0168026126177372e-08)
(0.5897480927288125, -2.7093355480808926e-08)
(0.6163559092819888, -1.3851715655930225e-08)
(0.3153372472679562, -2.1953077734548965e-07)
(0.5769391728214803, -5.174768348572968e-09)
(0.19193895953301587, -2.5171539356496617e-08)
(0.8617511558963148, -1.015424268669787e-08)
(0.6812081992723195, -2.153876790675138e-09)
(0.30040948351006075, -0.00011761086571184263)
(0.6000736171363081, -5.675297190460597e-08)
(0.7865617547681591, -4.5794783088743583e-08)
(0.7338271939299744, -1.1957194755016507e-08)
(0.8453060381429164, -4.536606287394883e-08)
(0.500958911869348, -4.186355323674442e-09)
(0.4473630587161082, -2.3923740969350396e-09)
(0.03333841341055957, -1.1979456583562582e-09)
(0.24274355432485387, -1.896349805480393e-08)
(0.7762625157374106, -4.898846630440848e-09)
(0.08534481054381544, -2.0747671866565342e-07)
(0.497072013384793, -3.734416118575585e-09)
(0.35181405836932916, -9.515389919791674e-07)
(0.0319967790965678, -9.428048250103244e-09)
(0.8835943741063901, -2.5664091147729392e-08)
(0.5939300107958191, -6.516750064946944e-07)
(0.2892622909338054, -2.3007512939401973e-08)
(0.5672737147938339, -4.4745209337099805e-09)
(0.283819620144537, -7.3433101437066134e-09)
(0.653421998727462, -7.223424448898113e-08)
(0.5265378048185351, -6.097773474515662e-08)
(0.2553917844602668, -5.775671515241464e-09)
(0.7259519950840291, -9.223945344779268e-09)
(0.49825528881905334, -2.0692157517858485e-07)
(0.10556631738116587, -1.5989248312747836e-08)
(0.6509964581683817, -6.977793788179961e-09)
(0.7251302444904759, -3.7410125318240045e-08)
(0.5950690050193523, -7.664956474374116e-09)
(0.05810986890243419, -2.565373050899052e-09)
(0.13587068246027142, -1.0631351264994845e-08)
(0.18411743493501584, -1.5775918659732408e-06)
(0.009003272304976174, -7.43391645561192e-09)
(0.9620155517794472, -2.6688529659185057e-07)
(0.9084457672860915, -5.574952873435067e-06)
(0.4849247545946317, -7.12106435947204e-09)
(0.6557340771660717, -2.4099058643144922e-08)
(0.11219664619802448, -3.017452407944318e-09)
(0.1042811259500004, -1.2836421209032366e-08)
(0.5221532944112315, -1.4637856779183564e-08)
(0.3564188854966719, -2.545985537878476e-09)
(0.7028753461900477, -2.6688052805918455e-08)
(0.6135012872446887, -5.435775949539668e-08)
(0.1804290186338322, -1.5941039537791737e-06)
(0.9249905858980904, -1.683048828577536e-08)
(0.8508523472405221, -4.7876425095816424e-08)
(0.5611404634537953, -2.6261345895042714e-09)
(0.5104940689538472, -7.747273856389633e-08)
(0.25504723089719683, -2.1757517808165262e-09)
(0.39545486645576533, -3.2124763550655367e-09)
(0.7223892118869049, -9.72168123671923e-08)
(0.17798534861976456, -2.1320364923265663e-08)
(0.30101303787140643, -0.00023870547251983302)
(0.9154014112293402, -1.179304633958046e-09)
(0.23153433222760134, -4.062487218840023e-09)
(0.9651596277591274, -2.9361022920236034e-08)
(0.9822320525418837, -1.7295734933486757e-08)
(0.6443370864140845, -5.5147624406854586e-08)
(0.4187838924354046, -2.393529449653391e-09)
(0.15707141087534718, -1.3489797110613356e-08)
(0.22779416426748503, -1.4978792211232432e-08)
(0.1713019576876484, -2.0453996009499952e-08)
(0.11775032997713991, -1.8118622920110242e-08)
(0.3840593397129154, -3.704806785453389e-09)
(0.6785097709219035, -1.3335068890912633e-07)
(0.31184374331249365, -3.950028607986203e-09)
(0.4927009981931307, -1.5561704894621362e-07)
(0.6610883279388059, -2.7280831278960124e-08)
(0.9418349323167821, -9.815112520938434e-09)
(0.6751727715908639, -5.845917259840228e-09)
(0.8144060340787327, -5.0496442597640646e-08)
(0.6754638178554784, -3.334276129549024e-09)
(0.5444604164715181, -1.6732396902005846e-08)
(0.22906891184640227, -3.184873959367835e-08)
(0.6614318829871534, -3.6140178688737437e-09)
(0.3221685676309024, -1.676634401391116e-08)
(0.3020546031691852, -4.239579147155954e-08)
(0.26819992736592174, -3.6066027908346277e-07)
(0.5509691135564448, -3.1808117035305806e-07)
(0.6743018954285981, -2.518655104431236e-07)
(0.26970333160446597, -1.483303184921046e-07)
(0.7503775857801301, -1.445360628707558e-08)
(0.17437646965501002, -5.893948238896539e-09)
(0.5529370937097302, -5.8877853349345235e-08)
(0.12801311656194497, -5.906131643196317e-09)
(0.5946001973747137, -0.001943495201491252)
(0.13278412393011368, -2.1009866171251822e-08)
(0.8830235845590187, -2.3832262401266948e-09)
(0.023311354217065643, -4.8929578796340384e-09)
(0.34697807570541583, -1.7922063528137663e-09)
(0.8747934461756555, -2.0036907614972357e-06)
(0.9426664851118184, -6.246787926435294e-09)
(0.6595474044124752, -4.608539326024228e-09)
(0.4919895048419267, -2.954991456297112e-08)
(0.34826678832939373, -1.8218668247113917e-08)
(0.3863369637597931, -1.8034549791851136e-09)
(0.8578546634090465, -3.6773492135498778e-09)
(0.011316046072544132, -2.4637368543353597e-09)
(0.24770075441637307, -7.508454429531756e-08)
(0.0372098377704612, -1.5788815510002122e-07)
(0.034917719662665034, -1.4684533947173912e-09)
(0.9641729251561943, -6.781881735291138e-09)
(0.4302894167611522, -6.911878064862409e-09)
(0.8770714915144019, -2.508743327320779e-08)
(0.31266638106705885, -3.774950109164846e-08)
(0.9611236977242794, -1.0568568440320573e-08)
(0.7802268224732427, -1.8987524629368904e-08)
(0.867214626891156, -2.0579135379525676e-07)
(0.26852779337834465, -3.0767021194344785e-08)
(0.0541397155614278, -2.739722380839829e-09)
(0.3998580342709283, -5.6825756500231894e-08)
(0.2683611140160027, -0.003737778012238317)
(0.19428240521481505, -2.5812559331305863e-09)
(0.05365911115384652, -6.1574763538894725e-09)
(0.710917236718962, -1.713705168584691e-06)
(0.9308425644013247, -2.049661160101984e-09)
(0.9732206154509381, -5.934139469409916e-09)
(0.4975010197128032, -1.6544549010900997e-06)
(0.6939227222325869, -7.939687281384156e-08)
(0.9959532912800473, -4.054404088032537e-09)
(0.22791886971750444, -8.324897966803949e-09)
(0.5769719682510939, -1.6108117834786911e-09)
(0.9668914132228423, -9.691324482452639e-09)
(0.7811516143074323, -3.8229639704166347e-07)
(0.9842296458571548, -7.153064677149107e-09)
(0.8735908868821282, -4.2813515775875274e-08)
(0.5981808536598384, -4.209494155692889e-09)
(0.40735315082962187, -5.028296556975123e-09)
(0.9709807592647143, -7.87091126455642e-09)
(0.6203372255101814, -1.4942305603710202e-07)
(0.8249686096158084, -8.155958507352912e-08)
(0.9577769598488309, -1.088513143542479e-06)
(0.7060151799144982, -7.430130103897038e-09)
(0.5590671304142922, -1.6016828490955442e-08)
(0.6807269889634617, -4.197666775156387e-09)
(0.547581479772062, -3.2507058906512616e-09)
(0.8699933415771894, -3.57632504664795e-08)
(0.8836989001317077, -2.797012985539925e-07)
(0.24380537320198453, -2.496746613289251e-08)
(0.9660092940452304, -2.674434988897571e-07)
(0.5755679053887043, -2.0299038072958453e-08)
(0.13328064154733024, -2.045888911518745e-08)
(0.8097422247113417, -4.6999345819431026e-08)
(0.8939943543788431, -1.0622154938010919e-07)
(0.853545746242121, -8.294860691371285e-09)
(0.7863654305304627, -4.250321438010936e-09)
(0.6469748481159986, -1.716049647553108e-08)
(0.5340676459239592, -1.6557955147867085e-08)
(0.624060824588816, -3.8288218543139206e-07)
(0.8672097626058277, -3.5808194269569876e-09)
(0.7051952298916389, -5.3341542022492045e-09)
(0.01738209645678353, -3.927715259031044e-09)
(0.2311886921772343, -3.424311485215321e-08)
(0.25235467416229834, -1.1162696321693387e-08)
(0.7096060533990155, -3.6594406077043992e-09)
(0.5398890470036748, -5.73114106282727e-09)
(0.606023496623318, -1.2488437113718436e-07)
(0.28807614662831843, -2.859461888810533e-09)
(0.12057368665635117, -1.4883231459802563e-09)
(0.7644320865709716, -8.653529575438255e-08)
(0.28486512471482267, -1.6202627403431383e-08)
(0.40304392033411435, -3.6040232124995737e-09)
(0.45235426556825525, -8.567100880427351e-08)
(0.2911080711949319, -3.221367972435219e-08)
(0.942489174436542, -1.946558605152376e-09)
(0.408415563915739, -1.1471776949792807e-08)
(0.9927344077925317, -3.283447269989037e-09)
(0.25695622410767255, -2.525414498968926e-07)
(0.10968399733134199, -1.6358408530849777e-07)
(0.24981660226013389, -6.023630082652741e-07)
(0.876019090797301, -7.991544468026239e-06)
(0.5958856946362395, -2.0783120142675662e-08)
(0.07837860856989445, -2.676572346879675e-09)
(0.3783069579102707, -7.355165379257455e-08)
(0.812690742313765, -6.706652462502282e-07)
(0.09948888576070976, -1.2853773145394745e-09)
(0.4062340587621627, -1.7099291792310264e-08)
(0.23203388513156817, -2.5424846241350054e-07)
(0.06538540664688448, -1.8697516867961833e-07)
(0.777534622984226, -6.482870974387343e-09)
(0.9777381635289394, -1.13809276322687e-09)
(0.029384597281439245, -4.158544413219074e-09)
(0.8316705572209503, -5.526854923954139e-09)
(0.041275655901083, -1.6625493570967533e-09)
(0.5199371006425544, -1.5190270566961737e-08)
(0.14086639373698812, -1.239097647920884e-09)
(0.12647537820375387, -2.6988211755029735e-08)
(0.14390143384353124, -3.903309041735388e-08)
(0.3807838300848307, -2.034849066131231e-08)
(0.5469811242538583, -6.250181906897644e-09)
(0.6509654407326172, -9.730624217686331e-09)
(0.9835838549961716, -1.2474013194390876e-08)
(0.6521066493090037, -6.490134100421583e-09)
(0.18703132206858067, -1.5846350755450156e-09)
(0.7016503362613297, -2.0316993905940798e-09)
(0.04825442088077744, -5.205914244910527e-08)
(0.8236572573926311, -3.7665774362774335e-09)
(0.74414262618838, -2.719589001858654e-08)
(0.86855820994293, -1.359866747556864e-09)
(0.4735680275911389, -2.3588097582071536e-08)
(0.038270170590007334, -2.826334042094506e-09)
(0.06982532862177994, -1.019719631555112e-08)
(0.3496787971921801, -6.7134772890069775e-09)
(0.4465978431929918, -2.985568481183094e-09)
(0.24451074091041564, -1.1863016992380193e-08)
(0.5087717256047337, -1.86781335227641e-08)
(0.11373959435391959, -1.2311378812061892e-07)
(0.6377925797061331, -5.415544346848644e-09)
(0.6981830031300633, -2.0638710406706395e-09)
(0.9842246414485923, -1.441317945255056e-09)
(0.5267002892977023, -1.9217484568007706e-08)
(0.5232654651251261, -2.1126225453692424e-09)
(0.8102995217785023, -1.819847989566633e-08)
(0.7475235199577698, -5.017465705253464e-07)
(0.9201056595041486, -3.7548921441309425e-08)
(0.6863822879587914, -4.082101015246446e-09)
(0.9194626643013388, -2.510578086099678e-09)
(0.9104730551298698, -3.2832264605447154e-09)
(0.15674644238503777, -6.68353675849059e-08)
(0.8764029006942249, -1.9037577481037296e-09)
(0.44655564582087226, -8.884921541351887e-09)
(0.4954991151074534, -6.793564516390276e-09)
(0.5617758928493152, -6.196002014605899e-09)
(0.10541834623038965, -4.0041809686339896e-08)
(0.06895443829384354, -4.4439480045982035e-09)
(0.9733773470199494, -1.6551064393140883e-09)
(0.4998534500629181, -8.676187651894496e-08)
(0.17927962867663452, -1.8919223396745e-08)
(0.5293973870501966, -9.906483976616643e-09)
(0.8628298120617702, -5.327100952316885e-07)
(0.04614294312242216, -1.19195306635815e-08)
(0.45294189490177805, -1.7610041761352546e-09)
(0.35590153062347873, -3.0301059583551474e-09)
(0.5106396986371642, -2.0068386467145353e-07)
(0.36104549833271676, -7.579787902062217e-09)
(0.7374776770957133, -6.057357143916403e-09)
(0.48131549254735445, -2.6190156720962703e-08)
(0.9611228806332115, -1.3432929012544805e-08)
(0.6886544586650452, -2.3324991343863986e-08)
(0.2967021654727952, -7.889649294427933e-09)
(0.6716208111686157, -1.9691723613190503e-08)
(0.4674107442384416, -5.571469918582579e-09)
(0.9071571884931288, -9.811689742999124e-09)
(0.43528885512042614, -2.672258546815643e-06)
(0.5408561423718022, -5.970756315685593e-08)
(0.32621584145715793, -4.805276314407707e-07)
(0.6828989426759692, -5.487331780196256e-09)
(0.8554014553074882, -9.239480913020971e-08)
(0.7994758199462493, -1.504179076335191e-08)
(0.7326372563069234, -1.7127557370377293e-08)
(0.8455593661055515, -1.4091610545532987e-09)
(0.8348809481540588, -3.6277070020635175e-08)
(0.9939196707162787, -1.617560787805911e-09)
(0.10111879009207025, -3.0900272638344476e-09)
(0.21052679846998318, -3.7346140117207497e-08)
(0.3804189200617082, -1.841306390501631e-09)
(0.14155522569624143, -3.1485848074383866e-05)
(0.10075803265430398, -1.2834232164948376e-09)
(0.3950436224454607, -2.0444402214030164e-09)
(0.8215436636622568, -7.910360054773884e-08)
(0.14348779502080902, -2.2635540691436135e-07)
(0.4421025300438535, -1.4203480848110551e-08)
(0.4522767146893181, -2.2962671129970538e-07)
(0.756326840807234, -2.5121929631564602e-08)
(0.3049934481955698, -4.305169319505401e-09)
(0.06388297200272847, -5.297945527901609e-09)
(0.7827554921085657, -3.456773352095675e-08)
(0.07724747934585408, -1.5735986812792147e-09)
(0.3820575053066767, -3.1520414572055726e-09)
(0.4186785234595986, -5.139453284110901e-07)
(0.49277085828875117, -1.7195968896765997e-08)
(0.6790261530411915, -1.0137832169570769e-08)
(0.6219218485321666, -3.596020671938403e-09)
(0.9569630595659026, -2.962190596728878e-07)
(0.6086133465350331, -3.98337572203493e-08)
(0.9123062870321862, -4.401023890969505e-09)
(0.9950662816552055, -7.643964409070946e-07)
(0.12832852936359632, -7.641495179952473e-08)
(0.8437355582631054, -1.279572538431352e-09)
(0.08330667746014853, -2.3193386548877078e-07)
(0.560448365244364, -1.7728673775162124e-09)
(0.8907362609550408, -1.9282487604924184e-07)
(0.954954403977499, -3.7242411084891394e-09)
(0.20301385637604696, -2.1227338534029157e-09)
(0.8139685726193213, -3.0443280017721544e-05)
(0.8529547725747317, -1.2652679654922112e-06)
(0.8697310823732051, -2.5873325469097235e-09)
(0.06842997535358573, -2.3069617861603902e-07)
(0.4569653592854855, -3.9364742678594286e-09)
(0.07670800905594287, -5.981836710451483e-07)
(0.694958895970949, -1.685179082636407e-07)
(0.8295197052778182, -1.2304504248505534e-07)
(0.1515657543432935, -1.0385713741762641e-08)
(0.6670007660488176, -8.738168908442918e-09)
(0.291717274509323, -1.7079288786468265e-07)
(0.7638100938751273, -1.0857991716407784e-08)
(0.15152506946468572, -4.237848362261978e-08)
(0.25114627238891735, -9.40352547335596e-08)
(0.04126147574499609, -0.005529781616514773)
(0.8393063662278729, -2.514843682133128e-09)
(0.9974845217867484, -3.709654703312035e-08)
(0.8323954676152451, -2.588067542992034e-09)
(0.07696881246357536, -4.433377136699025e-08)
(0.29948150667291856, -3.535840996707741e-06)
(0.22483975525666328, -2.494029951546988e-08)
(0.7342635221583872, -6.739231503766695e-08)
(0.5223464527714798, -9.138927339750565e-09)
(0.7909150415241721, -7.499832024060826e-08)
(0.45017256820173274, -2.2036304586658057e-08)
(0.692653005679274, -6.027654329209091e-09)
(0.35853759264122126, -2.776342889195804e-09)
(0.5617306257872133, -2.0304013409931984e-09)
(0.678563573024014, -5.3036428156097455e-08)
(0.3409295786826702, -2.2104009377295e-09)
(0.4436403956441535, -8.57058117505003e-09)
(0.5559617418471099, -4.899973258702651e-09)
(0.5051947505191219, -8.698061802658278e-07)
(0.5844038238259247, -1.2413343631329428e-07)
(0.5526664258286119, -2.4258898022422167e-06)
(0.3745918895568757, -1.7349138879396874e-05)
(0.8949479576383887, -1.408044011643692e-08)
(0.2502555086211182, -1.4466199818606514e-09)
(0.31551411881864355, -1.3564989999071051e-08)
(0.8891890985325615, -1.5757034091517037e-08)
(0.6266135808326987, -4.334373167116664e-09)
(0.9153178939932863, -9.04727252361005e-08)
(0.09494719845107569, -8.173993242501811e-07)
(0.23010974336140189, -4.415110319440021e-09)
(0.10251139861108712, -5.811339692153496e-09)
(0.03595146928222752, -1.224763100984539e-09)
(0.34721655744487107, -3.7087329460156587e-09)
(0.09515043271312412, -3.4354385206266814e-09)
(0.9411529842875861, -1.2994091871762077e-08)
(0.15668309044561005, -4.35559559180028e-09)
(0.5604230070920673, -3.311664367208082e-08)
(0.009307005450133769, -3.7400439329088667e-08)
(0.36710344365095304, -4.548984393132285e-09)
(0.812137685995004, -4.742898951069104e-09)
(0.34677712164944996, -6.870134735445325e-07)
(0.2672710798878271, -1.2395336753553899e-08)
(0.6536311876785702, -5.2866157249742495e-08)
(0.250973632100697, -2.2691605208591903e-09)
(0.584296091896917, -6.4053258122666564e-09)
(0.7658453273777672, -5.339605121238334e-09)
(0.6978427859090666, -8.60832198115028e-07)
(0.12304506654172627, -4.024184693323588e-09)
(0.4859341892993616, -4.232840014690398e-09)
(0.9357957056148308, -3.37378937337753e-09)
(0.26657508699514054, -5.60041774482922e-09)
(0.559749665026414, -2.005201225360857e-07)
(0.46632403397731104, -1.506132736617327e-07)
(0.5895412002793117, -1.7734417513754988e-09)
(0.23962838029030295, -1.3544780000647257e-09)
(0.30284671381883843, -1.979910399712623e-09)
(0.42440194574050555, -4.2457859850511804e-09)
(0.33683114414535864, -3.0937657383925825e-08)
(0.8958941538419318, -3.304240077325211e-08)
(0.11595123677341032, -3.647848630533379e-08)
(0.27298196242744627, -1.3882989704849483e-09)
(0.22793091146332958, -3.797115827859723e-09)
(0.051708292199610935, -0.00013093410560123346)
(0.4942966151132328, -8.954345577750572e-08)
(0.4980936838441483, -2.8874543256820987e-08)
(0.4731139607882842, -5.793640880498397e-09)
(0.7646563520614076, -9.204964313711468e-07)
(0.619374522119927, -2.85804303098542e-08)
(0.7219463421790715, -5.6686146810811214e-08)
(0.7646961798431398, -9.186405637678375e-09)
(0.7802775155983025, -2.570825824384007e-08)
(0.9924159104142998, -1.3041567597660412e-08)
(0.42335203640952973, -3.763326798575401e-09)
(0.31460323757867664, -2.639618270450436e-09)
(0.30944687877009386, -3.5822851541974496e-09)
(0.11409235427498095, -2.3082987806396477e-08)
(0.9477841337916451, -2.5626746753881955e-09)
(0.17583301359291362, -1.0675096534348854e-08)
(0.018736409413519752, -2.433554431025356e-09)
(0.04277516692150433, -0.00016151231835400735)
(0.7431016587757472, -4.692594729585509e-09)
(0.3501797227287552, -3.956556481557393e-09)
(0.8371630864230388, -0.00016110901838638198)
(0.20681950900567378, -3.0157957712313083e-07)
(0.06912722963817618, -2.312955310733067e-09)
(0.28752902622638143, -2.0937803242408724e-07)
(0.5411280361479084, -1.4784590707580536e-08)
(0.1262925842250377, -6.1950989249042695e-09)
(0.06600329930864958, -2.96151449407257e-09)
(0.2833218159831174, -1.0210644433631683e-08)
(0.8934551062302032, -9.28765817097023e-09)
(0.15160912956462244, -2.6926145093610623e-08)
(0.5662861666202188, -9.33009518223849e-08)
(0.35289148670358245, -4.8239849249134236e-08)
(0.18440098667776578, -2.318955804236856e-09)
(0.4510932738490254, -4.218797800983642e-06)
(0.7943828895857762, -4.7088045973223256e-08)
(0.9214553315805862, -5.809891154627514e-07)
(0.8551515607653019, -3.4761959437821637e-08)
(0.3486076142830757, -3.6517111131369864e-07)
(0.6656578645298629, -1.1164032789861476e-08)
(0.207918034128531, -3.469415712019532e-08)
(0.45617792952597497, -8.00848671448709e-09)
(0.13791314344616512, -4.19960640459255e-09)
(0.42793265162275407, -8.073252704269579e-06)
(0.12257877549056181, -3.3044039353228136e-09)
(0.5798564328254032, -4.482209885833894e-08)
(0.2587552823995813, -9.30626891191753e-08)
(0.9727929509007325, -4.269679622068984e-09)
(0.9402699801475358, -2.9594693308760694e-08)
(0.4803819953631354, -2.1294122707022643e-09)
(0.9920233398507081, -3.0321688106540735e-07)
(0.35703618610382, -2.381033609979039e-08)
(0.08119776174502072, -1.0216899827247264e-08)
(0.7630180523650443, -2.2706829209399783e-09)
(0.1414693534091623, -4.0080199978309e-07)
(0.9616993035683246, -7.122891164953794e-08)
(0.8008607316571074, -7.95790607617005e-09)
(0.9153665274429253, -1.0277472519165983e-07)
(0.23313409586370692, -2.247007087713424e-09)
(0.1403526193770996, -2.758514875822155e-09)
(0.741968418160081, -5.160583879834713e-09)
(0.7488268233197303, -1.4563975544387931e-09)
(0.1711776046257227, -9.317834002011233e-09)
(0.008048906224567082, -1.5581603680344546e-09)
(0.46774557308796294, -1.2415322744060886e-08)
(0.28316760513818384, -8.174497203117831e-09)
(0.1564266100872721, -5.965694104321077e-09)
(0.37583163449426743, -4.6646516336065826e-08)
(0.9063741028805621, -9.54974605526599e-09)
(0.4555730201124067, -7.78018327785973e-09)
(0.0013471982240769302, -1.2615563527598626e-07)
(0.5193771620536235, -1.5642929654672913e-08)
(0.36185585657178726, -2.1243149021719174e-09)
(0.2605929534494625, -3.005470590967974e-08)
(0.22652889739984897, -1.9691756704803294e-08)
(0.878595367304789, -1.2459961312867591e-08)
(0.6338463679376328, -1.4120554274487705e-07)
(0.44303431627891143, -5.735571310786699e-09)
(0.5510473047900771, -7.25694929510508e-09)
(0.6575088700861821, -8.760999794409715e-09)
(0.6740315440765183, -3.6104690351070535e-09)
(0.20318125965260175, -1.7603182019787147e-08)
(0.3312497778111222, -1.0517829404732418e-08)
(0.6127637940134412, -8.741990223226897e-09)
(0.33760787723610175, -1.4393776708265292e-07)
(0.5214464154862377, -2.1282537611678516e-07)
(0.5659685382598946, -4.921526613745053e-09)
(0.5802307202815568, -6.988832983535622e-09)
(0.28569076441677393, -3.8028157398916215e-09)
(0.04864939182373591, -4.472112951037013e-09)
(0.9780747346900102, -2.446592191522431e-07)
(0.5373657622628386, -3.0987642093531607e-07)
(0.6387371807638728, -9.294940981569485e-08)
(0.4320557538471432, -5.8439689902324554e-08)
(0.3184959522069279, -5.133214372066779e-09)
(0.5720970451874288, -4.771283299231798e-09)
(0.6299198797600732, -2.0871372317792057e-09)
(0.750948868372555, -4.215309670834667e-09)
(0.000830124428294071, -1.0148871765462228e-08)
(0.5295810623504945, -2.528779025882818e-09)
(0.6663019922652349, -1.8142370992174665e-07)
(0.5467886878872205, -8.456632021160237e-09)
(0.00513052635828203, -7.411408835862681e-08)
(0.09498086323929941, -3.261155123204235e-08)
(0.7868699259491092, -1.4246677170732037e-08)
(0.6961771738721576, -1.6072400726027817e-08)
(0.21692067803139756, -4.752460029885566e-09)
(0.13778991509794178, -1.3764925898393232e-08)
(0.86819747128545, -2.9134959452859054e-09)
(0.027945661910419722, -6.627646197053335e-09)
(0.6467214671375312, -1.8729494775432177e-08)
(0.654685080855509, -2.5612781523221424e-09)
(0.12348290231119269, -5.906651055644559e-09)
(0.08519561068566976, -3.030100094522971e-08)
(0.026306615274884176, -2.043487788002427e-06)
(0.6636993819417593, -1.4957128408880794e-08)
(0.48866601090782946, -1.238823281010255e-08)
(0.6817502157490867, -3.2114062235003275e-08)
(0.622471727417326, -4.306570400879237e-09)
(0.7848824058837646, -8.23089088610939e-08)
(0.731395310822669, -7.792516767381721e-09)
(0.8990401563981208, -5.341836501527094e-07)
(0.16783124990270032, -6.168209843527315e-08)
(0.7575789240332366, -6.184547684613757e-08)
(0.5497005996900326, -7.623259384458625e-08)
(0.8699342102429043, -1.6934043306356854e-09)
(0.12902324508550808, -2.5887193229223197e-08)
(0.26667613325044315, -5.500587248834344e-07)
(0.32191469851516213, -9.476236452792815e-09)
(0.5341942094296166, -4.388502482554984e-09)
(0.41532185617429723, -8.151672042106478e-09)
(0.1336568660908855, -7.3863409831045335e-09)
(0.9144388052638492, -6.599313900436773e-08)
(0.8126916585838173, -5.478216153720889e-08)
(0.19187968162288827, -5.153330671903206e-09)
(0.022080158527743074, -1.560170529262927e-08)
(0.1426481215544679, -1.2243938936077875e-08)
(0.3204011065250703, -4.3861935910184634e-07)
(0.7261896027204457, -6.622584713911411e-07)
(0.730780577342051, -1.7697084005848425e-09)
(0.09611643873995995, -4.221851605215544e-08)
(0.017567088392846607, -1.1189103626979538e-09)
(0.827277584875766, -2.327596353103282e-09)
(0.8108446769194405, -1.2755605754844934e-09)
(0.6338969378853712, -1.1085851143827387e-08)
(0.5689072167983051, -3.597855647469762e-09)
(0.7612938843625738, -2.8967188110487503e-07)
(0.042902054057850234, -9.583291144527168e-09)
(0.18547411404446112, -1.4089489556589618e-08)
(0.8382367668316762, -3.640017490741772e-08)
(0.31264193327451667, -4.511457524477468e-09)
(0.39537723365615346, -4.350165030771966e-08)
(0.5158607365853443, -2.9530446452996953e-09)
(0.30306324677188246, -3.476272051680208e-09)
(0.9986943978805027, -1.226936352381302e-06)
(0.06367591434012426, -2.8249397765568916e-08)
(0.08110550800561592, -3.068209326423925e-07)
(0.05576368894603574, -1.783434696416056e-07)
(0.7559166699473157, -3.0722290964662115e-08)
(0.9535593529989346, -1.6552089166053476e-09)
(0.5138058349871045, -1.7243740899648254e-08)
(0.9709130350553372, -3.799902920110442e-09)
(0.03212380964303367, -5.541810038497016e-09)
(0.2882046642894725, -5.287762837492202e-09)
(0.7087476985888239, -1.5301123771992215e-09)
(0.03568184742147144, -4.7218825582397323e-08)
(0.5980581791154642, -2.5118412705336474e-05)
(0.41015837718093706, -1.207355579289337e-08)
(0.23873755433297775, -3.379947620661234e-08)
(0.3998197673736554, -2.0709963898657463e-09)
(0.2178247325873678, -1.9824430155952478e-08)
(0.28869342879411364, -6.299333238855893e-08)
(0.11881720391121514, -7.823090046878134e-09)
(0.49633542649595186, -2.2874540494556796e-08)
(0.23329574380787452, -2.0425221291702852e-07)
(0.3128412586326963, -8.403367102185381e-07)
(0.29007775547178033, -1.3386334465341689e-08)
(0.09186005802630387, -1.2851610421340298e-08)
(0.2823535658815551, -4.748402238014064e-08)
(0.861138169206998, -1.0586318001998851e-07)
(0.15408935261510695, -4.640694449793599e-09)
(0.7238168544214718, -3.996990799371931e-09)
(0.4129233402414956, -6.487428041132409e-09)
(0.8101405191728632, -5.548993185944277e-09)
(0.09397176101349031, -1.630262411504386e-08)
(0.5847416312466065, -1.6396901066788252e-09)
(0.45674377259069787, -3.611156436923321e-08)
(0.20827388756370802, -5.288884895183768e-09)
(0.053583528459692005, -8.750437758711713e-09)
(0.21176476464279312, -3.3710953064509506e-09)
(0.39141952341093295, -3.9597898153768113e-08)
(0.8899776451076135, -1.6266980789539775e-09)
(0.9875800409988622, -3.5219996937568314e-08)
(0.4737139301694567, -2.940884320465997e-07)
(0.2525490117969729, -1.0409695282615034e-07)
(0.29675053661991924, -1.6677173601906804e-08)
(0.7056806366877275, -2.3835334381928106e-06)
(0.3120275559787201, -8.546158897497734e-09)
(0.3656788677624951, -5.855304404675543e-09)
(0.9232101417405462, -3.615612128826674e-08)
(0.2944165875054147, -5.298444565007141e-09)
(0.7386277905636365, -5.120744740275045e-09)
(0.43231399801916764, -6.234867913860364e-08)
(0.6761338265250532, -1.3238280448968446e-08)
(0.39818384423730624, -2.287269347895988e-08)
(0.2987663696532195, -6.315242705799965e-09)
(0.061566962586062715, -1.4282279155886669e-09)
(0.8630284513543319, -3.624372659665685e-09)
(0.31742947342629385, -3.314137824694279e-08)
(0.06165901306009146, -1.5587155780571272e-09)
(0.05429711432731948, -6.108777701368183e-09)
(0.2964343622885079, -6.681919234650117e-09)
(0.9481881623190377, -1.401304581782592e-08)
(0.3926022777583327, -1.0315214625670215e-05)
(0.6852637380277694, -2.53215659866442e-07)
(0.9638737436989022, -6.1835057185453775e-09)
(0.4500858111619859, -9.733525851694382e-09)
(0.7989712034053202, -3.686555811207346e-09)
(0.7498535029922405, -5.947480799112894e-09)
(0.1538403508647573, -2.5639530544763116e-09)
(0.3080698779855595, -2.6201929149936696e-08)
(0.11345556635937214, -3.0445522646766545e-08)
(0.40103755333426927, -1.1299502361521732e-07)
(0.3488441977532548, -1.6982580437523645e-07)
(0.7067650549717703, -1.6416903752473823e-09)
(0.9051611953925257, -6.660633917966338e-07)
(0.803168443663096, -5.547782385603368e-09)
(0.3128993428248818, -7.986497885815405e-09)
(0.6473259892741918, -2.1341962085453e-09)
(0.11588216198214492, -1.938463869622654e-07)
(0.24196842428830184, -6.185992432092518e-09)
(0.3326205235503695, -5.023076960001828e-07)
(0.12436824121412114, -1.1729899623408895e-07)
(0.03581763486125374, -1.3802130355840793e-07)
(0.11074057582891977, -3.2819990255218994e-09)
(0.36925027383082043, -4.5272136523483005e-09)
(0.7997624429462239, -2.283101934677361e-08)
(0.8949850593434853, -1.817910070300957e-08)
(0.4746062492639007, -2.2626432572301336e-06)
(0.20656040415615645, -3.486627085517033e-08)
(0.19524614386077027, -5.815281327009121e-09)
(0.045628187472908276, -8.479759652319938e-09)
(0.17304194459572686, -1.4483434571516121e-09)
(0.07005048708240225, -3.6912039068301112e-09)
(0.605297508440846, -9.481765143698553e-08)
(0.23853087497584355, -1.870757858112481e-09)
(0.03764970369632731, -8.023672948144047e-09)
(0.5804310671017734, -1.6390990419747494e-07)
(0.9072186785776929, -2.611547841771106e-09)
(0.14389687028937098, -5.144116300685375e-09)
(0.7108628130630544, -2.00569975191909e-09)
(0.5312047145842177, -2.0853766207800875e-07)
(0.9051995628876773, -8.088029967812423e-09)
(0.9266007301234946, -2.7781193490951857e-09)
(0.7102952655361431, -4.190777752106659e-09)
(0.05020269717938349, -3.380699819054171e-05)
(0.9566171865400089, -1.567415487542502e-07)
(0.19193735233371675, -8.055584920565558e-08)
(0.7764830665524185, -5.844326791672572e-07)
(0.9414134542689476, -1.881370303456002e-09)
(0.3280347912808874, -2.142767938501326e-08)
(0.5127336004983074, -3.6597085927788596e-09)
(0.2415172062516844, -4.24483192869053e-09)
(0.2822401764297363, -3.4969156256743576e-09)
(0.7066025242434587, -1.0519017458564866e-08)
(0.4272041488958273, -8.453932891866005e-08)
(0.7698101882530836, -1.4722434014429337e-07)
(0.09844522731801672, -2.9227298677308384e-07)
(0.09154789693412, -3.075709602103988e-08)
(0.3336565147914333, -2.0749285847210277e-09)
(0.9489276738394364, -3.1918583429500425e-06)
(0.14358748099024446, -1.2328294710193703e-07)
(0.2905093489087347, -9.181715706555892e-09)
(0.8514355799946879, -2.887144069812019e-09)
(0.6412001113186211, -1.3705864733040975e-06)
(0.6054822898363207, -3.600144236545691e-08)
(0.9880181699703968, -6.143934867955451e-09)
(0.761100006635823, -3.328534950906848e-07)
(0.0829131835707581, -8.356091090506023e-09)
(0.7732201120647999, -5.187808805123805e-09)
(0.9874576596177103, -6.897384506950986e-09)
(0.43119392132302764, -2.263912278102455e-09)
(0.7583239926269343, -5.742174353682025e-09)
(0.32212687962742803, -3.5645478666435783e-06)
(0.7594835376270404, -2.5821315039196788e-08)
(0.5429960709827791, -2.111008661146847e-07)
(0.9088477195570314, -2.8809582727901552e-08)
(0.7410551159203603, -6.789180263410638e-08)
(0.5258592955208025, -4.893296527451397e-05)
(0.15060601642184926, -3.1002401313788265e-09)
(0.9776838192961023, -7.741770631824557e-08)
(0.5966267902433439, -4.272005689972895e-09)
(0.8825295482454812, -8.050499338148435e-09)
(0.6881468571980289, -1.4424740286363766e-08)
(0.27457700634681215, -7.938996814552751e-08)
(0.577113286370666, -1.1244099126076336e-07)
(0.458602335336213, -1.6835616453025965e-06)
(0.4065728894331459, -2.276945963714113e-09)
(0.8082242274079089, -2.046620120098179e-09)
(0.14115789988977712, -4.553841872158365e-08)
(0.12745283336713828, -8.33799120589973e-09)
(0.8953903919604184, -1.59823019743324e-09)
(0.5940098700812737, -3.709074915293072e-08)
(0.45281082178926046, -1.8236657222064835e-09)
(0.9311548436046041, -1.5338967999438853e-08)
(0.11365706193549041, -6.47062176277178e-06)
(0.28947516357834724, -5.0584994035277095e-09)
(0.08335772609357, -2.6086722404202354e-08)
(0.23648040265611378, -1.2396120044868388e-08)
(0.8337876335424291, -5.978731738870668e-09)
(0.8601900427886991, -1.033421381492713e-08)
(0.4103491816006124, -1.6087451586630834e-08)
(0.25103710196500967, -3.0383840918285674e-09)
(0.9578228809600043, -2.342830382352652e-09)
(0.5368338086546186, -2.267465284255629e-07)
(0.3378828855371691, -1.649121865737015e-05)
(0.3933370704383908, -1.1949555051392508e-06)
(0.07468138952793262, -2.8315232671139436e-08)
(0.4789285315640374, -9.723686838556925e-08)
(0.9390608481509246, -6.316592245288103e-09)
(0.18651208385239135, -3.7131612692613343e-07)
(0.8663880550074968, -1.4348220735582985e-08)
(0.7685116248449142, -3.961709523957033e-09)
(0.4564647844363773, -4.074620983216112e-09)
(0.7943834056995754, -2.835048499810805e-09)
(0.4276607002388061, -1.103358702646746e-08)
(0.2330823644128352, -2.913788339697e-09)
(0.8519183598383429, -3.0170682965975815e-07)
(0.9854522076630783, -5.79490015008211e-09)
(0.45861271985597024, -3.2177768346345037e-09)
(0.7448008394701147, -9.608996234194531e-08)
(0.13090080286328887, -1.9041435737448782e-08)
(0.2499916326241093, -4.755615301030094e-08)
(0.944265796144042, -4.607274972287807e-09)
(0.42676333831497176, -3.75479370074642e-09)
(0.6299700826192687, -2.3032721070343842e-06)
(0.9124558814005257, -1.363615347227621e-09)
(0.10106091849459799, -4.85155119005062e-09)
(0.7080979982365939, -1.0927291224998086e-08)
(0.6042103357246446, -2.7594468954596998e-09)
(0.6247690070167059, -2.777574965216844e-09)
(0.6493284711011338, -1.6542745161943841e-09)
(0.5305878279139263, -4.8509346367180126e-08)
(0.5623977173373841, -5.6571629926051175e-09)
(0.8419548499826296, -8.652039488428443e-08)
(0.898949608189764, -1.1906266860977736e-09)
(0.6709923112144714, -6.0007250723028865e-09)
(0.7399691224845382, -1.9234531579249396e-08)
(0.6039288164610972, -3.630037506800247e-09)
(0.2212738385659165, -4.2639142904845393e-07)
(0.22556786261547407, -3.094060645660274e-09)
(0.299099599067493, -2.6032754848418733e-08)
(0.658920819821348, -4.514028607739901e-09)
(0.7046370571504716, -1.0341919369408083e-08)
(0.4293887475166015, -6.469044354334579e-09)
(0.15427415139310022, -2.602854698645615e-09)
(0.29105696851313034, -1.3647701345935062e-08)
(0.5992945783763747, -1.0100856188061477e-08)
(0.6836715137742827, -4.395083015589432e-08)
(0.3728511517098455, -2.3222862940446817e-07)
(0.17352606258571138, -3.3255371564991465e-09)
(0.6331188303502532, -2.2013154546538122e-09)
(0.1425203402476628, -2.1999104894671166e-09)
(0.5025463315440309, -1.828847240252643e-08)
(0.4786008293486095, -1.916081030912532e-06)
(0.9903181933360501, -2.4805446839091836e-09)
(0.6551546674802232, -7.18319846317924e-09)
(0.6986174246393071, -2.4035853392640823e-08)
(0.18699961005196492, -7.508414529699053e-08)
(0.22596132036479852, -5.240454538372071e-09)
(0.5416628712506497, -6.201549819699606e-08)
(0.14346550341156072, -1.0880925024729e-08)
(0.22495888860983734, -1.500631727440679e-09)
(0.917479586686786, -8.885595690963453e-09)
(0.5540548666517817, -1.1010050265651269e-08)
(0.9640084554092284, -1.636845337019719e-08)
(0.5251713782361659, -7.56162037867538e-09)
(0.17797891261062448, -1.6762400136323282e-08)
(0.03816419340807655, -2.031085699456545e-06)
(0.41308370902428865, -9.088930472979176e-09)
(0.22785810119160532, -5.942969448842056e-08)
(0.17295122308727875, -1.0007976638489892e-08)
(0.591081066643739, -8.052293643112418e-08)
(0.4551493264661207, -1.6873849955777414e-09)
(0.5037058235363229, -4.600875581834987e-09)
(0.8573605469262358, -4.677851178907183e-09)
(0.48801254837380853, -7.82435067125467e-09)
(0.19101473283366338, -2.3042179783212136e-09)
(0.15475920797044304, -8.46634767391359e-09)
(0.7832406633487392, -4.014284426789719e-09)
(0.7768987947545439, -1.0031011023579039e-08)
(0.12061186927624054, -1.4077443853645273e-09)
(0.1133637055199516, -6.05752762908335e-08)
(0.19156122900674089, -2.543275720650334e-09)
(0.6325932982308656, -1.1992138059875406e-08)
(0.08783928185107943, -2.4334345365956057e-09)
(0.2829047462889938, -3.334142582667155e-09)
(0.1264891699392338, -4.340373071072042e-07)
(0.21930724700046494, -9.6095446492313e-08)
(0.6018421428115106, -6.632583395949528e-08)
(0.3934361272899538, -2.1641251994356298e-08)
(0.8472020036847755, -3.788363273112268e-08)
(0.5283481806842755, -9.491310986056057e-07)
(0.2554240307109573, -2.447219441297615e-07)
(0.5883504783652307, -6.658230942525307e-09)
(0.7972423814906671, -9.522984029237024e-08)
(0.16357189041115833, -3.934040527873892e-09)
(0.5266926658304164, -1.661344967921325e-09)
(0.4204822785871046, -1.5539429528147908e-08)
(0.4618495528111695, -1.7089766747049772e-07)
(0.6478490512717623, -2.525405538848046e-07)
(0.3753265343724214, -1.4378734042273607e-07)
(0.33429127204118236, -2.426597479101046e-07)
(0.7570048137088277, -8.858013620073764e-07)
(0.7655089282074745, -4.739604039920207e-09)
(0.06230997450781435, -5.439686332726702e-09)
(0.11204082000963625, -2.9295454115658476e-09)
(0.7710352104006087, -2.00982541363945e-09)
(0.9047639989865726, -3.935049875926334e-09)
(0.6402567568811682, -2.979671140457078e-08)
(0.9931094194105348, -6.31193067468739e-08)
(0.8820286375467111, -5.793441257538219e-09)
(0.9644605521174735, -6.753870303755771e-08)
(0.8750619838331922, -3.6117105711129e-09)
(0.8264047332483434, -1.7647946430858912e-08)
(0.9028425002767414, -1.3952698464068498e-08)
(0.3571967773647794, -4.392138079796569e-09)
(0.8353633262929591, -3.839621688385094e-08)
(0.6020235180766708, -9.640201441187113e-09)
(0.4294634977473696, -1.6967618947440921e-09)
(0.47963958168543835, -1.8613558820586354e-08)
(0.9856398419151566, -2.2610730423847362e-08)
(0.16564898173905487, -2.506092833007837e-09)
(0.4029448832984344, -1.5463082560128616e-09)
(0.3985455642854042, -1.615975725841433e-09)
(0.9905583257719325, -1.1018459574044338e-07)
(0.43302138040248106, -3.952651062462016e-09)
(0.015386993138712812, -1.3456244481027712e-09)
(0.8779059906920199, -1.3993005297617916e-09)
(0.24946358128322144, -7.762809234564093e-09)
(0.5918897107181608, -2.3994238828549464e-08)
(0.636637161515884, -1.2653737557754964e-08)
(0.6552080344384089, -6.027945461873417e-08)
(0.7277369419384371, -3.509384586519781e-08)
(0.8656985204214124, -2.583974295144475e-09)
(0.08017326446991571, -6.2549576976169474e-09)
(0.313139485867189, -1.7205546478545096e-09)
(0.5422661737167235, -1.8140375065001926e-09)
(0.341796731439881, -5.879724717130163e-08)
(0.8961940459258506, -4.9554574215890374e-08)
(0.587550722632135, -3.557709932498246e-08)
(0.43050401145425876, -2.725610808769374e-08)
(0.04074789346814715, -4.052581271859799e-09)
(0.6576670003374077, -6.490712253852377e-09)
(0.16182047478182782, -1.8680807378205662e-08)
(0.17349403489086643, -4.35305116957344e-08)
(0.18332308153149926, -7.43570040483149e-08)
(0.9561110744157864, -1.0200593445643596e-07)
(0.13651438031583088, -9.842872342170068e-09)
(0.23086086925754065, -1.21381603968117e-08)
(0.8360755660142575, -1.2198578457052063e-08)
(0.05433948712082182, -3.740002509678399e-09)
(0.883890944025833, -4.009461151108162e-09)
(0.7094862035605521, -1.828292038028211e-08)
(0.010099753374273239, -9.722793404786792e-09)
(0.005028892156814225, -8.113514345011966e-09)
(0.7518017607336601, -2.0336851845871907e-09)
(0.9875599108470688, -4.558595526806644e-09)
(0.7576527078069315, -2.023596859945553e-09)
(0.8315066685209562, -3.770044991991215e-07)
(0.9063464322867817, -5.649151546694109e-09)
(0.23377471223384488, -3.6321608410493117e-09)
(0.46350796639783937, -3.293867257567052e-09)
(0.5616999847592258, -1.8964446167974002e-08)
(0.11880521210019655, -1.1830442275913539e-08)
(0.2652635870606734, -4.0096266088561514e-09)
(0.23495687268220566, -1.0444369031863977e-07)
(0.5735117993772874, -1.8384427778572858e-07)
(0.7340805618129987, -1.0744923406499e-08)
(0.5876750762958154, -3.947387795477714e-09)
(0.7253092532608615, -2.7939428042935612e-09)
(0.1410752337439618, -1.5396250836652584e-09)
(0.4818580221274069, -9.074554886203011e-08)
(0.19643339652347935, -1.7497393865302919e-07)
(0.2076401962087629, -1.2855794545331892e-08)
(0.003460024138387591, -2.598885003524357e-09)
(0.1595897746740547, -2.462046857270213e-09)
(0.49260680510072796, -1.238730038676465e-08)
(0.4456581040247138, -1.9061859234052057e-09)
(0.37906962628297297, -5.8580218535767535e-09)
(0.6509870040067044, -2.53101473303449e-09)
(0.8116127968808033, -2.1590798634047694e-07)
(0.12729263827930726, -3.118240431291039e-08)
(0.5494067672894962, -1.2437459903586273e-08)
(0.25855682888948794, -4.9023805046161066e-09)
(0.02683469182482174, -1.1727401095162807e-08)
(0.011685354487323052, -6.079163289813273e-09)
(0.3024281606779521, -9.837289770908793e-08)
(0.6759629407733645, -3.5795759707191283e-06)
(0.1939240101874026, -2.3828365713077523e-08)
(0.36389938631167046, -8.203146005679299e-09)
(0.8759154235762632, -1.0574749545731208e-08)
(0.798149154776817, -3.655435504491378e-08)
(0.34168135442113434, -2.3168145663318935e-09)
(0.7282150753668384, -4.715350061949793e-09)
(0.6233255375868113, -2.6865305743209618e-08)
(0.8512522873322602, -6.955745094367083e-09)
(0.6568630962915941, -4.194253604517022e-09)
(0.9922066126349864, -1.3637095811644747e-08)
(0.014530177622044688, -2.0409403429120255e-08)
(0.675161780091065, -1.2057609186508951e-06)
(0.20913101761242447, -1.3542861649756116e-08)
(0.9745989978212036, -2.4057040434978638e-09)
(0.27271570772737846, -2.19368780685567e-06)
(0.2505524967204109, -5.696235279109577e-08)
(0.8173902853816104, -3.960526606355961e-09)
(0.7680573743686981, -1.0019975696522991e-08)
(0.8930585320995058, -9.829121129562592e-09)
(0.48611157112734216, -4.078396683341594e-07)
(0.6580132361414033, -3.414628885550436e-08)
(0.08870876382818314, -9.111256320510352e-09)
(0.31913370228086463, -1.0089736286922164e-08)
(0.7133279546576439, -6.900359112799097e-09)
(0.7700469718367084, -7.431002883882037e-08)
(0.20810222912620277, -2.753675896591812e-07)
(0.6220050083610471, -5.458715590269825e-09)
(0.14325925593346284, -5.126951358461463e-08)
(0.614116615128428, -6.502220977940157e-09)
(0.6570640721673261, -2.1319195866276302e-06)
(0.6428615716141889, -1.5557419559907723e-08)
(0.9549806177792864, -1.6383873291135292e-07)
(0.8265410417379476, -6.2601075778930926e-09)
(0.24896293396207264, -1.6964680106505065e-06)
(0.5551537967303529, -9.49562008932113e-09)
(0.42396183031419094, -0.00011662087860334925)
(0.8160178318817225, -4.945076939531275e-07)
(0.9280649448742909, -7.295718187166994e-09)
(0.7297477285530704, -5.221471761275312e-09)
(0.850775731325152, -2.029108394420481e-09)
(0.1746576744580046, -6.057936848636826e-09)
(0.9443700538875057, -7.450469895792706e-07)
(0.40932144617470634, -1.4930808285383418e-07)
(0.2834654319323137, -4.139564030695159e-08)
(0.413557214779401, -7.610761463257841e-06)
(0.8992900304872522, -1.3528118374453326e-09)
(0.6421493165336049, -8.89146322917101e-09)
(0.43450506444306153, -8.778306992759502e-08)
(0.8866826728059314, -8.293958921136162e-08)
(0.23889720533377443, -9.052398586378861e-07)
(0.7163324713439083, -4.50750613271868e-09)
(0.5757276888435966, -3.1730738110284427e-06)
(0.7893489918179812, -5.5519816073409974e-08)
(0.572150497437089, -4.728616717912328e-09)
(0.354795311868876, -3.8868642448643786e-07)
(0.2761128933731773, -1.482328327433431e-08)
(0.6072395744927203, -7.394926179682212e-09)
(0.9342617475892743, -2.407332901718385e-09)
(0.8942478194527518, -3.136534543699745e-08)
(0.12376076900844865, -9.519991871054817e-08)
(0.874311484942813, -4.5162572095638386e-07)
(0.34641601818514894, -5.744689043360909e-09)
(0.7310937778971701, -5.1786538380062304e-08)
(0.5087983676046792, -6.604494108947749e-09)
(0.14061090120584238, -3.984851214746196e-09)
(0.10036940352878326, -1.4365317307280094e-08)
(0.8946606008086331, -1.315197251375388e-07)
(0.4512269009432476, -2.0221354588382888e-09)
(0.3640542138414502, -1.0981123323016733e-07)
(0.5350113235563151, -4.2311107919494495e-09)
(0.6201961052492067, -3.623003631621331e-09)
(0.11840080295141743, -9.868249824872426e-09)
(0.8616053727561919, -2.6294596300872476e-06)
(0.26110809753923786, -2.1611829695474467e-08)
(0.3996570633758647, -1.189118337631421e-08)
(0.6482517108621274, -1.3925764656351924e-08)
(0.15955130132659393, -2.0804596596064106e-08)
(0.4431755312119282, -4.662031208934787e-08)
(0.054486297486306845, -4.622807630391121e-08)
(0.3430472380367113, -7.014065184129795e-09)
(0.36957379111353716, -8.915845535275953e-09)
(0.8750687307668679, -1.3717862560172705e-09)
(0.5042289343494681, -4.638447960976191e-09)
(0.7928891883163689, -1.5251762589072495e-07)
(0.09587135118814964, -3.075923188056675e-08)
(0.3578948805750948, -7.638501904287592e-07)
(0.2133308850829704, -4.2612515136112446e-09)
(0.8951701641624049, -1.3589790258218288e-07)
(0.9906521893883401, -1.764749466264946e-09)
(0.17569919749203883, -9.328490519441966e-09)
(0.5414558569355924, -2.0737165192530885e-09)
(0.7276882662682341, -3.177621550728928e-08)
(0.1504896904345781, -1.7126967823613732e-09)
(0.7455468417363317, -1.4560845027103544e-07)
(0.308114186086383, -3.4592641113870504e-06)
(0.07867900563190733, -1.4835884267745684e-07)
(0.5813547057996209, -8.584336595952053e-08)
(0.5139506098287221, -2.2814420705547068e-09)
(0.29724878759760065, -2.6107818927544352e-09)
(0.851835606346309, -5.531709128434502e-09)
(0.16455263331892642, -1.6712936768893746e-08)
(0.4826426370752025, -5.868995648807471e-09)
(0.9567201121094597, -3.605023005507157e-08)
(0.09685967568856428, -1.4522329677945069e-08)
(0.8791294747377402, -2.4827802614124034e-09)
(0.4025132228673072, -8.332996361837074e-08)
(0.2940493221304532, -4.277900241844381e-08)
(0.9297501576881059, -4.4471746270172674e-08)
(0.554782877949492, -8.920760925120151e-09)
(0.03554777686694805, -1.645239631588765e-08)
(0.8471965859300098, -1.3347978546854362e-07)
(0.8848840291639205, -1.3539692983037544e-08)
(0.47578621343008043, -1.5704032513333296e-08)
(0.6151686861078489, -2.20244772094243e-09)
(0.5861932630769391, -5.515156138122316e-09)
(0.7137032097054998, -3.796811079088718e-08)
(0.02497968200800984, -1.348196699646939e-07)
(0.8262143442393558, -1.3030517338736465e-09)
(0.31856812359023157, -1.8520706115943772e-08)
(0.1896709127505308, -1.171685250946481e-08)
(0.5249285974934402, -2.6920710026824538e-09)
(0.5432856325402224, -1.5754956715844385e-08)
(0.7387828380276172, -4.4470893710915637e-08)
(0.9784916544740225, -3.789063151922778e-09)
(0.6238209294273633, -4.611594135098453e-09)
(0.6072343662364853, -1.951262129642779e-09)
(0.48300849570745313, -4.75622529842051e-09)
(0.15696303223216243, -0.0002870252265101578)
(0.8983322420888411, -7.797166617646634e-08)
(0.4875732732851366, -3.0508429187814674e-09)
(0.48389553698959287, -3.090764785882869e-07)
(0.44642072026782675, -1.6385429292336122e-08)
(0.1999174978595672, -8.710483169799618e-09)
(0.9426730510368111, -6.614589792973419e-09)
(0.5058461949338777, -8.216588366102849e-08)
(0.18013322552623312, -4.959611818453245e-09)
(0.6233966812947932, -7.750304446163731e-08)
(0.9186466583797827, -1.921123922556438e-06)
(0.5294538200619556, -7.291503552851186e-09)
(0.45295319027307046, -5.5298500614282e-09)
(0.11370025723128023, -6.425803585220786e-09)
(0.6335064477645652, -3.869716482564911e-09)
(0.38537537087977114, -7.336958761193206e-09)
(0.7930250633940898, -2.711031610793432e-09)
(0.19708406439182946, -1.9288433645252446e-07)
(0.8937400522629505, -3.839221664731852e-08)
(0.08828380581682949, -1.250100607840533e-09)
(0.614201202194413, -1.4328522131807874e-08)
(0.2767792559952059, -7.805668983188098e-09)
(0.18430680266554483, -7.972051637884062e-08)
(0.8779343178693039, -6.36257714595477e-08)
(0.15477075783239275, -3.8435392185582105e-09)
(0.19116270161402146, -3.3561022889853896e-08)
(0.6430903547189853, -1.547036172135754e-08)
(0.5501378030099635, -1.7915838971326826e-09)
(0.6123887425438087, -1.1742238449384435e-08)
(0.9058338642651241, -7.328702358986897e-08)
(0.2575834976720674, -3.621964810825354e-09)
(0.03854157809178444, -3.365570642390043e-09)
(0.7951856180834399, -9.648552809321764e-09)
(0.13904058801073216, -3.8763334773616134e-06)
(0.17961892786361383, -3.2754742192719184e-09)
(0.8352144310501389, -2.8062751739111455e-06)
(0.2918739014674646, -5.476605592734458e-08)
(0.18276495470796195, -2.587812470404268e-07)
(0.4346427464622481, -2.757860776950935e-09)
(0.5086406326288233, -4.409155921718669e-07)
(0.029676001915531054, -1.1998376688986024e-09)
(0.5785562235463804, -1.351101657137903e-07)
(0.22123603437372244, -1.3540875473486567e-08)
(0.576134293430846, -7.53839529904588e-07)
(0.5969951763624213, -2.2622884954735453e-09)
(0.07878910236480288, -4.643273327229262e-09)
(0.890010448112036, -3.2437832097969894e-09)
(0.13122828732381261, -1.2276010539400543e-06)
(0.21264436436796827, -9.632071619507612e-09)
(0.24041300408903055, -9.69825971459816e-09)
(0.8504561906448747, -1.4788270786920691e-08)
(0.2901641314381765, -2.0843215729872423e-09)
(0.23972123572656628, -1.5635319158511569e-09)
(0.8351199304537897, -2.9523456242129173e-09)
(0.773845026996513, -1.2196603007427122e-08)
(0.8011318556065188, -4.999137984550027e-07)
(0.6839974343495391, -1.5601125522432434e-08)
(0.42855949321431075, -4.218967036840251e-09)
(0.48344287676325776, -4.453119676231411e-07)
(0.5710445187248924, -2.501922828565681e-09)
(0.6576585524793243, -1.3316216211930357e-06)
(0.7830386077548195, -3.876747317022665e-09)
(0.8060780041619532, -7.605796196491879e-07)
(0.9882767362670007, -1.3789359287856905e-07)
(0.8857586300364546, -5.391251064543535e-09)
(0.8404485356928747, -8.165541279488609e-09)
(0.8197382197350611, -7.390943432724811e-09)
(0.17842549777986516, -1.3561717177163772e-08)
(0.9336787216861395, -4.965799115344941e-09)
(0.28631386429709016, -2.9247934621783213e-09)
(0.04802794261334093, -5.9365126054527645e-09)
(0.6261152497221997, -8.490511162253051e-09)
(0.595748783406515, -1.823582429265736e-09)
(0.2729162591708456, -2.688489016321238e-09)
(0.9732546404004018, -7.624139719956473e-08)
(0.3896356107822302, -1.2695584263126866e-08)
(0.007618995798597057, -2.815473036989438e-09)
(0.5813773147528499, -3.975045702649306e-08)
(0.4082315555422309, -1.599140278266782e-08)
(0.015392803521365126, -6.502779884948746e-08)
(0.38928980177257805, -4.04156893664552e-06)
(0.7724763568593124, -1.4073153086779482e-07)
(0.613491538363422, -5.6037788410739134e-08)
(0.5106640378292715, -9.19732373695035e-08)
(0.925575076018846, -2.2248690161969064e-08)
(0.4470975886513673, -2.459644787547501e-09)
(0.10424139008361089, -8.253399819250168e-08)
(0.5316976206710544, -1.065981385501512e-08)
(0.7133325023190656, -2.896790424444993e-08)
(0.18632986580941568, -5.699937693446148e-09)
(0.24782177235823283, -2.4587178233129826e-09)
(0.6383834408666598, -2.1710904922063942e-05)
(0.8307391070630383, -5.389715682818481e-09)
(0.3040212229896005, -7.067230684637287e-08)
(0.6344834927416327, -2.108155452822824e-08)
(0.9793251749767925, -1.4139085002030466e-07)
(0.7304960204482823, -1.9529883140573577e-09)
(0.7157834097541007, -6.754412733223123e-09)
(0.7743933756208564, -1.7499627664892172e-08)
(0.6615660268920311, -7.727545268474483e-08)
(0.6762951611236676, -2.714461866723016e-07)
(0.1519150895825861, -3.328238067034074e-09)
(0.015566714519559832, -1.068977882989772e-06)
(0.19011751629072823, -8.032391234530422e-09)
(0.47795601955428924, -1.7884368966411774e-08)
(0.5392082422384927, -2.3668446599438813e-09)
(0.9895312655568881, -2.561613582824633e-09)
(0.2409524641166561, -3.913257141111222e-09)
(0.8397476552166504, -4.5350184872828374e-08)
(0.33766654313042005, -1.2751098849304022e-07)
(0.43840178593106105, -1.7482034657742415e-09)
(0.07836915682047205, -8.297298733481004e-08)
(0.5057073608302316, -5.258289676958332e-09)
(0.8908372166487897, -6.685061259905163e-09)
(0.21706945447157644, -1.5354191990088826e-08)
(0.9020597946001523, -2.7095187511174126e-09)
(0.2470294141852672, -3.547560969145932e-07)
(0.8097376479083042, -4.8459284290053e-09)
(0.476822663812634, -1.4438006991510123e-08)
(0.4097256984196548, -1.8482862818029847e-09)
(0.11004124526612051, -1.7959308878392294e-07)
(0.7619920945636482, -3.1800515280194676e-08)
(0.27753770546175227, -3.76513312389775e-09)
(0.8919585050245565, -9.844998922791385e-07)
(0.7878832692734968, -1.41928397232227e-07)
(0.45248848203746483, -8.996734798955008e-07)
(0.964235578916054, -4.6376514853039615e-09)
(0.24925505504330892, -5.358716470786374e-08)
(0.11016032733763392, -1.6910629385309887e-08)
(0.16124592049032077, -1.3307297740952447e-08)
(0.23132349242275052, -2.291013867978923e-09)
(0.588610377118072, -2.8873561450642502e-08)
(0.30877801450784065, -3.3844578093044225e-07)
(0.24828070772626676, -3.0098148806897613e-09)
(0.36391191080593016, -1.0112903517343227e-07)
(0.6865405877884027, -1.311902449072669e-08)
(0.9347197569935008, -2.0201723579338903e-08)
(0.5449806406312795, -4.9732388445869954e-08)
(0.6701850293355787, -1.5161313951147458e-09)
(0.72281634759357, -1.822138996821476e-08)
(0.4397156996962064, -6.465342764295677e-08)
(0.5522495817613011, -2.0177970064726913e-09)
(0.49821544080630537, -2.267882444963086e-09)
(0.8813588968916997, -1.3297104311232364e-09)
(0.041047980428957444, -4.7649284294762225e-09)
(0.09573331341073957, -1.8122142551745358e-08)
(0.17686767292531919, -1.4877321939365449e-08)
(0.6582632004441984, -1.3764403875406985e-08)
(0.5235029357732603, -4.4703417587506556e-08)
(0.5351656976253513, -9.973120087043142e-09)
(0.4510583766809558, -2.3186951789232858e-09)
(0.6074105583489127, -2.4585142608149268e-08)
(0.150030461475672, -6.513746158477513e-06)
(0.5657408498328234, -1.7392001904960566e-08)
(0.6855166809562618, -5.436761907995671e-09)
(0.5467272768470424, -1.1167005496123402e-08)
(0.9454948257716109, -7.308213584119595e-07)
(0.5590246707927666, -8.105504039973908e-07)
(0.2990476373349867, -1.155040957746006e-08)
(0.8654144750147527, -1.516263196941645e-08)
(0.5899518774415685, -2.2768387934899732e-07)
(0.5781817357573492, -2.3064285727655494e-08)
(0.506345665674372, -3.142443942316871e-09)
(0.8698706768104209, -3.5816776187240726e-08)
(0.8470285802146766, -2.82987851028518e-09)
(0.9393839219827732, -6.356391736791814e-09)
(0.21262616695921274, -1.8546934369312264e-08)
(0.8589611131032434, -1.3984196909918863e-07)
(0.7692952319794424, -4.274006327875929e-09)
(0.8841016618181088, -1.2022539029277328e-09)
(0.44268447771452013, -1.401580497945472e-08)
(0.4445224805739391, -5.483040145054843e-08)
(0.5199463764846893, -4.049949933156235e-09)
(0.7305486071446429, -2.101299931517116e-09)
(0.6409621404648346, -3.4899613356429105e-09)
(0.7402542187138116, -3.0461168875841597e-09)
(0.7724234126022259, -1.0265077385532005e-08)
(0.027656988709882747, -2.81720076484925e-09)
(0.2670536500397555, -3.634607775463628e-09)
(0.15907456059131092, -8.888084018053108e-09)
(0.21637720686480189, -1.0631046974732864e-08)
(0.13776992037431351, -2.791116933899268e-09)
(0.4543774032392957, -3.681935690654098e-09)
(0.16812682956729022, -1.499066328622027e-08)
(0.9130499705349342, -1.5722891333895924e-09)
(0.3075551409913304, -1.752547233853579e-08)
(0.39785157741392513, -8.143735962407463e-06)
(0.3888270377202531, -1.639178064224686e-06)
(0.7845489971676309, -2.2479428190395583e-09)
(0.7021952027617544, -2.1980769648165536e-09)
(0.164046936643674, -1.755356569973486e-09)
(0.5639528740919068, -1.8233473181468703e-09)
(0.8531254967194949, -3.029184236368438e-08)
(0.056826440238976594, -3.027650465881935e-09)
(0.2371701053222766, -6.7717552667297725e-09)
(0.8852678161588198, -4.096847382820122e-09)
(0.843374922954449, -2.137044977267401e-07)
(0.11815837502854869, -3.793248330424763e-08)
(0.9080902548610239, -4.180853926579614e-09)
(0.495233823380878, -2.987857339347288e-07)
(0.6422873650115691, -9.908628289353935e-07)
(0.6220816576103398, -8.572697830171436e-09)
(0.0828159062520186, -5.760609464506753e-08)
(0.9335549220700172, -2.3289675150855973e-09)
(0.21155771680020838, -3.551011718575563e-07)
(0.886631887660479, -4.925830105272706e-09)
(0.3913464889657151, -1.5161016189618988e-09)
(0.030936458699587378, -1.4715302020956183e-09)
(0.9099780672454164, -2.218556230032459e-08)
(0.3133376162378377, -2.8810228084954287e-09)
(0.7846827442561126, -7.617866184987111e-08)
(0.1626537229671121, -4.086098597391929e-09)
(0.22780609785335756, -3.2827538526643534e-09)
(0.9254810672986962, -8.712016132423223e-07)
(0.8545165491277322, -2.1602490694179395e-09)
(0.6932456866764578, -2.70525381262316e-07)
(0.8082919894509221, -1.1089387124314213e-06)
(0.2257370930606146, -0.0006545368358981822)
(0.1799568662615322, -1.3013472055583448e-09)
(0.8607147776076899, -1.3493181095357578e-09)
(0.7125031028173482, -6.601949625425624e-07)
(0.06141096140503372, -2.6189260784972567e-07)
(0.46492170059235716, -2.7280514781098603e-09)
(0.06556982651361527, -1.126412346367504e-09)
(0.11762733892375764, -2.0767891091339153e-07)
(0.5289292982663146, -1.718933889613479e-07)
(0.662886935555561, -1.4179714869411318e-08)
(0.6852474110181843, -2.279118087206935e-08)
(0.3500952754986572, -3.120637971325442e-05)
(0.6768837937864072, -1.6261529796675637e-07)
(0.311423398036305, -1.8460105186626104e-09)
(0.9404035036085726, -5.224873193014209e-09)
(0.6413296330107547, -5.713327279604271e-08)
(0.34364163276992316, -1.418858018016678e-08)
(0.8738896204129462, -5.493935682460362e-09)
(0.5670349679668033, -3.3227603111955412e-09)
(0.7655430380008463, -1.0718874559645505e-07)
(0.5232040737544817, -3.07033627711466e-09)
(0.271812335344325, -4.5811065353086766e-08)
(0.9724671491612026, -2.6179394825634637e-08)
(0.7382820473106356, -7.916659838833936e-09)
(0.17730490032207413, -7.920236725539314e-09)
(0.53849256412605, -1.7447343800076306e-09)
(0.11197095885228656, -7.071634688509497e-09)
(0.9093662188404581, -1.5830912202639647e-09)
(0.2023751111767279, -1.8972068313346936e-09)
(0.6456417134380821, -3.630802299711606e-08)
(0.31667282635066335, -2.597630579866228e-06)
(0.7487131423465332, -1.6515377697250688e-07)
(0.03126067244177616, -3.750815497562776e-09)
(0.6692376477260612, -2.202711009802488e-07)
(0.44344383438849755, -3.7926635626253755e-08)
(0.646922109056295, -4.31722030627356e-08)
(0.1486756264041323, -2.273338638039655e-09)
(0.35256436447033296, -1.5545787271900768e-07)
(0.15560739680825042, -4.55648660648758e-09)
(0.5967367056110675, -4.667615386972254e-08)
(0.249516792749038, -9.221652690894114e-08)
(0.7987093330170331, -8.281815826572706e-09)
(0.1605624961031279, -1.991574650563414e-06)
(0.5934900858903785, -7.252561130651991e-07)
(0.99144915694828, -5.9231025765629125e-08)
(0.8914902982263162, -6.249891947797197e-07)
(0.664730684451881, -8.178787238705263e-09)
(0.08298197682593185, -6.558685630467625e-06)
(0.9270400251689718, -9.08894966324553e-09)
(0.9942350984626548, -7.880849384318215e-09)
(0.8748373571770451, -2.540062912323066e-09)
(0.4342579227403557, -6.264000934549658e-09)
(0.4122254426486536, -6.277199843729873e-07)
(0.7657465223943288, -9.414220201874419e-08)
(0.8822862076764274, -2.2231148961961637e-07)
(0.05712823525879402, -1.4846063240156081e-08)
(0.2924504089584848, -1.3651853600521518e-08)
(0.17577168166653248, -2.3119449035726598e-07)
(0.8482341108549057, -6.003181291591636e-08)
(0.06895835350712627, -7.0756906835579546e-09)
(0.7080965262966975, -4.6038619339980343e-07)
(0.4278806487526137, -1.1128739176780794e-07)
(0.5865297267796288, -3.3676437153312675e-09)
(0.4031636093117367, -2.848708087238243e-09)
(0.346311627414164, -2.830009179873196e-08)
(0.903753714851508, -4.557524084102441e-08)
(0.49749241118900794, -1.833228614157924e-08)
(0.3053800634601882, -5.565052768088085e-09)
(0.24592309274511245, -4.9921873894549935e-09)
(0.9618774830821837, -3.31185596574033e-08)
(0.8796957167169558, -5.142965240977029e-09)
(0.6612623474235284, -3.5554148277154442e-09)
(0.955944296599877, -3.5809127838007458e-09)
(0.2771257648008576, -9.47102046705597e-09)
(0.22682414666150788, -7.456004167123342e-08)
(0.707459483520706, -1.087498875079978e-07)
(0.7570102221751003, -8.617925249255498e-09)
(0.23809005977928385, -1.5448160936138724e-08)
(0.9597053662105675, -9.259192475948856e-09)
(0.9497734626398129, -2.752497248386877e-09)
(0.504565633956467, -1.0970454887195515e-08)
(0.34607836585475976, -9.932068169572253e-09)
(0.7267068198724486, -2.3615090437244743e-07)
(0.007139167840804965, -1.0240367188354581e-08)
(0.9648535033884937, -5.462852846640968e-09)
(0.5268771247869598, -4.260716053688055e-09)
(0.7984350147433144, -7.625197262137752e-08)
(0.09603971389810391, -2.0369507140092162e-07)
(0.3440304926569534, -8.403541851192238e-09)
(0.791275284471921, -3.3032992256666553e-08)
(0.1154978497793593, -1.2291962752219548e-08)
(0.2346261711769561, -8.430659803970553e-09)
(0.8154803408871797, -4.880877345748802e-08)
(0.12668150934451286, -1.1059949822520272e-07)
(0.7556165925464654, -4.200052376769907e-08)
(0.47524036398343966, -7.464604061064464e-07)
(0.8842807542279423, -1.7507560672508822e-08)
(0.23796420212102895, -6.324482767691209e-07)
(0.6185245413900048, -3.165727053815675e-08)
(0.5032315905893373, -4.732491827264569e-09)
(0.2550796625860223, -4.31137635830828e-09)
(0.2300872066851771, -2.13248073037071e-08)
(0.11108285514559472, -3.542740420798614e-09)
(0.1625386136488608, -7.346924997889468e-09)
(0.4792506568212, -2.125821591395421e-09)
(0.7448869528923999, -6.694154891980124e-08)
(0.4014150329351088, -6.522242031418697e-08)
(0.8351727712030507, -2.026377933500706e-08)
(0.7786207338782964, -1.6072527272270635e-06)
(0.2937233749849652, -2.3001455649171555e-09)
(0.609552469146132, -7.054749455300459e-06)
(0.6169830843678259, -2.1213662542539147e-08)
(0.6347137395355982, -1.3754409532474632e-06)
(0.3246369440122437, -3.392577474832118e-09)
(0.5316067557725912, -2.1675997881312054e-09)
(0.4948790177464171, -8.195484852482339e-09)
(0.8043217721107179, -3.874106864973723e-09)
(0.3815742397050649, -6.67628031876261e-09)
(0.1965794692012609, -4.307299873612351e-08)
(0.30977760790706377, -3.770951324445811e-08)
(0.46140546706347957, -8.49121446203661e-09)
(0.6191671695947512, -2.75541610063337e-06)
(0.4255296933075049, -4.673342269622485e-08)
(0.496552555348367, -6.183475265246446e-09)
(0.9403042765540406, -2.5927808121465352e-09)
(0.007709253660016356, -3.095980360139001e-07)
(0.16743551439244567, -2.7235793728039496e-08)
(0.7086832614713874, -2.1277147813826585e-09)
(0.671637747905716, -2.3963491916887957e-09)
(0.2007394295354411, -6.348675577723769e-09)
(0.5130454103797716, -1.1471770001796424e-08)
(0.8513530342488159, -3.954731260924104e-09)
(0.40969492750671094, -1.4101648200894692e-07)
(0.23976975614352852, -7.552982229667836e-08)
(0.5197064599685894, -1.232960722145476e-07)
(0.9310138125994926, -4.373346885225031e-08)
(0.13183125566742165, -2.7212711877226706e-09)
(0.8827670310943833, -5.81294234956143e-08)
(0.4328616115844506, -1.9687181691366064e-08)
(0.11051076717313338, -1.8523433740852767e-08)
(0.6052383717563585, -5.81001141679428e-09)
(0.625172323147702, -1.4580876344363366e-07)
(0.24830803105528884, -9.61529206568458e-08)
(0.6241918938062166, -1.071470316194645e-07)
(0.6288779805765297, -1.1041229169148371e-08)
(0.4737396342021544, -3.822938278632479e-09)
(0.06908054239594118, -5.807949634295131e-08)
(0.06456112170841101, -3.2732597793325685e-08)
(0.3037785974669373, -4.950170215005674e-09)
(0.003422342214473805, -1.4873547531816719e-08)
(0.8744460172034735, -5.138914711856591e-09)
(0.91594269940845, -9.67562467040894e-09)
(0.7259441606652678, -2.8336141979508165e-06)
(0.28108131615054327, -1.8910822978800475e-08)
(0.2768265153717701, -2.694421135512112e-07)
(0.4164891094378567, -6.061621934414753e-07)
(0.7792263511466732, -3.5000380305607943e-06)
(0.3339291812348177, -8.60818583052965e-08)
(0.6321048462164086, -1.5423083443577331e-09)
(0.3567142208145221, -1.610708751899422e-08)
(0.5335367353972368, -2.4506438508659362e-09)
(0.41430621038441773, -8.76160277023017e-06)
(0.4634631844323629, -2.1851312330865734e-09)
(0.48866539135524656, -1.0520699954761915e-08)
(0.6688704210232844, -5.2442848175740126e-08)
(0.4073498254138956, -7.017259002809976e-09)
(0.4949303835212896, -3.305220150562931e-08)
(0.08826835186377872, -8.158276355289357e-09)
(0.5981456881892765, -2.965975364064359e-08)
(0.6406082787535695, -2.8935432075389147e-09)
(0.05682129834057429, -3.7727684738721684e-08)
(0.7793659978791856, -2.6359957000556137e-09)
(0.333577419118807, -3.2666408876221625e-09)
(0.2858024035468697, -1.3975285395391011e-09)
(0.3258923538639185, -3.467877016561968e-08)
(0.24466548525547435, -2.9768378889460364e-09)
(0.7170886805172967, -1.3511753647490072e-06)
(0.2087030511364327, -1.4012093399819808e-09)
(0.8487636230757543, -8.013677859010249e-09)
(0.4573586442983782, -9.57944780674425e-07)
(0.8181248624839889, -7.836127753597718e-09)
(0.22904989896575184, -2.6414539988456676e-07)
(0.5292583522752896, -3.3743670586304407e-09)
(0.2224079812015429, -6.4291275344800835e-09)
(0.9519892957319448, -5.8602363598458825e-08)
(0.7071080569833625, -2.2897849751419113e-08)
(0.30559722989239585, -6.624602251299375e-07)
(0.44069587986180614, -6.148267350584522e-08)
(0.26498905190879957, -1.9084738591918351e-07)
(0.743280045972732, -1.232917794746153e-08)
(0.9282257176299651, -5.750297399447012e-09)
(0.5200588558924097, -3.039722023978731e-09)
(0.9889663318101523, -6.835334493390758e-06)
(0.6788190864555876, -7.183090946222644e-08)
(0.05396207965701842, -1.250858785729666e-08)
(0.21427094515351566, -2.389348159198691e-07)
(0.03291477255918382, -1.6393768614795691e-09)
(0.6804243864263241, -2.2816440401396978e-09)
(0.5049239715913949, -1.2996865607250468e-07)
(0.4945404467018203, -5.335536787130114e-06)
(0.7762106626816603, -4.436410879195191e-08)
(0.8816915316798651, -7.533165510424057e-08)
(0.18226849398450157, -9.277001278154878e-07)
(0.17378889675104545, -1.1490206859757241e-07)
(0.8755472187394199, -1.204990035749058e-07)
(0.3115280623143995, -6.8122368170080074e-09)
(0.8110749830155892, -1.3950461732562254e-07)
(0.2501353422425525, -9.152107001193932e-09)
(0.6131427322676163, -1.4761292383510581e-08)
(0.0034322982019094382, -4.2230458492768205e-09)
(0.14447523605063295, -1.271828081702512e-08)
(0.4508080953311124, -5.8624911085346575e-08)
(0.5163828427705488, -3.810242756409881e-09)
(0.7659647845290823, -8.561329565536101e-09)
(0.7322842155991351, -2.280265114112931e-08)
(0.6546318044851807, -8.720881189872258e-09)
(0.5251841185068788, -1.6482463190942181e-09)
(0.43400502331706886, -2.6237618682697358e-09)
(0.6973158394439156, -3.936286894208316e-09)
(0.7787406876710586, -1.463146584587405e-07)
(0.8439275769975192, -1.1368359231223994e-08)
(0.8846652885108099, -2.8467501466907063e-09)
(0.9840906403445371, -1.255075066446684e-06)
(0.23752988419625107, -1.5251386863529658e-09)
(0.07219255737445966, -1.859289063605739e-08)
(0.4620980403186421, -3.4093581579326262e-09)
(0.07701100361443182, -7.323494774796519e-08)
(0.8911186234708541, -9.262469450521007e-09)
(0.9711473215536177, -2.6693968576492168e-09)
(0.3351668845507211, -8.567060014863909e-09)
(0.5886042560153526, -3.490024350801046e-08)
(0.6955868929507053, -2.2780513348322286e-09)
(0.8279128101034515, -3.094056583630167e-08)
(0.2590561037224695, -1.137993958880386e-08)
(0.9224297325909424, -9.33975378446106e-09)
(0.5313537627048475, -1.6089340463363608e-06)
(0.9904249554002341, -2.1272136344604693e-09)
(0.8444163065813969, -1.4447043078015154e-09)
(0.7162643096747697, -8.765021612099966e-09)
(0.610575065437768, -4.494070503254889e-09)
(0.5938745999960572, -1.507546292848502e-09)
(0.547184126461811, -1.2919930240819138e-06)
(0.4785218722466061, -1.7502509177184738e-08)
(0.47060394915770537, -1.078328877964297e-08)
(0.8768400644539882, -1.7120011846343992e-07)
(0.20381318931441134, -3.4699957903654007e-09)
(0.1445996434110955, -1.0546510464034744e-07)
(0.5481825398435991, -1.1505343275586452e-07)
(0.21013974530940105, -2.965769725837917e-08)
(0.04630211954573502, -1.2031559385075954e-08)
(0.34160474520633927, -5.495132337659761e-08)
(0.7562058304792109, -1.5336626164234017e-09)
(0.4200477369592159, -2.159432606337847e-09)
(0.6952356008158449, -2.126918885741665e-09)
(0.7751454439629972, -5.520861180657387e-08)
(0.33925580269238254, -1.0182887291169373e-06)
(0.39336452234911584, -1.623315756449997e-08)
(0.2509326446629078, -1.4502424141297508e-09)
(0.8519620275031135, -3.0242850321046243e-09)
(0.3950837416083496, -4.227855017027248e-09)
(0.5646445544075013, -1.98637846773142e-09)
(0.936270609841904, -2.5427070655411356e-09)
(0.7607852376949014, -1.9661162689061437e-08)
(0.7112799040436862, -2.2861330412196622e-09)
(0.4680676585164735, -1.602080551880023e-09)
(0.917858868398786, -8.07309158097494e-09)
(0.2988550128380425, -5.254255168521975e-06)
(0.9378794640973471, -2.0757582450810616e-05)
(0.3601981900915323, -4.29035062162118e-06)
(0.5082530791967734, -1.0615371240388417e-07)
(0.04930789870057322, -8.091995223966274e-09)
(0.2912227618524687, -2.3352486517585008e-07)
(0.10484627701527649, -1.3881677371418234e-08)
(0.0938942966053071, -3.212839096653272e-08)
(0.06330907725009055, -1.674310664316322e-08)
(0.3638444847612902, -2.252067222091282e-09)
(0.7742762494739187, -4.031207941159375e-09)
(0.8740690500426153, -1.0281405390708373e-08)
(0.9975279478845662, -1.504043030611674e-07)
(0.3045630123771367, -0.00010988308927432523)
(0.01542817048622381, -5.678605791248215e-09)
(0.24822899211069724, -1.160763607330268e-08)
(0.2977771349188637, -3.725137062755525e-08)
(0.8136642834063139, -2.6348152752371583e-08)
(0.3843393576257906, -2.6698112892296503e-08)
(0.8487279315334803, -2.4553377118948986e-09)
(0.1014595026361001, -2.5823220904872903e-09)
(0.5050806904016939, -1.8919308046166778e-09)
(0.18885390112173417, -5.193657286885755e-09)
(0.8214201150835361, -1.954638067775394e-09)
(0.7183180655842427, -1.337531872371465e-07)
(0.6012382784257583, -1.850609673973817e-08)
(0.44452759597854763, -1.2915311137606701e-08)
(0.7298324402606452, -4.102818021594945e-08)
(0.16589961344262824, -2.3413373163666627e-09)
(0.08051858732989563, -5.4856775312631515e-09)
(0.8310829779384085, -9.460250451722421e-09)
(0.5721091375202677, -3.560228509729538e-09)
(0.797935706911459, -3.019528828372573e-09)
(0.5768010706224801, -2.1527754164444035e-08)
(0.43308269690532564, -2.1177435155679535e-08)
(0.1610234937843764, -1.6757643521555937e-08)
(0.8050311329952783, -1.9439458237617276e-08)
(0.2323872538044272, -9.888528269050987e-08)
(0.6457348446192853, -2.536546860144719e-07)
(0.5751074953377451, -1.5947733257867623e-08)
(0.563348471501343, -2.1315918463273072e-07)
(0.26681727793153387, -1.999369857945226e-06)
(0.6861980086676902, -1.214261809557424e-08)
(0.5169934673177723, -2.949655336157263e-09)
(0.04419465295370365, -7.48632879281017e-09)
(0.684113787067721, -1.5951817446731592e-05)
(0.24069225244898074, -2.1908269449524015e-09)
(0.42292701410846706, -7.760854192176899e-09)
(0.21571467669435068, -2.343125367411981e-09)
(0.3623889377383583, -7.177995464119848e-09)
(0.9101792843178586, -6.773394232703488e-09)
(0.6235887454934955, -3.0123208526735806e-09)
(0.34538839802896226, -0.0003702460569513534)
(0.16156289243045838, -5.426368564081338e-09)
(0.7649471232154674, -2.535655059069228e-08)
(0.6525129443678066, -5.038203287057888e-06)
(0.3944736518998039, -1.5731795495056134e-07)
(0.061102889940519683, -5.9148444178865576e-08)
(0.6203574923251594, -5.889103834986043e-09)
(0.1046742944920393, -1.3841174043045813e-09)
(0.3826450041208585, -3.5947286088210834e-09)
(0.9311291529593307, -6.161992687284018e-08)
(0.3788923137970898, -5.786690706519823e-09)
(0.10664316800651219, -1.5932680750671927e-09)
(0.5969454136559468, -4.4770463124960046e-08)
(0.5149447662345188, -2.265690742323769e-09)
(0.1926802212199726, -8.023930930816313e-09)
(0.7242920715815521, -7.59404613417946e-08)
(0.9448976323051302, -4.681915373664122e-06)
(0.3500732618660989, -3.799207073280165e-08)
(0.4189114770194056, -1.0304903613504848e-08)
(0.2413023122181272, -9.389195113489987e-09)
(0.5126596443456772, -4.322526064849701e-08)
(0.6954918411906083, -1.7174210846311232e-08)
(0.6224467313311789, -1.1615214899884348e-08)
(0.9017560465656975, -7.735532286695424e-09)
(0.850045500150746, -1.5066376699523475e-08)
(0.45128819658957664, -1.794156554375118e-08)
(0.784573916642109, -6.339152323428543e-08)
(0.6183103670020391, -1.9639095336240979e-07)
(0.45584416330606325, -3.862896644697009e-09)
(0.1899668227000968, -1.3946939235379724e-09)
(0.9642870655069922, -1.707904241279554e-08)
(0.31254448293355314, -1.1076521963620403e-08)
(0.4890293813783879, -1.8376177357171532e-07)
(0.8097617859208427, -2.9396925101962153e-07)
(0.9789963222907596, -3.351142639113479e-07)
(0.05382790806920385, -1.7987403613993332e-08)
(0.3384922450275378, -1.5620469215995333e-09)
(0.09149729513484546, -5.690974213277795e-07)
(0.6420963866800016, -5.31536703257136e-07)
(0.9097900156375038, -8.518766316957125e-09)
(0.4942819561095905, -1.3174316340234146e-06)
(0.6152885446806372, -9.850198472675509e-08)
(0.6016305625534172, -1.4204031136428982e-08)
(0.09130500148416176, -1.3338780297983207e-08)
(0.3095852871783421, -9.91709397279952e-07)
(0.3319938835231783, -5.061074412406765e-09)
(0.892219265009953, -4.308029706613981e-09)
(0.7999770758566087, -4.408169409995708e-09)
(0.4611966531537868, -2.667509679141724e-07)
(0.935238829029496, -1.3197248497806804e-07)
(0.06235075677236187, -5.635508041243895e-09)
(0.20959793487782563, -3.3685091098676036e-08)
(0.0685359787289665, -4.380652659044511e-09)
(0.11350045672456756, -5.734838781707765e-08)
(0.7352526980385578, -2.352053985435705e-08)
(0.2106906371537193, -2.947918179718115e-09)
(0.5134957246408417, -4.279199175143666e-06)
(0.4261240736728774, -1.094085767492226e-08)
(0.8527164554994099, -1.3764850745321718e-05)
(0.3095296842461138, -4.66660957027969e-09)
(0.1993612400406934, -3.336023751380047e-07)
(0.06184759345993393, -1.3395052032580214e-09)
(0.6676655588170213, -1.4390953831974107e-08)
(0.7264455697010365, -1.5687793939348173e-09)
(0.3203046027085435, -2.461810483850456e-09)
(0.532217307828473, -6.602718957468743e-08)
(0.9125201738824306, -3.0350595328320297e-09)
(0.6237659223398936, -5.557131259538713e-08)
(0.7288870205601076, -1.7418613926075092e-08)
(0.7100005320424408, -5.814008949691359e-08)
(0.15600644494287072, -2.134696835581919e-09)
(0.541852856875763, -1.591504917860258e-08)
(0.6471013961821447, -1.727161013619806e-08)
(0.7477974104358671, -7.363848265316823e-08)
(0.32573820280998383, -3.3712848534052576e-08)
(0.09590255586460793, -1.4347687577308545e-08)
(0.5747472282688912, -7.358932678274451e-09)
(0.05698260674489344, -1.186109867662393e-08)
(0.0799709951528539, -7.872104535174126e-09)
(0.6816361226708022, -1.018085584431832e-08)
(0.7251418525392225, -8.639206041600787e-08)
(0.650968770703119, -5.397990681533376e-08)
(0.8712218600726602, -8.69754211279863e-08)
(0.18445913337598563, -1.486980128314265e-08)
(0.5056344292323832, -9.56657164624566e-09)
(0.5296371384382794, -5.7594791502549376e-08)
(0.8775289823537862, -1.974505951670072e-08)
(0.24037337909296078, -1.4507693067147954e-06)
(0.7403941688520892, -3.1248525865825825e-09)
(0.02087512236885133, -4.397832239940364e-09)
(0.6757762716112315, -7.233505197101968e-08)
(0.9644011385206159, -2.69016067897978e-09)
(0.9091722013527842, -1.730017010810515e-07)
(0.030019602709322645, -7.198497738875988e-08)
(0.47663089369824835, -1.6883504454280215e-05)
(0.21535859538603908, -1.3072500291847043e-08)
(0.5905784218930444, -5.512668512050648e-08)
(0.2627503641777069, -1.1303386472071704e-07)
(0.6922224211062248, -1.928926557841149e-09)
(0.05223099045905086, -2.8823863322206198e-08)
(0.23490212348008183, -6.776510772596853e-07)
(0.9112485063865925, -2.6827436994563808e-09)
(0.4628830763517073, -3.976622307238983e-09)
(0.6453632173750277, -1.5853807988425863e-08)
(0.1983256398493989, -3.0424296292724644e-08)
(0.7321853938183908, -1.4340370697256375e-09)
(0.8018596628161072, -2.4702568393359382e-08)
(0.7706422602574672, -1.5358345734009636e-09)
(0.1769648335577635, -2.9782072060972197e-07)
(0.029816612920125378, -1.699405572023334e-09)
(0.12218116148350042, -5.18382706825853e-09)
(0.2841233919985272, -2.6867550662000875e-09)
(0.03180743287482344, -4.137327579662135e-09)
(0.7916194870015629, -2.0982925427765112e-06)
(0.5923114179894489, -3.873179791408065e-09)
(0.47477372384993993, -9.416190750318231e-09)
(0.1778461918009437, -1.9903034471231958e-08)
(0.5131869054953914, -4.135012566427429e-09)
(0.9400192800431887, -2.7142166766084295e-09)
(0.615615035662058, -1.5747173101662513e-08)
(0.4401831760219601, -1.008936996267266e-06)
(0.17952356713948342, -7.3375329399048455e-09)
(0.11359488748700544, -3.311382309938992e-09)
(0.5621441932146375, -5.8755562978045485e-09)
(0.9939749027219505, -4.544903291483772e-08)
(0.1427516674478262, -4.665478870413645e-09)
(0.46891026100129035, -1.0055015469166771e-05)
(0.2938586669950714, -1.8029738987556904e-09)
(0.7862395333008144, -1.015273830916676e-06)
(0.07272577122531669, -4.7264917519024345e-07)
(0.9928855462820505, -2.7645462791524918e-08)
(0.39578770487218273, -1.4079278063472074e-08)
(0.26966019107104433, -6.3874188181157235e-09)
(0.7542797111226062, -4.4234413043573016e-08)
(0.7385094190089476, -1.3715579205940494e-08)
(0.995791796954161, -1.4855391975465912e-09)
(0.5923983614149466, -5.222167955440126e-09)
(0.9417983456933752, -6.921595102564219e-09)
(0.4167567872897534, -5.168127857056059e-09)
(0.33903825678874777, -9.35593943325531e-09)
(0.9878548497188248, -1.0720638587263873e-06)
(0.4916159097794673, -2.7083445371130075e-09)
(0.7960608968988127, -3.192649844349436e-09)
(0.7327081235512278, -6.26172809328763e-08)
(0.27579367534592514, -2.3817227699726506e-07)
(0.7681448110121675, -6.581710885331586e-08)
(0.051576048441591756, -1.3207389301354883e-08)
(0.22368949297070687, -3.416556237947595e-09)
(0.47958315698176907, -9.216391877468167e-08)
(0.7909483420288691, -3.1706898648300376e-09)
(0.5307664809434223, -2.7857356941466167e-09)
(0.5842065570817545, -2.9127234748341632e-09)
(0.7566101629017257, -7.664535302378555e-09)
(0.7271737872763856, -1.4378232829644452e-08)
(0.5626556395137474, -1.0776683517634584e-08)
(0.08940136070096788, -5.479955189814629e-09)
(0.8604100366733803, -3.4824812911914754e-09)
(0.04943412489879875, -6.7294750840556515e-09)
(0.07268825661821468, -2.6720457169440097e-08)
(0.3691504286761784, -2.548611638651953e-09)
(0.44909762391107344, -4.912190002884009e-09)
(0.8648868838871289, -5.148912305307691e-09)
(0.5878021601231511, -1.032711626778839e-08)
(0.5443396614035884, -6.109414163355147e-09)
(0.5831807561634824, -5.239992641300301e-08)
(0.5114203994783826, -5.01964312486832e-07)
(0.9914454659474984, -9.740047571835738e-09)
(0.31449520829481603, -8.178145869976411e-07)
(0.1766144717262485, -4.5474087843514075e-07)
(0.4631105910304524, -3.239998571165397e-08)
(0.4138891853771972, -1.1229277768217463e-07)
(0.4772923149749281, -0.0016532193578455631)
(0.9158078871541877, -6.037279376776808e-09)
(0.7574704786086947, -4.954961767814669e-08)
(0.13695339532041137, -1.372775648821315e-07)
(0.6120231193800889, -3.5284396674867675e-09)
(0.3174485518729732, -1.4412817107853212e-08)
(0.11400546605390703, -1.0930396000393149e-08)
(0.8792937545891126, -4.131587166638292e-09)
(0.9128724585226791, -2.2453380124123998e-08)
(0.3689985485991439, -1.490817420803326e-09)
(0.17945617188920582, -3.084633438023319e-07)
(0.530154922602814, -3.2217065110157513e-09)
(0.5889876966537622, -1.605755625662131e-08)
(0.17372197435118084, -6.141043212405668e-08)
(0.8715101692348316, -4.017048102447277e-09)
(0.7766175829149087, -4.05303630194867e-09)
(0.30960581371527285, -9.05205435046178e-09)
(0.013757034797704395, -1.2274994695796555e-08)
(0.6429020896741967, -6.686367522751588e-09)
(0.1651001653650972, -3.3594724174658575e-06)
(0.9140811967697685, -1.0758280088327846e-08)
(0.09356953622333826, -2.421157714687183e-05)
(0.17347026304032637, -1.5849094833834566e-09)
(0.17113682350903497, -4.728820166193966e-09)
(0.32718668404487594, -4.2985316940194e-09)
(0.6702371270748835, -2.0995740512701893e-09)
(0.7380730069819119, -1.9308755077445886e-08)
(0.46898854465968753, -1.7742814700345366e-09)
(0.4568679091882605, -6.305419554260799e-09)
(0.21960585805752061, -2.2564973119818143e-09)
(0.3106196828332856, -1.0018993331369532e-08)
(0.7239444565857153, -1.1340749070716827e-08)
(0.7475785263394488, -4.1506959639108215e-08)
(0.024898951661847357, -9.790521603349353e-09)
(0.029088872779855147, -2.4344259979546328e-08)
(0.8921237390473642, -8.310993691751355e-08)
(0.4182396742896678, -3.0921098511030986e-09)
(0.4755548459737825, -1.9154629893437594e-08)
(0.5250360944420891, -1.672102819384902e-07)
(0.0055030318761078835, -6.6768473292437274e-09)
(0.9316070674479611, -9.733244598054858e-08)
(0.2563792965620248, -3.9106164683325495e-09)
(0.6304520517711272, -9.37251031603653e-09)
(0.37540200711718325, -2.1216549277792486e-09)
(0.0305307996836929, -1.395186792973732e-09)
(0.9980323713216888, -5.289827628192395e-09)
(0.6305295887333733, -2.5176404355252944e-09)
(0.2353607023823195, -1.0288985278743118e-08)
(0.5928955115352335, -2.847842116534587e-08)
(0.02534423587746347, -1.4342466863483735e-08)
(0.08441789127832942, -1.1155260216353352e-08)
(0.00488095334482126, -1.7867907333924306e-07)
(0.061183454831315424, -6.194716798339064e-09)
(0.3101816678507028, -7.494983354440866e-08)
(0.863276727804779, -3.613141241681954e-05)
(0.752945114112183, -3.644869333315495e-09)
(0.0468831082338232, -3.765345072073209e-09)
(0.23758878118897353, -3.7380709424994856e-08)
(0.9785200013982996, -6.8461493501217546e-09)
(0.7898826013897535, -7.845892893995501e-08)
(0.10928100104482476, -1.0824317696399068e-07)
(0.5872097947479423, -1.97467515965596e-09)
(0.5785113190453286, -5.819844036636899e-07)
(0.16086900263850945, -9.86011517848754e-09)
(0.23313837767966833, -1.8306657893815755e-09)
(0.8538248292659817, -4.9332873554994566e-09)
(0.8441976666995248, -4.262763653152478e-08)
(0.06810450345900375, -7.409957105707121e-09)
(0.7495870497976209, -6.501949534373505e-08)
(0.5211803524838307, -8.256222504790814e-09)
(0.6958751073349412, -5.038006235479171e-09)
(0.8726595206112352, -5.351181601803037e-09)
(0.7127660582204706, -3.1459084192581203e-09)
(0.5576647162036945, -8.243571375356587e-08)
(0.42573523312415434, -2.5618712385513575e-09)
(0.9301818430034609, -1.608184795640849e-08)
(0.7658531664620978, -4.64044396229797e-09)
(0.6087764071472802, -1.1783050595584689e-08)
(0.6174881702864229, -2.4123077325463845e-09)
(0.0815068651022611, -1.0467107671759644e-07)
(0.5708887835838619, -2.6736719325968096e-08)
(0.3519030626371346, -4.220619197611106e-09)
(0.8328600139892653, -2.1645281697740193e-09)
(0.4835391019266057, -1.9048696774590328e-09)
(0.32968097201532837, -4.712445524133508e-09)
(0.7278343457942102, -1.4951044993332475e-08)
(0.3805575491329014, -1.695806828628219e-08)
(0.00029496686520969157, -2.993317468033198e-08)
(0.5710014114442458, -1.3105270404324195e-07)
(0.14921448073537064, -1.3519104384345117e-09)
(0.936495753818744, -4.704023381263693e-09)
(0.8928583517276588, -4.895009815337211e-09)
(0.1556682187204765, -6.3203257347891644e-09)
(0.6273542267586248, -9.40217420658597e-09)
(0.6588635403636346, -1.9046293094500298e-08)
(0.06925013107903011, -6.826130754673912e-09)
(0.5451565061374866, -3.0077571383465152e-09)
(0.8519844708507237, -2.0435718748481362e-09)
(0.3853458228550186, -1.0265026414943247e-08)
(0.27592893496716475, -1.503157473855266e-08)
(0.7304838809230555, -7.4268117511787105e-09)
(0.8214742175474039, -4.4078152684458554e-08)
(0.6718910664465447, -5.401634300897881e-07)
(0.8567997764791553, -1.0063007897594039e-07)
(0.20780985468004257, -1.0333859381090792e-08)
(0.6472630097278556, -3.456155335170634e-08)
(0.5309254700085924, -1.7186388130122423e-08)
(0.5406127095372523, -4.465110219236949e-09)
(0.05674012973608969, -7.700929183123014e-08)
(0.048717476079523425, -2.370379093875507e-08)
(0.5888501594886857, -1.3092407026082541e-08)
(0.8621279110466759, -3.1512170321959983e-09)
(0.11346501975573968, -1.1522070708452431e-07)
(0.5875293184376217, -5.8784942630520715e-09)
(0.8446737763415278, -6.101383844134097e-08)
(0.01046589356516035, -4.278350140408781e-09)
(0.46940184148286557, -2.822633890433143e-08)
(0.09343891454092783, -2.885909985059979e-09)
(0.20198322684897543, -2.211550793984143e-07)
(0.08540865102405992, -3.8132156314345954e-09)
(0.29474045129218324, -2.917755742397192e-09)
(0.024535032775476195, -8.533182963561273e-09)
(0.5294129984055334, -5.8411586791381765e-08)
(0.29703276461505534, -8.247531483457379e-09)
(0.7385341006947471, -3.575977802125086e-08)
(0.14244914708190007, -1.9308050942816594e-07)
(0.04578886267433818, -2.151361897592437e-08)
(0.009817070574539698, -1.5672357679213419e-09)
(0.26620325067281647, -2.1231796064444347e-09)
(0.7351204068215821, -8.706425685860509e-09)
(0.5860038946571904, -5.648580129786427e-09)
(0.680127553124916, -2.8798112378312527e-09)
(0.3272771162129629, -8.419438705618499e-08)
(0.7347321001270424, -3.9647561076745845e-09)
(0.2058216043801394, -3.753228473633682e-09)
(0.33718113658873067, -4.016131420222153e-09)
(0.503760200230731, -5.483803072506417e-09)
(0.6230736752970915, -3.3876127756186555e-08)
(0.34814848138369797, -2.787033858558643e-09)
(0.19256173796801912, -7.267899736901654e-08)
(0.6830415063490374, -4.665656135314508e-09)
(0.31642774738773566, -3.194070923593563e-09)
(0.5457396157980728, -6.306840369321883e-08)
(0.012084624835421866, -1.1133074898509606e-06)
(0.8680177269014034, -7.020839260969346e-08)
(0.6140107938518481, -2.3012513623383423e-09)
(0.6539975133490094, -7.249098492947427e-08)
(0.7847266817300809, -9.406660413223755e-05)
(0.7458584241286267, -6.302252413769506e-09)
(0.07049063212756815, -9.327459577749518e-06)
(0.2756916085335466, -6.104316490940631e-09)
(0.75252457809732, -5.713981790307199e-07)
(0.3987968925903811, -1.0671986427416954e-06)
(0.878449296029716, -1.5909065235695902e-07)
(0.8637199444353111, -2.036062707585507e-08)
(0.5946613353538691, -3.806040074408707e-07)
(0.49439343469034, -2.3203104597455863e-09)
(0.3245017848615576, -1.9541681073775082e-08)
(0.838615045122098, -3.760964525338331e-09)
(0.7979096580468246, -3.1755048303759675e-09)
(0.7820442229207359, -1.58461402083087e-08)
(0.3689217605488339, -2.5326969687664703e-05)
(0.5026643528279102, -2.3050343574310948e-08)
(0.8232342493768109, -1.8364751159561803e-08)
(0.8492925117005721, -1.3845891675901778e-08)
(0.8316267783891486, -6.892622447767614e-09)
(0.5734719743974727, -8.884429655035698e-08)
(0.9595622116514162, -3.294177194619587e-09)
(0.12006254751305355, -7.557405492055564e-09)
(0.6158870926804175, -9.45652745243621e-08)
(0.44053373113995103, -3.5333982766487456e-09)
(0.24899177388582192, -4.946714614580221e-09)
(0.4707481462321923, -9.479128696311427e-06)
(0.29348859535761795, -3.68760490271099e-09)
(0.1303716058244937, -1.0245767683399099e-07)
(0.8738571300684498, -1.254456844824523e-09)
(0.45566945469026626, -1.159447241091434e-07)
(0.2683099225225778, -9.941564520341608e-07)
(0.37158523695663404, -8.904383319185277e-08)
(0.5905335911879704, -6.621513802474615e-09)
(0.023350563785762977, -5.015767800119465e-09)
(0.5227024707186868, -1.2531735662247607e-07)
(0.34470186982702106, -6.904848462979495e-09)
(0.586676755202266, -1.0203828201603114e-07)
(0.5678556308406367, -7.117036175637314e-09)
(0.6833376524522011, -4.456886805260455e-09)
(0.4751689635273495, -4.1524749908005064e-09)
(0.4336135403574007, -0.0006334835918172195)
(0.9165054032972995, -4.1267138337156805e-08)
(0.681518507541062, -5.414533839155189e-09)
(0.35244466644593175, -8.301104686526397e-09)
(0.5196382529929604, -4.720239822032748e-08)
(0.747003901336402, -1.633714235218311e-08)
(0.5041963144957292, -4.9333612991930386e-08)
(0.8621170679052897, -2.103315230175599e-05)
(0.7438804572079132, -5.5307645490955745e-08)
(0.05427139402306673, -1.1814901427839618e-09)
(0.22083134285887876, -2.221919477378044e-09)
(0.40943789779071155, -1.0695125350407569e-08)
(0.4672163120709373, -2.443042386652761e-09)
(0.980925622550477, -6.502212947734355e-09)
(0.013098198079285613, -6.989841676954805e-08)
(0.6653351170387746, -2.1725508223907946e-09)
(0.911364311826658, -2.7110952642377954e-08)
(0.32018756979333407, -6.265645610352563e-07)
(0.08401605883587981, -1.772477475090749e-08)
(0.6210947123005575, -4.610882184924663e-07)
(0.4673334730214338, -2.295562807351991e-09)
(0.09322769823803714, -1.761085319367886e-09)
(0.9930414157638665, -1.0894810979446884e-09)
(0.11363654762111666, -3.0060888898853944e-08)
(0.18143536821437772, -3.2215354017835786e-09)
(0.1922940079781991, -4.295102195374742e-09)
(0.5164389804119128, -5.067515508957597e-09)
(0.05281317746426204, -1.9756800166420556e-06)
(0.555241483146675, -2.392494443718217e-08)
(0.9127854691909035, -0.00010550269899901817)
(0.49946011326464257, -4.369699488777077e-09)
(0.7268978522388831, -2.9051397281715677e-09)
(0.6234749090025293, -7.043617401370645e-07)
(0.010693037586297232, -2.3065207610681832e-08)
(0.4761894032908676, -2.2161479867404605e-07)
(0.5278434337135323, -1.4336779648157872e-06)
(0.17645124479737692, -8.639904685204093e-06)
(0.5008356103403259, -2.953905120790799e-08)
(0.2808330363391194, -6.449857338201023e-09)
(0.6805152315979155, -5.40912214928613e-09)
(0.5580350786517362, -6.829796990260924e-08)
(0.7453476279151614, -1.0538059181865096e-08)
(0.10996955920054494, -3.664010006765503e-09)
(0.768722009274098, -2.2301027559411555e-08)
(0.012109810836249358, -4.4425308469773474e-08)
(0.008978354853369808, -1.3646896147242217e-09)
(0.9693639133090458, -1.5686215315819057e-09)
(0.7680882675826408, -1.3815469609932673e-08)
(0.829491427741095, -2.2650185408627435e-07)
(0.17668299694621936, -2.1607350425741962e-08)
(0.7697815033605128, -8.097974696302322e-08)
(0.8602889837870755, -5.587342564503668e-09)
(0.6718976076625072, -1.044019453103539e-08)
(0.9547580180277351, -4.301441849354923e-09)
(0.45424696493407213, -3.017139510161132e-08)
(0.9272557843318124, -6.254300776450473e-09)
(0.39385930565711363, -4.265164906977388e-07)
(0.12720498902153665, -2.2088935781446207e-09)
(0.5959601885989261, -7.68195225905603e-07)
(0.976482543584608, -2.3780310485809822e-09)
(0.4410415244533399, -1.5662869381352974e-08)
(0.16722588368934155, -3.2635771047851595e-09)
(0.40461428595987814, -4.8548034381359554e-08)
(0.5833009028711373, -3.6088118517137667e-09)
(0.6869198857237446, -5.577658155806254e-08)
(0.18150829248625908, -2.521101227923813e-08)
(0.8018294457495186, -6.13133403833049e-08)
(0.539843910115054, -2.6959507880449524e-09)
(0.8886789719585705, -2.2982739055376946e-06)
(0.023842075355560145, -1.1517782030712037e-06)
(0.44625600716677544, -4.093669610784128e-08)
(0.053392440360475725, -3.5282429659532062e-09)
(0.8117646555265133, -8.110235459271897e-07)
(0.023100025867381815, -2.1798888164075916e-08)
(0.3512696043104647, -1.4568172127862482e-09)
(0.12665554230784823, -6.176725984674847e-09)
(0.17715583302051335, -2.6678759156672475e-09)
(0.8251105342052276, -2.6066502722989966e-08)
(0.9581813297869369, -9.200935970531312e-08)
(0.5095132145417519, -0.00012774429161101968)
(0.6176633809287381, -4.717655326060331e-07)
(0.870477246879609, -1.5363523969986882e-09)
(0.17089325870131286, -3.893775996621305e-09)
(0.08324605958280124, -4.096486095592309e-09)
(0.17071289933528103, -5.5153354428845804e-08)
(0.4961398379279553, -2.536655311231069e-08)
(0.6897294138905902, -2.325992586969831e-08)
(0.7076476403652358, -3.2197147109251187e-09)
(0.9873992858402115, -1.3282390345032244e-06)
(0.9724020062526829, -1.2088090917890695e-08)
(0.39088625991925674, -4.6613884789547933e-07)
(0.4617609546532991, -1.2103988397930323e-06)
(0.27560141775179037, -3.4908977110758554e-09)
(0.04188068566872464, -5.475707299847633e-09)
(0.37756781738087264, -2.0472986544951696e-08)
(0.7265032876725558, -4.3326254533328955e-09)
(0.6599561077593789, -8.871501714799195e-07)
(0.5542496852019119, -2.717146397506099e-09)
(0.9582858314075225, -8.056486985291115e-09)
(0.24578629485222034, -9.629560392232013e-09)
(0.8296796766904208, -1.872196365740861e-08)
(0.12851140989612134, -1.7141000351584458e-09)
(0.9229033075319041, -1.5550485534244015e-09)
(0.8701424660194359, -1.3611372913791932e-07)
(0.9282869630730854, -5.004733207908514e-09)
(0.4871118631728621, -3.810791372939165e-07)
(0.12286069278902687, -1.6233768939231184e-08)
(0.5559495389716032, -3.1968711406939923e-08)
(0.12024170124398849, -7.899887558981418e-08)
(0.10153754395933764, -9.341085772794658e-09)
(0.5943011526489075, -2.401852668974649e-07)
(0.3752534491013466, -1.103854887534155e-08)
(0.49604043491213107, -6.628789134854837e-08)
(0.2185588317906088, -7.857654865697299e-07)
(0.6003603561054927, -7.4059918678880746e-09)
(0.07658594621499672, -2.889553687796779e-08)
(0.2984538584353148, -7.906144835325717e-09)
(0.5357483442457408, -1.1154833929038124e-08)
(0.15453734747645126, -1.7400988714315452e-09)
(0.2763472595133322, -8.307166885005094e-08)
(0.4490043463891832, -5.49628971571505e-06)
(0.03202257058649235, -2.473581220916234e-06)
(0.9520095474896909, -8.212775800240958e-09)
(0.7831362881189856, -3.122830800747958e-07)
(0.975346190760833, -1.2582714342351676e-07)
(0.1126937211333486, -1.0734591825381817e-08)
(0.09427125763206388, -1.1495440187979125e-08)
(0.6576977320025547, -9.741478206584135e-07)
(0.7956438387440552, -4.614571808616219e-07)
(0.0833300849762946, -1.7446000170589237e-07)
(0.9452660690699768, -5.570995608545383e-09)
(0.6090866883839301, -6.765939164378144e-09)
(0.06741012266639082, -1.662473374413485e-07)
(0.6270033347640681, -9.570088328289182e-09)
(0.6149873417036583, -3.6930025575156443e-09)
(0.03540843264583866, -1.4037106630283197e-06)
(0.8890923251322901, -2.83232267420125e-09)
(0.9019370943737118, -2.8396664325209616e-06)
(0.06443992974659923, -1.2129800021115998e-08)
(0.8728021285556786, -2.261959589614757e-09)
(0.508552335554446, -4.354612885726512e-09)
(0.25916347218784413, -3.2441138494926366e-09)
(0.04585914312957149, -3.829069193366175e-09)
(0.48456784077981935, -2.949360713333134e-08)
(0.4203720342128044, -3.505647511398564e-06)
(0.041722187499604296, -1.0957202749234824e-08)
(0.001197439079660245, -2.779565134153043e-09)
(0.5284256477402097, -7.660641020681141e-09)
(0.6076496309123196, -3.646541095832815e-09)
(0.8135301985809575, -5.134391268460061e-09)
(0.8459813870005269, -6.329970974226081e-09)
(0.34522805499348136, -3.108006268242624e-07)
(0.18552858064658406, -3.260318407613968e-08)
(0.10088304936726669, -2.931650802230446e-09)
(0.38077701746772336, -6.079002004242671e-09)
(0.7130111319388809, -4.844637452711481e-09)
(0.49159799523829567, -3.2646821366417534e-09)
(0.314430811794995, -1.0411034067010819e-08)
(0.2722566289226018, -1.019591300738556e-07)
(0.6733808212924621, -4.0437094370791555e-08)
(0.8667575164053801, -2.1735989825647794e-09)
(0.3313513057324636, -4.810240388791208e-08)
(0.5681828294617043, -3.8888204999994335e-08)
(0.3162097563834058, -2.1996349504736586e-08)
(0.5933045791658232, -2.4026560998376383e-08)
(0.8994811388246061, -6.472022252976592e-09)
(0.36580666521829347, -3.1431034897845676e-08)
(0.8587289418460909, -2.404558576074224e-07)
(0.7785254711912531, -1.994978693562025e-07)
(0.7618206783176146, -1.5277353357506768e-08)
(0.245735630705231, -2.164408339257614e-08)
(0.4982325226869755, -2.1599217586305436e-08)
(0.6011246755831783, -3.4877255571876455e-09)
(0.47965094285301235, -2.2631040011163735e-09)
(0.5463677381642568, -4.3443689682673376e-08)
(0.5030667258799718, -1.1335003808711763e-07)
(0.04847557937541734, -1.2549222071020678e-09)
(0.8986405879455087, -1.295695118681889e-06)
(0.7970210371079834, -2.0335373735713107e-08)
(0.5742574184350425, -2.31092586757594e-08)
(0.51088365094561, -8.100114486728696e-09)
(0.8832043600983965, -6.091007659788832e-09)
(0.942824368699577, -1.4337567558329761e-08)
(0.5584188605312943, -2.0100423717733138e-09)
(0.861841901916127, -3.7875773739326436e-07)
(0.2961624068593709, -5.8588432111212525e-09)
(0.736063942075155, -3.2313583433761194e-09)
(0.42432459715346815, -5.803535679744351e-07)
(0.12925701295212425, -4.207522770000001e-09)
(0.5129247203607129, -1.9967202222389524e-09)
(0.2707769700277603, -1.9255183262165632e-08)
(0.1606371686974509, -2.788402870532259e-09)
(0.8138524694137994, -7.890735151291284e-07)
(0.7742070799719002, -2.280099375021177e-09)
(0.8357982529712195, -2.1342615096490293e-09)
(0.7597395389321965, -1.025999673689652e-07)
(0.4433046732810132, -2.642775237255087e-09)
(0.8151615357281008, -8.42486538455854e-09)
(0.9400675330170396, -2.52485535755904e-07)
(0.799317670121909, -3.1372650290862974e-09)
(0.24328116929652707, -3.2040065106924295e-09)
(0.5656426930596403, -2.0670926175939288e-08)
(0.9199328791007648, -4.28620849706772e-09)
(0.44496671554322337, -1.8441206014664333e-09)
(0.8056028568301752, -6.561017710946717e-09)
(0.26641493695241275, -8.9266813602293e-09)
(0.3681283531822347, -2.270646888535576e-08)
(0.3643845159466961, -1.0791217704928217e-08)
(0.7147168066129947, -1.4364557527338368e-08)
(0.7847875531320916, -2.2596614541273455e-09)
(0.9868191054800782, -5.454773326480158e-09)
(0.024094293841875256, -9.128315273063358e-09)
(0.4622846601274078, -1.725712554759734e-09)
(0.443145802862958, -1.8403884031217757e-08)
(0.13272538233223893, -4.4748694328488126e-08)
(0.36347638792778325, -3.6294373244645054e-09)
(0.24453451646127822, -1.2100197728893994e-08)
(0.6550824335325547, -7.40794791724691e-09)
(0.7709654287541129, -5.860426489840372e-09)
(0.3633760895500136, -6.8476495509706725e-06)
(0.920332940844392, -1.506045978283618e-07)
(0.7124333596728722, -1.8384060900971573e-09)
(0.48915122479517736, -1.6092154143331136e-08)
(0.20832637687686553, -2.4211564117281722e-08)
(0.8820124050991516, -3.021401054249993e-09)
(0.671076116416184, -5.256302774865937e-07)
(0.06878052097413907, -1.831054805326055e-08)
(0.99406774092824, -1.6951278192297205e-08)
(0.17898938109811172, -1.0796829957580577e-06)
(0.6381636930842335, -1.9714852392803864e-09)
(0.43680084549975856, -4.013997128094856e-09)
(0.0007073535036200959, -2.987265708069962e-08)
(0.39493699409626737, -7.87157978354733e-08)
(0.3950309660360485, -2.8445530634317338e-09)
(0.8429509479665348, -6.1072579582516966e-09)
(0.46991944890461324, -3.7956160003688975e-09)
(0.6255196319355224, -2.9404793193191307e-09)
(0.20821236305790344, -1.9339870993841766e-07)
(0.15963014095245512, -2.488464903803719e-09)
(0.9916255837562957, -1.1326940927785969e-07)
(0.6078914793296636, -2.1463889866463427e-08)
(0.014736442653677443, -3.115267270777449e-08)
(0.3923495674522914, -2.5622750088553457e-08)
(0.07037278240367709, -1.8881037127417304e-08)
(0.7165412729916323, -7.049832166146395e-09)
(0.27661656110629534, -7.462478072279379e-08)
(0.06747267276708833, -1.1695532060600839e-08)
(0.869008786092884, -9.363030561489912e-09)
(0.42800245328990416, -1.7453783631934817e-09)
(0.8899937094322754, -1.7007292804505704e-08)
(0.9516496185349173, -8.126045836056243e-08)
(0.17924459850283403, -8.936960227855615e-08)
(0.23667316100297175, -1.966867680218238e-09)
(0.39286027313951716, -6.463448452273875e-07)
(0.719024831472659, -4.5888244210220063e-08)
(0.9695234299594885, -7.831958268374933e-09)
(0.8647916646651291, -3.2751543415247314e-09)
(0.7467933111899492, -2.962918179519078e-06)
(0.5804946222925341, -4.1425949737777546e-07)
(0.605444972863798, -3.8667462545222036e-07)
(0.5432705964715184, -2.0504216569435553e-08)
(0.184028881664137, -5.4660657854009834e-08)
(0.8424255518817189, -1.6061330186701251e-09)
(0.12313923548425047, -1.0526938008587719e-08)
(0.6769305114353265, -1.8076090649823192e-07)
(0.895063766093168, -2.4100681712884563e-09)
(0.8324586379068144, -4.184887736729284e-09)
(0.35802916124991124, -6.3575874146347166e-09)
(0.07889517328419156, -1.0140172640912837e-07)
(0.30271016649584936, -1.2029443937571428e-07)
(0.3016090665188738, -2.1639153675698587e-09)
(0.7510693210269183, -6.458241650017476e-08)
(0.26972452124077195, -1.4463767709125653e-08)
(0.11158988464934759, -1.1607097162158683e-08)
(0.6486061916660814, -3.620585836391281e-08)
(0.041835189292381156, -1.5859444867221375e-09)
(0.8842807660254599, -2.454768668157458e-09)
(0.32346347977290807, -1.7523784144784396e-09)
(0.9270358797081849, -9.08985065609605e-09)
(0.5302356339877763, -5.33038380120406e-08)
(0.3920566270558634, -5.15514694311542e-09)
(0.14959817220246052, -1.8472259548005144e-07)
(0.11177707197036309, -1.4645738079309136e-09)
(0.013261490510090854, -2.261709875449182e-06)
(0.8083455524653615, -9.054419964118853e-09)
(0.3799356356590314, -2.4492438091465313e-08)
(0.44384263089887, -4.867357928825463e-08)
(0.7315138152034794, -2.255290045940802e-09)
(0.7203597472257084, -1.598939399877998e-09)
(0.7122008203324853, -1.7089292527144771e-09)
(0.7712186468962698, -6.662170158640752e-07)
(0.5209708923559894, -2.633587188658919e-09)
(0.261138097492275, -1.0299797702727249e-08)
(0.6093170370402762, -8.640367090593047e-09)
(0.5896704685765246, -6.121530696917182e-09)
(0.8919217631199121, -3.1308080446909196e-09)
(0.7449443711984244, -3.4200122977225823e-07)
(0.28463420082501517, -2.378942487850551e-09)
(0.7044873797183554, -5.873240262096623e-07)
(0.07620081039840433, -1.0661081019770966e-08)
(0.42870393080604763, -1.9606039811733805e-09)
(0.8203285105828497, -1.9191741579115356e-07)
(0.2657729750689491, -3.725639969856964e-09)
(0.04348434448974719, -1.2670381471175305e-08)
(0.1855965863889816, -1.4229786108019133e-07)
(0.4468581249099301, -2.4763308047709452e-08)
(0.6869815573273778, -1.903349669169738e-09)
(0.12374762742878323, -3.4662235538689214e-09)
(0.7207108709574834, -2.6079427734493597e-08)
(0.44576062488994733, -3.5254248007842147e-09)
(0.5477732591395137, -1.879596940503032e-09)
(0.1207799703296365, -2.6710724012668332e-09)
(0.8246281762891625, -1.2403801858815932e-08)
(0.4760134270254564, -1.5527702105777598e-07)
(0.9442226917154389, -5.7096979553795456e-08)
(0.5581508748172309, -1.5221922343176888e-08)
(0.18007384736011034, -2.9982512402189034e-05)
(0.21047998415878408, -6.753152050904235e-09)
(0.1163630433578108, -1.1197749036345335e-06)
(0.09385613386437583, -3.607587832864364e-09)
(0.692193174557147, -4.197718582622392e-09)
(0.5380405942861067, -3.7816706266703755e-09)
(0.08004135050463618, -6.766389952361331e-09)
(0.2128024820102901, -1.9656729574039567e-08)
(0.09001383922979864, -5.327117698509769e-09)
(0.35919291150847993, -1.2790943550218754e-07)
(0.41437518343172364, -7.841644925970018e-09)
(0.9329342718262705, -1.962155136236381e-06)
(0.710852322581242, -2.8733833615330096e-09)
(0.1933845152367701, -2.564036331196207e-08)
(0.7894344901846884, -5.6471072664171094e-08)
(0.11939895122822239, -9.118908724132559e-09)
(0.1965327359429252, -2.6178950107080783e-09)
(0.4654343482469054, -4.901305402186591e-09)
(0.06604956256980615, -6.8344493993984556e-09)
(0.7431350399701736, -5.471584294532248e-08)
(0.5370854282942216, -3.2954600940245897e-09)
(0.05611928997079495, -3.998373267907125e-09)
(0.46105378808603414, -9.429580324096323e-08)
(0.241559666055963, -6.4688992079635614e-09)
(0.44232664566727126, -4.747981023126909e-05)
(0.6717850507951636, -1.7531070445245177e-09)
(0.9496309425816297, -3.565958904465427e-08)
(0.25433012295161894, -2.0135257581028107e-09)
(0.4717951109808159, -2.3866917282053777e-08)
(0.07707512181426268, -3.3630801040020247e-09)
(0.9359935795902875, -7.495794521535106e-08)
(0.5372195615449029, -1.353021930331729e-08)
(0.7965526862108121, -6.023319992083855e-09)
(0.732920684563729, -7.231523159409517e-08)
(0.0445900490599917, -8.217366144400793e-07)
(0.6649004034755092, -2.714236453150626e-07)
(0.7928184672408382, -2.657877645706018e-09)
(0.03767977319962628, -7.3282962329373605e-09)
(0.3625242942251652, -8.533173910289222e-08)
(0.24097208310448556, -1.946754203431364e-06)
(0.48396669682155663, -2.4829444084955363e-08)
(0.035560451488818895, -2.8677468382125272e-08)
(0.5968008073576643, -2.1285361836364205e-09)
(0.444010684612562, -3.108232894804193e-08)
(0.8567436960716851, -5.64138113860312e-09)
(0.3871188302233208, -2.582746122725578e-09)
(0.6472563348416688, -7.371083607822316e-09)
(0.5836111122283263, -1.3335236476039856e-08)
(0.9058867588267026, -5.0558261366512545e-09)
(0.2154766058635876, -6.618790244440034e-09)
(0.10326767453952976, -2.9584547716851292e-09)
(0.21390113356182047, -2.8839141173619e-07)
(0.9285930099902421, -2.447570503273169e-06)
(0.5959062059758672, -2.4620400866430493e-09)
(0.09530926610013382, -2.3822270749777185e-09)
(0.6548714021529761, -4.2149016078447155e-09)
(0.4719980261463223, -2.503339734194401e-09)
(0.2630966040159687, -8.187799192588057e-08)
(0.7748086674159479, -4.606377633117824e-08)
(0.22631869894318643, -2.572459937435362e-09)
(0.44283090247472084, -2.023944722252166e-09)
(0.8092918815532731, -1.052224278358711e-08)
(0.37610195031165333, -1.1775735100781931e-08)
(0.6180764531554719, -6.2267435783116315e-09)
(0.4165946486359237, -3.2891097227622834e-08)
(0.2921555217757665, -3.284899620719274e-08)
(0.022293900615671585, -2.937915349042509e-09)
(0.39011765255908903, -3.106512821391167e-09)
(0.3607623535605542, -6.935656800836832e-09)
(0.04560202265804309, -1.7247451134280512e-05)
(0.8656676936336422, -2.657642915984787e-09)
(0.3746420999063595, -8.043165038871714e-09)
(0.6611787137606758, -1.875373770011695e-08)
(0.8003535089031056, -1.819506898377572e-07)
(0.6602868952816913, -6.86639986578899e-07)
(0.4867837535030703, -6.819839271676924e-08)
(0.06827608202603407, -0.0002010222663521163)
(0.8585489584576508, -0.001084934031431316)
(0.020257912044152275, -8.895916977748311e-09)
(0.85429365928086, -6.616464057257447e-08)
(0.9313953357214522, -7.355371372310607e-09)
(0.4998280363694024, -8.740632114575474e-07)
(0.9590565014454161, -9.412679932872359e-07)
(0.8393192401544285, -1.802847460327277e-08)
(0.3549192058844671, -6.69196222918633e-06)
(0.7091433096510272, -1.951502350090919e-06)
(0.556458398084971, -1.0953744707095803e-08)
(0.04057521277878316, -8.801017056199655e-08)
(0.7282981955427191, -3.997794657119712e-09)
(0.9438513248997521, -9.40712863676913e-09)
(0.3160205962811025, -5.1467477460955805e-09)
(0.34662810032114283, -2.561943811772742e-09)
(0.6055810884623446, -2.031584140129442e-08)
(0.7274035147155219, -3.960821142233549e-05)
(0.7398495435360962, -3.877533493450078e-09)
(0.600852193712949, -4.96261769127579e-09)
(0.568606570285649, -6.795442622775948e-09)
(0.9356166811625146, -3.124797892162872e-07)
(0.19673377051949562, -1.804022999553197e-09)
(0.9815888375818996, -6.034576079953169e-08)
(0.6248719967770626, -3.639512346652169e-07)
(0.2690933523114055, -6.346969670013284e-09)
(0.16561889647745653, -5.563232066512958e-09)
(0.04050321873034011, -3.3515698900559443e-09)
(0.754993382250743, -2.6823846135814395e-07)
(0.12310898900615812, -3.7630102491541147e-08)
(0.4682515759520223, -2.4402572336260026e-08)
(0.0992054928962657, -1.2445471013963115e-07)
(0.5114530665391247, -1.9951616062855667e-08)
(0.5799007354353103, -8.7113401549628e-09)
(0.41785465760383705, -2.787035886428771e-09)
(0.0338121190437968, -1.7808138079958522e-09)
(0.4114489187390507, -1.6106716943017628e-09)
(0.16344799901590487, -4.716632580260018e-09)
(0.7928583137031384, -9.430177703851308e-07)
(0.3440877947744676, -4.605930159675048e-09)
(0.3155521896343095, -3.4182576800550155e-09)
(0.8918485674314913, -2.520038163647222e-09)
(0.8653690766536417, -2.108173477370027e-09)
(0.9934793728143709, -5.737251048925406e-07)
(0.26767435988195964, -5.410438697447481e-09)
(0.7608312531676668, -7.569395467715533e-09)
(0.1501734198318773, -1.6009993756926352e-07)
(0.3054560069358423, -3.2172384285482643e-09)
(0.3198753569292859, -7.800334421058114e-09)
(0.9686109776441494, -2.9784411777730385e-08)
(0.4898993860834849, -6.119224303622121e-09)
(0.7284926717010503, -2.0512091690586476e-08)
(0.8247203422104615, -8.113100677232581e-08)
(0.6399409300852215, -7.424225939956297e-09)
(0.09437880446334765, -6.095637209014171e-09)
(0.1674305786296373, -1.4034872162126964e-09)
(0.47311788311773245, -1.682722674441903e-09)
(0.839678583543083, -6.788256503412224e-08)
(0.6755249822708028, -4.315136382120472e-09)
(0.462185426094706, -2.3519311699963308e-07)
(0.46653255645893804, -1.0378015871068803e-06)
(0.595862475599954, -8.043555717216107e-09)
(0.7374065033315124, -6.728265224000908e-08)
(0.7062602279712904, -2.9905345302143545e-09)
(0.21603157375247597, -2.661437690231453e-09)
(0.06305923123299256, -5.559882763242714e-09)
(0.9121415633282326, -7.473097955680491e-06)
(0.19600194900668821, -2.719115148495792e-08)
(0.5463768320023578, -2.2879907224255934e-09)
(0.43117101725096557, -2.183966245431673e-07)
(0.6575228734830172, -3.8131926457468883e-07)
(0.11352622188409649, -3.4893184078248426e-08)
(0.7414988056411486, -2.440933082960885e-09)
(0.9198068275246888, -1.2246126630353909e-07)
(0.6300792538148142, -1.841950305459429e-08)
(0.22196490293480362, -2.8318208454042686e-09)
(0.1817421776737796, -6.285878566235948e-08)
(0.6385468271692191, -2.4257939672029143e-08)
(0.3187993530556657, -8.248363856562638e-08)
(0.5813533519440149, -3.33127399719421e-09)
(0.2794119354218462, -6.704082152544654e-08)
(0.15607015093493354, -2.398444224603867e-08)
(0.20944763536612643, -2.7130851596928696e-09)
(0.2676780209546545, -2.0862338442670557e-09)
(0.2502391737072582, -5.799990274540783e-09)
(0.6943790413096207, -2.9535014078132873e-09)
(0.925085822735205, -8.48946244460827e-09)
(0.14465790957051242, -2.91785715950905e-09)
(0.015922050704903504, -1.7063200316559568e-08)
(0.13698269571065141, -7.130665409839098e-08)
(0.46438585308489505, -6.558907504208263e-07)
(0.7831743243305299, -1.5356729925080863e-09)
(0.7217421760468845, -9.43677372167053e-09)
(0.21086425469999803, -5.361565827546911e-09)
(0.4781822073001694, -1.3566157508587105e-08)
(0.21012618119961568, -1.439175371611967e-09)
(0.347221885849838, -8.802061794722887e-09)
(0.6259708404300955, -1.553611415512906e-07)
(0.14846778525249033, -1.0594589819459356e-08)
(0.7688912428801796, -4.650834268101845e-09)
(0.7303382300829547, -1.6371741325662618e-07)
(0.37517876779969994, -6.279470387260892e-08)
(0.92032549263812, -3.623235162517063e-09)
(0.5055354225626606, -8.94186828470854e-08)
(0.19950451868567054, -1.356014063191844e-09)
(0.1642095618561377, -7.67666672609809e-08)
(0.30017355075318064, -1.8830373224963378e-08)
(0.14014342076539538, -1.2573631878201833e-09)
(0.6667143498912086, -2.1712120005758126e-09)
(0.08436139462413875, -3.383640619101525e-08)
(0.2850923645528757, -1.706359068094122e-07)
(0.6282669053504883, -3.87145130361079e-09)
(0.8172221957423916, -3.92680104709844e-07)
(0.3888951529644629, -1.615164419678419e-08)
(0.9815070943312921, -5.637533303758444e-09)
(0.09524267600673451, -5.800112623774192e-09)
(0.2556010417565567, -5.231202427606578e-07)
(0.9462914356011369, -8.965420965573598e-08)
(0.7727026323928752, -6.439839644709481e-09)
(0.9128448121619986, -1.8590899753464744e-09)
(0.2066789486189925, -2.009585415224037e-08)
(0.814052038303608, -1.5186227915511873e-09)
(0.31438851787219096, -3.32709492065531e-08)
(0.5154170386398053, -5.649096729514092e-09)
(0.9664885128149845, -1.751239753050156e-09)
(0.33402296439615614, -2.338694633348644e-09)
(0.6773664804082445, -4.385554455181383e-09)
(0.33312622312596396, -2.0864678637742896e-09)
(0.38292164874479206, -9.299987406063318e-08)
(0.7281502139217644, -3.3995022422996735e-09)
(0.18998372240190123, -1.1934074435982048e-07)
(0.18036717537720715, -1.7675461313667448e-09)
(0.10359705540995362, -6.351959200992775e-05)
(0.0012361268801465719, -7.599606457883306e-09)
(0.7200071941995689, -2.844474574650832e-09)
(0.13555673587604547, -4.8937429248790945e-09)
(0.23888593477119996, -9.644048482201448e-09)
(0.8485699996415637, -4.958956818493931e-09)
(0.6217576719771215, -1.6831119946561868e-09)
(0.851676057459192, -3.640168551753721e-07)
(0.6021747346863311, -3.776492164154587e-08)
(0.21129580900178474, -2.493197958631823e-06)
(0.5287240639517315, -1.0208218628003173e-06)
(0.035462211616242134, -1.002258398779292e-08)
(0.6574640071586445, -3.036168115322731e-09)
(0.1644285894541689, -1.0773518622957483e-07)
(0.36689594830237127, -7.266323314568464e-08)
(0.18258419710869697, -5.552436513305098e-08)
(0.37044910959133376, -1.83535850022865e-09)
(0.05204899773516076, -1.3071988700604616e-07)
(0.99152150239065, -1.274975544001445e-09)
(0.6543617743821083, -3.583157984444898e-09)
(0.35430999229995547, -6.226479709428289e-09)
(0.17273094311219742, -9.994718838942596e-08)
(0.850318843218097, -3.999354968272328e-08)
(0.7955444407625399, -5.107112724186905e-08)
(0.8703923636327603, -9.227870107233008e-08)
(0.9234416937227843, -1.4792001483760326e-09)
(0.6346172672650937, -4.732370917079769e-09)
(0.4682580693248573, -1.3160010938048602e-07)
(0.4085066841622335, -3.253928723075296e-09)
(0.729373170726114, -6.6012432015720175e-09)
(0.1092601827676607, -9.390361734991931e-08)
(0.16829178219534038, -2.24367047563054e-08)
(0.4224017253054709, -4.700060933384672e-08)
(0.09661452875979326, -5.5127588218817876e-08)
(0.025721754092998407, -5.865129786768215e-07)
(0.7179234403175038, -1.9670306482218162e-09)
(0.8871704267937068, -8.236428597815068e-08)
(0.08651477427767282, -1.2639649880012799e-08)
(0.8735365436255049, -2.487904353590599e-07)
(0.21844166326249345, -5.582897043213691e-09)
(0.19765515331060166, -1.5692286608973745e-09)
(0.21578855863175014, -7.491735121183037e-09)
(0.4682325769143928, -3.3697664039180424e-09)
(0.6949264868200296, -2.2215673957344093e-09)
(0.9604606674312638, -4.122686453358749e-08)
(0.4326812690034864, -1.6991209350265573e-07)
(0.8897143231156278, -5.484689303458685e-09)
(0.7913603106223466, -2.035143858723179e-09)
(0.950815581724083, -3.961155507810755e-09)
(0.20391458553667705, -3.533356711879395e-09)
(0.21597573070983103, -4.54305561932395e-09)
(0.8642168044851309, -1.1671019503106702e-08)
(0.3951133885372339, -9.340902614374685e-09)
(0.14554032345439394, -2.2322426984699874e-09)
(0.04966798857296405, -1.181816392650571e-09)
(0.4280146211904236, -4.4535033895767445e-09)
(0.5315040595504835, -2.6541298267779194e-09)
(0.29328431760167767, -2.268754716610975e-09)
(0.8267285486876175, -6.52863782467413e-09)
(0.9897306639220456, -1.6147544288218112e-09)
(0.18485359069598564, -3.2202399047741316e-08)
(0.25821673902635023, -1.1004621421836926e-06)
(0.5770379012731222, -1.9616113521825217e-09)
(0.7943400402180316, -1.1347931388581777e-08)
(0.9189101922059683, -4.537551887695661e-09)
(0.797575417893781, -3.227021727348997e-06)
(0.010884028988450055, -2.553529316930893e-09)
(0.3927794708653527, -3.3640743582082885e-08)
(0.7380389360468439, -1.0622456642536134e-08)
(0.9606080429808641, -7.489577192764652e-09)
(0.23175780797130863, -9.699497648722711e-08)
(0.31108975638202635, -1.900464607787996e-09)
(0.3915140824314472, -1.909882594905119e-08)
(0.06950611001731885, -5.421654779814837e-08)
(0.8226880903411421, -2.532349478385635e-09)
(0.3370847808861036, -1.5940553630252615e-09)
(0.6507697325689494, -1.2386357922813754e-06)
(0.6871959671462877, -1.6728335491707983e-08)
(0.13662985729006158, -3.0389937023354524e-08)
(0.7122669079340697, -1.6918564198452035e-09)
(0.6131091670048732, -2.8010891692639657e-09)
(0.3907650894168958, -3.2919636023948536e-08)
(0.33458644843628876, -2.6112187773568054e-07)
(0.5654345013042553, -1.0568000521060235e-07)
(0.6313323302862641, -5.190460704813719e-08)
(0.09046962407550596, -2.868564203199593e-07)
(0.0690792470782091, -1.5286582400260802e-09)
(0.6974692402478905, -1.3925595648690348e-07)
(0.9805242677753269, -5.893288349127114e-07)
(0.34429521443649563, -2.5711966045531753e-07)
(0.026055012327391127, -7.573956914577689e-08)
(0.9198569578945907, -1.3478672070387918e-08)
(0.8549679635860936, -9.928389821452851e-09)
(0.38889656880313944, -8.893663220090647e-08)
(0.19641457399334541, -5.154420887007848e-09)
(0.8058840786698606, -5.178738878599221e-07)
(0.6060303097692017, -9.013485582905214e-09)
(0.7625253256873217, -1.3504069325109868e-09)
(0.5523309191491416, -3.3786640113836824e-09)
(0.9169691236797305, -5.931439010732437e-09)
(0.6025718582772147, -9.933761719363546e-07)
(0.9803114464649595, -4.8823825623458905e-09)
(0.40803569416424823, -8.451198332859475e-09)
(0.6751385511059551, -4.374321426664162e-09)
(0.5478635125095813, -2.108270943776996e-08)
(0.000704196854956701, -4.921541068057606e-09)
(0.06964369243879856, -1.5228398433129994e-09)
(0.6976458770426944, -2.3271010055125407e-08)
(0.3043165512883028, -5.146768409022846e-09)
(0.02260066215051322, -1.1475072654222838e-09)
(0.28325105528266475, -3.088337928350963e-09)
(0.8768169377935535, -4.836193514544984e-09)
(0.5363104800486647, -1.1554818661767456e-08)
(0.16926568420621552, -2.4883374082922545e-06)
(0.618777781296763, -9.927262639343694e-07)
(0.7551123825445715, -1.3357941284553835e-07)
(0.10241743826199876, -4.731648597693133e-09)
(0.6793177707261361, -1.2333159409814466e-08)
(0.8724913622656196, -6.4112344554597905e-09)
(0.011935208336939415, -1.4879554970515336e-08)
(0.21426557478737318, -3.4645716219710235e-08)
(0.6329693199123332, -9.049688877395088e-09)
(0.8943189705254875, -5.336953736965598e-06)
(0.8584243808196818, -6.29680652907124e-08)
(0.5274775714078426, -1.6836948232722959e-09)
(0.8453983433091791, -3.73003461663151e-07)
(0.679463000518068, -3.825365751552788e-09)
(0.5149998325667402, -2.31921777858878e-09)
(0.6488263572771792, -7.218611324077976e-09)
(0.26824486995564145, -2.5979840571517274e-08)
(0.17131542949426015, -2.338746912469904e-09)
(0.5895795263446789, -7.92829017146047e-05)
(0.7648156136748152, -3.5161639865791344e-09)
(0.9718488895653633, -2.0985429640471983e-05)
(0.4247866341833307, -2.2852111639157467e-08)
(0.9082343046823123, -1.2367649812074902e-09)
(0.06810157688187983, -5.21349851187912e-08)
(0.13507204799127995, -3.343861082733593e-09)
(0.9748117477464084, -1.2692950503462346e-06)
(0.9163168803867345, -6.932814019662429e-08)
(0.9685855094858373, -7.222198376160201e-08)
(0.28792599947824354, -1.7357448372894848e-08)
(0.48230121879070775, -1.5761741100894177e-07)
(0.6885504037487752, -7.609463795114838e-09)
(0.48410950720309487, -1.7269349549095006e-09)
(0.829996312674403, -1.952650562058446e-08)
(0.36707937813583524, -2.069795387379891e-08)
(0.49287464097298883, -1.1018718684670911e-08)
(0.16290977484291075, -7.089552674156176e-09)
(0.1846196329155516, -4.371563983008702e-09)
(0.17039805097686372, -2.7879544555070576e-08)
(0.12012909287439434, -1.0097475737413446e-08)
(0.6968854013264713, -1.1300012207179898e-06)
(0.6832763648808319, -8.923135889118315e-09)
(0.6329474986407202, -3.6614381416287407e-09)
(0.8342240563434364, -6.840227811246523e-08)
(0.9088053222891566, -2.906953761929151e-07)
(0.7918934482927339, -4.060093773918667e-09)
(0.4922034387282993, -2.855605614379226e-09)
(0.14175143031252657, -9.799799356773883e-09)
(0.9520662253590788, -2.9509861278882822e-09)
(0.5213281664185739, -2.7746771248768803e-07)
(0.46464517203974526, -1.9124392965423535e-09)
(0.9403306784800167, -4.2956950736507585e-08)
(0.5824270202227468, -3.4216702699068483e-09)
(0.8250466795172954, -3.539422459108229e-08)
(0.5792667343601677, -2.1744562357487496e-08)
(0.5518141203910797, -2.0941151374441367e-08)
(0.07792978520852123, -9.703222690116503e-09)
(0.1481820405269083, -2.054189164388363e-09)
(0.7012840268548289, -1.4250448195886693e-08)
(0.7791358369911172, -6.781973964944139e-08)
(0.8315887769182695, -8.98803975317465e-08)
(0.4288807153594107, -6.845045637005232e-08)
(0.38772430308752764, -3.536461448848951e-09)
(0.9667306820442155, -1.0051457068724811e-07)
(0.806269298259681, -1.1596534263740973e-07)
(0.4946702125972114, -3.953990831863548e-09)
(0.3660149342005494, -9.118179972404496e-08)
(0.048993911689990774, -3.368428542331829e-06)
(0.35512113011708296, -2.1516724504737872e-08)
(0.3580058779518833, -2.280368348733451e-09)
(0.3303869899327196, -1.4115235828451063e-07)
(0.036581436780781705, -1.3992741898644071e-07)
(0.24394480421014197, -3.710245680463162e-07)
(0.20736222149133685, -1.2738630475377433e-08)
(0.37533198443584653, -4.597462764857794e-08)
(0.08994977131324326, -2.8695687320483e-09)
(0.7705687429079823, -1.185690509457236e-08)
(0.5090895012085233, -5.971813830833532e-08)
(0.5210218939039546, -2.521566510312166e-08)
(0.8886175940695261, -2.251597963910445e-06)
(0.36947478063744027, -1.3903468297688544e-08)
(0.7131741817776652, -1.1550253280116359e-05)
(0.5714506829431617, -6.68874486883384e-09)
(0.4658375448271168, -7.686314099727903e-08)
(0.6443447094965072, -3.184860167156945e-08)
(0.24602371962812708, -2.2261800400146196e-08)
(0.2575222095569786, -9.134268093047736e-09)
(0.41125277042583397, -3.6544022160871e-08)
(0.49952858356765234, -8.307080720221264e-08)
(0.14231640608672738, -7.0928704620311355e-09)
(0.8358054172161189, -3.4564650231629236e-07)
(0.02103659020954957, -2.0827562209228135e-08)
(0.7430603395790676, -2.9840527139548903e-07)
(0.1456043667884225, -3.0058764120415893e-08)
(0.6161856749492713, -1.1688641605548087e-08)
(0.09591448109047532, -1.0213633417471878e-08)
(0.549590688843791, -1.1828236990996445e-08)
(0.38238389081761065, -3.2382737282972484e-09)
(0.5432993133971709, -8.186220526074673e-08)
(0.7998173245634738, -0.04940900247006801)
(0.29936394729659316, -4.060949523670275e-08)
(0.6181700468842156, -2.005966922169781e-07)
(0.7313842825369531, -4.204111928957049e-08)
(0.4627106017104941, -3.5789728920259774e-09)
(0.8217626785990191, -1.1062776470563876e-08)
(0.9599419179221694, -5.1907036444303065e-09)
(0.9461027062023682, -9.321223803528663e-09)
(0.28199487350164304, -5.744581280896444e-09)
(0.8604462619966284, -5.868552176752452e-09)
(0.25658339536825836, -8.38590017853162e-09)
(0.404802716400895, -2.2696653398982197e-08)
(0.7982280465572826, -5.289587766480021e-09)
(0.06630708818393685, -1.3282606279320479e-09)
(0.8621287923048493, -2.630712851632703e-08)
(0.07846606453708678, -5.164948904914014e-07)
(0.3881130324007978, -3.5786256910766816e-09)
(0.3827618230914541, -4.279301646041292e-09)
(0.37080448346881006, -2.5757334413039342e-08)
(0.8702433841845468, -6.6855671309427195e-09)
(0.4904725180072855, -1.7084248163789946e-08)
(0.3157180230167369, -2.9521835056784513e-09)
(0.8087846721447034, -1.484035205653819e-08)
(0.7291393924155191, -2.3205570590494737e-08)
(0.13037563328105983, -1.798232256456265e-08)
(0.5960369434163011, -2.1490609178848033e-07)
(0.9637722757364766, -1.461841809891805e-07)
(0.8787168714857622, -7.460060465399213e-09)
(0.4337177170858386, -1.5136674350775048e-08)
(0.274398594706158, -1.0673920666970725e-07)
(0.5980647158971321, -2.7643187104278145e-08)
(0.45414402055950126, -9.813012020740933e-07)
(0.15486373572045353, -5.665521447318975e-08)
(0.5174893567990851, -1.885571175455724e-08)
(0.5178533453360457, -1.9574773547449463e-08)
(0.4788631244233455, -1.4743609652536295e-08)
(0.9587590625093464, -7.49961786930925e-07)
(0.6416273885004209, -1.331154427630848e-07)
(0.1176002011006065, -5.102414444005888e-07)
(0.13544106775424086, -2.645893717980849e-09)
(0.8768459299030563, -1.4229159610746247e-09)
(0.9237282920158622, -5.5868329818373665e-09)
(0.12325519781034659, -2.077997455195106e-08)
(0.4890514537716027, -1.446132431488867e-08)
(0.8318031514186217, -1.0810263117217922e-08)
(0.35421655953386494, -5.1978842162724176e-08)
(0.8059306340510819, -1.8308266942233407e-09)
(0.3302755567333239, -1.4470900782265737e-08)
(0.22175974076797692, -2.2517067641504986e-09)
(0.018517126134126816, -9.179826351851241e-08)
(0.5877846840971185, -2.5070468008512195e-09)
(0.2831346545338101, -2.9853761855089344e-06)
(0.2288975164475503, -4.777738485984003e-09)
(0.8255542876808737, -3.784475569550237e-09)
(0.6908726654974668, -1.6766606736781452e-08)
(0.03560064597380985, -8.930612007271519e-08)
(0.09352576689197614, -4.346149696919872e-06)
(0.9361098843296615, -8.534366770161408e-09)
(0.4063805130197998, -3.4537038639027163e-09)
(0.6204315623909347, -4.55038880654198e-09)
(0.7508621599403157, -4.8688978020606366e-08)
(0.06876176261822099, -2.7282806171671973e-07)
(0.7937949435933511, -3.935931651573931e-08)
(0.9917981475214058, -1.1080498925875238e-06)
(0.06456134141093706, -1.414994383584201e-07)
(0.8490653450432526, -9.459365988026527e-09)
(0.010525872663003841, -6.560777036850375e-09)
(0.9753509024859969, -4.5387426832769524e-09)
(0.9056499439612179, -2.330818721046365e-08)
(0.7800399523438402, -1.213766611792033e-08)
(0.2378530853073965, -5.111732614256446e-09)
(0.9561711403231237, -6.797614779862969e-08)
(0.010800681681751311, -3.04183113631058e-09)
(0.3563117323028413, -1.04994450792742e-08)
(0.7715718415394276, -3.1126093566102774e-08)
(0.140898312264044, -5.388486470356539e-08)
(0.15452092685210256, -6.586298930686133e-09)
(0.08005695496726306, -1.4557943992665296e-09)
(0.17314292194428127, -2.3975623074096855e-09)
(0.8050092158130204, -2.7736919956741335e-07)
(0.2523502949454403, -4.877787497117222e-09)
(0.6621500103671377, -2.170537552485367e-08)
(0.3192550597278816, -9.029434281597074e-08)
(0.24072613579041416, -5.3667386702311235e-09)
(0.8361684012021134, -5.8836044494493405e-09)
(0.6777746706912364, -1.0801828446108516e-08)
(0.7491538664381959, -3.289089140493543e-07)
(0.034487975728106156, -7.349636925797229e-08)
(0.8145313848898692, -1.378900285143436e-09)
(0.8870939095365278, -3.403970544647966e-07)
(0.36786015660238913, -1.4811712183524324e-09)
(0.24603517398974675, -7.661280018593759e-08)
(0.708338581061279, -1.7686996374488418e-09)
(0.4591119678524198, -4.2139660978817225e-09)
(0.9232935568363402, -4.3882896784418856e-09)
(0.10510547341475185, -1.3781794460611267e-09)
(0.11499060009838648, -1.740186046896683e-08)
(0.322832498166618, -2.0542458521875804e-07)
(0.02830879661525788, -8.239174583783597e-09)
(0.51105959375972, -3.562560948789477e-08)
(0.43994113571822563, -2.81951134919968e-08)
(0.3941135467360717, -6.533609299124922e-09)
(0.33196171759467447, -2.936930355466815e-08)
(0.311398308844334, -7.639263814310413e-09)
(0.6806984673831572, -2.96556613460231e-09)
(0.726153023602038, -2.2734801878272766e-09)
(0.1625506335473276, -4.459215299706337e-08)
(0.4129676211815812, -3.8791515959798386e-08)
(0.807508403350537, -9.891337044762959e-09)
(0.24581465252003148, -3.389565712235615e-05)
(0.9165322080840527, -3.775827626836832e-09)
(0.05625981458374327, -2.0134740159617192e-06)
(0.8909864859442264, -3.032235779527791e-08)
(0.3792787526878819, -3.74963830792665e-08)
(0.5047771538799632, -2.051596446180876e-09)
(0.8897570905281441, -6.851333316500978e-08)
(0.9158144737182529, -1.2864784571269127e-09)
(0.5188164689397463, -3.405962186933303e-09)
(0.7861712227874248, -2.647482076230618e-09)
(0.00684522463494065, -8.257901341222422e-09)
(0.9130511326847194, -4.641186585032831e-09)
(0.5700510217088851, -2.9957015813809622e-09)
(0.8998096828767613, -5.525399143925585e-07)
(0.7963350544804696, -7.503952512585152e-07)
(0.8142980436885974, -5.461649462488966e-09)
(0.30192274161713933, -3.700437717538218e-09)
(0.9166634118744308, -1.1410126270707668e-06)
(0.6069839794345245, -9.770044071675463e-09)
(0.5926671195597896, -5.961265211658592e-09)
(0.7111331912263177, -4.6203225879085456e-09)
(0.4501774667865697, -4.4280457721547643e-08)
(0.44559411541538924, -1.923090384399654e-09)
(0.6362223191896591, -8.988789772241228e-07)
(0.2047520082674519, -6.653164349757142e-08)
(0.8747414993642705, -4.074148608181877e-09)
(0.5431056134942208, -1.7953987461896194e-08)
(0.40344109166228176, -4.28299544595183e-09)
(0.03779351189870969, -3.0568316595130604e-08)
(0.973357372864279, -1.1507115241414622e-07)
(0.6515903713641557, -2.7985339934964745e-08)
(0.6881876373404815, -5.070436144647738e-09)
(0.5863395863581762, -5.604665058730442e-09)
(0.8274345760314591, -1.915498973496056e-08)
(0.2826601905253324, -2.2083742546333426e-07)
(0.44201634658043254, -2.6772953606615103e-09)
(0.8281259416285803, -8.865065578170128e-09)
(0.9177157395514492, -2.188274809479549e-09)
(0.5329764028206764, -1.8265044692003896e-09)
(0.6937610166912924, -4.154605830772654e-08)
(0.4067983386652747, -1.5620609552873329e-09)
(0.6510977277085778, -1.442776941224579e-07)
(0.9306410921363623, -1.6591923163122775e-06)
(0.14009873977497403, -1.0873626354160354e-08)
(0.5284054579861751, -4.435816562662582e-09)
(0.8450725768638888, -3.22938268525777e-08)
(0.40521482150114074, -1.8272286497074451e-09)
(0.6716299384681143, -1.4356015948025708e-07)
(0.7776159267468965, -5.4445436022443265e-08)
(0.7010385808358498, -1.0726034125435317e-07)
(0.601006335615809, -4.397319838023438e-09)
(0.12568240500360164, -5.980013473550186e-09)
(0.2749056034566076, -2.522712155412781e-09)
(0.40517913089869445, -1.3908951725397805e-08)
(0.7677162770998617, -4.435590725652869e-08)
(0.5805587253938714, -1.5626121852090612e-09)
(0.01999168220702549, -8.0371118451479e-08)
(0.7482493098513903, -2.1234519576961128e-08)
(0.9795690922419892, -6.842984405707811e-07)
(0.8952671367349277, -2.2729411108099122e-08)
(0.323667544947798, -3.914855523963629e-09)
(0.003043810592301423, -1.0902502987663893e-09)
(0.22424119751643992, -4.369846566724706e-06)
(0.787476768559726, -3.3761634046896645e-08)
(0.6131084822580095, -1.860278199713391e-08)
(0.8321979618459133, -3.036885685808403e-08)
(0.7349539882450424, -1.6676738000843867e-06)
(0.1308551689798695, -1.2258046908127926e-08)
(0.586645084495322, -1.896420639338645e-08)
(0.16163069409141168, -4.060042818593883e-07)
(0.5865025471021826, -6.007957397443857e-09)
(0.5942527167498036, -2.5816055363938073e-07)
(0.9498836588000483, -3.5296881502022385e-09)
(0.7477531955385311, -1.4047715183684752e-09)
(0.18621083616138914, -3.0123000070522164e-09)
(0.16990496989269246, -1.3536636527296395e-09)
(0.9912547431141122, -7.232513148940779e-09)
(0.4805252539960743, -2.947030471891352e-09)
(0.4463928760194253, -8.148601898259307e-06)
(0.08052114211806531, -1.3685511048875527e-08)
(0.8092614507900043, -3.235118193957693e-09)
(0.33363700495743936, -3.721799350714954e-09)
(0.6292731646717165, -2.0721358826197907e-09)
(0.6502319134468297, -1.283656961600571e-07)
(0.2782238591808596, -1.76495189188113e-08)
(0.6973681292736978, -3.6414800933158258e-09)
(0.5890601543440581, -4.670781932216751e-08)
(0.2243986321428161, -2.5537073283431838e-08)
(0.16223808340650916, -1.878501825222929e-07)
(0.3934179577584505, -1.475188163166685e-06)
(0.8020267067704744, -1.2649817339313265e-07)
(0.9710694775859565, -2.816430157105482e-09)
(0.8465070102580866, -5.5315686304592495e-08)
(0.1696694270178007, -9.611257549019226e-09)
(0.4389830104921533, -4.709438323448404e-07)
(0.10719039821846336, -2.0680162262448294e-08)
(0.34449850954924843, -2.6190941799342925e-08)
(0.861416344953236, -3.2846833147573294e-07)
(0.8103743441011172, -5.746714414213937e-09)
(0.9949842674999025, -2.3671079974447583e-09)
(0.15948747359733959, -1.600478853023527e-09)
(0.21517419941852284, -7.302611078954507e-09)
(0.9663848484899036, -3.0330086770659298e-05)
(0.4057538946963804, -4.60309743862851e-08)
(0.10179769925118251, -1.3855638678653659e-08)
(0.47154274167686405, -2.3849805004424543e-09)
(0.23245671122432396, -9.89271789029941e-09)
(0.169623258387924, -1.3554146752906448e-09)
(0.5242203019550462, -3.303684914288253e-09)
(0.19566181708103797, -8.311169556015706e-07)
(0.6956531867883875, -1.516400945332936e-06)
(0.6379149848083056, -2.958795647382455e-08)
(0.7660423066900978, -2.4483426477357013e-08)
(0.7186669028496061, -3.229919932065064e-08)
(0.6731933085940982, -1.2111260341774e-06)
(0.4532229336007377, -1.5793855296064534e-08)
(0.8281511966959838, -1.674199024543775e-08)
(0.3412027879490358, -5.009076781369365e-09)
(0.11521451789120786, -2.9402922405371066e-09)
(0.5448204907175834, -2.3547194807182365e-09)
(0.3861322353814407, -1.8970220040253227e-08)
(0.929536444113454, -2.58695017610505e-09)
(0.006290579361896962, -7.483684634640268e-07)
(0.913796809752778, -2.58615210611007e-09)
(0.6380668435989565, -5.728029671830056e-07)
(0.9267477255687474, -5.018653595603319e-09)
(0.898692738170935, -1.5560957014213732e-07)
(0.2768320813068142, -5.548508159008907e-09)
(0.28750428406946493, -3.0007213363046857e-09)
(0.6039804563075554, -7.088739485651613e-09)
(0.9861670037386501, -1.0253691643434067e-07)
(0.23703520086718033, -3.2390841512754807e-09)
(0.5518562213680422, -2.0751474340585366e-09)
(0.9622002163616834, -4.0418435949336046e-08)
(0.9864295685775604, -1.3234402730860614e-08)
(0.06990108352233337, -6.120777836304978e-09)
(0.04577534388323333, -5.92756812348404e-09)
(0.8691143855556194, -1.5130680460900103e-09)
(0.5563999676348107, -3.2109102510499127e-08)
(0.22363663598264696, -5.448792026958043e-09)
(0.02992348543201178, -2.4892532618697478e-08)
(0.3000121691141657, -7.082625030752396e-09)
(0.6152663074272214, -1.0652495378908553e-08)
(0.4849126297438292, -5.022752852491351e-09)
(0.7904520789569756, -1.996373252387993e-09)
(0.9484541073447196, -1.1353834671736198e-06)
(0.4117969393253908, -1.3725320189661162e-08)
(0.8282644921087471, -4.4073041595673426e-09)
(0.5661489155351817, -1.1153507215009358e-08)
(0.3993162035857178, -1.749909874396731e-08)
(0.9508043946976622, -5.116559492380575e-07)
(0.11311974728493505, -1.0034992237518538e-08)
(0.8263842095179729, -1.5050604584370756e-08)
(0.28055203288255254, -1.0607677511188696e-07)
(0.3468058460866831, -3.404691385046044e-08)
(0.5963125561887298, -3.5472371133157365e-09)
(0.12891521907934306, -1.7293021541433052e-09)
(0.19980674485654384, -4.3345154041281026e-09)
(0.8307695179143493, -5.2755255688205895e-09)
(0.550438631973346, -3.138246875122565e-09)
(0.30909337728363606, -2.2789273099095705e-08)
(0.6306991411671994, -5.37398871115268e-09)
(0.40418434745147913, -1.5051310262523012e-08)
(0.9441292869726896, -6.584873086293531e-09)
(0.0346057169718897, -1.5460772323290895e-09)
(0.9158085080606094, -5.690789584191377e-07)
(0.30985891696438816, -1.480416372307427e-09)
(0.04914168833308576, -4.217799050564561e-06)
(0.6006319875670616, -1.6265633072067876e-08)
(0.7684860606097396, -5.093244266161343e-08)
(0.46661487199804, -3.5510142401639675e-08)
(0.4063228755314469, -1.0499525090796559e-08)
(0.24280033753802438, -1.1641141985576143e-08)
(0.36913311784125336, -7.978383292161348e-05)
(0.5867151193972753, -2.0420381776802285e-08)
(0.20926428152218554, -1.919585429711806e-06)
(0.0639934989169326, -6.049100986108634e-08)
(0.3188782760633068, -2.9161198684595437e-09)
(0.4756678246271829, -1.8026682990665438e-07)
(0.2671068338576488, -6.137344737644971e-05)
(0.4844526205647046, -1.1334880163057374e-08)
(0.5047358151190026, -1.7648009696607783e-09)
(0.828239782418223, -4.318590507871403e-09)
(0.5667462039430275, -4.057954471853037e-06)
(0.9456695975720366, -4.64420599072955e-09)
(0.6028596425820304, -1.744868236603649e-09)
(0.07832074514883962, -4.013140053809333e-09)
(0.3438356389112169, -2.6575409620736204e-05)
(0.36372718069011667, -3.107328069083126e-08)
(0.06646961781956864, -4.510336476310558e-08)
(0.14035623961569954, -7.363778213451315e-09)
(0.13227232016850723, -4.073481784320132e-07)
(0.1575381584915591, -2.191207504449283e-07)
(0.47873433522307846, -1.376471247059411e-08)
(0.3120236420849673, -4.310762154033458e-09)
(0.2674920495047356, -1.904603030118438e-09)
(0.146901875385622, -1.4607733866553131e-08)
(0.23102722441695045, -8.147584485376777e-08)
(0.9253888374249938, -5.019026718775516e-09)
(0.7503031969326062, -2.5929272269954996e-08)
(0.6776158405331646, -7.035341111477407e-09)
(0.7172293307243585, -7.352130380973486e-08)
(0.2209211646170477, -1.60064402598081e-08)
(0.44113013681970975, -1.4394448911196514e-08)
(0.473637494295964, -1.997750053208293e-09)
(0.11832254910824308, -1.863487053568026e-08)
(0.7057226318937411, -1.9081194527475983e-06)
(0.1874973802369555, -1.6979573758557398e-09)
(0.6762030611760943, -2.8780400231418688e-08)
(0.7682951495398432, -3.897491804126348e-09)
(0.1837226145493684, -1.0290266350145178e-07)
(0.531684037276406, -8.294630091938087e-06)
(0.07868309981723888, -1.5603200106050654e-07)
(0.849809659293136, -2.8969965633907624e-09)
(0.49167556321534556, -4.04185550844949e-06)
(0.3640331170696192, -2.1784775569252448e-09)
(0.25613142117865345, -1.1953494105693992e-08)
(0.7177798135211413, -6.656106986555369e-09)
(0.15808285640820283, -8.579487994749845e-09)
(0.6095988102855133, -2.0011729357477104e-09)
(0.12423799093009841, -1.1158378624871573e-07)
(0.5751938997383006, -1.845252821654133e-09)
(0.14701790013799837, -2.2456441360946915e-08)
(0.26620805782583706, -4.5540128530896816e-08)
(0.2622258601329565, -3.1252775536797223e-09)
(0.4165797947340979, -1.6923632029808489e-09)
(0.46371767499922434, -2.9187451168285708e-09)
(0.5752068217650443, -1.0078889771875118e-08)
(0.21169991987436776, -1.762230837345358e-08)
(0.6102421433986713, -5.381125183450839e-09)
(0.990620635577423, -5.767097157811369e-09)
(0.7959030005123517, -1.5133005404084133e-09)
(0.4982578606370042, -3.1658089572385716e-07)
(0.4468739590260705, -7.283160578417327e-08)
(0.4363240837624066, -1.213879285288648e-08)
(0.6166860994836899, -2.1993470835729767e-08)
(0.3834866592122349, -2.2800309010530885e-09)
(0.6948669540988409, -8.067155550551147e-08)
(0.8907170886147009, -6.303366039927485e-09)
(0.6434766840969789, -3.7994692014073236e-07)
(0.1651005300488421, -4.081922939503781e-08)
(0.1053017690884031, -1.6588151101495758e-05)
(0.6235441628428412, -7.679589476706445e-09)
(0.8625242260389011, -5.3905813349332425e-09)
(0.6154864665630438, -8.88648817455602e-09)
(0.248409744107379, -7.443012356180432e-05)
(0.5110308950426289, -4.111460994926724e-09)
(0.5245953629370854, -6.595021629821831e-09)
(0.46352056986684137, -8.479587042449087e-07)
(0.7401767278890767, -2.9421750103150183e-08)
(0.7682264972370962, -1.903047463100383e-08)
(0.20429456853172434, -6.982852237818677e-09)
(0.5222786898605434, -6.721047913891371e-09)
(0.2825766097100249, -1.060948733736153e-08)
(0.8994492044553519, -4.2653376694131336e-08)
(0.6220506324898398, -1.6805474169618353e-09)
(0.46965812261088014, -3.236976091686063e-07)
(0.6455973309771783, -4.477797755583485e-09)
(0.6931965787452751, -2.394847984808276e-09)
(0.7152203789757594, -3.4040355020046015e-09)
(0.15543247436147517, -2.8819665473116827e-09)
(0.40082788971608563, -1.5539359507453994e-08)
(0.6020606776215583, -8.893538193675785e-08)
(0.5680288920119039, -1.9299433193176248e-09)
(0.2083821856382742, -1.3996771713806841e-07)
(0.4328585627138379, -1.9842049090193636e-07)
(0.45657036232531395, -1.735189088369047e-09)
(0.9294439927139709, -5.6362496166066e-09)
(0.7459789513046451, -2.7218982149661006e-07)
(0.635573998359765, -4.5350288723763415e-05)
(0.14921029199368915, -2.3214309509268122e-07)
(0.08218289737470032, -8.213852253651447e-09)
(0.09939055968244913, -2.126617360542942e-08)
(0.10502559269504416, -1.787374541875598e-07)
(0.41014878399046795, -1.270587716643082e-08)
(0.5789135077472904, -2.6768902263820834e-07)
(0.803420637974759, -2.426027915178426e-07)
(0.730308362255441, -1.4166881263322228e-09)
(0.5331296727507667, -4.000762719494358e-08)
(0.29537673790904295, -3.911355098754874e-08)
(0.1550187656894888, -1.8912700630361647e-08)
(0.4525570893725992, -1.6717064620985685e-09)
(0.6711152333189758, -8.574310260558815e-09)
(0.7426385454509428, -3.068059857956614e-08)
(0.05951851818643194, -1.722624106004645e-08)
(0.7589416311332932, -1.3831752258184935e-08)
(0.09681156237059507, -1.5022997579972608e-07)
(0.32953119655167085, -1.891500385909642e-07)
(0.9628454815086251, -8.113468160041416e-07)
(0.6914670979343281, -1.5639724972374447e-09)
(0.3227123219331497, -5.039546627294348e-09)
(0.4797929809462019, -3.236965290726631e-09)
(0.8149972448734989, -1.0248044581958166e-08)
(0.6230665672854756, -2.9629923146001177e-09)
(0.37754174218133124, -7.58581390139909e-09)
(0.02725035747534721, -1.3975164667486236e-08)
(0.47277825285347347, -1.6526648290227066e-07)
(0.7224482186193532, -1.1925479400111676e-08)
(0.049110878973908915, -1.5852776761360888e-06)
(0.03759612160402748, -2.3264858354486128e-09)
(0.7741590639875818, -2.0443203636432973e-08)
(0.7847121163679408, -1.9693508026282347e-08)
(0.0855100515243568, -9.616037839210767e-09)
(0.06890961295538173, -2.497160500224644e-07)
(0.5590350143701365, -1.0401741716326734e-08)
(0.9209257706775698, -7.327406466071895e-07)
(0.8287199065100586, -1.8694080698676424e-09)
(0.2770556923517354, -8.701526356376937e-09)
(0.08842379466626962, -1.041555857085102e-08)
(0.5506915671758182, -7.220618481956269e-09)
(0.9489396799965061, -6.95030237423337e-09)
(0.39336702848179717, -9.722292861470048e-09)
(0.2009288817418391, -5.103376501693734e-08)
(0.7651537328429237, -2.1424306633717327e-08)
(0.9275627554588759, -4.5511446490450525e-09)
(0.057436219343605224, -3.4946380670780926e-09)
(0.18278373439517737, -2.1093670841116075e-09)
(0.01640209159381128, -1.5790857095903687e-07)
(0.3080955242780366, -4.747095645750776e-07)
(0.3610325393023071, -1.5349791442705301e-09)
(0.9050440851475606, -2.8885170298225752e-09)
(0.8859792383519561, -1.306246972523133e-08)
(0.06776026375622445, -6.9806255796332015e-09)
(0.35444164118686333, -5.98378913058319e-08)
(0.4877479845319827, -3.057372675222328e-08)
(0.39517408516133856, -4.445155218238059e-08)
(0.7265821257833341, -7.024760526912903e-09)
(0.11013292773480358, -7.122152978643543e-08)
(0.8445578570011053, -1.903801288677167e-07)
(0.19068548665990842, -1.3850745428769683e-09)
(0.3136789417657504, -1.0984393930553493e-08)
(0.9104950048181943, -2.300112111059452e-09)
(0.35834556029319814, -3.347338004732053e-09)
(0.0712867117341668, -1.1354510667430093e-09)
(0.47501343255339734, -5.941672895522397e-09)
(0.3357641073265856, -2.917481189831438e-09)
(0.6073853968140605, -9.97899857298939e-09)
(0.2804585636633301, -1.8013106587881516e-09)
(0.6115409395172133, -6.0659942098317e-09)
(0.2903655639425563, -6.751663817863829e-09)
(0.6181123940226863, -3.7562914456343534e-09)
(0.47504291948780547, -8.108887784678002e-09)
(0.7417705305345005, -5.371715338675075e-09)
(0.967101858724733, -2.9118996808787745e-08)
(0.1522397019719792, -5.888401026159356e-09)
(0.6031577761895255, -8.890118332749265e-09)
(0.2996374084870012, -2.3755022353664667e-09)
(0.5483380218474257, -4.390516579646378e-09)
(0.8266353551750041, -2.424900402681578e-08)
(0.3536123611558492, -1.220586778377569e-07)
(0.14159255427216308, -6.622688850607881e-05)
(0.2686982207869269, -9.176275691757299e-08)
(0.09963189073871839, -5.08161644708885e-08)
(0.2632378088587158, -3.457100176090876e-09)
(0.9215168243897061, -7.817459343697653e-07)
(0.37890786831323164, -1.8376731371219025e-08)
(0.26780450370076897, -2.3301805279889e-07)
(0.047849366310844056, -2.0839730433074162e-08)
(0.3710139497547947, -4.185233174061938e-07)
(0.9834376756755443, -5.015548554675229e-09)
(0.6140896699899567, -1.0511796992250059e-08)
(0.22761615896918058, -8.018357356313394e-08)
(0.5110816467665319, -1.926363303760463e-09)
(0.2980098339861972, -9.251223917178885e-09)
(0.7993199300661886, -8.05877561937059e-09)
(0.06546796361396644, -1.1970199854498236e-09)
(0.18088821802580785, -6.113323303293198e-07)
(0.48807197808681235, -1.8164542683955944e-05)
(0.5350329073582355, -1.1479207201890187e-08)
(0.19244181462182935, -7.940590903114211e-09)
(0.8754191091413177, -1.2559505387703306e-09)
(0.9889056229169431, -2.3125998772444735e-09)
(0.8191842977746037, -1.163207496667309e-08)
(0.19917615485701495, -5.085395498123655e-09)
(0.6008825869223351, -3.330146817939274e-08)
(0.2131723651690145, -3.238461424981363e-09)
(0.7347469174174152, -6.934342453053552e-07)
(0.4289223056352265, -2.1937580524589573e-07)
(0.3419323467803398, -2.7010441614998418e-09)
(0.6976207567788385, -4.535423525556673e-08)
(0.41517783976152994, -1.7483425518966792e-07)
(0.8720285024805723, -2.4911381275558962e-09)
(0.40370591542537215, -8.552386231207771e-07)
(0.12251954940074, -2.4845718773528956e-08)
(0.30609971472303404, -1.5816745834419737e-08)
(0.4550225688442339, -2.7345662214692138e-08)
(0.45382014261762693, -2.415985437562826e-08)
(0.998438346813679, -9.602138049718483e-09)
(0.4448678516318821, -1.536188676754713e-08)
(0.695800587657994, -1.455436068915262e-09)
(0.27572079202105193, -3.357501547399207e-08)
(0.15121521916384933, -3.0110522035099314e-09)
(0.7817432621051236, -2.0166145288706128e-08)
(0.5305797095219675, -3.210094158664159e-09)
(0.7737320142872474, -4.218242186941614e-08)
(0.4676415669972361, -2.0717092920296773e-08)
(0.18896408220109703, -4.18900672611758e-08)
(0.10456845560984421, -2.8852816989751066e-09)
(0.46214583871001014, -1.1054893200562537e-07)
(0.40245585276334706, -3.3939081213433436e-09)
(0.9544064011914308, -1.0146602641164351e-07)
(0.8635508435693127, -7.581665976557807e-08)
(0.23143976829270732, -7.96714586520066e-09)
(0.9566693275765463, -2.043101713604762e-09)
(0.8578950551073763, -1.692196742980242e-08)
(0.4835794316570373, -5.104442931596377e-08)
(0.341973647904031, -1.116535882121788e-07)
(0.5701873344066491, -4.616271777894994e-09)
(0.7457732274965441, -1.2604887221274954e-08)
(0.7780439778972261, -2.7529478281096185e-07)
(0.1544290897290778, -6.980088068133366e-09)
(0.6336981927272052, -1.6204876650879495e-08)
(0.035630309688102185, -2.1485551674704174e-08)
(0.13656793737540077, -2.061687066695948e-08)
(0.1456312651305996, -2.4983553039737016e-08)
(0.2825080001628118, -7.428772162317337e-07)
(0.028048597485515726, -1.4979068167020118e-09)
(0.9207019230795624, -1.9405461852905813e-09)
(0.3606758259655609, -1.9951728947095833e-07)
(0.1857087675375973, -2.9311606082247175e-08)
(0.38294068447108576, -2.332567870456522e-09)
(0.10405498183999677, -1.5838536744188617e-08)
(0.8398765571813209, -2.5521639548194545e-08)
(0.4446686781320266, -8.551256043232184e-08)
(0.16547960013274787, -2.7387163663756833e-08)
(0.9506758405839356, -1.972387816950939e-08)
(0.8707259154282343, -2.5176968658313945e-08)
(0.1944614711178212, -1.7477576835575115e-09)
(0.06594971732611866, -3.48736573399978e-08)
(0.3083267185669143, -1.6152425659124344e-06)
(0.37817152844515867, -9.460071018223675e-09)
(0.5883863459031647, -1.428271790794029e-08)
(0.38263794515315014, -8.13521120830986e-09)
(0.5922221789934471, -4.282549797496583e-09)
(0.1373931235216232, -1.4839920208172884e-09)
(0.11079102667868153, -2.2951255350609837e-09)
(0.8286828686921577, -5.507263445300139e-09)
(0.0075020870825057056, -9.177614449723512e-08)
(0.11552818037758776, -4.458477377881944e-06)
(0.8914175500551696, -1.2168585780858978e-09)
(0.7519793763056248, -1.0389820322034829e-07)
(0.9849440084922382, -4.394893194899468e-07)
(0.6663434245166553, -1.098066615429124e-08)
(0.4400215648453534, -2.1876186136936093e-09)
(0.5300964231578508, -6.520262713841229e-06)
(0.16881053836972443, -3.1564716424084334e-09)
(0.28622763815820473, -3.076847765980661e-08)
(0.668756359769161, -2.5501803303504362e-05)
(0.6581616654766289, -8.704710230873556e-09)
(0.46462513693842183, -6.654973476281019e-06)
(0.4159953925247119, -4.754786823902104e-09)
(0.606741281759823, -4.410036518114146e-09)
(0.14317644931862997, -9.235439910860831e-09)
(0.7176362031659496, -4.629470529388733e-09)
(0.9864136065572535, -6.6044853864023104e-09)
(0.4265621207042024, -3.099952422153291e-09)
(0.22447791412874726, -3.0936644111241474e-09)
(0.29827083619864786, -6.254599314667569e-09)
(0.13474058472559616, -4.15733614528014e-06)
(0.5630047437994382, -1.1283356480822208e-07)
(0.08028501481951092, -2.5122885281628266e-09)
(0.5622070735097353, -3.212929301442069e-08)
(0.8534650357754461, -1.2806970961094222e-08)
(0.3990288311634879, -6.986691427065445e-06)
(0.5163913758389845, -1.678068739931851e-07)
(0.5905971746609763, -3.487993208635486e-09)
(0.45300532241492364, -1.215864249571369e-08)
(0.5802715548728794, -8.9913259461956e-09)
(0.6932773121015706, -1.3389208262201595e-08)
(0.16249805060484776, -3.1557168220917444e-09)
(0.6385576425003643, -7.240600540844998e-08)
(0.15999698774774837, -8.660327303828577e-08)
(0.943596994643985, -1.0877913840833404e-08)
(0.6970366178080531, -3.1579972374470197e-09)
(0.10809050271533009, -2.0031371522498026e-08)
(0.21868864740565047, -9.502098404472241e-09)
(0.8145210461713953, -2.3531411430848526e-08)
(0.2992965249469206, -2.3084658072238545e-08)
(0.8695606932042165, -1.9407586815459192e-09)
(0.05289554042368127, -6.560448964036409e-09)
(0.30704432454422875, -4.316119361014765e-09)
(0.45670006882910824, -1.2626615587800849e-08)
(0.8246988067955947, -2.728099317493929e-06)
(0.2066319706961135, -1.876320078955273e-08)
(0.7220346018742414, -2.2540216768169317e-06)
(0.9830796378630624, -2.542297125434615e-09)
(0.5403420706229038, -1.7342958598270682e-09)
(0.9326775785518282, -3.0332799019663734e-09)
(0.0434986650404888, -7.963446135558026e-09)
(0.5376777984023055, -2.677039664090433e-07)
(0.6604128054002101, -8.767318199367583e-08)
(0.8031023719146994, -2.0192439685888963e-08)
(0.4674178259534945, -1.1382333555069608e-08)
(0.7213943174796668, -3.838471816086591e-08)
(0.08055232203260078, -2.904022281269606e-09)
(0.11215227434714617, -7.346814919878841e-07)
(0.45539769555203646, -5.7305016422131086e-08)
(0.045241996667140946, -7.961807889661952e-09)
(0.8175612692266483, -1.4158865054189432e-08)
(0.4514510516257103, -3.996446545475156e-09)
(0.8520349933042549, -1.809370602555644e-07)
(0.36144327358217293, -2.0241893830920957e-08)
(0.6243493353432317, -3.5937340897664687e-09)
(0.7406607482592855, -1.0894793951570861e-08)
(0.40241128530742365, -1.594023014616317e-08)
(0.5668845503433719, -2.142767929796099e-09)
(0.5915189050608604, -1.436568787666385e-08)
(0.7929406798734977, -3.906371358193543e-06)
(0.6602088772181917, -0.0001422507314543875)
(0.5461904064833448, -1.8705242320802334e-09)
(0.4495306091637634, -1.3808130691402278e-06)
(0.4243659996569528, -2.8904421574814046e-07)
(0.2284197467521637, -1.5724736240804806e-07)
(0.2959482460345486, -2.279269481364213e-07)
(0.6998914783265837, -5.710587491914576e-09)
(0.25795876676310436, -1.2527765376575818e-07)
(0.13750411101012971, -2.8165664661293e-07)
(0.8015853229091429, -4.611660198193708e-09)
(0.7704056046870404, -7.639065346797228e-08)
(0.8903522378885389, -1.2988670675148608e-08)
(0.7749244817253037, -3.074718121619122e-09)
(0.9714195747296398, -2.4254588775785015e-09)
(0.4461986732676798, -8.650431042014904e-09)
(0.120548553394873, -2.2219075908975933e-08)
(0.505806520006226, -6.177602170049565e-09)
(0.6235550437458496, -2.4647563567559606e-09)
(0.8161585242744943, -5.105248895665694e-08)
(0.9143732030478724, -2.6112190731061817e-09)
(0.7258053365598393, -4.200539457740661e-07)
(0.9321792553465634, -1.0007514703204026e-08)
(0.898019622190544, -1.7997935105944002e-08)
(0.7431815918985828, -7.0430985917228e-08)
(0.546067120799741, -1.927191655502485e-09)
(0.4449965404725038, -1.5085283816764135e-07)
(0.6967870738219916, -3.924334797520511e-09)
(0.37463956289695016, -1.7191071943904997e-09)
(0.9137663590635645, -1.505674900320825e-08)
(0.3907676636017781, -3.8954592902062795e-09)
(0.6840975205203076, -2.585470441534328e-09)
(0.5401462273975164, -7.705805921562894e-09)
(0.32036488338625, -1.2954535001726648e-08)
(0.057268667831844186, -5.2173054077192625e-08)
(0.06376838898519105, -1.6070635057150975e-06)
(0.687673575187873, -1.5170476560280374e-08)
(0.05186346770735208, -5.19526765231357e-08)
(0.9057768248521396, -2.44146572924871e-07)
(0.9514884001375298, -8.375416861900373e-08)
(0.04295967844055055, -2.101491212372967e-08)
(0.18156360295483528, -2.2288812748990903e-08)
(0.7855775475321932, -2.3425032395700564e-09)
(0.2680881352332459, -3.8252688216440316e-08)
(0.44334419449042467, -1.3136555218327517e-07)
(0.07816854660707723, -1.2224200406056304e-08)
(0.6049421442746455, -2.593438931032687e-07)
(0.4345972531132524, -5.325628755551391e-08)
(0.7449152299862767, -8.3680327054921e-09)
(0.4485930415060306, -2.155490177467348e-07)
(0.9760646270215501, -2.5912097854975173e-08)
(0.07846121211719274, -1.9194740033722113e-08)
(0.792749220237614, -1.2928048276090902e-08)
(0.5005868505413722, -6.476216778499349e-07)
(0.2003302905852955, -4.0150787150680564e-06)
(0.37758578327242864, -3.618643915289468e-08)
(0.06180223292681717, -1.9145616881197093e-08)
(0.32000495448509575, -6.535298480609657e-07)
(0.5202201129066248, -2.6790462560997996e-09)
(0.18704882546397983, -7.8615041470456e-08)
(0.8548697815189772, -2.9568345962732335e-09)
(0.8082256716689639, -4.998056614307642e-09)
(0.08495720381284697, -3.614399949858845e-07)
(0.27970286123564564, -5.668926839904262e-09)
(0.026812876247149203, -1.4559872880479901e-08)
(0.9096189681528283, -1.8939561182288947e-08)
(0.7023857416585888, -6.6588799206743744e-09)
(0.5613085239103388, -4.678743362225487e-07)
(0.7470060452500095, -9.149206353279821e-09)
(0.42901794710061647, -5.55278279375744e-08)
(0.3715883977337278, -1.22357179298848e-08)
(0.8151054432988278, -1.0337894936893616e-08)
(0.11636453287767212, -1.0433081041384246e-08)
(0.2590250945849021, -1.2443865780890133e-08)
(0.041154192697737055, -5.497536199695792e-09)
(0.443778985114214, -0.002238947971863439)
(0.8622586878760747, -5.190676401041407e-09)
(0.7606239734605197, -5.6081701841006565e-09)
(0.45315966616717684, -2.4100442375408904e-09)
(0.5218354989277876, -1.8190465982681368e-08)
(0.07133251262007953, -4.6237343534615425e-05)
(0.8588260334126033, -5.639174805233236e-09)
(0.7755835344717975, -5.070365899865334e-09)
(0.654957163596281, -3.2148089584524205e-08)
(0.6083705843433357, -1.095002196037959e-08)
(0.10651408670033137, -4.95069740068903e-09)
(0.7365203810885491, -4.089594789381165e-07)
(0.2511361599448233, -1.8066111734829956e-09)
(0.8579387196075271, -1.5376560278640432e-09)
(0.04053711994997179, -5.434861249503381e-09)
(0.8497671855402548, -4.37051057711604e-09)
(0.815920114680099, -6.336221588644814e-08)
(0.5405151129250823, -5.5982990913634734e-08)
(0.8641016181573821, -2.6165676990959882e-09)
(0.6350804587043257, -1.0334029130258438e-08)
(0.5050082833011205, -5.228390465420509e-09)
(0.30643646683517917, -2.1854661397617532e-08)
(0.003528423934137512, -1.1122698289407669e-07)
(0.7694377184086764, -3.1611327301738195e-08)
(0.290208326016683, -2.163174917398611e-08)
(0.24708165910168972, -1.2225081766684335e-08)
(0.7963795612826353, -8.278393328118208e-09)
(0.28916050313801844, -1.4278867671853012e-07)
(0.026774181325834416, -3.7470046590682034e-09)
(0.11259055932769478, -9.563382146128526e-09)
(0.5084666672651763, -7.378321253638646e-09)
(0.7791407324466004, -9.788693872231088e-09)
(0.9772517426348435, -8.17199710517563e-09)
(0.8222076012284301, -1.3634909855994604e-09)
(0.8360921308968837, -3.4257150351510684e-09)
(0.4789707275029747, -2.1935495757233376e-08)
(0.5476756065057296, -1.4735364922882289e-08)
(0.21406824411332867, -2.8798880293109505e-09)
(0.09793712234389751, -4.626708176755285e-08)
(0.2579878043849122, -7.988797571870825e-08)
(0.09924785212475068, -0.0019957263250260215)
(0.5737766695552682, -1.7434340242128314e-09)
(0.7710502687873694, -1.4113179329840048e-09)
(0.8230345348488406, -3.678888491039772e-08)
(0.5728656495044068, -5.947898983321543e-09)
(0.6603794831531176, -2.7143556848863684e-09)
(0.7599171055447488, -2.987267551226308e-07)
(0.23638450494316318, -1.3064610297157273e-09)
(0.4719267418063508, -3.010215290902855e-09)
(0.3382430770251074, -2.4699383199735288e-09)
(0.2620814719801634, -2.6272230251498133e-08)
(0.386104042024831, -3.4101408268444397e-09)
(0.41089421718808466, -1.8870317199804532e-08)
(0.2078581566082856, -6.074725700441489e-09)
(0.950577039237924, -1.314184179047827e-09)
(0.2176514426077736, -9.955546558365135e-05)
(0.22018543343940833, -5.469427395309419e-07)
(0.32087644832742723, -2.1279795447267277e-06)
(0.05898379644278598, -1.0970502720404992e-08)
(0.35909552184629157, -2.3675815431972641e-07)
(0.23581027677315536, -3.1620848587820374e-09)
(0.04859332755537278, -1.4963732820877713e-06)
(0.2475642424946577, -1.6330876202416496e-07)
(0.29427916598743636, -2.0076371463932504e-09)
(0.9623247769120511, -5.684130919198329e-08)
(0.4875450414208601, -1.8845248419237503e-07)
(0.4170616971776601, -3.8909564555844765e-07)
(0.6926801248736587, -1.4414602680371635e-08)
(0.3443676508732106, -6.252986761239522e-08)
(0.5246826684068346, -5.330527153496514e-09)
(0.08295127218365461, -5.020689782154292e-08)
(0.3776606426898633, -3.015974437654433e-08)
(0.42314337596329255, -1.6630364180051924e-07)
(0.5404445691529665, -3.0926715078654876e-07)
(0.7612741716293744, -1.1203762900664577e-07)
(0.5518658277861589, -2.4474160174390934e-09)
(0.44006579753206865, -1.710502109456425e-09)
(0.9984510954015894, -2.941674753390891e-09)
(0.4310216444689198, -1.967613246704407e-09)
(0.3375840466751206, -2.0004407343440274e-09)
(0.9816715489225251, -1.7956429071508237e-07)
(0.9788540670285579, -2.0420670198952917e-08)
(0.7958454024668244, -4.1467039332869875e-09)
(0.24781403385151812, -1.8221669623428066e-07)
(0.3639857469352117, -2.2631772690451e-09)
(0.0017947368267601399, -8.984428677040192e-09)
(0.36403768950242377, -5.666555593671049e-09)
(0.39225173389335255, -5.3543600480985784e-08)
(0.04822290175298351, -3.6101077635075135e-07)
(0.014928064296987164, -1.376335535010337e-07)
(0.2640735870669454, -1.1772147496245168e-08)
(0.2625284146997825, -1.5666280570151568e-09)
(0.7902342748024218, -6.891670407029134e-08)
(0.10987617076263806, -5.607697153141507e-09)
(0.6720628619102333, -4.469272866077217e-09)
(0.17631321623043994, -4.3749926269697065e-07)
(0.263619329246435, -5.464344389021467e-09)
(0.4389475045269913, -8.14759327768099e-09)
(0.4825836744061087, -1.2094816524405993e-08)
(0.7229538304256896, -6.172054889713742e-08)
(0.786278023889686, -2.730536140731641e-09)
(0.632975093363764, -7.736171408304275e-09)
(0.8036901231125021, -5.333991142253255e-09)
(0.5689979429898606, -5.068255501355414e-08)
(0.3828995866601916, -1.9124529596738992e-08)
(0.5188036765276542, -2.4771544751619303e-08)
(0.7602647073820965, -5.4125573778625124e-09)
(0.462404128309415, -9.789843539724121e-09)
(0.7543032515302633, -4.36012236228393e-08)
(0.2698692689466127, -1.51776679857711e-08)
(0.2296139557528066, -3.244346350256617e-09)
(0.8201700258668287, -2.6889123943535836e-09)
(0.9398114995819422, -6.205881996693681e-09)
(0.7659086376030235, -2.1712461261745556e-08)
(0.7082303265529579, -6.220749227418975e-05)
(0.8602426680561014, -0.0003475395858922123)
(0.575014457278498, -5.021589109282642e-09)
(0.46510240616086074, -3.4324304886123e-08)
(0.2022509122794943, -1.2411599700783403e-08)
(0.6620648732469395, -6.4486141888521355e-09)
(0.9159555949321974, -8.760192777405597e-08)
(0.7705060464450676, -1.8394922522108526e-08)
(0.0431284015311615, -3.345339360262437e-08)
(0.42988901056053475, -6.400998971990662e-06)
(0.30397489261500743, -1.1842201020209904e-07)
(0.690344823820888, -8.176738019307291e-07)
(0.42379131920053686, -0.0001437704810141376)
(0.6589749600140726, -3.156546702124554e-09)
(0.9124797690736821, -3.287338120900679e-08)
(0.8979174416679647, -1.398471107375152e-07)
(0.1556830548825646, -5.811624935612008e-09)
(0.8743961811144841, -3.25792311805218e-09)
(0.4478344192845923, -4.412258269407438e-08)
(0.2762226225478301, -1.9055717017544095e-08)
(0.9399710794277139, -7.2976946046579645e-09)
(0.8034267003494469, -6.120300071634903e-09)
(0.7610907792630264, -8.65632593740379e-07)
(0.038641617018599, -5.241485754040787e-08)
(0.6819058850423124, -1.7126224864722207e-07)
(0.9948640882366324, -1.1420508647141084e-09)
(0.8400229523037769, -1.4724438687817328e-08)
(0.8836661493038873, -2.304283689806549e-08)
(0.42495969275015744, -1.2657549679292616e-07)
(0.5148181739244726, -7.814382942424854e-09)
(0.3436124379197571, -4.100623691775245e-09)
(0.5534012770830478, -7.592924195038283e-08)
(0.7308775975888543, -2.158108240871621e-09)
(0.23049418400528418, -2.4809823807879934e-09)
(0.8004487662380786, -2.1845936905096056e-09)
(0.10803237841723001, -7.243946391679428e-08)
(0.5184580444579571, -9.912845697750416e-08)
(0.13564730155814864, -2.374533670912998e-07)
(0.3166781171744845, -2.0027748902631493e-08)
(0.6992327610031344, -1.3575095247970938e-08)
(0.5239187980993307, -7.97235584913775e-09)
(0.5479184198694731, -5.6014958863249195e-09)
(0.9295725454361016, -6.510251522487215e-09)
(0.32410926459718026, -1.8749991079733091e-06)
(0.5946781038872095, -8.265897821729029e-08)
(0.5480068230737102, -3.824604627774623e-09)
(0.929177344063556, -2.6310553458113987e-08)
(0.2336401046592508, -6.553599724942781e-09)
(0.5813491939496486, -4.196545555296518e-09)
(0.8674731718818347, -2.3118669350768433e-09)
(0.016492209963127485, -9.54977377736268e-05)
(0.8681329346731164, -2.661477300371258e-08)
(0.3507892054487555, -7.807610539256134e-08)
(0.19425234912776976, -5.699533291161821e-09)
(0.23144541373338426, -4.523361995001703e-07)
(0.7741832295740354, -9.732347853433761e-08)
(0.29727268098070053, -3.730337779018085e-09)
(0.7190812000014342, -1.1648429381467001e-08)
(0.9565017389479071, -3.2213324592294592e-09)
(0.4927699168174971, -1.2594865587996914e-08)
(0.5044641282383426, -5.524984318195771e-09)
(0.8917049660750482, -3.768489312289106e-09)
(0.28214987765034594, -7.081258878591603e-09)
(0.5459949935907658, -4.809163308016241e-07)
(0.10248643816836109, -5.406070136958212e-09)
(0.5860064657471241, -7.200007433746593e-09)
(0.7376534532237577, -2.547453722895066e-08)
(0.5547994140597792, -2.155174429460615e-09)
(0.05527819885443687, -2.5729909968611128e-09)
(0.03559085981156037, -1.0978423411032052e-08)
(0.39177312364480493, -4.862536635934497e-06)
(0.418960662997795, -5.0320282902264615e-09)
(0.6147208362007398, -5.3099966914801735e-09)
(0.8924805130368068, -2.3678802392834636e-09)
(0.220913870818927, -1.74695429593904e-08)
(0.3081863103234642, -1.8008074123052856e-08)
(0.2243453795521577, -8.862375839379145e-09)
(0.8083966379634336, -1.5974322740441673e-07)
(0.7895106046285959, -4.7324813080720265e-09)
(0.14133156818210366, -1.6480133424934766e-08)
(0.6917606037242073, -5.680833736317825e-07)
(0.15765833339462088, -1.1456741669711448e-08)
(0.5798894848660251, -5.79401662774781e-09)
(0.7362695893621493, -4.14007072716448e-09)
(0.9340366157006693, -1.7127435767588746e-08)
(0.21339700378682358, -1.5217180953032457e-09)
(0.047141125610856295, -5.9007649384016705e-08)
(0.32966503669061636, -3.456296122484569e-09)
(0.689135026748411, -1.3463686349315764e-08)
(0.3253198382130428, -3.398541522941318e-08)
(0.33015267836331164, -5.163182975159867e-09)
(0.0005031403732364705, -4.9937193834815835e-09)
(0.21894674041812087, -1.1753641439344538e-07)
(0.15838932881424017, -4.190393967818728e-09)
(0.407159428200507, -2.6553266331728186e-09)
(0.20834054657336235, -2.7916005133085998e-09)
(0.359553024756716, -2.6000994108143785e-09)
(0.9657297620566516, -6.673166760467015e-07)
(0.8031189622567434, -3.5748378917638956e-09)
(0.8925424051139198, -1.3268788115345661e-08)
(0.5258405142894571, -1.0669861183315713e-08)
(0.8960963774921997, -8.083629917946148e-07)
(0.2191794336442865, -1.2890595494050317e-09)
(0.7217271633053591, -3.9968327766613304e-09)
(0.6195911148572171, -3.458941914676412e-09)
(0.3654991094634146, -1.4087751552440073e-07)
(0.2384683555392726, -4.349765913624869e-09)
(0.17589823704421378, -8.941660510858259e-09)
(0.20011343593582578, -6.941524788109129e-09)
(0.14769281144162247, -7.450110161107264e-07)
(0.5527291247821233, -5.340368066936349e-09)
(0.9899236876389976, -1.8540749022808342e-09)
(0.8866752990507677, -5.66425858821652e-07)
(0.3297707060683342, -7.748176324829432e-09)
(0.24232391065430714, -3.8659731869745e-09)
(0.5120626208270399, -4.34548792860309e-09)
(0.2641231814839357, -9.908236785926547e-08)
(0.8360751410226337, -4.772384921847096e-08)
(0.7178857954833995, -3.683034137837426e-09)
(0.5387626875492756, -1.7799539191045035e-08)
(0.556290742069243, -6.4916014168143e-08)
(0.7366759169245315, -3.752959959689084e-09)
(0.6027701692082449, -1.379457296615765e-07)
(0.38938531249528757, -8.904619567444031e-09)
(0.9122136878790196, -1.9009955059127285e-09)
(0.5475491404437902, -1.3089728794120434e-07)
(0.7791412900193232, -2.0059880307263354e-09)
(0.5961727163026329, -6.842594748026517e-06)
(0.052109523091588617, -5.097978217899924e-08)
(0.9623799047416384, -9.158767813618202e-09)
(0.9553188596680148, -2.787796669208388e-09)
(0.17418055191224843, -2.065553120207955e-08)
(0.3438307620758202, -7.14914140818411e-08)
(0.6100369424299115, -1.2384474352094605e-08)
(0.8382008077312029, -1.9434748526148933e-09)
(0.8781541066510983, -1.0390853321431548e-08)
(0.0522276598888803, -2.764875999453064e-09)
(0.7041955903970265, -6.407665329801769e-08)
(0.5559366767875222, -3.065682887217638e-09)
(0.09575063366740512, -5.6675014422594e-09)
(0.23213591888910645, -6.57847455757522e-09)
(0.4746116313990663, -6.50201656635888e-09)
(0.28122063786871426, -2.9965253789920365e-09)
(0.7825671747140933, -1.6222927128968812e-07)
(0.2889684334032766, -1.9287080770332253e-07)
(0.5424379184639602, -1.1211432992765972e-08)
(0.9198496300195638, -1.1979049697155468e-09)
(0.5777867950519395, -7.500865838711817e-08)
(0.804655222655062, -7.825811985220544e-09)
(0.8206758990823109, -1.3736089356797531e-09)
(0.1213301515505656, -1.640031727752369e-08)
(0.25801015551163986, -2.330613636114061e-09)
(0.7262052559890647, -3.343640245671802e-09)
(0.7906613537390009, -6.92154164817567e-09)
(0.8913286375384263, -1.8964414892339505e-08)
(0.6078881407507174, -3.5360135620021268e-09)
(0.89284297143372, -5.4863876398756524e-08)
(0.8501112385302549, -1.0193287909443036e-08)
(0.7093038244810085, -3.2269493016693908e-09)
(0.8351113917440814, -1.9181844252516535e-08)
(0.9930338277748886, -6.258935466620055e-08)
(0.4513326682427788, -2.1088328915290627e-09)
(0.9517654718276933, -3.758367242952872e-09)
(0.713492806901517, -1.0178325257926351e-07)
(0.09763730624118554, -5.867801597491219e-07)
(0.03610802399849715, -1.0634239106702809e-06)
(0.6888154056141407, -3.686053453392202e-08)
(0.2731914483720289, -1.4087567641615915e-08)
(0.6329540132105156, -5.0878585694339885e-08)
(0.11303819092677013, -2.7201137690426808e-09)
(0.2774062611804294, -3.88874248203237e-09)
(0.7920313956763213, -2.118421831866538e-09)
(0.8960494343956756, -1.8446240573378084e-08)
(0.2860984708242339, -5.5508363863207906e-05)
(0.9039788921049199, -6.7779792243822755e-09)
(0.005297078916828836, -1.971598696950328e-06)
(0.4102846935913444, -1.0007898766469798e-06)
(0.586112724729409, -3.857922494767892e-09)
(0.7568193822960775, -2.2647120105622448e-09)
(0.831395636554212, -5.638952840825383e-09)
(0.3485055943704145, -6.754680838918096e-09)
(0.5007549589988606, -2.202321374471639e-08)
(0.25504973435962996, -1.3067348024845588e-08)
(0.9594311717366324, -2.7762535240926017e-08)
(0.10249622706897547, -3.990129294705563e-09)
(0.2716115882536928, -2.9191526744652627e-09)
(0.36161176172106385, -3.488762869775995e-07)
(0.7877988560652153, -2.097691467093188e-09)
(0.534390199843774, -8.540889167348799e-09)
(0.1437625011531976, -2.306488862272901e-06)
(0.16202333951020295, -3.183769657309701e-09)
(0.07883434982437862, -1.2356343226913735e-07)
(0.6021353521249444, -2.8346102783743734e-09)
(0.9179881012757224, -1.251834672067391e-07)
(0.8968090020391658, -1.1956116597747125e-09)
(0.7080460449293947, -3.1241247812867687e-09)
(0.7554227114485884, -1.1069691212970733e-08)
(0.2698882266372804, -2.2060503057116175e-09)
(0.13206176212159296, -1.4069087692229134e-09)
(0.7119945061576303, -5.626090224611817e-09)
(0.977070395219692, -7.093290503850973e-09)
(0.03009273839400228, -1.232429554491164e-09)
(0.7284995443364042, -4.556795345605656e-09)
(0.6313857341150889, -3.4638165841534023e-09)
(0.559200439932062, -1.1942158717271031e-08)
(0.265361234147165, -2.3603436937329224e-09)
(0.11850202306544075, -4.754533191218014e-08)
(0.07639909003625465, -9.501252319386827e-09)
(0.6657673127566796, -3.9078763415916666e-07)
(0.1242532405447935, -1.2922092747143734e-08)
(0.25477514376724564, -5.697794830486689e-09)
(0.8710320699788029, -1.3566739203705448e-09)
(0.7283402052783461, -1.2130091249094959e-08)
(0.43149268196471957, -1.6451587878046987e-06)
(0.16220571198457723, -1.337951969144104e-09)
(0.3353276300443947, -4.953280097094011e-06)
(0.4219752967183372, -1.6786166396165995e-07)
(0.8972434317823426, -3.377434375390634e-06)
(0.42452623434498, -5.678727251660137e-08)
(0.8026621785496675, -8.477031951829786e-09)
(0.339257895113799, -1.7619007491696948e-08)
(0.4655747386911548, -3.1576305028922595e-09)
(0.3351363186393411, -6.272603104684963e-08)
(0.3974132484677105, -1.8484319209874662e-09)
(0.5379534151254245, -1.3669479233370315e-06)
(0.01906025474797029, -4.324704644584234e-09)
(0.6790588311396901, -6.556586818082319e-09)
(0.1758851741613816, -7.872549607289174e-07)
(0.06793827921431532, -3.797370313850755e-07)
(0.8462828887534984, -2.5660312178307033e-08)
(0.02139676603702394, -2.6118990451272785e-09)
(0.17704491510849438, -5.916062658103432e-08)
(0.8932508973410765, -2.907951149086377e-08)
(0.9301132401555483, -2.52488830195932e-09)
(0.8336530414627833, -4.105795648028953e-09)
(0.11385088624910718, -4.012873787852375e-08)
(0.49231429443002844, -6.462763435178342e-09)
(0.9052524406323497, -7.394187575704101e-07)
(0.31072183775455503, -1.1281889907175265e-08)
(0.10499304671293228, -1.253706586328346e-07)
(0.8466205287089699, -5.901523582922894e-09)
(0.2545993240053387, -4.362964808764151e-09)
(0.3038407852000513, -3.93129324498829e-09)
(0.31005609645566956, -1.6207170466889572e-08)
(0.4370068900131988, -2.5801854461579902e-08)
(0.09172331880807366, -3.1779751362218493e-09)
(0.8496774568386938, -1.6462685497664457e-09)
(0.2978195364774134, -1.518683075686557e-08)
(0.6068014694901379, -1.2291871741978705e-08)
(0.9980106804527374, -1.7857618445015063e-07)
(0.2614862928478399, -3.1996818725668327e-06)
(0.29563553867923215, -7.85554218837137e-05)
(0.35292536805691094, -5.797737289497771e-09)
(0.5410388214292904, -9.248010847533389e-08)
(0.8552453473377358, -2.714238288781579e-07)
(0.7457474194571814, -2.428120542656236e-07)
(0.15802608296143103, -2.2481008604639754e-05)
(0.7986140000865326, -2.776233048653716e-08)
(0.04955673584177809, -2.7779414147492766e-07)
(0.23715372260973475, -6.712110242919409e-08)
(0.5485777539157922, -1.10922560769003e-07)
(0.9243774997509558, -1.5010508688597393e-08)
(0.5675475652644477, -2.0493350736930492e-08)
(0.851192442473432, -1.9949127161106284e-09)
(0.7148841489570835, -1.687394749285683e-08)
(0.47888351469769447, -2.38924097306124e-08)
(0.953860181990537, -9.989636696549024e-09)
(0.7571748556427006, -8.501292034302112e-08)
(0.9104092664941044, -2.045001776448019e-09)
(0.6458247634681197, -5.3023307791359e-09)
(0.17021432460054842, -2.178607220513283e-09)
(0.9241191744931893, -2.9496713473684684e-08)
(0.9790664896581881, -1.9494347249869847e-05)
(0.6825028395061088, -4.29763227246669e-09)
(0.8697582500356987, -3.431642527429074e-09)
(0.524177273989737, -4.104085666894729e-06)
(0.29972181568307155, -1.1529918102262122e-06)
(0.8839967037807378, -1.4416493664893436e-07)
(0.7437438878776984, -2.6444118574463882e-08)
(0.5477298604266636, -7.210130367816545e-07)
(0.5798042115690912, -1.3831638827562679e-08)
(0.6689134692772208, -4.585588346364133e-09)
(0.4263448439366729, -4.079205947638421e-09)
(0.6673750019598925, -3.053483033684406e-09)
(0.9311532019678035, -1.0022841596905376e-08)
(0.17885579881903874, -1.5189126088152954e-08)
(0.7432892702740062, -1.9945258418814015e-08)
(0.5666592498197066, -7.266013411822158e-08)
(0.2874259867457437, -8.193419980892327e-09)
(0.7451180641764015, -7.800717444891387e-09)
(0.6496092758191699, -6.523696764271633e-09)
(0.1334334568757819, -1.147886181972194e-07)
(0.09295232048589057, -9.257305738441525e-09)
(0.21031829127660495, -1.4080707658341432e-08)
(0.0038220691111105496, -7.277268293380523e-09)
(0.3665745317698909, -2.916382399040358e-08)
(0.6094949221905117, -7.360363330760605e-09)
(0.3603573459199746, -2.856827931121864e-07)
(0.5711888887343715, -1.9269695270774003e-09)
(0.558635017726335, -1.0812902688917901e-07)
(0.8748512714298583, -6.673744821254367e-09)
(0.809497778799286, -5.067814525391164e-08)
(0.5204805205360308, -1.2797894603022365e-08)
(0.13686917984305144, -1.1608463147997935e-08)
(0.7600212863669331, -3.9822879647081254e-08)
(0.14733431770518643, -2.5115558275175484e-08)
(0.7976331450275896, -1.543503484635554e-08)
(0.5492451921909368, -6.316871443283623e-08)
(0.835415880363943, -1.504740488239303e-08)
(0.06826484419395845, -2.9753671497915262e-08)
(0.9860785453362279, -1.3660644464617101e-08)
(0.6379890270276721, -3.073067551906261e-09)
(0.8972161382281706, -4.549774727569461e-08)
(0.9283367618129544, -2.9286473785870867e-09)
(0.11961480363828847, -2.798081344436252e-09)
(0.22554241061000382, -1.6813890000702695e-08)
(0.6753803275663155, -1.9417343245432873e-09)
(0.04881453708548255, -0.0007402580136191712)
(0.5431979231103032, -1.937244895831501e-08)
(0.055292361950870256, -3.832124577619986e-08)
(0.3901006450299864, -2.7028081020956715e-08)
(0.8261164325328723, -5.167352994539818e-09)
(0.028733823326968996, -2.43107587541273e-08)
(0.4746289154966462, -2.722886092919307e-09)
(0.4323611831847932, -2.612826018401056e-09)
(0.22383911780496335, -7.140939618170551e-09)
(0.7821090124868648, -3.269944556648741e-07)
(0.32913139936891495, -2.4195138624792294e-08)
(0.43153231461921376, -7.506709371741018e-08)
(0.9314098123445153, -5.111851249519353e-09)
(0.7301281905581085, -3.4049491447433706e-07)
(0.981867275936055, -1.5551709781790559e-07)
(0.08660042909690412, -1.3847714573274355e-09)
(0.7122357483290718, -3.4999112707693345e-08)
(0.4041186953053366, -1.4193055657792621e-08)
(0.6259218997456276, -5.264981686102634e-08)
(0.21021484745429408, -2.2754633092847406e-09)
(0.01644768176811983, -4.239147147711487e-09)
(0.9227968741672015, -1.4807147773918405e-08)
(0.015271971791354177, -1.1465834423100134e-05)
(0.7718540998405952, -2.452861321452215e-09)
(0.3510738232881777, -1.6777793942014497e-08)
(0.9156309228877464, -4.83552803422128e-09)
(0.32982439658811386, -2.337614648781048e-08)
(0.2644694698504472, -7.019582247005062e-09)
(0.6751118449148958, -1.3022092684831353e-08)
(0.18376214299564908, -2.2859205703369025e-08)
(0.21534378728982664, -1.2415623788711804e-07)
(0.489788966403166, -8.578931923350283e-09)
(0.5342745769416287, -8.416688966899406e-08)
(0.4773916711508055, -2.048930400282072e-09)
(0.13791233072833564, -8.768012545433274e-07)
(0.9127201095719396, -9.954688502541682e-06)
(0.07449794382856673, -3.199498603527849e-09)
(0.8436930461735525, -5.3860010618637915e-08)
(0.9957235992381693, -9.000668019779838e-08)
(0.2947251687160097, -3.19290083663894e-07)
(0.6717078883091958, -1.3157301393617589e-08)
(0.11854613174019579, -5.7284683672379076e-08)
(0.6227184490601988, -4.2045435685206317e-08)
(0.9342710603693017, -6.224057940956666e-08)
(0.36376260742364835, -6.195572157310417e-08)
(0.5880645849106668, -1.0953373519199159e-08)
(0.9349655501899077, -1.4278351163278288e-08)
(0.47943365701466, -1.1184154491808942e-06)
(0.485441765112303, -2.6482756234439473e-09)
(0.4315028352622286, -7.0764054737785435e-09)
(0.40908677531524384, -1.5067382416080134e-08)
(0.9797028222799321, -3.1721189349142668e-09)
(0.7344605883187656, -5.390327922180198e-09)
(0.605825471765442, -5.275759040013689e-08)
(0.8893487787096951, -2.307452718544231e-08)
(0.20419504648006087, -6.844924263643395e-08)
(0.0479629154400342, -2.4549810121948996e-09)
(0.841182325451447, -5.582235514389152e-09)
(0.6230148487456453, -9.739926612239103e-07)
(0.22340576424601677, -4.622815346184691e-09)
(0.6960767060959103, -2.5909836430728045e-09)
(0.1459042548037277, -1.7337450844677272e-08)
(0.032614254076214336, -1.4532932161823135e-08)
(0.41991999550326486, -3.7400859153809516e-06)
(0.9022712778374168, -3.360287793621668e-07)
(0.1777850652551197, -4.169394212097857e-09)
(0.24229524335416608, -7.244781266564146e-09)
(0.640242775752155, -4.765248898914313e-08)
(0.7032993547212476, -1.377241871072955e-09)
(0.45843062636533954, -0.0005934652929257764)
(0.13230405732625247, -1.195110490572482e-09)
(0.37720050653878384, -2.9843451777635364e-09)
(0.7090887926004625, -6.14919161077481e-08)
(0.8118983260068781, -3.672215853649654e-08)
(0.7542372337929799, -5.018430941532114e-07)
(0.6909774391461945, -5.540020429350434e-09)
(0.6629526570689197, -1.9301439086328933e-09)
(0.9006703914092168, -3.2304537775797978e-09)
(0.09556820955869459, -2.5989002049119592e-09)
(0.5414048942511334, -1.3563372429698515e-08)
(0.5344965842444036, -0.0006240150306753983)
(0.6319850054015935, -5.1206964369352594e-05)
(0.3415673298909298, -2.53064516641228e-09)
(0.9859686001817254, -1.391179370523615e-09)
(0.973708864604745, -1.0107128391595561e-07)
(0.8034864885324315, -2.161020520053863e-05)
(0.6532608017682563, -3.5936577186829753e-07)
(0.938749256908411, -2.643921987274339e-09)
(0.7235827507050865, -3.6265486906761186e-09)
(0.9498498198627519, -2.403203613995981e-08)
(0.8593038018091994, -2.214245716268357e-09)
(0.45135064126200836, -1.961876373822069e-09)
(0.48621749345515763, -9.637484277609356e-07)
(0.026463903703577582, -8.177621550272679e-08)
(0.9708936567621249, -7.329315954395131e-09)
(0.8200306252116114, -1.425707873260756e-08)
(0.16376194262844135, -1.443073792184436e-08)
(0.9340131282383207, -5.2709406541424866e-08)
(0.7725780775642809, -2.1856522151815664e-09)
(0.9598753740529881, -2.3143129269226354e-08)
(0.2981535137740178, -2.9316012596263025e-09)
(0.7011700488902269, -2.289411093020229e-09)
(0.8714292167308744, -1.295592552126176e-09)
(0.48659977135472054, -4.30893116751263e-09)
(0.18843666754780997, -1.8187605853379145e-09)
(0.2942888394396335, -5.25045093998215e-09)
(0.7179088416544102, -9.333844433085154e-09)
(0.15837588049436155, -3.1321390550150875e-08)
(0.838815491714493, -8.813243462415412e-09)
(0.3426212714635072, -7.56015615038798e-08)
(0.5425415719750015, -6.47771798646873e-09)
(0.5100037192994715, -2.870004258318603e-09)
(0.9969597217771027, -1.0772302472908554e-08)
(0.8420669366409114, -2.985967246621722e-08)
(0.47494968892281225, -3.174597486264716e-09)
(0.35618563616085214, -1.63465671182362e-09)
(0.7446081559098178, -9.687093575527135e-09)
(0.0908680060339715, -1.639691689924594e-09)
(0.5781664955474939, -5.495535779206039e-08)
(0.7749343696552149, -1.9472259972701186e-07)
(0.5058960509586117, -2.038891488548646e-08)
(0.6773895792848478, -2.0140659600400242e-08)
(0.8427834894854591, -4.829950542170284e-09)
(0.9778847099503987, -8.86539713916229e-08)
(0.2198590340941045, -9.440802920910818e-08)
(0.6157847102889393, -6.853097956296344e-08)
(0.4049397703308003, -1.7962569057768222e-09)
(0.8677179719362769, -8.441860788428543e-08)
(0.8669814224237442, -3.6945772538574e-09)
(0.04531808664287778, -2.705584772462614e-09)
(0.9231487555464956, -2.0943383811067117e-09)
(0.6144645737547921, -2.524230308047102e-09)
(0.735603186383681, -2.8203441738454096e-09)
(0.60155109417193, -1.7717402809700375e-08)
(0.79897939568407, -1.5555536580769938e-05)
(0.6112990156550849, -5.109588598527294e-08)
(0.009104879906716054, -9.374039066770272e-08)
(0.21410304774554328, -6.35870611947256e-08)
(0.8632681137623976, -1.0570998470187673e-08)
(0.9062564894237153, -4.449357167229293e-09)
(0.9030747989890714, -8.492309117646608e-09)
(0.20215839796131077, -3.340888845098375e-06)
(0.19471140635512604, -8.608363764890073e-09)
(0.26598264418809336, -4.131924630333921e-09)
(0.09304028026013411, -2.9856976567392326e-09)
(0.3188065733111224, -1.5942842671467896e-09)
(0.6067757276064105, -3.631323235176986e-09)
(0.8257566369279559, -2.0676914461728115e-06)
(0.31610263015165996, -2.550762446501951e-09)
(0.17125865772915003, -7.277123619594153e-08)
(0.2759186145332949, -8.7561391996627e-07)
(0.02270722388447541, -3.6806911701368724e-09)
(0.018533459461836106, -1.488664227945702e-09)
(0.6709602865946119, -3.5506545499812284e-08)
(0.4753032582529794, -3.6954229672042404e-08)
(0.29356315949034045, -1.3861582074067216e-06)
(0.9587343620966388, -9.654053547230857e-09)
(0.8131729685701156, -2.346841108508103e-09)
(0.9295981464463444, -1.1218648179508313e-09)
(0.09206705075931379, -6.244628327503725e-09)
(0.8874860139264187, -4.711384700642244e-09)
(0.19428498229247848, -2.6505195444894554e-09)
(0.8202409162537663, -2.661272458450109e-08)
(0.3391900341361286, -5.300249562105372e-09)
(0.584690140106276, -5.1062223686886406e-09)
(0.47101589885087625, -3.23441264110863e-09)
(0.4364137217058137, -3.181059348544977e-09)
(0.8164912370438915, -2.8085042611564253e-09)
(0.3550886102801906, -1.8813233764402055e-09)
(0.38816802992860483, -6.284476511351824e-08)
(0.30059920713359056, -1.337185799032006e-05)
(0.9760553493217928, -3.10249374956541e-08)
(0.43443357777568065, -2.6415194653848496e-08)
(0.4450234609300741, -2.1806812206773364e-09)
(0.8684319736406496, -1.4161675030736062e-08)
(0.9021218329698817, -5.06717420492417e-08)
(0.8696089829720038, -3.3214350596447895e-07)
(0.9205207045841504, -9.267242692972476e-07)
(0.4476860051648384, -1.1041226317929605e-07)
(0.9227448561995625, -1.307127989321367e-08)
(0.3049742523338771, -9.985420273190336e-07)
(0.05446773829461458, -4.406449450621552e-08)
(0.5272440442659435, -9.608432046538694e-09)
(0.05232877321004162, -6.154027954685672e-09)
(0.707948624976629, -3.4922793632140237e-08)
(0.20586387692085026, -2.4088151899966555e-09)
(0.744489740096356, -1.4644532474659236e-06)
(0.5619160285405397, -4.398344776395447e-05)
(0.44420391739851584, -4.361433280070974e-08)
(0.7968487165043966, -9.726150720913093e-08)
(0.4445083493261006, -5.9615562101607465e-09)
(0.6332233209430331, -1.9684318334476656e-08)
(0.7994396405451004, -5.364880941560439e-07)
(0.7973698010154429, -4.968930101301009e-08)
(0.5601112592687745, -4.700213124811104e-09)
(0.4878889629121477, -1.3515749251282594e-08)
(0.5561525972697441, -3.8203502865676155e-09)
(0.1623575301826924, -6.185034159220795e-09)
(0.13706527727537812, -2.0776190915820167e-08)
(0.7949172482173996, -1.0376975187161475e-08)
(0.3036047884688909, -1.557421928078962e-08)
(0.7112550082631535, -2.146511766742298e-09)
(0.7025073342510055, -4.261471689990827e-08)
(0.518722443628259, -3.892943958101133e-06)
(0.30690200260780315, -3.7314265216229606e-08)
(0.5703059764057201, -4.256762089724832e-09)
(0.021157825968360813, -5.4777060150396974e-08)
(0.33753802167956864, -5.976570654429225e-09)
(0.3003248310695647, -7.006770117604089e-09)
(0.3784896568735628, -4.046945317625727e-08)
(0.42803530176871174, -1.4045640052487813e-08)
(0.6481828156949622, -4.021896190296941e-07)
(0.7162597006234267, -1.4920540465103135e-09)
(0.7884726172964491, -3.695409281923919e-08)
(0.12210054142505535, -3.354209030754007e-09)
(0.7000199630814915, -8.968210384148115e-09)
(0.8287218827486222, -5.516303103232774e-09)
(0.7708219241951926, -4.128821238159992e-09)
(0.942416683703735, -1.1973054660821813e-08)
(0.24741826694667213, -1.4386407379464205e-07)
(0.004723228743573627, -1.2030700761540817e-09)
(0.19667504782488013, -3.39538204250989e-09)
(0.2041145550394946, -3.179862265914482e-09)
(0.05716094449220945, -5.258172536135676e-09)
(0.11413132677281283, -8.464455137160791e-08)
(0.9583693333438004, -4.319449552242415e-09)
(0.3355805690892438, -1.364369716560318e-08)
(0.6702519757086783, -2.797083238360945e-07)
(0.27225428274966224, -5.530835895712812e-09)
(0.6676155626296018, -9.536691097396676e-09)
(0.027476135262167745, -5.582594116541023e-06)
(0.24654537551430222, -1.6429438545856802e-08)
(0.18673352821125597, -2.312771281747899e-08)
(0.22910840574904182, -2.2169357228144883e-08)
(0.8659814889631985, -2.2922723620635953e-09)
(0.19757483265600367, -3.4443174388999355e-09)
(0.9861161286663105, -4.958144670412497e-06)
(0.012187951733964131, -1.6909268938712106e-08)
(0.31760140372128076, -3.0049003874913134e-08)
(0.7312827080127561, -2.115611772556098e-06)
(0.7660487528582884, -4.283820083470126e-09)
(0.28009981554851504, -5.592887625873033e-09)
(0.21827288625287053, -2.0947468100590452e-08)
(0.509627671683681, -3.406134135358606e-06)
(0.5335369167062264, -1.1204168461831385e-08)
(0.716725789318122, -2.508268433069573e-07)
(0.4318154210797821, -4.3637809630742944e-08)
(0.6407797657980241, -2.3073632179371886e-09)
(0.6025796193464841, -1.8992303173374463e-09)
(0.9028489010423143, -4.519105212679271e-09)
(0.4790453400300029, -1.8584463923445665e-09)
(0.5567412191605289, -3.608010809517746e-08)
(0.5597041666931761, -4.2560514898471184e-07)
(0.25137646806386565, -1.7263404120177875e-08)
(0.16982711142352608, -1.4534636289256341e-06)
(0.3350784026958927, -4.28091854671539e-07)
(0.7928011171433229, -7.604597258822698e-09)
(0.870433805455167, -4.2216828449627574e-09)
(0.8927562192540742, -1.9801496933207727e-07)
(0.33653215539932135, -1.0812571126096353e-08)
(0.7968372094349561, -3.043076611687773e-09)
(0.7761627451757052, -3.5796680600965726e-07)
(0.37035722573743607, -8.962950320070009e-09)
(0.410990063154122, -1.5727917713760062e-08)
(0.9303635301160617, -1.5463955392913574e-09)
(0.9524085325518118, -3.01882908320842e-09)
(0.7546205469081074, -5.7294570175126035e-09)
(0.8002423106065071, -2.38344022423899e-09)
(0.5152989848678885, -4.5411706955350525e-09)
(0.3333385733860136, -1.230944512649799e-08)
(0.4706371388452628, -1.0276927654171227e-07)
(0.049352868607442424, -3.0342273564385304e-09)
(0.6518703762928536, -3.712995759864274e-08)
(0.6604162478034282, -1.6867246451715402e-08)
(0.5765602840388653, -2.413256543372666e-09)
(0.35280920635608337, -2.0793177582020615e-09)
(0.9574427431269237, -6.742980960690028e-09)
(0.8639185140054705, -1.9649736509137827e-09)
(0.4286825260484004, -7.963330765458129e-08)
(0.9236119866664666, -5.343602802860425e-08)
(0.4390411382964769, -5.659466209992273e-08)
(0.01637608767931879, -1.0572659957604337e-07)
(0.36993936289634366, -3.92532077171329e-09)
(0.8403912221066301, -1.0233406841619927e-08)
(0.021880369271217344, -9.358539926402145e-09)
(0.3486487876959752, -1.5719846985418646e-05)
(0.31575842402158577, -5.850481010432947e-09)
(0.4763292113399612, -1.6037028131094292e-08)
(0.7471129012069575, -6.581531155148101e-08)
(0.2830280916684242, -5.8023624605212826e-08)
(0.05183285957698137, -1.3430857837268535e-08)
(0.006050217661574052, -2.2894887627503337e-08)
(0.17379825426027878, -5.628280426814467e-09)
(0.8506769105433567, -6.568410470648554e-09)
(0.8431075258247265, -8.44915744695258e-09)
(0.44644669727490804, -3.231706900774291e-09)
(0.8738023576777518, -9.227886785733808e-08)
(0.7765002549849599, -7.03365090360351e-08)
(0.1140082793759243, -3.067444394179581e-09)
(0.030365851737497094, -2.86796268408223e-08)
(0.31921008707779974, -4.83115192590709e-08)
(0.29750689558462484, -9.405458198031209e-08)
(0.7798997471382159, -2.5074855011859303e-09)
(0.056296458551628153, -7.0957313126950835e-06)
(0.13388206710976333, -2.0416799025201032e-09)
(0.7242145250914988, -1.1675910347960472e-08)
(0.23423668687900154, -4.486221960104226e-09)
(0.5660837119309289, -2.932257232587602e-08)
(0.5458082584199936, -4.3711728224261205e-08)
(0.6352269458647479, -7.4950076764121e-08)
(0.7104788809548152, -1.9218692329162436e-08)
(0.8742876662280493, -4.209080939221404e-09)
(0.30088478312427996, -2.7905790514587605e-07)
(0.4648158544203627, -5.489349834210295e-09)
(0.18563507689422026, -3.4973673789500826e-09)
(0.32973246468857287, -1.3247931660612882e-07)
(0.8304439581493104, -1.1950972088485561e-08)
(0.018296488656604774, -1.2523610583840512e-09)
(0.855183899393837, -2.1161916486333144e-09)
(0.3897099007362542, -1.735526394605919e-08)
(0.09753407198927527, -1.6729148154313135e-08)
(0.3127715639502778, -1.421530579767703e-09)
(0.11626723608078109, -3.7052126433655746e-09)
(0.5559349313210846, -1.3737241232611656e-07)
(0.805575836597777, -4.904719504141912e-07)
(0.9375746605165519, -2.6970927108644374e-07)
(0.006965616376285616, -6.286097128723448e-09)
(0.3518839768536464, -4.740548072549962e-05)
(0.04350873124676759, -1.279821299773286e-09)
(0.031811914883128733, -6.714591832525503e-09)
(0.3982600627510076, -3.0990194124710623e-08)
(0.31609379633118867, -5.239427040352721e-08)
(0.8565120118598439, -3.680300821419843e-07)
(0.8417433837588842, -2.2194372774584075e-08)
(0.45902515879205985, -3.5134631222937825e-06)
(0.3528997429340697, -1.834397936912429e-09)
(0.011043558349899592, -5.577105860382407e-09)
(0.6137049277586947, -4.767087638446616e-08)
(0.01715867264096373, -9.107925192170025e-08)
(0.9772425276682477, -1.7356262108824192e-05)
(0.03382993822786626, -5.16710169322135e-09)
(0.8605428578832544, -2.925076676088237e-07)
(0.413333871460133, -1.9089675995420437e-08)
(0.37507082786652757, -1.5958590825734184e-08)
(0.6466720628004556, -1.7547386511427522e-06)
(0.976913620563874, -2.666145492071662e-09)
(0.13283736671631372, -3.6245803259541334e-09)
(0.49928903866066354, -1.1890831330254703e-08)
(0.6198697599948688, -1.5488542632993714e-08)
(0.43150288423838545, -3.4555472212455577e-07)
(0.8739719919211192, -1.671553117397164e-08)
(0.7326920130612562, -4.1295845747287394e-08)
(0.2340833956897378, -9.396030880190887e-09)
(0.7063435316824686, -0.00011010609632782227)
(0.2115878076202695, -2.5977842169783993e-09)
(0.9411098578098381, -9.784281234705061e-09)
(0.9449237102785188, -2.4159531300592506e-06)
(0.8174288684770069, -1.0516302399846413e-08)
(0.0324207774452869, -2.64799177091168e-09)
(0.6652188335933306, -6.311754117771029e-08)
(0.19531072948931696, -1.7716401923814744e-08)
(0.6734640188274958, -6.635599946897352e-07)
(0.14726755000051958, -2.8104052537994293e-09)
(0.785017640739556, -2.5069778679341825e-08)
(0.04406135788287569, -1.370368786942528e-09)
(0.9339909628825271, -9.756256702413009e-09)
(0.41139603336963854, -3.981006631649037e-09)
(0.051941344570840056, -2.641911554323355e-09)
(0.2193143597178747, -3.320889245333128e-09)
(0.6139809158816024, -4.3920983049504146e-07)
(0.10514045990722726, -2.0457377200473828e-09)
(0.6809883581105886, -1.4705806197363372e-07)
(0.169623190492501, -2.2515387502154967e-08)
(0.43245838987494867, -1.2012243059727997e-08)
(0.5096929173634046, -9.069471185602901e-09)
(0.2809760576960041, -7.874987587497688e-08)
(0.9399373430303258, -1.95638650258904e-08)
(0.99029477743466, -3.6712364518099046e-08)
(0.18001352964035183, -2.1854239825035875e-09)
(0.06847705951583617, -1.6513491668431027e-09)
(0.7205295596016755, -2.676717654940748e-08)
(0.5304444916974047, -3.6233425665864304e-09)
(0.08218515498995656, -5.974559174898768e-09)
(0.8517287854040122, -3.7906247312754586e-08)
(0.505398118483527, -1.5751576531474272e-08)
(0.9129799947275941, -3.0028324555665505e-08)
(0.22079571512342566, -1.4862280066943124e-09)
(0.05228357250169584, -1.185094222613529e-09)
(0.2902176491088705, -4.994721271830755e-09)
(0.659495773028354, -1.0076484305461847e-06)
(0.7168535915632992, -1.580968702025696e-09)
(0.6833285757151867, -1.0855697993947664e-08)
(0.5718305357207983, -4.028811436463861e-09)
(0.5413266735950701, -5.481459747590736e-09)
(0.5148673725107958, -4.516273074361227e-09)
(0.04164029826355773, -1.968033703298361e-08)
(0.028082455832929263, -3.784414663728249e-09)
(0.19218281924575742, -8.810941305288847e-09)
(0.7961369181392485, -6.67705168246864e-08)
(0.34930046724755975, -2.1575597686721693e-08)
(0.17539766254654857, -1.629520980343934e-09)
(0.3960851905132675, -9.851520928459087e-09)
(0.9780298021112838, -0.0003591884747411815)
(0.45821173712274704, -1.595792053347579e-09)
(0.6586507728853354, -1.2548099170168905e-08)
(0.812293991284429, -1.5009557053686169e-09)
(0.06570595792926635, -2.5626780397207013e-08)
(0.8663958134621713, -8.48206150303144e-09)
(0.0008287161983606291, -6.910194255020809e-07)
(0.29034573576552164, -1.5379553537337346e-09)
(0.575904773240993, -2.7820169091015895e-08)
(0.9179729782485138, -2.902845741081854e-09)
(0.19715381038348784, -4.6416845349567725e-09)
(0.04154826505255592, -4.71183144490253e-06)
(0.6737134259518353, -3.95073862480364e-09)
(0.9603391086859796, -6.52875271826422e-08)
(0.5301456211528558, -2.792134424997286e-06)
(0.9020409273852682, -6.730013645064131e-09)
(0.6739529889577716, -9.423459569517616e-09)
(0.8818143540388004, -1.0345094194929124e-06)
(0.07964061947415688, -5.659571279978357e-09)
(0.4738359407879879, -2.3290577084155907e-09)
(0.6396428963564693, -5.8767873873336394e-08)
(0.22357248407571056, -6.409226861158915e-09)
(0.7420101014736672, -9.554234059122148e-09)
(0.9995124854093618, -3.2162043420260003e-09)
(0.5758129009000403, -2.180400148307749e-08)
(0.9652159733794101, -1.1096251289946023e-08)
(0.05520887024396784, -2.2520450639937902e-08)
(0.4431587928776578, -1.990745559942566e-09)
(0.024418643105086395, -1.237082518572396e-08)
(0.4589362135316073, -3.8049512229973386e-08)
(0.5401994953060756, -4.987167610770483e-09)
(0.6793030667048884, -1.3807604272835493e-08)
(0.773451197349452, -2.5064503863865587e-09)
(0.8390421070533178, -1.255251492750631e-09)
(0.865467472553855, -0.0006302338632759734)
(0.6367913472103088, -3.8506219160604694e-08)
(0.4297210927966804, -5.184697830245763e-08)
(0.4364283216778695, -4.2518623878534505e-09)
(0.7262043333806057, -1.7829722062541282e-08)
(0.926022448872089, -1.452989571183188e-09)
(0.30506765783563655, -2.7868813736109543e-09)
(0.3651972437791926, -1.2943449727870163e-08)
(0.8841656140963091, -5.647726056118436e-09)
(0.5535686635981978, -1.723080031910723e-08)
(0.5060167895766963, -9.45502894653257e-09)
(0.574801375571554, -2.8591208736999763e-09)
(0.7610525076526048, -1.2166995622664914e-06)
(0.3540590322094807, -9.797607637265605e-09)
(0.08681732064936018, -5.647895403569228e-09)
(0.7461124051889015, -1.2756604593776006e-08)
(0.7658416992520306, -3.6520857957804816e-09)
(0.2777400010450453, -1.1367015564282028e-07)
(0.13992115230761973, -1.7492209460592154e-08)
(0.7407286131072132, -6.112877298916994e-09)
(0.09848013295306908, -2.8065397987617574e-09)
(0.11227492295583771, -2.5785619536339997e-07)
(0.5491802906336591, -6.9878942978901035e-09)
(0.45134918174194344, -1.8257320645169349e-09)
(0.9484166728248713, -2.8912158010245494e-09)
(0.5433347872839726, -5.652729619202508e-09)
(0.8751455506502699, -1.2346797748020842e-08)
(0.4352959547923957, -5.876528286345281e-06)
(0.019246423194355287, -1.415061434700019e-09)
(0.994316347578376, -1.9040469512247073e-06)
(0.5760130124356353, -2.041526477144323e-08)
(0.7942757108524475, -1.1383989381108958e-07)
(0.6698746467225547, -3.835972468811684e-09)
(0.4213563446625492, -4.718727004968453e-09)
(0.736018897011873, -1.4176565404004208e-08)
(0.8687212260651109, -3.1889004913470234e-09)
(0.48822081465556905, -4.2893985181396737e-08)
(0.5983231554777225, -5.8698739776252915e-09)
(0.8744913552161859, -4.484866297031347e-09)
(0.5570911938885995, -6.921927358096588e-05)
(0.8496385628177759, -0.005824799990476928)
(0.27362901523944433, -7.85942106386874e-09)
(0.3412241590646881, -1.0880576343165254e-07)
(0.30352173058673754, -2.4790260497820873e-08)
(0.18322204726132751, -1.7984700382641605e-07)
(0.31301452470916963, -1.9023769698247268e-09)
(0.3264019435656326, -8.032933998937829e-08)
(0.1072496605532776, -2.3202392110240366e-09)
(0.45843022828577334, -4.4348024751041205e-09)
(0.5769865423154703, -9.513026682551572e-09)
(0.8147414217800386, -3.625595859236625e-09)
(0.46071281976865947, -7.071917249608707e-09)
(0.8832816403517688, -1.0537737081091055e-08)
(0.5566553058466736, -6.233234345905024e-09)
(0.9296074525175023, -7.930860829189002e-09)
(0.15136683862468692, -5.694519475782056e-05)
(0.1000295021715549, -4.129745931272257e-08)
(0.8930950887582455, -4.37536970709166e-08)
(0.9305793008067824, -2.084739424638623e-08)
(0.5615209419889912, -5.674269040815295e-09)
(0.7458838326544381, -2.9452150572077503e-09)
(0.6347162118813601, -2.4510752677507325e-09)
(0.6875219894750281, -3.6716957421195385e-08)
(0.5418186130177548, -4.090760880397885e-09)
(0.7239010099543112, -2.699105515384668e-09)
(0.8314647902776899, -3.820482991477968e-08)
(0.027812045694479516, -4.5038658863779e-08)
(0.4884110034704875, -3.206600711466481e-09)
(0.8205363834114964, -3.540191065572804e-09)
(0.03099015624259604, -2.261618161095904e-08)
(0.4920968778744987, -6.633947567332382e-09)
(0.21890477021163282, -2.097239297899314e-09)
(0.6643332342480999, -9.370364831578693e-08)
(0.903129913710963, -1.5387284575710183e-07)
(0.6598449695671296, -4.010256397770238e-09)
(0.1367237816036163, -3.32520160573904e-09)
(0.9528846272862554, -1.0556676796921605e-08)
(0.5315779652241128, -3.645936662057958e-08)
(0.42079409223751724, -3.485865481427593e-07)
(0.972041919040599, -3.1267854274476095e-08)
(0.0775720489765233, -1.1906712310431971e-08)
(0.2882975044078514, -2.655031488464065e-08)
(0.1902949731393994, -1.7936497161683758e-09)
(0.6297823477972959, -1.0682082716844227e-08)
(0.9366754698322799, -1.5684107002271743e-08)
(0.46776786105485674, -5.8448622553620603e-08)
(0.23741896962317025, -1.2076684449358516e-07)
(0.9672420732683228, -9.606493308122361e-09)
(0.11576125592284608, -1.3699274682792182e-09)
(0.10395673071760243, -9.730444507511352e-09)
(0.9828732063364025, -3.624622597993039e-09)
(0.9871274253414837, -1.4124831768861944e-09)
(0.06284024930494017, -1.0147320265248376e-06)
(0.12497951439424822, -1.2729009676741677e-09)
(0.330889820550316, -7.855845301831047e-09)
(0.875600430555647, -1.3513878188043302e-07)
(0.8805248289352983, -1.7322586278148606e-08)
(0.5526850061631889, -1.2602435479140931e-08)
(0.6932036034643583, -1.4749136095434953e-08)
(0.7920409924705344, -1.0160583004075447e-07)
(0.8460675012796839, -1.6568820109336318e-09)
(0.8711101753513092, -2.7544477760565943e-08)
(0.532121783071592, -1.650691518126749e-09)
(0.8725667085474001, -6.026090984806772e-09)
(0.9412554239180313, -1.953138156835008e-08)
(0.3285256052039447, -2.6918944348066157e-08)
(0.5490533871677297, -3.498744892838918e-09)
(0.6517096111981312, -3.7149637140382655e-09)
(0.05143976730397023, -2.841854253146113e-09)
(0.017089706818840603, -6.817351018689059e-08)
(0.7610214496866597, -1.7979137435652398e-09)
(0.39652380922580227, -8.91234192351142e-09)
(0.7607130310147057, -4.375148741265529e-08)
(0.08891141614642137, -1.217394500491688e-07)
(0.7146366398719912, -3.932021299323269e-09)
(0.8512364975143005, -3.215834342749059e-09)
(0.6815300815374339, -1.036757041308137e-07)
(0.9433391016178786, -4.540851430492933e-09)
(0.07942833621972875, -7.074136454499033e-07)
(0.631684342391599, -4.897457095326924e-08)
(0.9470517893324899, -2.514114314247814e-09)
(0.6990565060055453, -5.566840026226516e-09)
(0.7778423475037596, -1.0518127668459292e-08)
(0.28732325799675457, -2.3121374454352513e-07)
(0.8361725947530413, -4.499323214287558e-09)
(0.5917143536410263, -8.582789618687398e-08)
(0.8821814211200312, -1.316333962771938e-09)
(0.6761553514551113, -3.4289520338141846e-07)
(0.18291065100608275, -3.6600696783297358e-09)
(0.10379465548349218, -8.08173694160795e-08)
(0.7854219839967568, -1.0881952456482472e-07)
(0.8399552223180408, -1.5574307764601846e-09)
(0.3402514430063049, -2.8521309855788687e-09)
(0.033993801417679284, -3.100592117772375e-09)
(0.3675274534700072, -2.7913683382739817e-08)
(0.8233961068962609, -7.765775098376386e-07)
(0.06642006969541267, -2.237568147479122e-09)
(0.8516130288812954, -3.5233066212687968e-09)
(0.7910060173323511, -1.6681275963883527e-07)
(0.989302720488769, -1.2481849838161122e-07)
(0.8136711115328767, -1.9160111981672325e-07)
(0.6448026391030868, -8.325276165739354e-09)
(0.778702395869193, -1.7033069994756135e-08)
(0.6220526064102053, -1.8656150167697224e-08)
(0.7354763896313131, -7.084055202064465e-08)
(0.2467022614380066, -2.797342690975269e-09)
(0.49960203081584825, -7.111353604581349e-08)
(0.2548640078720776, -1.2735462118031346e-07)
(0.36605184480177566, -3.0476524396473986e-09)
(0.2456019408398564, -5.05663114390666e-06)
(0.6260493573065539, -2.2893702357986942e-07)
(0.46138685327734813, -5.761824235993996e-08)
(0.44652235786698874, -8.51945537615393e-08)
(0.4306547878292379, -1.0892498206665761e-06)
(0.2112662860717278, -7.739253457433521e-09)
(0.0444973306643334, -1.416406817576811e-06)
(0.4978676670925096, -2.6401750757063302e-06)
(0.1626832880408712, -6.281592020628736e-09)
(0.5175357765471187, -5.501096460619523e-09)
(0.4676258730970487, -1.6584603163198836e-08)
(0.9315753042741189, -2.3576072397396047e-08)
(0.4958998407403121, -1.8078211094780528e-09)
(0.6743085332013259, -2.241488176316333e-08)
(0.5481560072304357, -8.23983616858275e-09)
(0.8814365858528299, -2.40542276141925e-07)
(0.6832838439029917, -7.077179323159649e-08)
(0.09234561278980291, -3.685859327136023e-08)
(0.9873955086634641, -6.957471286268127e-09)
(0.487813796511302, -9.587189490813475e-09)
(0.18098898311350073, -5.9562836283914425e-09)
(0.028951530808358533, -4.099449057907219e-08)
(0.18152575762122683, -1.1335500342724308e-08)
(0.2788588615624499, -7.899178988357947e-09)
(0.3767700613512294, -1.165099677449434e-07)
(0.21090726587451752, -2.2737581796663033e-09)
(0.2315967625463382, -2.1596141481170647e-08)
(0.8526339113904572, -1.3643166982293499e-09)
(0.1593944513700282, -3.4265774795853703e-09)
(0.01639260109086002, -2.6410164148959243e-08)
(0.1779934812648719, -5.29207280980185e-09)
(0.8443629616177039, -8.326777818079701e-09)
(0.13152676452944892, -2.5023392968136867e-09)
(0.5612654234304366, -9.926067759561607e-09)
(0.9624085457167388, -1.552832844390331e-09)
(0.6559612202924302, -3.668036935807662e-07)
(0.5129818276856746, -2.1645309379562494e-08)
(0.06448278797738274, -7.251854990094059e-08)
(0.4157492555242535, -5.331097505122434e-08)
(0.6685201712065006, -1.3203301025653631e-08)
(0.803586041364791, -4.604181300238002e-09)
(0.2846894388146372, -1.0933096185882917e-07)
(0.6807857733245947, -3.2528287215666734e-09)
(0.8543034475196153, -3.885221990653018e-09)
(0.4922865551047991, -6.051664409374617e-08)
(0.6712768788135461, -1.5027582846223126e-09)
(0.3091812132953539, -2.11575985509508e-09)
(0.6601298378381589, -1.755641781666382e-07)
(0.36620649305930536, -1.3657779527035305e-08)
(0.16630075863006705, -5.077326952071222e-08)
(0.04339799746238309, -2.8239915976718614e-08)
(0.47571860770756197, -1.3465980432397326e-08)
(0.6704375224037622, -3.226274276701707e-09)
(0.19262190902880982, -9.016604751927211e-09)
(0.029727598419500588, -1.3817838803432343e-09)
(0.4604544839262731, -5.614940602568398e-09)
(0.1373777973780608, -2.8733628317259286e-07)
(0.32170463728774257, -7.399803185732414e-09)
(0.3585384324647778, -8.028066901849277e-09)
(0.5572272415577072, -1.698749640824196e-09)
(0.631744227661593, -2.2907121679395983e-09)
(0.8838172610816353, -1.4439062375218792e-09)
(0.9609569482912628, -1.0115191617285289e-07)
(0.47839010638495105, -7.154074081915518e-09)
(0.947772151541598, -4.338093768209579e-09)
(0.8099111193414978, -2.4615818490397932e-08)
(0.02273898261773297, -6.5963236045424215e-09)
(0.8904497813528615, -1.261064766231803e-07)
(0.23833592106834886, -2.4065768116286017e-08)
(0.12545160067113525, -2.4474695824543823e-08)
(0.7639830064625713, -1.4155209566035308e-08)
(0.7900736926202208, -2.8805141515642954e-09)
(0.526297969430143, -8.879506558937441e-09)
(0.3503466606853882, -1.73274627628006e-08)
(0.3465233910079015, -3.379588397437374e-08)
(0.6090270390032033, -1.1428177379731388e-08)
(0.6321139557764782, -8.404554836908635e-09)
(0.9909352439077006, -7.330852962568056e-09)
(0.3566964841281168, -3.2100297007520086e-08)
(0.347641718668336, -6.368630309225393e-09)
(0.755470173079359, -5.4645320112415245e-09)
(0.35680340276288264, -1.4984403582085276e-09)
(0.2351683213124237, -6.989341392940865e-08)
(0.42522000957448713, -3.212358815609028e-09)
(0.8935733716982003, -1.8794576573750285e-08)
(0.5852175420793995, -1.6473321436443544e-08)
(0.1602401351982582, -2.78332148405492e-09)
(0.43420698214671904, -9.642237910498965e-08)
(0.6684349149735372, -5.521940171910004e-09)
(0.4350671937883538, -2.593650538720057e-08)
(0.8474982836831355, -8.821388090317809e-07)
(0.26864522510090183, -1.9558933357597398e-09)
(0.9257280838939296, -1.6191218178425266e-09)
(0.40186304175260307, -9.808570553699205e-09)
(0.249044436337798, -2.7323863835246994e-06)
(0.7426761069786033, -1.1660599958937294e-06)
(0.6919123447767607, -9.171208024414997e-09)
(0.6746505853475553, -1.0755465687025469e-05)
(0.5967333186477445, -8.070277591107029e-09)
(0.09018363561631614, -3.1440517415096634e-08)
(0.11342990686645187, -2.068368964887664e-09)
(0.7571314296290952, -2.860558456916851e-09)
(0.7316782381117525, -4.2659193812669936e-08)
(0.6341847469721965, -2.7186074000778236e-07)
(0.8476996759674168, -1.3409749704749142e-09)
(0.17647380997778606, -7.991079524442771e-09)
(0.3986726109343714, -5.462326344239674e-09)
(0.9185846140570708, -2.2599184250588685e-09)
(0.16207121510439168, -3.823852104095168e-09)
(0.41404798358221817, -1.1083172633296416e-08)
(0.05795825876834427, -3.864231685446628e-09)
(0.3203435111926014, -2.1142474167589305e-09)
(0.9074940070060025, -3.5379459422119482e-09)
(0.741446028651089, -5.347737998984724e-08)
(0.6267297460123654, -2.303115871035161e-09)
(0.807446636091963, -2.302415284090252e-09)
(0.6222083785078897, -1.2063168158852631e-08)
(0.8758520185042237, -1.2167347483890134e-08)
(0.8419369399723454, -1.0369974685162414e-08)
(0.47446246470644926, -3.3327861098607978e-09)
(0.5415207885928626, -6.482768977822649e-08)
(0.16219409009704533, -1.0421047999881387e-08)
(0.20108466321752994, -2.5574218035450874e-08)
(0.8898982774413606, -2.1821703561061925e-08)
(0.7260457753258204, -1.4558433429523277e-08)
(0.467416090697943, -4.959788428781528e-09)
(0.2439573414739241, -1.0049872020640707e-08)
(0.6296366689694555, -5.3677237371500436e-08)
(0.9111863816492245, -6.394733842210536e-08)
(0.30848931660698253, -8.402944624725289e-09)
(0.507530231272941, -6.587246039206367e-09)
(0.5887681178312041, -8.067843207743292e-09)
(0.8196595714543496, -2.9416985099116175e-09)
(0.12545687880412215, -1.376286139343522e-07)
(0.07495370036580212, -1.7198007933505937e-08)
(0.2849375945384309, -1.7739123019255818e-06)
(0.32167875662844914, -2.62858215035615e-08)
(0.4371053343549924, -4.83787023659813e-08)
(0.13335668097555195, -1.314282452811242e-09)
(0.5357265572295574, -1.9271876534302694e-08)
(0.3508365167200968, -4.766744429577657e-07)
(0.4694948102498697, -1.9256081152437022e-08)
(0.5798602400485275, -1.991687201474152e-09)
(0.773896779779787, -4.66773757101577e-08)
(0.024322687660471777, -2.0205273208066138e-08)
(0.7391462243639383, -2.312540265999293e-09)
(0.9903293118842127, -2.208387880436877e-08)
(0.5877285489328478, -3.0983166844078546e-09)
(0.5806537106103541, -2.277379239913134e-09)
(0.8784936434203268, -2.7813966068354662e-09)
(0.43834907172477605, -2.152850169452208e-07)
(0.19076621522397952, -5.235605703895436e-09)
(0.21310638740705484, -1.4176338405093472e-09)
(0.11206891081566019, -8.587807562358415e-09)
(0.9605816350318417, -1.2542192726846027e-08)
(0.7909878838358042, -8.679982785346069e-09)
(0.31021508174134815, -2.0408054839115287e-08)
(0.4340920913639305, -4.348832659919935e-09)
(0.5394188553088484, -3.2104731365119426e-09)
(0.5938902810322315, -6.1218054949922e-08)
(0.7115898567968332, -4.9961849322500525e-08)
(0.7189171512751554, -3.610879245388999e-09)
(0.21092590068058248, -1.7043365373417157e-09)
(0.4747842178249278, -4.523010715615573e-08)
(0.7911830069392867, -9.046307470924998e-09)
(0.4761472606416669, -4.895170968009148e-08)
(0.4587637883814613, -2.9013308316716996e-08)
(0.3817365563379361, -3.6584925465681362e-09)
(0.9760154974928069, -5.112827523007946e-06)
(0.20803343453181145, -1.0484483558797799e-07)
(0.9716995750572112, -1.4091424721345969e-09)
(0.09138354116572459, -1.1768198350009931e-05)
(0.5482525059846112, -8.09093384527846e-09)
(0.3273727132104972, -2.2197369992448882e-09)
(0.9846494508007321, -2.4894636875932844e-09)
(0.30730264143162606, -5.213518047883391e-07)
(0.18546616255184514, -2.9599227002946333e-09)
(0.12657696829743845, -1.7877848120544135e-08)
(0.3488983528006002, -1.762208300678408e-09)
(0.6748145796270373, -2.991712510277199e-07)
(0.020445970785963555, -1.1740258336811752e-08)
(0.08130133310094376, -5.626132460281156e-06)
(0.4094321018257459, -2.190943768548155e-08)
(0.16672655120894594, -5.0176523276097295e-08)
(0.6604496804097045, -0.001877599084343761)
(0.34119164771054145, -1.0797747337105241e-07)
(0.7812729061992887, -8.599506301922419e-05)
(0.9733756252120607, -1.5717074944458676e-09)
(0.13118157772352837, -2.6517420846970443e-06)
(0.8312219427576002, -1.323955240149116e-09)
(0.07447693755843507, -9.438466848373993e-08)
(0.9600038003355109, -1.615302236544605e-09)
(0.5507115435802528, -2.949223711015129e-07)
(0.6770882797172967, -3.7208432768052112e-09)
(0.10048740363787378, -3.4938950079130837e-09)
(0.21989051408604632, -6.4203068566606535e-09)
(0.4620243560835166, -1.0294620764899307e-07)
(0.226334633577429, -2.9469734953901134e-09)
(0.7816470336691357, -1.4779784165931636e-08)
(0.5060382011309639, -1.2014947026756565e-08)
(0.7959747330974544, -1.893351242081563e-09)
(0.08113122558107647, -5.074012696587723e-08)
(0.7636498788756421, -0.0015029314364261956)
(0.5526957142342035, -8.163850301631681e-09)
(0.6403350367425581, -3.784784484973165e-08)
(0.9583761420875228, -1.3030775592046329e-09)
(0.755918426334686, -3.5075431927008175e-06)
(0.5782408224983068, -4.9194876876489486e-09)
(0.2647008786426778, -4.1568714809114844e-08)
(0.18910901413492923, -2.4340192450085555e-08)
(0.8100604410427659, -1.3874095073560617e-08)
(0.03390577984025336, -5.789553120234174e-08)
(0.08836307977574177, -8.76848479461137e-09)
(0.22486310683776692, -7.739937329729904e-08)
(0.3962877148268036, -3.611667874415641e-09)
(0.45406054519852623, -1.7565983234966478e-09)
(0.5397824259245081, -1.89733686595865e-09)
(0.11218989029200854, -3.2103779231951734e-09)
(0.7466175948276144, -1.6992373000922408e-09)
(0.8287008956076356, -2.3189084590315586e-07)
(0.6436302200022459, -1.5000705011630805e-07)
(0.3108739321761879, -1.61903271126439e-08)
(0.4176475924433951, -3.518606550671502e-09)
(0.46949576007103877, -4.1367095820877944e-09)
(0.37833496754634915, -3.8193557202692045e-08)
(0.15716342692256793, -3.1691158882083367e-09)
(0.8181265064566094, -7.525778955191911e-08)
(0.3880223235654441, -4.0370937359375285e-07)
(0.36110433055846647, -2.160634410119965e-08)
(0.574546374729541, -2.0410980918749232e-08)
(0.8224673645950475, -7.112874404364176e-08)
(0.31576426942623775, -8.884994407804224e-09)
(0.17508883410303705, -1.8186700349290624e-09)
(0.04876916152140674, -3.0362048363060624e-09)
(0.33131474100468306, -1.604716042220488e-08)
(0.4058968747447536, -4.8059812415422314e-08)
(0.06417936952910422, -2.7592070631213076e-07)
(0.258121167225565, -1.3305474726023621e-09)
(0.8300049344217695, -3.0426212512713038e-09)
(0.3911291706771365, -3.0391650335072995e-09)
(0.7424265845662877, -1.3652473935347113e-07)
(0.6733859122953513, -5.9282851885873446e-09)
(0.2951392129647358, -3.1997893300786267e-09)
(0.2833441987464553, -3.2156941376038293e-09)
(0.5819282539244776, -2.1247716405099712e-08)
(0.3752217405267671, -1.0702103475030364e-07)
(0.48979259433871614, -6.468493819995504e-08)
(0.47362659713813526, -1.3421677618895559e-08)
(0.9928458082334156, -4.844774383100459e-09)
(0.12798138468806308, -5.4000551986532425e-08)
(0.44855593938819954, -2.0551880008843773e-09)
(0.7361300724948606, -1.1545296289986346e-05)
(0.7541496910061604, -2.7644201953100897e-09)
(0.5197418981669866, -3.096453323969774e-07)
(0.23112446411406543, -8.708130052197028e-09)
(0.5196159939825961, -5.632492010040964e-07)
(0.9530778839053762, -8.083747617787044e-09)
(0.442145011533938, -0.00022076048181267973)
(0.8413539795521715, -5.6278138623703976e-08)
(0.2164634060785058, -3.992399665887374e-09)
(0.23455102427829552, -1.071334484509102e-06)
(0.6669273319825436, -2.0651550460603077e-08)
(0.888478239289622, -3.810965991773118e-09)
(0.26694434983728216, -4.483431640231629e-08)
(0.39662688802834767, -2.413227966918919e-07)
(0.5706346144225172, -7.823743525059995e-09)
(0.6638592316837765, -1.3634674431612917e-08)
(0.7319970785667305, -5.965575645212802e-08)
(0.1933297875559795, -8.525318223182881e-07)
(0.16432939498202068, -3.7783926341799406e-07)
(0.5326852882100831, -3.377541766158125e-09)
(0.9760904501952128, -5.052446159432893e-09)
(0.38676136866234484, -1.655871878630626e-08)
(0.8982581591136222, -1.1147029763980289e-05)
(0.11211654987050687, -5.322154280372869e-09)
(0.35334915458184724, -2.488647941404404e-05)
(0.8717332852334964, -4.116396571609279e-09)
(0.017697173176205276, -1.0620646970966825e-09)
(0.4884103946983985, -2.031957650576204e-09)
(0.8728770959738692, -1.9232336352938047e-08)
(0.6662109353839548, -1.0660982349754923e-08)
(0.06898821021529274, -5.887924759139143e-09)
(0.8356834400884549, -2.299818633950753e-09)
(0.5834648999142624, -2.8019168833315476e-09)
(0.5532922287774092, -1.828860889091938e-08)
(0.6023051205235652, -5.0119530905904314e-06)
(0.09882878880520017, -1.668236662677471e-09)
(0.40505243860051005, -7.52535703941934e-08)
(0.4547683500789532, -2.4846954592547962e-06)
(0.6275420848451592, -2.6984548839366648e-09)
(0.039893889916947346, -2.237740741944815e-08)
(0.8832767670561894, -2.6403478417696807e-09)
(0.9575706104215405, -9.266192888820816e-09)
(0.8756218301672266, -0.09360537001291198)
(0.6847057215317923, -7.440924838235416e-09)
(0.5684979188086986, -1.3246303891003355e-08)
(0.8572293356773724, -8.050822203153174e-09)
(0.8976905678143632, -2.2622331492201405e-08)
(0.643956930032627, -1.3327074038349216e-08)
(0.3080019616422087, -1.8829861579007134e-09)
(0.35153840780388135, -1.1559554515009564e-08)
(0.6144790817016469, -7.1288574461529e-08)
(0.5597278536508714, -2.712227004913828e-08)
(0.058674090166232915, -7.718153363259676e-09)
(0.5915412262753358, -1.670498772054946e-09)
(0.5637579812645502, -4.413758166723904e-09)
(0.39525816936301017, -6.998660209804179e-09)
(0.290716338160529, -4.327837283824234e-09)
(0.9406049660766737, -3.142777561654299e-07)
(0.6500176978447736, -2.278779212748005e-09)
(0.8520840380823942, -2.7708031568570895e-08)
(0.2999102785148088, -2.0703407075936653e-08)
(0.31912407547204835, -4.069394980293804e-09)
(0.8858274302510725, -2.2889779042911374e-09)
(0.0005893703124880649, -1.1158325234077537e-09)
(0.5822861705840143, -2.5830604450783934e-08)
(0.08222094482774978, -4.794620712164575e-08)
(0.09617869869190886, -6.943465847789129e-09)
(0.4939457713322919, -1.9432222505202924e-08)
(0.5847910209350183, -1.1158208663685923e-08)
(0.8569015159754984, -3.774796700603175e-08)
(0.06928234941543022, -7.951348967313968e-09)
(0.9082245923942922, -5.533939231673227e-07)
(0.12853353438918383, -6.314207922311343e-08)
(0.6593302654772544, -2.9765961511898337e-08)
(0.5873560199815594, -5.090294758791373e-09)
(0.19519637707545864, -6.739844545970028e-09)
(0.5457643731084225, -2.713420427062023e-07)
(0.08095794296626613, -8.311999669879378e-09)
(0.07902439903104468, -5.132630041008435e-07)
(0.5935671515273987, -6.0606720702498605e-09)
(0.5903398005672055, -1.1751556452268296e-08)
(0.6791447469806549, -8.357388655696193e-09)
(0.9827602079832757, -4.566830170259511e-09)
(0.4508166761856709, -2.703861437180752e-08)
(0.9802718563679732, -9.960518193416258e-05)
(0.3366865781998714, -4.650761217174728e-08)
(0.8078246501301195, -2.8206185415234772e-08)
(0.43265747717426345, -1.8345106773787282e-09)
(0.480856027245593, -1.7961466188994938e-09)
(0.4261426050022072, -2.7635003645791663e-08)
(0.6944836057305733, -1.735010587826575e-08)
(0.12822367735536985, -1.1863083097833959e-09)
(0.5087774948300166, -2.3049429891191726e-09)
(0.1808639594799497, -1.515726608611302e-08)
(0.5772816962059613, -2.0987289737999813e-09)
(0.48667957286665703, -9.176613587149558e-09)
(0.680130867138357, -5.343967044894305e-08)
(0.3080595113671405, -1.275059333799447e-07)
(0.9592164426193304, -1.7463994655828322e-09)
(0.09393363428954256, -1.6515141794060385e-08)
(0.6240996479692326, -6.324642550404608e-06)
(0.6535657740584195, -3.53045946835014e-08)
(0.11580600583080364, -1.558130060408882e-08)
(0.335648966909233, -2.38858853003982e-09)
(0.12354424303763437, -2.1097703757729396e-08)
(0.7779471122997043, -3.830514931337318e-08)
(0.5530444596473149, -2.3818918101435985e-09)
(0.4987608166159767, -1.4761299497044062e-08)
(0.6042461562314292, -1.870084135435349e-07)
(0.8996372560995023, -7.531244055283663e-09)
(0.13049890806513875, -3.2401345569847977e-09)
(0.6826783885447565, -9.536192342389228e-09)
(0.362981829025393, -1.6925446030782277e-08)
(0.451963984567189, -2.3554702262219536e-08)
(0.3572546660666761, -4.875201192522931e-08)
(0.7307861301213376, -2.2779967728825143e-07)
(0.2626947061716096, -3.070650840940792e-08)
(0.2601001219802275, -4.497225710056933e-09)
(0.671854253157764, -6.139094527890594e-09)
(0.29211236779985644, -8.194410622051721e-09)
(0.34959526620805953, -2.5801934251136885e-07)
(0.7767875623190489, -6.445176312924814e-09)
(0.6139919943149639, -2.791767798210709e-08)
(0.7004265508679678, -3.3500073955804386e-09)
(0.13256439884492258, -4.567562346151747e-06)
(0.11233085599239241, -3.217428880546288e-08)
(0.2388568997139673, -6.467271619810279e-09)
(0.8691197543693872, -4.190896379407394e-08)
(0.4184203317396981, -6.214131981185149e-09)
(0.5867273167344073, -1.9152395055975823e-08)
(0.3661675961658834, -3.126467077928146e-09)
(0.3554773225918372, -1.796550734165023e-08)
(0.902674144720238, -1.931010032856063e-09)
(0.8190219375665256, -3.4139380122638642e-09)
(0.055724029038285196, -2.74080799118817e-09)
(0.592615841491104, -4.30759013397064e-09)
(0.5711741454586587, -4.557803843204173e-09)
(0.8909324334092367, -2.199556770132683e-09)
(0.9438820728975074, -2.368913365078068e-09)
(0.04021297753918053, -3.5770348114969364e-08)
(0.19705997677363968, -8.892863043621695e-07)
(0.7835568119164131, -2.9703781499022674e-09)
(0.5037424900762609, -1.0917122563361839e-07)
(0.6056008767208462, -1.019447690863897e-08)
(0.5631507583458644, -7.566328023105157e-07)
(0.530962133473327, -5.048622100145408e-07)
(0.5865117425071548, -3.8260890075142055e-09)
(0.5758664800580152, -3.2154333636209605e-08)
(0.5157038417039581, -1.8889439094232125e-09)
(0.534930170154183, -1.1748119437610947e-08)
(0.7566228526288594, -3.0306015007331846e-08)
(0.1890544252604211, -5.222995109206994e-07)
(0.9002943726119513, -3.9553695793107485e-08)
(0.6909139459802174, -1.6390208043037175e-08)
(0.21946103057159347, -7.350484541075786e-09)
(0.8416114039264219, -4.290827787496664e-09)
(0.10617439003084651, -8.642141943748252e-09)
(0.07374211003249505, -5.4617526202414645e-09)
(0.7037085593126587, -2.157879721562567e-09)
(0.37707913221876577, -5.595129954011002e-07)
(0.03744143614241633, -3.844626983322657e-09)
(0.3110234885519799, -3.244315920487401e-08)
(0.23428046263519217, -8.104052375540894e-09)
(0.6353596975062675, -4.474456981696126e-08)
(0.2083791781285897, -4.54776440095911e-09)
(0.07680321760298914, -7.495909830633331e-09)
(0.27194606097527896, -5.296426461873094e-09)
(0.6974988899780715, -7.958902879877021e-09)
(0.09824129366545357, -9.97461621790695e-09)
(0.9453304287585819, -4.1041437410884685e-08)
(0.452863781581246, -8.512358335088294e-09)
(0.6141911891211427, -1.7206420597323797e-08)
(0.16641373352979705, -5.775650972491432e-09)
(0.5073989806248201, -2.277721927182072e-09)
(0.16111207615029174, -1.1865920542410292e-08)
(0.5926572608842985, -8.660278842314233e-09)
(0.31134806548242133, -4.763976946225133e-07)
(0.05801362861166587, -8.994621899623478e-08)
(0.3916523173270108, -2.5446614704628524e-06)
(0.8956777981260381, -1.0225293752053917e-07)
(0.03448933539097875, -7.772582445762027e-09)
(0.703462145518004, -2.721254810376979e-08)
(0.15557057291580964, -1.005496012628576e-08)
(0.5145936824894577, -1.8644582852799056e-09)
(0.31971582787619945, -3.2323653048705785e-07)
(0.16949523398176153, -3.111424631925989e-08)
(0.2374791278377046, -5.43040779163786e-09)
(0.6271437756238523, -4.4234615593114696e-08)
(0.13101647768825783, -1.635986044607958e-07)
(0.49889212977181263, -9.685746115601382e-09)
(0.9957155435360046, -1.0984084071831337e-09)
(0.39491188538462596, -3.0789487915045086e-09)
(0.39927979173215444, -1.8251013555026783e-08)
(0.30529716360024134, -1.3010825145370772e-07)
(0.6409660810142861, -1.919089921890563e-09)
(0.8272714264202989, -6.64393380560704e-09)
(0.11584518415990686, -2.202923745696605e-08)
(0.6735667839080084, -3.456518825532015e-07)
(0.22103858146696576, -7.376254258312653e-08)
(0.5838524646694752, -2.977652229618043e-09)
(0.059788582531323575, -1.7024225608872808e-07)
(0.9961610986400956, -1.3150803505842102e-08)
(0.22221945160573076, -2.213637943951814e-09)
(0.7681646521680975, -2.374069906288012e-08)
(0.07947199562479634, -2.691870737399813e-09)
(0.2952101991826917, -1.4748509095764009e-09)
(0.9327155007202934, -1.7234533893005633e-08)
(0.7108265774156542, -1.1692646362388335e-08)
(0.9988413506871741, -6.148943909211111e-07)
(0.2915977561457444, -1.5791635873293833e-08)
(0.7465694435869873, -1.3350863062482496e-09)
(0.18567571643509734, -3.2742700362179866e-09)
(0.6712556382892686, -4.905216908341276e-09)
(0.12316326994969824, -8.324658074756706e-09)
(0.8886493383382039, -1.7907930395618403e-08)
(0.48886031191202955, -2.6574040297499246e-08)
(0.4491153016388085, -1.697331711304859e-09)
(0.25593801102633823, -9.70645254818708e-07)
(0.24815600669163257, -1.371874168339172e-08)
(0.8831397853050263, -7.346975663401178e-07)
(0.15849772535397252, -6.640922624949891e-07)
(0.32600712090657025, -7.945697571112749e-08)
(0.667516850287269, -3.3005505165097647e-09)
(0.6098923735231475, -2.8501388571548417e-09)
(0.7674203815545121, -1.428571906124272e-08)
(0.06850974932629687, -5.711694085200884e-06)
(0.9900672545516966, -1.0456048850002614e-07)
(0.26116591769207664, -6.8856865843106e-08)
(0.4884095180894941, -1.6412553211665652e-07)
(0.5020087920753461, -4.793555501807079e-09)
(0.4315066311426014, -3.0235806536707714e-08)
(0.11813621722774253, -2.354835047056625e-08)
(0.6427592347964273, -1.737035966476353e-08)
(0.7408582543106738, -1.9635354026897256e-09)
(0.5592599912988663, -3.082653686167385e-08)
(0.26257143134852307, -2.1491277611033315e-09)
(0.6170987206647345, -1.8066833709039103e-08)
(0.7898417017432634, -1.183239141585447e-06)
(0.3481739388751388, -1.9570697784490297e-09)
(0.020282748393991714, -1.7800043181410206e-09)
(0.5255971157230445, -3.5067158409492453e-09)
(0.9099703389162992, -4.0818235581150265e-08)
(0.04909537009819885, -2.9924022074859577e-09)
(0.7590796867958676, -9.463848632276976e-09)
(0.8167910478155733, -1.858454495677949e-08)
(0.8606065613134288, -2.4383280649794377e-09)
(0.6064842929901824, -3.1851508495056427e-09)
(0.7771514089671206, -4.0430206370131803e-08)
(0.9145400251003872, -2.20227827231022e-06)
(0.9021102222415956, -2.153077038093403e-06)
(0.6145008925364452, -1.9391673438292025e-09)
(0.8965906081604991, -0.00024986686591118494)
(0.598993509875252, -1.4575606794541713e-08)
(0.7734681530133682, -6.461218794164845e-09)
(0.5982115812597366, -3.0146151393452327e-09)
(0.7292667978808992, -1.0266197415228139e-07)
(0.08947612164728595, -1.404186770112236e-08)
(0.8216441995216582, -1.1540674718416955e-06)
(0.8743489763913448, -4.9470981624573874e-09)
(0.29075388774933464, -2.062912789522075e-09)
(0.993467222240698, -1.832241877471734e-07)
(0.6426167544275362, -2.3996654837721217e-05)
(0.9148165472077873, -3.2345913146695286e-08)
(0.6279622758543322, -1.2392561344480926e-07)
(0.4459869597966021, -4.1871642103834286e-08)
(0.860788091788909, -7.5109112686639935e-06)
(0.08215037554848824, -7.805829108313882e-09)
(0.3653707784928696, -1.4483794744680205e-08)
(0.8104208986556433, -1.4014579535086727e-08)
(0.9719822706481883, -2.2402387975893584e-08)
(0.21954680566767912, -3.425528349627647e-09)
(0.3628308558903578, -1.9345486750166326e-09)
(0.34149330356342905, -3.6662844971660532e-09)
(0.8821893500088779, -4.477353258871431e-09)
(0.26560956847872774, -1.06292856983769e-06)
(0.9021457032052078, -4.208773245437428e-08)
(0.4499996806702551, -4.501859162012787e-09)
(0.6732411564165925, -7.695882719327535e-09)
(0.3092452551956911, -2.012171747928735e-08)
(0.19660413225892504, -1.5263691062057797e-09)
(0.8960934224643186, -1.9861986002564328e-08)
(0.7540900927711326, -4.383497441274804e-08)
(0.7915599114989351, -1.355701089354628e-08)
(0.441265906297023, -2.5972624983318905e-07)
(0.7212138396683726, -3.2049700509168643e-09)
(0.6478562160081115, -1.84790644041594e-09)
(0.09877403506355811, -4.599716638101555e-09)
(0.5654079825574844, -1.0859012426745812e-08)
(0.1958283995278103, -4.555083501551825e-09)
(0.3530207412412755, -2.31299620217239e-08)
(0.2960180256503913, -2.9300187048346765e-09)
(0.602568903568811, -1.5874484249576136e-08)
(0.5398909871150992, -8.855622376638413e-09)
(0.6001914534146484, -5.659093149210838e-06)
(0.05978689530098152, -1.1383656605177571e-09)
(0.6381044476948654, -3.9058172795978e-09)
(0.087951134526739, -3.30999889593461e-09)
(0.3168159492554309, -3.2407493953423737e-09)
(0.04804176210810265, -1.6938527120810997e-07)
(0.7922379729482959, -2.485015894482259e-07)
(0.29604713171106756, -7.47714450699955e-09)
(0.11738573279472439, -9.199148311881552e-09)
(0.0852584558437305, -1.3895176140556394e-08)
(0.27040827770683373, -1.6093008591905867e-09)
(0.456872895996701, -1.983761374135535e-09)
(0.5596447316108756, -4.4722345220271616e-05)
(0.45433887767584835, -4.957560773370295e-09)
(0.6682624406790699, -1.9284924337923734e-09)
(0.39731576294882237, -1.5744618966342706e-05)
(0.8973260985126096, -1.0662869208573219e-07)
(0.2721430017484486, -5.8094237903873394e-09)
(0.6449403684165307, -5.944762999586339e-09)
(0.7426952467758342, -2.318613510602594e-09)
(0.8518001301189095, -4.6269300796419367e-07)
(0.8780896274503142, -3.821119408804322e-09)
(0.30965961520104696, -1.7808710913035626e-09)
(0.21309945691021182, -8.044440811343795e-08)
(0.15189969355005262, -4.599142935374154e-09)
(0.7504838307372216, -4.3205632691273136e-08)
(0.679967787143335, -6.932973393712836e-09)
(0.7267715504505019, -6.688823356527542e-06)
(0.1931545556220247, -1.428063563341184e-08)
(0.3496555770738991, -1.5805988178610586e-09)
(0.25588909113252667, -1.5554523309123056e-09)
(0.48648627045375953, -1.3312166349172086e-08)
(0.053919683793212735, -4.457939577146489e-09)
(0.6238146725306776, -7.289107531197012e-08)
(0.03555531676962885, -4.161277460029901e-09)
(0.8626801944822504, -6.970979662453587e-09)
(0.22365834086478634, -2.2596002871555312e-07)
(0.6616033150251907, -2.0973183416947056e-07)
(0.36568518187171595, -1.7068979433286478e-07)
(0.2583172054545522, -2.410111283025604e-08)
(0.6524514515008366, -3.6530341385883584e-08)
(0.08058580862340228, -5.322803881050826e-09)
(0.5284719675756477, -1.4762340040569115e-08)
(0.7002074355439211, -1.9335269492866615e-08)
(0.750548662720556, -1.225233444441564e-08)
(0.9243010923765981, -1.4169128730267946e-06)
(0.21584218899739438, -5.335416647881504e-09)
(0.6460947046641349, -3.5134436643804864e-08)
(0.9679235815542871, -4.877312484680494e-08)
(0.21323725366681254, -1.3484042881448391e-09)
(0.15087443826430275, -5.6658956541492834e-09)
(0.7889275140713056, -1.0484129993023736e-07)
(0.5460288799054552, -4.275243820988762e-09)
(0.5908258619908379, -3.1682143974704427e-09)
(0.29512402820288586, -4.081673961485817e-09)
(0.22568164849724154, -6.979226135929645e-07)
(0.6135825387685295, -2.9011173422610285e-09)
(0.4157179406433701, -2.1845186028668374e-09)
(0.5214537176637828, -4.301355731196728e-09)
(0.9136399145247754, -2.5060131787791534e-07)
(0.80746018945653, -1.904306020408006e-09)
(0.8214634459144752, -7.799721121053612e-08)
(0.21035718154747865, -1.1422545690285634e-08)
(0.23478763081453852, -4.0460690920805455e-08)
(0.26358431228090917, -5.636795181596777e-09)
(0.10643769631746558, -4.135471615238652e-06)
(0.9126060107628703, -6.834134944334524e-09)
(0.9381342401764081, -2.877298158689238e-09)
(0.4953027354043502, -1.792981059730051e-08)
(0.06526712084604452, -1.2105468960033593e-08)
(0.5302836905643327, -1.3665499906392964e-08)
(0.2491741956213985, -9.372637682767082e-07)
(0.4036592457506188, -3.1326922577823775e-06)
(0.5785584448305222, -2.8054117785146403e-08)
(0.734004110316487, -1.984417576109233e-09)
(0.3973309758407941, -5.95483244037191e-09)
(0.4875673644691528, -6.868594738232139e-08)
(0.6800338496289025, -7.806743470176394e-09)
(0.22512515222566207, -7.57744038217625e-09)
(0.46028143873369315, -1.8296221527754509e-09)
(0.12879063861506723, -6.881724468276413e-09)
(0.6504831183131504, -3.227073053060174e-09)
(0.8717779204479305, -3.275153922788012e-08)
(0.2771275017965192, -4.7657390598211094e-09)
(0.2875493866243496, -3.432604910062802e-09)
(0.6000155032792086, -5.632251357142579e-09)
(0.045438612787985846, -2.321525210149171e-09)
(0.06474759538323166, -1.1849448661537035e-07)
(0.6440129315036075, -5.0243464685683934e-05)
(0.0161787573175972, -2.4467686619289253e-09)
(0.6284419211859343, -1.1456096124274897e-07)
(0.7979848917102164, -6.1213779965086414e-09)
(0.9837607801534028, -3.215219052422071e-09)
(0.2962033779369178, -2.995285096571074e-07)
(0.6958651343895627, -9.262072204244736e-09)
(0.4358597525459926, -1.4032193727056706e-07)
(0.5061610676203772, -4.142682793086721e-09)
(0.8548367122399559, -3.051037071241951e-09)
(0.8248023567851095, -6.861344801173569e-09)
(0.22406328676114476, -3.781154966298708e-09)
(0.024652377284260396, -1.2994872737942523e-09)
(0.08923657039034302, -3.4417149849651144e-09)
(0.6384399429055464, -1.3699651441844921e-08)
(0.6397544797951479, -6.508684688196512e-08)
(0.1329696704036867, -1.3167498987313838e-07)
(0.7085325491547678, -7.2959690967172805e-09)
(0.27585021103551777, -5.312066613040128e-08)
(0.3493903821745465, -7.675839993269381e-09)
(0.6438654691046798, -4.63096950939111e-09)
(0.22580842199032422, -2.4917314679085728e-08)
(0.8017784315876112, -4.957648838766836e-08)
(0.9754989491063986, -2.192336934193881e-07)
(0.8440716758934583, -2.0209858838462504e-08)
(0.7173645131156733, -2.3412965876089352e-08)
(0.10753922935980713, -2.8704149715973777e-08)
(0.06591158347140712, -1.727490388251568e-08)
(0.41967532621636733, -4.754958525402973e-09)
(0.9597154995750405, -1.361158383039754e-08)
(0.6397024932725798, -1.3175183624079932e-08)
(0.321369413627039, -1.558416874950927e-07)
(0.6088993902744113, -4.391590871234652e-09)
(0.6054012012770293, -2.5959623347111635e-08)
(0.2635308082897909, -8.123284729930457e-08)
(0.30763151120819315, -4.7893774752807996e-08)
(0.15432363919555148, -9.002336031544686e-09)
(0.9400150881184406, -9.351922429027824e-07)
(0.5002730639494082, -1.0943911348115194e-08)
(0.19871743113924303, -5.126093269342486e-08)
(0.43157287468622296, -5.086102486699101e-08)
(0.9718638506180807, -2.4927630051357227e-08)
(0.6042872383000226, -2.0158265081972306e-09)
(0.801761869224881, -2.7289248279062522e-08)
(0.13651644760671222, -5.6985111612327254e-08)
(0.9068682542963412, -4.626491920929964e-09)
(0.8440291257033848, -1.8168723308720493e-06)
(0.04490078291634626, -1.8036245841931482e-08)
(0.6135989529071075, -1.8364230086183527e-09)
(0.940683628653382, -1.5706705114574411e-06)
(0.9435038222262957, -5.50475686667499e-09)
(0.07910034555265004, -4.867636220693482e-09)
(0.7772172283153349, -1.093764909373881e-08)
(0.3739081510816799, -3.6118965961413133e-09)
(0.41140054982456703, -3.6245293946069184e-09)
(0.6254111002270388, -3.5317023417958763e-09)
(0.17289068855728532, -9.255449544031069e-09)
(0.47037071724391044, -2.084716350230198e-09)
(0.39234991927355667, -5.2671980970016005e-09)
(0.6091985792952963, -1.8674174485710067e-07)
(0.6340191960457116, -1.5067428064854496e-08)
(0.28924637308178597, -1.4395569661753153e-08)
(0.18363045039057993, -2.4974594413555197e-09)
(0.8002157542890302, -1.2926941821418843e-08)
(0.5868017397806768, -1.580106555112178e-05)
(0.038270633135422207, -1.2418673263021222e-08)
(0.5683533090609125, -1.0153057036884318e-08)
(0.7500271980337623, -1.4568296437449684e-08)
(0.964984621495234, -2.0211500896848618e-08)
(0.7084308101697316, -2.2946191937683635e-09)
(0.028351871158557064, -2.169342634511107e-09)
(0.449078331728555, -1.6734674379167317e-08)
(0.6985199588881927, -2.239830871341169e-08)
(0.3230286163470039, -3.202437530921123e-08)
(0.1489599217724816, -5.917074784908682e-09)
(0.7453089865741112, -1.0191751081664546e-07)
(0.22153607221391425, -3.9619978230532106e-08)
(0.0439967795959686, -9.628474801754383e-09)
(0.6982611500078035, -7.905262526514684e-09)
(0.21093308382424836, -3.005059046807152e-09)
(0.35371691060570065, -6.058992361889907e-09)
(0.5197739300665528, -5.5627183286997653e-08)
(0.3737088467172588, -1.6289577747496985e-09)
(0.358895965363733, -9.040175628196732e-06)
(0.04249838640374752, -1.1069598984341821e-07)
(0.2870698723394283, -4.045269467270053e-06)
(0.3139377663798072, -1.0859038233673383e-08)
(0.5290308698930036, -3.2362986808213995e-08)
(0.7029773038252772, -5.661236779298771e-09)
(0.9871045911677563, -6.053373112825254e-08)
(0.9708052937738157, -3.460662882609535e-08)
(0.48685380619877566, -1.193468455129908e-07)
(0.0768180555351843, -1.3256788453085467e-08)
(0.25348482640472797, -2.4550699067444984e-08)
(0.7814279557116353, -4.755390121857522e-08)
(0.1873528393412803, -1.6924854143157586e-06)
(0.5226104950453402, -4.222166735378239e-09)
(0.3612878007089646, -4.4904383254840565e-09)
(0.6404708666518947, -5.156957222310284e-07)
(0.7713802098146613, -2.7793848155285556e-09)
(0.20835838206168295, -4.800036656246905e-09)
(0.8640924639319529, -6.35032635972927e-07)
(0.04095198046307148, -1.1188323351784348e-08)
(0.309397622705931, -1.4749396925287028e-07)
(0.6528256133071533, -3.0268169723679236e-08)
(0.40742553568027057, -9.426242861982803e-09)
(0.34646508280626476, -9.95997061999979e-09)
(0.10134115291011936, -1.3699125323688236e-09)
(0.25169057046998833, -9.811926767530914e-08)
(0.8284090274076439, -2.4662265775704025e-06)
(0.5675340052447331, -4.6968485741218857e-07)
(0.20633191773503634, -1.6063051474613078e-09)
(0.26093548347275547, -2.4231003939460873e-08)
(0.9033530754227903, -3.3597227161814615e-09)
(0.44932181137148747, -7.600951482754011e-09)
(0.501309899018191, -2.596513547151131e-09)
(0.40202416011616804, -3.080756126785538e-09)
(0.9758657748391562, -1.1801924107733706e-08)
(0.0778723129129024, -2.62956321064796e-09)
(0.9477257577253888, -3.790377017504829e-08)
(0.7045496375791768, -2.8595887426989534e-08)
(0.6934943684282433, -3.8005578622714876e-07)
(0.6707690134113027, -3.004057755781768e-08)
(0.2035999559710256, -6.1744510930562665e-09)
(0.8685313850094116, -5.714235124933712e-09)
(0.6900016645938238, -4.260003097097626e-07)
(0.24609051464819073, -2.602519578690734e-07)
(0.028557280752564352, -5.704234368937163e-07)
(0.9261209021376346, -4.300269407680844e-09)
(0.246358536664309, -2.4951992595266197e-09)
(0.9055439499076702, -2.3481212985868808e-07)
(0.48733982861837194, -4.652439169680973e-08)
(0.6257298200541536, -4.971377004772429e-09)
(0.5328430637366987, -1.2614915532063885e-08)
(0.39244974138251043, -1.609179987129949e-08)
(0.13118404534296957, -7.456340709462657e-08)
(0.5384839942270105, -3.740312315348228e-09)
(0.8132622594246676, -1.957536782614726e-08)
(0.5418264340686664, -8.943634580517073e-08)
(0.6143251576594783, -2.1639289093273813e-09)
(0.8332711088411755, -2.491097406647412e-09)
(0.4459078595776889, -4.1698565319024966e-08)
(0.8231852989248264, -2.4700463429111535e-08)
(0.6314237671121374, -1.0389879516133394e-07)
(0.05439669857556388, -1.2785846724091798e-08)
(0.1290604484743632, -6.683015449375707e-09)
(0.852900197903864, -1.153262486711792e-08)
(0.08018522645629744, -4.1378430135679484e-08)
(0.5385825513894579, -1.6223213502478488e-09)
(0.5420867227627492, -7.736499100189934e-08)
(0.5720359794087029, -5.334773335305533e-09)
(0.14840506039188392, -6.9981869217709885e-09)
(0.6470881911100795, -1.3259816329936239e-08)
(0.48330301998587955, -4.067526424568976e-09)
(0.19300632361346182, -1.0783431693738096e-08)
(0.7892359273758559, -1.304666554803966e-09)
(0.3909561404631564, -3.982388008004217e-09)
(0.5874565859258357, -9.222734419049805e-08)
(0.25781018260502875, -2.77660421875687e-09)
(0.4419302890361842, -9.67333236314821e-08)
(0.13140610848539733, -1.4656307172537293e-09)
(0.9879949073553815, -2.7045909469207486e-09)
(0.46754012434560965, -1.193000700483815e-07)
(0.08050104706897115, -2.6912924235435398e-08)
(0.6752708982080885, -2.352040277317169e-09)
(0.8329018524153952, -1.7634468491944386e-08)
(0.7330265674482604, -3.1862269135477393e-09)
(0.5250634810373633, -3.9000795929880324e-08)
(0.9145950385444167, -1.6784081684861574e-08)
(0.5678415893889345, -1.974058649331169e-09)
(0.7621374329255672, -6.447888806705037e-09)
(0.9269639811761523, -2.1757204687988624e-09)
(0.12425767620638012, -4.413740786238729e-07)
(0.11695438740316229, -2.996572277754066e-08)
(0.2691896438842421, -7.148737012360546e-08)
(0.07524268431467987, -6.457877172252944e-09)
(0.8055897827794495, -1.1318281380775284e-06)
(0.008447673437344812, -1.1360331119871162e-09)
(0.6064293707133573, -2.22987682443392e-08)
(0.4081862087827586, -1.8862592113582323e-07)
(0.02225963797716138, -5.5309278692327245e-09)
(0.17925543751968745, -2.7447429717926086e-08)
(0.057025505945774664, -1.991286798945541e-07)
(0.11747021813475936, -6.597261055682863e-09)
(0.7485742812016449, -2.0610049482167476e-09)
(0.03235074105502728, -1.0097503225611523e-08)
(0.29343561277915453, -4.663304832689297e-09)
(0.07329544668371293, -1.2072279159060345e-08)
(0.11378250339477565, -6.613911229147402e-09)
(0.4311432369043033, -6.233082940088495e-07)
(0.4566080006338766, -3.3285720140311896e-08)
(0.45615168172447146, -8.72686122766806e-09)
(0.699086944606017, -3.9281103893191993e-07)
(0.855091954652478, -7.2650096796316475e-09)
(0.6290326771639349, -2.924238061296255e-08)
(0.7544074255632685, -1.979064612057589e-09)
(0.6860090741293402, -0.00024475530372261253)
(0.2236825535372123, -2.7439997720957986e-09)
(0.8949862009150027, -7.877974267138857e-08)
(0.9602733474066343, -6.507759087635549e-09)
(0.27059541380679714, -2.706999186185429e-09)
(0.5535057320817651, -6.277524880018421e-09)
(0.4388925966255375, -2.277917558468329e-09)
(0.2432515897521747, -1.3469599525288862e-09)
(0.13819820158005486, -3.6461711438452884e-08)
(0.8482850474444009, -6.353543095251149e-09)
(0.523421593027662, -9.329001096925552e-09)
(0.656726692473641, -6.175041426663838e-09)
(0.9693670033230026, -3.5228628333532654e-08)
(0.43953903104182224, -6.62868015679471e-09)
(0.877653033327973, -8.649909074650538e-09)
(0.17041426731565298, -2.1093433772918985e-08)
(0.8949172632839513, -4.99908985363353e-09)
(0.40182526821920006, -5.519375719820478e-09)
(0.8133234949543513, -1.330340830198823e-08)
(0.9288955152521313, -5.582149845032582e-08)
(0.3855412323751271, -1.7083009562230968e-08)
(0.38660876731284355, -3.746092269276826e-07)
(0.14921096353302757, -4.332195266639653e-09)
(0.9169906860726483, -8.858657167579996e-08)
(0.38761084040808547, -1.3119496299232075e-08)
(0.9494315752950859, -2.359849530432448e-09)
(0.7532523193475601, -1.8400529137493755e-08)
(0.4110733079119102, -1.7668887138258635e-08)
(0.5337033241051258, -4.131486065524758e-08)
(0.42672276996066477, -3.834017689349107e-09)
(0.7296433022421143, -6.5089427921576434e-09)
(0.9313051841744387, -5.6962734898063036e-08)
(0.5707030518362637, -2.432789148549464e-08)
(0.7393670959963832, -0.00014722755911992188)
(0.11098050283624607, -1.70947722829825e-08)
(0.942475559237701, -6.4185864363491e-07)
(0.5806053639222668, -1.7095515777412522e-06)
(0.9048203235898443, -8.052563224228893e-09)
(0.5440475288094446, -1.4725286159592116e-07)
(0.3094570114876702, -1.4361017623057987e-07)
(0.06509737987059554, -8.616434380136214e-09)
(0.9556196222386614, -6.526623799483024e-09)
(0.7706560441243538, -4.2036166700595906e-08)
(0.8715402531269981, -1.8817152816353962e-07)
(0.507460594145545, -4.913760420703528e-08)
(0.2502053768614886, -2.805950954857796e-09)
(0.31134195027266776, -7.856804690275333e-09)
(0.3822623288775528, -8.547196957189299e-09)
(0.3956834823613672, -2.902231251272245e-07)
(0.4083184872646751, -5.285324368949468e-09)
(0.06341850201954835, -2.1295623375844225e-08)
(0.1273032262798262, -1.6683165425119637e-08)
(0.3496776129967568, -1.0171465416845242e-08)
(0.07088023357870646, -6.674563803644229e-07)
(0.3547499020883048, -1.5956669165458497e-09)
(0.38025148542276715, -4.032245370413398e-09)
(0.46401309546450337, -8.261112526206326e-09)
(0.6883219527060099, -2.086006503401754e-09)
(0.9621967592252194, -7.028992019198694e-07)
(0.4012960081538053, -4.882868756205949e-09)
(0.3388942371484791, -1.1376247538784176e-08)
(0.8205446997908258, -4.188781669163411e-09)
(0.03262357699700734, -2.0600666783591327e-07)
(0.23958734068054838, -5.0755160498232404e-09)
(0.45786569580807673, -1.684282112383535e-07)
(0.9253919711971827, -2.99793649868272e-09)
(0.7788535996527007, -6.670036958701867e-07)
(0.4132845411194805, -4.294282626189947e-08)
(0.013905488560121587, -7.759949786714355e-09)
(0.43775106810353714, -8.547771868662787e-07)
(0.3222728582635806, -3.5578933801036165e-09)
(0.5200602989066152, -1.8826213462693413e-09)
(0.059119805820141466, -3.782639780604329e-09)
(0.003644395254809584, -1.1212984939675821e-06)
(0.9970073664897569, -6.994502155411312e-08)
(0.6777761047258168, -3.05388401486969e-09)
(0.503587774130399, -4.660772028739936e-09)
(0.7695325106763209, -3.6956837393317273e-09)
(0.6398338441897876, -4.6404561771910945e-08)
(0.8559910724519131, -4.784669941569397e-09)
(0.9419693098660279, -3.118720484555714e-09)
(0.5095550322992576, -2.4882320598293136e-08)
(0.2989000353589063, -1.5906325315876324e-07)
(0.5491645186672182, -2.637630707631869e-09)
(0.15536601581307866, -3.644928034456066e-08)
(0.899770130160686, -4.2598477365126555e-09)
(0.288029974767993, -1.0276560998149278e-08)
(0.7210770135188945, -2.6331290574816413e-08)
(0.32098130293637944, -1.170142454474008e-08)
(0.6251591375476988, -7.30224536203229e-09)
(0.313033583820791, -7.159618837193683e-07)
(0.6611503166042926, -1.4654374365443242e-06)
(0.7403523612478882, -3.2973645756048715e-08)
(0.47311198246749026, -1.9928536081068802e-08)
(0.8207197442926006, -7.774525437590432e-09)
(0.41283683497131296, -9.693268609422584e-09)
(0.48600483599267263, -2.512617738574146e-06)
(0.8929969418966743, -2.9309574224343823e-09)
(0.7628463007778243, -1.9427346433835223e-07)
(0.40183998770400314, -8.432281658629314e-09)
(0.8334600861916102, -4.000785086181594e-09)
(0.47985602575743685, -6.762908696304642e-09)
(0.18684143593679228, -3.2788099519852725e-09)
(0.3222304455797851, -9.338857633941874e-08)
(0.510438881249037, -9.195104193159346e-09)
(0.7361443440528468, -2.89069042068024e-08)
(0.8638827356131812, -1.5053608424724092e-09)
(0.8518926662441871, -5.175364466257561e-09)
(0.10987261909845818, -2.1910475331783446e-08)
(0.4618712737791851, -4.740473575761212e-09)
(0.6490886054039018, -1.1427457526689858e-07)
(0.4241303813409284, -3.6628546967549084e-08)
(0.7500090949284466, -1.396991999272093e-09)
(0.6229958728109614, -1.953215328047962e-09)
(0.4466837329456003, -4.0029334690625714e-08)
(0.4191848210628398, -8.804676590021258e-09)
(0.13814135336099617, -1.828046641269348e-06)
(0.8351039547741608, -2.9000284925787377e-08)
(0.4565498921196822, -2.1594980454083288e-08)
(0.45717004469823547, -0.0026723340069777306)
(0.12987600147396008, -1.130889480814374e-06)
(0.1317963926333852, -1.8194998008109253e-08)
(0.6936405376494958, -8.728523478942076e-09)
(0.9636007143028473, -7.458967860730274e-09)
(0.2523500856442622, -2.0414929312948807e-09)
(0.4699425249996416, -1.533223170237738e-08)
(0.37249656960055993, -4.036313058255196e-09)
(0.2994260166289694, -5.7576939841673244e-08)
(0.397562379982002, -1.8078153140465962e-07)
(0.5613503534270602, -2.1618727271290603e-05)
(0.2695520005867197, -3.473023423004575e-08)
(0.03227961751454806, -9.257231345664576e-09)
(0.13066192344624378, -5.822117885134199e-08)
(0.21118962969920116, -3.3818772193835953e-09)
(0.6759015134290687, -7.147477691597135e-08)
(0.2658563892426829, -2.4870011630500856e-06)
(0.8686167666512318, -1.4018377615094592e-09)
(0.9450278776183214, -4.4574494135414136e-08)
(0.9648585420524036, -1.2081208160298382e-07)
(0.014386058749936531, -8.285799267883442e-09)
(0.6129468970256272, -6.3824154057018665e-09)
(0.9123340580570451, -5.243635045599212e-09)
(0.6768041769844197, -6.020922019800176e-08)
(0.7188161082541553, -4.4222999340138827e-08)
(0.5233529648257136, -5.85362417125212e-09)
(0.10146831145043202, -7.272189532358473e-05)
(0.2710239464678089, -7.733364098612957e-08)
(0.6677472001191451, -1.7772141749849264e-08)
(0.034191568379419814, -4.5588814389542726e-09)
(0.6012852134436375, -2.0307281848386507e-09)
(0.9368225448276303, -3.542072623696364e-07)
(0.6971609902953586, -9.122936811243174e-09)
(0.21152553855521655, -2.9762658950021764e-08)
(0.8253774638543695, -9.184748601054889e-09)
(0.7861479057841724, -1.0614055836408849e-08)
(0.3905512741345709, -2.1626323584765704e-08)
(0.45248275042620123, -5.74311564948032e-08)
(0.4306361613519844, -5.795685735215967e-09)
(0.7681315586357647, -6.2147429558293805e-09)
(0.9114909113257522, -4.039838182504882e-09)
(0.2661498891481607, -5.745323061290874e-09)
(0.3767474279047575, -8.177814252139132e-09)
(0.7399461081250397, -1.2070845655405792e-07)
(0.3003018355226925, -1.537839081005889e-09)
(0.4180610425116053, -9.166061356539412e-07)
(0.5434804344049847, -9.229290711500383e-09)
(0.3868302455161515, -6.070841682996518e-09)
(0.8903130722070629, -3.441814745285545e-07)
(0.26154388799134276, -5.047737031402445e-08)
(0.3719373274271813, -9.836675619498442e-09)
(0.5237922329469128, -1.528925204244126e-06)
(0.5865159900432251, -9.66698958133757e-09)
(0.20268069155277124, -1.5244819795501877e-09)
(0.17300716793709026, -3.115286818902352e-08)
(0.3903230689945646, -2.3141687170800253e-09)
(0.17196103930213547, -1.8637114741989625e-08)
(0.9821616873673863, -1.7478339741492848e-07)
(0.9748386663892531, -4.228733939082432e-06)
(0.6902500590991107, -6.9789270595337445e-09)
(0.32604753589496815, -2.3330396076881172e-08)
(0.9393258658592769, -1.527020472515963e-09)
(0.35613981873572137, -4.46844899709554e-09)
(0.4745233083272079, -6.4813329354409135e-06)
(0.2867240280957906, -1.2720412027435251e-08)
(0.7123745123697913, -2.933762947771289e-09)
(0.5120826172483403, -5.891582263086777e-08)
(0.5564741199528308, -4.639283219919069e-08)
(0.5634235431674062, -1.828452417377213e-09)
(0.5591070034084364, -4.3892152759721324e-09)
(0.45039857554717977, -6.538242291266551e-09)
(0.2422900894129475, -1.1517671751016835e-08)
(0.5505127008995794, -7.226070900321562e-08)
(0.5199284992512286, -1.8791140273360695e-06)
(0.9173022199147898, -7.960285370473116e-09)
(0.7031274613271133, -1.444897650079346e-09)
(0.6210027593091606, -1.5004070700998946e-09)
(0.8538263815644745, -3.539049028132694e-08)
(0.6988373934661323, -4.873000354589275e-09)
(0.36041394415524136, -1.6490706568835124e-08)
(0.025844172046895278, -3.8558313187595885e-08)
(0.6180862655686873, -1.1853509154654242e-07)
(0.24905614360213077, -6.169397289338912e-09)
(0.6891293785998697, -1.7613494113655982e-09)
(0.10322112050902123, -7.126714455742824e-09)
(0.23475657869066618, -2.0628373232485628e-07)
(0.4515383419929739, -1.0688642879197289e-07)
(0.616098602934646, -6.990955339775155e-09)
(0.5050303539692027, -2.6288107065275378e-09)
(0.8654007214184507, -7.900143305541978e-07)
(0.8501182854692207, -2.214313043789647e-09)
(0.6970092366527685, -8.96300918474349e-09)
(0.03739726535518402, -1.2540887589127565e-07)
(0.45117937253282236, -2.7627823491385027e-09)
(0.7340635197820302, -6.020317803850322e-08)
(0.863769392198361, -7.159448606068061e-09)
(0.14333488194458058, -5.297403724255761e-09)
(0.19416200671669875, -7.882796558004677e-09)
(0.7435282922480828, -3.919307477313594e-09)
(0.5773151061043814, -1.678991310162478e-09)
(0.3949076543945422, -3.4506059170052484e-09)
(0.19731067518448347, -4.723124558278655e-09)
(0.6874231387116572, -1.3465693115336115e-08)
(0.9762128325616951, -7.1741923370987605e-09)
(0.4545079544665134, -8.514818460465368e-09)
(0.6276363841978536, -5.183974789846581e-07)
(0.5849087908379186, -2.418283186283887e-09)
(0.9432387124687255, -1.6100042477121664e-09)
(0.23573182175594462, -3.58528433236099e-09)
(0.6100669275612424, -1.1924979755961329e-06)
(0.15186815919583108, -3.0000800042909964e-09)
(0.995538930764699, -2.2497005701318915e-06)
(0.2760294968289283, -1.039869595800357e-06)
(0.44831244995145314, -5.33002798174567e-07)
(0.15823792473568712, -3.371108563470275e-09)
(0.831030420914475, -8.179707556679578e-08)
(0.8070571149967128, -1.2036878952726307e-06)
(0.43384760315480025, -6.432566591794186e-09)
(0.9789665025571264, -1.2796991234564934e-08)
(0.7324137820762007, -3.3766251340125214e-09)
(0.44351764900308144, -2.7690142529350674e-09)
(0.6099742047371638, -7.97631196776667e-09)
(0.6960204295214691, -1.7983998716971015e-08)
(0.30393506443451707, -3.6549276589882918e-09)
(0.8007258678068728, -2.1721279108103187e-07)
(0.06622813324106902, -1.2974628862312655e-06)
(0.18331069155190127, -6.616990180143985e-08)
(0.715919151820178, -1.053910135847175e-08)
(0.5878244346584675, -6.72826488628092e-09)
(0.07333197381482842, -8.022782085144172e-09)
(0.8275743568240973, -6.310733848994785e-09)
(0.4252210665831164, -1.6229640700865232e-07)
(0.4346473790603984, -2.691722267534182e-08)
(0.038914547675208994, -1.4330230550058051e-08)
(0.7676532400344357, -1.1317122351774083e-05)
(0.7752117172783516, -7.761967719850145e-08)
(0.9024364292017867, -1.2296659049189243e-09)
(0.3163647888432668, -2.959541814587096e-09)
(0.8219738081238626, -2.382049874275852e-09)
(0.6042976922547953, -2.4170856655793517e-08)
(0.8010245175643568, -6.233188805500264e-07)
(0.9278125503983323, -4.557937816738843e-08)
(0.1530435167222672, -5.426657404256344e-08)
(0.7759976048675925, -8.783122010826364e-09)
(0.016129529315846904, -2.7744211490589017e-08)
(0.7164877855316106, -2.1409916099291006e-08)
(0.3363683234795839, -3.870531696051537e-08)
(0.8890050745245685, -1.6494043759952665e-08)
(0.18175583297071166, -2.1900318002886855e-09)
(0.5522409038137215, -8.777967953193008e-09)
(0.28084147703510653, -1.5812090237399217e-09)
(0.28926455594225703, -1.9607853116713582e-08)
(0.3004315569931498, -1.5608559801563324e-09)
(0.42993841283370055, -6.584280825415334e-09)
(0.42171343911964754, -1.0873458315221342e-08)
(0.053273000461378416, -1.531009284447869e-08)
(0.946777805796083, -2.2481562267333026e-09)
(0.9066813667708845, -3.2408841378638496e-07)
(0.7558725364627316, -1.221891532235565e-08)
(0.1341254531874283, -4.970117619175375e-09)
(0.897767587152085, -1.4491647232117003e-09)
(0.3628477786163217, -1.8331211916197176e-08)
(0.8731833357294725, -1.2300671983477574e-07)
(0.1592297439768333, -6.204676942624137e-09)
(0.8046167261012346, -2.7036097325381806e-06)
(0.2850345722537043, -2.1284238863605026e-09)
(0.1623339461630134, -1.895109819020854e-08)
(0.43480665395752793, -3.0319050228772716e-07)
(0.021711282643798107, -5.983785428507592e-09)
(0.6503373331289192, -6.666983752990739e-08)
(0.9615130564198693, -5.377458842351781e-08)
(0.027399780968774032, -1.3531787174167631e-08)
(0.04952328680059446, -2.382086093991478e-08)
(0.16169449890293908, -3.9088767367579436e-09)
(0.26956558368726513, -2.882045283182121e-09)
(0.7244399750850359, -8.127308862207745e-07)
(0.26622380175606464, -4.387235137774809e-08)
(0.8224703412510574, -1.0813321821045037e-08)
(0.6711435559888094, -1.5594467240676127e-08)
(0.776586838065963, -2.9868103559782027e-09)
(0.7849463002616816, -2.2273431892789047e-09)
(0.5131045621567493, -8.832800646480716e-09)
(0.6653652597738406, -1.1928213901357297e-08)
(0.4173200575283199, -6.6054445436566585e-09)
(0.6058852807249481, -4.675443468245961e-08)
(0.8992274137389169, -1.6414129625125448e-08)
(0.7318167923466203, -5.267217672721897e-09)
(0.5108323255591732, -6.546061581349485e-09)
(0.3517395113683117, -4.5764037112853355e-09)
(0.19406336063000393, -8.770693648909753e-09)
(0.69794995897811, -1.9150720189903924e-07)
(0.1166584613831878, -1.223596775177171e-07)
(0.8548890683382466, -1.4540815521369761e-08)
(0.7816771040236999, -1.883133759107432e-09)
(0.7540132169270672, -1.4377105022384552e-07)
(0.9291677146473126, -1.4115705287790578e-09)
(0.6678594538468733, -2.8908120641854466e-09)
(0.9138552762021159, -1.990503709278583e-09)
(0.20665243169111852, -1.3905693541373814e-08)
(0.26478389444449113, -5.237900814825847e-09)
(0.776097369773442, -9.493060861550748e-09)
(0.7872033707988134, -2.12063044494033e-09)
(0.508114959218168, -4.87195961974372e-09)
(0.056062818830461617, -7.099079376284828e-09)
(0.1408387297187427, -5.44458981426184e-08)
(0.4480892415816336, -4.8815112943375606e-08)
(0.49906448026995043, -2.292504318554371e-09)
(0.11888252065512699, -6.508399265328116e-08)
(0.6248375799643583, -1.2181878798518078e-08)
(0.8564086315300269, -1.7055122468581636e-08)
(0.1854178606081066, -1.2696357364739925e-09)
(0.35402223732182664, -8.74579696833207e-08)
(0.10846517810494054, -3.5367750689347316e-09)
(0.6606770063999265, -3.424781076063314e-08)
(0.4019581359154954, -1.993231867484272e-06)
(0.49587988618413786, -7.853511897211177e-09)
(0.2160998277578089, -1.18841686903291e-08)
(0.3621819253258946, -1.5056120616588648e-06)
(0.7019409510589723, -4.740940660251802e-09)
(0.9794073147064927, -1.0379500819804534e-07)
(0.78861602978073, -1.3946258930081046e-09)
(0.4533648886687111, -2.877684569250856e-09)
(0.40616969767083283, -3.9265181590669435e-08)
(0.42587399575819357, -2.3947803444280305e-06)
(0.07471860153389542, -1.6230657409685936e-08)
(0.6166491836264694, -3.44091000689576e-09)
(0.18113501034546944, -9.239601754270249e-09)
(0.22431663207109964, -1.0275118413112726e-08)
(0.9638530920516334, -5.003744448337799e-09)
(0.18939682844226968, -1.5893648945262796e-08)
(0.01552462449797088, -1.3575198352457738e-08)
(0.991697182707307, -1.2290235149187508e-07)
(0.05707227329843576, -1.3703255044365674e-08)
(0.15608677886243352, -1.2808722628671382e-07)
(0.3593585239968774, -1.0956540401185998e-08)
(0.44996961224164883, -1.0924327822582516e-07)
(0.2296387977672197, -1.7002553850656644e-09)
(0.6119572204774619, -7.472950377123534e-09)
(0.9080620957774452, -1.9928067396482355e-09)
(0.8789284012629791, -2.0254174259398714e-09)
(0.27078366080175015, -1.7483702555657913e-07)
(0.7491015063052444, -1.280311615851264e-06)
(0.8252512240603415, -1.426962962588846e-09)
(0.174942718458524, -2.067375519791989e-09)
(0.9188356115674502, -3.703532104976335e-09)
(0.47722457680300756, -1.8144002258629055e-06)
(0.6418617558962808, -3.585257405286776e-07)
(0.3234256888383025, -4.49085326346118e-08)
(0.6031324586031843, -1.550375760808601e-08)
(0.5555014419632519, -0.00015747980364877058)
(0.5967554179196952, -6.556402347093295e-09)
(0.14350462364322294, -1.2180545841495253e-08)
(0.6072266168931237, -5.905504161580142e-08)
(0.6134915217869766, -1.8657374545951036e-08)
(0.030913093292375387, -5.5514924245658044e-08)
(0.3200508283519929, -1.0491504311853159e-08)
(0.93454103577688, -6.9447459140893454e-09)
(0.1716305057710223, -1.4244247507048687e-08)
(0.9538655458136187, -3.001312879263636e-07)
(0.7319171013377801, -3.164562780711475e-09)
(0.8212653906692202, -3.443069910520814e-08)
(0.6842843224863082, -4.436003513882336e-06)
(0.11656502154534332, -4.3621906276619735e-09)
(0.32745250047138585, -6.404672581445642e-07)
(0.741256120701491, -2.1540459132130605e-07)
(0.8000084328159021, -3.353953480024597e-07)
(0.7550028294310271, -1.85436788235069e-06)
(0.7045865988316586, -3.844992381585074e-09)
(0.031941195445199286, -7.99614432187742e-09)
(0.08820474553095911, -4.030823201429614e-08)
(0.19114249693836677, -1.1301236658665724e-07)
(0.11162167808835602, -3.367798837059041e-08)
(0.211148864571656, -7.487261759138085e-09)
(0.21519111349196784, -2.165739448786429e-09)
(0.8225433281590459, -7.885121960795022e-09)
(0.22504743979356256, -3.3633561289063574e-09)
(0.022097140168030605, -1.2035337839197922e-09)
(0.5853415333480574, -3.433283526300834e-08)
(0.683210371642715, -1.7653356624841242e-09)
(0.46159379330749023, -3.3357616302887494e-09)
(0.5749719895631984, -2.1985559851549073e-08)
(0.7788262663870451, -2.1890870683235617e-08)
(0.3476148977369267, -2.9655878122287895e-08)
(0.6639138882951765, -3.819465720546716e-07)
(0.6931454834183052, -2.8500663590272784e-09)
(0.39048229281262714, -1.1236553860431662e-08)
(0.6002980058807972, -1.8749569805293927e-08)
(0.42097167580646044, -5.374067693861942e-09)
(0.9527203000796038, -2.8111978535559544e-08)
(0.5318643731476679, -1.5757223245714112e-08)
(0.3440216847155717, -6.6986611484686145e-09)
(0.8412299936595995, -2.06242259198152e-08)
(0.7568215781732028, -8.381386715415552e-05)
(0.3265543480611598, -4.436173755483202e-09)
(0.8366811686407924, -2.904502665291069e-08)
(0.8075674497219488, -5.9809930869188585e-09)
(0.3448536845502231, -1.951301227488606e-08)
(0.11296321781397785, -1.2266583708557588e-09)
(0.4421447811781528, -3.5448258831145492e-06)
(0.319178897351325, -4.4082316300939644e-07)
(0.3797708101113682, -3.882806670492525e-09)
(0.8921886600581284, -3.747824563707802e-09)
(0.7488637904388457, -3.7808580759023686e-08)
(0.48306591928452014, -2.909520577862187e-07)
(0.9042127517265656, -8.624314709801792e-09)
(0.08676637645609867, -1.0121628141758737e-07)
(0.9981792836359413, -2.3482727212247624e-06)
(0.8229677030345594, -3.089081037008418e-09)
(0.30931648022667857, -4.322396684142148e-09)
(0.34998399049808626, -2.371070217194996e-08)
(0.2057943684094727, -2.1611021321138687e-07)
(0.20228700205377367, -3.2232221649002453e-09)
(0.20572354620885472, -1.6564366310448947e-07)
(0.1328984913273476, -2.3623005565148347e-08)
(0.7213578709222139, -1.3364005443304286e-08)
(0.802603475039018, -8.671026693324139e-09)
(0.7770281529226242, -3.276029489637493e-07)
(0.543258469217153, -1.889025746508993e-08)
(0.6834667617071957, -1.038162561855727e-08)
(0.024082009636978836, -1.4121624942687757e-09)
(0.9063699801335168, -7.1449122401205284e-09)
(0.05528967626413143, -1.9318741153743613e-08)
(0.2039664223516746, -1.877351749252002e-08)
(0.1218435056124142, -5.071725998847757e-09)
(0.5290461744132348, -1.338040596814248e-05)
(0.25342131770035614, -2.262662146979244e-09)
(0.8382087640581347, -6.5117893378912146e-09)
(0.038972828719751856, -2.349086909497463e-09)
(0.31328241793815687, -3.912389762086466e-08)
(0.13069053225655602, -2.4790325836962983e-07)
(0.3688393478006291, -8.451863961441771e-09)
(0.2506413590181112, -4.528745011679517e-09)
(0.16466523915269599, -3.0639126981341982e-09)
(0.2742213863313881, -1.9213949554668128e-07)
(0.03868780541120789, -3.1218118193786375e-09)
(0.416129835939868, -3.411651084459106e-08)
(0.12140634799073426, -8.22800293121654e-09)
(0.784155074767661, -1.6869560014165709e-09)
(0.1260620672155681, -3.0731152650672824e-08)
(0.951622501326278, -6.051704612006024e-08)
(0.5582750458465203, -1.735636881834614e-07)
(0.8075319228260411, -2.7279089872329818e-09)
(0.24039482668708506, -1.1323475225904005e-08)
(0.8589402320582351, -2.384995184996465e-08)
(0.05894061721823943, -1.3205038473785687e-08)
(0.5704417834645288, -7.188064170380247e-08)
(0.9630782719702514, -1.4722386939555852e-08)
(0.15888942230844397, -1.2338791633422879e-09)
(0.7364750588927175, -1.2703609898004053e-07)
(0.2474523826485901, -3.6990992906522275e-09)
(0.4540494190781299, -4.181456152291952e-09)
(0.0067849196265919055, -6.522883067137383e-08)
(0.6888334863710891, -3.1266287775044233e-09)
(0.5960263052740413, -1.1740176285890621e-08)
(0.8537182058948727, -9.087007546822512e-07)
(0.07767622653697494, -6.699863490870123e-09)
(0.2521187598045579, -1.0571842257188248e-06)
(0.90034076955309, -1.6568611737136755e-08)
(0.285951116822557, -2.372533803446338e-05)
(0.2522734660050621, -2.930407259260408e-09)
(0.2499201613253245, -7.07434761625769e-08)
(0.5635190201746323, -7.618193622019647e-09)
(0.444064998130225, -2.6046876032917157e-07)
(0.14432091555912224, -3.564711676151307e-06)
(0.8472615625262997, -3.514898553520369e-08)
(0.9299163790991211, -3.985118673731363e-07)
(0.7894399231910284, -7.712859067544494e-08)
(0.1876450356905667, -2.7903257741927632e-09)
(0.38876724523331446, -1.217874781650068e-08)
(0.14354006080950607, -9.289969547337162e-09)
(0.11608640770099486, -1.8390554692367212e-07)
(0.1943132892974364, -8.04061839314532e-09)
(0.9345432426395052, -6.734533516202395e-08)
(0.7496693840869724, -4.825453551714551e-08)
(0.6931644322776039, -1.3943669603830164e-09)
(0.3052703063162626, -2.1776118034955305e-09)
(0.5602572512378629, -1.405635952302977e-08)
(0.13801648590952673, -4.500059521793439e-09)
(0.664680667766252, -1.7285037871019865e-09)
(0.7373031816928249, -1.3182924332162157e-08)
(0.7762202753546904, -1.1566461592822485e-08)
(0.6603315406138702, -1.906833561048893e-08)
(0.6012147367240412, -3.1019195176582592e-06)
(0.550399003405898, -4.484669379589367e-08)
(0.8549747826337374, -1.1117540631545785e-08)
(0.300531291081002, -1.244025305198137e-07)
(0.9921180186631474, -6.863747408581785e-07)
(0.03819239709644287, -1.5689165872763727e-09)
(0.3206471265110133, -2.1515106074298867e-08)
(0.7993493291048944, -7.449027423814269e-07)
(0.7751653482779536, -3.072995217977021e-09)
(0.7296417487984338, -5.693054832161914e-09)
(0.18163464720147648, -8.43588447150968e-09)
(0.3811254002279351, -1.7660046325798546e-09)
(0.16624143860655902, -2.0271730219819974e-07)
(0.9256570314649887, -5.873498668725519e-09)
(0.5269761622194299, -4.086939507817414e-09)
(0.5002324240549024, -3.345209521092105e-09)
(0.8158562832143438, -8.250254753071185e-09)
(0.08614491023379711, -3.424514354542084e-08)
(0.7366762963623112, -1.8111927696811587e-07)
(0.6157882947985874, -5.208672533185912e-08)
(0.5669410421889005, -7.094277112995667e-09)
(0.7556058766528744, -8.414919269554389e-09)
(0.5278342653054409, -2.8997356291614878e-08)
(0.4977048487672218, -5.0958816455872504e-09)
(0.8965504943511129, -3.583315052131257e-08)
(0.432866842026108, -1.7518338926643838e-09)
(0.1748408722236702, -2.035613014211868e-09)
(0.7185085876768483, -4.051085030307242e-09)
(0.545791689173813, -8.010744798635165e-09)
(0.9463768396224822, -3.0895230264450134e-09)
(0.2831036017135473, -2.1362507797483584e-08)
(0.6692345448633772, -9.089501743624394e-09)
(0.6937509248744647, -1.821687488581298e-08)
(0.4605949874724375, -5.1907917581821235e-08)
(0.5519609251224874, -2.224819453304925e-08)
(0.20014508316660243, -1.4345326478165172e-08)
(0.9462823761706026, -2.861170013496645e-08)
(0.8938166168379136, -2.0414301240715478e-08)
(0.49147247997544163, -3.0936259968955915e-08)
(0.12679084708394173, -3.319356354067044e-07)
(0.15065525822996528, -2.1319941065010513e-09)
(0.8164226365771358, -4.742487605561785e-08)
(0.5797063454868093, -3.2976363102359716e-09)
(0.0004653356711065274, -1.4433222072863913e-07)
(0.2737003382377657, -2.073777246383668e-07)
(0.6331130258240506, -7.4211482303945754e-09)
(0.39477039392360147, -1.5030118574420748e-09)
(0.07110458613670391, -1.421335858420742e-09)
(0.9724425841689085, -1.3801129800549103e-08)
(0.5999493116429768, -4.034912768622851e-07)
(0.9249678206873713, -2.754764874214723e-09)
(0.4911130893438854, -6.1419279384680665e-09)
(0.8239608126059451, -2.6873920094810817e-06)
(0.047377911108503035, -1.860295838721524e-06)
(0.6678110929495421, -2.7208232849988304e-08)
(0.703927567490243, -3.151087548024234e-09)
(0.32807627204481055, -3.9177481046673625e-08)
(0.08912798083556393, -1.0733274409509381e-08)
(0.8389732304861561, -1.5268047319128672e-08)
(0.014735993795924673, -5.533628429237383e-08)
(0.04705900491691026, -4.8470977629611766e-08)
(0.2908750305822413, -5.7157025384022866e-08)
(0.7170053523211053, -1.0166510926984373e-08)
(0.41609965749863354, -3.178579653377158e-09)
(0.7652488145671189, -4.240871783402305e-09)
(0.20063968501661808, -3.4015300201482027e-09)
(0.10317978367265872, -1.394930106635589e-09)
(0.7441384461431515, -3.2297630952920824e-08)
(0.752588937469644, -4.345393147007987e-09)
(0.33705960233954224, -2.735147991899075e-07)
(0.5095330916186781, -4.3437191000494474e-08)
(0.08791761410720422, -7.849004719832134e-09)
(0.8083078042372468, -1.731334313836604e-08)
(0.8757106752845517, -1.358906107074899e-08)
(0.24470432288472937, -2.270726743571511e-09)
(0.3691434079541911, -3.197707186192785e-09)
(0.26896256257588336, -3.878850558177966e-07)
(0.5215216281804507, -2.846514978380265e-08)
(0.9035300206738585, -4.076894492724519e-09)
(0.24437391560459867, -6.360783824588067e-09)
(0.9053530169493905, -1.0776824454224875e-07)
(0.15192364287419274, -1.6254352683583958e-08)
(0.22283211238273912, -5.020103641148781e-08)
(0.644905566948596, -1.8002291919464226e-07)
(0.9805935783947293, -1.6500691957983904e-08)
(0.5521065754442718, -5.344340500217133e-09)
(0.6109548267371738, -1.0866633625124e-05)
(0.9679539057079677, -7.882006480988692e-07)
(0.5321512919501935, -4.816146906717076e-06)
(0.3547906687812266, -6.775972435893364e-09)
(0.027387689960653813, -2.8895226251964688e-08)
(0.8043769304053766, -2.081164020199963e-09)
(0.5952883084363162, -9.471923802927324e-09)
(0.1072428516398163, -1.7742851083594347e-05)
(0.09998572339552826, -2.1231632535053428e-08)
(0.0657391646260721, -1.3743897129412437e-09)
(0.658909509755354, -2.9594102674227174e-09)
(0.7903173512659063, -4.416296938897916e-08)
(0.4414686472090021, -2.584733891521679e-09)
(0.9113895873627991, -2.880451959021172e-08)
(0.842820693072069, -7.831954546027983e-09)
(0.7768782504568266, -5.204181287343155e-08)
(0.4050294604948629, -3.3922196548696292e-09)
(0.41157012123212633, -1.3108027823748332e-07)
(0.9493261188355152, -1.9413715321466622e-08)
(0.5398065508545283, -2.6668113504572057e-09)
(0.539863261150125, -3.199637081201882e-08)
(0.7768156920234407, -1.4499757514779566e-08)
(0.4872712269744181, -9.070795391850074e-08)
(0.16807956852700628, -8.324230693301893e-09)
(0.9751908616338675, -7.163056053856487e-09)
(0.5260212235236569, -6.505660449461192e-09)
(0.5165595520398326, -1.5801107609908643e-08)
(0.7156430427525295, -1.0713399456248209e-08)
(0.5719185840867984, -1.45053435051444e-08)
(0.8734286182044936, -6.237695746727348e-09)
(0.49712028931527247, -2.8084748437851103e-07)
(0.085632401835193, -1.2931857846240386e-08)
(0.25592747048659586, -7.695687364014184e-09)
(0.4610408713678837, -6.176313742182588e-08)
(0.8165925032452827, -1.3525862553921281e-08)
(0.5321298008472355, -6.367881197061832e-09)
(0.04294723854127452, -1.3866203849311487e-09)
(0.43097360974045357, -2.133357474844688e-09)
(0.5461338530458739, -4.72264069154841e-09)
(0.4919316153378545, -2.7220757818116597e-08)
(0.049478540184368064, -1.4163709902079724e-09)
(0.9634703696530356, -7.137345051284463e-08)
(0.426696467728534, -7.163199185713324e-09)
(0.7833260847657457, -1.46942287961609e-09)
(0.5798214326567893, -5.045094164641926e-08)
(0.5680826595959397, -2.986886288571034e-07)
(0.48698497311314537, -5.912724486521139e-09)
(0.11058661453240634, -5.438099817912181e-09)
(0.14913387194052496, -6.866153602345928e-07)
(0.492264869244239, -1.7160922880113777e-09)
(0.011579603171702993, -4.353918997430469e-09)
(0.17152511064929524, -7.291759615352067e-09)
(0.40701987226796976, -5.755040871263951e-08)
(0.16690918142410757, -4.4910637173722074e-08)
(0.7890218383272303, -7.166520690283332e-07)
(0.947537753936133, -6.7022549440683114e-09)
(0.6023302772670168, -9.308652469381283e-08)
(0.5620849196320089, -4.766418006534928e-08)
(0.38766743685687066, -9.145491160363454e-07)
(0.9196868680122477, -8.156626056138027e-06)
(0.4067432355502646, -3.75299568210418e-08)
(0.8159808403268621, -9.069467963613912e-09)
(0.9066257432860442, -1.502721550381209e-09)
(0.5030237741164494, -1.8073361079065875e-08)
(0.39245611942140274, -3.382558841318118e-09)
(0.2738360580197559, -2.555909410966003e-09)
(0.6325028908166984, -7.992052412252476e-08)
(0.8713839715261503, -2.3500966568763216e-09)
(0.8559155277168466, -1.2201506465871339e-08)
(0.49090602244896897, -1.4330354160486855e-08)
(0.26761872644060375, -1.20196778306703e-06)
(0.6509168051133091, -3.270454899886171e-08)
(0.47455202894310616, -1.8336826426438932e-09)
(0.9661981796210799, -1.3392805814435564e-09)
(0.7295797776620461, -5.843609373566716e-08)
(0.5067885396286669, -1.8951884489975065e-08)
(0.9167564512032104, -1.3890997510645579e-08)
(0.9086548721445042, -2.2140128290581944e-09)
(0.19514430065565458, -2.1621305147587212e-06)
(0.5775537410022392, -5.316815785489969e-09)
(0.5851976828379668, -7.181080178605917e-09)
(0.46263968747435724, -7.883434154058006e-09)
(0.05910748683378169, -6.103153781106581e-08)
(0.24230449826684183, -4.0784623174448134e-09)
(0.8744791815901126, -1.288903929177398e-09)
(0.8707999697811927, -1.1780892761204555e-08)
(0.14304403616851302, -1.8472235472901313e-09)
(0.8808626378492714, -2.906951987397666e-07)
(0.6732321161643784, -1.3321273221126084e-07)
(0.45296433970035704, -8.913662633444432e-09)
(0.07290104155691664, -1.0182935091199662e-08)
(0.014119624046658013, -4.7547399763662033e-07)
(0.9064933479279046, -3.2197834541172663e-07)
(0.6404169770055996, -5.631607379798496e-09)
(0.8339184749592362, -3.8937590297672715e-09)
(0.02174922280569287, -2.94779135684465e-07)
(0.4245899002980293, -2.8099683248395755e-08)
(0.9093272113136308, -2.2772339416010906e-09)
(0.8535421667582053, -3.3505748571970924e-08)
(0.27562659112326665, -1.3702913897439922e-09)
(0.4290940223229123, -2.5564768368212426e-07)
(0.5871752717515605, -9.465801624478268e-09)
(0.29691371620535567, -5.941743491950166e-09)
(0.800650465191716, -3.81372353592022e-08)
(0.9048651560158653, -1.4601192936708135e-07)
(0.1893283313504303, -7.448674245249372e-07)
(0.28606548948763866, -4.1556813443604465e-08)
(0.5993201333228687, -2.793837073121901e-07)
(0.08731706157160768, -2.8503528998010154e-09)
(0.1930495878755596, -2.977006608467303e-08)
(0.15745721937081272, -4.2809454443803577e-08)
(0.16269304741702875, -2.748707936827555e-09)
(0.22061915743525382, -3.6802563071095995e-09)
(0.3445906598266588, -1.5296106235659706e-07)
(0.47312270221196884, -9.033099440194321e-09)
(0.30148916047964486, -9.090611064348144e-09)
(0.7645126132087352, -2.4280212979281814e-08)
(0.08602091841697919, -2.8144161371370423e-09)
(0.7887159760475094, -2.1260896821620097e-08)
(0.926087973994643, -1.0894375418376682e-06)
(0.3843665050833779, -2.1086437412745807e-09)
(0.2922725972139852, -1.4579503645904503e-08)
(0.13641865603020034, -1.6128242746042984e-07)
(0.5771366975641853, -6.018810416691296e-09)
(0.4210878966385301, -2.2769314421570125e-09)
(0.919911901035667, -2.2481490616140003e-08)
(0.0019062984603104315, -7.1483954969034925e-09)
(0.4398877051585337, -2.2000744646344116e-09)
(0.2982832062169126, -1.1668988996892282e-07)
(0.8969627844712513, -5.6118944601086396e-09)
(0.2955815282411628, -1.7419820697265745e-08)
(0.982435016482149, -2.5168598483521718e-06)
(0.4519634727736674, -8.784431708255246e-09)
(0.3117593704380387, -2.0694357104809744e-08)
(0.2984328142203464, -1.0420636610829283e-08)
(0.8184319763938146, -5.212706368644724e-09)
(0.8377176626942253, -8.114852742267245e-09)
(0.5551872112239837, -5.964169443618741e-09)
(0.6036502048130732, -7.329512853541414e-08)
(0.658421594617915, -1.1606090546893344e-06)
(0.3521099338100419, -3.016432665216995e-09)
(0.983405488013083, -5.7692377944335004e-09)
(0.9314566909538425, -4.518728756374392e-09)
(0.8248927780324671, -1.425398654682646e-07)
(0.5680198653003874, -4.984376714221205e-09)
(0.9221749479504224, -5.897789821559556e-08)
(0.1558034840086041, -7.236301155060049e-09)
(0.6801032114817166, -4.657749828495095e-09)
(0.5436418321355355, -1.81851293849364e-09)
(0.9423472565731429, -2.3320989026733863e-08)
(0.9268493708778702, -1.3035083462615618e-09)
(0.6872513506069892, -3.771518452936683e-08)
(0.9525615204375818, -2.7236567971581626e-07)
(0.27430103599968425, -1.3168702723016822e-08)
(0.025228434479229636, -3.2592708116215393e-09)
(0.6956562299425012, -1.604681972318036e-07)
(0.4133313178511892, -3.419005682315767e-09)
(0.5922170028311265, -1.3821560512155841e-08)
(0.4271713613969992, -6.574036108744245e-09)
(0.05282077417130166, -1.0630330935111131e-08)
(0.7412618055754068, -1.9482309709517064e-09)
(0.11044951010236817, -1.2127236056792403e-09)
(0.5245376297746398, -3.5849177365560645e-08)
(0.8692113588136118, -2.166117425226032e-09)
(0.6695669309267084, -3.6370125671989517e-08)
(0.6410662197780672, -3.4798597875967104e-09)
(0.5111977684870724, -3.7336106103859115e-09)
(0.17041577786984355, -5.567263773757353e-09)
(0.013363695415399354, -3.2644112844918763e-09)
(0.2550880089942736, -1.444276302292847e-08)
(0.24163257214907322, -4.130806904995385e-09)
(0.11797988270656617, -5.431689627400024e-09)
(0.22585317004464975, -5.329717906384157e-09)
(0.8231048459498126, -3.4812160741023846e-09)
(0.15966498727703385, -1.4756627638493409e-08)
(0.4404451772985158, -4.244314127689967e-09)
(0.7213371514453149, -2.604139618961723e-09)
(0.9930575079638441, -9.065433109447094e-09)
(0.707244693507255, -2.5473521432619627e-07)
(0.2371363081189495, -2.004786881513371e-08)
(0.8537378257272775, -1.259841069554601e-09)
(0.5158456783005928, -1.3124695687657717e-08)
(0.37836586640584585, -4.375477277507731e-08)
(0.5698055998127982, -2.762390172102534e-07)
(0.03084565642270613, -5.136871008474136e-09)
(0.2529303612024471, -2.101591577206865e-09)
(0.1443997017751403, -3.0426021487891104e-08)
(0.6785810379514559, -7.560597882888869e-09)
(0.8417182501846103, -8.633952270579567e-09)
(0.8994312225583388, -2.850463362335898e-09)
(0.8945851234721625, -2.119933130735735e-09)
(0.028413124196858097, -5.149742455040372e-08)
(0.2191993958559258, -5.553366338843877e-07)
(0.7557994020521095, -1.6313584631360567e-08)
(0.8545843516009877, -3.6201197061150056e-08)
(0.23002962140974623, -4.98187426981094e-09)
(0.009525960315770009, -7.614731198399045e-08)
(0.0022159216786682406, -8.368956594659126e-07)
(0.34116862478711707, -5.004945853881234e-07)
(0.9643666008165293, -1.1926643171008208e-08)
(0.38489260216626353, -2.632154262573415e-09)
(0.554795594556603, -1.956598774225985e-09)
(0.5617607044676173, -2.2836036308732913e-08)
(0.976592201143736, -1.3792708495795757e-09)
(0.6488877182577325, -1.6523121300252908e-08)
(0.06135125817068299, -1.633259123673659e-08)
(0.7952500707656815, -2.3346467306356778e-08)
(0.26918890890816144, -1.1500576033707318e-08)
(0.4484545637808865, -8.79261829467959e-09)
(0.8106533255279896, -3.027859529966818e-07)
(0.36812939273852613, -9.673047193609618e-09)
(0.30774647757850215, -3.02895546523712e-07)
(0.6169960976165169, -3.465300295003385e-09)
(0.313377519167377, -2.2926759109372726e-08)
(0.4452875141014238, -8.224630254309816e-09)
(0.9433478716332592, -8.791442563532176e-09)
(0.6239759436347029, -3.8964104556460014e-09)
(0.6634128555914932, -8.436168525063726e-09)
(0.5138783390814121, -1.9771279756752e-07)
(0.42500370798967885, -2.4909794529608465e-09)
(0.39108935423239966, -3.3394002478720895e-08)
(0.16839812291404993, -1.672127869337432e-08)
(0.18678992948717293, -1.4241843561295133e-09)
(0.7961228589055485, -5.787840694704136e-09)
(0.4723667508342984, -1.0593735623101358e-08)
(0.19367581827908567, -3.1881145246325054e-09)
(0.8675377476520659, -6.9333319057625826e-09)
(0.5087371158252773, -1.5032503889612556e-08)
(0.9147980220077304, -5.62332315947355e-07)
(0.2971486721480478, -0.0001080183371801364)
(0.589362991856831, -1.2524176465422072e-08)
(0.5037543080842579, -1.4138393938347994e-08)
(0.014826372985384435, -3.1295063002984897e-09)
(0.703231694117266, -2.0792897905170727e-07)
(0.9674386487002554, -2.111614895220799e-07)
(0.899964054560675, -1.6914575805241145e-08)
(0.22429000416568945, -2.6196879870298567e-09)
(0.3484122657650972, -2.4346044476071247e-08)
(0.3089927946046761, -3.0894397372656863e-07)
(0.3118367402533076, -9.63569062800267e-08)
(0.924321651588202, -8.009654347320302e-07)
(0.8915037971588042, -1.049204088750017e-08)
(0.2572102667169711, -2.1624661433624595e-09)
(0.8124186809017522, -3.4779069103587335e-09)
(0.23685530145100145, -1.3012520531480823e-08)
(0.6566857907776109, -5.915344287506107e-09)
(0.6456794873613294, -2.904096747949155e-05)
(0.4268716971649867, -4.489096036820123e-09)
(0.9217175253450957, -3.054428427011292e-09)
(0.7423718049324818, -1.6275904844559486e-07)
(0.4353843467794516, -1.48475523993307e-08)
(0.6405518951848436, -4.613032953208688e-09)
(0.6211551308405112, -7.089139233792781e-09)
(0.2796353482574352, -5.4486273070921084e-09)
(0.07749290722073558, -2.5216402572259924e-08)
(0.6008984844318883, -1.113619247559641e-08)
(0.7427286059866053, -4.380730909858736e-09)
(0.7820378447569517, -4.270974924323021e-06)
(0.14048534008690305, -8.95035972691305e-09)
(0.6858234154260668, -1.1738716170309838e-08)
(0.7282756491529223, -1.0051727814941875e-08)
(0.7816938867544514, -1.7534566403995522e-07)
(0.5211859676113781, -4.457170913593513e-08)
(0.33951557421744494, -8.175568806977746e-09)
(0.8050119879607709, -2.0715050139934766e-08)
(0.0010896915030841462, -5.379206084882953e-09)
(0.6765492059995816, -6.684909522872518e-09)
(0.8060367646532139, -6.80267367453067e-08)
(0.23646819046040599, -1.2548227707300986e-07)
(0.4389665386229952, -4.807277423177444e-07)
(0.4714415684983382, -1.692853921158031e-08)
(0.8162028267608669, -2.5400793729738083e-09)
(0.6147293532037699, -6.49488774924767e-08)
(0.5049004958345071, -1.8465714655662159e-09)
(0.23417811024702187, -1.2309052765456241e-06)
(0.9076531201054544, -1.1294477448016261e-07)
(0.18744299425416933, -2.829306133590562e-09)
(0.2337398257254353, -3.3042577299237566e-09)
(0.43929957728435326, -1.0627893554174432e-08)
(0.5736060846666641, -2.7131061699010027e-09)
(0.4903910432324739, -2.353730005748268e-09)
(0.1484042170049692, -4.735482505723368e-09)
(0.01826749088253403, -8.294331215702362e-09)
(0.8536112900230234, -1.645754409351359e-09)
(0.05009914082340895, -2.2752768614975378e-07)
(0.7996663220308654, -1.8479362015837134e-07)
(0.7425095695827504, -1.051036174669264e-05)
(0.6067375250099585, -2.234634612988264e-07)
(0.47965560651142547, -2.399202382921038e-08)
(0.7666546486304102, -9.193586646787284e-08)
(0.7964180885527172, -1.8704267288961424e-08)
(0.48961834569873613, -2.0407018586872795e-06)
(0.49657752579842723, -1.4495225435264484e-07)
(0.6616540903774818, -1.5409465246025234e-08)
(0.07460387767553928, -1.7129896808929083e-09)
(0.8231440859233963, -1.0418164135058352e-08)
(0.6138476352704002, -3.0559505540041697e-09)
(0.18245063776038165, -2.2832531468044538e-09)
(0.4096905889476188, -7.03996346217119e-07)
(0.9531939879864886, -1.7264341725405427e-07)
(0.7717684371396625, -1.6662770292434196e-09)
(0.6580899025240203, -9.494143576204061e-08)
(0.8887723169508497, -1.0376047662260719e-07)
(0.3884762208652359, -2.8550970330330513e-09)
(0.16117084864364198, -1.3196558926446346e-09)
(0.2724324366738247, -1.8014288411376385e-09)
(0.3426556576235137, -4.376839130430055e-08)
(0.28409596971970885, -3.199477935818739e-09)
(0.8822752753411114, -1.8622057731302043e-08)
(0.8285537253634101, -1.8627669679684125e-08)
(0.6059454907107662, -4.754413784392846e-09)
(0.16495033367459216, -3.549611890392793e-08)
(0.34776647965271806, -4.7900327895970084e-09)
(0.6200739195905375, -4.63481107127273e-09)
(0.8570983164356165, -1.3603082841395823e-08)
(0.7369424874435159, -2.3586787442862536e-09)
(0.6536041783105241, -2.8321498805194265e-06)
(0.030035868138003175, -4.605145116277342e-09)
(0.06606853257320872, -8.08041657242104e-09)
(0.31563169333842556, -2.355448047892933e-05)
(0.27897042146718476, -4.200153270101681e-08)
(0.42738455334123937, -2.585532127390443e-09)
(0.18073145916036842, -3.266088270693057e-09)
(0.3316689808959059, -1.683618622609321e-08)
(0.9859316514642519, -1.4190618636382452e-09)
(0.9960003814010953, -4.719716842699442e-05)
(0.04654937779692623, -1.1519277425481077e-08)
(0.25589603465889416, -1.5400085478583282e-09)
(0.5271119564247416, -2.921473820300828e-09)
(0.6928351328844681, -9.89475998971282e-08)
(0.334312422209841, -1.7307328635317392e-08)
(0.5385039178797514, -2.7755094768269226e-09)
(0.05546604903989071, -5.4118471857010234e-09)
(0.6363473635788037, -2.8798424330018592e-09)
(0.40153623873733846, -6.238591652839074e-09)
(0.488145672021383, -1.1690404814813783e-08)
(0.8236905431615399, -3.706146949539031e-09)
(0.030148856799656447, -3.630149600289671e-09)
(0.17800473948819123, -3.2953595533675377e-08)
(0.08449178994723723, -3.550770305615544e-08)
(0.6561435639185745, -7.67215035665475e-09)
(0.8997527819324553, -4.0406472174456007e-07)
(0.7980161446087751, -2.8931820687655103e-09)
(0.7152041156854783, -2.161548078672851e-08)
(0.24759378349422573, -9.30472351131188e-09)
(0.10506911687334632, -9.76894090713565e-07)
(0.18263512431492576, -1.2767063968144837e-09)
(0.9918394674970189, -9.496871392396489e-08)
(0.23056197377417895, -1.6011553725107646e-07)
(0.8223186163395642, -3.007259704879176e-09)
(0.022828446718276583, -1.2681289641833392e-06)
(0.3503632082557599, -5.7166127283838777e-08)
(0.4785486599985347, -1.6714038092405455e-09)
(0.34229114604945626, -1.7468521303093262e-08)
(0.009904352937596426, -2.313510392862288e-08)
(0.2518950271647177, -2.5175041754910935e-09)
(0.41169282074532504, -1.0922541072939281e-08)
(0.5071897143770723, -1.7991905356741617e-08)
(0.16100097976967165, -1.3935658954817896e-08)
(0.3812663636914823, -1.9725327883611305e-08)
(0.758842374210288, -1.2943019004773492e-08)
(0.3083153721781485, -1.1411794432208695e-08)
(0.8037369547955449, -1.2970271120192147e-08)
(0.4181587682297682, -4.0456637853264704e-08)
(0.7107072136114937, -1.5256195254777425e-07)
(0.9924791991073862, -2.3935282900618224e-09)
(0.5145723712686525, -2.847002260446849e-09)
(0.0006704303292638257, -4.514479852437044e-09)
(0.13730294300304113, -9.520759331801912e-09)
(0.6644284079521364, -2.2807190998132872e-09)
(0.5305351411060554, -5.2896640393951865e-09)
(0.6444974460511321, -6.418281211845594e-09)
(0.8965354800284822, -7.542648014718801e-09)
(0.10851481792846288, -4.844986912324722e-07)
(0.046694975760690795, -1.931369175884873e-08)
(0.5364376224123243, -2.2078712591550077e-09)
(0.2195608600749132, -6.169337048098836e-07)
(0.65213708391436, -1.0939802456112517e-08)
(0.4666796965912286, -1.9984360108415163e-09)
(0.4053279806977466, -5.803766569982534e-08)
(0.7524779596343218, -4.635766398914299e-09)
(0.009901796074720377, -3.4986412582470047e-08)
(0.9490630496161727, -1.6013902774158691e-09)
(0.6709364751452218, -5.183893567809128e-09)
(0.7077033473754075, -6.9079119791314845e-09)
(0.4569642559208453, -2.507430043271767e-07)
(0.25833082484464465, -7.76251285446844e-09)
(0.7934475462508704, -3.394938191845699e-08)
(0.43245502723943796, -2.9786629941629703e-07)
(0.6424811199207173, -7.069470433307557e-07)
(0.8145243857375, -2.065968741981175e-09)
(0.5710853100224356, -4.637881720775121e-08)
(0.9477039799029254, -1.1654761634735101e-07)
(0.5616406038940536, -9.600585597163376e-09)
(0.5109473044972449, -6.045943126578005e-09)
(0.7875223355474632, -2.370572453955615e-09)
(0.8006495756123786, -1.694133260661086e-08)
(0.4966035356338045, -4.25791409142053e-09)
(0.07555626680137704, -1.3063497032574317e-09)
(0.5162963741618551, -2.26226409223522e-08)
(0.9379902580466906, -7.730117117485144e-09)
(0.9888697418027862, -5.720588067368011e-09)
(0.018490418468658464, -2.830255078187198e-09)
(0.7077041393195393, -3.752533218970276e-09)
(0.701569883062088, -5.6627644228283395e-08)
(0.16856465322851344, -3.692926968739114e-08)
(0.7040376853456689, -1.5860111247394935e-08)
(0.09990036711961468, -1.837796638764752e-08)
(0.49078522263469576, -4.051054456987278e-09)
(0.036229163766763314, -6.775156421776819e-06)
(0.7771305272990607, -3.973445184370521e-08)
(0.4040000524848274, -8.856393146607517e-07)
(0.6780101922512652, -4.934254133831856e-09)
(0.933435210730163, -2.9320540744874397e-09)
(0.5440707618133939, -5.9511828061951446e-09)
(0.42063351390816817, -2.1940349437285142e-08)
(0.3075731560833372, -2.0758441858334674e-07)
(0.8315247343155279, -1.3588244162327917e-09)
(0.5497531390647726, -3.204756172137327e-07)
(0.9463901402215906, -1.6881615990600602e-07)
(0.3056420708885132, -1.690895325823766e-08)
(0.446737427856736, -2.496722888529175e-08)
(0.36569581190991207, -7.736576534600176e-08)
(0.15192347994494904, -6.538647476494099e-08)
(0.869544045857766, -7.82719063736504e-09)
(0.891254082792517, -4.244977984539243e-09)
(0.38022874967217346, -1.317603361596212e-08)
(0.4745035624175685, -3.309529934695425e-09)
(0.23471347050104713, -5.048223409045161e-09)
(0.3211053426164284, -5.416690263454475e-07)
(0.7854978506150456, -2.0357895063183287e-07)
(0.2825248102976808, -2.4623946798000688e-09)
(0.1667009413681449, -1.4831465871989008e-08)
(0.3119352177610435, -3.251067893110345e-09)
(0.2655654236479304, -1.3349325233178698e-08)
(0.6016445554251368, -1.4255411226383347e-08)
(0.32213990191097197, -9.242356994316873e-09)
(0.4284973566037307, -1.2341983267392181e-08)
(0.2683730228092474, -4.465483077853491e-09)
(0.07234043082502811, -4.6350659885054684e-08)
(0.5978437288771065, -3.43929253470266e-09)
(0.09407038027240361, -7.177165559666752e-09)
(0.19439993980025363, -4.018490128040833e-09)
(0.9493354428269165, -6.88908981960668e-09)
(0.6004748000131901, -4.020122812929473e-09)
(0.3498301371500474, -6.7531960541212435e-09)
(0.7670702251368628, -2.250061938297586e-09)
(0.20860176467953265, -2.006280525240792e-08)
(0.30034583198440656, -1.523922562319686e-07)
(0.8293226755935235, -3.856468885827074e-09)
(0.0864672878123395, -1.8017127065814815e-07)
(0.4390133477485226, -5.2368065807543605e-09)
(0.7476422343216317, -1.9169832514665755e-07)
(0.8145802796521578, -2.0411342291232453e-08)
(0.11222346562218077, -1.3067586906174373e-08)
(0.5446984454224784, -3.6065396264716463e-09)
(0.5974657483941525, -5.245502665446006e-09)
(0.15324163092346968, -1.0100895553192819e-07)
(0.2990310131668639, -2.613850980187612e-08)
(0.8716328780262774, -8.13575437494223e-09)
(0.7454497922824492, -7.000713531538373e-08)
(0.6215833720386176, -6.893742860223355e-08)
(0.6668363586710793, -1.4072043915498597e-06)
(0.5160850506122113, -2.323115828414996e-06)
(0.41658478253622633, -3.034990294685044e-08)
(0.6863726011916365, -2.5905177720056514e-08)
(0.42301016858145735, -1.9007918657259535e-09)
(0.9043439221326592, -2.0714126247915195e-09)
(0.6739253061739913, -3.581821445912008e-08)
(0.30446456827006724, -1.1379334654957914e-06)
(0.8028111595132839, -4.193943787741132e-09)
(0.1556325340509278, -2.407656547751727e-08)
(0.09716243172256164, -2.8786433310498217e-08)
(0.3540957576607955, -1.949860120478143e-08)
(0.8776977300521319, -2.7448506779539313e-09)
(0.6824030351126172, -6.517904688346437e-06)
(0.434563048339741, -1.3260973085300767e-08)
(0.1753689663134442, -1.0714243970190132e-08)
(0.6181697627788413, -3.335338400608063e-08)
(0.814066219412743, -1.2982758836051035e-08)
(0.007595080595680325, -3.2388039458547105e-09)
(0.032529426431397016, -4.8113021527096876e-08)
(0.35012777677794427, -9.44436233561423e-08)
(0.32991573131475643, -5.875690636831132e-07)
(0.2958305291539901, -6.992422050596807e-08)
(0.21703470531017593, -2.4838427076971546e-08)
(0.7083055730245015, -8.375809684664898e-09)
(0.5077217117727337, -6.535256410265609e-08)
(0.5604473444688687, -3.429625763551159e-09)
(0.26737110813534354, -4.1853721832157824e-08)
(0.5750761787168789, -7.904225236014264e-09)
(0.9514273003667808, -2.195148129094687e-08)
(0.5533688439896939, -3.3004952542240865e-07)
(0.6736659665808702, -7.970921112577702e-09)
(0.38537883507078347, -4.154615305287355e-07)
(0.8245760415226232, -3.0219656621063796e-09)
(0.07786497652102602, -2.7992462741029006e-09)
(0.1245180279707386, -9.092560320774892e-08)
(0.7242975651443738, -1.9316914799628897e-09)
(0.3538104579770844, -1.6361261617550776e-09)
(0.16834682473380905, -3.7546131881358315e-09)
(0.6082410140215919, -2.1800153164451627e-09)
(0.5706713783690686, -1.490562102793265e-08)
(0.9108405857259573, -1.1150765075238879e-07)
(0.06540997837223389, -2.1244958940303105e-09)
(0.24512934036990172, -1.7914584162261074e-08)
(0.5967786309470959, -2.6334428724838347e-08)
(0.09282115216620881, -3.4207793109142102e-09)
(0.6717133607244646, -1.2903763052649826e-08)
(0.6402248662698828, -2.9549074336666907e-09)
(0.3010801045944872, -2.669273166123274e-07)
(0.8806937282432697, -5.058540105883507e-09)
(0.7157615979157672, -4.881923562360403e-07)
(0.34928255115196427, -6.160354516961234e-09)
(0.8371652652678372, -5.527352205138555e-09)
(0.002129351089641269, -1.8254167955868586e-09)
(0.840395423495374, -2.605290776543754e-08)
(0.30313270022039146, -1.9649758331300446e-08)
(0.21312255691514376, -3.282631668528413e-09)
(0.004264572877025611, -5.678553939750041e-09)
(0.563301741595219, -7.888639122393846e-08)
(0.5356419793773596, -3.119288876636801e-09)
(0.07942486650276805, -1.7751563240423183e-06)
(0.07456605052171031, -5.087065581043879e-09)
(0.6757460485319174, -9.490698549610905e-09)
(0.7830508871894323, -4.10381447031332e-09)
(0.17851913035162084, -4.3535542184819917e-07)
(0.9491119163004542, -1.6638834232138721e-09)
(0.6499425686023779, -3.5085719586280792e-09)
(0.5081784818359562, -4.417638436777096e-08)
(0.024711318104519545, -5.585465827915451e-09)
(0.3405877062270668, -1.7646102820017107e-09)
(0.929850732795786, -1.680337291078457e-08)
(0.4407385694458609, -2.1768134645237843e-09)
(0.6293358725371335, -2.1925602059284242e-08)
(0.9899845122769738, -4.317976588521642e-09)
(0.343002415408155, -4.689732854491415e-06)
(0.04769498834048332, -4.920677045799429e-09)
(0.9531650337942988, -3.36141720010851e-08)
(0.44275003861729845, -7.162475716160803e-09)
(0.45162793973622367, -2.435420944640052e-09)
(0.9143613106527166, -2.6711143467569833e-07)
(0.2090783510523199, -7.290835466155641e-09)
(0.9517862837237514, -2.1081476761491217e-08)
(0.004421438583458712, -1.8632994340070562e-07)
(0.5039615349930971, -2.091952197389204e-09)
(0.5158392941442889, -5.244952324534468e-09)
(0.775530074797363, -2.5679555260256515e-09)
(0.9812983236616613, -3.9254955900266074e-05)
(0.17023248961772086, -5.034178640214441e-08)
(0.14530262483155368, -2.623756179972649e-08)
(0.10598230384717083, -1.316267529775395e-08)
(0.3168830162267747, -1.5056067601980116e-08)
(0.3748974003047599, -6.413214268102251e-09)
(0.3198840520623384, -1.911468926161459e-07)
(0.7478083586488062, -8.530050576420244e-09)
(0.897539045056691, -9.980103293810167e-08)
(0.5679864915988861, -3.5057562100065177e-09)
(0.11525207550535498, -1.7123146377349182e-07)
(0.9664416350441566, -9.205566264171445e-07)
(0.35204408182272173, -2.9728482079264263e-08)
(0.5263682512874331, -1.7774577026188892e-08)
(0.37589485342312584, -4.185172705606502e-08)
(0.6932367392603871, -1.0102107322548869e-06)
(0.7247268070771743, -2.6174481589140136e-09)
(0.14682286051660773, -8.519336295430954e-08)
(0.965463842649437, -2.268768149457368e-08)
(0.6445434944466145, -4.5880127298883004e-07)
(0.6009341864140402, -1.0169508298867436e-08)
(0.038294198705072294, -1.527100380475537e-07)
(0.8427863576524487, -6.9947824327004e-09)
(0.632278618951566, -3.4417166356139326e-09)
(0.6196813322679362, -3.708056124247295e-08)
(0.9742092891490655, -1.3841692583869806e-08)
(0.8108315921541308, -1.7632484134226464e-06)
(0.29300307278580484, -7.995189473861387e-07)
(0.40681760907307557, -2.418476178492937e-09)
(0.17401077297221063, -1.2204495243523224e-06)
(0.31004626191152995, -1.0969867950874048e-07)
(0.4994618223487027, -3.4917333032491904e-09)
(0.858922190558338, -2.0560346841302525e-07)
(0.8113038354404556, -5.9371256801004085e-09)
(0.8167058675825155, -2.34170845343867e-09)
(0.19298919193702785, -2.639701741188884e-08)
(0.9774389550108067, -7.615069381346064e-08)
(0.21083253093070872, -7.828152173357799e-09)
(0.5647709531157337, -5.604226348377004e-09)
(0.3414170376959775, -6.713661343214415e-08)
(0.31832615431923805, -2.1642661212061228e-08)
(0.18111678706606577, -8.251543674409053e-08)
(0.2173482609398108, -3.984457872712168e-09)
(0.1993625481998555, -2.914092375186141e-09)
(0.14729287179705078, -1.7114161717954647e-08)
(0.5153075524592708, -1.3733966767093362e-08)
(0.13750269928052058, -1.4239035220373542e-08)
(0.26427733801650016, -6.8974610744885115e-06)
(0.643419387367669, -9.807836911220418e-07)
(0.9722368253755763, -7.940799427276268e-09)
(0.6186695158887177, -1.816521473616009e-08)
(0.3823105365103966, -3.0931159702756143e-09)
(0.4063037237261078, -4.7419418343361514e-09)
(0.13211297954662346, -4.329341142171551e-09)
(0.5807510272505281, -1.8258628458722443e-09)
(0.6371271580416407, -3.7843341240430386e-06)
(0.5158562397016413, -1.2742710966413068e-07)
(0.21019111235052218, -6.3712800568114125e-09)
(0.7929064313156761, -1.0133892124846701e-08)
(0.7706175537490789, -2.5725634995631206e-06)
(0.6015899273294139, -1.4978557720063004e-07)
(0.6393796227158207, -1.5596514308371474e-09)
(0.520436557110872, -9.282062429925968e-07)
(0.4320503383145278, -2.123663512671043e-08)
(0.36705914571948295, -6.073395501232793e-07)
(0.7356104965410476, -2.46566490496862e-08)
(0.5901976427452498, -4.327041391714697e-09)
(0.9696346175923961, -3.673644213284065e-09)
(0.6355421645552297, -5.679327833848922e-09)
(0.53478422745332, -1.119848221261757e-08)
(0.5625637373271414, -2.8062906831300746e-09)
(0.4985693010804551, -1.4789722715164419e-08)
(0.6988095335730383, -6.035437119028427e-08)
(0.26279446440471654, -2.8545108594925954e-09)
(0.812330866623987, -3.6412601260876564e-08)
(0.9111471219102126, -8.871626290565938e-07)
(0.412120134848831, -9.175583806276207e-09)
(0.828786506404925, -3.6779761091072814e-09)
(0.6275235317675035, -3.512744773899523e-08)
(0.10834855866072747, -7.749449279668567e-08)
(0.022725986330841677, -4.1679311753994334e-08)
(0.6169767583749242, -7.4111668160916e-08)
(0.4597127126316808, -2.0170833218242854e-09)
(0.9690133251603974, -3.0096811332645183e-05)
(0.1790959383116241, -1.527866814731649e-09)
(0.23193103754357913, -2.410656287418827e-06)
(0.6111391793199547, -1.7378023619037783e-08)
(0.2335750449131643, -1.7562617620255807e-09)
(0.5872058137391786, -3.8360842007673365e-09)
(0.46425828128195307, -1.6344335853087507e-08)
(0.25955712132121883, -4.7681625506582137e-07)
(0.3240572523241355, -3.6415770000817177e-07)
(0.45169233016850524, -3.321399994950304e-09)
(0.6909405380952134, -5.169139418945946e-08)
(0.04685179986996262, -1.4977212461999543e-07)
(0.5803467754964792, -1.7507778926993682e-09)
(0.2507912984679648, -4.296995223852383e-08)
(0.8130415384687862, -3.5633942788509105e-09)
(0.18155478987008847, -2.9162378875272823e-09)
(0.8372761951199749, -2.606539915639017e-07)
(0.7399252829109818, -3.074387150094846e-08)
(0.3704884211720092, -2.1005045165356918e-08)
(0.6066207732749402, -7.50486685891477e-09)
(0.44134297886050056, -3.7404939352361535e-07)
(0.7718226507459582, -8.114352186504671e-09)
(0.5212348614866545, -7.234192584263124e-08)
(0.25186492559248747, -1.9503384716299116e-07)
(0.7449191885819453, -2.272075245541158e-09)
(0.9485903090776943, -3.586260965756472e-08)
(0.134914136062131, -2.5414910361946152e-08)
(0.018295235735149823, -2.6586608225389895e-09)
(0.7252649253227806, -1.2902305860646158e-08)
(0.9229827520093831, -1.2662690724662749e-08)
(0.5057156442173784, -1.974583416771184e-08)
(0.3960699243074151, -2.1542705287716593e-08)
(0.5824197886513774, -8.179465573755106e-08)
(0.17766439700771813, -6.690209580601464e-08)
(0.34658844207014106, -7.945261857147814e-09)
(0.006058448292021085, -1.469900005173811e-08)
(0.5462585767123838, -3.635722133664605e-08)
(0.36642207142463123, -6.585304095955689e-07)
(0.7232936678852206, -4.079658733823128e-08)
(0.36976268774715715, -2.3668577383396741e-07)
(0.1063509007838202, -1.8814811584555377e-06)
(0.5529987407344904, -5.51217097053251e-09)
(0.17890447872449772, -5.995603193273357e-08)
(0.36840300777005275, -8.556961933918162e-09)
(0.2259030712099296, -7.646580951121684e-09)
(0.5539996648216131, -1.1572488929074667e-08)
(0.9960401626513562, -4.3702410252839376e-08)
(0.49035452208891545, -4.559793346465389e-09)
(0.9575841293954545, -6.486803130707926e-09)
(0.7650020625530666, -8.624632756074567e-09)
(0.8000428821979126, -4.73535255532389e-08)
(0.14263674896437745, -1.2198341200317748e-09)
(0.5512145179608344, -1.6667338374251388e-08)
(0.11096437629378159, -6.413020522081676e-09)
(0.6919705768843221, -7.254337618274922e-09)
(0.37070392297083815, -9.180558374273093e-09)
(0.6960708452062476, -2.2283100127640984e-09)
(0.7879354664583952, -3.177215809619298e-08)
(0.5609595457522437, -8.207060757173265e-09)
(0.5648162411484945, -3.3005743921677763e-09)
(0.5073579284159242, -2.001917209132736e-09)
(0.752034720554135, -6.697840038536473e-09)
(0.9263238411114647, -1.5230183349738635e-06)
(0.5897705581178925, -3.405688343127169e-08)
(0.9815117920569066, -5.630715615293262e-09)
(0.5823270042937146, -2.3880173146137053e-09)
(0.6984501711845889, -1.4841730435015007e-08)
(0.8716865194568045, -3.976435364076409e-09)
(0.21230074159428172, -7.058333433909345e-09)
(0.014881706888579795, -3.711105791281894e-09)
(0.6895617374088354, -6.3520800338695515e-09)
(0.13049444669004945, -5.0227171737243354e-09)
(0.030154141534430384, -1.0771919530263684e-08)
(0.46079787511625453, -2.586505132458813e-07)
(0.6285723356965354, -3.6819817077520363e-09)
(0.563448488006849, -2.0185563809230766e-09)
(0.33688304738410607, -5.1979257558198525e-09)
(0.4949550382954996, -1.3467277607556619e-06)
(0.4572918989836382, -1.7877273748298244e-08)
(0.13686995187152542, -6.596676191494341e-08)
(0.6005375868022587, -4.93793569791014e-09)
(0.6606672141003, -2.831544071408315e-09)
(0.6132797963464034, -2.663167155269899e-07)
(0.9035058583915384, -1.5239356409749428e-08)
(0.9535649802936984, -5.3362553854371455e-08)
(0.2053676702956392, -1.1454129903423823e-06)
(0.5357629025532398, -8.036413691315026e-08)
(0.7753081873488005, -6.381036608186975e-08)
(0.3143101538532985, -5.704942883964897e-07)
(0.8815717238763582, -4.292531498390799e-08)
(0.17144986507436333, -3.6084544657202216e-07)
(0.07126170904372736, -4.962105333152934e-09)
(0.3507581957507491, -2.1978311772198152e-08)
(0.28693481188220027, -4.5732478984472325e-09)
(0.2937255527612408, -1.0347705721295955e-08)
(0.43386940623678194, -2.875248987765298e-09)
(0.491239074600084, -1.2718296084795871e-08)
(0.5424040108883521, -2.8031810955867924e-08)
(0.09840220894033316, -4.00954997047357e-09)
(0.6867247985053716, -2.7360956386865634e-06)
(0.35475030947770936, -3.351702167488149e-08)
(0.9273536422086801, -1.0592041559080895e-08)
(0.9026201498763378, -6.100611041915207e-08)
(0.8123934908131267, -9.204122101847794e-07)
(0.4558439171929202, -3.6397898770449243e-07)
(0.20642665072425817, -6.288206473298834e-08)
(0.87539345759933, -2.2978331525480356e-08)
(0.7736241590262728, -2.3585106662685724e-09)
(0.5141784819949979, -1.8606985166262262e-08)
(0.4960160008752955, -6.215493285239796e-09)
(0.45110823320426235, -1.4530159298053867e-08)
(0.1417971310191971, -3.845938289430351e-09)
(0.9106902154186265, -4.409779462710441e-09)
(0.16194449446586642, -3.335826917148901e-09)
(0.0657026074439039, -2.048380130233869e-07)
(0.0775219123459456, -2.54135026773716e-09)
(0.4643410621890606, -7.776550483594307e-09)
(0.4522128490683754, -9.359688165794319e-09)
(0.6472132058595812, -3.719378567035071e-08)
(0.5873969213477946, -2.6685419166759394e-09)
(0.06920348207848971, -3.4796981223179807e-09)
(0.4250765958552891, -1.2745427921417487e-06)
(0.3194462607796302, -5.554012320691876e-09)
(0.5091984106122974, -1.2182006563816741e-08)
(0.5778401661118386, -2.4906888387234717e-06)
(0.7375851234507635, -2.3006144159912464e-09)
(0.5229049617944969, -3.643429086776402e-08)
(0.22089365646238993, -4.685929254423899e-09)
(0.652752844196342, -1.4342245293163134e-07)
(0.5945649606000483, -4.993535114975356e-07)
(0.2710015717994197, -4.7659323210745456e-09)
(0.6727060217052434, -3.57101876625051e-09)
(0.29424248142266385, -7.02386339176081e-09)
(0.9825584364928936, -1.715811087729982e-07)
(0.5009550062351101, -8.14848925491485e-09)
(0.880235141479533, -1.9436634869518578e-08)
(0.4067611552109013, -3.1809382868858284e-09)
(0.8217846994025753, -3.3695346292030365e-09)
(0.4930986181677808, -9.136639788206779e-09)
(0.5086642863142858, -1.1182866295595168e-08)
(0.6975209815381882, -1.0065084862462087e-08)
(0.7196474448837711, -2.9867301578126104e-08)
(0.18630424492859382, -1.6585061117281792e-08)
(0.8001227737875757, -2.5576688580410416e-08)
(0.5920708342175602, -1.3855202897234894e-07)
(0.2525753982685443, -3.850469920132327e-06)
(0.9295849917009728, -1.5100594719232603e-08)
(0.8210418268827029, -6.769701252965746e-09)
(0.015686054539199402, -1.5106045226783662e-09)
(0.9035271378730861, -9.726638004312332e-07)
(0.5207417622768511, -1.740776764249907e-07)
(0.349111097534106, -1.966944424865485e-09)
(0.5425824724250726, -7.893081298737728e-09)
(0.9357569258227985, -5.524753518668894e-09)
(0.4006268701234748, -1.8039707149862784e-08)
(0.45378414007457063, -4.691504008361913e-09)
(0.9795848906756554, -5.555043939924035e-09)
(0.7956421689775757, -3.4998647886214042e-09)
(0.26908721798155105, -5.459263128134694e-09)
(0.49947175987052184, -4.086338698722247e-09)
(0.21084887567840976, -1.8971530505597555e-06)
(0.33831398062020485, -1.3132792719213312e-07)
(0.2023301171204, -1.9417258013351076e-08)
(0.3166690550412597, -1.4740811685009e-09)
(0.8345565467343374, -5.9518287644720874e-08)
(0.4991009495125149, -3.252178662023534e-09)
(0.6223641774525956, -4.197277614721376e-08)
(0.401461754378074, -1.268454479296919e-08)
(0.3167617771842913, -3.417121514878747e-09)
(0.49826571010427684, -8.309965833699182e-08)
(0.8719493712373191, -6.853455900004324e-09)
(0.20285014691093334, -9.193810637749271e-08)
(0.518462374260223, -4.190386377284889e-08)
(0.7707820453294956, -1.4312261473703623e-09)
(0.06674544858099551, -7.431465976101978e-08)
(0.32800252899112614, -3.7199199870658645e-07)
(0.9604422664689193, -2.7869530690746534e-08)
(0.627347530045265, -6.40142533293589e-08)
(0.35771537026252725, -2.1539208620998894e-09)
(0.9924718568006767, -7.835204406145924e-08)
(0.2294860270079792, -2.033328854938062e-09)
(0.5265916917076447, -2.529029485002591e-07)
(0.38615538949340117, -4.597120640095479e-09)
(0.9949502848650295, -1.9941979437236966e-09)
(0.9618082181315952, -1.1746642018268971e-08)
(0.7032184185162449, -1.2912238655044321e-06)
(0.9562242052055114, -3.093773671857428e-09)
(0.3261508511356633, -1.886546244743004e-09)
(0.8755394393941223, -1.2256961242609667e-09)
(0.2202163174015741, -7.814797432212126e-09)
(0.08209390697666108, -7.287793350717262e-07)
(0.9060836475549425, -0.0017097913906329847)
(0.20918963097616528, -2.3183824893144406e-08)
(0.8214539906537058, -1.2368118693307328e-08)
(0.6427433522037723, -1.2331634359103033e-07)
(0.7445191996621664, -2.3135687007576798e-08)
(0.9400982544189892, -1.2634686383717408e-09)
(0.24266395493967036, -2.9830253541580334e-08)
(0.4403584675887938, -2.992919233405539e-07)
(0.48646298862585796, -1.714941502010026e-09)
(0.09039067971170353, -1.2577078463047694e-08)
(0.23082588504268825, -1.2717115934699919e-08)
(0.9063549065959645, -2.6716422243028843e-07)
(0.09443841785489901, -2.275834910979569e-08)
(0.4786893847706518, -1.2221117005135835e-07)
(0.1742589302762097, -4.885566632395568e-07)
(0.07284332430373434, -1.8079155518172997e-08)
(0.5863114258800209, -7.102951331756162e-09)
(0.3681537329292088, -3.0015197591401744e-07)
(0.5470775262732632, -3.4638634931395324e-08)
(0.5796993504134884, -4.968794722126308e-06)
(0.5615766486614333, -7.06419423908225e-09)
(0.4883309123811234, -4.886506812721461e-08)
(0.7672191922522018, -2.9334378506956198e-08)
(0.09929841722896217, -4.45392832905153e-06)
(0.8949197125605869, -1.1226546210593068e-07)
(0.6972980323285488, -1.321197808264694e-07)
(0.012963411027501101, -4.0014812793656694e-08)
(0.6205332203402835, -2.088174080292693e-09)
(0.7762325631804613, -1.4588747824513633e-08)
(0.6454030640559202, -4.780320671575526e-08)
(0.5821216979784287, -3.2276313540004923e-09)
(0.16323746533359795, -6.313912710684953e-08)
(0.5861030764098674, -1.1161350900798564e-07)
(0.9972057354816434, -1.3270435199676953e-09)
(0.6104633413543056, -5.411640024270945e-07)
(0.7040114453537033, -1.070583240851355e-08)
(0.5005539703616371, -1.9603062513628717e-09)
(0.955986941355255, -5.6365743203390124e-08)
(0.9348505027173605, -5.985807291801146e-07)
(0.4664487989467088, -3.2677327339403044e-09)
(0.5122433144522194, -1.3870047079042557e-08)
(0.7462756337140085, -2.384738294763662e-09)
(0.22447406103239104, -4.0474767339607714e-08)
(0.3985290145365216, -2.4281088062918364e-08)
(0.002116821352907875, -1.2448197204191027e-09)
(0.5503987132143423, -4.259198671073991e-09)
(0.048319797402322194, -1.0500264027000264e-07)
(0.735287488618505, -1.325204027168332e-08)
(0.7381685416914606, -1.7455557892100596e-06)
(0.06371085117271666, -5.591941385170298e-08)
(0.21576420420095813, -1.0023856261788526e-07)
(0.35137785288803225, -9.491555032183063e-09)
(0.5483642470562697, -3.708371135886629e-08)
(0.21774265414101782, -3.441181447588373e-06)
(0.5665491611626248, -3.036690906481483e-08)
(0.49585453749096775, -1.8648362018093324e-08)
(0.05531140050048034, -1.5265436097308523e-08)
(0.946414511277497, -6.757357916281601e-09)
(0.2867639286549305, -2.351278910439991e-09)
(0.7780169547650196, -1.5952259624396381e-07)
(0.28305040873701476, -1.5772295825396273e-08)
(0.8370849013905607, -3.2384711037893465e-09)
(0.5352807842348253, -2.9187348518339134e-09)
(0.4296057390752212, -7.989926317353897e-09)
(0.3478309250722053, -7.83629837285306e-08)
(0.2001075844770835, -6.902295343641168e-09)
(0.3400581803163141, -4.697207733066842e-08)
(0.08546922510637678, -3.747694134529197e-07)
(0.05299262397126787, -1.6730767563138698e-09)
(0.13077805357205646, -6.122583301578236e-09)
(0.6704574208965777, -8.259476172100522e-08)
(0.15868599024811145, -8.497345956267328e-09)
(0.7834469749106905, -1.973014271813913e-08)
(0.9931797414170344, -4.035714466419755e-08)
(0.18365523172715498, -6.123862005310095e-09)
(0.729789485696664, -1.4206850392266209e-09)
(0.9331275463172762, -2.7807678852170535e-09)
(0.4049105929027593, -2.443974511164362e-08)
(0.5716672871651641, -9.614987842925714e-09)
(0.8004400892402587, -3.2044538045617993e-09)
(0.7339470164349899, -1.7652558520591354e-08)
(0.31214181446780176, -2.4295502935042815e-08)
(0.846844034902216, -7.61439030177806e-09)
(0.9871978983569097, -2.730606344077166e-09)
(0.9132336487575384, -6.204332948824547e-08)
(0.8627577949897693, -2.6575694578780994e-09)
(0.3378846351460953, -1.6839267190742637e-08)
(0.4049358131423943, -1.1257132022206857e-08)
(0.48277212215474546, -2.8953200706969964e-08)
(0.3484042355141431, -4.202334196617489e-08)
(0.7617985010552759, -1.409675812137861e-08)
(0.5606550155103858, -1.0992492504495662e-08)
(0.2620291901450834, -9.692371579494837e-09)
(0.9530330540220969, -1.6434481048162814e-08)
(0.4940067701290427, -3.2083640029426155e-09)
(0.7548195092063635, -3.221621730761458e-09)
(0.9280698338992709, -3.431697276655328e-09)
(0.4324839839199825, -1.1618383867202338e-07)
(0.3160766774227123, -4.95542425499778e-07)
(0.9265906431377732, -1.6933693145295446e-09)
(0.5163540463765274, -4.3339629301864074e-08)
(0.737968588357185, -7.598566190530792e-09)
(0.6826896243934825, -9.391704221728012e-09)
(0.0904867694724761, -5.229145328383366e-09)
(0.18737766910871842, -9.433156670423275e-09)
(0.6555375614959004, -2.7859029318907406e-09)
(0.14789679110218062, -2.081737615499192e-08)
(0.06860689746237959, -1.2306106797739848e-06)
(0.3518630185430593, -3.139648925448072e-08)
(0.36997519772527504, -6.636137202235932e-09)
(0.6363680826149043, -1.010499843396612e-08)
(0.4010590130835371, -4.7855480575379245e-08)
(0.23323689195848446, -1.8842584621300032e-08)
(0.7401400196143104, -1.9940136514118903e-09)
(0.567870506843483, -7.4224599168896215e-09)
(0.8418912879415328, -6.535174288364172e-07)
(0.9995567191955732, -2.2518027506101166e-08)
(0.7830287008341199, -1.4783032368980407e-07)
(0.6045423560040403, -3.620690415452516e-06)
(0.8899250156300321, -2.1939219623380594e-09)
(0.2150830449531795, -2.988426706519139e-09)
(0.7415458277941508, -1.7113097426791545e-09)
(0.13593864408528467, -1.3781609935227149e-09)
(0.36950567050985544, -3.6422287917166517e-08)
(0.7673367342602321, -3.112947902538709e-08)
(0.7457268444023156, -8.115824931270602e-09)
(0.6241700616226056, -5.083745804596067e-09)
(0.38995372422088004, -2.3102793873546692e-08)
(0.33772835957595915, -5.53554017953157e-08)
(0.3781938076346541, -2.9749947863637884e-09)
(0.8920741751637021, -1.9367859274676475e-09)
(0.02630949859567819, -2.8417337072042158e-08)
(0.4664799676900682, -5.447127380340862e-09)
(0.1145479451193586, -7.862252938566765e-08)
(0.04772132615117987, -1.1932771097732407e-08)
(0.777068316484961, -1.1071335113877222e-08)
(0.09849586883240706, -8.047160371023846e-09)
(0.9402872463523069, -9.93566560197017e-08)
(0.9938141653419188, -9.154326217637132e-09)
(0.338720116371169, -2.5836465376129446e-07)
(0.5989470853078532, -1.5734985744489889e-09)
(0.6257516883396892, -1.026940913448869e-07)
(0.8083680527629838, -5.8887955347505805e-09)
(0.04708518964939462, -1.241155466161879e-09)
(0.5053132989427219, -4.090723329737903e-09)
(0.6803744909192594, -2.4928210162653737e-07)
(0.030185154638191585, -6.642230450974813e-07)
(0.9202200291930952, -3.8692243557340145e-09)
(0.28648546267059277, -3.0331208582810344e-09)
(0.9710521942313266, -8.720941477351056e-09)
(0.3016493911653481, -1.130821255991503e-06)
(0.4269780427706956, -7.883983554744855e-09)
(0.2662669027824197, -3.4782787881450726e-09)
(0.8026579846559322, -1.0140373546822201e-08)
(0.041043621506563405, -6.333856004147093e-08)
(0.37260665011321137, -8.019883258605162e-08)
(0.9847682886644104, -3.970385514171295e-07)
(0.8972997267044089, -6.858958603086773e-09)
(0.08044577120951982, -1.897422031414972e-08)
(0.2286185856093561, -1.0493151062315665e-07)
(0.23583555860771618, -5.334511358020203e-08)
(0.7983642023109545, -2.1192297638277933e-09)
(0.1479940727697453, -3.587258982804809e-09)
(0.15127291680631275, -2.8163857333573123e-08)
(0.6115724808617397, -8.125402306790264e-09)
(0.7070235479007241, -4.817101002777714e-09)
(0.8852157608790824, -1.4919527695864648e-07)
(0.9230150407077987, -6.232406326101352e-08)
(0.9013784162851546, -4.749977847086669e-09)
(0.7996130531082006, -4.531086667473914e-09)
(0.16910647533766238, -1.5214481706506943e-06)
(0.06468005523363322, -2.3183976909008005e-09)
(0.7300468337367955, -4.180813401605593e-09)
(0.9110671483624122, -1.951646220359429e-09)
(0.4276377863665272, -4.955276330264546e-09)
(0.20980556499019654, -2.690683107339744e-07)
(0.47864207159917715, -1.716486368444631e-09)
(0.3473396722028118, -1.040958185537992e-08)
(0.1555327088919653, -1.3641637702460554e-09)
(0.4199548014075857, -1.7787793323543678e-09)
(0.0920629049431525, -3.6499113816202516e-07)
(0.7118902123880817, -2.7001772012429543e-07)
(0.6311619072819934, -3.0781608414438906e-09)
(0.6450238168376922, -1.9172216330093372e-08)
(0.11668140635718549, -8.508300020567352e-09)
(0.17669821062869637, -1.5937397701202226e-09)
(0.8257402857184962, -4.324712951212038e-09)
(0.6317859964265233, -1.6099279624958095e-07)
(0.041223912217381906, -2.2828514149910823e-06)
(0.918003005989157, -6.346096144689707e-09)
(0.9022102073452335, -2.634514072521441e-09)
(0.1773863885192296, -4.901094723384508e-09)
(0.18589385054310367, -2.2071694390366654e-08)
(0.4472567783785991, -1.8959848537899485e-07)
(0.4263952354652564, -3.0901068429222287e-09)
(0.7492390152976329, -2.6849957875416194e-09)
(0.28703975777177526, -3.290498302162369e-08)
(0.17079047253321586, -1.7515503752163479e-06)
(0.023179117897995427, -4.924704683178164e-09)
(0.03255529030720901, -3.592090315974339e-07)
(0.03312326048899878, -1.1584478711596693e-09)
(0.008505820394839343, -1.049213951657454e-07)
(0.725560503077042, -6.749551481911438e-09)
(0.10088038023120355, -4.729757381450769e-09)
(0.4878610332975977, -1.3513996733952101e-08)
(0.694961633910009, -4.1342753061602105e-08)
(0.025658029673457018, -7.4043200645203185e-09)
(0.46971601545335806, -1.8396828791496461e-09)
(0.21115563893856942, -4.8737711011592036e-08)
(0.4632706376569842, -9.566967175489558e-09)
(0.7647047637352702, -4.251820885180384e-09)
(0.7661864358802922, -9.918924752761682e-08)
(0.7866922925560859, -2.839901915934724e-07)
(0.9387589364953135, -1.3003897427963637e-08)
(0.41662814036299345, -1.2454697372877167e-08)
(0.770413984504059, -7.652982371842225e-08)
(0.8335553052171729, -2.1257544393416604e-05)
(0.7758088806960652, -6.843117678738623e-09)
(0.5603918868987193, -5.02231777971938e-06)
(0.9695794518382558, -2.8565879897659512e-09)
(0.7430592055247054, -1.7841146044805447e-08)
(0.33734730181081757, -1.3304296534301819e-06)
(0.05763084386586617, -1.2212012012023865e-09)
(0.8968219424366036, -4.41708612856147e-09)
(0.2658222421270299, -2.0173442827140077e-08)
(0.4581049119522519, -7.293581728175288e-09)
(0.8546731668957395, -4.492172939972287e-07)
(0.6068340176027046, -1.8723115704185246e-08)
(0.18343186731097955, -1.9489819032685125e-08)
(0.9387227356354226, -2.914264189322368e-09)
(0.8130791580039103, -9.212382676185339e-09)
(0.14970151635371723, -4.145005127941328e-08)
(0.0013522344236905485, -2.3769905720710857e-09)
(0.005622990214209725, -2.593002220780218e-07)
(0.07584997692540031, -1.2622351351523037e-09)
(0.8613328756538117, -4.536647277008779e-09)
(0.7250662312059437, -1.2124523496172595e-08)
(0.20250534885896695, -3.5461324513803618e-09)
(0.9472724923840395, -4.0178937634553525e-09)
(0.5511901601653485, -8.086075390225471e-09)
(0.5271248807294627, -1.0489879839147545e-08)
(0.7290960949522014, -1.5226165012156587e-09)
(0.0913524645192527, -1.1622822523219609e-08)
(0.004473327745391303, -1.2180577361931986e-08)
(0.13046890301185607, -5.332148467052301e-09)
(0.9104667118165766, -9.941270680629535e-07)
(0.12289930641989309, -8.048581618187826e-09)
(0.2687876910569025, -2.471802798018151e-09)
(0.32713104062344384, -8.178289241832388e-09)
(0.2864091698375967, -3.649397225430027e-06)
(0.11295334488709881, -3.0963205796176345e-09)
(0.8886405391801809, -2.4849071430263245e-07)
(0.9052503154635025, -1.523789934521419e-09)
(0.23259273802948618, -5.353072740882772e-07)
(0.5993804664191467, -1.3714488705920075e-08)
(0.7986705025071111, -2.8569978394179583e-08)
(0.9104500327719289, -1.5325542061788053e-08)
(0.5140936803034555, -2.058910809091199e-09)
(0.5684122567845186, -9.091492711737676e-08)
(0.9779636674714957, -1.0250531392188483e-08)
(0.9325854222594653, -2.6138430866915812e-08)
(0.6499466529831962, -8.532600061302219e-09)
(0.27852439220808656, -3.466737360996271e-08)
(0.8141486968079804, -8.024077053806435e-07)
(0.004199745986971705, -3.5425596107766744e-08)
(0.36261779654102877, -4.595828608597591e-09)
(0.776050408903425, -1.8956877967380526e-08)
(0.9155913147677607, -1.8753809383287685e-08)
(0.38342495509132085, -1.6068383066148848e-06)
(0.6830155544567802, -5.377257660416916e-09)
(0.24275566143038363, -1.7414473418033344e-07)
(0.14929967044362005, -6.464745282166293e-09)
(0.2657764209304537, -4.417821525349039e-08)
(0.21046461313999199, -1.2924223589285975e-08)
(0.6085402025016189, -2.567237171491376e-07)
(0.3232726913451105, -3.0399443677521714e-09)
(0.6801156469062563, -8.414300844810296e-09)
(0.5472871647468339, -2.895443021254621e-06)
(0.3559146828107676, -4.455302552932232e-08)
(0.9680491552933914, -9.749007897161572e-08)
(0.2999716031199447, -4.32540222672424e-08)
(0.7838726120795161, -6.294719886681298e-09)
(0.9358583303622049, -3.1730505609613306e-09)
(0.4315976660343215, -5.6116830969792e-09)
(0.3519056001951614, -7.985850928945829e-09)
(0.8228935427566575, -1.7184934477884637e-08)
(0.24384181313659611, -2.593927498768363e-09)
(0.19114934818057375, -1.7827061940165847e-09)
(0.272553199234869, -1.9124217541932116e-07)
(0.9901592533057421, -6.676395809290086e-08)
(0.22322013123755727, -2.6823277222028446e-06)
(0.19586270514430457, -1.3702176341594169e-08)
(0.40306231359259215, -2.631720991683266e-08)
(0.9814483603957807, -5.907502510126373e-09)
(0.6770593057391049, -4.60738341406238e-09)
(0.8209570451440463, -1.7330880950632987e-06)
(0.13174662431844836, -3.1365273555610543e-09)
(0.1253424119414665, -3.457461175787991e-09)
(0.5910860901380282, -5.702498916075101e-09)
(0.30868493947762804, -8.491247905405894e-09)
(0.2716964683748033, -1.2286919966053808e-08)
(0.3120287592021177, -2.9263610301015787e-08)
(0.12321829075868211, -2.2514040314752542e-07)
(0.10142963562524697, -2.9931863720980587e-09)
(0.2408459694217414, -1.6582950573226438e-07)
(0.6802199432718978, -1.7806676534849413e-08)
(0.4522489538822608, -4.815981356406687e-08)
(0.3420120017265422, -6.600437161385565e-08)
(0.07250643576597844, -1.6432769705971176e-09)
(0.9001073780017511, -2.6709869323106474e-09)
(0.5909783054100504, -1.4959966106727e-08)
(0.6341323860361097, -1.3799127620343828e-08)
(0.29582532193099276, -8.682741944313557e-09)
(0.42971636554837317, -4.936259963321239e-07)
(0.6876966827977191, -5.0824021146874443e-08)
(0.03237270780578201, -6.651064727723763e-09)
(0.7616357531473638, -4.8451281634539e-09)
(0.7364387609158451, -2.1432452983142162e-07)
(0.7299121658076528, -2.3144573805743396e-08)
(0.4186831378380861, -9.349581004043123e-09)
(0.5106063876953905, -6.903376958235167e-07)
(0.10202040600775202, -2.120346440294241e-07)
(0.37580876111398265, -4.80460786218941e-07)
(0.3229527782627941, -3.826620116190856e-07)
(0.15329077831988286, -4.941848792545716e-09)
(0.09103822180161973, -4.17149159750069e-09)
(0.35232181982457744, -4.8296198389794045e-09)
(0.928458352373987, -1.640663919966029e-07)
(0.814522451063519, -3.664055678448773e-08)
(0.04200929913606676, -0.00039649628523962053)
(0.2397405921998267, -1.352074285451046e-08)
(0.29803138043200456, -1.3895113162278623e-08)
(0.4569265313010018, -2.385968705566517e-09)
(0.06744751729837972, -4.326310245830372e-09)
(0.22837360840891427, -2.879004407824856e-09)
(0.5580542864723184, -3.830292902784765e-08)
(0.37589213962242674, -3.370570574099502e-06)
(0.6501214299540667, -9.145217663345837e-07)
(0.08900154001022983, -1.4944537073471665e-08)
(0.9394462521109811, -1.391787555086264e-08)
(0.2624095948061832, -8.622247297261573e-09)
(0.2425763175285074, -2.0186707945696963e-07)
(0.7680666132771536, -4.0390952905946986e-08)
(0.769112264666603, -1.994524050175874e-08)
(0.5785943354956542, -1.858333319862102e-09)
(0.721424864224461, -2.455675317164773e-06)
(0.9389017128905931, -1.5809194479220916e-08)
(0.5127397714107137, -5.7287860036122856e-08)
(0.829453060973314, -8.113905045036626e-09)
(0.5261662055212286, -1.045097275086852e-08)
(0.1598154354591451, -7.098540703697957e-09)
(0.28365292337865194, -2.579930879807128e-09)
(0.8868143028553463, -1.887917805567411e-08)
(0.2388528120260258, -5.166615277499298e-07)
(0.044089515987250444, -3.8622193390340366e-09)
(0.24182281085797974, -1.9380446985585394e-08)
(0.24008875605568888, -5.03639602226229e-06)
(0.4634058381661349, -7.473871002859279e-09)
(0.5863836463752917, -1.1671589238522742e-08)
(0.9162401309284711, -1.2987909998956677e-08)
(0.5581623410053681, -3.631306799163805e-09)
(0.7704229965852927, -6.090187261356618e-09)
(0.6622275057436096, -3.0974012385275263e-07)
(0.4924098320159601, -2.6028249963780342e-08)
(0.2251221317581417, -7.202046531936699e-09)
(0.4960675755065789, -8.571883220037226e-09)
(0.9083298828955683, -1.4755609403538574e-09)
(0.5082164473536288, -4.77038605968987e-07)
(0.1534446124737793, -8.364914726805056e-09)
(0.31352109182638366, -3.1859787982790683e-09)
(0.8456843334932748, -4.204450386593118e-09)
(0.15858244015318573, -6.223709636710636e-08)
(0.47949398057636294, -4.8723127100748714e-06)
(0.5949139414531289, -4.8845388188816796e-08)
(0.03888289287926023, -1.1938118861591285e-09)
(0.09126038815419155, -1.4518252538892114e-09)
(0.9907909079572754, -2.4996575188372423e-09)
(0.6624156783642431, -2.2361274404847506e-08)
(0.2401296591125836, -3.811997484147678e-06)
(0.6507817529334452, -6.8931687086596505e-09)
(0.6043758427575738, -1.03510657771345e-08)
(0.615220033629792, -4.445054707348757e-09)
(0.3412733683667909, -2.9278072135658497e-09)
(0.7906438742754891, -1.1801935753238745e-08)
(0.7832676841618244, -3.1177583237865944e-09)
(0.6540150125356384, -1.5254925106244962e-09)
(0.1970478997437473, -3.349941402946424e-05)
(0.9263702506541788, -4.244998948160854e-07)
(0.023546170847907177, -6.760357028137442e-08)
(0.5836448935015394, -2.8557021138638365e-08)
(0.6522579531703048, -5.906998084053633e-09)
(0.3357942325500018, -2.7237569278213107e-08)
(0.016970750765472244, -1.3651597352318214e-08)
(0.23256388154070537, -3.6446947284046063e-09)
(0.12811820945350577, -2.6992062812889577e-09)
(0.1424661214472156, -3.972894060908188e-05)
(0.2293792813891979, -2.880424119041323e-09)
(0.48947456004403134, -1.0140857402607664e-08)
(0.942578255031707, -5.7650722234820865e-09)
(0.5617474593747797, -1.4064060791904033e-08)
(0.6166586845379056, -4.7710586186114284e-08)
(0.681501612941152, -3.960004080015665e-09)
(0.9837765665902033, -3.714042130786892e-08)
(0.2836079229936462, -5.613186360015829e-09)
(0.06459493841720844, -4.0346993546640376e-09)
(0.0717438376473197, -1.616343531936087e-08)
(0.9075543417979963, -3.47485543123039e-09)
(0.1544871955993524, -2.6338200875398256e-08)
(0.7608616041008278, -5.068115073888008e-09)
(0.25676524569812076, -2.0369341378753346e-09)
(0.8057569442984079, -5.667704898005725e-09)
(0.7952332600244625, -4.3638091443932695e-09)
(0.3528707067546357, -1.997106424833453e-08)
(0.939721341092107, -1.3692228319717744e-09)
(0.47988297701460475, -1.976124613968198e-09)
(0.11039315143633968, -3.1641265906442184e-09)
(0.6069590673950949, -3.4017024425898608e-09)
(0.09406667004205348, -1.4368414447256659e-09)
(0.4671014135248469, -2.479790337321697e-09)
(0.9415614783555044, -5.176400483774918e-09)
(0.032297917737231556, -7.932186471163954e-09)
(0.6621766302516853, -6.042572037653226e-09)
(0.10362241104732994, -2.2827129745085823e-07)
(0.46018957745874817, -1.7661101628539618e-09)
(0.5275943549872046, -1.7497770438188323e-09)
(0.8611494499502139, -4.695236679509309e-08)
(0.6133025835102378, -3.501976880731827e-08)
(0.6062051305347519, -1.8250615339490278e-09)
(0.09634927762452881, -1.4926457659786723e-08)
(0.9725994350101727, -2.656186322297489e-08)
(0.06889966893649875, -2.284812654920507e-08)
(0.04310439495413713, -8.110738137862521e-09)
(0.006989178631448201, -2.0148087991868515e-07)
(0.04481886638029075, -1.302021522223908e-07)
(0.7405579044488386, -2.784325542366939e-09)
(0.7238075752775827, -8.35470075847211e-09)
(0.03868676647162352, -5.31060397285451e-09)
(0.2810232062859832, -2.690603877759278e-08)
(0.4287123594456529, -2.133945866937532e-08)
(0.9755541619984641, -5.516525178118449e-07)
(0.6659334507612942, -2.0880022415124752e-08)
(0.4067397262832944, -1.013352297698275e-08)
(0.013298556821078927, -2.4626373229241655e-09)
(0.7657555308847082, -1.863548251397932e-08)
(0.8575597185691721, -3.0593449032458337e-07)
(0.3333773246756759, -2.9321976717116723e-08)
(0.31905005427321165, -6.145301324825202e-08)
(0.268066614726134, -1.473300179049639e-07)
(0.9141870896642645, -3.5678492008083316e-09)
(0.1103001829917846, -1.3503426770571477e-09)
(0.48875194890353435, -2.2118603479628972e-08)
(0.5300020312010344, -4.38043001412351e-08)
(0.8315650117830754, -1.0378764602189833e-08)
(0.46307381443222906, -2.777440511250768e-09)
(0.04910163659532719, -3.2233948690554254e-07)
(0.7892145136920453, -4.176520604451821e-07)
(0.9301693454374316, -1.258489309131015e-07)
(0.8649866125288153, -4.599671439561185e-09)
(0.490362332361237, -2.405029736191789e-09)
(0.8821708458711328, -5.469726688989415e-08)
(0.5030664560928687, -6.991531196486587e-09)
(0.2868861636311658, -6.242457208079123e-08)
(0.7567757632296285, -8.096818827723456e-09)
(0.44879364524602955, -1.2898161020271966e-08)
(0.5402309073096712, -2.669843944580801e-08)
(0.13631896782384584, -2.880573255226929e-09)
(0.8634825446065489, -3.653379118854628e-09)
(0.2045181141423104, -1.4304132703423363e-05)
(0.8917032888652692, -1.8389316908743846e-09)
(0.26758426341441943, -4.463619410470807e-05)
(0.314695931774266, -7.430167120071602e-09)
(0.43465760970646133, -1.370112161490782e-07)
(0.026215288234217295, -1.5834549614784307e-07)
(0.30678542083784355, -2.913473781189886e-07)
(0.4949263474460312, -2.350682122079941e-08)
(0.5766576818386719, -4.160938347392497e-07)
(0.7346112201450481, -4.90101295178263e-08)
(0.23695002828639672, -6.0171595190550655e-09)
(0.4368968456158427, -3.159148862135775e-09)
(0.8686096031216003, -1.3240386085851788e-09)
(0.43339990994359645, -3.602768921919186e-09)
(0.29849078490910586, -1.62985914005613e-07)
(0.9942776948801367, -1.1891418430926988e-08)
(0.8500262500673113, -2.424499143656174e-09)
(0.6069667795137353, -1.5043464720779568e-09)
(0.20222871586354918, -1.0546717742927615e-07)
(0.03006702732991318, -1.584342381677324e-07)
(0.5899719632130298, -1.8400586903786189e-09)
(0.7461578158229142, -2.110945176841006e-08)
(0.8554733131671675, -1.1093571258047064e-08)
(0.8982902299013584, -3.3910462566998924e-08)
(0.5719532063096702, -1.1642583170080899e-08)
(0.17423313653530859, -3.0010900829594986e-05)
(0.9910982602675542, -1.6277362951688223e-08)
(0.7415975801801642, -8.89534423935666e-07)
(0.20067136348173226, -1.8984347498115798e-08)
(0.9488602433508465, -2.963274240375503e-09)
(0.5722848661010521, -2.9940318854416663e-09)
(0.8773355946182718, -9.46649561017982e-09)
(0.9334485322283651, -9.793563712690008e-08)
(0.9885773606342201, -2.526744648238137e-07)
(0.1214119396692108, -4.70752515371254e-08)
(0.6602383418388005, -1.2570351459671076e-08)
(0.8927464618295872, -4.878258700757878e-08)
(0.1939669717148531, -4.800549695396354e-09)
(0.9024941321446681, -3.236633517749926e-09)
(0.34946652561232333, -3.846603658062012e-05)
(0.4832332954922703, -1.822553743081829e-09)
(0.5317450877339626, -3.0469419535224394e-08)
(0.6390980039739013, -2.583596601130463e-09)
(0.27998007929116764, -1.4578411830214103e-07)
(0.9673010157599072, -3.1539637147398693e-09)
(0.293706305796734, -3.162254492860236e-09)
(0.39315677001699795, -1.475159707978826e-06)
(0.27984182944461805, -6.071823105633363e-09)
(0.08984253570370966, -1.1820292486632626e-09)
(0.5816962304337949, -3.232720887133198e-09)
(0.890593751469106, -1.5868936991403123e-09)
(0.12119864332088721, -2.9073330681128887e-09)
(0.6677864774369556, -2.563704216878807e-06)
(0.9967557410720067, -1.8613504980196262e-09)
(0.7909950278259552, -1.291858859203467e-07)
(0.45277361920810655, -1.7329263386010415e-09)
(0.3668679013281193, -2.89471561332599e-09)
(0.2173355905313322, -7.159919770409805e-09)
(0.3460653796142866, -1.650737481460741e-08)
(0.027770264765812517, -1.4937383478371218e-09)
(0.11073227660516885, -8.86435509733407e-09)
(0.5905482335060944, -3.111732852183508e-08)
(0.18422132335622818, -1.3769270468425241e-08)
(0.6560758448899883, -1.6175609412378942e-09)
(0.6036140611498535, -3.503991881572992e-08)
(0.33640310560015946, -5.781740280095436e-05)
(0.1280987753037888, -1.542284941029715e-08)
(0.11045578262879824, -7.18741534767136e-09)
(0.27681968550566083, -7.373986650503137e-09)
(0.04995173913217304, -3.4008632618227146e-09)
(0.5688284899396389, -4.815192237682122e-09)
(0.585219582012402, -1.5986343882126678e-09)
(0.013594862966722921, -2.3084895922772434e-08)
(0.31093817078700003, -8.353440106633206e-06)
(0.6420383302008923, -1.0502845420503213e-07)
(0.4245064644824293, -7.242067938344028e-09)
(0.45773991434750766, -3.640599658159104e-07)
(0.5598354138337469, -2.7434548757247177e-09)
(0.4488819038355531, -1.4026196272778536e-08)
(0.2386314589558374, -4.0981499706135765e-08)
(0.7360230993534964, -1.0522782207986827e-08)
(0.903035201707456, -7.212620035957587e-09)
(0.31426611945899696, -6.366506438441475e-08)
(0.3288152065199155, -1.3338452541013584e-08)
(0.3072662787314345, -1.2838985898891655e-08)
(0.9138333345977483, -8.496992920024919e-06)
(0.596748530559449, -3.092484856420177e-09)
(0.29816014417713227, -5.477393341593501e-09)
(0.7355049379823783, -2.132438247798523e-08)
(0.3413883926396388, -2.036649444460659e-09)
(0.36700048370662514, -9.957585465025251e-09)
(0.8382843560995874, -1.884002704557252e-08)
(0.913400093988763, -5.0810396240352815e-08)
(0.08712914880526121, -3.081101274206762e-09)
(0.753915291391952, -2.4651740857176052e-08)
(0.5879576906559603, -1.3877606844374066e-07)
(0.48620395387405224, -2.9297957594162588e-08)
(0.34752941235785734, -6.168191922577751e-07)
(0.5472293803718764, -5.164332018631332e-09)
(0.661931165394836, -5.884927050499427e-09)
(0.9165485978312903, -0.0005830418486630421)
(0.7144737514380483, -2.1404604051905032e-08)
(0.47449915822326133, -5.275376373534057e-09)
(0.6712188197565266, -2.5111973893625965e-09)
(0.26446815429754433, -6.695733928210468e-07)
(0.11764065646245044, -3.8530637906031005e-08)
(0.5033822449282596, -1.010351251636751e-08)
(0.790441063990868, -2.662770751588051e-08)
(0.02450191616555648, -1.0395169493649044e-08)
(0.8870229324567789, -7.271266819565561e-08)
(0.056626993197940435, -4.9280284817050396e-08)
(0.17374518034568578, -3.0610793463453764e-09)
(0.31710950954999795, -1.1750157068316843e-07)
(0.04934550033566394, -1.4832410688083066e-08)
(0.5726975443163117, -1.3046435672580896e-06)
(0.7074114642477515, -2.11963851619917e-09)
(0.3136216760496523, -3.6653954709977735e-07)
(0.7878768507475207, -1.4415226113947902e-05)
(0.5073105098497359, -4.758395209147288e-08)
(0.8836144782883422, -3.2967105711108313e-09)
(0.9787053368631807, -6.33348416815378e-08)
(0.9573019619398632, -2.46915064876624e-09)
(0.6768581359206444, -1.4530310681932352e-09)
(0.39617455201679014, -2.892363867021776e-06)
(0.9619057531176789, -1.726711143446433e-08)
(0.011530790424098991, -2.643444846451945e-06)
(0.1658878369213645, -1.0674329985036957e-08)
(0.15111034018418162, -1.7144200464845697e-07)
(0.7282258672217468, -5.162039432123661e-09)
(0.9777528179089849, -3.783596080732155e-09)
(0.26055708635683367, -4.79501629784923e-09)
(0.8655449794866005, -1.4226324077604423e-08)
(0.8391064454855569, -1.3824916540809202e-08)
(0.45916487942839074, -3.66641226831809e-07)
(0.8350960964508775, -1.382025313048546e-06)
(0.4871230544455026, -1.8166319393543248e-08)
(0.17108487519408716, -2.4090366826417228e-08)
(0.5468598512066957, -4.9135668247170156e-09)
(0.3198990213772319, -3.912248638841282e-08)
(0.6187149779156578, -2.521772583174857e-09)
(0.9133847942141906, -1.0512478416865237e-07)
(0.35872320959204934, -8.002028802376904e-09)
(0.1814689041746796, -1.830783563724142e-06)
(0.30877450121699945, -1.3107465544028226e-08)
(0.5931764096112568, -1.0484170539623966e-06)
(0.5498947727545698, -8.249937360744122e-09)
(0.5543613518696742, -8.64095335584086e-09)
(0.39142442696799695, -4.5037879717291925e-07)
(0.32259218482565344, -1.6142148877989822e-08)
(0.11592480517503527, -1.8677922391013843e-08)
(0.5429483623045455, -5.494344394552117e-09)
(0.05746754687258445, -3.150391699407368e-06)
(0.3314112106821332, -1.953780084163807e-09)
(0.834729642504309, -6.520509742026061e-09)
(0.3249253545725651, -2.3167699535511518e-09)
(0.47804504104384243, -2.1635760512147433e-09)
(0.8115841417672843, -4.732463956120668e-09)
(0.8506420825514981, -5.397671176237358e-09)
(0.526953829487136, -2.0654898229550995e-09)
(0.6674116809994968, -1.511284685216167e-08)
(0.3749053610676786, -1.0030121418508544e-08)
(0.4858203680792889, -4.885970805238381e-06)
(0.7270226353293845, -3.077518149065195e-09)
(0.6533986330981375, -9.174074022793913e-08)
(0.47343157028879396, -1.9875948649877206e-08)
(0.43615691750811614, -4.68746652180287e-08)
(0.9007999333185063, -2.181569679775965e-08)
(0.22636431227447912, -1.007376548955434e-06)
(0.26224862882124705, -2.04948068486913e-09)
(0.6153018645687659, -2.2155453788341518e-09)
(0.2986708789112735, -1.5062815634418419e-09)
(0.038207263166749515, -1.8241453840700886e-08)
(0.0702102865254859, -9.29104678592603e-09)
(0.835615641128701, -6.600879671366817e-06)
(0.15418289849017258, -9.883238235202827e-08)
(0.41403044576304776, -1.8504627819852819e-09)
(0.9271694895701235, -7.187920282722674e-09)
(0.9472986620045103, -1.5436783697337847e-09)
(0.9905713786466157, -5.4734909855651184e-08)
(0.23333103877219852, -7.95130692285788e-09)
(0.9425134036863126, -1.1600597512393937e-06)
(0.30659356412217403, -2.0181582445105296e-08)
(0.23882032616293922, -3.557673136360892e-09)
(0.20146830649826672, -1.0712596544232992e-08)
(0.6124246752614277, -1.8730886301895656e-08)
(0.865308479129217, -3.195070458652279e-08)
(0.24687004720186537, -2.5292120120058893e-09)
(0.27111648767322716, -9.23087603680532e-09)
(0.5883400115318771, -4.9775998457701864e-08)
(0.3611763875148792, -2.623806677532992e-06)
(0.9759562971380906, -1.092004735381023e-09)
(0.20327578896519188, -2.0515071327112535e-09)
(0.40543659513970554, -2.6462534204348482e-08)
(0.24335920728306487, -8.194813101441544e-09)
(0.514905151917422, -6.382732292678497e-07)
(0.8687101755870161, -5.165309070202109e-09)
(0.9580153508366084, -3.568128820426068e-09)
(0.3335284076811374, -1.7264531194170203e-09)
(0.4381022651549483, -4.711558018052649e-09)
(0.8319006839903393, -1.2593971121219591e-09)
(0.7397886249552306, -3.0413449713384524e-09)
(0.3880650842528901, -3.4140981335740387e-09)
(0.7677358700104188, -2.1763417243476093e-07)
(0.6894532081161249, -1.5953211056988425e-07)
(0.7046770976015713, -2.2282194659628757e-08)
(0.3170375220095612, -2.6051704724819197e-07)
(0.27709155221642423, -2.1017403241248457e-09)
(0.3807414865868725, -9.192214105419513e-09)
(0.3488603281082321, -3.1065101027014564e-09)
(0.816516736655222, -1.4977914540295057e-07)
(0.8787387044974698, -1.3690513137078081e-09)
(0.39366949315848576, -3.4655776691171494e-09)
(0.6369591305586689, -5.4519192881692225e-09)
(0.4909613819929382, -1.3132565383862331e-08)
(0.011081427598623461, -1.1432564352772036e-08)
(0.2012616584750343, -0.00014174799614505662)
(0.9758613758000673, -1.1146920720351896e-08)
(0.9853522682384211, -4.908665284843618e-09)
(0.9627599047928463, -1.4568741845910782e-08)
(0.2877835385762592, -2.670047339419999e-09)
(0.7384972365260143, -5.282463697004823e-07)
(0.5340513265492753, -3.846996381807914e-09)
(0.24167059856439277, -2.6169081321335817e-09)
(0.11603036531800695, -8.306598641799488e-08)
(0.21714511417990365, -2.542088544143167e-08)
(0.02003082890412627, -2.9387447532089487e-09)
(0.9529163217420359, -1.6343136078393282e-07)
(0.9750322400999031, -2.1147786321601275e-09)
(0.5107960290579336, -1.5699816190649103e-08)
(0.5946864523837252, -1.0442166310017872e-08)
(0.24174170421717495, -3.414030227217089e-08)
(0.7736106827694587, -8.283768000130625e-09)
(0.5105862463098613, -1.4580244119799854e-08)
(0.08777795352159887, -2.0825613566201223e-06)
(0.9255284791967334, -2.6670142012049718e-09)
(0.9734246729151961, -1.8458712610149808e-09)
(0.8154739906545232, -3.1737814023476724e-09)
(0.5641918739720774, -1.6017904265486974e-06)
(0.5710150521849717, -7.38860469945659e-08)
(0.8366556799388611, -0.00018957766673460426)
(0.7459634854168593, -1.3515907643151357e-06)
(0.16712910464311956, -1.2018759876485788e-07)
(0.9767794924074755, -1.3812912876124297e-09)
(0.8296810045071356, -1.3829860018191124e-09)
(0.12566302823725833, -2.7371547140374416e-09)
(0.4749767307751391, -1.4057594583928253e-06)
(0.713167598138682, -5.828643985005398e-09)
(0.32772595950141964, -5.5869817533170276e-08)
(0.7911810427543853, -2.2565343811760527e-09)
(0.04118055654553025, -4.497657802604712e-08)
(0.15390789230311874, -1.4107945608354707e-09)
(0.011673557314017768, -3.19965620353208e-09)
(0.9490434776959307, -4.153552135081591e-08)
(0.5430058541463786, -2.1559889169587656e-08)
(0.8879720095088017, -2.302975228835986e-09)
(0.9716012892582763, -3.869762943147893e-09)
(0.6020959385885072, -1.3246285459387452e-08)
(0.4777326812122398, -5.0801958546778733e-08)
(0.13814410946952277, -4.51362545639592e-09)
(0.101773493610407, -6.228231864677835e-08)
(0.08740323255683573, -9.696983544694298e-09)
(0.5050414188704923, -2.979417593304566e-08)
(0.23062466945291926, -1.5417360456159863e-08)
(0.47392738917866434, -2.3312340442204005e-08)
(0.7728673922342983, -2.430491962635306e-09)
(0.2492073215548373, -6.587729163490849e-09)
(0.3319283339630279, -6.952962824385099e-09)
(0.3424846999806468, -4.812879530929442e-07)
(0.9302581838541942, -3.534759351559579e-09)
(0.16906192424807226, -6.721736356455078e-09)
(0.8509945770979322, -5.818374148933591e-09)
(0.15271118653645374, -9.491679670330518e-08)
(0.8293770582568681, -2.6118967988405135e-08)
(0.14032575548543114, -4.925543701282923e-08)
(0.18468224382340606, -9.513008461698874e-09)
(0.5562222628498908, -8.96453161576781e-07)
(0.6987161040406402, -1.0621944018710573e-08)
(0.4999585861548841, -4.387862786653637e-09)
(0.5344448023361628, -1.688024396728545e-08)
(0.9864483368810159, -4.883387240994979e-09)
(0.44206647574314945, -4.326890020899053e-08)
(0.4284540785732102, -1.287920453304086e-08)
(0.3673827861510164, -1.9401151475711167e-09)
(0.3021230602231831, -1.722057720476209e-06)
(0.6908788609884519, -6.6760420152536024e-09)
(0.35715531409724494, -1.961514977698707e-08)
(0.035689181661897246, -2.129562248806715e-07)
(0.735286260299326, -9.243983056318338e-09)
(0.6051753674497541, -1.1092246056969917e-08)
(0.37663743023632257, -2.750918320622992e-07)
(0.6694370021898463, -7.344271898207876e-09)
(0.9845826833632332, -1.1173049840684778e-09)
(0.5713386519045256, -1.8278129347575948e-09)
(0.24902581262213763, -3.4243195702900004e-09)
(0.4559191070743513, -2.182478821305727e-08)
(0.6874550875103248, -3.3430959301874913e-09)
(0.7576897099452651, -7.276449720297455e-09)
(0.9281557153706854, -2.144597253257174e-06)
(0.059266569828909675, -2.769729405596678e-09)
(0.15146485312280186, -1.1345860549256077e-08)
(0.1839970781263503, -0.0007397207984766028)
(0.1878871029093897, -4.403819855887286e-09)
(0.3422883861219385, -4.568812211893093e-08)
(0.6668377391913489, -2.2434037351527746e-09)
(0.22806994280272802, -6.786414384419891e-08)
(0.047831049943654246, -7.057668846019726e-07)
(0.07232069004068799, -5.465227133197156e-09)
(0.715855560242375, -2.3829678031963663e-09)
(0.3925539341996346, -1.1727542650479275e-08)
(0.6409170012606332, -1.1881997238397594e-08)
(0.7799391006518969, -6.513325971021998e-09)
(0.9831988067723346, -7.308026987467297e-05)
(0.867483789731928, -3.654914082646359e-08)
(0.7352142659009009, -3.713187669783502e-08)
(0.6782514805930181, -5.869222632516066e-07)
(0.503267712699592, -1.5292252449959224e-08)
(0.5611021068875893, -1.676757997096224e-08)
(0.11610761956205533, -1.3136140812952403e-09)
(0.16806369767505233, -5.6113971444489747e-08)
(0.5836710292717899, -8.240238499798111e-09)
(0.1123148925919372, -1.1429055927584548e-08)
(0.6945665311584841, -9.542995836577894e-08)
(0.9224030583637784, -4.173397043361307e-09)
(0.4748972784522245, -6.591899369904137e-08)
(0.7901724170340213, -3.550754866435909e-08)
(0.1373997310715758, -5.108928674434493e-09)
(0.266885954344464, -1.1732730199885459e-08)
(0.8517345302839793, -6.109548620490685e-07)
(0.6703960809830443, -1.9735640875406053e-08)
(0.8467254938803312, -1.7599202179222708e-08)
(0.3921377609510252, -1.8603666605367196e-08)
(0.7291741706219541, -1.2400438890157975e-08)
(0.11542902522900621, -1.7613236873550447e-09)
(0.7915251271828669, -5.832232714647346e-09)
(0.655628807336824, -5.433865988168686e-09)
(0.13709030842162936, -2.186845500615714e-09)
(0.6078836493482005, -1.1052818070261701e-06)
(0.6278470814752463, -2.5531772541779547e-06)
(0.7573250584648192, -2.904808530795146e-09)
(0.02141395177158436, -1.7575971738891547e-09)
(0.9741404922660857, -1.7151084836178882e-06)
(0.3136774027297017, -4.22553274080396e-09)
(0.30903088720773486, -1.5807407235525738e-08)
(0.5834345763459947, -7.995735823347094e-08)
(0.6657802347211479, -4.89455564633991e-09)
(0.2173634911970156, -5.660972490874302e-09)
(0.9552989712724398, -7.862878736817118e-07)
(0.045364247717885296, -1.9054526057840384e-09)
(0.7201741004834734, -3.990008676459951e-09)
(0.4574733881855066, -4.5167773832895856e-08)
(0.18992686605951042, -3.9529362759706893e-08)
(0.231227395016801, -1.8496516026577857e-08)
(0.48956227223461496, -2.9313048066428185e-09)
(0.6513161828052089, -1.4404936535033828e-07)
(0.18490108757249, -5.563731436847965e-08)
(0.760638841929522, -1.2749253682143724e-08)
(0.3547285884606567, -1.1008153001865131e-08)
(0.5655086991819979, -3.670971691001184e-09)
(0.034598253617995074, -1.5185294919785822e-08)
(0.11144652655746964, -2.355560448907898e-09)
(0.6241055177679032, -4.8193783036955076e-08)
(0.857363072642135, -7.442022519605367e-09)
(0.4105156460995812, -8.854069463002527e-09)
(0.2092457074192571, -2.278982304843336e-08)
(0.04652696623557878, -1.4061552932381056e-08)
(0.16116161200065307, -1.965870998732081e-08)
(0.6910028422370983, -3.5142563551253677e-09)
(0.16406341201605765, -2.5335420220275858e-09)
(0.8392452017956213, -1.9475256926437062e-07)
(0.9547304823951507, -2.356768969352673e-08)
(0.9210284668017674, -4.959851073511279e-08)
(0.9038373184080999, -6.931258116186006e-09)
(0.9658955560732734, -2.0009421697171288e-08)
(0.23313155604679953, -6.944367873334423e-07)
(0.6693570820912884, -1.0222617032269234e-08)
(0.8078629363634384, -1.8174394781166667e-09)
(0.6143074685049292, -3.848556938812006e-08)
(0.16394594482855104, -6.807901011253808e-09)
(0.3770314503643649, -5.201536670911118e-07)
(0.7812751038705384, -1.642750648781744e-07)
(0.2916375513997816, -1.615511268963769e-09)
(0.7492721593769106, -3.814545957397847e-09)
(0.5316531360662236, -1.3146753094006542e-06)
(0.5372423508550558, -4.747362373077317e-09)
(0.9567149340638152, -4.277903953650642e-08)
(0.6626400855528343, -3.2592388581863694e-08)
(0.11337811424559335, -5.170201257891429e-08)
(0.9905783458237041, -1.2325883693951892e-08)
(0.5559643993816307, -4.049958840310218e-09)
(0.9273487097808947, -4.986031152185618e-06)
(0.4404915670840251, -5.329198757706769e-07)
(0.09247855173101698, -7.626929321894626e-08)
(0.08436714860711635, -1.0088536464003159e-08)
(0.7075112189709593, -2.5979513706117266e-08)
(0.010634106673915263, -8.59571790749501e-09)
(0.24551829423336993, -6.160273350355644e-08)
(0.6712047372642229, -1.5801167711176558e-09)
(0.8993540593313994, -1.3628648741880724e-07)
(0.5861912619519345, -5.972687382516066e-09)
(0.2056627545575463, -5.850902406722804e-08)
(0.4915910554205838, -4.4940205262876913e-08)
(0.03363844319164365, -1.470299277054283e-08)
(0.5421124223936759, -3.938566074342309e-06)
(0.11912298012155444, -9.237995912977822e-09)
(0.40225071806697177, -1.5576532181578984e-07)
(0.9462138284744789, -2.4753735705569406e-07)
(0.3140751333520027, -1.806165669143014e-09)
(0.8377724476728631, -4.738812595951712e-09)
(0.9989047704569187, -2.5245948911345e-09)
(0.9556699113412092, -3.396276845095602e-07)
(0.14311633437157706, -2.9375211589416933e-09)
(0.9666940380099738, -8.02533806941823e-09)
(0.6201952292468409, -2.5827889730481436e-07)
(0.28613513946308183, -1.7105793019301147e-07)
(0.6025630691260142, -8.136088616080288e-09)
(0.14937395405164486, -1.0295638658865665e-08)
(0.6891750340519356, -7.0763205125702555e-09)
(0.8395274495397149, -2.118854613066859e-07)
(0.1421083546423922, -2.9006631344678575e-08)
(0.2619648452305572, -7.496702999630342e-08)
(0.7427431658366893, -1.1986907992312257e-08)
(0.24714516857658825, -2.0187943696678945e-08)
(0.668943790234346, -2.3374319108832547e-08)
(0.37222881115713957, -2.0599813661013665e-08)
(0.9284720575309633, -2.406286367066435e-07)
(0.6934707503146985, -2.023729628745962e-06)
(0.2415634628023003, -2.1584395916691556e-09)
(0.9291551706351039, -5.541889054503957e-08)
(0.4245478558643725, -5.206164084061109e-09)
(0.1922928868682274, -1.536182083585864e-09)
(0.35933644193421704, -8.444252030730848e-08)
(0.3440152799935543, -3.90176728552318e-09)
(0.9738578350580668, -3.097472544335453e-08)
(0.5759008504461475, -7.581183151325937e-09)
(0.13459702523598643, -5.369790123084389e-07)
(0.16660862536851948, -3.431037579414171e-08)
(0.16660380627821278, -4.3349595168990777e-08)
(0.030128138061219906, -1.8386621007909762e-08)
(0.9994283766780456, -3.7596892379632533e-07)
(0.8039407905484569, -4.39686534695993e-09)
(0.2239061303466009, -1.5205389882855177e-07)
(0.5723802470814079, -2.2922289612460396e-09)
(0.5067485587203356, -5.343756846163327e-09)
(0.2975764208380319, -3.6537593166809155e-08)
(0.254621408944814, -5.46731181258382e-08)
(0.08297286612432431, -2.2434306690403035e-08)
(0.03988447210831804, -1.1736221655302614e-06)
(0.7107073812988153, -2.9921123901555e-08)
(0.035171927529057366, -1.5643548635338178e-08)
(0.6264461971041982, -3.3447142594529074e-09)
(0.8942117394262142, -1.866629180104369e-08)
(0.17526742351601307, -1.1889237860787648e-05)
(0.3296053839246166, -4.274716007112072e-09)
(0.03920470147529561, -5.99727745219277e-07)
(0.3232340427979026, -2.031052775963801e-08)
(0.9200548853612965, -3.1382256897872447e-05)
(0.7722906687695116, -1.3333026715820677e-08)
(0.5652910820049902, -8.074050545887412e-09)
(0.09178843030476004, -5.063276728120739e-09)
(0.6414636193728708, -5.774989207447807e-09)
(0.29835341989691355, -1.1555921510276812e-08)
(0.2013242380740407, -2.035221994673305e-09)
(0.4080362365485208, -1.1250628437496465e-07)
(0.06976498383656018, -1.502849243237765e-07)
(0.21443851059868088, -9.194575947565542e-09)
(0.4487486064662378, -2.015101098450957e-09)
(0.6064533397031364, -1.347932901148083e-08)
(0.6580358942316427, -1.7426714749388728e-09)
(0.37749915341523405, -2.8985304176918908e-09)
(0.9611603191808947, -3.859143527446795e-08)
(0.4399351048916298, -1.0744583458457755e-08)
(0.6951539637926312, -3.6562942483611e-08)
(0.8073378243946213, -1.9834929826071177e-08)
(0.16431419360421506, -3.4885941504542623e-09)
(0.5219722403714736, -1.3831334422835453e-08)
(0.1955658820371232, -9.602715850443806e-08)
(0.4078440512591368, -2.451395600364126e-08)
(0.19886645652876772, -2.9290540501944253e-08)
(0.8959655117768007, -5.419599546182066e-09)
(0.03955715063150768, -9.88591415340793e-09)
(0.5601891509218963, -6.621767728960629e-08)
(0.5364246499401807, -5.752329164447966e-09)
(0.646194601976225, -6.208427072313197e-08)
(0.9563971989572938, -1.5749581260683066e-08)
(0.47296605170834294, -4.2400996658877504e-09)
(0.18885868973807138, -3.208789456578156e-09)
(0.6674678167064939, -1.9865389539871058e-08)
(0.6758055005961806, -3.952233847550487e-07)
(0.11295823274026358, -1.2404470922177668e-09)
(0.5535550369819121, -4.658325783527391e-09)
(0.007762516978854535, -5.948991211288905e-08)
(0.5435666986863437, -1.3537909000652604e-07)
(0.11936089930542071, -6.343346085145256e-09)
(0.5673555867076506, -3.059886448124361e-08)
(0.5363832970007039, -1.4792475738914294e-08)
(0.9394119718802919, -4.075594694261174e-09)
(0.8733592487053957, -5.202223069007066e-09)
(0.1713711695196837, -1.8417822834542635e-08)
(0.342695274177427, -9.581769426815474e-09)
(0.36642775865179705, -2.330855850720663e-08)
(0.21442869846583398, -6.000205281952136e-08)
(0.4172751419663781, -2.204033620364037e-09)
(0.08843416947809511, -1.204497576792727e-09)
(0.2927309229593353, -4.247390514970222e-09)
(0.4510367020043454, -3.1151934784380337e-09)
(0.3230198052938402, -4.245888430676619e-07)
(0.3777035605117428, -3.1742855671853704e-09)
(0.6839467098603594, -8.923981871832154e-09)
(0.2691774217501886, -5.419875170201872e-09)
(0.37982689165998534, -2.302008129338206e-09)
(0.6209902541820814, -2.9634605523695806e-07)
(0.390287732442286, -1.825065982439732e-08)
(0.5689678597311656, -5.834878968134742e-09)
(0.1705291520637602, -1.9681492650808144e-08)
(0.9846884414544391, -2.3390279343298815e-09)
(0.9044728184494617, -2.308213820543411e-09)
(0.2998103913461522, -2.5900747567450373e-09)
(0.8991175386792825, -6.120323610345155e-08)
(0.6554376776274156, -1.3111193429946524e-05)
(0.5774159884876419, -7.080835515402099e-09)
(0.221415757336407, -6.237496389418039e-07)
(0.8124081960498546, -5.559589592191797e-08)
(0.44339230736253665, -2.9651250225059853e-09)
(0.9745154851910505, -9.578660824849147e-08)
(0.12139250403864896, -4.954888489296263e-07)
(0.2725614746888197, -2.006957215213655e-09)
(0.4482623712633516, -1.0358441297956233e-08)
(0.012724569255615386, -1.8534831279624426e-07)
(0.4473676532541265, -1.3423422493576457e-08)
(0.6786336886518635, -3.399417607567795e-08)
(0.23571994671247906, -2.8885400844052934e-09)
(0.6074161476147522, -4.9773012303116685e-09)
(0.08035724293614513, -1.529329504615338e-08)
(0.0007013525082655691, -5.3925511319707125e-09)
(0.04771667794057115, -2.0304038383113985e-08)
(0.29691207191959057, -1.6884243137203577e-07)
(0.6597862975980423, -7.133582121296325e-09)
(0.060914139001311644, -4.957957207085821e-08)
(0.007094749894021551, -4.715393683357579e-08)
(0.8709943100390221, -1.0736148580198455e-08)
(0.09399012855680046, -3.3219921700003085e-09)
(0.2573921690673823, -3.2759508494595024e-08)
(0.7853543975127771, -2.3061706086568856e-08)
(0.8914293676301204, -1.152136227422457e-06)
(0.39516454365764153, -1.0122975516493678e-06)
(0.47978212092559674, -6.8802031434222925e-09)
(0.597700968842775, -1.2054312254605996e-08)
(0.7139934874789601, -2.4780610970671376e-09)
(0.2643072788288863, -1.9306125108556505e-09)
(0.8855324500365322, -2.492225895290634e-09)
(0.8090719222759736, -1.4481156996820577e-09)
(0.4579795980358719, -2.4702427652532136e-07)
(0.6191653986484836, -2.7965045073685565e-09)
(0.9087227493622764, -2.6923096493558315e-09)
(0.633977857961624, -7.81050412286154e-09)
(0.25910060398554785, -7.876533517139243e-08)
(0.829685984048361, -1.7108178338101586e-07)
(0.8082611956192687, -6.97927468088203e-08)
(0.13655688116159384, -1.511276997276769e-09)
(0.9232473109649393, -9.418110496787193e-09)
(0.6099076219574713, -1.2046500567628578e-08)
(0.400615245309362, -1.403205380705462e-08)
(0.3309795812638136, -1.892527887946238e-09)
(0.8468281692498695, -2.4367112582150907e-08)
(0.3523127580802866, -4.6705839496981864e-08)
(0.4081611922693107, -1.9179730696524315e-09)
(0.01133276447928652, -3.744071006511268e-09)
(0.26835721437021454, -2.0946420616432237e-08)
(0.5022779213126147, -3.252227110170294e-08)
(0.6929664240318217, -2.5812175254931683e-09)
(0.13153832425082784, -2.9140273851496063e-09)
(0.6482968087673451, -3.2732336329234553e-09)
(0.01074065334924057, -2.545914169576843e-06)
(0.3703691082992572, -9.575433853848605e-07)
(0.9831203975260434, -1.4897445372999446e-09)
(0.9775484248068042, -9.890311326123386e-08)
(0.4911890120236509, -2.1840957079533668e-07)
(0.31267153748703036, -1.4118898432195826e-08)
(0.49513507189466793, -1.2591592175304262e-08)
(0.6388974869274443, -4.893751767808101e-09)
(0.5536278429906759, -5.287300369729115e-09)
(0.47965173485912543, -6.091632676520012e-07)
(0.5115218289878969, -4.212160465491598e-07)
(0.3520980786421968, -6.859817949921998e-09)
(0.5436339805182242, -2.2543276245367235e-09)
(0.6241317921396893, -2.2319282513739224e-08)
(0.07106816263157487, -7.256127717658594e-09)
(0.24981255857681195, -4.857072102224027e-06)
(0.1896072778107966, -1.153719672150344e-08)
(0.29788423857105556, -2.852514754468402e-09)
(0.7648386018075244, -3.818275731302415e-09)
(0.34617281248565607, -1.492841828348483e-08)
(0.5554310167284302, -4.573898596688562e-09)
(0.3104322831117977, -5.084558489389211e-09)
(0.6948972987834108, -1.3945549482834007e-09)
(0.461224767200201, -1.7576544975544844e-09)
(0.046610625363190994, -3.246008432357376e-06)
(0.38248688161119787, -5.931334674879499e-08)
(0.05263765257116574, -1.7373344757907194e-08)
(0.8251072809694274, -3.6080038742967914e-09)
(0.7610357604063749, -2.399693564585012e-07)
(0.9608523630975458, -1.8493548050114521e-09)
(0.7673705759969173, -7.671730851084176e-09)
(0.49002403393770466, -7.773552484967003e-08)
(0.5635252177108541, -1.945253785744136e-07)
(0.2897231248252374, -7.271924187047589e-09)
(0.5172285711651082, -2.363090538655883e-08)
(0.9891698085468444, -4.910521799900913e-09)
(0.4732458311658687, -1.924756016250433e-08)
(0.6559028533726561, -1.2439647594381918e-08)
(0.4193860061957649, -3.6203642326230192e-09)
(0.8213947409169251, -9.788213275453488e-09)
(0.8859685072626104, -2.818269898209256e-09)
(0.1289436030694765, -2.5720125451383267e-09)
(0.39813753512383093, -1.1971172109674665e-08)
(0.008844171509488876, -2.0942254487542346e-08)
(0.41897069058666647, -1.1492254550748865e-08)
(0.9674647475726117, -3.9170344243098684e-08)
(0.4330670973323538, -1.5413672912176682e-06)
(0.28244859384453247, -2.5393671250721275e-07)
(0.6121513813495547, -4.857665003687395e-09)
(0.15273536363343707, -3.2336604076254525e-09)
(0.54591776167556, -7.190437795626333e-07)
(0.7174314529149757, -2.11412512670857e-09)
(0.9686863274259231, -3.7929641594160796e-09)
(0.10038803995884363, -8.143924086552497e-09)
(0.6429443625133239, -1.6037821114665551e-09)
(0.8536364363201845, -1.7292973386535663e-08)
(0.8084971519211839, -7.073140945471415e-08)
(0.4145139962607991, -5.0418594880575415e-09)
(0.6538484416156473, -2.1986286942411794e-07)
(0.5490104157411572, -8.376724095287081e-09)
(0.45877753703834623, -2.1933753905369807e-07)
(0.8678607138872106, -1.4778025015623414e-07)
(0.26425510940605895, -3.846251789678433e-09)
(0.8811776394877671, -2.0992145608788094e-06)
(0.32253058915734795, -4.021219568837308e-08)
(0.7846259357550197, -1.551249947025193e-08)
(0.4045456387339148, -8.054323286349175e-09)
(0.3218424141796569, -0.03874419693997711)
(0.3940963417940954, -5.03793177031939e-09)
(0.31221922669541163, -1.983242172925801e-09)
(0.6389462649032503, -1.896646931773525e-09)
(0.5400597994040311, -6.691404879935899e-09)
(0.06938860108116245, -8.044440400753354e-09)
(0.4639916070323487, -9.018635471503389e-08)
(0.09980771795174626, -4.309984371365439e-09)
(0.5279276297533871, -2.7756355648854463e-08)
(0.6593231286342619, -2.9393263839055296e-09)
(0.04329702473663332, -2.0743303675499856e-07)
(0.4032075175166691, -2.3192246092509224e-09)
(0.5267795965726878, -2.0199508687968627e-09)
(0.24379897774835765, -1.745307684923392e-08)
(0.42712859492489597, -1.0029213199551663e-08)
(0.4001201839816769, -3.80431111844847e-08)
(0.47575010061794093, -2.2117128562259766e-07)
(0.06409135025156014, -6.898410514198639e-09)
(0.015314818024090081, -4.847483448456854e-07)
(0.7071338894366318, -1.360011300536268e-08)
(0.14941560148193037, -6.500294694704459e-09)
(0.846962064656166, -1.5436116435592358e-08)
(0.28492745828099636, -1.0424633385875185e-06)
(0.495816517559055, -2.766747803464457e-09)
(0.5930473408352046, -1.5744777121031922e-09)
(0.24853657217978697, -3.3038559876111554e-07)
(0.3777253813756121, -2.203587615238939e-09)
(0.19251794978698752, -0.00021789386633834195)
(0.5462753936465823, -2.0421140361231494e-08)
(0.15645418333543235, -1.2944333950739713e-08)
(0.3380317828925018, -2.271082538887692e-09)
(0.5335129279839999, -1.912184932829143e-08)
(0.34992109005405286, -1.006273840085517e-07)
(0.9929209991469738, -2.4921353838045243e-09)
(0.8144002277024496, -6.142070690388341e-08)
(0.9375139930950813, -1.329478520208884e-09)
(0.07732952267969871, -1.6727921264060378e-08)
(0.09910542133742901, -1.973386600169535e-08)
(0.1116680230579334, -8.152353101622296e-09)
(0.23026043201686722, -1.0575362102201215e-08)
(0.7383914877523541, -2.6331855628054963e-08)
(0.684737341948901, -6.541584720875563e-08)
(0.871949621338854, -6.0524735587439804e-09)
(0.09834652816460321, -3.625199267820007e-09)
(0.8096988269496971, -2.3926215677884333e-06)
(0.2007907113972181, -6.706231903762707e-09)
(0.2503275254097082, -4.2845712196569635e-09)
(0.9127773179064779, -2.367152651799963e-09)
(0.9370946409154526, -6.490653343447868e-08)
(0.9593818155994428, -1.2349278429215842e-09)
(0.10162024435522778, -1.9132582064690397e-08)
(0.7296525452638005, -2.006571111542039e-08)
(0.39000136138728786, -6.847600468726772e-09)
(0.6607329470629784, -1.3722372858785212e-08)
(0.9711857058639128, -7.671622747492434e-09)
(0.5356169433249772, -6.426043663377379e-09)
(0.7090232987715578, -5.423837624661728e-07)
(0.9436628305458625, -2.200409960342698e-08)
(0.17142232130684518, -1.1577306985682068e-08)
(0.08451803388022547, -4.230485821651608e-09)
(0.3696932747334393, -6.263254978564318e-09)
(0.009549136378251683, -1.8603442974444699e-09)
(0.2720939650562018, -5.866400810829106e-09)
(0.38857091602878024, -2.5585794518885877e-05)
(0.9794119354645132, -1.630443348392819e-08)
(0.045021222895266465, -5.386161754901968e-09)
(0.9309314799268994, -9.67283810835324e-09)
(0.7485125571377792, -7.096435074028505e-08)
(0.16819720382104705, -2.130108968166269e-09)
(0.7571106835746081, -2.0453935193720113e-08)
(0.4332125283167509, -1.1865505731308607e-07)
(0.10754965182390612, -3.2468881896774125e-09)
(0.7859138608183495, -3.3815646217014662e-09)
(0.6111216378230295, -6.605862320291297e-07)
(0.36569805993846866, -1.8216242396341395e-09)
(0.660579015330644, -3.647401823050757e-08)
(0.6438293861232732, -7.317912431694766e-09)
(0.8402756412641624, -1.2394170699564206e-08)
(0.10465863582866133, -6.99827650674563e-09)
(0.3063064146416663, -1.6192306459286948e-09)
(0.27326143785155127, -1.7756717713147377e-08)
(0.5175536148170649, -4.835288425756685e-07)
(0.34398997013300925, -5.514672911554513e-09)
(0.009243123011883589, -9.6169683152956e-09)
(0.6645675789760603, -2.2623301819688147e-09)
(0.057131512157139394, -6.68108762732923e-09)
(0.5968566614248584, -2.1701121804780544e-09)
(0.07467159737897965, -3.2851549246947006e-07)
(0.7013215421340744, -8.261893404661629e-07)
(0.9206268190738099, -2.7543609828123433e-07)
(0.9318727195061982, -7.1795040371643675e-09)
(0.06121468105140133, -1.7388267445321102e-07)
(0.20188985399902182, -8.954567081375167e-08)
(0.2550237939899715, -9.025080110662318e-05)
(0.9653135409825079, -5.2653373797160014e-09)
(0.1574466438019801, -1.1164771033290853e-07)
(0.33009618891711856, -1.6831126285224599e-07)
(0.7402783284390659, -1.2443669532020648e-07)
(0.9993865304295149, -2.7087607670376317e-09)
(0.8511214470570614, -2.3229473754340644e-09)
(0.19838132346153275, -1.3057818150699657e-08)
(0.8481898090266298, -3.648533630899072e-07)
(0.17723941309740077, -5.8176606821463625e-09)
(0.0847065472377224, -1.001184985177393e-08)
(0.18996046131873148, -7.814576501310713e-08)
(0.163167296461089, -2.7210730398680942e-06)
(0.034536173751444375, -1.0677518267682992e-08)
(0.8531632899182944, -1.837958132159307e-08)
(0.35021877341107827, -2.1851278528402606e-08)
(0.8098274866432615, -2.21510770565603e-09)
(0.9430025788562169, -7.645109652880472e-09)
(0.8914673828410828, -4.7405254960155754e-08)
(0.21691374898554044, -5.2328628728406915e-08)
(0.4081113105301339, -2.650506892184569e-09)
(0.62848645148602, -1.6020090268324896e-08)
(0.2128661694987251, -2.8466093015662236e-09)
(0.6615157164440758, -1.0701267145680813e-07)
(0.36727310662161955, -3.671443323386557e-09)
(0.18106629867984414, -6.343308133022381e-09)
(0.9160799168932213, -9.188644264875958e-08)
(0.2861390543152268, -1.5430952777210684e-09)
(0.9327731371394846, -8.532929904286127e-08)
(0.7653885332915429, -1.2155896785542294e-08)
(0.411794464316507, -2.2104012247617862e-07)
(0.002493958435300244, -3.117033363428617e-09)
(0.2923210247811617, -5.2851058058613985e-08)
(0.32722032248196764, -6.05951357934906e-08)
(0.9359053546373384, -1.1570044107616466e-07)
(0.318308215117066, -2.2110488535742616e-08)
(0.44961937141686986, -8.772166198558342e-09)
(0.7137822574031358, -1.754536883643757e-08)
(0.26714817002991376, -3.100800671025897e-09)
(0.09707856139848152, -1.180518076051994e-07)
(0.5053597632594805, -8.47288521102283e-09)
(0.7264637689082221, -4.921593472923705e-09)
(0.6019938396347094, -1.8153108081716028e-09)
(0.5600838099082907, -1.9028763110499088e-09)
(0.3505041599526421, -3.474935811398165e-08)
(0.556624812450316, -7.306032232531597e-08)
(0.15978248535994843, -1.1686984864718357e-07)
(0.08717879645621308, -2.1924327545384126e-09)
(0.9282429369651574, -1.0128714000367613e-08)
(0.9442931645493765, -3.161408642002921e-05)
(0.36872567326020594, -1.6717908392697986e-07)
(0.8640287959629078, -6.233231233166916e-09)
(0.3523611560471648, -8.690413380865739e-09)
(0.06421677740498934, -2.9868026689927706e-08)
(0.6300255576056574, -2.0877469229435248e-07)
(0.9204906733541381, -2.3954863150395896e-08)
(0.16750852675318806, -8.992661384424682e-09)
(0.4805731314462419, -2.508053708325891e-09)
(0.7823620431761334, -0.0010902051125231665)
(0.7825794180241319, -2.4842996535864738e-08)
(0.7636995193661449, -3.787550351584338e-09)
(0.053879870022396685, -7.214887498600566e-09)
(0.3173057029684302, -1.5516796983253395e-08)
(0.7956402376715624, -7.291699282751593e-08)
(0.6101129893394608, -7.441787808521355e-09)
(0.19227629959906337, -4.2290219379563e-09)
(0.6808590776768888, -9.077698683297647e-08)
(0.06367567808299478, -1.9133649860647402e-07)
(0.05207839139902855, -1.5440350601888153e-08)
(0.4903806395257163, -9.355993847477888e-08)
(0.5729041117171885, -2.851955895468434e-09)
(0.3979010418442916, -6.230825730746794e-09)
(0.8444533968546284, -1.1709872649229e-08)
(0.33279277996317236, -4.262324581278226e-08)
(0.5112680202199393, -9.102606107753173e-09)
(0.42515996095524133, -6.088831390704742e-08)
(0.0457002392075533, -2.469406490589894e-08)
(0.6756358954506559, -5.75518158163172e-09)
(0.16654857885709548, -3.5027596179767124e-08)
(0.0826612698544889, -2.562152916468463e-07)
(0.7431106622623165, -1.233278153657638e-07)
(0.9390111702947954, -5.007484173906868e-09)
(0.31250891941886483, -1.0097857712266262e-07)
(0.4455249769575744, -1.4192629415154354e-08)
(0.7236656082775674, -5.56464020803048e-08)
(0.33934789367066753, -8.659327865376736e-09)
(0.20289187006775428, -1.0107230508346158e-08)
(0.06386550829253614, -1.9333497418684234e-09)
(0.8523671874420434, -2.6155353187229657e-06)
(0.33171371905542885, -7.456708180993064e-09)
(0.10534126274021585, -1.6233864977183164e-09)
(0.40348489232894724, -1.965733010819531e-06)
(0.03328092455442143, -1.0195738095134704e-08)
(0.46995668371892785, -6.117040543818941e-09)
(0.03030910213041096, -4.96158560693223e-09)
(0.7304708877108264, -1.5125928247068663e-09)
(0.7634666483537087, -2.2014798747998726e-08)
(0.3533175733875637, -4.698765742231166e-08)
(0.7210704090595117, -1.0137032294128054e-08)
(0.2900273655372953, -1.5521281036656921e-09)
(0.9433861761764364, -3.902828156357846e-06)
(0.653740304663293, -1.569766366415861e-07)
(0.016475565738484906, -7.893041256176394e-08)
(0.14627498684809281, -1.1775295430160887e-08)
(0.970781712251859, -1.091833719743214e-08)
(0.7889803063723757, -6.419323355930776e-08)
(0.7510790763970087, -0.001294151188239077)
(0.9947129146331395, -4.875694779857199e-09)
(0.5762463138686171, -1.922103706835388e-08)
(0.833710939758859, -1.8865202793212448e-09)
(0.10791179965777421, -3.633937285929453e-05)
(0.7333665933273846, -3.1389618979275333e-08)
(0.16419342710802215, -1.993961457646513e-09)
(0.9775423810985434, -2.0012905583314114e-08)
(0.21303483630039033, -3.085803092473381e-09)
(0.9280873450987898, -7.914639266695622e-08)
(0.19668351273184972, -4.279227682564041e-09)
(0.896473364923043, -2.853546008293072e-08)
(0.6134289061689007, -9.422200122051709e-08)
(0.5734453471103867, -3.3473359281226818e-09)
(0.017973678358804004, -4.056508233935976e-09)
(0.3642980928673341, -1.417827285979031e-08)
(0.33571924607187564, -4.389132721809654e-09)
(0.08845659750319973, -2.7742856110274535e-07)
(0.817632251946754, -2.2494229493221747e-07)
(0.1811808515014388, -1.940462683873796e-08)
(0.9228678531036899, -1.8581169249660749e-09)
(0.48996818984303725, -2.1525436781598817e-06)
(0.7491479347773016, -1.5057775236625253e-07)
(0.8218199072801509, -2.4898341086879197e-09)
(0.11349846313098577, -2.8662431523298537e-08)
(0.3278129193374577, -1.1655229743335594e-07)
(0.6016978025625576, -1.0559414687012039e-07)
(0.438236730171691, -2.2012483657324755e-08)
(0.3450167078407645, -2.2687123157769354e-09)
(0.825738060696642, -2.265492057273879e-09)
(0.9562555124216239, -5.338373337483117e-08)
(0.1179015481196695, -1.2906883706447697e-09)
(0.8354657840509288, -6.71030823521906e-09)
(0.17002265553229925, -7.905502705606622e-09)
(0.14008157174630953, -8.233102648858928e-09)
(0.6379784225833938, -1.1481865085345599e-08)
(0.6531656513732574, -7.672748402154377e-09)
(0.5260679760585204, -1.7020852697076598e-09)
(0.7179551035780092, -3.697797651254829e-09)
(0.1988733176871978, -4.059880048362256e-09)
(0.04254662875999211, -4.5073914430190434e-08)
(0.014570600439722458, -1.0128370498989627e-07)
(0.10569955046095561, -1.3791752017510169e-08)
(0.46459579364733805, -2.3212423454569756e-08)
(0.8277903612037497, -2.047197592985417e-08)
(0.7019922991703323, -1.2988894533936727e-08)
(0.8395488228232125, -7.3495025870580205e-09)
(0.4478834640228551, -3.050362090520517e-07)
(0.7785171392979018, -5.311780861550186e-08)
(0.5181657468558041, -9.994509048188909e-09)
(0.3809882354422978, -1.981727758602661e-08)
(0.6911125093774128, -2.7379242730683402e-09)
(0.36203071838867196, -1.2670850722891959e-07)
(0.3614331427038327, -6.934220908382188e-08)
(0.2842220205858938, -5.177992407218071e-07)
(0.45852843865041043, -7.857351599102397e-09)
(0.7269871832012844, -2.188266217620527e-08)
(0.3226235605588511, -4.624556897854988e-09)
(0.28382914522581165, -1.7198990924944048e-08)
(0.010487014251240366, -3.383697231639244e-08)
(0.41843383458521194, -4.187834384419128e-06)
(0.4515103251085291, -5.833326928890928e-09)
(0.33773803557347204, -2.0546700155877462e-09)
(0.8399291725345338, -8.106052741884562e-08)
(0.41114570432989733, -3.006732270256659e-08)
(0.5581283653681004, -1.8738047044395343e-09)
(0.5075170641489507, -3.386405510817409e-09)
(0.19192696517953772, -7.09708919925103e-05)
(0.28566129538023477, -7.304270375592543e-08)
(0.6044960099284467, -1.7031219362420797e-07)
(0.5103899721157079, -1.5966905780231267e-08)
(0.28056504817517625, -7.100430715698213e-08)
(0.3739779780654159, -4.083849939411414e-09)
(0.5232566976511321, -2.00459948559249e-08)
(0.9519397408881416, -2.573712862859459e-09)
(0.826947701084861, -2.413057122104731e-07)
(0.07621333382086046, -8.6504862007285e-09)
(0.20723962268346893, -4.238704563601108e-09)
(0.6291065748082105, -1.5205343833391088e-08)
(0.08948365261820561, -5.994113612461149e-08)
(0.08977586097031506, -1.4942669440857915e-08)
(0.8009889740842842, -5.890027923359872e-09)
(0.6219547256860289, -3.040275842841194e-06)
(0.5677782730120082, -2.3124725170430683e-07)
(0.6684126800505242, -0.0013601040831779454)
(0.7061626190722354, -4.064373630929794e-09)
(0.8836671952209743, -2.753132124820566e-08)
(0.1872911770856825, -1.7084468973677613e-07)
(0.6345946180111697, -4.435365008510597e-05)
(0.5097975370933824, -1.0772919290757352e-07)
(0.3730479273424574, -3.139394163259724e-06)
(0.34322044061825097, -1.5409838313140432e-06)
(0.09668366460831741, -2.7767660843437773e-09)
(0.822489628958016, -6.21439715199874e-08)
(0.34992001121990673, -7.505692683850094e-06)
(0.248370320569656, -2.106013939217222e-08)
(0.8361742923140509, -4.693108026105228e-08)
(0.744698603562404, -6.5074908099695605e-09)
(0.46780837519179613, -1.7433149795643193e-08)
(0.009028338134017676, -1.9778822786859784e-08)
(0.49964336059534914, -3.281988917453095e-09)
(0.00976386940795412, -6.24697073695238e-08)
(0.6334958502654999, -4.849143861423402e-09)
(0.8019063458642108, -4.3179559456239006e-07)
(0.7636372936237809, -1.4018271425880018e-09)
(0.7980013377514135, -1.1256709927764228e-08)
(0.4123435955116364, -3.7170833820189813e-07)
(0.591797882883586, -3.505709414931965e-09)
(0.07506663186076876, -4.891029378211828e-08)
(0.9086381419937143, -3.5459168408452825e-07)
(0.49758568731633074, -1.68235632348682e-08)
(0.8166800883841372, -2.618924605689616e-09)
(0.7068034626041442, -2.365627253602529e-09)
(0.5017292139581851, -7.658332093365141e-09)
(0.7281959538055299, -2.9528259823918333e-08)
(0.49231382885475367, -8.83804688698242e-08)
(0.5439827032234665, -2.84971127735e-06)
(0.3290099273677966, -2.4582533652516945e-08)
(0.5473875750653594, -5.738234699946782e-09)
(0.16011495569630324, -1.3880310678397837e-09)
(0.9174530732623756, -6.654779406270629e-09)
(0.7936131526085146, -8.325460344097792e-09)
(0.8746447968172129, -2.1293231618163647e-08)
(0.4887353370601866, -4.136049780494832e-09)
(0.09374405033585045, -3.1182419692431174e-09)
(0.5063374951915015, -1.8526992780129777e-09)
(0.5500917731153275, -1.1807087201761339e-07)
(0.9806031867733507, -1.936099859755314e-07)
(0.8146769127632122, -1.5264109140474464e-08)
(0.2826641296493407, -1.363349911674349e-08)
(0.3747528815513214, -1.9170834921313407e-09)
(0.5201058852569652, -5.386693469768148e-07)
(0.6324153644015372, -1.238257510552137e-08)
(0.8522092616632949, -1.1258014884748181e-08)
(0.3856793437902934, -1.8592307529492798e-07)
(0.3730242048847658, -2.097116165225697e-09)
(0.28700155400047445, -2.0713144040413803e-08)
(0.5360732357291121, -1.8621498474250166e-08)
(0.5458223140097025, -1.4220553421777093e-08)
(0.8828908897459032, -3.2117500900672944e-09)
(0.15911825976368701, -2.464440433419802e-06)
(0.9943269492011327, -4.0392674909888556e-09)
(0.44878398655080365, -1.0745931854490776e-06)
(0.6888939335685033, -2.2385735140628934e-09)
(0.10132410419424308, -3.3036984527031773e-07)
(0.9760778337339912, -1.3032026378779448e-09)
(0.2351724977487739, -2.384704699040609e-09)
(0.761405320392902, -1.2810141490357525e-08)
(0.22271945494910372, -1.9240523194240057e-08)
(0.6433264489292347, -4.808126101863614e-06)
(0.967643702709276, -8.494403568043068e-09)
(0.6098655130797372, -2.1510856111018964e-07)
(0.648085789003327, -8.688336647052011e-09)
(0.4417245129648299, -6.965309731470345e-09)
(0.8280728726497104, -2.0969184536030186e-09)
(0.9216134249219083, -4.0669390529316094e-08)
(0.9349857786126003, -1.8986588456464415e-09)
(0.7056807277499662, -2.2677463021777794e-09)
(0.5228805918895175, -7.692953066845147e-09)
(0.5247213934594139, -7.922873298703337e-08)
(0.05797026773432802, -3.768290500522657e-09)
(0.7769374912514634, -4.5833845726689895e-09)
(0.8716798235085766, -2.529641279424346e-07)
(0.08776308966756882, -1.3516078100708554e-07)
(0.6331155306808032, -7.536796808201795e-09)
(0.47242943578978375, -2.845955828397274e-08)
(0.7194901812390995, -3.539507199425181e-09)
(0.6710312428024366, -6.687931895817544e-09)
(0.09156544396566543, -5.404265494708356e-09)
(0.36221597711254905, -2.2598319692973737e-07)
(0.3379115803785722, -3.413408149331299e-07)
(0.8347222340908786, -1.3427126628582223e-07)
(0.5202927367598649, -9.701876326397316e-08)
(0.14363905628011644, -8.475005985736859e-09)
(0.5089174243847673, -5.862810796557548e-08)
(0.8571233367565791, -3.5131940517911176e-08)
(0.9721969824544642, -6.273820757047743e-09)
(0.037197334010720486, -8.460758557741659e-07)
(0.6245690336687528, -1.976095764898758e-07)
(0.34201360636236217, -2.977206779616803e-08)
(0.4864406709875514, -4.843197633588142e-09)
(0.47703726824515214, -2.018500473318089e-07)
(0.14653070210094077, -5.488451239722953e-08)
(0.728562430878992, -1.0600533534084288e-08)
(0.30965483379876946, -2.176366335518934e-09)
(0.5329809753714256, -1.2977506338673046e-08)
(0.1916335051646015, -6.387084470734064e-07)
(0.896857259594952, -2.3727681380101813e-09)
(0.7506949098616936, -3.2263248794740063e-07)
(0.39144766187481683, -3.3400165445993787e-09)
(0.47144524100690766, -3.341208148667597e-08)
(0.5778354579598137, -6.07321816255281e-08)
(0.5535138805616556, -8.213681359436829e-08)
(0.8427190067743144, -9.325890909391294e-08)
(0.7104274361940677, -1.1476177832508226e-08)
(0.17186370029158288, -1.1720047099248366e-08)
(0.9408321582447957, -1.80153464122631e-08)
(0.8740323747289769, -3.1308385001981878e-09)
(0.6937319259452485, -1.446687297628864e-08)
(0.8583242259503862, -5.228548024486025e-09)
(0.675692231295892, -1.680537747898877e-07)
(0.6643112013532869, -5.285175514388436e-08)
(0.9659203890838912, -1.1147084315480625e-09)
(0.5501796318551581, -5.951311464690331e-09)
(0.9213477786043623, -2.1049518892112202e-09)
(0.012293842958356426, -3.3370590293004414e-06)
(0.1821230516566844, -1.6852773133509207e-09)
(0.43836801317780894, -3.118102375984174e-09)
(0.15620477552584758, -3.6449967852299266e-09)
(0.8772116757278281, -2.9272107496577574e-09)
(0.823565545464421, -7.313943591054514e-06)
(0.5733340067777472, -1.2105525012166255e-07)
(0.2163017410594937, -3.0815660751373696e-09)
(0.45792576138313384, -8.79330816248375e-09)
(0.8589067601960017, -2.3160632799700556e-06)
(0.11775065283072078, -9.28947309614123e-08)
(0.5090849315267324, -7.812797158380362e-07)
(0.7137705301831081, -5.311420243880126e-09)
(0.7806312464891538, -1.6454294409773842e-09)
(0.52877644788835, -4.219656956102002e-09)
(0.23928621999542782, -1.8499414938177486e-08)
(0.04965448887539252, -1.0631464314385859e-08)
(0.32144040822191533, -4.926137068359159e-09)
(0.6773628458354425, -2.6282256289300827e-09)
(0.1833515544791462, -4.7570362563381325e-09)
(0.5248695173226305, -4.247057729376087e-08)
(0.723499629031861, -6.221647599401043e-06)
(0.3102165714849842, -1.9191015044196483e-08)
(0.5382355468286529, -9.1149721358858e-07)
(0.727579068976813, -1.5506080646911093e-09)
(0.47707433743896244, -1.0840842206782383e-08)
(0.8047169106950653, -3.598234223957496e-08)
(0.6130186502107947, -1.4483124099147688e-08)
(0.15562155529191035, -2.1091975984592405e-06)
(0.7717249537672812, -1.6084209251555048e-09)
(0.07558939938897137, -1.5314435721226032e-08)
(0.5744043027960815, -2.5719235310148852e-08)
(0.14615828114637064, -5.3804271805657254e-09)
(0.270606671631441, -7.260373831318197e-09)
(0.5446211573164518, -4.287416438988275e-09)
(0.3340247217867781, -2.326999841092535e-08)
(0.7333695324352072, -1.3284469687866631e-08)
(0.5199077367347086, -7.074700651421024e-05)
(0.9435077452811413, -3.5315790946163074e-07)
(0.8223897767919099, -5.673741127310823e-09)
(0.2778526344776581, -1.9179764290178408e-08)
(0.7858997023224904, -5.3680723887088345e-09)
(0.48194067210780717, -3.291032449298363e-09)
(0.16538135386657982, -6.6893565967616e-09)
(0.4100887049996898, -7.566946845594373e-09)
(0.8789810687906114, -1.5253436788689584e-08)
(0.4292311776714216, -4.034542555133857e-09)
(0.6875462300691181, -1.3877359923761516e-08)
(0.07668469058585767, -3.2730107112566166e-08)
(0.5246757327750435, -1.6582888740839548e-08)
(0.2616445593804444, -6.709653617521729e-09)
(0.8580737988079778, -2.1572243136017372e-09)
(0.23428471146173788, -5.677811181123352e-09)
(0.016091641796059437, -2.7714283949334136e-08)
(0.07595060853955464, -6.7499779360647675e-09)
(0.6686749902652985, -2.0826943508611865e-08)
(0.950344035453712, -7.967162543145549e-09)
(0.31924385298045055, -1.008706842486529e-08)
(0.11887631836297002, -4.247539029167616e-09)
(0.1082341002853104, -1.1053649370505169e-07)
(0.7754672715564526, -2.652279832008139e-09)
(0.5359079177182144, -2.5635034098565656e-08)
(0.6276627504225621, -4.492721176402047e-08)
(0.06806606142835271, -1.6874038800457813e-08)
(0.4958770388101077, -5.844417205107235e-09)
(0.47928168222720746, -1.3986623352191268e-07)
(0.3466899821950265, -1.9921666062728654e-09)
(0.35425132704021917, -5.207278199557899e-07)
(0.6629618345971349, -5.705258195044941e-09)
(0.3418906502451261, -5.204687909904278e-08)
(0.9122858918441623, -6.3559170519136e-08)
(0.9429251823903844, -5.4610239119447876e-08)
(0.47149879053354193, -1.723221011176425e-09)
(0.39084175015701506, -3.3843040177856544e-08)
(0.06310953701436091, -9.545185821856374e-07)
(0.5831050601643964, -1.8923907275102232e-09)
(0.16811882953236224, -2.8115608728674968e-08)
(0.5465356444301668, -3.964099567817002e-09)
(0.8240818928760789, -2.340104383480898e-08)
(0.6220938236562615, -1.8600188527653618e-09)
(0.6536564004411158, -2.6062650047484367e-08)
(0.4618632078850787, -3.055063684821321e-09)
(0.5847089462803294, -2.017109295526389e-09)
(0.03358624122340074, -7.445056293177783e-09)
(0.7114772766508902, -7.111273714187211e-09)
(0.1480042073506041, -3.2603121354324603e-09)
(0.6166987367347783, -3.0025465922352956e-09)
(0.5127983480511097, -6.486011852523382e-09)
(0.5672949082656407, -1.0931852972051727e-08)
(0.007991763192944482, -2.2404662454860616e-08)
(0.8179543894253769, -5.525400968210546e-09)
(0.35410684248234214, -3.640380607849007e-09)
(0.3374311347277024, -2.686198515810498e-08)
(0.9810679422806663, -1.3768807301161234e-09)
(0.2984557707868326, -1.834636066331995e-08)
(0.6506506005427257, -2.025022652883233e-09)
(0.8915051992656783, -7.274996840389137e-09)
(0.7946485193712675, -5.595573875493201e-08)
(0.4226514579693877, -1.7373419927053444e-08)
(0.35230802737200156, -1.281376606129146e-07)
(0.9609331264146729, -1.3812195479843966e-07)
(0.3216113787492634, -1.1013702626376468e-08)
(0.35711419728745025, -5.707794132808311e-09)
(0.39107592649714173, -2.5445689740324516e-08)
(0.03077386234608073, -3.1595641736930438e-09)
(0.22582716674150954, -1.8903793581201298e-07)
(0.7829978181083789, -7.432473245786322e-05)
(0.6026651199525993, -1.0935346515422005e-08)
(0.6515643904855226, -1.0706320791709896e-08)
(0.3257173306956247, -8.211106870154722e-09)
(0.02907607218030166, -6.8890959928992795e-09)
(0.9790832022770457, -1.3951893891546152e-07)
(0.9282319480309345, -2.498625440002828e-09)
(0.0998474206104732, -1.8437209466259636e-09)
(0.07075021666732322, -1.1946345116644776e-07)
(0.41594328371061307, -8.710887711034444e-09)
(0.7377356818783186, -1.159298035502745e-07)
(0.0575848953047434, -3.818987555215984e-08)
(0.007599822351162297, -2.7511656626041724e-09)
(0.1493814763283674, -5.416165961102236e-08)
(0.11833379632233168, -3.503896357340357e-09)
(0.6487714784177155, -5.216417743755181e-09)
(0.7014268410270338, -2.0828026146978033e-06)
(0.22136728557167673, -4.6908241448363596e-09)
(0.2944090261990078, -5.412322844458569e-08)
(0.40743712370673496, -3.683101177233946e-08)
(0.8844371003259411, -4.6563532843424584e-09)
(0.5314078379649794, -9.246506430481648e-09)
(0.8259515607638611, -3.625433749047335e-08)
(0.6899155777186696, -2.3173375199272636e-08)
(0.9937619770936696, -2.6171455387719753e-09)
(0.821402253356162, -3.9108971540542675e-09)
(0.7473639420740718, -7.009790507785893e-08)
(0.9248132221902071, -6.14524540941679e-08)
(0.581834577195656, -9.495174037537493e-09)
(0.4946109643332211, -9.63780116986378e-07)
(0.8459733175329074, -3.4842716469567645e-06)
(0.08107578234393067, -1.4734945971981307e-08)
(0.337716191284275, -1.7648453087481026e-09)
(0.8732845013129392, -2.0233734121994955e-09)
(0.36302580788991895, -1.3468149076066407e-08)
(0.809668794255455, -8.444146727758874e-09)
(0.939915695683962, -2.6177307952791322e-09)
(0.9384662557926631, -2.3505241545442616e-07)
(0.16742586125735265, -4.003388845415239e-08)
(0.13749092560658607, -1.19617580689412e-08)
(0.45211643216880965, -5.573472910247458e-09)
(0.24105268462097096, -1.8660631257010332e-08)
(0.09613914362203757, -9.486613528741821e-09)
(0.7893911898325899, -1.4121149786176076e-08)
(0.22499063485324755, -1.162920430798726e-06)
(0.9346540652776502, -3.687517252258777e-06)
(0.1823886984874692, -2.0033959388846713e-08)
(0.46167883254732345, -3.952426362123453e-09)
(0.033168833670247935, -9.957329326843991e-08)
(0.1988961601249518, -2.123199978075403e-07)
(0.19882374836898195, -3.0709067277479257e-09)
(0.8746497065748504, -0.00015035949475049104)
(0.8048104745500189, -3.11151828864322e-08)
(0.07945406885187559, -4.167985285850277e-09)
(0.9470296026843681, -1.2252683364369584e-08)
(0.6920310662558027, -3.2709948679791496e-08)
(0.7303671945501117, -2.668083799262237e-09)
(0.931880779264055, -9.40172393220752e-09)
(0.8080374015852209, -2.52383659759795e-06)
(0.7870869876320487, -1.3512228137901995e-08)
(0.5085503273745577, -3.727831614981504e-08)
(0.5058237369489454, -2.0163315636617404e-08)
(0.09470142564107145, -1.558589517348339e-09)
(0.4999645418308426, -3.728765914110266e-09)
(0.3535500084376861, -4.306177913276916e-07)
(0.5544511277040602, -9.61274989943688e-07)
(0.1566037432616187, -3.1869059817299506e-09)
(0.5874495136663274, -3.7506028118419895e-09)
(0.7934130769276213, -4.833158699525988e-09)
(0.6798225012186796, -7.108546676251461e-07)
(0.010742036906868757, -2.9356352790938794e-07)
(0.20602098222223464, -6.483023108110461e-09)
(0.5671430724142742, -4.258109849515019e-09)
(0.3745402685358476, -1.573080728190626e-09)
(0.6897579358981761, -3.2053860439272703e-09)
(0.5881267455161683, -3.78400871041984e-09)
(0.5988986732796773, -2.649970454148021e-07)
(0.871321336555079, -1.0163492525285048e-08)
(0.6481768240605836, -3.284112477035512e-08)
(0.09040353945401579, -5.732107727817409e-07)
(0.1866953355177622, -2.826447886264165e-09)
(0.46291095165099566, -4.006451452056958e-09)
(0.28501203484224175, -2.8084925648144333e-08)
(0.31611693043113304, -1.5912083585774572e-08)
(0.4704768475140424, -6.388104517672431e-08)
(0.5806282176290845, -2.534324528334916e-09)
(0.20144923383515295, -2.6717207777363587e-09)
(0.4450162295359384, -8.733887688236239e-09)
(0.21711554719675905, -2.9570450575254534e-09)
(0.29806737234112174, -7.639146713538351e-08)
(0.40485294006137423, -2.141490860270489e-08)
(0.26516429513194484, -8.302383905289175e-09)
(0.3331090369532922, -8.507606052482837e-09)
(0.16049476936114987, -8.996202593500114e-09)
(0.6287527256969232, -1.6664541455411874e-09)
(0.977444695161976, -8.855994053209433e-08)
(0.8952504185226845, -1.462016797172632e-09)
(0.9946330510552293, -2.751850023851417e-08)
(0.2754303063627032, -3.6206218723872686e-08)
(0.9426625864981988, -8.635352038590534e-09)
(0.06009024891400148, -1.3283965421590065e-08)
(0.8161026180394564, -1.4315676759145891e-09)
(0.5085338781909646, -1.8378019202123833e-08)
(0.3883509359387595, -2.147218687965382e-08)
(0.3131061886335267, -3.1877072409866065e-09)
(0.5298207344742506, -2.0314516894406566e-07)
(0.7011772143391876, -3.193492943471244e-09)
(0.4731836086079681, -1.4944014926771075e-07)
(0.8702582374740315, -3.088035015175538e-08)
(0.04701300130420745, -5.9594799173984396e-08)
(0.9205681549706041, -6.684640106751576e-09)
(0.7339603372947588, -3.3078715578463185e-08)
(0.7129742394055673, -4.714917912616268e-09)
(0.20656280033491414, -2.410343578916864e-09)
(0.27187525195291296, -1.008274885202138e-08)
(0.40012000270113546, -3.0682510086813657e-06)
(0.5337663618214099, -4.735846068312383e-07)
(0.1669676927157741, -2.216345428043144e-08)
(0.5844087954684786, -3.4275996029007815e-08)
(0.05900248020233969, -6.169845650266894e-07)
(0.32668354643960323, -4.183390719199872e-09)
(0.22824847298877507, -1.0335520359079718e-08)
(0.8506407150067593, -5.587011357310955e-09)
(0.11154714273402878, -2.800867518022338e-08)
(0.30992596124700106, -1.2720107909621418e-08)
(0.5090631353792803, -1.9846339993946535e-09)
(0.661388438246687, -2.080543556001555e-08)
(0.6533981760443581, -3.6342301474148474e-09)
(0.8245941545582762, -9.818282970914709e-08)
(0.7037330379765369, -6.122973183502925e-07)
(0.4531112608438769, -7.180539129026653e-09)
(0.8078232026379176, -3.412190340192373e-07)
(0.5238001748292245, -4.148255551765763e-08)
(0.17504507025102647, -3.577448895145699e-09)
(0.8971790978789135, -2.333352339139774e-09)
(0.8145158691084754, -1.2510881872072969e-08)
(0.3923796441257175, -4.366852854810207e-09)
(0.4734496975964765, -1.3257833909857189e-08)
(0.5892892821336441, -9.195409392141791e-09)
(0.06763826637584645, -2.659437959610659e-09)
(0.303433853638375, -2.7221251495104393e-08)
(0.3661125501511301, -4.577202922746632e-09)
(0.2753520988111169, -4.019432043507993e-09)
(0.5173942345543621, -1.3353713365104899e-08)
(0.9776945179551104, -4.260353626150815e-09)
(0.4026346539406547, -2.9684617632349056e-08)
(0.18376504930402018, -5.147362890587035e-08)
(0.6567846013542209, -5.4517255948866214e-05)
(0.23924296198366524, -7.3700034177025306e-09)
(0.613364063619214, -3.437182313237427e-09)
(0.5773724345353797, -2.117233908473998e-08)
(0.5574134902993928, -7.186893321496487e-08)
(0.23866621248924844, -2.4644362484137156e-09)
(0.11161902702175944, -2.719691909668786e-09)
(0.38392747807279337, -5.923254837269936e-08)
(0.06416485724640378, -5.439261239887679e-09)
(0.2862063592144796, -2.6898790330093687e-08)
(0.27741262678731726, -3.560192786214002e-08)
(0.5833919826678816, -5.2365424680489856e-09)
(0.1354338657402756, -1.3764199237547685e-07)
(0.3229225994912476, -2.740794851436654e-07)
(0.008925341420939053, -2.7500183069110835e-07)
(0.4115361577049445, -3.470032970773948e-09)
(0.40189840947093, -4.030182435696491e-09)
(0.9638032617550084, -1.8812843724811702e-08)
(0.5291617879526572, -8.451155790380049e-09)
(0.256355773794863, -1.7393898178871218e-09)
(0.9181289524356783, -7.507799743323187e-08)
(0.952489863695637, -1.4155258069817173e-07)
(0.968989834812216, -1.707559147050993e-08)
(0.8655674170781832, -1.589586377170692e-08)
(0.8955557330288995, -4.2193447712782897e-08)
(0.2801040146409975, -5.700428743203018e-09)
(0.5442729113106729, -3.745902259079781e-08)
(0.7539683955508812, -1.1216345938686991e-08)
(0.433344555357499, -6.3999681303238994e-09)
(0.586507396004251, -1.142749877981188e-06)
(0.587538335389396, -1.11321933731394e-08)
(0.8532353481921365, -1.7869421864618465e-09)
(0.4950454619441429, -6.319872774913295e-09)
(0.668523892227146, -1.5305966730341211e-06)
(0.2275955598684596, -6.6584642969874205e-09)
(0.4358209620142811, -2.2557581253100293e-09)
(0.7684599036117867, -1.6945557064155335e-07)
(0.6015137777022983, -1.2153487317390658e-08)
(0.712568911592727, -2.5688970558674175e-09)
(0.4882670628387891, -3.2411978483721834e-08)
(0.5057654912750473, -2.539657844845135e-09)
(0.07941795496149168, -6.828181140917851e-06)
(0.07131903146449403, -1.765736022407048e-07)
(0.9252008996642542, -2.7222696115795283e-09)
(0.9199299789707862, -2.6310141239550803e-09)
(0.11041769678642108, -1.6506877010018455e-08)
(0.7736032271747322, -7.741710608985257e-09)
(0.08132916712742158, -4.131400552773532e-09)
(0.6260336508478231, -4.726720647259515e-09)
(0.8423529467838634, -2.0122945629461394e-08)
(0.8655930195930571, -1.1264646665816018e-07)
(0.9392670606465267, -2.2237600029662593e-08)
(0.2755710694934978, -3.906541732242132e-09)
(0.7495034431684352, -3.765749493349828e-09)
(0.09887311028258189, -1.9735341129086514e-09)
(0.45235247744123197, -1.948432010074924e-08)
(0.9161301124161313, -5.9523462190109886e-08)
(0.32601024722498156, -6.108842871944103e-09)
(0.2905462553486788, -8.619851874313318e-09)
(0.8516311098804482, -3.772519883229313e-08)
(0.4289241054692401, -5.010269601551979e-09)
(0.8288775569202745, -9.316063489696374e-09)
(0.8767771337887931, -2.538694019113982e-05)
(0.8935438185688696, -9.107470682544995e-09)
(0.529581517856103, -1.0527290134444728e-08)
(0.232404084822585, -1.0531372626108859e-07)
(0.2376522798044419, -5.518852765619883e-09)
(0.6083902137653611, -5.4019567639542994e-05)
(0.09284657826703126, -1.2779317022882775e-08)
(0.5033263924711616, -7.982048270751167e-07)
(0.2858694551512482, -3.1674513326810104e-08)
(0.6392132906001871, -5.604839965958023e-08)
(0.768849589379043, -6.51309396798111e-09)
(0.17837455819956632, -8.00944860337311e-08)
(0.7999633043929091, -9.59685810739402e-07)
(0.9144782761819266, -4.833954450917129e-09)
(0.29377727451837865, -3.853271092192374e-09)
(0.4472149478538476, -3.3775606174786914e-09)
(0.5151342796935332, -6.497913772207231e-09)
(0.2495950026451688, -8.332231930469804e-09)
(0.3518123168360483, -1.2778653509892608e-05)
(0.5659063317834547, -2.4478707368912126e-09)
(0.18376734146816454, -5.272404023910282e-08)
(0.8771529189902311, -1.491616680950555e-07)
(0.585001121984517, -8.374910457614566e-07)
(0.1914031169978882, -2.003572288169442e-09)
(0.45199915180124756, -2.0481401892144564e-06)
(0.5566512914832699, -3.24292765667275e-09)
(0.5710873320384527, -2.3494159274348158e-05)
(0.7904585259766697, -1.4242518103132297e-08)
(0.1897496541211647, -6.8513431629152885e-09)
(0.3287202146955847, -2.1092658036767154e-07)
(0.34126167426058557, -2.729237061164032e-09)
(0.3711751733703649, -5.690461783682043e-09)
(0.9228668876817017, -4.371126905253055e-09)
(0.41663262123265604, -2.1722461509559515e-07)
(0.8977394759878806, -3.3548387568616875e-08)
(0.22304220015350823, -3.15969823133315e-06)
(0.6032603937451663, -8.780832125357183e-08)
(0.10762143007238414, -1.8090551258951642e-09)
(0.38557117045523437, -1.9653035334952613e-08)
(0.5858777239131691, -8.056820502070259e-09)
(0.5915323126542827, -6.664895223031661e-09)
(0.14419500534382, -1.4358948728689304e-09)
(0.3111733026561878, -9.771213347864962e-08)
(0.44494286553971435, -1.2470425001997676e-08)
(0.9224272623076785, -8.390127064214888e-09)
(0.5530930302598444, -2.0435746157645718e-07)
(0.39392847793087227, -2.9179460611905006e-08)
(0.062352237136689005, -2.8927641907971685e-09)
(0.7969057167486635, -3.013228030375876e-09)
(0.02099695457141778, -7.552402505755117e-09)
(0.589786891913357, -2.3735071358540335e-08)
(0.3825451637447021, -4.627993717403606e-09)
(0.6034151443746367, -1.268760534860312e-08)
(0.42609222599145397, -2.0678167311911774e-09)
(0.36521251357639384, -2.4769056681560427e-07)
(0.41249792560904414, -2.466596191044994e-08)
(0.04955553224639, -3.6879601167022673e-07)
(0.6576525403439369, -1.1366641491869376e-07)
(0.5952732499902575, -1.933159828569366e-08)
(0.2710637137119691, -5.3887172113462856e-08)
(0.5556431659025083, -1.4931863448287925e-07)
(0.12186719133993924, -4.552209894826976e-08)
(0.11958401494263123, -5.7975752300107515e-08)
(0.7212018550760285, -1.2127227594837858e-08)
(0.6574834813153352, -5.728347355555695e-09)
(0.061630934445850896, -7.232520143239026e-09)
(0.02999530333052612, -1.1051188482550816e-09)
(0.3124988091778679, -8.986730541397195e-09)
(0.2506997301412715, -4.628160851649805e-09)
(0.24163463480163272, -2.344670545437856e-08)
(0.6971310249730593, -2.6459941375025142e-08)
(0.23284892201317733, -3.55180299196127e-08)
(0.46525186672325247, -1.291130374257838e-08)
(0.7960365443005744, -2.1786541942357216e-08)
(0.22395916870695856, -6.548809935760168e-09)
(0.6370455725698748, -2.960973979772658e-08)
(0.6347970805885511, -2.4690741332103724e-09)
(0.970781176055761, -1.159404020755111e-09)
(0.6255702097638223, -2.9409193346327073e-08)
(0.47456330079890735, -5.962797493358356e-09)
(0.9016345934620659, -1.740044312138004e-08)
(0.2099947986113857, -2.4057784013979243e-08)
(0.7393665751507877, -9.406826557142476e-07)
(0.24516794162613065, -2.5043356193329566e-09)
(0.1403559713193179, -1.3849442249691123e-09)
(0.7394098737073174, -6.048720625348044e-09)
(0.11518770860040616, -1.0138630431190027e-07)
(0.8328879998497628, -1.875463165316158e-09)
(0.8349403674992364, -2.936509139052093e-09)
(0.4429915905451169, -5.8031922891562156e-09)
(0.9703860198982629, -3.1786900639444534e-08)
(0.44910104788022015, -5.356970047751827e-09)
(0.37006723050576734, -2.7614473157669022e-09)
(0.9143950720795818, -1.907811474624324e-06)
(0.9659574774774403, -0.0003778762548777242)
(0.5852995891700822, -7.026018911989893e-07)
(0.5910892240132015, -1.7560317758529107e-08)
(0.947209463239532, -8.174713976808045e-08)
(0.19125571029348484, -3.762059773843302e-08)
(0.13603579362076615, -1.730295561259292e-08)
(0.21639355912660022, -2.6903638704068023e-09)
(0.6949262002010979, -1.9294326138226114e-08)
(0.26914297459531705, -1.2523254013715906e-06)
(0.21614228346264253, -1.0145257253415403e-08)
(0.41572303354463613, -1.1728969543626207e-08)
(0.005280599483951976, -3.336218331390422e-09)
(0.7726046234172428, -2.939879564944699e-09)
(0.7778327198471757, -3.891969959519309e-09)
(0.5865477416449634, -3.99573954655979e-09)
(0.8355823915037472, -1.4677318602465288e-09)
(0.04059133985380578, -1.623931384134294e-08)
(0.8707048802510425, -2.368882912112945e-09)
(0.12189731522027546, -1.7981942627647453e-08)
(0.398566791122795, -7.767524929635606e-07)
(0.16575834638798256, -2.903631048565844e-07)
(0.6295728247165681, -6.705819079781693e-07)
(0.326173425786333, -8.680588905036074e-09)
(0.10396618565510866, -1.2784159129535952e-09)
(0.8658043316322641, -2.511726695478871e-08)
(0.5325775909384161, -2.4482266135825043e-09)
(0.9207343153331338, -2.4140439192514157e-06)
(0.005680846201435932, -2.934779316664072e-08)
(0.43950186599163604, -3.6642770516163185e-07)
(0.6078142761373375, -1.526331468583806e-08)
(0.9917559423317949, -4.272018717755871e-09)
(0.6439912380787329, -1.667499855656016e-09)
(0.7274723763702748, -1.6992964436670026e-08)
(0.4862331408449644, -4.208892858267689e-09)
(0.041117780169417105, -5.238590747103798e-09)
(0.7173447715821164, -8.744376177909044e-09)
(0.746868486948812, -1.965460895165576e-07)
(0.15158552823188653, -8.45714211817032e-07)
(0.5241264227573242, -2.646315030322076e-09)
(0.42737433133521685, -3.950826960377589e-09)
(0.35431008478377846, -1.5221218504153519e-09)
(0.45283837375067876, -8.81331454153136e-07)
(0.39829184963467107, -3.443948630397369e-08)
(0.053862226302252826, -7.252140222735998e-08)
(0.8015576050487443, -3.850447399359789e-08)
(0.8916813956460737, -0.00027938405838909)
(0.05524270447837023, -5.40184894230027e-09)
(0.7813124038388412, -3.745693898935802e-09)
(0.3658169795573015, -1.8519621754259303e-09)
(0.30704198117838494, -3.110294008932572e-09)
(0.9596864155870235, -2.9161372992008468e-08)
(0.08973473911728304, -7.960850184793099e-08)
(0.4067721056227604, -3.673022738721919e-09)
(0.5150767044471646, -9.88524571216672e-09)
(0.9504840234985624, -4.8972287325226994e-09)
(0.1308196933223604, -4.415159121825251e-07)
(0.8178445707360268, -3.6730766282203267e-09)
(0.11934602090475477, -4.843856124659517e-06)
(0.6073735821738268, -5.159395761262906e-09)
(0.8304882282244759, -1.026385271318153e-08)
(0.2808940844327442, -7.2458489023255106e-09)
(0.5063181837529102, -5.103692989186087e-09)
(0.5771856188783888, -3.015531163064917e-08)
(0.34344390857532353, -2.1946521439277077e-08)
(0.9271639080531677, -5.147415243108993e-08)
(0.7447575770206962, -8.828365450751649e-07)
(0.5689680308135145, -9.576363806687902e-09)
(0.07025053408862025, -2.242223440715948e-09)
(0.2160884049963375, -2.326281526828714e-09)
(0.9623506457584379, -2.3601710384596427e-09)
(0.16709257437741906, -1.0649844266438364e-08)
(0.30211480484920966, -6.246748418294673e-06)
(0.6174612759256547, -1.7087387748516028e-08)
(0.39510452677513913, -4.56392588967263e-09)
(0.8794204091859895, -4.206838041382299e-09)
(0.808013645953993, -3.6670207044535225e-08)
(0.40033635292323255, -8.037001272408478e-08)
(0.15703043697241817, -1.3114289488393727e-08)
(0.5497451990551793, -4.635221636763703e-09)
(0.06993478711986507, -1.7044755352071706e-08)
(0.5501723078322405, -4.444643025140307e-09)
(0.7390637929430006, -4.993235434359188e-08)
(0.6776506876249018, -7.106906963271439e-09)
(0.5435069405769354, -2.2257029290871685e-08)
(0.19515550466973608, -2.1258142866567374e-09)
(0.09178182308120827, -4.361598386261744e-09)
(0.6433270745683233, -2.097953099931585e-09)
(0.6747244883258207, -2.8296395582065945e-09)
(0.2530110504462064, -1.1174160388845806e-08)
(0.6198604212385608, -1.623342639413525e-08)
(0.3494137330695745, -1.228944619085516e-07)
(0.4635546238834035, -2.1291712313430504e-08)
(0.06291067421830003, -9.136922885992588e-07)
(0.8214083790939275, -3.432306657333151e-09)
(0.49886624100315957, -2.5444159941464373e-08)
(0.39198818836409327, -1.2430646378852883e-08)
(0.05307753763364281, -8.978450280935316e-09)
(0.7714726035321384, -3.198539281625204e-07)
(0.5157458948525561, -4.042470278122684e-06)
(0.9695553639858792, -2.8731142917206505e-07)
(0.771234324817428, -3.921138346493439e-09)
(0.13976439753359557, -4.946246574528417e-09)
(0.5013896948444002, -2.0936211554212553e-08)
(0.2907164511848872, -1.5776919149967958e-09)
(0.5750379202688137, -2.5828712684549895e-06)
(0.815234400480687, -7.293154862697025e-08)
(0.687715307021847, -3.7325871658286837e-06)
(0.5950032803370495, -2.4865593176280067e-09)
(0.17522622264269183, -6.210210310226659e-08)
(0.3329376846756739, -1.5042580873539074e-09)
(0.2914592108618079, -7.33807683060019e-08)
(0.8074611243623175, -2.7865496020490636e-09)
(0.3130625081281456, -6.555504639838338e-09)
(0.7517308436174641, -7.894040843022626e-09)
(0.8383322561279927, -1.244253105261583e-09)
(0.3377663798458563, -1.281881310266251e-08)
(0.3298521977523755, -2.4216916987583243e-08)
(0.3710667404072227, -5.14206458046342e-09)
(0.7874778131794227, -4.00479548115759e-09)
(0.42530809215688065, -5.592724221128115e-09)
(0.5415677531395662, -4.36008232303901e-08)
(0.6648702317917117, -3.251606007932808e-09)
(0.3204594913508013, -3.4113922300335227e-09)
(0.06928113753122442, -5.891813431291067e-08)
(0.7455812437999595, -2.4534724785163967e-09)
(0.4442987665207981, -1.3633056763580019e-08)
(0.5882677657263181, -1.6106643041393014e-09)
(0.4165102202157392, -1.8942015456171554e-09)
(0.4789128333416166, -3.3920365830039575e-09)
(0.9908430806522661, -1.3028105015738715e-09)
(0.7535565336908023, -9.985160992228678e-09)
(0.8145889140616885, -7.218245119336475e-09)
(0.7066183865356934, -5.520301422540238e-09)
(0.5594940640866042, -5.9333660639286314e-09)
(0.8299153331194572, -7.619384986565813e-08)
(0.7428866234049151, -1.2921473040740184e-07)
(0.6157295894090468, -1.1508016871575128e-08)
(0.8531787396244038, -1.0106476292796795e-08)
(0.670138685539711, -5.38508442960754e-08)
(0.9144378032504548, -2.396349759959948e-08)
(0.8829455840713684, -2.6801977462101164e-08)
(0.6501717324761362, -1.607344703358854e-08)
(0.5376137220335597, -7.138437722679121e-07)
(0.871808409378726, -1.3046859756601444e-07)
(0.8522708349738207, -1.2984100344981572e-07)
(0.3780421240570626, -5.329856214249609e-08)
(0.2802170920470649, -1.4186090036942883e-08)
(0.2683546289622389, -1.4496155791454816e-09)
(0.9901572962554177, -6.676428657725855e-09)
(0.17864447339235132, -6.077048025435276e-09)
(0.14598005493183944, -1.793559563190806e-08)
(0.01090471130047044, -1.1412788861567652e-08)
(0.6631373413356235, -2.54243822552741e-09)
(0.6188344258964239, -2.542214976879786e-08)
(0.16589457811175187, -1.2398366827942455e-08)
(0.9552532032304663, -1.1254204778138806e-09)
(0.011902995608088213, -1.101906076560278e-09)
(0.7190257980117494, -8.281960246525495e-09)
(0.24723915077820063, -4.110492493205723e-08)
(0.23478982495453904, -2.0076744214137044e-09)
(0.7170197714953075, -7.185711515356103e-09)
(0.4236770865345094, -5.107183954061024e-09)
(0.23155996133709683, -2.722143769978815e-07)
(0.925306370732365, -1.2348026113329092e-07)
(0.9031392603269793, -2.5560665340910904e-09)
(0.15840919552479873, -4.774848391725818e-08)
(0.8101543710453526, -3.110031518466651e-09)
(0.5684555364752931, -1.0312200498760954e-08)
(0.21009161198328613, -9.496094967934087e-09)
(0.5388647891976557, -6.85038311083935e-09)
(0.47463099185565777, -5.274684739896568e-09)
(0.7875372051908438, -3.372638979167867e-08)
(0.06300844930092837, -1.8299876872075498e-08)
(0.42380254882394613, -9.582407303621102e-09)
(0.9815003575146911, -4.814958824873283e-09)
(0.3117040711177496, -5.072958243791102e-07)
(0.6819169020783776, -2.1504746511524595e-08)
(0.16411029100156496, -1.3308795145809763e-08)
(0.37889617814588883, -1.6353738852593604e-07)
(0.6692276131543464, -1.1761735997855086e-08)
(0.20700481508086746, -4.122088132882322e-07)
(0.07017019673232236, -1.6107056154573996e-07)
(0.10986767757335388, -2.3697779708873893e-08)
(0.16463649945471265, -6.9288695212148295e-09)
(0.7764754527575555, -8.16078385164274e-09)
(0.9787701704724913, -3.751567831674373e-06)
(0.9472894051098315, -6.150002937756124e-08)
(0.8358018200010608, -2.52219255160305e-07)
(0.5548920196772404, -1.6677911716295646e-08)
(0.8633009067558718, -8.707769375775832e-09)
(0.5213276005542873, -4.135870574467385e-09)
(0.1656976455206144, -1.994237741060702e-08)
(0.5261384338544327, -3.966444437074096e-09)
(0.9719695297084917, -3.935498195686212e-08)
(0.9523138891537694, -2.823613668220579e-09)
(0.16131574679921112, -2.29433881148753e-08)
(0.9376281923865969, -4.665132237237568e-09)
(0.5312555196134023, -3.673598652138515e-07)
(0.010815330769843793, -1.0405210637113355e-08)
(0.14031346573748374, -2.198581082657359e-09)
(0.3925992812595659, -7.104137794097337e-08)
(0.09152431686884165, -6.722651366382722e-09)
(0.09449803616369254, -1.6677617313167612e-09)
(0.27400922086211565, -1.0137894215526835e-06)
(0.5532988945346086, -6.395858500466478e-08)
(0.6200336222645629, -1.343621062862404e-07)
(0.5960502296474299, -2.266964992068802e-08)
(0.6240321968248366, -3.2753609132825818e-09)
(0.2550946535696564, -6.380264697009907e-08)
(0.4099781991511868, -8.710710046130572e-09)
(0.05859484611476621, -7.229239353078262e-07)
(0.5018293227084035, -3.451085537980923e-08)
(0.22133289033930864, -2.9097184732039597e-08)
(0.07884466345696367, -1.3856349445818005e-08)
(0.5421772932888763, -6.5314338309717e-08)
(0.6739083717033854, -2.170868832164939e-09)
(0.2118249513694766, -2.3471483080521586e-09)
(0.7611242784241836, -7.147007342199489e-09)
(0.7247778232181546, -6.0822049150827446e-09)
(0.004569427946177753, -1.191373700523521e-08)
(0.9924561896137961, -5.628111451584874e-09)
(0.7736773972612725, -1.186019974931985e-08)
(0.23312689075513413, -1.5946317425012643e-08)
(0.17104268039991255, -6.533947821949576e-09)
(0.2716439750046496, -1.3189663508293784e-08)
(0.7970524949701923, -2.0200523415964652e-08)
(0.08315295504561399, -1.8846266431946328e-07)
(0.6523917836318457, -2.1104891859834488e-08)
(0.2369988184585178, -1.853855849878521e-07)
(0.3716947353366619, -4.718560942944034e-09)
(0.4803598263455769, -3.797852595339582e-08)
(0.5996474634285209, -1.1262965095246661e-08)
(0.14916784473223293, -2.7819995092219334e-08)
(0.16741459738459108, -1.7132749738195842e-08)
(0.9838611695480489, -3.789284028992174e-08)
(0.4016702568677025, -1.0068376948929555e-06)
(0.09810582612868174, -1.056773742212565e-08)
(0.2885874955082118, -8.887467708103942e-07)
(0.8587960727364403, -1.4341782023131508e-09)
(0.9371340035440487, -2.1789414334468413e-08)
(0.4027322466304099, -2.629004149754149e-07)
(0.05746535911763093, -7.3717030669041565e-09)
(0.7257880182899928, -4.2875810552126926e-09)
(0.8819893320948019, -6.087893988021326e-08)
(0.9374128992531123, -1.7561416681594708e-08)
(0.5404067191533107, -4.377780936983219e-08)
(0.3737994944185731, -1.406545194863838e-08)
(0.34511079905861364, -8.534573167469956e-08)
(0.6426800301853277, -3.692684364730399e-09)
(0.5894678917979719, -7.133211717974586e-08)
(0.9796219037347382, -1.530662359592615e-08)
(0.22564170653861113, -4.110416779970605e-08)
(0.9764987934925261, -2.951494141468558e-08)
(0.9962040309256652, -1.7872012877862425e-09)
(0.0025079628567178116, -3.9159486147116755e-09)
(0.9529523236291892, -5.498071482771078e-06)
(0.6064962460264256, -1.0068354276442209e-08)
(0.7479469276058432, -8.981775587851248e-09)
(0.6703005364395458, -5.123348452752226e-09)
(0.8892453760031649, -7.089861972243866e-08)
(0.5293010713884942, -3.943170607132397e-09)
(0.7354410686845675, -5.333150019301873e-09)
(0.48565830339944505, -1.1791478420427711e-08)
(0.52450967109632, -4.997492400756051e-09)
(0.2612483838905206, -4.62816579546215e-08)
(0.6814526027809792, -2.2259824781128214e-08)
(0.7995775675126084, -1.2962199634998017e-09)
(0.8655961599158307, -6.789636578878262e-09)
(0.8968931781354549, -8.309133825800095e-07)
(0.3229684169358499, -1.3154474455754326e-08)
(0.8660199304095375, -3.8980139386971774e-07)
(0.9604461314440592, -1.3128232962685734e-09)
(0.7998174677933291, -4.964363837999469e-08)
(0.5778824416181311, -2.177022782217581e-08)
(0.7158723634754107, -2.3021018341643034e-08)
(0.45159721744001124, -1.479666222397852e-07)
(0.49262308554144535, -2.992046921584314e-06)
(0.03910308629336466, -4.3693687971363464e-09)
(0.917832722036723, -2.8663541355269627e-07)
(0.13054729635832246, -3.2069489515594805e-07)
(0.028918290182885418, -4.5350997183687534e-08)
(0.5100897623662756, -9.686201114480246e-08)
(0.7560689594792092, -3.9749388213713466e-08)
(0.14830921814127165, -2.662976568491119e-09)
(0.504391242789402, -5.415801986018432e-09)
(0.9595252022277175, -2.0626082362824797e-09)
(0.6461457431726779, -5.573182287790601e-09)
(0.6777786909945411, -1.7593127016962617e-08)
(0.7884988027268252, -2.5931811868247205e-08)
(0.39634954905061714, -1.904694114902485e-09)
(0.9819806709270671, -3.7065056171780624e-09)
(0.6529938776565336, -6.778430738190527e-09)
(0.022580224290545733, -3.036382139729268e-09)
(0.01852059670819704, -1.2046992718822958e-08)
(0.45582238616253173, -8.012329388470561e-09)
(0.26538204006721544, -3.4824456001830783e-08)
(0.9819681176605024, -6.014650338014181e-08)
(0.1256764877547184, -7.093080859274621e-08)
(0.14491332276500776, -3.050338150033604e-08)
(0.9956799213438907, -0.00027399161276101035)
(0.6635393781326702, -1.0496485482295763e-08)
(0.7322256549256289, -4.0516242160147856e-09)
(0.8328971104575874, -6.031862543264018e-07)
(0.8252324284518554, -4.313111028879834e-09)
(0.8327004333384282, -1.5794596581135685e-07)
(0.06505114555477876, -1.1919780244602763e-09)
(0.7396205877635397, -3.0512491246339356e-06)
(0.9710894081300855, -4.249749047448746e-08)
(0.8968361275716397, -1.2714708246010146e-08)
(0.8688894310137195, -5.165159143288029e-09)
(0.46274798976877496, -2.1229633974172577e-09)
(0.9339866311476652, -7.810516386246129e-08)
(0.04357606015305869, -1.5102910859785618e-08)
(0.29727891877285073, -4.915001266567607e-09)
(0.4459858717849644, -9.769282130694681e-09)
(0.6922115276055434, -2.1651073787606987e-09)
(0.3856865173894327, -5.454687302504936e-09)
(0.3626035964850019, -2.3417485620972992e-08)
(0.3914902848194947, -9.8366522654693e-08)
(0.3954153892129985, -1.4717394877659306e-08)
(0.24341363114144826, -1.3828033354448319e-08)
(0.44289907797718064, -1.128750405075855e-06)
(0.717843894572647, -3.799777580832901e-08)
(0.8306274603834343, -4.0827322231120995e-08)
(0.08566402049942559, -3.746179883751015e-09)
(0.28274817821345466, -3.5674825769069873e-09)
(0.6216507385759004, -6.563123658801202e-09)
(0.18934578336170915, -1.0991942336548668e-07)
(0.2854947139787175, -1.1423225036450557e-08)
(0.6499528872563101, -7.558942918917772e-07)
(0.9944450117503076, -5.327740641437723e-09)
(0.8949115359987159, -4.132619560825976e-09)
(0.4509726466310486, -6.687036257431201e-08)
(0.45282282670931534, -1.1050597435962435e-08)
(0.9162953619225858, -1.8659297394266557e-08)
(0.9273429974442543, -2.5854342212385545e-09)
(0.5901124571908946, -2.880847343628785e-09)
(0.7365386629511161, -8.708102627863825e-07)
(0.8987448525458696, -1.3367746954417848e-09)
(0.2997975819886663, -3.527396667385943e-08)
(0.29604233367023475, -1.5343217252948652e-08)
(0.8027123581055436, -1.9123253309259686e-09)
(0.6180139805605261, -3.5367648417523968e-09)
(0.1998569653535715, -2.2671945534173913e-09)
(0.7174582728970731, -1.4697687257315353e-08)
(0.1438490538787013, -1.4678832285126803e-09)
(0.18991159832321558, -1.73175159349143e-08)
(0.3165229759185374, -1.0091745642218222e-08)
(0.3115951854820431, -3.1034773830932713e-09)
(0.3320828306855381, -3.873009740818209e-09)
(0.5167534200745696, -1.9557050382125607e-08)
(0.6264535172898597, -1.0972892858039953e-07)
(0.2353150772140811, -3.6609958501044766e-09)
(0.89461813657813, -4.534298604486747e-09)
(0.1335497821871853, -1.6361339253159871e-06)
(0.09696667005056656, -2.5865455592373544e-08)
(0.6817313912609768, -4.352853827724649e-09)
(0.49550331872823117, -3.671794843414073e-08)
(0.27617618887607326, -1.5042619881718e-08)
(0.10371898238711827, -1.046255859956002e-07)
(0.06306823914601548, -8.766740939291258e-08)
(0.4609504226880704, -3.4253480564760592e-09)
(0.17030811758664197, -3.5824458885950505e-09)
(0.8372221342542976, -2.5705333048946564e-09)
(0.9866238544739239, -4.83980338600334e-06)
(0.3727545053448218, -4.7489204504204754e-08)
(0.6783367361205828, -1.0238495269425285e-08)
(0.6049904807668195, -1.9559879175680687e-08)
(0.5404645763641782, -1.3064613030106781e-08)
(0.09662530329456692, -1.6577699463351616e-07)
(0.7157303620941058, -4.246862174339969e-08)
(0.9958382339591783, -3.430038136720149e-09)
(0.004300437663645145, -6.506639247848199e-09)
(0.7428715025083018, -1.038062545764691e-08)
(0.6539356624317291, -1.229656863074309e-08)
(0.6038011499721906, -1.0367888535618974e-08)
(0.8458564858337652, -4.071456646720932e-09)
(0.43358717031330773, -7.053195474260837e-09)
(0.7026043866290569, -3.067458063718399e-09)
(0.3335248620583658, -3.330726593751159e-09)
(0.18976057313348718, -6.164726010538044e-09)
(0.8479049350999194, -1.9068827550611385e-09)
(0.015398390392846956, -9.969638464575084e-09)
(0.02451854002809494, -1.3556131006924724e-06)
(0.8712091830697649, -3.3335683407802383e-09)
(0.3554298340517298, -6.022798875554675e-07)
(0.24281787552820266, -2.0742739244242402e-09)
(0.474043522371751, -1.1059509719411984e-08)
(0.7818863456443531, -4.752409756606882e-09)
(0.7472478475965888, -2.9272905615955186e-09)
(0.34208222908703395, -2.5747070089884484e-08)
(0.8020715765832707, -1.537559277624379e-09)
(0.5300797544888983, -4.422078400781376e-07)
(0.043134198851845384, -1.1820097422760676e-07)
(0.01007895027430414, -5.35861600101058e-09)
(0.7304880899886406, -2.354341926170295e-08)
(0.2860591881955194, -3.842254555485495e-09)
(0.6193990160960368, -1.5812492719772065e-08)
(0.9646459222534541, -2.701961606524704e-09)
(0.25408402695044274, -2.9721519440300313e-09)
(0.7888610899796119, -7.187354617586081e-08)
(0.44245310768005247, -8.446566002628752e-07)
(0.9399593880128864, -1.8968671196900946e-09)
(0.6101310253796547, -7.920381950466471e-09)
(0.6071247052475395, -6.5881108707082695e-09)
(0.6469765641965382, -2.818202141019369e-09)
(0.9375108146187775, -1.0115100398195355e-08)
(0.8306940261821768, -4.811552798303077e-09)
(0.7665796434648585, -3.850104874540298e-07)
(0.44463873453614217, -2.890277185372285e-09)
(0.4290580332022601, -3.3059502958263217e-07)
(0.2671350444661255, -3.1700670022216353e-09)
(0.29549186405026706, -9.13918990930856e-08)
(0.3183491601239681, -8.537168965596976e-09)
(0.23119140664990126, -2.9212053540852566e-07)
(0.10810340374621498, -7.511582154057023e-08)
(0.6499363945262275, -1.9385289195340496e-09)
(0.22743731745620474, -1.738800784312266e-08)
(0.7178195113759627, -2.7738613336516598e-08)
(0.5019806930934626, -2.0519690258477096e-09)
(0.002803114838328045, -2.710410154929616e-07)
(0.39120320924747126, -1.0720455046751865e-08)
(0.32212529726787736, -2.8982678392262472e-08)
(0.28767875167781964, -3.2522683400468814e-08)
(0.329254265763107, -2.3793187479701518e-07)
(0.7192593298688384, -3.506685917130734e-09)
(0.3862454784825437, -7.919188367413145e-05)
(0.4662935002786348, -1.9589787114469386e-08)
(0.17152797551003715, -8.428172111675694e-09)
(0.3304873781997942, -1.1062455592732093e-08)
(0.43115504136673205, -2.8558864295576347e-08)
(0.9259926768573715, -8.464755222199012e-08)
(0.34571972607876145, -8.454093964441257e-09)
(0.8929816514256644, -2.3011801932208702e-08)
(0.12706459012006704, -1.3796335645507297e-07)
(0.7816332555735236, -6.988202027527622e-09)
(0.5242481183081672, -1.3970104494948774e-08)
(0.6190003545412407, -1.802686624847226e-07)
(0.17370158237562722, -8.61785303331876e-08)
(0.005172757687493496, -6.373336863542014e-09)
(0.006678627498859823, -1.1609072315217205e-06)
(0.22013049405747398, -4.983867638428493e-09)
(0.6701067139993995, -2.5697650162820805e-07)
(0.09262422605102387, -2.448670182289162e-08)
(0.0887203091794672, -3.2187405194423308e-09)
(0.22030581284892795, -1.2453097851105492e-08)
(0.026904087097158004, -9.175297271414522e-09)
(0.20616910651357886, -0.00011479326275819032)
(0.9064575534247277, -5.145031469179983e-09)
(0.45456332600058236, -3.1410216549379406e-08)
(0.3392349903013251, -1.6205313687027065e-09)
(0.34462832635806795, -1.074952888428238e-08)
(0.5461018883255165, -2.5538507455047755e-09)
(0.6969748722594692, -5.4860784203315636e-08)
(0.3864165338910512, -3.184715827630771e-08)
(0.5323159567352234, -4.268714627156666e-09)
(0.7753497745104332, -7.073716565096795e-09)
(0.2681472979772535, -8.082933049853365e-09)
(0.16735059980087283, -8.528265963273782e-08)
(0.48988948976601965, -1.6624472622738195e-08)
(0.6916581831770086, -7.0717720657435835e-09)
(0.13409997244368868, -8.932200394116006e-09)
(0.5912191412882689, -5.910181088411868e-09)
(0.07763093650479178, -1.026431547127901e-08)
(0.54784884263896, -5.723311774270841e-09)
(0.09632342404011815, -5.5445807729090844e-09)
(0.4743942495987615, -3.825279502179168e-09)
(0.3248221225371739, -3.979437577995489e-08)
(0.9086124641897669, -1.0517304622787897e-07)
(0.5496528551481678, -2.6489147980446358e-08)
(0.9845236478614837, -1.55358797882411e-09)
(0.4429051673128115, -8.002547076400957e-08)
(0.4412691100991728, -1.7982164167671896e-09)
(0.039611335949476266, -1.1325100147562978e-06)
(0.5271776191881893, -2.148965273259468e-09)
(0.7501033953771231, -6.115692276309351e-07)
(0.7041621760587576, -1.93749143082162e-09)
(0.5645365595562182, -4.708417678176128e-09)
(0.2823837311550614, -1.5763023667505476e-08)
(0.18011190168850144, -6.766271782028266e-09)
(0.225158122544704, -1.4735418383368886e-07)
(0.5316682551404948, -0.0009378460515685279)
(0.824342467884494, -1.4837071774086093e-09)
(0.08186566810363939, -1.4579191972882527e-08)
(0.3627316900442647, -1.2720554626132714e-08)
(0.6895791719951776, -1.6534110705959688e-07)
(0.3544116553286714, -4.353160124650763e-08)
(0.1279895305389426, -6.928747455663559e-09)
(0.2352588269114697, -1.2735398425076113e-08)
(0.3581076303436939, -2.3925739579751583e-08)
(0.6129553799355054, -7.10383914539305e-08)
(0.6455702116878301, -9.536035645040231e-08)
(0.22609001923608563, -2.3501335043963997e-06)
(0.21221621990399317, -2.463227754526853e-09)
(0.11870637465110523, -3.6288797922403906e-09)
(0.41113760079505524, -3.7674441162174747e-07)
(0.4607621676035881, -7.612295766312398e-09)
(0.2792331493208812, -3.5835128377557176e-09)
(0.43101245759134027, -1.1214401188307185e-06)
(0.27404904281310905, -1.902666108211446e-09)
(0.11853598871129827, -2.6738612585012856e-09)
(0.5136111512538402, -1.790837513422783e-09)
(0.3380965483936649, -6.453871260051573e-08)
(0.22754638348580045, -1.8355271557562424e-08)
(0.4939445857175065, -6.474498282028706e-07)
(0.799731398620591, -2.4078937104009576e-07)
(0.9794561719042324, -3.9957950588718825e-08)
(0.8913966473541259, -4.227093758669222e-08)
(0.6733012295270361, -5.400862674109209e-08)
(0.3935039698420783, -1.913083555690848e-09)
(0.11067400673158302, -6.62737261727194e-08)
(0.7512806171808407, -4.2274762058549905e-08)
(0.8167055165889882, -5.741649309042471e-09)
(0.7839027214669656, -2.866652881583652e-09)
(0.18726075370842307, -3.540085034648571e-08)
(0.21210659412570426, -2.8872000790971076e-09)
(0.8146587989010728, -5.444442103408102e-09)
(0.2793762663868731, -2.56739190886053e-09)
(0.05097240964568471, -1.3432028924687076e-08)
(0.49635190332660645, -1.1150578032891427e-08)
(0.4169999218761749, -1.2041679606741097e-08)
(0.9587161420867761, -4.340515699868105e-08)
(0.9715131378675178, -8.382466684870895e-09)
(0.9470258939909696, -1.3917317508690803e-09)
(0.6070443685328375, -1.756119516499389e-09)
(0.9109105940605626, -2.553568221091777e-08)
(0.9356322301444203, -4.0772350051026016e-05)
(0.15088230729688523, -3.137282759628581e-08)
(0.7908697669179154, -3.345116797165274e-08)
(0.698680409754185, -5.1186978561317795e-08)
(0.005346942246671908, -6.3007468899023226e-09)
(0.38335478670144824, -1.925545775774785e-05)
(0.8273185031338806, -7.4480874231652175e-09)
(0.46686082928989764, -4.001529204798109e-09)
(0.8972973238335358, -6.917558360463944e-08)
(0.16472752292438975, -6.373679919251679e-09)
(0.9384982775127154, -8.599264237975227e-08)
(0.7898656699155859, -6.37648140814516e-08)
(0.6091492387957698, -1.2248251848653532e-08)
(0.657277979666465, -1.8579056275640663e-08)
(0.4347465504861587, -1.7765322400032796e-07)
(0.6170676175022148, -1.5036857881714094e-08)
(0.20257036174221407, -6.296433268350789e-09)
(0.9681720820397356, -7.810065871244339e-08)
(0.6086114329943131, -3.9020115589888957e-07)
(0.8490478343351788, -2.472226030335865e-08)
(0.7904033115234712, -3.870734249894518e-07)
(0.963369943495325, -1.1940587122632629e-09)
(0.5553951325446385, -4.28558478639042e-09)
(0.15624359782616765, -1.8946993095924486e-09)
(0.955278320674199, -4.645071975210649e-08)
(0.796669525106526, -8.74450303312727e-09)
(0.42041520646458397, -2.8097989305494356e-09)
(0.03979184557422161, -2.5626421212723625e-08)
(0.6692054707452151, -5.661000638865749e-08)
(0.6185054193083092, -1.8975519427908543e-09)
(0.2893612625415013, -4.278111806305042e-09)
(0.13798946338331677, -2.52965847223595e-05)
(0.03910400256137501, -1.3836860379578292e-08)
(0.00911878619042121, -1.5380417817648263e-07)
(0.5398853930194792, -4.954599392425805e-08)
(0.1987657461278198, -1.8671630229053555e-09)
(0.2891623975870678, -4.522668055095091e-09)
(0.12618109331953625, -3.690505854953639e-09)
(0.22840067426768929, -2.1640333391174053e-09)
(0.13320454844421833, -7.973215441585088e-09)
(0.2880269250050551, -3.78780161698956e-09)
(0.6380198466505576, -2.640849299523126e-08)
(0.8470048128759093, -1.1637821829180241e-08)
(0.06567320621186663, -3.8602431051628255e-09)
(0.7660817184334705, -1.1440738654661581e-07)
(0.8776586882042795, -2.616897482966501e-08)
(0.2093529336581237, -2.77209270065133e-08)
(0.03849419815695646, -1.699268869335264e-08)
(0.11076800363460096, -0.000752805786234248)
(0.123951479911269, -5.123728169323319e-09)
(0.8551712070894264, -2.9600498290504895e-09)
(0.6642916472521541, -4.480869167473598e-09)
(0.01067456332349491, -5.93024324365073e-09)
(0.2648567771016801, -5.239633798946668e-06)
(0.4811806104232816, -1.2317964275730566e-08)
(0.1620015931407772, -1.4952108245860514e-09)
(0.0008357676400889738, -1.3916668403452238e-09)
(0.9915067558316399, -3.011863969036589e-09)
(0.34257555014260765, -6.544848656434083e-08)
(0.1770068047108611, -1.3905687902856978e-08)
(0.6249084862302893, -2.811831770208264e-09)
(0.23977890692532328, -4.372038898832168e-09)
(0.9324159757395615, -1.0039830423495438e-08)
(0.9285313545069862, -5.183660989887147e-08)
(0.2650814302428151, -5.2004349398232655e-09)
(0.6865157740638851, -9.574484133400494e-08)
(0.10039030069441374, -2.4180110663373226e-08)
(0.34388614331952644, -4.213070014048616e-09)
(0.3770654386863866, -8.461455417809625e-08)
(0.2098925257118188, -6.348058280388666e-09)
(0.9828188728311884, -6.012725186459106e-08)
(0.5100844067653176, -8.53676727868086e-09)
(0.022708078758573638, -6.161905768919907e-09)
(0.3692001952051064, -1.7474723161672365e-08)
(0.07237471172312648, -4.053115811588272e-08)
(0.10807639416015506, -2.84882305065116e-08)
(0.826994305617112, -7.499342510203191e-07)
(0.8260517763420976, -5.234095597276966e-09)
(0.9599358571942717, -1.1981144140757721e-08)
(0.6031984332792683, -1.837829469753723e-08)
(0.4068720027766456, -4.127073378023062e-09)
(0.9749173670380239, -9.203521603067186e-09)
(0.5992726086803626, -9.762146061913553e-08)
(0.06953592837873522, -7.0659411339466706e-09)
(0.7181445625736872, -1.5512320241024018e-07)
(0.46645480456201616, -1.9969654721861096e-07)
(0.23160820282509292, -7.367192741151211e-08)
(0.9783550046930538, -1.5083861643158343e-09)
(0.2692487092647165, -1.9342607472307183e-08)
(0.3236622208688461, -2.638005240715169e-09)
(0.5947048654312721, -3.2397978297752836e-08)
(0.8340141580361374, -1.914616271494756e-09)
(0.07107207390091196, -1.4949466070315524e-08)
(0.34693474090390125, -4.745437355747213e-08)
(0.0019491765556862246, -2.508483911307097e-08)
(0.5627505562716861, -2.385340586442629e-08)
(0.4549475703851859, -1.334345943199968e-07)
(0.7930373882453123, -1.2875287301853443e-07)
(0.9843323313450579, -3.1136705116042636e-07)
(0.6604878551757044, -4.626292902920344e-08)
(0.5854666277553481, -1.1201165562871225e-07)
(0.897551929649965, -1.1555860717409743e-09)
(0.9711368256860734, -1.1454975800734241e-07)
(0.911615608898052, -1.2787641680486565e-09)
(0.25734758399263336, -8.82155840582262e-08)
(0.9026894633988315, -3.893444821367018e-09)
(0.3365972690021251, -1.1925179474652897e-08)
(0.638962233343497, -4.548243241847577e-09)
(0.46596168526598963, -6.525391114663413e-09)
(0.8770906714747774, -9.324138770239265e-09)
(0.6699945834200937, -2.2750928500631765e-06)
(0.8208772629301135, -5.431364716547425e-09)
(0.1047520722093855, -2.4175560128137757e-08)
(0.2936092502822762, -7.854676656522645e-09)
(0.5230995371263655, -1.208438659702251e-08)
(0.3891357286170195, -3.0671068739440485e-08)
(0.08360407796730582, -3.264060249750838e-09)
(0.8034367058841647, -1.9954863087144555e-09)
(0.2769703791582442, -2.8036255398732517e-09)
(0.16775044228601757, -6.918831780670359e-09)
(0.590079783676332, -1.543551514560668e-09)
(0.6442497349812228, -1.2529522105568861e-08)
(0.3545371180959247, -1.3292020778700444e-08)
(0.020639540506862224, -1.7280774418394802e-05)
(0.2843995810483695, -1.0034943946490066e-08)
(0.01920342342166886, -2.915811439093207e-08)
(0.05414914990339556, -1.240671067079417e-07)
(0.75758665106076, -8.78658783537475e-09)
(0.40449912068910926, -7.726335834625483e-09)
(0.6994951865131768, -7.466252016008502e-09)
(0.6193434871930089, -1.851007295710058e-08)
(0.9837228379454686, -2.0789297778424365e-09)
(0.48683846220042887, -1.9328724267363227e-06)
(0.8333405816701743, -8.257828706540609e-07)
(0.35592885656210405, -6.218626401236319e-08)
(0.02965188383417643, -7.721101587633188e-09)
(0.44664348657588776, -1.9423439567623624e-07)
(0.17167188405053282, -1.321189016934489e-08)
(0.15088344668087997, -6.275095998832924e-09)
(0.21746506989076994, -2.7468245871705072e-08)
(0.18674968218859256, -3.180333536789119e-08)
(0.9711554581679904, -1.156830587159112e-09)
(0.9324577133596078, -3.414255042935269e-08)
(0.5333061928290554, -1.9702077222240218e-08)
(0.3888164274552108, -3.118854163819802e-09)
(0.470490361144084, -9.038654946403608e-09)
(0.7710098931095173, -3.2096913196089485e-08)
(0.19209774785625508, -6.096921338673443e-09)
(0.08452246615011881, -1.344563625431253e-08)
(0.7140904541667171, -4.773026939525148e-09)
(0.45589313911218476, -4.761136150330752e-08)
(0.4158005651324756, -1.0292567566772244e-05)
(0.19826668367022338, -9.799826511223227e-09)
(0.9239719737808069, -3.2330581452542614e-08)
(0.34019434961957845, -1.1426462855798306e-08)
(0.6202169897123371, -1.5997761505936204e-09)
(0.37949348197039573, -1.3823607121103671e-08)
(0.16476767004579598, -1.2995048332221636e-07)
(0.41997864794448664, -5.873837907417489e-09)
(0.019691376508124647, -4.641462690750191e-09)
(0.8746579275122297, -2.149662006264251e-09)
(0.9590755092319478, -1.426596254348314e-09)
(0.7243601691098163, -1.4552457817198563e-07)
(0.29216305042182106, -1.9661515463502544e-07)
(0.6822149690623442, -7.208866659001233e-09)
(0.9198885988844185, -9.700207416326491e-08)
(0.814283800816811, -3.283027619067904e-09)
(0.5615989461884904, -6.572616912775596e-08)
(0.019269218038758192, -1.1529833370691315e-08)
(0.7897067059590751, -1.2215927263902501e-08)
(0.6177206324136264, -8.894555469836063e-09)
(0.7701952579217419, -4.548102839760483e-09)
(0.5483159319855748, -8.857849225076225e-08)
(0.11960520340186698, -8.116438356629194e-09)
(0.4104307704399218, -1.2616925902631663e-08)
(0.07177529654591691, -1.1333153130065267e-09)
(0.5144964066708637, -1.0524429266987695e-08)
(0.9515170940188611, -1.6378129838965104e-09)
(0.8163181210229695, -1.780639741259207e-08)
(0.3773755039276916, -1.8582599611587718e-07)
(0.6399382212209996, -3.3458234845842326e-08)
(0.6691190017982235, -2.1084822441474656e-09)
(0.0757525423347748, -7.663300512583428e-09)
(0.028353497160639753, -1.1376361570677737e-07)
(0.35662066895107397, -1.808502412572641e-08)
(0.49493921553595377, -5.599842570985217e-09)
(0.13576583976601045, -4.988004820427277e-09)
(0.6923688826911001, -8.751519863732576e-08)
(0.2334831334845512, -2.0597995623117063e-09)
(0.5033442958242976, -2.647707788867063e-08)
(0.5090996023313483, -3.3072102448933607e-09)
(0.6783205353980415, -3.3297460494494683e-09)
(0.8083802923143463, -7.836446956486533e-09)
(0.60101150868919, -1.5204467690309153e-08)
(0.6101057000206427, -6.311464135088396e-08)
(0.6534051832337048, -1.85868314692697e-09)
(0.46716025439069225, -1.417258957445055e-07)
(0.7407367144396314, -3.985158930514914e-09)
(0.3422671788708705, -3.0395844157396164e-09)
(0.7469576142631921, -1.3278929137352614e-08)
(0.076195658364644, -1.118625233981101e-06)
(0.38613587285572165, -5.86382615983111e-07)
(0.15408036004323708, -2.362307969854242e-08)
(0.29412821592863797, -1.8331888947186456e-08)
(0.7444308772301468, -4.060110573068046e-09)
(0.9128501625974182, -6.518341047165953e-09)
(0.9144727045116021, -1.1139400263767616e-08)
(0.5169870145858952, -1.849459396210897e-08)
(0.6748749025937574, -1.891630965200462e-09)
(0.6438397657894879, -9.401097438823725e-08)
(0.739803929385023, -6.35838053997071e-09)
(0.029990824376098905, -2.63199744110161e-08)
(0.7046896355793064, -1.6725019082787647e-06)
(0.8314143641463007, -1.3312516881516321e-08)
(0.32900297054423977, -1.7275268251348756e-06)
(0.12561812419412485, -0.008841124735056015)
(0.6625129834476284, -4.7445019463277355e-09)
(0.6358925035874432, -6.630131802898049e-08)
(0.966696294436925, -2.4126879200029457e-09)
(0.45404272786762556, -5.329640511407183e-08)
(0.8142799266779774, -7.856490026775815e-09)
(0.08874565077274549, -4.297118017123821e-09)
(0.051607286438135884, -1.7382984273683265e-09)
(0.42877199486781215, -2.1318054515654683e-08)
(0.7427232478220345, -4.06984543282527e-06)
(0.7126574869029778, -1.1943739274707547e-07)
(0.9535956841179463, -2.4485833263920216e-07)
(0.44611637866257636, -9.337896692725545e-08)
(0.5937963226296687, -2.5829960759596797e-07)
(0.43784625734457505, -3.861267178900097e-09)
(0.5478947908127063, -2.540439281461875e-08)
(0.24571885552920197, -4.752131588875199e-08)
(0.6137714401291812, -1.2372588644349167e-08)
(0.4423914943715575, -1.191906160160897e-07)
(0.670694514681197, -1.4052017793038684e-07)
(0.5721510241793998, -1.2301098796671153e-08)
(0.8190774904795396, -1.8794753800296155e-08)
(0.06522784980260887, -9.889263799083184e-08)
(0.03278432595381431, -2.485293768324292e-09)
(0.4376582132883739, -1.0852669015947723e-08)
(0.3433016658353984, -2.8847079943215838e-06)
(0.513016987017873, -9.957583380529914e-07)
(0.34237562260807136, -1.6680135212282694e-08)
(0.3313470061971644, -3.1363468524814505e-08)
(0.05979298172296349, -2.1139363234716657e-07)
(0.35227186452577053, -5.540775328134205e-09)
(0.52658969699137, -3.0664590992436535e-07)
(0.11799711486404094, -8.66460478731142e-09)
(0.7324805572552517, -2.1054799508410315e-08)
(0.4891255205990608, -5.8262057488635795e-08)
(0.45817245840923376, -1.7177268616167836e-08)
(0.7416841164485406, -4.735240086739037e-09)
(0.4430566312663936, -2.8319220959582785e-08)
(0.020761702758304038, -4.742230372492695e-09)
(0.5926871877043955, -6.312668868530633e-09)
(0.2112758973168639, -2.6632998100917503e-09)
(0.22175412364961297, -3.944298450587587e-09)
(0.7884498885559003, -3.592266878156931e-08)
(0.3667520146567259, -1.0230387191408067e-07)
(0.7817811660197388, -2.7877503678802784e-07)
(0.2714716632178507, -4.603986311946616e-09)
(0.6744835981148615, -2.1550892805603438e-07)
(0.795839872095945, -4.523973737580152e-09)
(0.5888658733857146, -1.5339601038284942e-08)
(0.852873474128832, -1.2596116666788801e-08)
(0.848959541553242, -1.8346432992665327e-08)
(0.8050644641771362, -6.17294190934594e-09)
(0.7894265434862634, -4.33379803030011e-09)
(0.20266491492427857, -0.0004060442387733612)
(0.4384809104509409, -1.6107212385188955e-08)
(0.029272631282832556, -2.8677865394963774e-08)
(0.49008585579739905, -6.062159543821971e-08)
(0.40463113572825316, -2.3997589687558953e-08)
(0.8563393242761007, -1.0800663599869669e-07)
(0.22210931309135726, -3.996447280090193e-09)
(0.664725410934857, -2.2170316402022043e-09)
(0.6125445685167493, -6.518771653215662e-09)
(0.0992947469419979, -2.985417460705375e-07)
(0.956161561145197, -2.5780663007319072e-09)
(0.4676765066603498, -4.034009917860244e-07)
(0.5907774438373962, -7.894326391586876e-07)
(0.4265155323913448, -3.0340215851572104e-09)
(0.3515118902601593, -3.802348195563815e-09)
(0.8400331161745634, -1.5862664074351237e-09)
(0.03268524189834931, -4.18897398372239e-09)
(0.01351884416361074, -6.868551918216379e-08)
(0.35863372353787637, -1.0966673544180666e-08)
(0.11325162435071219, -3.198685879609295e-09)
(0.35224113864050816, -1.0237575296783662e-05)
(0.5217229729991731, -7.622846186606008e-08)
(0.14166529516567067, -7.888481553037362e-09)
(0.2399158830211358, -2.7344401236878077e-06)
(0.3555358395053501, -7.157476513481622e-08)
(0.2617228775505389, -1.3942440290720418e-08)
(0.9459167978727578, -2.6734723539173435e-08)
(0.39104249530961666, -5.5354233762208526e-08)
(0.12942490494199405, -7.608622891637495e-08)
(0.5765732108421039, -4.9982782566091595e-09)
(0.30614143080145945, -2.124144652047517e-08)
(0.5624433362345058, -5.7555397042044526e-05)
(0.23494419589120197, -2.1849567042983697e-09)
(0.7231809768807012, -4.056222293350668e-08)
(0.3442266760371089, -1.6854445995227184e-07)
(0.5638584046248953, -3.2712801557795762e-09)
(0.15644380665311766, -2.513760505695517e-08)
(0.6604459053095602, -6.100085780886896e-09)
(0.47772553992172984, -4.739243952994182e-08)
(0.8884490362680642, -2.2279919449120936e-09)
(0.04955851425474789, -3.7692158736458395e-07)
(0.16682886042040007, -4.4983171400448575e-07)
(0.9646239831786898, -1.1708755409415698e-08)
(0.7021377190155886, -2.149536128874179e-08)
(0.7369881519521682, -5.183907492965589e-08)
(0.8609289521647936, -2.963668954514931e-09)
(0.21012770867221056, -4.307395713162858e-09)
(0.08209004614219924, -3.6477813323883454e-09)
(0.35199435137206986, -2.6815157797958935e-09)
(0.7436511276108715, -2.8069852108385828e-08)
(0.9171438286429019, -3.643861574658931e-09)
(0.9135478987200784, -1.6330589278410648e-08)
(0.9230219950068528, -4.044775543251715e-09)
(0.9389549221295569, -2.405159632380295e-09)
(0.17486924026032225, -1.254101185400767e-09)
(0.7223038586354064, -5.031730440448848e-09)
(0.5248031291855602, -2.724167687415221e-07)
(0.3259324482871193, -5.7482297963401154e-09)
(0.06953638035065107, -2.4355189477589783e-09)
(0.8980157022263906, -1.9472635831383435e-09)
(0.3411130530499324, -1.9446792478829935e-09)
(0.9859642683774867, -1.5700618278059324e-08)
(0.8590938538610947, -1.936628233684226e-09)
(0.3519463574447491, -1.5756251227858764e-08)
(0.41678762583380485, -1.12717941858404e-07)
(0.818402037834962, -3.287037092095008e-09)
(0.5582241789446305, -4.113451079871131e-08)
(0.1200921518473467, -2.2488768010687097e-08)
(0.7014112890797105, -7.151143547222665e-09)
(0.8265100455590274, -6.242374745153959e-09)
(0.971739573455264, -2.9508132394889286e-09)
(0.5297699175622416, -6.738967687510202e-07)
(0.15978945718953483, -5.3285788686725575e-09)
(0.42548199693618427, -3.6285947392151794e-08)
(0.674203882136513, -5.648181050292048e-08)
(0.6499696828336411, -1.15656659568746e-08)
(0.9705638603996963, -1.0776857790389234e-08)
(0.6706257228020915, -1.95763495141957e-08)
(0.19131358195323594, -2.676911312273274e-09)
(0.02290566022738814, -3.283994751139114e-09)
(0.42455887316325097, -5.095189833363911e-09)
(0.9215831473035218, -1.261122574469869e-09)
(0.937100130834684, -2.4166426508431936e-08)
(0.39557051121700326, -2.3048371243026557e-09)
(0.39636255063904746, -1.833536040373332e-09)
(0.6418972970943511, -6.477226047916435e-07)
(0.7354239054856357, -3.314177805516892e-09)
(0.8721332017949246, -2.848918073119702e-07)
(0.04220696460496416, -3.450973253861761e-09)
(0.3795567613649692, -3.121286901701968e-07)
(0.023725364707663458, -6.476082292230332e-06)
(0.12507717499256324, -5.547856486608604e-09)
(0.9018536704837503, -2.9815504654868564e-09)
(0.39681551343240334, -1.1994875854495561e-08)
(0.6624405989157935, -1.3113798433805271e-08)
(0.9335260232149658, -1.0380146029321945e-07)
(0.009393809627193671, -7.382348283909457e-09)
(0.39173575790720117, -1.8585907281865217e-08)
(0.8818594046559329, -2.51822362759368e-09)
(0.7663595705882907, -2.525872723535654e-09)
(0.4292925909586572, -1.172331356904187e-08)
(0.7161169407267842, -1.4176784558727176e-07)
(0.3581532028971887, -1.4871037200343416e-09)
(0.3649496266067857, -5.865831803195461e-09)
(0.32319533208848983, -8.230941375886182e-09)
(0.29832180719498186, -1.827988424101669e-09)
(0.4436926331958894, -9.761048059315025e-07)
(0.9856226008775204, -3.206705926670066e-08)
(0.40814203276707517, -5.5313199889940115e-09)
(0.4101374148910597, -2.1884016284884144e-08)
(0.573863331129404, -1.4863847574524663e-07)
(0.21940927073365737, -2.5481354561185065e-08)
(0.4797464579382747, -5.390724808911018e-07)
(0.9786411965192751, -1.4597768616012126e-08)
(0.684673024663694, -1.8929077930491016e-08)
(0.9922408369121568, -1.2281510258392962e-08)
(0.15406812564095043, -2.983467541620848e-09)
(0.5796325220876404, -9.423334809444806e-09)
(0.7882560798429008, -1.0370386512006973e-05)
(0.4187281600674803, -6.348149345409604e-08)
(0.4094488819013727, -4.814795612584685e-09)
(0.5395097184051119, -1.4104005170546354e-07)
(0.696527939996058, -7.05293053927421e-07)
(0.1770123510381288, -1.6609561007253057e-09)
(0.9045950407324368, -1.3737197908210415e-09)
(0.8909792357224244, -7.0245339765070296e-09)
(0.05254425804156057, -2.552388512518834e-08)
(0.797052315287229, -2.8343829610543247e-09)
(0.026071271866504205, -2.5741477499870146e-08)
(0.44550666544113676, -3.3281013836248805e-09)
(0.1341249942252941, -4.96359399857618e-08)
(0.8169552629665842, -2.1998816806687463e-09)
(0.2470465943113964, -2.4384730376603782e-08)
(0.2148998225385939, -8.04869395983868e-07)
(0.42927416525227485, -1.206593915568543e-08)
(0.03944990293286825, -2.4652570634208866e-08)
(0.6035949633318994, -3.5260760119820207e-07)
(0.8561976346714838, -2.054700105856249e-07)
(0.6702093865207933, -4.016844956476919e-09)
(0.508535598592924, -1.0343743419518672e-08)
(0.7434284737681336, -1.7618419556674714e-09)
(0.907702907392972, -3.028834031553161e-08)
(0.6493240895275629, -1.8104732325673585e-09)
(0.6970697602467917, -3.1991031598244576e-07)
(0.15213832543254263, -5.4341401756824225e-08)
(0.05286114949635244, -1.1593236032107474e-08)
(0.4992366145669826, -1.4151778365462637e-08)
(0.49609692839805836, -6.211546626668451e-09)
(0.5944384664396029, -2.779387070756757e-08)
(0.9800090117980323, -3.4168400199582754e-09)
(0.1744281345055444, -8.396517484072838e-09)
(0.9989283346758101, -7.2140929024603445e-09)
(0.7613757189815519, -1.0094002571386365e-05)
(0.6999345570384267, -2.1831115819267074e-07)
(0.6185760316965909, -2.971101982310101e-09)
(0.27343005931776687, -7.063332016539406e-09)
(0.770677543869518, -2.122399674695912e-09)
(0.28710338337418284, -1.7540381573980093e-05)
(0.9091423743774738, -9.728860176912852e-08)
(0.897521866536654, -3.2786357491079408e-09)
(0.25310675681493666, -2.1738308133164688e-08)
(0.710884266836494, -1.58836421898783e-08)
(0.7520859657414023, -3.190777633250693e-07)
(0.6778637001815702, -8.018706801112824e-09)
(0.4262781740457366, -5.601286518759463e-09)
(0.11162292175069087, -1.594958486886901e-07)
(0.12650017252903903, -6.775198327209081e-08)
(0.5329710681607264, -2.823506962591358e-09)
(0.13402812443878243, -3.206338767247866e-08)
(0.7791612466418425, -1.053679429248817e-07)
(0.5067567445589539, -4.261639384950788e-08)
(0.9196122100948994, -2.093845735220278e-07)
(0.5914313560707813, -1.6148342813338835e-07)
(0.145985243431776, -1.6761521410580806e-08)
(0.7076083970403199, -3.826240124471241e-07)
(0.39002708398113656, -1.0794768531351906e-05)
(0.12577275821261222, -2.1448964677895514e-09)
(0.6504626204456643, -1.6276102981567728e-07)
(0.16848921847706474, -6.236465680099742e-08)
(0.6318073276884101, -5.8787876364361365e-09)
(0.46755825699616016, -6.2655266076417204e-09)
(0.366882951242232, -1.1411040740585488e-08)
(0.5298927540262657, -3.248567598432331e-08)
(0.3159701104382322, -2.9121763027690514e-09)
(0.22018783655334612, -2.5337533997000857e-08)
(0.7943787524740632, -5.211492917003037e-05)
(0.8407058415765588, -4.1792632816453545e-09)
(0.25145200237735793, -1.119581551038188e-08)
(0.9559141153083489, -1.4836516281584775e-09)
(0.8832277702221183, -1.2785466216766355e-09)
(0.7931665298439774, -2.967950511421191e-09)
(0.7532059662220167, -5.255319391703493e-09)
(0.3963638341830519, -1.6898246794586823e-09)
(0.9608265803582358, -1.2797130941264807e-07)
(0.21561238641130404, -1.2228949778384153e-06)
(0.8812686463227105, -1.4161966869229661e-08)
(0.2145949990731284, -1.1677761711577058e-08)
(0.9596316498114542, -2.527560168403124e-09)
(0.8466965490894762, -1.786920846797555e-08)
(0.013121903236821109, -5.305357642334519e-09)
(0.6882397011055887, -8.266083857197178e-09)
(0.06143994236684904, -2.909911576283916e-06)
(0.8911029615602238, -7.980387332038024e-07)
(0.49089143982473094, -9.246518926844511e-09)
(0.20675580487396797, -3.7584521233715074e-09)
(0.2514461566270358, -3.107448782839192e-08)
(0.3983010830338594, -3.7382709437993256e-09)
(0.7525892342984313, -1.1219102682595042e-08)
(0.7033697192370966, -1.963725167668511e-05)
(0.0790785013830244, -2.5829664306927155e-08)
(0.475610053838493, -1.557439190571234e-08)
(0.7472556273858372, -2.3620585373993377e-09)
(0.8878953510479235, -8.284076898753137e-09)
(0.6115590885341685, -8.132136866764437e-09)
(0.07888439358926023, -1.2867481284006864e-06)
(0.9638848309913588, -1.218905763868145e-08)
(0.01956555365199777, -1.464504589304667e-08)
(0.43737128538263736, -2.851096358877426e-08)
(0.968618760799867, -2.545964673532023e-08)
(0.2668678124018384, -8.868208264424018e-09)
(0.9907169411943404, -3.5054951686494834e-09)
(0.8897353384652956, -2.032987418186464e-08)
(0.20523156719423302, -2.312616438689437e-09)
(0.6398216566224527, -1.4773363935077971e-09)
(0.4891650027171913, -3.866779576260248e-09)
(0.18972595798140418, -5.3140757345064624e-08)
(0.9931292996081668, -1.025945843151349e-08)
(0.781064414014801, -7.2157157325522945e-09)
(0.1678788898817327, -3.2815610998090544e-09)
(0.8875913799975149, -1.8432951947019656e-08)
(0.429816780945874, -1.2191832010774314e-08)
(0.2521791220857902, -2.2131987257959593e-09)
(0.7805632115648281, -6.562892335087436e-09)
(0.04729504876667284, -1.5978454458754339e-09)
(0.5114952601562622, -2.3959815043967395e-09)
(0.5652873091612838, -1.2244794350771147e-06)
(0.5655045526304134, -1.077154562529352e-08)
(0.9290150320280713, -1.9718297321889272e-07)
(0.03914905030115361, -1.381339040069252e-07)
(0.7499087653126476, -1.6874959790205647e-08)
(0.789161082284795, -1.2468479114612632e-08)
(0.262279501456038, -2.2848362803607394e-09)
(0.3754705881862511, -3.458025652487603e-09)
(0.8052722255402162, -2.0745985263526812e-09)
(0.07740092297327014, -9.221939797045296e-09)
(0.01603381943140847, -5.07261667701261e-09)
(0.31805857601713283, -3.861548519578333e-09)
(0.18302809633128456, -9.894871749452653e-08)
(0.05753867151739054, -9.184816270268922e-09)
(0.03450184771014269, -5.4816932410323155e-09)
(0.481794964426143, -1.8660645086969115e-08)
(0.9905963206316424, -1.7858248139329217e-07)
(0.15016546404769965, -4.0389672031162773e-07)
(0.6211068301685294, -3.922112323002186e-09)
(0.17984748875545412, -4.872070563188265e-09)
(0.06324957513478256, -2.2509050983045692e-08)
(0.14537091064815505, -2.3221990201630043e-08)
(0.4734235924200298, -1.8689368304879105e-07)
(0.7257611730629525, -8.752348168321666e-09)
(0.04820426028268544, -4.85686164246277e-09)
(0.8223645611310745, -6.708509436706219e-09)
(0.16810621660638547, -5.273269676294622e-08)
(0.3265195999593794, -1.950916959374992e-08)
(0.47467143766471953, -4.937660699711578e-09)
(0.848348415706567, -3.4558765660802444e-08)
(0.36705607924358874, -2.4674651998360897e-09)
(0.9345075363679131, -2.323250268919466e-08)
(0.4639621119010173, -2.544459164151321e-09)
(0.8836714244297994, -1.5198398952017639e-09)
(0.35410899318840827, -2.3700559099018287e-08)
(0.7332092631153736, -6.64164792913361e-09)
(0.1552310128502097, -4.39799577054213e-07)
(0.36214732505574315, -2.4185289333170835e-09)
(0.8261878484184902, -1.8630606685563356e-09)
(0.10595769583512768, -1.251537939145077e-09)
(0.15402219061578415, -2.4404640784142324e-09)
(0.9885565099238183, -1.447748837641675e-06)
(0.3786318871881354, -4.819973116583999e-07)
(0.4309279791742729, -3.880083471075491e-09)
(0.24973380505561393, -1.3227548963276915e-09)
(0.5658582685635661, -0.0033683868746811137)
(0.050509163655802394, -1.7518890592167762e-08)
(0.593819877038591, -6.360899133951096e-09)
(0.5112170686373887, -2.1135836761564746e-06)
(0.017861580202540438, -2.9139938893580486e-08)
(0.8072043296707339, -4.802683016299432e-07)
(0.7497377913221288, -0.0002791305575748501)
(0.6341908589088562, -4.628114750826049e-09)
(0.2859218499997563, -2.7355869448077598e-08)
(0.5818315183416167, -2.119759259239852e-09)
(0.5834718676377698, -9.636051291996344e-09)
(0.3712173590334259, -5.521673915922535e-09)
(0.22245364248452043, -2.6971220653329512e-09)
(0.8005772342352248, -5.2473394940027996e-09)
(0.4871314012663068, -2.4117781727271918e-09)
(0.8649301015490943, -2.880751728852292e-09)
(0.8843917942423151, -2.922090431037202e-09)
(0.24075873963512429, -3.878907560632974e-07)
(0.5131678441187442, -3.73368575722552e-09)
(0.015186572109578033, -1.4519780833761843e-09)
(0.5238666659571017, -4.13191633049122e-08)
(0.535301215604257, -5.759512494506358e-09)
(0.5497853489883953, -6.297921296519457e-07)
(0.525289541086401, -1.9962801529553594e-08)
(0.9558750118321006, -5.561300738544652e-09)
(0.6442421590537648, -3.6076456915968855e-09)
(0.3685437679538777, -1.1931205187847855e-08)
(0.3931392441621148, -1.900898262530543e-09)
(0.70154010900378, -3.096677730876612e-09)
(0.07285631322690501, -3.075935152179591e-08)
(0.25444584829309586, -1.042056913880852e-07)
(0.9082408131701638, -9.802196474563605e-08)
(0.8224098519455779, -4.720241514426589e-09)
(0.7825351662560924, -2.285667602003795e-09)
(0.2464962652853155, -6.167156661242668e-08)
(0.1840401643775752, -3.247505085425054e-08)
(0.9172321548179151, -4.908391655607581e-09)
(0.8901214389558187, -4.135288075081923e-09)
(0.11693757856322694, -3.698486360892889e-09)
(0.24696581022414468, -1.7394925191035272e-08)
(0.148946068001732, -2.693669960862167e-09)
(0.6679087998365547, -1.1545702311170519e-07)
(0.19431076854845292, -5.7594009276641946e-09)
(0.5129612944896128, -1.633481398661583e-07)
(0.2047010949950735, -3.840661181479533e-09)
(0.3563352023430191, -3.867423377797292e-09)
(0.1661739479094757, -1.4884345776503125e-08)
(0.7063014012191812, -9.514488194864188e-08)
(0.3427122053367512, -1.4725292437733076e-09)
(0.04284223193714797, -6.7538211052171014e-09)
(0.8576981549606024, -3.293986727336613e-09)
(0.016089455868908482, -1.062814258150021e-07)
(0.8058286454440328, -1.2389838943852911e-08)
(0.41062745217598445, -3.3126582270442477e-09)
(0.8864566107650192, -5.04740366495153e-09)
(0.12742586146897597, -1.02793825228874e-05)
(0.2419767564318694, -4.306167729644653e-08)
(0.5180128003364167, -4.089261559007059e-08)
(0.2041809618830487, -2.132959245075518e-08)
(0.03724984553721351, -8.36686970290853e-09)
(0.8251154987873738, -9.150633391899075e-08)
(0.18156670466271815, -1.405417235797514e-08)
(0.1743050187376689, -2.9250253268792964e-09)
