(-0.4325801308138377, 8.455828734245172e-44)
(0.4766429331755641, 9.129819752683306e-44)
(-0.3565311218027582, 5.513941775790496e-44)
(0.14922546351401766, 2.0544973430178815e-41)
(-0.3676356058006477, 5.06462815139511e-44)
(-0.026656303447093285, 1.316561976106112e-42)
(0.007642450689261223, 6.528350613742172e-44)
(0.05358988814673871, 5.645632909678197e-44)
(0.18127458284771697, 1.831825436001713e-43)
(0.1898365668375914, 5.58204170186035e-44)
(0.4328114254705123, 1.4924205161062044e-43)
(-0.014406698872114664, 5.995850425804161e-44)
(0.39717977121413656, 1.9257632775134665e-43)
(0.18185161679681291, 7.625809943109008e-44)
(0.03937123715596714, 2.3502127351445823e-43)
(0.3847489821566501, 1.2824520464903946e-43)
(0.24176329797198273, 7.506934433332668e-43)
(0.4123573575585068, 5.172377525703904e-44)
(0.022401667093964097, 5.024109881485552e-44)
(-0.12234430072776627, 2.577462556331201e-43)
(-0.38705814481178374, 8.676890196627646e-44)
(-0.12116469040744839, 6.302685437975746e-44)
(0.44167077726205134, 8.767611501401951e-44)
(0.3794009366545065, 1.032038589242435e-43)
(-0.049603745133494526, 5.825658844034539e-44)
(0.09483427151240548, 1.7811510553371889e-43)
(0.4351693415951946, 5.208056909897741e-44)
(0.16755417436666362, 7.579092909874588e-44)
(-0.33822562591297833, 1.7017398303638893e-43)
(0.05108307906876352, 7.405676833458436e-44)
(-0.33267286171573596, 6.578744029692779e-44)
(0.29380969413148367, 1.1086716076961798e-43)
(-0.39068354864660004, 6.605808276841888e-44)
(0.10531747942393992, 2.3910582465741482e-43)
(-0.1739128590575571, 2.205520462367534e-43)
(0.3963203425394904, 6.526729621799817e-44)
(0.05356465583880353, 1.9287288750872404e-43)
(0.4903777385558332, 3.896130775293693e-43)
(-0.1635093176716868, 5.135161701864779e-44)
(0.027270783864991332, 9.112724220253798e-44)
(-0.24750836252872876, 6.775425149052691e-44)
(0.01830243503680233, 5.435605432902645e-44)
(0.439604811330468, 8.29011648382768e-44)
(0.38458527468755743, 3.1628256972072042e-43)
(0.3253450477998622, 6.51722986070167e-44)
(0.27711166401441617, 7.790787907319043e-44)
(0.15378359977796924, 4.257222992932653e-43)
(0.18692567384815492, 6.207337394739936e-44)
(0.05395523198447985, 1.8720350213980665e-43)
(-0.3963227384419091, 1.3052173204898594e-42)
(0.33251561073516955, 7.385718733787662e-44)
(-0.046717226957722645, 9.481512475922111e-44)
(-0.20146504809943552, 7.356311475890155e-44)
(-0.03987268949509775, 7.506057581014745e-44)
(-0.08306950818142553, 7.428408550295778e-44)
(0.19776235818346474, 1.5574011468621894e-43)
(-0.05028334021199047, 8.082175446188688e-44)
(-0.10410106407063881, 4.102307541215235e-43)
(-0.3650195404239706, 7.186667223714811e-44)
(-0.046534454966398645, 2.4374776283835137e-43)
(-0.49654466715341644, 1.0892600350016822e-43)
(0.2140408591550047, 1.5697112746588913e-43)
(-0.45001797194725124, 9.888248426635227e-44)
(0.11507453246320927, 8.56475210163368e-43)
(0.2890939728335509, 1.2428771968490982e-43)
(-0.015730088219444698, 6.32285695041388e-43)
(0.39097843844887636, 5.678438399189868e-44)
(0.49823332200968307, 5.914889614511345e-44)
(-0.45725956009869784, 6.484453350880663e-44)
(-0.47591443489687074, 3.0202447719019404e-43)
(-0.2920545247584338, 1.0981902194765595e-43)
(0.0934292538655265, 1.2774201172450744e-43)
(0.18191002463291697, 6.97632827097075e-44)
(0.14145102875511142, 6.485828879117233e-43)
(0.2007128510359159, 6.880983380690351e-44)
(0.07946295489136743, 9.941150980502523e-43)
(0.411705994137362, 1.1556226081146055e-43)
(-0.38427108267846705, 1.2615165088613554e-43)
(0.3303614802993965, 6.711848715069187e-44)
(0.027674478274354906, 7.403403717501262e-44)
(-0.006688279126945129, 5.195594147399068e-44)
(-0.2194536582485563, 8.03588467064031e-44)
(-0.44125370224073496, 5.024074827309546e-44)
(-0.28323903989465027, 7.547364507265953e-44)
(0.4146860165560259, 6.888461617676824e-44)
(-0.005425825374288428, 5.780812031354453e-44)
(-0.34304665606583123, 9.21441779921996e-44)
(0.4147977248558818, 5.806532610008416e-43)
(0.27810220000875097, 2.710462131162103e-43)
(0.16119649413082882, 7.54517722824766e-44)
(-0.4808731581727186, 5.022829786699261e-44)
(0.07178615272112841, 7.831614380174603e-44)
(-0.047828225510912245, 7.008075302487456e-44)
(0.3003335343774366, 2.047692099412411e-42)
(0.3416011733978119, 1.0780409273826611e-43)
(-0.25048257080049496, 7.606926485940933e-44)
(-0.1862618251678081, 5.253552430196925e-44)
(-0.46431366889960896, 4.398839058578687e-43)
(-0.34762247237976407, 5.110949180246689e-44)
(-0.4296062694609555, 1.5017042921413633e-43)
(-0.45318303619833306, 5.618508669442633e-44)
(-0.08131870543791939, 7.818000062254753e-44)
(-0.0690796774022429, 6.410926205367079e-44)
(-0.11194658217450779, 5.383699217134934e-44)
(-0.011786261592726058, 6.831364448877358e-44)
(-0.027956645899142138, 1.853342815316323e-42)
(-0.27065290071097925, 8.541529393054738e-44)
(-0.1992914961930685, 6.065498186506315e-44)
(-0.25517037230394723, 3.853786763796043e-43)
(-0.1366553332665787, 1.6835492210323896e-43)
(-0.1391145619684847, 1.9346795333955487e-43)
(0.41433100777560733, 7.025029508022083e-44)
(-0.22709788253415805, 1.3634488854656283e-43)
(-0.021947409634103774, 6.772818728205387e-44)
(-0.0907876383189306, 1.2344549816631232e-43)
(-0.4520988907171638, 1.6357513689533953e-43)
(-0.09955850367522935, 1.1430836414738888e-43)
(-0.1941480749151117, 2.4982871399296144e-43)
(-0.081882760755617, 1.4102033002846544e-43)
(-0.2329624086003203, 7.310726861009373e-44)
(0.49220250044151936, 7.951322232458671e-44)
(-0.3069656951960423, 9.5594262922413e-44)
(0.0008577493932811913, 2.067354026037482e-43)
(0.27576894104149313, 3.458171061694448e-43)
(0.2063948844819738, 6.17378680447036e-44)
(-0.12495710208327987, 9.859039194823325e-44)
(0.22341646051558806, 6.9375993547623884e-43)
(0.1603909539188383, 5.246520550649175e-44)
(0.33459485655604526, 8.74905555664375e-44)
(0.21333904321921493, 1.1199854151985139e-43)
(0.25741170340977737, 6.249386085363134e-44)
(-0.3501447895532871, 1.0327654815544647e-43)
(-0.35552287567986535, 1.6184362461296797e-43)
(0.13066025968754535, 1.0018008711773725e-43)
(0.25516199591118316, 5.736809077992788e-44)
(-0.4345258453679688, 2.0728245820954475e-43)
(0.14503109195028646, 1.5241108387458827e-43)
(-0.12832343305040236, 5.8903559255463115e-43)
(-0.3428064215606343, 7.836791235691935e-44)
(-0.4004413832108897, 8.3353218444668125e-44)
(-0.09392746464124287, 9.950236149018986e-44)
(0.1500835215081566, 2.9431845043495953e-43)
(-0.40693687826675834, 2.2722287573940146e-43)
(0.2496057700198895, 1.052829570713353e-42)
(0.23926384839835899, 5.727172261058631e-44)
(0.3660298584058708, 1.193568452288063e-42)
(-0.15857894443816647, 6.358191947790212e-44)
(0.22788081698903648, 7.391464548715079e-44)
(0.12253992947309014, 5.97487640575644e-44)
(-0.2430406480386356, 7.728969211391022e-44)
(-0.17572867508919554, 6.532525196632488e-44)
(-0.12459672981457036, 5.396741638122229e-44)
(-0.28298203327388194, 6.397923530289273e-44)
(0.3194087117556608, 1.1457275311075049e-43)
(0.3668244826046465, 1.6108411483891603e-42)
(0.17786058918989098, 5.077588538272822e-44)
(-0.3960579813082707, 2.2035863213403945e-43)
(0.05495727530173089, 8.61625679678457e-44)
(0.046832248641369166, 2.4438076976034293e-43)
(-0.024566706750531558, 5.74347172955808e-44)
(-0.3322960658893017, 5.210958063563685e-44)
(-0.05735814726677143, 7.108534760418257e-44)
(0.2297046554626549, 1.2197846269368345e-43)
(-0.25718411917701783, 4.086810542605543e-43)
(-0.11527695175445295, 5.656631824087477e-44)
(0.45404536302661386, 7.125017198582416e-44)
(0.44450537011366337, 8.568626881264699e-44)
(0.30097729430940906, 6.37581759320113e-44)
(-0.34772490007049117, 6.274417737914077e-43)
(0.4349845603933674, 5.853495640602893e-44)
(-0.4264847494051131, 6.412653527347149e-44)
(-0.23191330758492976, 1.6299426310129318e-43)
(0.3680202810287224, 5.056014888332968e-44)
(0.33694723027718154, 4.465704728787424e-43)
(-0.4446133195799188, 1.0411307722681278e-43)
(-0.41274822496851665, 2.8118313572782215e-43)
(-0.05743068474722105, 7.48953670930585e-44)
(-0.06489218024561635, 9.637090487755887e-44)
(0.4279419938309887, 6.787407956007374e-44)
(-0.14045277897886416, 8.901913285753225e-44)
(0.024620641575791948, 7.959736797076459e-44)
(0.29665605602289463, 5.706567149827231e-44)
(0.2725558164604116, 1.8357277952125037e-43)
(-0.22716093905832613, 5.710441400848649e-44)
(0.28498468788903564, 1.0707018722939728e-43)
(-0.1924839232337364, 9.435904348511233e-44)
(0.2509588369865294, 3.1273746967897756e-43)
(0.11332015741709983, 1.9811453019341245e-43)
(0.28653948806171253, 2.356672329273201e-43)
(0.26984386271073413, 1.5658984007611778e-43)
(-0.4711124849074143, 1.2396636117572302e-43)
(-0.313077964690413, 1.7104835066105479e-43)
(-0.2811322204358761, 6.34914447485416e-44)
(-0.31439786466169517, 8.310314662225488e-44)
(-0.15948950148963228, 8.340999627384886e-44)
(-0.3412172983417874, 6.0813934800217026e-43)
(-0.49872947577158677, 1.1548627705219538e-43)
(0.10985174957716798, 8.470734262640416e-44)
(0.24125522000140295, 5.522530247882365e-44)
(-0.3349295695668121, 7.036248050771946e-44)
(0.14380953262281432, 5.07967576292669e-44)
(-0.4566738551884722, 8.779625531577215e-44)
(0.28346793978775003, 9.002360523875548e-44)
(-0.4083504046163129, 1.633236964413968e-43)
(0.23405321253176387, 1.0642912900254277e-43)
(-0.030461418896447514, 1.5497063575916533e-43)
(0.403826267714957, 5.436967225228394e-44)
(-0.44692372246217815, 1.0991481358232014e-43)
(0.31153645659213, 7.663556755867369e-44)
(-0.20832717917802646, 1.7898078672127887e-43)
(0.08910792322386717, 5.670162527172662e-43)
(0.31546228857855246, 4.533762913258117e-43)
(0.4924150896729066, 8.213383535300386e-44)
(-0.46757790704390595, 1.9376642474460696e-43)
(0.4746100919161423, 5.020744367658378e-44)
(0.418108424096116, 2.9103973578334513e-43)
(-0.01920681973703394, 3.629185697632787e-43)
(0.18672239787891684, 7.301477390048224e-44)
(0.3350185166120119, 8.783274332088237e-44)
(-0.22077478040748044, 1.1274442283940588e-43)
(0.34538518547637304, 7.992764101165066e-44)
(0.44154698407243437, 6.65083158586627e-43)
(-0.11495918411456595, 5.784827775425088e-44)
(-0.42221551688659875, 6.088091613970805e-44)
(0.3926532038974866, 9.391885087257129e-43)
(-0.12392266205461332, 9.796901648485468e-44)
(-0.4128691589514199, 6.398921880479741e-44)
(-0.49833919120674447, 7.566264688951204e-43)
(0.38852287727870394, 5.786950769189507e-44)
(0.21094654121435094, 1.6474697674938218e-43)
(-0.18050790344889975, 2.4425814149308245e-43)
(0.32568922209904055, 5.107311271815494e-44)
(0.02468069920247651, 1.3166903539079351e-43)
(-0.09793562660782833, 3.80685588152891e-43)
(-0.3407595664059878, 8.148757139089327e-43)
(0.286574064917945, 7.09047727664518e-44)
(0.0032665821583149307, 6.298991306862929e-44)
(0.023892566153844236, 1.1729243875241018e-43)
(-0.303807204503007, 5.298818826607602e-44)
(-0.043930475613991556, 6.439109419430297e-43)
(-0.40084191294403476, 1.2022734855010493e-43)
(-0.4526807416868402, 3.946453732236644e-43)
(-0.03048896987935554, 9.526394717541236e-44)
(-0.05997381480151518, 6.869432464359127e-43)
(0.29983320056106094, 6.93587489315243e-44)
(-0.461566433102548, 3.1769890839193766e-43)
(-0.019728734787829022, 8.402811400532046e-43)
(0.3352195399292755, 5.556597939555784e-44)
(0.4835714536492233, 2.9822750392659183e-43)
(0.17029482380280697, 6.409979297812542e-44)
(-0.34077855614841346, 8.362435817569642e-44)
(-0.06387331854415329, 1.1387710978135892e-43)
(-0.17312207650859907, 1.1976439767895255e-43)
(-0.2542830736191269, 3.5486952402896235e-43)
(0.007921924275973052, 9.203214773536768e-44)
(-0.07058835327312134, 1.195804612402074e-43)
(-0.13757448989015197, 2.0990067546648107e-42)
(0.08032451287211448, 5.014010348239058e-43)
(-0.44786111982980653, 6.367545670914326e-44)
(0.3068349568673375, 2.6857132561045335e-43)
(0.09590940098467621, 6.695429394964875e-44)
(-0.18313210766676954, 8.17761606240594e-44)
(-0.3151895806732681, 7.140644232401956e-44)
(0.019324021704973427, 1.9317010778127903e-43)
(-0.24179816035766896, 5.057834776544139e-44)
(0.16543671205562788, 4.214171417046485e-43)
(-0.3051467751303094, 6.503367474643074e-44)
(0.4117700811449205, 6.534004706385279e-44)
(0.45659101349339737, 1.2093600197271323e-43)
(0.39974044867518593, 6.236489929801019e-44)
(-0.1094654592776853, 1.1877427203344575e-42)
(-0.1335347897218233, 5.370715373370598e-44)
(0.015180378970032467, 9.202061638412706e-44)
(-0.47640619858323086, 5.367270076798149e-44)
(-0.10092330278574574, 6.212260526261803e-44)
(0.23657895735568785, 2.5660194975441803e-43)
(0.181055929535664, 5.336940404915849e-44)
(0.15118036611670932, 9.680880828473597e-44)
(-0.14512924045452338, 4.726652224365007e-43)
(0.3707412005223688, 9.39492956339838e-44)
(0.309073835744957, 5.029970361813945e-44)
(0.06661952981093348, 1.9849036378988744e-43)
(0.041188280764989704, 8.482585494047652e-44)
(-0.08030712990489888, 1.8730409918842503e-43)
(-0.4316881620323567, 2.6219812366482133e-43)
(0.010308808665071716, 7.075420795372218e-44)
(0.029520246605802776, 1.105679528894875e-43)
(0.18909664358658446, 1.1091044923371697e-43)
(0.35340183945819714, 1.261290242852629e-42)
(-0.37539959531415285, 5.611877789789063e-44)
(0.15419817912851758, 1.5082326505037557e-42)
(0.41115359384734224, 1.4340212628466829e-43)
(0.07929517738874306, 1.7352681623416769e-43)
(0.4414260418985721, 5.87826864599498e-44)
(-0.42395695085872304, 9.908538283750808e-44)
(-0.3547618739338352, 3.9686430724793426e-43)
(0.07787818107483754, 1.3192343377263815e-43)
(-0.1624963860011735, 1.5910025492839865e-43)
(0.162603474698702, 2.5437417499276812e-43)
(-0.0995377558447196, 1.5216986591323525e-43)
(-0.25022868275452004, 1.1419282958867552e-43)
(-0.4152495377460731, 8.676149287049219e-44)
(-0.372120757710671, 5.779312607860876e-44)
(-0.024472927146707176, 2.519715533048311e-43)
(0.09646919281128825, 3.484202089221158e-43)
(0.15963650710895766, 9.04596546089092e-44)
(0.16204108261340924, 5.659696729828238e-44)
(0.4986797293155894, 3.363623358648468e-43)
(-0.24567786381077314, 6.842383281295514e-44)
(-0.46887254379690346, 1.1282602775865779e-42)
(0.38448776052410216, 1.2735265163698304e-43)
(0.28702964851740714, 1.0882668418958759e-43)
(-0.43213643625103876, 9.021323975681036e-44)
(-0.4088641182383284, 6.547339602596281e-44)
(-0.12634763457321263, 6.59997490063252e-44)
(0.03601394354098731, 5.768890644141303e-44)
(-0.46956946832501306, 7.546742908189424e-44)
(-0.11514661672137107, 5.412300324227583e-44)
(-0.3238727524565232, 1.3938933138257804e-43)
(0.3775536795575022, 8.671318967984708e-44)
(0.10522059235844167, 1.4774053161395009e-43)
(0.22675294204614968, 5.464696147152872e-44)
(0.07242543338093452, 6.155618362287201e-44)
(-0.06843802733473824, 6.622759541626229e-43)
(0.11066901338285258, 7.65287158454275e-44)
(-0.08451636623700598, 9.676436817445015e-44)
(0.31742994357065507, 4.544168619306865e-43)
(0.3611215208906575, 9.770812361491966e-44)
(-0.3340482270337022, 1.0453256928440352e-43)
(0.24992264251754723, 1.1904145055308692e-43)
(0.1069572001145068, 1.0242152376207315e-43)
(0.47087097221363455, 1.40390334417271e-43)
(0.16574016529592053, 6.72034924486838e-44)
(-0.03924384597707561, 2.465176264323818e-43)
(0.28515006098322637, 1.3884983918633948e-43)
(0.07398337127755349, 7.685294429903028e-44)
(0.14748737634847492, 1.0403467983412092e-43)
(0.35821877535218405, 1.0735273290438328e-43)
(-0.262341006895575, 6.884007124890162e-44)
(0.10692437413636774, 1.2224302397115856e-43)
(-0.4476953453756072, 1.1013984305748693e-43)
(0.007559362775307267, 3.1046880563481857e-43)
(-0.03472337314625807, 6.318392926315072e-44)
(-0.28200719731786106, 3.544676481996239e-43)
(-0.1199865665804333, 1.884334208468197e-43)
(0.07326760813851829, 6.282214292092275e-44)
(-0.0073633309131061414, 2.50068713983653e-43)
(-0.33053008258734556, 1.1321762393715386e-43)
(0.37338908474806287, 1.12296470180041e-42)
(-0.230807180675447, 6.1280756672088e-44)
(-0.32070416418444103, 5.591439402452414e-44)
(-0.33985056347060816, 1.868170083769999e-43)
(0.19352709523881398, 5.9811037021889995e-43)
(-0.3166982725033966, 3.0611981889228164e-43)
(-0.41495295273585825, 1.2920778098582446e-43)
(0.3984774737546118, 9.397238004620218e-44)
(0.3394408587969863, 1.9563078923722687e-43)
(-0.3421939497601126, 4.778855321913514e-43)
(0.2716334183810907, 1.624997174740538e-43)
(-0.3271141533547432, 1.0473851615441575e-43)
(-0.2021297971003651, 9.06139197302189e-44)
(0.39547222035067886, 6.767528534746326e-44)
(-0.4833263289951971, 3.1241090767580453e-43)
(0.14492940264436713, 6.150460406862702e-44)
(0.39268012172108496, 1.0894509364825555e-43)
(0.27573847091439263, 7.061667108856163e-44)
(0.0678188722722481, 3.9112473924561626e-42)
(0.26056072636825334, 1.0117281133642138e-42)
(-0.07772118059227419, 9.260700212076805e-44)
(-0.07018725317126603, 6.523448145931156e-44)
(-0.2600986217405602, 9.098377919183103e-44)
(-0.37873361188506555, 1.0552458554516564e-43)
(-0.3687399096191463, 6.815115756290784e-44)
(-0.30644172988131935, 6.416632518098662e-44)
(-0.450591587092495, 6.607833905135441e-42)
(0.408967544893581, 8.439801911084761e-44)
(-0.2666861901217296, 6.822239035168273e-44)
(0.3895143926816919, 5.051699143523904e-44)
(0.3998119544106, 1.2664225520859196e-43)
(-0.23478798246952096, 1.2338235831901527e-43)
(-0.1021919801113723, 4.66360440856251e-43)
(0.14935927233899413, 3.724185009981319e-43)
(-0.32342630795790805, 3.2952172352217373e-43)
(0.24264809910348692, 7.47371307213523e-44)
(0.03957968199365708, 2.3529250377559747e-42)
(0.3743147141441484, 9.861998971351375e-44)
(-0.24866982242115368, 8.215888027244343e-44)
(0.17261923539438023, 5.177274891417396e-44)
(0.4724113993230727, 2.3724857859901566e-43)
(-0.05163707572099744, 5.303443975835111e-44)
(0.3221311844715262, 1.167430285317439e-43)
(-0.19432753541339565, 6.374225745848353e-44)
(0.4155167549711105, 9.182358194494674e-44)
(-0.2773598804266993, 9.150350452497923e-44)
(-0.12620318713080317, 8.590532722362459e-44)
(0.4827130621999309, 1.200534456676437e-43)
(-0.2632077632743661, 3.326585333471835e-43)
(0.07981413213860093, 6.169660639469632e-44)
(-0.32332410709055065, 8.249677014488582e-44)
(-0.4078992461446634, 1.7354440193161377e-40)
(-0.02288539473827421, 1.8840972478428874e-43)
(0.370750133561678, 1.8273426199198643e-42)
(0.4106847913397379, 5.109081285483952e-44)
(0.008049381652594997, 7.163859811463621e-44)
(-0.29929818310262696, 1.4432085637028566e-43)
(0.09983243363069984, 1.9764705521502595e-43)
(-0.32406409937497654, 2.759776657352079e-43)
(-0.2566372617634433, 1.4032053952498983e-43)
(0.40168439143915496, 5.859096863835866e-44)
(-0.4404216717094148, 5.17282691314422e-44)
(-0.1630599212503334, 5.881107321350597e-43)
(-0.05645136761742198, 2.3811947423633055e-43)
(0.3319946034623511, 7.255147164145782e-44)
(0.026279395414178383, 1.7554428840317273e-43)
(0.44153144774693864, 1.017077466245809e-43)
(-0.36534966464017476, 1.6827505315226811e-43)
(0.42273173595750296, 1.5112941051927115e-43)
(0.4298369269667598, 6.482216126512823e-44)
(0.17314357414619544, 7.681390546173653e-44)
(-0.07234797799193156, 6.214047795256251e-44)
(-0.015494129829600693, 1.1587043842957255e-43)
(-0.2791588408893051, 2.0390765847573595e-43)
(0.14175845161571562, 8.888883124542166e-44)
(0.2168797964437407, 6.549081351860897e-44)
(0.43582059799930595, 9.905767667912938e-44)
(-0.16259860096332138, 9.96580744174759e-44)
(0.339864588841028, 8.300245359739263e-44)
(0.17502741009660738, 6.349542547793168e-44)
(0.08161021609290545, 1.8256339298380087e-43)
(-0.17039336184757367, 5.545721736592319e-44)
(-0.3074531663511182, 8.094035103757606e-43)
(-0.1606511869562041, 3.4514081908989694e-43)
(-0.4797575389878785, 5.984871839512282e-44)
(-0.47777723279457207, 6.384045569808503e-44)
(0.24756573619205688, 5.185634897686289e-44)
(0.1529354826457544, 3.400151399767271e-43)
(0.07620750920468075, 3.540267695581342e-43)
(-0.16427279110318813, 4.62426758209795e-43)
(0.2455949457228839, 2.494851591213242e-43)
(-0.31143304708454045, 1.2213941461673787e-43)
(-0.3924127891067353, 2.679879952524427e-43)
(-0.01103397022430314, 2.6225571979992714e-43)
(-0.03371083395855541, 6.060265396240156e-44)
(-0.15336474843684691, 5.575701785586323e-44)
(0.3830455119078901, 8.430079545878606e-44)
(-0.0012913191241226345, 8.543802311557693e-44)
(0.3729081058165967, 1.6306037303800307e-42)
(-0.30741265095255266, 7.23897979979494e-44)
(0.35159514311507034, 2.3029919969158497e-43)
(0.39054722388151597, 8.871863278870236e-44)
(-0.4935320302826047, 7.819775672763815e-44)
(-0.2373543209386059, 6.050923665974602e-44)
(0.09116413275536092, 6.792567689716093e-44)
(0.4443315094934147, 2.064972123529676e-43)
(0.2898930819491339, 3.119248260459961e-43)
(-0.17393638743908807, 8.714349615767202e-44)
(0.35637347517093676, 4.576849795103076e-43)
(-0.06857904593636306, 5.757174675959615e-44)
(-0.46529199991789927, 1.6547630647761024e-43)
(-0.21344382848552798, 6.986479925646228e-44)
(0.4158158546093253, 7.435529608145833e-44)
(0.23887531663733091, 6.36329647059758e-44)
(0.400616176825843, 5.379390900856632e-43)
(0.3629889718456878, 1.1240307584405375e-43)
(0.3117747453171007, 6.496255995910231e-43)
(-0.4358813304969537, 1.0216560444298724e-43)
(-0.4125605908621822, 2.1383897671085346e-43)
(-0.43022007945270824, 1.4738023655458762e-43)
(0.32930029701519503, 3.62022250584199e-42)
(-0.026909113756906022, 8.929189230760708e-44)
(0.28726859937713706, 1.0564061305572727e-42)
(-0.34601755198178885, 1.339617103640427e-43)
(-0.42966439404336054, 2.3101668951910177e-43)
(-0.3878660595482639, 9.179140222734108e-44)
(-0.44318210200387004, 3.3193065959097035e-42)
(0.39915063605887, 2.1845148276935036e-43)
(0.08966102216816196, 9.739248528875332e-44)
(0.11454987824663926, 1.8126015707234725e-43)
(-0.4226843586556909, 1.781911277523527e-43)
(0.2918858582128747, 3.958402841581925e-43)
(0.4218102892936892, 2.052248162558118e-43)
(0.1021835238464407, 6.166660591590197e-44)
(-0.3797410445245307, 5.689313890564859e-43)
(0.369581685947376, 5.864442737542401e-42)
(-0.14904620370938043, 9.46646820814111e-44)
(-0.07884007768336602, 6.250181780062989e-44)
(-0.19386829697000268, 2.7093684958760226e-43)
(-0.1508425812389143, 1.0354794870438321e-43)
(0.23427411953454033, 1.2379099409269928e-43)
(-0.051664888073342186, 1.3624045578294468e-43)
(-0.030062860179095586, 6.899788301744846e-44)
(0.178394685218455, 1.228760846361463e-43)
(0.25527277072645366, 4.577862646806557e-43)
(0.27264574362498906, 6.785445931481892e-44)
(0.2015871835325398, 5.72118040756254e-44)
(0.3229001456253339, 7.369119176957532e-44)
(-0.4146676043848553, 2.8066331713391692e-43)
(0.3910843817247218, 1.0343439794256022e-43)
(-0.22590764474462222, 2.7333940422428914e-43)
(-0.2986240606570583, 9.991126935566138e-44)
(0.18859375695156377, 5.420957882520421e-44)
(-0.2687646460373112, 3.2238382548680922e-43)
(0.161556618132136, 7.0043145506970465e-43)
(-0.082833763176329, 5.76750448230854e-44)
(-0.2513349930667856, 5.35642632928078e-44)
(-0.35654703257208337, 1.9316269425892656e-43)
(-0.4864948566227669, 4.314721786674867e-43)
(0.2546192093311514, 5.782069766394669e-44)
(0.10604974838881594, 1.9886239489356424e-43)
(0.30286246843888187, 1.775785083298467e-42)
(-0.1934765697232261, 1.3842947222497916e-43)
(0.15939339520230433, 2.6012374388881912e-43)
(-0.38265733078126585, 7.36150624258874e-44)
(-0.11067473017690135, 5.7037170238857845e-42)
(0.47437232954429204, 8.597988859066243e-44)
(-0.2184998828063897, 6.305184254420535e-44)
(0.4092140795767997, 5.255357309942769e-42)
(0.3535525724961882, 6.780139607189752e-44)
(-0.10771161817418826, 1.7649575253367345e-42)
(0.01897887295607037, 1.3858139572707433e-43)
(-0.13369496731259595, 5.113878652406293e-44)
(0.1735475804108241, 2.291460630791057e-43)
(-0.3835852835023004, 6.286434138336125e-44)
(0.3404675106717392, 6.014434246991799e-44)
(-0.41653131302743424, 5.483123313685502e-44)
(-0.02088133825486513, 5.444025788782432e-44)
(0.04103816183579163, 3.2992111324456455e-43)
(0.10707487051097891, 5.922342969042865e-44)
(0.3824239669641155, 6.250693914029986e-43)
(-0.4843753284311185, 9.673735154254446e-44)
(0.47439426591125816, 1.0123815269253867e-43)
(-0.35103156771591154, 1.2747801607292993e-43)
(0.31962989804060943, 1.4691337526725016e-43)
(-0.2562186021777998, 5.26765378277109e-44)
(-0.035994105537564616, 1.054230790367941e-43)
(-0.40509904231567095, 5.56263203100366e-44)
(0.30615381598076846, 1.851133581821376e-43)
(0.24926321906851712, 5.527968011915196e-44)
(-0.28717535092135654, 6.103512824918319e-44)
(0.0329887023533092, 3.490023538676712e-43)
(0.2978083835820782, 6.039891381063066e-44)
(-0.3460855723388171, 7.952114081935311e-44)
(-0.3654568052448026, 1.6433927610674638e-42)
(0.23583259640698045, 8.040223802830994e-44)
(0.4491113833098606, 6.165445663465532e-42)
(0.09512297671546607, 1.3678870021403888e-43)
(0.11969198120999133, 1.3877392118965544e-43)
(-0.20091609192228163, 3.1962607407998303e-43)
(-0.257128863717725, 6.06078738400219e-44)
(0.44616497425914353, 7.158722579741006e-44)
(-0.2585745859255265, 7.255901187624429e-44)
(0.3432990586098232, 1.4391149053030022e-43)
(0.16386694899068452, 6.092402039712677e-44)
(-0.206588836539653, 7.966770821890279e-44)
(0.14724743059452808, 4.321691798174239e-43)
(0.39865927527301465, 6.7393910748672814e-43)
(0.43379297946405615, 6.137912573309253e-44)
(0.409684086086217, 8.158853855587568e-44)
(-0.2634180110936381, 6.316217352390143e-44)
(0.3978484566538932, 1.7280208423957096e-43)
(0.1436016006050115, 2.8772955079051977e-43)
(-0.09033056048267615, 7.343273844695164e-43)
(-0.23136245278096895, 7.51649522429428e-44)
(0.06989937234450085, 5.040196012113963e-44)
(0.05705170123255493, 5.94124568584357e-43)
(-0.2280338382257692, 7.294995219905876e-44)
(0.17960747623738305, 2.0010603901439688e-43)
(-0.09318846500271771, 6.258544188040269e-44)
(0.1854991055860664, 3.15164774394508e-43)
(0.38812829579345437, 7.367827797268679e-44)
(0.011003743116221872, 1.1313426975016078e-43)
(0.035516612265904635, 6.12323289620634e-44)
(-0.47708354169783945, 1.969491321186195e-43)
(-0.004915282071047169, 2.040553085508233e-43)
(0.026612953316193746, 5.855216937130722e-44)
(0.35119551198562676, 6.266351622465589e-44)
(-0.04362478114346807, 1.4659471654854914e-43)
(-0.08226785311920605, 5.423227063439779e-44)
(-0.028734476619153043, 1.1457047664131623e-43)
(-0.06254159511255065, 3.238358298203156e-42)
(-0.4961373855982778, 2.397666879895968e-43)
(0.09615310780237779, 7.031107411279521e-43)
(0.14956661975139748, 9.262326786938712e-44)
(-0.1460284473809061, 7.171050509051727e-44)
(-0.440838874350263, 5.048490841766156e-44)
(-0.4294662515964287, 1.3931873030456368e-43)
(0.14696766704482303, 8.639756423873865e-44)
(0.3810917122386768, 5.225289060357186e-44)
(-0.04775734695291825, 6.289185510659304e-43)
(-0.1475629715449469, 6.897224069508952e-44)
(0.4886690269879561, 1.0221373798565825e-43)
(-0.2079118278754995, 6.84279942173812e-44)
(-0.21007629350736076, 8.771702169255125e-43)
(0.07321914741516068, 3.2039157095652035e-43)
(-0.16363214838252316, 8.259796691779899e-43)
(-0.4519371601929757, 2.783468080232075e-43)
(-0.0681833050495709, 5.180996204251182e-44)
(0.4280561367767455, 9.055284687607446e-44)
(0.06979939906053392, 1.4996656059101616e-43)
(-0.24385329543705128, 1.768817961224184e-43)
(-0.4752089854779806, 3.3193836169268636e-43)
(-0.23582044650522152, 5.102112625178603e-44)
(0.1515199316198133, 6.559580313141485e-44)
(0.009538201003457591, 1.100433197459899e-43)
(0.3921930758715872, 6.50402708697558e-44)
(-0.2876552459686188, 6.2798310293308055e-43)
(0.22147976697737073, 5.250833304444958e-44)
(0.10373700607372316, 3.371446097323715e-43)
(-0.26744833557878095, 9.44530617062599e-44)
(-0.1622599193420903, 7.372291416853866e-44)
(0.25071586961597403, 6.198600180463176e-44)
(-0.09566367943184759, 8.378894779374329e-44)
(-0.225160533232344, 1.4254118146461909e-43)
(-0.02352446254014826, 3.142724186531738e-43)
(0.03544668233789382, 8.77329882065987e-44)
(0.23272689421544, 1.3613591850965298e-43)
(-0.49660995769454974, 5.130633906472749e-44)
(-0.010854558526875092, 5.557487055198302e-44)
(0.04066581631457257, 6.360861114674904e-44)
(0.40378626412868845, 7.434027220927022e-44)
(-0.12959993832172212, 3.2422933012165857e-43)
(0.32214265363414984, 1.166742056854966e-43)
(-0.36596041655757594, 9.346310318122182e-43)
(-0.13527204227815845, 6.728481265691828e-44)
(-0.3471097060950204, 6.128201463595144e-44)
(-0.36129179039886516, 1.3823116655208294e-43)
(0.42523172322606956, 5.619299050137186e-44)
(-0.39213363631495124, 1.5016314108120673e-43)
(0.47724720174501767, 7.532904022215282e-44)
(0.09265994647525974, 7.685373794733146e-44)
(0.1636264296832346, 3.3261560255967505e-43)
(-0.0948098124294737, 2.0992718069275162e-43)
(-0.0637436859112617, 4.766414491045097e-43)
(-0.08023105584444663, 5.361597974245134e-44)
(0.01238254301521649, 5.880718180116977e-44)
(-0.0589704285303038, 1.0605895097016484e-43)
(0.12411196897086908, 2.4497756942545083e-43)
(0.05628664976764477, 8.524910477215661e-44)
(0.35686793659207194, 1.4581075485422562e-43)
(0.4068755393195731, 7.793970080176213e-44)
(-0.4222948219469446, 6.48841792769723e-44)
(-0.20722262304702138, 7.619719200746968e-44)
(-0.1607042478257795, 2.526856672322969e-43)
(0.28089278010276314, 9.376157961464213e-42)
(0.20504868773736207, 6.660009387422897e-44)
(0.3801845813880763, 6.279492756062073e-44)
(0.38341864809453347, 5.022808299555189e-44)
(-0.11984892520245148, 5.577523939263775e-44)
(0.14759000111355255, 5.754458708661157e-44)
(0.23083651838898847, 8.210907246137575e-44)
(0.14684391139305392, 1.9721570400869745e-43)
(0.1839581980811268, 1.0352328083985609e-43)
(0.1379110306805833, 3.3750043096205925e-43)
(-0.0084012063010613, 6.720790736564771e-44)
(-0.10469176035117338, 5.682277815573134e-44)
(-0.1016916245199565, 8.368441560279054e-44)
(0.4147527768237906, 2.069459154524164e-43)
(0.25253221258792835, 7.96831426214036e-44)
(0.4714158332391858, 1.604062333207605e-43)
(-0.3450199036648309, 4.295401659031933e-43)
(-0.46723816408118296, 2.2013278412162944e-43)
(0.04234116239168797, 2.180491117978064e-43)
(-0.2124083055135791, 6.349911410964257e-44)
(0.015742074680779105, 7.745265152894701e-44)
(0.3364062074819042, 5.654039603124494e-44)
(-0.4196103013600088, 1.3961202761316082e-43)
(0.23318699286337882, 4.12215795044262e-43)
(0.3379848941365768, 1.4751445547098342e-43)
(-0.4896469473788205, 5.5397434982576e-44)
(0.13824451787307554, 6.456284848063826e-44)
(0.04318895552819476, 5.421683318485719e-44)
(0.2464416483345091, 9.327867212429146e-44)
(0.11597526909383545, 9.359244813960291e-44)
(0.00011735785544736677, 7.816902386845654e-44)
(0.23560920465667146, 3.996191162641933e-43)
(0.1316184425982557, 1.098957065823166e-43)
(0.4776247179102826, 5.311419568738067e-44)
(-0.04044688561505147, 2.0353924641149337e-43)
(-0.293955312999945, 5.264026947243275e-44)
(-0.3316517936232786, 2.1462036582514768e-43)
(0.13571205703697528, 1.1829965434666327e-42)
(0.37810026088688586, 6.350663086122843e-44)
(-0.3528604103994887, 6.729272844906444e-44)
(0.10551667723442969, 1.7202222242160527e-43)
(-0.20526465120730525, 5.985473289565021e-44)
(-0.08233366017805026, 7.527481181903297e-44)
(-0.4373153197887174, 1.6299153392691881e-43)
(0.22736557434411817, 6.242119121118824e-44)
(0.0028156298526355416, 1.1246718102767413e-43)
(-0.07537958022320465, 2.049368769949447e-43)
(-0.02989608063992337, 3.255540032159769e-43)
(-0.19506920109306156, 5.936640634587471e-44)
(0.469086780803914, 9.533887266810292e-44)
(-0.3474968406602341, 1.934056095073911e-43)
(-0.34301988387269106, 1.941953799990507e-43)
(0.21903594104504823, 2.07612377679165e-43)
(0.33607620083421863, 5.114512499719771e-44)
(0.44489677944198713, 1.2084413679956416e-43)
(0.02011846735101968, 5.609261627501092e-44)
(0.025493434280161615, 9.487885834303501e-44)
(0.3023897439925197, 1.3751628874820446e-43)
(-0.23153224863347485, 9.911124195579673e-44)
(-0.07063304139066465, 5.419165050410907e-44)
(-0.28832780247121187, 3.5659973449349443e-43)
(-0.1967750954826115, 6.372578695662978e-44)
(0.02296879681133469, 1.421825284974404e-43)
(-0.11086786529630592, 1.3773668128455124e-43)
(-0.40724593403145504, 1.2347390009759236e-43)
(-0.026582128619454255, 6.944078034511289e-44)
(-0.44143050701972764, 3.989510985024924e-43)
(0.46598646887998363, 1.2222317951956364e-43)
(-0.16343180376685937, 3.622459385699595e-43)
(0.07059551242869022, 8.225869220780873e-44)
(0.44709071848071047, 2.4195190340313265e-43)
(-0.1698735964312823, 1.7250385357973578e-43)
(0.18947914141055527, 5.20535977194043e-44)
(0.3894085416399083, 6.814897722678507e-44)
(-0.10897216248047834, 1.7725857493692227e-42)
(-0.4476633258564622, 1.0979849968026218e-43)
(0.13158773336026347, 6.63381083541938e-44)
(-0.29634194617915205, 6.635905714576919e-44)
(-0.11129390128232344, 9.281673957517042e-44)
(-0.07287688909204476, 1.6203209082141297e-43)
(0.2809192053761353, 1.818754141890292e-43)
(0.31485047207413286, 8.444854128942161e-44)
(0.1583584471388819, 5.789319477462248e-44)
(0.49168386105941536, 8.60506118484899e-44)
(-0.10883746170493629, 5.155342391873592e-44)
(-0.4407850760791296, 1.0585609017349103e-43)
(0.473576435423539, 9.199078203260783e-44)
(0.4685453698869098, 7.334740368925767e-44)
(-0.2456982588627933, 1.0862048653292383e-43)
(0.42977675237669893, 1.2265864231950627e-43)
(-0.16685175823503326, 1.6368156805786528e-43)
(-0.2629440437521501, 1.130281902463177e-43)
(0.2760425454061128, 5.786145290481533e-44)
(0.008250359241929125, 1.3127309938943599e-43)
(0.3340666380205095, 8.663811211495112e-43)
(0.49118325043259364, 1.714065304455359e-43)
(-0.24337992576760498, 7.320376041177766e-44)
(0.08810900280929711, 9.346331310991486e-44)
(-0.2788799461378779, 7.879924777438429e-44)
(-0.3243866355948058, 6.424560626197514e-44)
(-0.28148546329090685, 6.955753277717662e-44)
(-0.48163712705572187, 1.0720416686237983e-43)
(-0.247711613308554, 5.640859647003629e-44)
(0.3717545412642241, 1.7213109831258402e-43)
(-0.4879921568604969, 9.864231264716535e-44)
(0.19350655849490775, 3.822541980833411e-43)
(-0.38081271191773525, 7.332214564607665e-44)
(-0.1885072953603003, 5.458894832667387e-43)
(-0.2889119595664159, 4.81813693118194e-43)
(-0.057041160667648645, 5.596624786003595e-44)
(-0.3834330228785652, 1.4963433741990947e-43)
(0.45755872436863126, 1.9255531027702948e-43)
(-0.007147810358874314, 4.385283384818993e-43)
(0.19082612788917216, 5.747697075257989e-44)
(-0.3061748939421095, 7.681149037915439e-44)
(-0.046336017593383516, 1.3905914758076788e-43)
(-0.4661947477319067, 1.2292360578545202e-43)
(0.23523256309777615, 5.181420761615934e-44)
(0.4560749271209293, 1.2781281117213396e-43)
(-0.0197998056269724, 1.2155278984718186e-43)
(-0.25010519893424776, 3.597361575162641e-43)
(-0.11055341984418339, 1.5265585257382314e-43)
(-0.0434275662127759, 1.045349828854497e-42)
(0.4916192640524666, 4.884231212907887e-43)
(0.43532202183076485, 6.641227662457482e-44)
(-0.05727344332966919, 3.2238306725818136e-43)
(-0.37280336876828707, 4.672226988193834e-43)
(0.31946556849556446, 6.335734065195238e-44)
(-0.3506882515713374, 5.341999584895506e-44)
(0.3608365935986474, 1.2737534314602449e-43)
(-0.2100224874953513, 1.2707711694243452e-43)
(0.3495774813412595, 8.690152619380448e-44)
(-0.10137523347095176, 6.161665763242731e-44)
(0.3737438548942888, 8.265355692795622e-44)
(-0.30146526493109865, 1.5150456400633827e-43)
(-0.3575134919807733, 7.015610340031545e-44)
(0.4233807805499113, 6.949610442537581e-44)
(0.25663368975654766, 6.605007842763721e-44)
(0.00021352280191926006, 1.0842518105940539e-43)
(-0.25814902733778206, 1.804669781480901e-43)
(-0.35084507570662277, 2.0686205888071403e-43)
(0.16790690247618142, 1.5009323910451984e-43)
(0.16563996601571498, 5.946255963452546e-44)
(-0.04871484293535612, 1.1128290019491944e-43)
(0.1652512201062743, 1.3622598609417247e-43)
(0.22120584179558953, 1.6747652499705763e-43)
(0.27045014724714894, 6.709142245819378e-44)
(0.24102646014968448, 1.0229249775284902e-43)
(0.05940095335598737, 8.460061483409199e-43)
(-0.1559138687536697, 5.935228680301078e-44)
(-0.008758516121172509, 6.839634292584307e-44)
(0.25583791129354255, 9.404161346787396e-43)
(0.31914044084247345, 8.778179196357779e-44)
(0.1670379023343692, 6.011542634198518e-44)
(0.021625364118539332, 5.478350759092511e-44)
(-0.32045866634747716, 5.336615362906141e-43)
(0.3736800648257817, 5.169692942748128e-44)
(-0.29233783301999083, 5.197147807327348e-44)
(-0.2908911918714168, 9.867729958888216e-44)
(0.02241293428349923, 4.876961722102647e-43)
(0.36659533044909004, 3.2980035964973325e-43)
(0.1764734622755998, 1.7455960429928988e-42)
(-0.3101568046786903, 9.369679978019521e-44)
(-0.38829771768508886, 1.2303220239466402e-43)
(0.4470273286271198, 9.02555112887772e-44)
(-0.012235787547545004, 1.3471654543129598e-43)
(-0.32426508493017797, 7.602207333407402e-44)
(0.311396712517843, 7.41759198798203e-44)
(-0.35820079136198657, 1.2316640594028885e-43)
(0.3393061600157438, 6.55585430242937e-44)
(-0.4189685450950483, 1.4890086478438865e-43)
(0.3345145763674764, 4.167510036555851e-43)
(0.03556324031822806, 1.0878180862830996e-43)
(0.37242614117438955, 2.7090350774861387e-43)
(0.03081134804671105, 7.245912343856977e-44)
(0.36684548829552405, 1.6339253831276151e-43)
(0.4150610760739618, 6.811197410706221e-44)
(-0.004303916944033109, 3.624455825135286e-43)
(-0.3645632090649023, 1.416837362579286e-42)
(0.21187602726506072, 7.152378494674154e-43)
(-0.06225158017595276, 7.207777680066983e-44)
(0.2777711793185959, 8.034540401905133e-44)
(0.05145918224322633, 8.404683437669807e-44)
(0.10120514759439955, 1.939205103157604e-43)
(-0.3795136198378581, 1.6021425286878736e-43)
(0.41332593524621, 8.827302704366198e-43)
(-0.48394711015233594, 6.453455383306819e-44)
(-0.3356788757348741, 3.015128330378672e-43)
(0.39834428246363807, 1.6463384118312002e-43)
(0.44178002657819027, 2.0336359847341732e-42)
(0.374267083141114, 9.63562577212535e-44)
(-0.12102007251051282, 1.94002672092779e-43)
(-0.22973947914113488, 6.761705579285782e-44)
(-0.1717480524593825, 7.766968923224614e-44)
(0.4131328579375984, 1.4801144718667453e-43)
(-0.3630551813348435, 5.189669152875276e-44)
(0.4857209146575346, 1.3180174637159621e-43)
(0.28529168766493346, 6.828062827203381e-44)
(0.3990802011064643, 1.7343431563434638e-43)
(-0.2920559835112682, 7.489084690368984e-44)
(0.2434476546435751, 5.506469528660515e-44)
(-0.15827424901214962, 2.7313687858896825e-43)
(0.4750402668354474, 1.23963983176669e-43)
(-0.40747751243150443, 1.0592815510029927e-43)
(-0.11567168685757565, 7.415390112821745e-42)
(0.3864614180481572, 1.3526637629476926e-43)
(0.42878820126895806, 5.7078408020033306e-43)
(-0.3312096452730752, 1.6880646805731591e-43)
(-0.4399922608749203, 5.23356884662588e-44)
(-0.06890245434573267, 5.4432931208450365e-43)
(0.12388152123374774, 5.047431876085559e-44)
(0.14679366555779486, 4.160653140950172e-43)
(-0.4177929087312116, 7.782996406802682e-44)
(0.07569526937416207, 1.815730984842402e-43)
(-0.28047135450188415, 1.188329427573533e-43)
(0.417051443526606, 6.977618440826923e-44)
(-0.4382519930508921, 3.622934338711151e-43)
(0.42000535484594204, 3.584946448135539e-43)
(-0.002088460670032872, 1.4493682397954812e-43)
(-0.28809968351623644, 2.20701348189067e-43)
(0.24507658452490785, 3.741086902252035e-43)
(0.14073980329582256, 1.1359074968809326e-43)
(0.14441030083814124, 8.178610816897392e-44)
(0.3001037034413637, 7.943477427369091e-44)
(-0.4119237853126448, 1.2608094849195063e-43)
(0.4870622685431056, 2.6594968778600724e-43)
(-0.29918368843282406, 1.812635458347536e-43)
(-0.2963331031329563, 7.140746272139412e-44)
(0.30880086184575606, 7.085521236516335e-44)
(0.09984513323900751, 1.7350905838021588e-42)
(-0.12238420962616997, 5.19127544081547e-44)
(-0.3119862865350526, 6.975476032999656e-44)
(-0.38722823030445574, 9.901988471916123e-44)
(0.05201519717602785, 5.01624745928831e-44)
(-0.451647564738605, 1.8782788572527184e-43)
(0.23105480080763463, 7.457394917936616e-44)
(0.423537901869889, 7.730841506675354e-44)
(0.4081912494380433, 1.0793459293396736e-43)
(0.17092071022343874, 5.805688489504313e-44)
(-0.14014351316807866, 6.928983937683879e-42)
(0.4204840583506015, 5.289914000123322e-44)
(-0.003780657210778114, 7.265039637533431e-44)
(-0.4642099806491372, 6.256727527348999e-44)
(-0.39937373459288483, 7.389119486352199e-44)
(0.2754820464922441, 1.3631982992095356e-43)
(-0.15642589607051804, 5.433441219279685e-44)
(0.1792716198586382, 7.16597801606553e-44)
(-0.07471824034821484, 6.9117790584270956e-43)
(-0.23478170239841556, 7.5447374739035e-44)
(-0.04585703949907528, 5.686459696154404e-43)
(0.21434839298031327, 5.683589730495475e-44)
(0.22115383461666807, 5.19305992972888e-44)
(0.26741703815866963, 9.902021830422889e-44)
(-0.3476424134547722, 1.1124361676284284e-43)
(-0.46571568075051334, 9.66656242557565e-44)
(-0.43800728506308556, 6.531830742834292e-44)
(0.36263288491556983, 1.8187101199470152e-43)
(-0.4177846813712785, 1.9295378009640973e-43)
(0.29869866714284893, 5.765209677605302e-44)
(0.2606575660388052, 1.1951833489492435e-43)
(-0.03601118739879816, 7.178044891193795e-44)
(0.14682757074759056, 6.112577832347332e-44)
(-0.15085652074629863, 1.1638322374013785e-43)
(0.051382828142061576, 6.295267664542906e-44)
(0.22513821485355046, 6.874162710891279e-44)
(0.1500847346230952, 2.2656618809747337e-43)
(0.22163394100375028, 9.777453290143637e-44)
(-0.4414363338275147, 6.367749563177905e-44)
(0.48041490060696784, 6.100655074411636e-44)
(0.021947340546173418, 4.592012731397308e-43)
(-0.05304301495905296, 6.781673289187405e-43)
(0.4081011781378945, 1.902234731783487e-43)
(-0.28281566353181725, 8.850785036209584e-44)
(0.4793017629580724, 9.97846482278155e-44)
(0.2935238462554224, 5.995000288155824e-44)
(0.16896769449062835, 1.1393643839416976e-43)
(0.36581973912977556, 5.76933559698344e-44)
(-0.4338069275456524, 8.667830932560359e-44)
(-0.2047318813337825, 1.955069430426637e-43)
(0.3681110790688301, 8.800927737434926e-43)
(-0.08476643852181764, 5.3920944949994934e-42)
(-0.4599139561040118, 5.889874786387934e-44)
(-0.34238406476038197, 1.4350155597693825e-43)
(0.32255432602758755, 1.306176954552515e-43)
(-0.1283317525493151, 6.929999293399447e-44)
(-0.4080623394262413, 7.305856577901739e-44)
(-0.4170431113700489, 1.6766792684067628e-43)
(0.08752176981718439, 4.820913095272507e-43)
(0.19789137112062294, 1.5027803458432166e-43)
(0.17215486152066323, 5.824037524879968e-44)
(-0.27037528769354563, 8.831601588189422e-44)
(-0.3659202509950064, 1.7972983339926833e-43)
(0.22400310175274527, 8.203490461359721e-44)
(0.20111346697875163, 7.793144718009059e-44)
(-0.11776656480832234, 2.2191998368956323e-43)
(-0.2065435828437509, 1.0509670104001226e-43)
(0.4835143048107428, 1.272318294857995e-43)
(-0.44555334500022786, 5.473693535508317e-44)
(-0.27557701728542455, 3.4908669771825173e-42)
(-0.23061206628044334, 6.753785802180715e-44)
(0.3559000075690914, 5.784367374386837e-44)
(-0.1488681261224856, 7.464244921030695e-44)
(0.1125839978472812, 9.910904182685344e-44)
(-0.43650489137227344, 1.2211519754844875e-43)
(-0.13596236714890617, 6.609977768602079e-44)
(0.03892011229273632, 1.1751513977510254e-43)
(-0.032176709184916816, 1.541351526854361e-43)
(-0.3055489583704251, 2.398309534600923e-43)
(-0.047892202101827104, 7.313741541528015e-44)
(-0.1814260837391596, 2.090306269188471e-43)
(-0.13967934379826163, 5.661375658696602e-44)
(-0.2095211808422847, 5.303100710927749e-44)
(-0.08491772716948988, 8.888305460695937e-44)
(-0.46863037935218743, 3.856793026291174e-43)
(-0.13594992027433772, 1.049894473714393e-43)
(-0.3939495417542955, 5.971603373999521e-44)
(0.25180548381080015, 1.398330344407551e-43)
(-0.3643815565096558, 5.882097651751155e-44)
(0.04954666029984647, 2.464723795909473e-43)
(-0.40959392342438444, 7.457895626229807e-44)
(0.10072897946133622, 3.3722608942234846e-43)
(0.4661387158817417, 1.1191921854001005e-43)
(-0.31584348725131955, 1.0049938034392383e-43)
(-0.0905842810612436, 6.526824204288552e-44)
(-0.01988017330315197, 3.5726695484429348e-43)
(0.18199004770175356, 5.214177461429848e-44)
(0.20077850630617597, 1.4017780288189814e-43)
(-0.027343627305468028, 2.6104062678022963e-43)
(-0.016670127647710715, 5.362955817577467e-44)
(-0.17307684339994522, 3.683961537916368e-43)
(0.32549332184235386, 3.1125790110130215e-42)
(-0.27248911146028304, 7.997870679748635e-44)
(0.24517529484063527, 4.3980864109496466e-43)
(-0.2467740947912542, 5.732131865841681e-44)
(0.14213803012891574, 1.6022874817181279e-43)
(0.30129109738876847, 1.6609237953064493e-43)
(-0.0851250401441248, 7.309695999843889e-44)
(-0.41527862556026235, 8.980195755493362e-44)
(0.015940971278101217, 6.560135155640833e-44)
(-0.015294444784464994, 2.5626688617310143e-43)
(-0.009247945658065932, 3.4606832432823216e-43)
(0.14297855772255771, 1.2449535061970199e-43)
(0.029766127896465776, 2.1776768839072674e-43)
(0.03730999351855508, 7.293333819391513e-44)
(0.1813358724892469, 5.656105613026036e-44)
(0.43839429251859685, 5.703233195048644e-44)
(0.17900955057769113, 5.671059158463723e-44)
(0.3913133700593888, 5.242945103912852e-44)
(-0.2588402816366952, 7.564320428181755e-44)
(0.10770660345630056, 6.832416587772915e-43)
(0.15258147419390128, 1.444989216951975e-43)
(0.07136653127193165, 5.641310171069383e-44)
(0.2888743501175798, 7.650147104241175e-44)
(0.22078687123395163, 7.039419868226059e-44)
(-0.32886504764650404, 1.2477979105038166e-43)
(-0.047489927867918086, 2.6803187882082856e-43)
(0.16674288620848357, 1.2040788607974385e-43)
(-0.1277136766760807, 5.653995550129693e-44)
(0.38317000421562486, 8.826677144270298e-44)
(0.31532453421198714, 6.355389020339092e-44)
(-0.4748533221137042, 1.7656911034245144e-43)
(-0.04679056726332195, 5.160938268031858e-44)
(-0.4463384538195122, 1.0261041361858406e-43)
(0.36803108531860557, 1.4154521283713692e-43)
(-0.06573911881693136, 1.3195682024735524e-43)
(-0.219737182043011, 3.5001735655220196e-43)
(0.3244265127543362, 1.0358350467052933e-43)
(-0.4321048150790759, 1.5298824158086778e-43)
(0.4174318199987098, 5.800220053442821e-44)
(0.18737086382385823, 8.239991005982125e-43)
(0.1389659690863676, 9.461893807365718e-44)
(0.004447807064490286, 8.349839751872144e-43)
(0.30310282631800733, 6.047741490098638e-44)
(-0.010232149792528721, 2.6004370549387063e-43)
(-0.30094352341265396, 2.029776627859775e-43)
(-0.03622937719376521, 3.4305424280599e-43)
(-0.2537346073871601, 1.017816061435989e-43)
(0.35293667935534334, 2.1082099241389583e-43)
(0.3148119728519864, 8.503117204014203e-44)
(0.08357150785265728, 2.305438033119197e-43)
(-0.27890501172807086, 5.744046558347622e-44)
(-0.3003365700748626, 1.552901828844304e-42)
(0.2983273736273095, 1.228283532018432e-42)
(0.02111169789668401, 6.063823661680236e-44)
(0.4564763806758674, 6.056463498702689e-44)
(0.3774108987135998, 6.687461059142089e-44)
(-0.229446294964811, 2.050528212278713e-43)
(0.25171607470741664, 5.615033985117753e-44)
(0.2968180026343211, 5.163939653620504e-44)
(0.04217118988796256, 6.879057798688229e-43)
(0.46259235391012293, 8.907962979092679e-44)
(-0.4776899415496254, 7.224045876841146e-44)
(-0.22828167629413923, 1.1289627521122631e-43)
(0.15587447853691352, 8.637037783454756e-44)
(-0.34615225729544336, 5.300434702588247e-44)
(-0.06866548837566769, 9.303894129321406e-44)
(0.3322305136481542, 5.121972923388499e-44)
(-0.4743896321440914, 1.3631041494768383e-43)
(0.17799609482401477, 2.994598456606651e-43)
(-0.22054467026469005, 4.724045471943478e-43)
(0.11542878917859972, 5.454086962572401e-44)
(-0.3311388062613235, 6.132352002619992e-44)
(0.2807931460658763, 1.4268585707012304e-43)
(-0.4092060702805108, 7.524780993082016e-44)
(-0.3326814465141525, 1.1748879562838965e-43)
(0.10362854275666024, 5.878956080427702e-44)
(-0.34623204363806837, 7.743854156134406e-44)
(-0.39236490212872466, 6.380891284347362e-44)
(0.11810589490178279, 2.409566762285073e-43)
(-0.2195174592803401, 4.0259441451621374e-43)
(0.23467235804513492, 1.9193564495912096e-43)
(0.33707662922604226, 1.3821532904100578e-43)
(-0.06137772751377772, 5.82309405202329e-44)
(0.29264711944374516, 5.59631469567545e-44)
(0.019841301386957652, 1.3044628558857381e-43)
(0.41699061783762814, 1.108041666946963e-43)
(0.4328964037336303, 8.173402812950074e-44)
(0.464741110901545, 7.316139431142629e-44)
(0.41116896482917076, 5.12395338032343e-44)
(0.18477029011869528, 8.541483967319968e-44)
(-0.37727427163227273, 1.606044511638348e-43)
(0.31038296214418204, 8.171714462180275e-44)
(0.16125537475782553, 1.401553731759811e-43)
(-0.06046513546019922, 1.7372656088165288e-43)
(0.1425687991608597, 7.287809522753523e-43)
(0.2840338459569325, 6.107688747874514e-42)
(0.36355528870142334, 7.268312194324933e-44)
(0.0397100985422195, 8.035588789702323e-44)
(-0.23979756444682926, 5.817416673214307e-44)
(-0.17816562668582298, 2.957305225779718e-43)
(-0.010028813061448002, 1.03054435984741e-43)
(0.31060299263297186, 1.3932132104067416e-43)
(-0.3094562337840722, 1.1202862824767471e-43)
(-0.47492989412004527, 1.0119464122355305e-43)
(0.39856896379211154, 5.779820882607395e-44)
(-0.2001566153757034, 2.3501112894842025e-43)
(-0.22692411562074183, 7.320242783941596e-44)
(0.4834732797276426, 5.689771638025658e-43)
(-0.30561640168068016, 5.736384299310863e-44)
(0.026534612345793077, 1.079998814908235e-43)
(0.1356298003364157, 2.4714290923318803e-43)
(0.11086281316601194, 5.779608146275798e-44)
(0.38309657443869904, 5.646674255957747e-44)
(0.3185755417175442, 1.1452561116274622e-43)
(-0.27193686351010465, 1.1693387566344387e-43)
(0.46245790176701085, 7.951717779889741e-44)
(-0.36999837599196783, 7.215185357833597e-44)
(-0.4095128964865241, 1.0809733924527628e-43)
(-0.130651255082597, 5.93816370821599e-44)
(0.04213804683016451, 3.0797560635934663e-43)
(0.2653145148560195, 8.792267814755137e-43)
(0.1802234065838376, 7.51816097723423e-44)
(-0.4277537096879654, 1.008157890588676e-43)
(0.32438576026247684, 1.2469738924202045e-43)
(-0.2636186862319913, 6.980103630363436e-44)
(0.023285093918854687, 6.410590378395286e-44)
(-0.24725067122361122, 1.083496158889739e-43)
(-0.40227138391107936, 5.860140749049652e-44)
(-0.4703702651950271, 2.721155722278757e-42)
(-0.1983363368714943, 2.3520983920415333e-43)
(0.08092353580679254, 5.572002347509332e-43)
(-0.3621170792756863, 6.343799305911186e-44)
(-0.4660985741704494, 1.3994412122614883e-43)
(0.04238017697063999, 2.0007693520413523e-43)
(-0.3940900784870858, 5.618282432713595e-44)
(-0.4249129633876123, 6.242776330943757e-44)
(0.05979401179410891, 2.4087627556506124e-43)
(0.33487086602944377, 7.806384995951164e-44)
(-0.410946352595259, 1.875665030127176e-43)
(-0.1939260980086545, 2.512621383100568e-42)
(0.06125221909932595, 1.2694926013948028e-43)
(0.3668901590680731, 6.439088627384389e-44)
(-0.3497699092500452, 7.258103961613023e-42)
(-0.09292424215612005, 7.578707672731883e-44)
(0.3687663546460254, 4.704933039109281e-43)
(0.3294835062593057, 1.2626411785177753e-43)
(-0.09190319030019174, 3.8049860231304225e-43)
(0.24493460708370376, 5.50052798642698e-44)
(0.4385879709017117, 1.6619402546415308e-43)
(0.39477875868346385, 9.596894253547876e-44)
(0.11829637546378516, 5.24061122866724e-44)
(0.1701329603005557, 1.3266820610650538e-43)
(-0.17007853591046337, 3.832922760579131e-43)
(-0.005120433859602704, 9.291343930075494e-44)
(-0.1424897163406375, 1.2198023275625573e-42)
(0.3968507681734425, 8.110168217924454e-44)
(-0.46478407039637604, 3.9262494053825654e-43)
(0.2398569938144787, 1.449514866439513e-43)
(0.3521359093275373, 1.716718911167256e-43)
(-0.04842857710849181, 7.72150025512517e-44)
(0.39928988353896716, 3.304805095306967e-42)
(-0.3140638870876602, 5.8778821546396214e-43)
(0.12279734668533498, 9.529692085212424e-44)
(0.08698942258857922, 2.1862407868410994e-43)
(-0.2677097510226462, 6.683121192644659e-44)
(-0.03469643253249998, 1.8069680196734696e-43)
(0.02042222983679661, 1.0115297498122594e-43)
(-0.39290304884726823, 6.145132554565592e-44)
(0.11246591384291628, 7.680416270420134e-44)
(-0.04828692633056558, 3.419618968068008e-42)
(-0.22076083353872494, 1.181207764275172e-43)
(-0.48052449873816006, 4.556095992941065e-43)
(0.2922178767591501, 1.1791930431772156e-43)
(0.06136307729794596, 6.756545897428506e-44)
(0.2389780167626223, 6.922063077731865e-44)
(0.08985265158983147, 4.303342761143514e-43)
(0.2715094621056077, 7.026686450478277e-44)
(0.08885035322039513, 1.4180680921431247e-43)
(0.0010713212213590932, 5.117014265536231e-44)
(0.21152890020529372, 5.47186205252666e-43)
(-0.25519936999344395, 5.234624462180095e-44)
(-0.35076285516715316, 5.674373079352791e-44)
(-0.08367060943011867, 1.935508053762049e-43)
(-0.055531935546677805, 7.050992337242314e-44)
(-0.47025205535004255, 5.119445234934552e-44)
(0.3458442927248233, 5.026278158496002e-44)
(-0.3362000499110968, 7.020023548687059e-44)
(-0.286683935060106, 1.0911176653151623e-43)
(0.04505401257601294, 9.008699035297314e-44)
(-0.48433834753613575, 3.2781355834450086e-43)
(0.37294392607454735, 2.598498041040678e-43)
(0.3168941822971473, 3.1534073895792057e-43)
(0.40893099730887894, 1.6776754451123995e-43)
(0.08166143308394255, 5.474109629514636e-44)
(0.3864159847026928, 1.5884859099498708e-43)
(0.2519971050940339, 5.5033647803510046e-43)
(0.22356663700324014, 1.1335395049323381e-43)
(0.3820974613725068, 1.4372878287876291e-43)
(0.34358785050454355, 7.183895780113488e-44)
(-0.32444447537664217, 6.00428995750333e-44)
(0.48151551711822377, 7.996807625603979e-44)
(-0.00921614641950067, 7.028370784628074e-44)
(-0.28596176564765163, 6.57685843348604e-44)
(-0.0475660845114001, 8.200622477532974e-44)
(-0.3197503472969299, 7.51155506222317e-43)
(-0.3219440783843339, 2.095374817463325e-43)
(0.42619614892332125, 1.4992487235754353e-43)
(-0.037386390590218116, 1.0048313101989309e-43)
(-0.21490415774139127, 4.855633978487131e-43)
(0.48232290718592286, 2.1638767724091193e-43)
(0.22862885778023054, 1.2247714468601596e-43)
(-0.11303061844920895, 4.0726579532476586e-43)
(0.11250170089963815, 2.3448224707926906e-43)
(0.47936959576895466, 2.3912928014713562e-43)
(0.2687359942847946, 1.913377232731653e-43)
(0.3625195403312847, 6.115278253381868e-44)
(-0.45820353945918046, 4.0496761370060005e-43)
(-0.321649047347005, 4.918398552201443e-43)
(-0.15873516823166775, 1.0451590067539495e-43)
(-0.32367979724567547, 1.4525904525234654e-43)
(-0.4915129048720165, 2.1200529313108725e-43)
(-0.28110359095697046, 7.719540875834541e-44)
(-0.4022816273405715, 6.155331355968563e-44)
(-0.03347124766555323, 1.1270831259611915e-43)
(0.0534807501332765, 1.0889291597263372e-43)
(-0.11827097116467242, 7.57883146806675e-44)
(-0.007204620445610219, 5.674166676308001e-44)
(0.11448358390997597, 5.773568917201318e-44)
(0.03619163993375221, 1.6189133516175403e-43)
(0.03179945154516789, 1.3502694090248916e-43)
(-0.08576498809289974, 4.005930212758822e-43)
(0.11289134421702864, 2.1014387093356416e-43)
(0.33611993367152937, 9.590332596990096e-44)
(0.030183324377834084, 5.494985270275878e-44)
(-0.12400981403611476, 5.672906835430368e-44)
(0.1359940507716433, 1.4535702287129396e-43)
(-0.003399988190931969, 8.2378149773289e-43)
(-0.12318030220345977, 3.5132912365874827e-43)
(-0.06612993698506503, 6.282136909892817e-44)
(0.4124728299850038, 1.3814709626752862e-43)
(0.2746063552501754, 5.565295100225947e-44)
(0.08977194683042271, 8.479912816424146e-43)
(0.3232771035269122, 6.35533358871464e-44)
(-0.13711210686009884, 7.254341198790241e-44)
(-0.25320211924914016, 8.628787577902249e-44)
(-0.4622852665768333, 2.451980627739402e-43)
(-0.1483467871150783, 6.55014500642347e-43)
(0.10388930829525209, 5.124803773669115e-44)
(-0.14504162546532648, 1.3965938820656081e-43)
(0.39054580045480325, 9.376924482043857e-44)
(-0.1434756126431587, 7.327113931714423e-44)
(-0.020995556350483936, 2.01842925990783e-43)
(0.4397149396023424, 1.7060826564448773e-43)
(0.007743989470002177, 7.91861371857948e-44)
(-0.1465740468186016, 5.10383549785252e-44)
(0.17750962175603094, 5.453708821722492e-44)
(-0.46398225978758734, 2.438759962760783e-43)
(-0.12793837602242103, 1.3374295137560198e-43)
(-0.44867177935083835, 2.1584857536262558e-43)
(-0.4580799663436556, 1.0828998414651987e-43)
(-0.29778506004010524, 1.7921184410036065e-43)
(-0.36711639040275185, 6.700046989138025e-44)
(0.3763259725900329, 5.0946444607833e-44)
(0.18916497904188814, 5.604352920474605e-44)
(-0.36184664932612187, 3.3151237289882817e-43)
(-0.24732905002769218, 5.395474250058185e-44)
(0.028065977381191463, 3.1200989291026128e-43)
(-0.4723110485963994, 3.796114115276091e-42)
(0.03738143324860393, 6.013304819017679e-44)
(0.32071294273005485, 1.5337334304359528e-43)
(-0.49081018967812745, 8.010769434695731e-44)
(0.22146710264468028, 1.1704233408784658e-42)
(0.28774763689230776, 3.2397473226091814e-43)
(0.31081828651239407, 6.979685006862566e-44)
(-0.3887253638152872, 1.3210110846716358e-43)
(-0.20314734181899147, 5.538239597506923e-44)
(-0.2756604022703115, 2.4203846916957128e-43)
(0.03512727451771689, 9.73965379603908e-44)
(-0.42632970625088307, 1.0179565288108811e-43)
(-0.2606367360243221, 3.8652848113355245e-42)
(-0.38028861414892207, 6.835238796268214e-44)
(-0.19507137415054074, 1.5514814838588986e-41)
(-0.07159579552267221, 1.6409330648938202e-43)
(0.2251235946849142, 7.060727012566275e-44)
(0.042595353711695906, 7.765617762363556e-44)
(-0.4378826053718083, 1.5867728357792662e-43)
(0.08199202511134451, 8.46013205735874e-43)
(-0.4832473034406855, 5.385112496105408e-44)
(0.22949591704434022, 5.045112775863649e-44)
(0.010375873589320276, 3.3223282842566323e-43)
(-0.18912014969803911, 1.3097862455570708e-42)
(-0.2578034298102203, 1.0139773826873205e-43)
(0.39713821469805444, 1.3876423847329378e-43)
(-0.36057129919654973, 8.528254409905495e-44)
(-0.3748658550562831, 1.0757226485699695e-42)
(0.04779854318699469, 7.626438645017296e-44)
(-0.17179766490354823, 4.939037841196539e-43)
(-0.09321022078378757, 1.576053163327011e-43)
(-0.4945907404300678, 5.538675723878713e-44)
(0.05982073813232975, 1.4551571961834863e-43)
(0.20098168808725297, 6.229277444461124e-44)
(-0.4977125498089765, 1.2535513090010836e-42)
(-0.2190653250143168, 1.0588919427915201e-43)
(0.4273533156766005, 1.7529235043317584e-43)
(0.44062704724649987, 8.89113520599271e-44)
(-0.13362506715165023, 5.742514008216777e-44)
(0.4212460257621936, 5.346815218025064e-44)
(-0.4349791076724832, 2.9398340907211826e-43)
(0.10718451586339157, 5.329266358154688e-44)
(0.24376135618578915, 5.372794244761169e-43)
(0.15068303135515831, 5.850421112273103e-44)
(-0.11857578496959076, 8.362247710814742e-44)
(-0.32518373593383865, 2.4603515931446715e-43)
(0.06862291645419699, 5.024075360240303e-44)
(-0.20182393609944294, 2.996805193476327e-43)
(0.32833123952368115, 5.768586226493231e-44)
(-0.10951574286382182, 5.207972240479383e-44)
(-0.42254584282803437, 7.983847724976051e-44)
(-0.3656944447363479, 1.0861001708947148e-42)
(-0.3487265525457326, 6.626493575734796e-44)
(0.39544468246432646, 9.046122262195046e-44)
(-0.2331883872575411, 2.7467163867658583e-43)
(0.44387512229393733, 1.005425046033729e-43)
(0.4008285786200082, 5.265037380122834e-44)
(-0.4973932121254355, 5.699527597331633e-44)
(0.4994765994612963, 9.395463108448935e-44)
(-0.08220056484577141, 2.4214011572929773e-43)
(-0.4634601521881088, 1.1509630939716603e-43)
(0.42838827792813455, 1.2645314668348549e-43)
(0.3331230883833849, 2.7832807982452413e-43)
(-0.32648032029845103, 3.9573816717048115e-42)
(0.3683381387994911, 7.484701464590776e-44)
(0.23461101031384643, 1.0972636743089017e-43)
(-0.484904362452787, 1.8206193008411447e-43)
(-0.126880939125165, 1.4456796050311609e-43)
(0.427959896507206, 1.318667422783885e-43)
(-0.25052018056469616, 5.340109311816883e-43)
(-0.46677218245952623, 6.844201057940739e-43)
(0.41153878789910187, 7.547730087504041e-44)
(0.0730680036075642, 7.469219311178098e-44)
(-0.20474757703811744, 6.670828047387628e-44)
(-0.24579346733563281, 2.6008728946678664e-42)
(0.24777449814913252, 7.549848773291203e-44)
(-0.3433966400784068, 8.171358297724392e-44)
(0.4322105295633257, 9.115936386725954e-44)
(-0.14730902716940297, 8.134390460007979e-44)
(-0.4378085297844358, 7.149103792669692e-44)
(-0.4666131204375325, 8.522087415891678e-44)
(-0.3799365675497038, 9.320950068470163e-44)
(0.09792774366687805, 7.048682380468623e-44)
(0.009639924737461404, 7.521531579126474e-44)
(0.2082815706792739, 9.665895362573217e-44)
(-0.36405773244961365, 2.7381521701761333e-43)
(0.26920161473828846, 8.144396410072109e-44)
(-0.339989845982941, 1.3695916506509125e-43)
(0.06627150100467857, 8.307246398933288e-44)
(0.27487804927990067, 7.734983476447067e-44)
(-0.43044204077447806, 1.308084671165157e-43)
(0.21687243795445996, 1.2703302601243301e-43)
(0.3774004054866902, 1.2767080238813224e-43)
(-0.30625104645630236, 5.222975422462744e-44)
(-0.10037459407213889, 7.303147787762643e-44)
(-0.4324953406607664, 6.977190265534133e-44)
(0.26721997724143204, 6.499340628229276e-44)
(0.15042574748712315, 1.4519696192356143e-41)
(0.3059114516259853, 3.922698208716499e-43)
(0.3834316868126251, 7.940355830631941e-44)
(0.4502526975554501, 5.294181939974148e-44)
(-0.26208854432008327, 3.4539526682616903e-43)
(0.346913380739277, 5.485790524196849e-44)
(0.2586783102850102, 9.668513309173234e-44)
(0.4987282974476527, 5.919447000818485e-44)
(-0.4351372027386685, 7.320123085459766e-44)
(0.0082002142609543, 1.1428928484631043e-43)
(-0.4443318120570044, 6.802526597707907e-44)
(0.17209188788476054, 1.2645821970513143e-43)
(-0.2945245380892105, 7.273797066974857e-44)
(-0.09451155655060925, 2.5306780752970054e-43)
(0.3061098142256748, 2.6775064573429584e-42)
(-0.40941764713331114, 8.807213339554077e-44)
(0.22946481863681784, 1.080664808098814e-43)
(0.34706604523222584, 5.215005894518546e-44)
(0.06466853115869084, 7.304746889050421e-44)
(-0.12336559284385532, 3.616684843580502e-43)
(0.25223028445937407, 1.7644389293236718e-43)
(0.3685043401914515, 6.06784331670077e-44)
(0.26662105477133513, 6.544416888697808e-44)
(0.25291612299119287, 6.00180897675149e-44)
(0.16154348957045453, 1.2202737671169224e-43)
(0.2502085389784284, 7.0546368727057914e-43)
(0.0027668907692996224, 8.237896378003727e-44)
(0.46181014810147725, 1.0972969994134905e-43)
(-0.33837187818409636, 1.0016041781660233e-43)
(-0.47568107952226585, 1.3146104050405833e-43)
(0.14682922752161723, 3.7401530538030295e-43)
(0.22903770208102933, 1.1295403576231901e-43)
(0.036073939631767436, 5.074624327352508e-43)
(0.09574491023045438, 5.206011312789011e-44)
(-0.4625824714251234, 7.26569661355746e-44)
(-0.2629529616635079, 5.916454833748585e-44)
(0.3987719822815768, 7.079276060796155e-44)
(-0.2119171991770237, 8.281538504072706e-44)
(-0.42248542621741225, 5.493491763608173e-44)
(0.26854152648266494, 1.881191177562602e-43)
(-0.2121582108934458, 5.03045407954928e-44)
(0.2680465570728218, 1.8280174371983893e-43)
(0.269521434907806, 6.713127805966982e-43)
(-0.4878837198514533, 7.899324002342145e-44)
(-0.11062553047273131, 1.1178758492346562e-43)
(-0.291357809123162, 7.080402763826441e-44)
(0.45938163438782537, 1.6275696938983663e-43)
(-0.24681100414916032, 1.1597916916185427e-43)
(0.0618531525892492, 7.32059738554263e-44)
(-0.34420984355558826, 1.4413881388189267e-43)
(0.21103632988740104, 1.760119425425272e-43)
(-0.27522438638367647, 7.228364371072053e-44)
(-0.09908248528805084, 6.118032131112338e-44)
(-0.378738646575897, 5.490546855912156e-44)
(-0.010353675330061533, 5.156054175186757e-43)
(0.047339398536401955, 9.311369057010084e-44)
(-0.4552967461033497, 5.872902257550986e-44)
(-0.34863424039458724, 6.719306286667329e-44)
(-0.36077379305168916, 1.7891643593034781e-43)
(0.4480213032917782, 4.253087367177932e-43)
(-0.08711526963757628, 7.0484970140589e-43)
(0.08667872752755171, 9.099759382175681e-43)
(-0.049865392091092156, 7.209264037876403e-44)
(0.13759232611936456, 4.067603887807126e-43)
(-0.31322650313724487, 1.2137379897779613e-43)
(0.345217172033692, 5.910415284500825e-44)
(0.05685351491559078, 1.7447869563757577e-43)
(0.39800271968007256, 1.8677857806443567e-43)
(0.28347550736176635, 6.005062820353359e-44)
(-0.19619806890624014, 8.126500990954527e-44)
(-0.43929520772506125, 1.7800021403419332e-43)
(-0.38116970165401814, 6.099012542735868e-44)
(0.29367372253033297, 3.6386266714954315e-43)
(0.1468898485273372, 6.790157355777909e-44)
(0.23512122103832309, 2.389944047266683e-43)
(0.03300701743569168, 8.653974618282904e-44)
(-0.17787543411286688, 3.1964417982014553e-43)
(0.41460688630145176, 5.292972889901125e-44)
(0.3727685088981722, 5.98017760079047e-44)
(-0.2875500318910873, 5.99310861061658e-44)
(0.41275732521303354, 6.196629483710733e-44)
(0.04825211564601077, 5.453866882850494e-44)
(0.2622099932352004, 7.92740153360299e-44)
(-0.03870204586374147, 1.8085277021967507e-43)
(0.09766541643734653, 5.063398896532457e-44)
(-0.40891001703387153, 5.79411038844691e-44)
(0.45943726603706864, 1.0524118581201484e-43)
(0.10489954662766575, 7.210544685289927e-43)
(0.16172881123120833, 1.593468607795823e-43)
(0.3647222393351448, 1.7584161317653958e-43)
(-0.1429565725795542, 1.6381179456846668e-43)
(-0.002016707830545679, 8.895828142574071e-44)
(-0.2220053023622069, 1.2597620434102957e-42)
(-0.3670977432408564, 7.11263789373448e-44)
(0.426424125106208, 7.346711413302132e-44)
(0.3257157685430349, 5.843098916129585e-44)
(-0.3547187820971824, 1.7747857119866087e-43)
(0.10667969539432987, 2.7128809567107412e-43)
(-0.4345263466832856, 7.296413728585621e-44)
(0.42966089701675514, 8.663516237505966e-44)
(-0.036891938363260136, 9.68229494692683e-44)
(0.41924666665278065, 8.631359099162267e-44)
(0.13997964712778535, 1.1018366602004364e-42)
(0.4999510395402553, 2.23072429821565e-43)
(0.12331615112866655, 3.259414938481635e-43)
(-0.1351952438516758, 5.642023365494132e-44)
(-0.22964421537528698, 2.3174605634383975e-43)
(-0.4453157959026406, 9.467936435241782e-44)
(0.47737541179461623, 2.51220302010449e-43)
(0.20790678226856352, 8.989561932724977e-44)
(-0.10279171842747693, 5.260642828923832e-44)
(-0.13767977857035632, 8.234487820334157e-44)
(-0.49585495150770675, 1.0515611393569578e-43)
(-0.44254279343226877, 1.8634984888009233e-43)
(-0.19945398121765331, 6.544317274850905e-44)
(0.32338542302519957, 2.7334703829344678e-43)
(0.1342765083178133, 6.035212452480509e-44)
(0.17744455134209863, 5.312556752366623e-43)
(-0.008071826879586096, 1.2758795453640536e-43)
(0.43618158787208994, 2.7976558230103216e-43)
(0.02703196998527799, 5.630683599457778e-44)
(0.12444257649559214, 1.7233060016164784e-43)
(-0.2575267746660848, 1.8212526383965843e-42)
(-0.3735179114891845, 1.2917761601957368e-43)
(-0.16755640303572863, 2.056989589171614e-43)
(-0.051434470844541016, 9.466309083873974e-44)
(0.11179898526903272, 1.731463388761362e-43)
(0.1597809667714387, 6.872230496554696e-44)
(0.44274932179791765, 1.1470484480835585e-43)
(-0.3490347882706637, 1.0282624712585733e-43)
(-0.4218257926093171, 6.399947760552977e-44)
(0.3826240424851891, 1.5883406998080413e-43)
(0.2243783687021792, 5.041008383946707e-44)
(-0.2624167052682226, 8.503538770489767e-44)
(-0.11302255052254911, 5.8327939771749686e-43)
(-0.23294642598987472, 8.486357728232219e-44)
(0.24057105388447672, 4.76027220992465e-43)
(-0.3667159782224237, 7.279257690047588e-44)
(0.11269086792761057, 1.4867976022766569e-43)
(0.037935430181883924, 6.073886627063374e-44)
(0.1835050792625674, 6.140404381111515e-44)
(0.44962551917133253, 6.722832555999406e-44)
(-0.12307373693479798, 5.037150087403808e-44)
(-0.0296078661302609, 1.6460175013502114e-43)
(0.3651053518136256, 8.147352542111025e-44)
(-0.07251094063367454, 5.100177868858481e-44)
(0.14276473279678217, 7.059759814699344e-44)
(-0.1911853018150192, 2.2670435833943956e-43)
(0.2183567211671737, 4.344796293690699e-43)
(-0.019906069502499447, 1.7323169521489088e-43)
(-0.47979497211890576, 8.499275690979978e-44)
(-0.27168740939506153, 9.16709700584051e-44)
(-0.14870815441117094, 1.485217819986977e-43)
(0.47434392993572566, 5.564280920122818e-44)
(0.24610759160271717, 6.369750952040703e-44)
(0.23617289278848536, 6.243574400908305e-44)
(0.12254250244059388, 7.249744614668116e-44)
(-0.4419655965825148, 5.723081193784735e-44)
(0.42399722868306955, 6.517571825818909e-43)
(0.18798305906507223, 4.404967067051033e-43)
(-0.45599370736028005, 7.443114204298166e-43)
(-0.21505359747106756, 2.0236999151875315e-43)
(-0.20295156560432107, 3.0430766185881932e-43)
(0.4822499311615152, 6.536599835882792e-44)
(-0.32000422422894204, 5.485311150692723e-44)
(0.40151496096995754, 9.356805794970276e-43)
(0.09198217843325426, 5.115438811150723e-44)
(0.148805301294215, 1.895460766263502e-43)
(-0.3128406274504252, 1.9889364484964758e-42)
(0.2427123433027461, 1.1618340777806495e-43)
(-0.2813816113017057, 6.295899574796815e-44)
(0.3820267771579085, 7.36475206030565e-44)
(-0.4236372264301022, 4.176524312992476e-43)
(0.03382661218074911, 9.494698703936596e-44)
(0.24418529422226784, 5.55952433023144e-44)
(-0.23468680915421278, 6.187697019966325e-44)
(0.03719232079977343, 5.869211865152083e-44)
(-0.11622957675544292, 6.962293381205022e-44)
(0.39785935729692273, 9.375179285191942e-44)
(0.1888459727499123, 8.641051586014996e-44)
(-0.09183756911678911, 1.2831498173346669e-43)
(-0.1488111419209738, 5.288132400630569e-44)
(0.30467374707715705, 1.0392343108531657e-43)
(0.06287258431112673, 2.943405702649206e-43)
(-0.1974620083344243, 2.8719061039485413e-43)
(-0.32640838680455647, 1.816459978262462e-43)
(-0.4824810670021224, 1.1574576467156006e-43)
(-0.2563051290398676, 4.269729944127033e-43)
(0.12852326993575555, 4.574675675158076e-43)
(0.3488873988797086, 1.3528313330624033e-43)
(-0.492923372258301, 9.842338655011801e-44)
(-0.271896126365836, 9.389138882408246e-43)
(0.14470211018821488, 5.31899347792093e-44)
(0.41790452367358644, 1.2407508807821322e-43)
(-0.06074297369911859, 7.158573902241133e-44)
(0.26259923370239174, 8.108714129888028e-44)
(0.2782283372920489, 8.763885821969976e-44)
(-0.007671953319383257, 8.866648936225783e-44)
(-0.2627169647480728, 6.413383580581817e-44)
(0.423723741390314, 8.700933140157214e-44)
(0.3634033440639069, 5.905795649296879e-44)
(0.33220430007151636, 5.405209988514157e-44)
(0.001990789147307194, 3.485515367134837e-43)
(-0.04279925809636555, 2.2266066421401463e-43)
(0.12708494650712143, 1.1416115030947197e-42)
(-0.32337735689690816, 5.917512889813395e-44)
(-0.2588233321535099, 2.1526557904132247e-42)
(0.45332453383108806, 1.52966543782699e-43)
(-0.12458594698002975, 1.5683089069898843e-43)
(-0.25993968228793285, 1.4603895618833705e-41)
(0.09497549242326435, 5.048864309989787e-44)
(0.03724746621147407, 7.691523248057745e-44)
(-0.22553562689466014, 2.333576336410699e-43)
(-0.36420911427885266, 5.151105406179847e-44)
(0.48852793644291564, 1.4891242068929152e-43)
(-0.3173784896286392, 2.7609033420557365e-43)
(-0.0010868680908716936, 1.222639482761661e-42)
(-0.4998068065859619, 5.088839596798186e-44)
(-0.45470257062217073, 6.099053137104317e-44)
(-0.23183187544901065, 9.29006754731676e-44)
(-0.35983475047963226, 1.2602558616218916e-43)
(-0.37821165371568805, 9.940276133931297e-43)
(0.3363014656509807, 6.239638217335492e-44)
(-0.18770716381371955, 3.1973701210133726e-43)
(0.288073962411877, 1.270714457914674e-43)
(0.4437546528608644, 7.202160820535533e-44)
(0.3660153751528028, 1.4673433675559538e-43)
(-0.34948472999169655, 1.776574331124636e-43)
(-0.3295907309565818, 3.0696485513061986e-43)
(-0.41562503006710977, 7.361745431088714e-44)
(-0.3423135425323378, 2.378979577993479e-43)
(0.09224116961196328, 6.956737005814698e-44)
(0.39351167205218196, 1.720932886282642e-43)
(0.4876626388801032, 2.4607977510702635e-43)
(0.08024977620823692, 1.3550812668736555e-43)
(-0.14965231646090021, 1.82333360971891e-43)
(-0.2959353667504188, 1.0532288142205047e-43)
(0.14458804835223305, 5.655644220822635e-44)
(0.1968537721501097, 2.3370184591131953e-43)
(-0.1619539110672114, 1.0947919858322656e-43)
(-0.43041874741345204, 5.651752480936296e-44)
(-0.47707581266669186, 7.172750415039304e-44)
(0.05184532873559574, 1.7732995410312976e-43)
(-0.18377271744033594, 5.571734794863975e-44)
(0.4772717529852574, 3.4448026894612058e-43)
(-0.4012958878457769, 1.7699476399709294e-43)
(-0.30884469380946034, 2.4277381449101753e-43)
(0.016022054161797028, 6.210931134997007e-44)
(-0.3274921039817282, 3.111300901056253e-43)
(0.4966866840160032, 3.7549207674093185e-43)
(-0.1903641566150762, 6.412999626222045e-44)
(0.37811862066312957, 5.082715934593064e-44)
(0.15914043302502315, 4.3256778655624025e-43)
(0.1885602734830575, 1.337625531449429e-43)
(0.1655056851389228, 7.970188523083654e-44)
(0.24456654180264123, 9.77981588840815e-44)
(-0.1644414287198561, 9.617292773592002e-44)
(0.4360648859154956, 8.776383678382316e-44)
(0.2765254924852481, 7.511528982239656e-43)
(0.08287944771911726, 7.489581287473865e-44)
(0.12483627832648989, 5.907361008784707e-44)
(-0.2712151635316604, 1.6001389859181436e-43)
(-0.15920327734198672, 6.934887154236304e-44)
(0.3043827976261397, 5.775584400112757e-44)
(0.36815439285877394, 8.730087668048463e-44)
(0.060941431038680396, 8.952902321126153e-44)
(0.3368341338668996, 5.985801150062784e-44)
(0.0326816622624994, 2.075548897408664e-43)
(0.17434294551933846, 5.929072124298857e-44)
(-0.13505599134731128, 5.349276105065024e-44)
(-0.406072116738735, 5.503171288657794e-44)
(-0.08652070103183244, 1.8138534830328953e-43)
(0.374102586770672, 2.2904680969074078e-43)
(0.3873428267366924, 8.059678894153077e-44)
(0.12623318105932652, 1.07814932031004e-43)
(0.18909335436588037, 6.371784133322133e-44)
(0.36330984951699064, 5.512878768647274e-44)
(0.4275599254977286, 9.336087443813959e-44)
(0.12237443413483237, 5.164019091609906e-44)
(-0.3279034878494462, 1.6384293788977947e-43)
(-0.3366457410676559, 8.861527117260422e-44)
(-0.10069307271246292, 6.257715209026191e-44)
(-0.3663041519113851, 1.1302506373100573e-43)
(-0.2851139036938132, 7.385873622699783e-44)
(0.4941425942120436, 3.1223349427944027e-43)
(0.23631375416300923, 6.550854417411645e-44)
(0.35480238151773175, 7.608309569306503e-44)
(-0.11928925040652191, 9.555371234871733e-44)
(0.003585640738427783, 8.264859957798856e-44)
(-0.1960817429828176, 8.785405057726994e-44)
(-0.36258010199207147, 7.629342652940944e-44)
(-0.38176671753465063, 9.562187348609832e-44)
(0.22351696242779537, 7.938133333296161e-44)
(0.336143091281264, 5.179764214127597e-44)
(-0.3304362692980498, 1.7260201114866175e-43)
(-0.10127144593629657, 1.0061065784167909e-43)
(0.22855299318724806, 1.0027741407542746e-43)
(-0.4022741420754705, 7.258649469035696e-44)
(-0.2835139217257227, 6.739902784529557e-44)
(-0.09299498581028039, 2.3507029805963346e-43)
(0.20834378396149703, 5.489559511868298e-44)
(0.04974977849825416, 6.003886682476852e-44)
(0.2218103563973165, 1.114143676330037e-42)
(0.2990677991486612, 3.6841118161526005e-43)
(0.18803591456023272, 1.0029772781813234e-43)
(-0.11124606210231672, 1.8154146478369745e-43)
(-0.07113376002580837, 1.7180189386331153e-43)
(-0.33144794009511336, 5.921837897350241e-44)
(-0.22860261443133442, 1.011055655770281e-43)
(-0.4351916023159117, 7.444459766862949e-44)
(-0.06047128086311834, 8.927902082683998e-44)
(-0.30598396530258587, 1.1966090239366187e-43)
(0.1903836142461869, 1.1971795033948356e-43)
(0.4494083432858935, 6.665938696101724e-44)
(0.3129651848720376, 1.283979404417978e-43)
(-0.35979682804016483, 1.0882032695061657e-43)
(0.44004168067887695, 2.3122839467564117e-43)
(0.4218614916618009, 1.3758612170622793e-42)
(0.3913755796540209, 6.127655940527586e-44)
(-0.4107839042004279, 6.133992477996677e-44)
(0.25206978597734536, 5.824621004190067e-43)
(-0.48440992559893686, 5.865431517214371e-44)
(-0.46482788245350715, 1.3009265016793338e-43)
(0.07387657172099064, 6.473295192290009e-44)
(0.29710469081051216, 6.333361488008361e-44)
(-0.10215549390296523, 5.725581859416048e-44)
(0.08756675946836538, 2.514510992071332e-43)
(0.3905161506017049, 9.042732063644007e-44)
(-0.21804676484980032, 1.2261595826948289e-43)
(0.42949044252197155, 1.138161651347961e-43)
(0.29416397886582607, 1.0856881891474231e-43)
(-0.3313503429546739, 5.309739733173724e-44)
(0.27999247673792993, 2.1442846239919196e-43)
(-0.35699168331028197, 7.647180769451461e-44)
(0.4458355416321291, 1.5727421612747713e-42)
(0.43639924122723883, 5.894559220592253e-44)
(-0.38699562015384337, 2.0256385560176423e-43)
(-0.23139757394929836, 2.059517280273704e-42)
(0.3984670395073166, 5.194661838839904e-44)
(0.322503586994792, 9.48860813501408e-44)
(-0.039855985624479374, 9.118243018036706e-43)
(0.4325749876387058, 5.940314676862648e-44)
(-0.26977997268452986, 4.348640078123884e-43)
(0.1571649893430607, 6.307439289290756e-44)
(-0.4685046527671378, 2.423376019938046e-43)
(0.24139204617029295, 6.080441717048407e-44)
(0.49093953525890177, 7.899660549168463e-44)
(0.3571272326326869, 2.4256087649398092e-43)
(0.1862971183916737, 1.6183622979240316e-43)
(-0.4624317499735057, 1.2802752626144584e-43)
(-0.2443903764053804, 9.388142338192697e-44)
(-0.4818948274309338, 2.9592703557338962e-43)
(0.3808838855692923, 5.242030878747698e-44)
(0.11632436386757283, 6.97370895969179e-44)
(0.3766801585774158, 5.092821758080972e-44)
(0.3563630101403349, 5.215484124432805e-44)
(-0.056707931439091, 5.463762311614385e-44)
(-0.10553379680996053, 8.35687309496667e-44)
(0.2909652909788209, 1.4891063602685472e-43)
(0.3072428749241755, 1.5522205056580368e-43)
(-0.418071714963262, 9.408244122893011e-44)
(-0.039222593741659526, 2.1740330715793773e-43)
(-0.32970294912536674, 1.4367062094229119e-43)
(-0.3823165536547245, 7.146952022021956e-44)
(-0.23163126685299232, 7.510936203376243e-44)
(-0.009173619134212, 1.214942195074812e-43)
(0.29163393016080463, 1.7810096878085331e-43)
(0.10284018728559102, 2.8443249994439913e-43)
(0.04055638053361925, 1.4719183366975983e-43)
(-0.2724019812163026, 7.473300909189756e-44)
(-0.4653156760682625, 5.946543763384034e-44)
(-0.18487756055072582, 1.324192729389112e-43)
(0.018260272214664853, 2.1091566204076036e-43)
(0.33255490082603584, 5.2005509715884e-44)
(-0.28962463234454255, 1.040579585583727e-43)
(-0.35408206376706075, 1.3442259600548027e-42)
(-0.04694842845217908, 9.600653546794795e-44)
(-0.3779943283518044, 7.398924114615216e-44)
(-0.4508206946890105, 7.240020705544931e-44)
(-0.26096546917687774, 1.5752138438961172e-43)
(-0.006413343573541543, 1.7010009632585478e-43)
(0.33571303660448487, 6.410511453388651e-44)
(0.46591192053082514, 5.55541831589193e-44)
(0.04835200484426046, 1.5001725145527448e-43)
(-0.07954816758186499, 5.801463031408604e-44)
(-0.19016240752658992, 8.237425755715444e-44)
(-0.13036014520903624, 5.286646475292771e-44)
(0.44716378549206354, 6.079436369881243e-44)
(0.25037847785830264, 1.0673078670060322e-43)
(-0.22487056343285614, 6.98460920904594e-44)
(-0.3379619199596281, 7.875301209238871e-44)
(-0.2110490744560216, 6.137055522775096e-44)
(0.054941459209553706, 5.812367083143845e-44)
(0.20231601691185344, 6.67941038276327e-43)
(0.346561495375614, 4.084670897704623e-43)
(0.015746266608915493, 2.2398250578311856e-43)
(0.14640787419634946, 6.654495097081796e-44)
(0.3022168860976092, 1.0762167428526521e-43)
(-0.39162089746757534, 8.42761037148666e-44)
(0.169283120944492, 2.0591306887918e-43)
(0.06574256637835421, 2.5784521815339665e-42)
(0.2706443212909016, 5.208169598375652e-44)
(-0.3022718833611523, 6.071884980914888e-44)
(0.28967067775982314, 3.4653061361121484e-43)
(0.1082112057842103, 7.59399762795937e-44)
(-0.2305270867507032, 1.5886379728094086e-43)
(-0.2643737502396968, 6.564297373115612e-44)
(0.056263502508607274, 3.4934521507190638e-43)
(-0.09810627525660695, 9.446485664252529e-44)
(0.11926767666333771, 2.078696498367276e-43)
(-0.34168900876306213, 8.163936487979534e-44)
(-0.4464135609291849, 1.3085652792116222e-43)
(-0.004993051774328395, 8.549229819021019e-44)
(-0.04281396785683869, 8.976363279028916e-44)
(0.13872005874892898, 1.910860720658807e-43)
(0.16605330843904756, 6.703404002262526e-44)
(-0.17171230962876555, 6.843523066947341e-44)
(0.4293394368645924, 5.128498595121289e-44)
(0.23146170201055097, 8.982814811647159e-43)
(-0.029610107238836367, 5.713888609263087e-44)
(-0.09504722590227511, 1.2425142974663597e-43)
(-0.24059231255991287, 1.6773273600441783e-43)
(0.41769282642591393, 1.1946982214400729e-43)
(-0.4117391939912444, 1.5220338117082129e-43)
(-0.44661525169971306, 1.3324992226419936e-43)
(0.16172528205865702, 5.518280299371139e-43)
(0.3472240566697924, 2.5371655458310004e-43)
(0.25942335846403963, 5.232608857641186e-44)
(0.4441213259850792, 8.543380253481654e-43)
(0.23780427025625295, 1.3061162051947373e-43)
(0.31689164513592627, 1.0118625282279609e-43)
(-0.4142841006606238, 1.272385367766407e-43)
(0.4419662480798858, 5.186807527634854e-44)
(0.14230503414059228, 1.1063520715289653e-43)
(0.39564964371121275, 8.510759828798315e-44)
(-0.04922627132617201, 2.3926027070321386e-43)
(-0.43505412631829193, 5.354150143133775e-44)
(0.2914514284084955, 4.081099738960995e-43)
(-0.37440271304505074, 2.2507057087649043e-43)
(0.18182967145551232, 1.8375478701809252e-43)
(-0.10268798354025001, 6.793272191554259e-44)
(-0.13524158789795224, 9.723308804663504e-44)
(0.12107590948021085, 1.1258203503182481e-43)
(0.3542975994128688, 9.02495980974944e-44)
(-0.3518822466699008, 1.3893821949545285e-43)
(-0.22132407426832723, 7.418575242155e-44)
(-0.00640782231502273, 6.652442797623951e-44)
(-0.46422736937582465, 1.4457850734252542e-43)
(0.07362183486156415, 9.241062461560631e-44)
(0.4990256197464742, 1.0569165740802482e-43)
(-0.4495953206952599, 9.122874792036626e-44)
(0.30441141502676355, 6.713819466406837e-44)
(-0.36422790241538305, 8.917548706030706e-44)
(0.4628219357017302, 1.2903457691165522e-43)
(0.2764175202084479, 8.308187388121151e-44)
(0.3664356425625522, 4.584631010921438e-43)
(-0.49022311634138493, 1.0156431350847292e-42)
(-0.12167522060324205, 6.614185554672851e-44)
(0.32761214143215955, 1.0821419625221275e-43)
(0.08932355986581962, 5.675434371467489e-44)
(-0.2616123148510121, 1.1437802423231313e-41)
(-0.3255055172691441, 1.100768857664999e-43)
(-0.29508633962263214, 5.913469539659769e-44)
(0.06712837694797776, 2.110581018223786e-43)
(-0.47432197164640133, 5.108782688157042e-44)
(0.3580670207229163, 6.976089589241283e-44)
(-0.3329958365342526, 5.72164451691167e-44)
(-0.41287521739947275, 1.5262450320267203e-43)
(0.4161702328832735, 9.497099907229824e-44)
(-0.017588261553946653, 3.5338612570811777e-43)
(-0.45504877042759734, 4.9542524484027916e-43)
(0.13611405543930727, 1.2139534215485234e-42)
(-0.27819043356998063, 5.754364482570776e-44)
(-0.3167843260777847, 9.080220584617208e-44)
(-0.33774688501810207, 2.0621266416087265e-43)
(-0.33977620330817604, 2.450944147499259e-43)
(0.3774121071964098, 6.465697879366213e-44)
(-0.4377675319694122, 7.568186874250838e-44)
(0.19540572909995868, 9.757495140978273e-44)
(0.2739405719578526, 4.560113516071836e-43)
(0.4506356367359713, 1.5043355803499684e-43)
(0.07476231662071972, 1.1905701579872394e-43)
(0.4724892051297767, 1.9152866545328033e-43)
(-0.2018472640942278, 3.439411821311609e-43)
(0.04843231126013208, 6.988785191768241e-44)
(0.06644268838506467, 9.566294592997476e-44)
(0.276205241947042, 8.433891809728052e-43)
(0.054734029380894854, 3.3021515813404443e-43)
(0.26309058119464335, 6.064288506330407e-43)
(0.005754156027694932, 1.6496683845425338e-43)
(0.1996002584971347, 9.066652335094308e-42)
(0.2931850819290514, 7.951961450739853e-44)
(0.11502959378811153, 5.188681480604142e-44)
(0.019040201212656347, 2.4643695132399516e-43)
(0.14358912249685296, 5.61152407538826e-44)
(0.46268434283974524, 6.940393352053201e-44)
(0.025356201145589948, 5.639647279299309e-44)
(0.3635694149513834, 6.205667724006865e-44)
(-0.43896071952592675, 1.814220699013695e-43)
(0.44405789328309875, 7.420923733595214e-44)
(-0.18133721229284908, 6.532439154690093e-44)
(-0.44439169355646313, 5.546317792404872e-44)
(0.023203650580481107, 4.390694511904794e-43)
(0.4051447572889898, 7.497829427127922e-43)
(-0.15389577572463078, 1.3866078357697687e-43)
(0.3396722756160772, 5.986740081991701e-44)
(0.06606243323467931, 6.386876573333195e-44)
(0.14854469458515682, 8.542847297249455e-43)
(-0.35740408810487745, 1.3484786693938523e-43)
(0.06251233669750512, 7.123306632588382e-44)
(0.04800242004285985, 4.761258852498356e-43)
(-0.3112557149884216, 6.480937934579395e-44)
(0.16678879077836617, 7.703097135029115e-44)
(0.48566308177114653, 7.55031968637146e-42)
(0.483923918884168, 1.2651074560424435e-43)
(0.07724757897482128, 1.091668012722865e-43)
(-0.248543176808465, 8.599735181166281e-44)
(0.20294536612247063, 5.632507317694273e-44)
(-0.3189403259004042, 8.190550863376452e-44)
(0.14376222527875288, 7.747642870221323e-44)
(-0.49554726133395516, 1.005525658160346e-42)
(0.3467035022603002, 2.6145602132983786e-43)
(0.05969248586350306, 5.621659723363601e-43)
(0.014186759841685556, 9.78960488112849e-44)
(-0.3531580108325073, 2.714702778183236e-43)
(-0.445729510742505, 9.501341051450977e-44)
(0.09080632292767911, 9.230593616167251e-43)
(0.2157951466486971, 1.1588513185048087e-43)
(-0.0580259373228958, 9.86620218483717e-44)
(0.11236350208036956, 7.821705065424792e-44)
(0.2868945954290345, 6.220659571977369e-42)
(0.0030766469653748015, 8.653149009319328e-43)
(0.1413041946373148, 1.357453804982379e-43)
(0.38768536826421396, 1.9522565972725783e-43)
(0.24352238532859635, 6.075393117666032e-44)
(-0.394542698087209, 5.932339187791469e-44)
(-0.12486178545580255, 7.463456244263706e-44)
(0.16967280015180344, 5.370722266733755e-44)
(0.05313818311929714, 7.060003264341638e-44)
(0.3881701675166575, 2.4123865433196072e-43)
(-0.09039794102080186, 2.1625550671318682e-43)
(0.45452146118124764, 8.430743272108293e-44)
(-0.3778071145309988, 8.290851412155487e-44)
(-0.23624714289850368, 5.705405435396776e-44)
(0.32228288640009034, 1.2533466745501461e-43)
(-0.328286046415018, 1.5277235674624656e-43)
(0.035331233011664166, 1.2308472472747433e-43)
(-0.3584989943278394, 6.464947718336847e-44)
(0.48916545291302854, 7.897699791940804e-44)
(0.3841863057703218, 2.7462216470467744e-42)
(-0.41038327784819806, 1.1884415406244961e-43)
(0.3879513224597249, 1.5328040148329009e-43)
(0.16252387523535328, 1.3811567866349365e-43)
(0.19923140916251078, 5.452553563999835e-44)
(0.29759106345106184, 1.716843628388472e-43)
(0.38062571895373604, 6.557663943549649e-43)
(0.27692674868700135, 3.634773675848555e-43)
(-0.300785202363411, 7.33786589890786e-44)
(-0.15594082612031757, 2.017978166819546e-42)
(0.33550918964575116, 1.0470627782438494e-43)
(0.3643923122848314, 2.882844630094907e-43)
(-0.16778736283918894, 5.925079439702627e-44)
(-0.03913066981274039, 8.76527641573922e-44)
(-0.38422643813937574, 1.2379466979183536e-43)
(-0.0257788012322252, 6.164805233013471e-44)
(-0.3233880709690437, 7.397623568656421e-44)
(-0.3053409514398838, 9.403966718096553e-44)
(-0.2143048156767013, 1.881956264914154e-43)
(0.03578672543440598, 9.863612067433002e-44)
(0.22600192159427568, 8.052795939163182e-44)
(0.41044772934987117, 7.616485970126828e-43)
(0.3093875882934272, 8.969477117026478e-43)
(-0.24469645230891865, 6.975541353240637e-44)
(-0.019295975112232182, 6.838221188424591e-43)
(-0.1108304025001978, 6.65204957746231e-44)
(-0.37640796666068177, 5.066210682615553e-44)
(-0.1448801688782763, 8.795588897798508e-44)
(-0.11906143965398606, 1.5771452564865602e-43)
(-0.17117767354563276, 2.1058678134631406e-43)
(-0.39970214452934416, 7.411276564461511e-44)
(0.3199235695471169, 8.533466649885172e-44)
(0.2685300337422296, 2.980159983355189e-43)
(-0.39173969569908385, 2.187041090336573e-43)
(-0.44640713388902564, 2.3032385770158406e-43)
(-0.16136711053198255, 1.0923062135035149e-43)
(0.29376304535091463, 1.0429666007398365e-43)
(0.14441086348477208, 5.334373906291331e-44)
(-0.1836294005367611, 1.3535779746049705e-43)
(0.12294708486148107, 1.5081530427802362e-43)
(-0.12478589657005638, 6.250748539970451e-44)
(0.26700510250871556, 5.554457915991901e-43)
(0.3727566131352389, 3.630191643212921e-43)
(0.022822167004237472, 1.3114693449738962e-43)
(0.35059102789088004, 1.050838905820654e-43)
(0.14739418529901507, 7.912523958952577e-44)
(0.3237890924818151, 1.2384318282301471e-43)
(-0.30955523858026834, 9.60862673774195e-44)
(-0.16909683638451178, 1.0769225981951165e-43)
(-0.32530049209704154, 9.268068608364618e-44)
(-0.3995046227830584, 1.1413808198563089e-43)
(-0.2706723735514413, 5.115628468015822e-44)
(0.015190999144842765, 1.5197676142124619e-43)
(0.45631630377743976, 1.4251415176555106e-43)
(-0.07137113985426073, 6.357054042566512e-44)
(-0.3549387836975404, 1.421582193240651e-43)
(-0.09244905579446051, 5.280177324544901e-44)
(-0.4202188216595115, 5.162364736410549e-44)
(0.17423515222784425, 1.281458433142545e-43)
(-0.021676239742460166, 3.4157554479492518e-43)
(0.339521132640482, 1.8201089499551243e-43)
(-0.39551344304988545, 1.6068492553098114e-43)
(-0.3989011418547068, 1.4284691619569843e-43)
(0.033850560037698936, 1.6586589332956372e-43)
(-0.12940612654535497, 6.026734017363649e-44)
(0.3295360552832629, 1.2491399875870285e-43)
(0.04505326299818019, 5.956447061390217e-44)
(0.35881243609986607, 7.721505229721543e-44)
(0.25541458848131426, 8.309217461238715e-43)
(0.12803383224696388, 7.207809495711607e-44)
(0.09478490340084518, 9.356073556503192e-43)
(0.3436478017769605, 2.8180276377468443e-43)
(-0.11325439947830343, 8.355121030773562e-44)
(-0.2422292250025072, 6.2613683632995235e-44)
(-0.1760365449654362, 6.79689178256208e-44)
(0.40636825719262076, 1.7569168230364366e-43)
(0.3818342997152157, 6.913099731631334e-44)
(0.050194295860238804, 2.3521232030361958e-43)
(-0.1538352505696123, 5.421902084414716e-43)
(-0.42451253278901235, 6.878113159828899e-44)
(-0.09135192165715501, 6.936092239644078e-44)
(-0.13297643691853997, 5.72872340705922e-44)
(0.29392407188674824, 7.393596439176972e-44)
(0.3615495511984887, 1.247204606409743e-43)
(0.4517546189158539, 7.11107449264701e-44)
(0.28686384646273494, 1.1550100339580072e-43)
(-0.16252210057491795, 9.926246918016785e-44)
(0.4118515723497592, 5.17261539985771e-44)
(0.4025854819060226, 1.0096941543181998e-43)
(-0.1362800008499622, 4.6185287308390986e-43)
(0.3663707456137379, 3.5079967593129865e-43)
(0.05001139201196088, 2.6206896747600658e-43)
(-0.19444377507633234, 8.725645222087864e-44)
(0.16344861505673963, 5.067005896979962e-44)
(0.03023570214193338, 1.1902785133639356e-43)
(-0.06261785581550491, 5.175237800052935e-44)
(0.1296843116161842, 7.332505379812746e-44)
(0.280221537900407, 7.27212914868294e-44)
(0.08668678592832535, 5.094382898784789e-44)
(-0.22881571456512653, 8.990265011768072e-44)
(0.4257102337343396, 9.815917709584386e-44)
(0.2614366601313731, 7.656168031272721e-44)
(-0.33807143642217025, 1.7252605906649888e-43)
(0.2070213218185228, 9.653362952116737e-44)
(0.021594101012486547, 8.807236351845255e-44)
(-0.03151719117113445, 2.112670018249057e-43)
(0.0189781922500913, 5.497540183683752e-44)
(-0.27537169430810926, 1.4460120383762953e-43)
(0.08391257765320571, 4.942179882914204e-43)
(0.272069659266097, 7.402673783878156e-44)
(0.21194928588964365, 2.0078699254719293e-43)
(0.1542614024293977, 1.3354267370990808e-43)
(0.10976912953679271, 5.880082532364699e-44)
(-0.1739846714642122, 3.4595969390888453e-43)
(0.0576876331088958, 8.37871970631201e-44)
(-0.315473082549717, 1.3781390478455104e-43)
(-0.25020066942385, 1.2497800349141544e-43)
(-0.19832698548695007, 6.050447283820077e-44)
(0.3050228282561923, 7.288886245216916e-44)
(-0.2949178245686422, 3.2949284987144977e-42)
(0.45895440839603263, 1.0480377615932555e-43)
(0.3209721275584405, 1.7802392148267513e-43)
(0.2547198446781309, 3.4276394761074595e-43)
(-0.2807240318620191, 5.15233658345602e-44)
(-0.2675024617178916, 6.112306848447771e-43)
(0.45960413924655436, 1.2431836130211053e-43)
(0.018269615245898787, 2.6389720288462865e-43)
(0.09403899753839007, 5.878299561211284e-44)
(0.3651597086501613, 9.72112111701454e-44)
(-0.479233613212027, 1.0992840858088632e-43)
(-0.14958287523920924, 8.538861796091145e-44)
(0.12907772065376605, 1.0430435216830977e-43)
(-0.4540968990361602, 1.1768691824419954e-43)
(0.46765107235222036, 5.157146447307085e-44)
(0.3564074519165936, 9.124096249548567e-44)
(0.1308402313469973, 1.5795306934232845e-43)
(0.09983802183956933, 1.8402457969184675e-43)
(-0.3964710267620134, 1.9218432808967545e-43)
(-0.18735470040689892, 5.419299720261562e-44)
(-0.40096989957677825, 6.227870728825461e-44)
(0.38700460570513523, 2.2941227717377528e-43)
(-0.3178489064535296, 6.339086642523403e-44)
(-0.2950110696135988, 1.1697213382616511e-42)
(0.07495252457497321, 5.282422003835017e-44)
(0.2938471608217299, 8.068371684069252e-44)
(0.37562886036237003, 9.2727026754827e-44)
(0.2704462711861441, 1.2580908222716312e-43)
(0.3679505627567534, 5.933203050210792e-44)
(0.46557498743464615, 2.178904671663357e-43)
(-0.031964132894628454, 1.1888693195024743e-43)
(0.11221759261106577, 3.8762618567246655e-43)
(0.2652660860498006, 4.40296768171249e-43)
(-0.485021790585589, 1.5176150240401918e-43)
(0.19461155786648324, 5.89035224744761e-44)
(-0.36342205507906966, 2.9255728905384305e-43)
(0.012662535010068426, 1.0805462457909938e-43)
(-0.4553500315091056, 2.968962791074833e-43)
(0.4879073617937269, 2.081845077010714e-43)
(0.10925951931240437, 4.50920727126959e-43)
(0.43026511315699867, 8.173347519494928e-44)
(0.3639075436829249, 1.1472267804264078e-43)
(-0.11527867384392917, 1.2448432174804127e-42)
(-0.2796448454974665, 1.1137010695737984e-43)
(-0.3150735073051817, 6.382358402856985e-44)
(0.3270664697727178, 3.623817226647396e-43)
(0.19565641219673197, 2.846279861631837e-43)
(-0.036610840777627364, 7.30730230592638e-44)
(-0.37464706408842785, 8.053493500905911e-43)
(0.11957652445436065, 6.905987357738197e-44)
(0.20803325413911558, 5.763751046851363e-44)
(0.11737632770477396, 2.1183004093599033e-43)
(-0.38652692222702606, 7.21703546930982e-44)
(-0.17477055353784654, 1.1049416224285064e-42)
(0.33594502579215296, 1.9315023431902494e-43)
(-0.354178529363015, 1.7712332943554665e-43)
(-0.17857865286348523, 6.146084867271034e-44)
(-0.38662737001020214, 1.2585390748247664e-43)
(0.10372694661653663, 2.443931327793372e-43)
(0.0029184231803925553, 6.584552066137296e-44)
(0.18708018425747833, 1.1078176720162222e-43)
(0.492053886655241, 2.2383241431005874e-43)
(0.08822252801354477, 2.3048846984375267e-43)
(0.492990781994937, 7.823976193602523e-44)
(-0.4295177580553283, 2.3874912765773905e-43)
(-0.2046366541825049, 1.582960309965749e-43)
(-0.21388340355821966, 1.2059409220690912e-43)
(0.13939713752690577, 9.62107564808421e-44)
(0.2672844605195497, 6.919638665428639e-44)
(0.10943508075122584, 8.740913185798616e-44)
(0.43150045927538083, 8.282252779422444e-44)
(-0.39333289863291343, 6.892318463589277e-44)
(-0.3937282007012626, 8.997610302094434e-44)
(-0.3241289901396591, 1.0116752270150092e-43)
(-0.38243817960899906, 9.40062645656656e-43)
(-0.18948088911459282, 5.501931669699133e-43)
(-0.4687490942728492, 1.7968850907653286e-43)
(-0.43202552781746845, 7.308751128509294e-44)
(-0.46481451884742375, 1.465603330702632e-42)
(-0.2326881072057633, 5.458215111700717e-44)
(-0.11104038602411324, 1.4458129953032629e-43)
(0.05783574135034337, 7.225108810247695e-44)
(-0.2604975192101686, 6.175776390738492e-44)
(-0.38176664686802264, 1.6147836662377795e-43)
(-0.3202465436265174, 3.5095488486009056e-42)
(0.4156713226067171, 7.702746472331117e-44)
(0.3075294855359702, 1.794247139426457e-43)
(0.002048350359536329, 6.305378697782482e-44)
(0.060353076004200965, 5.455547522670193e-44)
(-0.16943536502251422, 1.313949576275787e-43)
(0.18119953412181314, 6.017196958075744e-44)
(0.011712698894829135, 1.1730538533081193e-43)
(-0.11469429474272638, 8.825132038517555e-44)
(-0.14325547290434384, 2.3193015875166934e-43)
(0.02276817168046056, 2.552993022232058e-43)
(-0.23358181453142396, 7.358866962521437e-44)
(0.2421940940545825, 1.6016285300760443e-43)
(0.3668135505343006, 5.899944232769474e-44)
(-0.03161404983069842, 5.070257068726912e-43)
(-0.09441539329628473, 5.103551118358407e-44)
(0.29626959253137436, 4.254640053669015e-43)
(-0.042762671140831376, 2.263324643499159e-43)
(0.04344137690822973, 1.6876103602413937e-43)
(0.08815602252312627, 1.3376034631264415e-43)
(0.39723004924500965, 1.3245547768054298e-43)
(0.29283361934582885, 8.605642362382556e-44)
(-0.0641068480630625, 1.0087547635461123e-43)
(-0.19850024395830654, 2.990220016871203e-43)
(-0.37299392295901607, 8.36688807240297e-44)
(-0.04074149912072132, 1.9627347134742306e-43)
(0.47906955274451274, 2.9398097201747726e-43)
(0.11199585134249347, 5.478702011086624e-44)
(-0.28458906300066916, 1.886876375374786e-43)
(0.211319401273144, 1.251855186661649e-42)
(0.21125184562880914, 1.1882395136675765e-43)
(0.3838832155372886, 1.165638326548694e-43)
(-0.45526529563201334, 7.882425264668474e-44)
(0.35851548702515, 6.812209403062247e-44)
(0.14513466567380226, 1.0295804158894843e-43)
(0.2323738060143199, 8.383264659970492e-44)
(-0.23004778206623894, 5.268049544810634e-44)
(0.17543361894636197, 6.360809943207243e-44)
(0.03876727396045606, 5.991043036632149e-44)
(0.4786506027993125, 8.225963679239498e-43)
(-0.3565842488691682, 6.487669935844896e-44)
(0.3521072808073529, 9.677574830022335e-44)
(-0.4026547397762883, 1.5645935985393346e-43)
(-0.012610862850778838, 9.68119031137466e-44)
(-0.40547856720809766, 7.1771177610786e-44)
(-0.4858627192630736, 6.364987306846489e-44)
(0.34677692222791523, 3.0429348208702276e-42)
(-0.21738011888982656, 1.1280922056342444e-43)
(0.3591680247038612, 3.1865780981675788e-43)
(-0.030246965790403875, 9.426662753494934e-44)
(0.4679418732007983, 5.607487913606155e-44)
(0.020728015518145865, 3.0131276533256146e-43)
(-0.19504624091948553, 5.157663962145524e-44)
(-0.05467356551424009, 5.559829228641486e-44)
(0.0752882619419812, 6.184851160553649e-44)
(0.08311203702686562, 5.444965623398906e-44)
(0.36583314240699377, 9.815707632121298e-44)
(-0.32992023931965603, 8.884746685886272e-44)
(0.2191472136347119, 8.608912563682885e-44)
(-0.005301973701453773, 8.483021828031064e-44)
(0.1799970333148222, 8.811950097928505e-44)
(-0.304610309786861, 5.496884347559486e-44)
(0.2543654145239944, 1.0714309780037573e-43)
(0.045770819429212475, 6.318851681207579e-44)
(-0.29492122590170317, 5.389566979147839e-44)
(0.42905365852515903, 8.205093719399201e-44)
(0.3714745671184862, 8.784689119381673e-44)
(0.33885772947061843, 5.96849116160204e-44)
(-0.04422886577857923, 1.2354676169503208e-41)
(-0.3004128142203552, 3.4909053193947965e-43)
(-0.10086145636050299, 9.414442145283494e-44)
(-0.45908615989638824, 1.0412467246227858e-43)
(0.0853686285461315, 8.398426722087936e-44)
(0.08288768785455115, 5.981313386578777e-44)
(-0.027433397415778205, 7.194208968692644e-44)
(-0.08341623281770905, 3.488103665084225e-42)
(0.09719219686171682, 1.4266001300219985e-43)
(-0.03984369225899467, 5.045877604447731e-43)
(-0.17096682275924255, 8.21700153250064e-44)
(-0.23425652870153085, 5.03127142400904e-44)
(0.46380161457578817, 1.7812933786604486e-42)
(0.14097885472842137, 1.075822089720113e-43)
(-0.2562404309019453, 6.138302620210466e-44)
(0.3058694746023382, 1.0873151368133067e-43)
(-0.3305549855035904, 6.015159495233432e-44)
(0.3813282328812526, 1.6114637455333972e-42)
(0.2622795374660531, 1.79997788715015e-43)
(0.29563801674844103, 6.355045237092814e-44)
(-0.01734953961444327, 1.058920154731973e-43)
(-0.46277629898516254, 1.1777804711650167e-43)
(-0.39277405893282646, 5.068566811148665e-44)
(-0.32932026111276475, 9.95340070611539e-43)
(0.04153960127356777, 3.961751167284775e-42)
(0.026722383938336283, 1.9664917165326783e-43)
(-0.2104179945382212, 1.5646525631885746e-43)
(-0.3026237635638917, 2.4921950124336628e-43)
(0.4129033754151873, 4.773601808592034e-43)
(0.3818009858832507, 5.628162378171543e-44)
(0.4930551034306884, 5.724790617312365e-44)
(0.4749475222810275, 5.159777352060543e-44)
(0.4174969844043279, 2.4065279941695946e-43)
(0.3794429102814809, 2.624505284559621e-43)
(-0.47292143622440874, 1.5375819651611106e-43)
(0.1597434658454121, 5.5542135385064585e-44)
(-0.278154585000372, 1.2233608836048893e-43)
(0.3031812483654806, 3.889606115528986e-43)
(-0.13114446910047914, 1.5358995169452929e-43)
(0.3612828785423218, 8.001827347169174e-44)
(0.0431733712362244, 3.350162213285358e-43)
(-0.09891782514731012, 1.1510591809968757e-43)
(-0.10587428521013341, 1.1612560815725412e-43)
(-0.03018221138550896, 6.490299018028807e-44)
(-0.012970934392980697, 5.067986823224848e-44)
(-0.2613346196631441, 3.840620600985941e-43)
(0.24800036737642828, 5.358932207418732e-44)
(-0.105866219842869, 1.1572143366999217e-43)
(0.3517678815905269, 1.1475294004752878e-43)
(-0.3338546034954055, 2.1800542527097947e-42)
(-0.14129634737483457, 5.826427737047497e-44)
(0.06148656148963215, 5.351820715821487e-44)
(-0.4783458225682172, 1.0677008769473788e-43)
(0.0536164130978672, 3.459398746089041e-43)
(0.05931870929283153, 6.95294444912806e-44)
(0.25489826940973725, 6.103236156395847e-44)
(0.039325493225477265, 1.8065576264572692e-43)
(0.33744199168698097, 1.189061565963491e-43)
(-0.3486293930377926, 5.15634052382791e-44)
(0.10128117573462438, 8.974324479996502e-44)
(-0.44165826945101083, 7.539092390867792e-44)
(-0.4757041164620616, 2.974583183967405e-43)
(-0.3658327190651763, 5.685291598192383e-44)
(-0.32030411383054014, 5.522062122437728e-44)
(0.48818532810404003, 2.665410252474425e-41)
(-0.23298540371132737, 8.662704371801867e-44)
(-0.2498588155681006, 1.1281200197618655e-43)
(-0.06071443443044678, 1.463678388447101e-43)
(0.30935286549968705, 9.65432326514331e-44)
(-0.2665941701922966, 1.0489974681686825e-43)
(0.35166869983685795, 1.285361857525281e-43)
(-0.39586353950825554, 3.3726742001323923e-43)
(0.2404762354717379, 1.2006454740397502e-43)
(0.0748722306523428, 1.5273307177187141e-43)
(-0.44095667676701383, 6.8020883270612665e-43)
(-0.3113705929858217, 2.5527590409029387e-43)
(0.2702898273899229, 6.677753946581682e-44)
(0.1685025156590519, 9.285992133316061e-44)
(0.4918111191139535, 1.1999388961146586e-43)
(-0.06887034887208665, 9.00181000376442e-44)
(0.18951585864579953, 2.8753057890425002e-43)
(0.3163573972093288, 1.8799967304339896e-42)
(0.09481640237688603, 9.387758993232791e-42)
(-0.17010845951919615, 5.71004275925831e-44)
(-0.0885995180519306, 5.675955273440412e-44)
(-0.2724624580215628, 1.0722475241838539e-43)
(0.4240437470986909, 1.1930743072434373e-43)
(0.4819412628526798, 2.94616991696755e-43)
(-0.4442293888452156, 1.8608697751068905e-43)
(0.16937105903841704, 6.11758738649291e-44)
(0.2605781054305285, 5.162241341601218e-44)
(0.04778239306038823, 1.172110991268538e-43)
(-0.342414695019237, 1.0992148828085233e-43)
(-0.42774044362251984, 1.3322295347423322e-43)
(0.0960644058306344, 5.175003538969662e-44)
(-0.19431680254555822, 3.542586506092735e-43)
(-0.23506193327083458, 1.4769377220442298e-43)
(-0.03523630744546618, 5.179487597133468e-44)
(-0.2816282917801265, 5.685991712742392e-44)
(-0.12919034526760126, 9.350887039227883e-44)
(-0.3176137433458868, 7.05703902841989e-44)
(0.11138696812575631, 5.533610466219893e-44)
(-0.1385873698837146, 5.723563269623088e-44)
(0.13499747749987795, 8.908138991481494e-44)
(-0.4750305989445797, 5.301790445085141e-44)
(0.14404991194986286, 7.795056275375562e-44)
(0.38538241048443406, 9.360925182661702e-43)
(-0.3480162243604479, 9.402936925395678e-44)
(-0.3568754294916181, 4.10035591340197e-43)
(0.4101175889301053, 1.282777222792508e-43)
(0.33337616063583225, 1.0649072820873955e-42)
(0.13649272602519802, 8.693457085315707e-44)
(0.25038027667657586, 4.752917523878329e-43)
(-0.3337811375946841, 8.422328404202377e-44)
(-0.06995162513744135, 1.3942465385849695e-43)
(-0.32973124784581265, 7.692563694732404e-44)
(0.15020384395859002, 6.509504983324428e-44)
(0.25559133304030085, 5.173464680994814e-43)
(0.29658971400459017, 3.71358098798817e-43)
(-0.10819205962467834, 7.7010665295276e-44)
(0.30946650825982314, 6.224479843478498e-44)
(0.27847659613683534, 2.4405824128556714e-43)
(-0.49829676725368094, 6.032485375953926e-44)
(-0.023695964805132273, 6.841428211911079e-44)
(-0.15746131150283435, 2.4945326788882843e-43)
(-0.19800039461255198, 6.13777176991538e-44)
(-0.38272942329432874, 5.524270307259539e-44)
(-0.46704761661174393, 2.797174808259061e-43)
(-0.02423529739226932, 2.0114120266931914e-43)
(0.32303672644859155, 6.745909287432523e-44)
(-0.326680986549845, 8.171027582004102e-44)
(0.4877996696832185, 4.203980443733558e-42)
(-0.382430700911837, 1.1868187712992105e-43)
(-0.2507352647517417, 6.205599707652143e-44)
(-0.12765635778022325, 4.021153210584245e-43)
(-0.16217832659574144, 1.2949787230065615e-43)
(0.3123297335768852, 1.8322975597198953e-43)
(-0.20876218645726108, 4.9711764548703235e-43)
(-0.39418731536385226, 5.84668807147884e-44)
(0.3405663945452891, 6.647844315865723e-44)
(-0.3427925979880134, 2.503777272665498e-43)
(-0.3256357550211908, 1.6052853566670273e-43)
(0.4783111860344832, 1.252846872166894e-43)
(0.21474975417313752, 7.784954548851147e-44)
(0.3043554297583137, 1.986846177354987e-43)
(-0.04352827914536461, 6.7388483356951036e-43)
(-0.1290240459562064, 5.189625439987397e-44)
(0.39109977453536393, 5.017133109557598e-44)
(0.1281904122738272, 5.17866962060124e-44)
(-0.277450392299161, 1.0079033243142875e-43)
(0.3724206606614074, 9.882641241939967e-44)
(-0.0413016121674812, 1.648611836989569e-43)
(0.28997949444902493, 1.7196045720755657e-43)
(0.21077044122113675, 1.4420508571948584e-43)
(0.11819936632818699, 1.4565160402298262e-43)
(-0.4196499547352336, 6.142287318563948e-44)
(0.41335182212281174, 1.4870807949599246e-43)
(0.17389425149930446, 2.622506618021273e-43)
(0.057802243888203264, 6.431599312667463e-43)
(0.004081718425025345, 7.08727365504223e-44)
(0.20927837038515446, 5.970783810381786e-44)
(-0.4175512603687759, 3.040282097378583e-43)
(0.060449311628995674, 4.051166826361986e-43)
(-0.3175321964872345, 5.096477372350371e-44)
(-0.2247567363511665, 6.885161949252828e-44)
(-0.49569282491296274, 8.862121839298479e-44)
(0.2675637316523057, 8.374284666002832e-43)
(0.06743416427049753, 7.680709412480518e-44)
(0.27746272787298343, 3.582288760498713e-43)
(-0.39674595045402855, 9.128697033669323e-44)
(0.12296990867075976, 7.971217085544933e-43)
(0.24363557692859633, 5.274869574959678e-44)
(0.09325960931053238, 9.73697298149634e-44)
(0.4255163710981627, 5.299988064294422e-44)
(0.31736833134239356, 4.2372905725171796e-43)
(-0.37350232769268604, 7.997693024496262e-43)
(-0.24108069709801375, 1.214545877462815e-43)
(-0.23652135805143493, 6.12206469874813e-44)
(0.2004883187141576, 6.13994096241453e-44)
(0.2889190058316701, 6.8385526933229e-43)
(0.4747689227390841, 2.018560014058759e-43)
(-0.1454680373928751, 8.589581429387164e-44)
(0.31809231279542016, 1.516168862250455e-42)
(-0.0067123255082210155, 2.92407805857804e-43)
(0.4424379723459793, 1.0683582592040871e-43)
(0.03602332470243797, 7.992772114787015e-44)
(-0.40288139412114454, 1.2231088876404038e-43)
(0.1905237884250777, 6.529839917909057e-44)
(-0.4904393817882409, 5.8445681570064194e-43)
(-0.40211029889125177, 5.406526891339298e-44)
(0.25912159492104575, 1.789301796156973e-43)
(0.44508376109011155, 6.527247379342469e-44)
(0.3261317984233018, 1.2226155338879627e-43)
(-0.0757714118086063, 1.0372908955077692e-42)
(0.008799181773885695, 1.1782280695409801e-43)
(0.03609178776229445, 2.166394680431211e-42)
(-0.04889984299841136, 5.503069075749909e-44)
(-0.27827055587894606, 8.740320053014198e-44)
(0.4533127966547452, 2.029459663040026e-43)
(-0.0848016522096008, 8.751207981902079e-44)
(-0.03618967178204563, 1.442730596452313e-43)
(-0.4973277313603308, 7.970718669013562e-44)
(-0.49349392125902386, 6.637149516993895e-44)
(-0.22560637654415577, 7.429957759742583e-44)
(-0.2183433240394709, 1.466241819290063e-43)
(-0.27174450871309636, 2.318879740091138e-43)
(-0.04175916884995178, 6.322078249217899e-44)
(-0.15647542183614627, 1.125683073150383e-43)
(0.2629397634849703, 1.2788985375250867e-43)
(-0.4335201191118524, 9.272097772156189e-44)
(0.1779207578603596, 1.8084771278740788e-43)
(0.2674506603550915, 5.296236899485395e-44)
(0.2464651822159641, 6.180818203002921e-44)
(-0.11307497688612068, 1.5445046012174614e-43)
(0.09396193930872068, 2.6103975919840416e-43)
(0.19523677167640313, 1.2736800720907479e-43)
(-0.18931408105464578, 9.690878097337519e-44)
(-0.4494594725039253, 7.5916338966143e-44)
(-0.03249748225673726, 6.131937237205027e-44)
(-0.22713944965516206, 1.3389981039342152e-43)
(0.40168260770118586, 5.626146146510178e-44)
(-0.47294666017457376, 2.4873090640832214e-43)
(-0.24316820140751372, 6.375386510972167e-44)
(0.25381281514518816, 8.789655160484203e-44)
(-0.3991292156427539, 6.263376215032562e-44)
(0.21150614265358428, 1.231204267642997e-43)
(0.17085844110134865, 1.3574909555075507e-43)
(0.04453303884576825, 7.736142536986378e-44)
(-0.4836162053557235, 5.727108107106198e-44)
(-0.39659285004722605, 6.194537168339057e-44)
(-0.22262735672643516, 7.245297311484897e-44)
(-0.3458141298990597, 1.6853332736417757e-43)
(-0.15201207812417358, 7.454840857107801e-44)
(0.32070191693479616, 6.369692954078286e-43)
(-0.06044509017129592, 9.085519183665836e-44)
(0.440609851329735, 5.735069211041699e-44)
(0.4725306794881204, 1.160764790430658e-43)
(-0.49412699513577496, 1.1046833146341502e-43)
(-0.10669650394095516, 6.869302539005747e-44)
(0.32636921442666056, 1.0347888530176903e-42)
(0.361312389981623, 5.666787397495011e-44)
(-0.05272347823136937, 1.0054852442143085e-43)
(-0.3921721166385095, 6.747067488530752e-44)
(-0.38423402260118095, 6.838270899723657e-44)
(0.031900349639685806, 6.298430451624614e-44)
(-0.40233915579898943, 6.335962896215047e-44)
(0.2126309283154271, 5.848017732170857e-42)
(-0.36130588076849757, 2.76462894491757e-43)
(0.1404866403349208, 6.330353665851858e-44)
(-0.05884260468855571, 3.3316258056042554e-42)
(-0.18686027990154133, 5.52009497770885e-43)
(-0.4191891245180126, 8.049052463668097e-44)
(0.020424512631771596, 2.267276299434364e-42)
(0.4210068837097962, 7.860415822560613e-44)
(0.3199092337754743, 5.667992130534568e-44)
(-0.007862783482557598, 7.354630982331602e-44)
(-0.20699065222022117, 8.903550362040315e-43)
(0.3266355154003118, 1.2057966745854987e-43)
(0.21071672841981964, 7.601553990316283e-44)
(-0.03992330143286822, 6.051467262767391e-44)
(0.4582437922522417, 1.176443931441956e-43)
(0.13341316115351934, 7.401417466349515e-44)
(-0.030188078309023997, 6.677058934617732e-44)
(0.41866226944382723, 5.973746717970688e-44)
(0.2736130785211486, 1.2088344682856107e-43)
(-0.2527905946799902, 6.82514341734868e-44)
(-0.4668842518558697, 7.299486209634882e-43)
(0.09861540646570897, 6.228105102600644e-44)
(0.1324791051998903, 7.744011673316904e-44)
(-0.3700311049698693, 9.884513356130693e-44)
(-0.08240984111014944, 6.38751041835846e-44)
(-0.11930196367988487, 1.1257837330689037e-43)
(0.11364586764544993, 9.629337685247403e-44)
(0.1551840156649127, 9.417530372927672e-44)
(0.12447739214423206, 3.1113957880671087e-43)
(0.28272273149415666, 1.01429420702363e-43)
(0.25662176564934236, 6.027426345187613e-44)
(-0.1779287000366527, 1.614278222207726e-43)
(-0.05319968891243338, 1.3883880982609488e-43)
(-0.027807393596266, 1.2763535558265155e-43)
(0.4401388883027008, 2.1768928349543545e-43)
(-0.45729905534564236, 5.887945115536204e-44)
(-0.16092557882444494, 5.926696292387187e-44)
(-0.3013475931832326, 5.549329682044569e-44)
(0.3868191579941269, 2.6525053731957508e-43)
(-0.032287142007682554, 5.981321440673614e-44)
(-0.2781393945014553, 7.083332879857207e-44)
(0.4985153745117149, 8.161396858380066e-44)
(-0.32248157603854355, 1.2688048515939369e-43)
(-0.10552792766906864, 2.137394951934648e-43)
(0.20284691189313667, 1.7173278860828794e-43)
(0.10325345282070814, 4.619771604789946e-43)
(0.43266217907375715, 5.675850070065838e-44)
(0.09079160198067919, 5.745711727497492e-44)
(0.14269093521033024, 7.346322218515058e-44)
(-0.35756653450036396, 9.00052657098388e-44)
(-0.17031675634342472, 1.8240075322085235e-42)
(0.1842475869536415, 5.41071519530121e-44)
(0.2126612057865023, 7.856066734069575e-44)
(0.11455947076446062, 6.547789229274274e-44)
(0.2516946586642123, 1.645227566735398e-43)
(-0.38046241847374784, 8.197615514373431e-44)
(-0.4017236876629708, 6.615086496335749e-44)
(0.23069229947219946, 1.0383222994150018e-43)
(0.3957954532750363, 5.164419078447876e-44)
(0.4084181732293668, 1.0323439999670341e-43)
(-0.41817313336644035, 1.0299666523326984e-43)
(-0.04819026663285358, 2.734377359518463e-43)
(-0.47545326313637165, 6.199333547830409e-44)
(0.21799915787795854, 1.2260446782207963e-43)
(0.4299320507955533, 2.4989913675609518e-43)
(0.4236170904762232, 1.4223643281233732e-43)
(-0.12329715763246428, 6.253227547649813e-44)
(-0.12163727051035976, 5.1894033797951695e-43)
(0.16636908106905648, 5.332496172656415e-44)
(-0.18040081308888764, 6.822260466292407e-44)
(0.1480659306238528, 3.7320028847020386e-43)
(-0.4193221997024174, 7.294893173216048e-44)
(0.32168998909877977, 5.067378717217552e-44)
(0.3207869994584156, 6.047583530564559e-43)
(-0.38754251746969337, 5.466886110907066e-44)
(-0.17640504109282643, 6.833815013342062e-44)
(-0.4100129009761723, 1.3515335246507412e-43)
(-0.3769123224689342, 1.1187145707949657e-43)
(0.18966624943378588, 4.936701022118323e-43)
(0.20599015345080293, 6.805090813668142e-44)
(0.05585860549149111, 1.896983357834262e-43)
(-0.10861865869047509, 6.954223396960165e-44)
(-0.43061116557781176, 1.6328564865702658e-43)
(-0.3822050621837617, 1.7123946924186328e-43)
(-0.22360674184205453, 9.694391335295578e-44)
(0.09553283296750592, 1.0931668404624096e-43)
(0.3897420024646612, 9.659402325646459e-44)
(0.09405457242732038, 1.1759229599651882e-42)
(0.4516529032234248, 2.437371993947007e-43)
(-0.43615526893660994, 1.4182209542053836e-42)
(0.18715567255149593, 3.0424021620263016e-43)
(-0.40685481624213526, 3.537947651392715e-42)
(-0.20354379230815733, 1.5345470697078905e-43)
(0.35847253978169413, 5.361242150118439e-44)
(0.16356420756384563, 6.936593189591607e-44)
(0.07308243648094319, 5.062926671790893e-44)
(0.048120695515502576, 5.992631698172648e-44)
(-0.35781952715130105, 2.255264717914748e-43)
(0.49574303496885647, 5.459313858459324e-44)
(-0.07212248370431285, 1.3278182544316982e-43)
(-0.2540734767596418, 8.607405419340187e-44)
(0.20806263811048725, 2.2873324680815238e-43)
(0.362349857745807, 9.080851399553746e-44)
(-0.1137209589226411, 2.5727078143207075e-43)
(-0.1433352783723199, 5.694363578485122e-44)
(0.46674122144011493, 1.7491078649233582e-43)
(-0.2898899562597788, 5.562420677579591e-44)
(-0.4307550121617109, 7.170783835615682e-44)
(0.026849723284915937, 8.695300595511598e-44)
(0.4136967128890191, 7.935856271145618e-44)
(-0.3029567030109054, 1.1783529924508898e-43)
(-0.40265910662813986, 1.5777409182913708e-43)
(0.174057507475096, 6.309130759460188e-44)
(0.15733108687500752, 3.569066193936439e-43)
(0.16487561467964956, 6.072819136758789e-44)
(-0.31901267936054717, 4.2732630795248854e-43)
(-0.02469956447025374, 1.157779993297226e-43)
(-0.12079201977411634, 5.028365006926921e-44)
(-0.06511256907495351, 1.8854592113324513e-43)
(-0.42967058811757797, 3.893985258950467e-43)
(-0.06529178467517129, 6.293671421320864e-44)
(-0.3966824003640841, 5.428680185394484e-44)
(0.2996711565977613, 9.624942652752315e-44)
(-0.04319979565406987, 7.817856808600786e-44)
(0.029069174966917015, 1.0451469119611412e-43)
(-0.04929909960316052, 2.147383166519425e-42)
(0.41689199630597673, 9.723542677778789e-44)
(0.26361746713725903, 5.933153906581499e-44)
(0.3235557728128285, 5.941541912248963e-44)
(0.4889259332517866, 8.168991967480295e-44)
(-0.1425990480891845, 7.526716205646353e-44)
(0.43139051030237663, 6.4824042701271e-44)
(0.3756842434782646, 7.64675303036643e-44)
(0.4473630347598708, 1.4505547177055917e-43)
(0.09148644513387054, 7.608069319645278e-44)
(0.1980877053318064, 8.099156557768724e-44)
(0.2576876327666701, 1.029535563722402e-43)
(0.17146710316307293, 8.778498253162064e-44)
(0.1099546726098318, 5.781570036446438e-44)
(0.014819135927484356, 8.667141725891873e-43)
(0.2345011152785167, 5.554497650060972e-44)
(0.004246702781979119, 5.940784448115261e-44)
(-0.48487523083779954, 6.617888438054859e-43)
(0.2281917224894347, 5.518408304206158e-44)
(0.17101046080234444, 1.9812760826188543e-43)
(-0.43595779170073024, 5.589055743011296e-44)
(0.07568524745378116, 1.044644998579615e-43)
(-0.09047353537410055, 8.084326741125822e-44)
(-0.13894871650484883, 5.4122605195675505e-43)
(0.01805338792092481, 1.407872501165894e-43)
(-0.09249397576670815, 5.552883288040246e-44)
(-0.4820038238861126, 9.49010514279643e-43)
(0.21809590307818694, 2.5939457864296474e-42)
(-0.46016848695703855, 5.573286756275107e-44)
(0.16926761649765398, 2.182531375380635e-43)
(0.33855899526519395, 1.4388052958396247e-43)
(-0.3523641187729189, 7.005972601785766e-44)
(0.15933224727493966, 8.561366572951262e-44)
(0.47776827526908877, 6.73292164545756e-44)
(0.39225359864274967, 6.912330223108084e-44)
(-0.016199056665258355, 5.703471152185918e-44)
(0.03543077513398627, 5.971847547262659e-43)
(0.11807261296528064, 3.0391011307615574e-42)
(0.16255647917739752, 4.769658515778086e-43)
(-0.10111197521561961, 9.379049451079421e-43)
(0.42369937002590957, 5.562860640835702e-44)
(-0.4528548402780043, 3.1445274906428718e-43)
(0.4884647267324343, 1.361068070740263e-43)
(0.3999252290840672, 8.97509401617896e-44)
(0.2762582976104186, 1.1280958223326029e-43)
(0.04050539926227191, 6.447075083811341e-44)
(-0.3665071930817128, 6.090861678159458e-44)
(0.2725635344579605, 5.223476893117307e-44)
(0.30708836512683196, 5.022449022462852e-44)
(-0.38123829579459434, 1.2569363725092765e-43)
(0.47746899750488997, 1.0336301612943338e-43)
(0.3227069369556526, 2.6213818711037853e-43)
(0.13983626063934237, 1.3834029329125263e-43)
(0.3635344684945355, 5.559505059562249e-44)
(0.16470319870773129, 1.7287153614294285e-43)
(0.1725456651719181, 5.333604393663763e-44)
(0.36324286014919865, 7.479451805597275e-44)
(-0.3379619657463902, 5.202937221866777e-44)
(0.07446556068689815, 1.137371886231614e-43)
(0.3395195592782959, 8.518796046796571e-44)
(0.3294373843661747, 1.6177801627005816e-43)
(-0.24756286907124372, 1.9729599555621918e-43)
(-0.22275684354044623, 7.708493198464232e-44)
(-0.16372221993559782, 1.4832725681444999e-43)
(0.11890895854979491, 6.261882904596251e-44)
(0.28866989704731794, 8.204255768806167e-44)
(0.31292430669479476, 7.402655047956593e-44)
(-0.11037765375786672, 8.200869156974487e-44)
(-0.005051663190329863, 2.375317961470571e-43)
(-0.4974953334266356, 5.995177143357691e-44)
(0.24458090207001112, 5.197806296188282e-44)
(-0.3075183912906498, 1.2962999411521169e-43)
(-0.030509026245613205, 3.8144110659460724e-43)
(0.14490535780822297, 4.468688690516491e-43)
(-0.33278014569834447, 5.959379656903226e-44)
(-0.2560981144142099, 7.959079419745552e-44)
(0.41615542429730823, 8.412711389002543e-44)
(-0.22461225495475234, 1.4252943026980968e-43)
(-0.23338744008251883, 5.782999877038622e-44)
(0.3442820896462592, 1.1185206198754204e-43)
(-0.05230552655962995, 5.810075715000598e-43)
(-0.3414471507364098, 5.640770962458517e-44)
(0.12124359420174599, 5.998615725295978e-43)
(-0.2912831092682273, 5.56790556882451e-43)
(-0.46948799327794677, 1.7296141776911545e-43)
(0.17476974403337794, 7.876690373728317e-44)
(0.011768116057694875, 6.331799286424382e-44)
(-0.33022742516121917, 1.9664010110459056e-43)
(0.2480208338246922, 6.850496413496044e-44)
(-0.09095527393205075, 5.38782606275005e-44)
(0.2557594795491974, 7.410943093130064e-43)
(0.4185322082227555, 6.034076971240041e-44)
(-0.13192450532210806, 1.301829051322397e-43)
(-0.27065156533853607, 1.1722297610079576e-43)
(0.44617668025312474, 9.520650325346192e-43)
(0.2912227329594713, 1.045681332409516e-43)
(0.26712480592404647, 5.195899348870608e-44)
(0.4145023194176943, 1.9407973624895126e-43)
(0.33798925466712865, 2.488130163147e-43)
(0.32338975008785287, 1.7803757900040476e-43)
(-0.22421116146602707, 1.6479204796228893e-43)
(0.03417351482651461, 5.290337676183523e-43)
(0.3046442013315776, 1.0523749536655294e-43)
(0.09220361345752226, 3.893995990255506e-43)
(-0.380758172335444, 2.2329861364317695e-43)
(-0.07469720675031936, 5.089559921631547e-43)
(-0.4102194442903991, 1.5319417164022035e-42)
(0.4954084789701037, 1.239379054911728e-43)
(-0.4625237682872893, 7.061717278523664e-44)
(0.06496947552521469, 5.021393489436594e-44)
(0.03729175883693142, 2.0903706268619325e-43)
(0.34222927903985156, 5.319937674490783e-44)
(0.35502246879700183, 4.106855461264903e-43)
(-0.28174362094099276, 3.764410695047278e-43)
(-0.11323645117396469, 1.0990840020563794e-43)
(0.12239953598312626, 6.296615953740975e-44)
(-0.20983747346596987, 2.21836559130244e-43)
(-0.032857210417813226, 6.434414732810948e-44)
(0.37961040051109035, 1.535963327913345e-43)
(-0.2979376053460726, 5.713031473801899e-44)
(-0.35192241906994853, 6.421421948064707e-44)
(0.08490333069335547, 6.321447289329534e-44)
(0.2441786216605977, 9.340370977830381e-44)
(0.14094686628204453, 3.59221582796177e-43)
(-0.2568553076525294, 7.992505908598735e-44)
(0.441959157111025, 1.0558932542269773e-43)
(-0.1674795430065258, 5.674712601577802e-44)
(-0.40222218040167595, 9.324808507837145e-44)
(0.21120932736985604, 3.056734018962363e-39)
(0.0011775329689927977, 2.9681994811797457e-43)
(-0.156812398583092, 8.418029230519164e-43)
(0.3308406579258068, 5.316991913312961e-44)
(0.25138658874814845, 7.022402491955203e-44)
(-0.11358727391362367, 3.3080502280266867e-43)
(-0.38725966519181076, 1.30085660178229e-43)
(-0.005290802554151751, 6.674308172647463e-42)
(-0.4263153371513831, 8.920327117468861e-44)
(-0.39205543944912236, 7.622120446090707e-43)
(0.4660714888087709, 5.549482252973524e-44)
(0.06729292751765234, 6.5177398753754395e-43)
(-0.3466029295634998, 4.773309783949859e-43)
(-0.3911683584912803, 9.609056490775105e-44)
(0.031261100732973675, 7.672627460836952e-44)
(-0.20278268993578924, 1.7374895511242939e-43)
(-0.3129573755607054, 2.483987831685696e-43)
(-0.4043982040189164, 1.1965060735363331e-43)
(0.36741367678108783, 6.058505374950278e-44)
(-0.20334230248485335, 5.689311160850529e-44)
(-0.25898580543698696, 4.037380489998463e-43)
(0.11999278187170827, 6.625468029405501e-43)
(-0.12110183422451064, 8.436482042143171e-43)
(0.09851804891576459, 7.047837768554443e-44)
(0.07620788660586017, 5.617689879812159e-44)
(0.303433080562127, 9.626231799871099e-44)
(0.4792883793068216, 1.6112424346893736e-43)
(0.378911192736483, 1.6586936609339368e-43)
(0.4413547522174062, 5.512467638807097e-44)
(-0.3910410824226038, 8.217971453667778e-44)
(0.451666455674032, 6.019302510544169e-44)
(0.06458567246823932, 1.4298072579903504e-42)
(0.4247635348958447, 5.386197789384653e-44)
(0.482562704886671, 1.8785495603967774e-43)
(0.12050949057075903, 7.130672810320273e-44)
(0.17033660524650782, 5.311697094828028e-44)
(0.26587871061815943, 1.056362473184946e-43)
(-0.3889431849598984, 1.197064638047092e-42)
(0.12010128561125621, 5.705744235236311e-44)
(0.42852132128378945, 6.632533252310202e-44)
(-0.1604889703603243, 1.099002384748361e-43)
(-0.08690901905733478, 5.606909379856399e-43)
(-0.22697388715948685, 1.0388401279438538e-43)
(0.22739417411615087, 1.2125282056221628e-41)
(0.2855299571016785, 1.5745739009260308e-43)
(-0.39545599606275966, 5.8033457409356715e-44)
(0.36691533940109206, 1.315845828146791e-43)
(0.3754624388115421, 5.869845084718525e-44)
(0.46718109694150634, 1.2800620162621416e-43)
(-0.3408176107278425, 7.93662339583714e-44)
(0.12083575390510104, 1.3648835892293346e-43)
(-0.1286515059579994, 1.6148894365997365e-43)
(0.4930646047511172, 7.985847768535965e-44)
(0.23694388896970645, 6.566840774291063e-44)
(-0.20663113636556693, 2.075087550826482e-42)
(-0.4247742917525536, 1.0077284056673731e-42)
(0.1705783310281743, 5.601905831679211e-44)
(0.08394512397818393, 1.2356424198256285e-43)
(-0.19700995554959608, 1.806501328966863e-43)
(0.3672525861950701, 9.313864301175751e-44)
(-0.4933464450312186, 5.38139976131977e-44)
(0.23786130175165854, 5.061245554853403e-44)
(0.44175546952033096, 8.545282460807077e-44)
(0.14436552162140834, 5.536394253430031e-44)
(0.07541195901821297, 4.219460731699815e-43)
(-0.0690106136897754, 9.277529661642965e-44)
(-0.30717462934411927, 9.410248941081161e-43)
(-0.46466358970589416, 1.0855491245345473e-43)
(0.28865734112757874, 5.885658721909045e-44)
(0.4663223281533589, 8.567736785147167e-44)
(-0.3186841604053415, 6.310942773077521e-44)
(-0.2459368789592197, 5.3223791149757546e-43)
(0.01861596587344493, 8.611865851807226e-44)
(-0.4291619330073475, 3.530477823670294e-43)
(-0.4671077242419144, 9.96645775988989e-44)
(-0.2791574112997029, 5.410333536338264e-44)
(-0.07999463867945944, 1.6440355025413038e-42)
(-0.025845446242484423, 5.604741506809657e-44)
(0.3894652739358053, 4.5913311031158536e-42)
(0.469693472911904, 2.629677894521388e-43)
(-0.32629474890443233, 6.912362600129029e-44)
(0.35181790346864705, 1.911438266601887e-43)
(-0.4559183846826164, 8.7803902939547085e-44)
(-0.38101331461731774, 5.486435697721018e-44)
(0.46463689001068315, 1.0696870376227424e-42)
(-0.2737581824591982, 6.040787211531507e-44)
(0.43503769440473977, 1.0224057877821095e-43)
(0.38090841168513523, 5.184658764815157e-44)
(0.369617000743895, 1.1180163992901367e-43)
(0.2645754245304908, 2.2368556670496724e-43)
(-0.27801541130801666, 5.817425061712193e-43)
(-0.467365113542094, 5.615268182417384e-43)
(0.4642848310135245, 7.003527100039417e-44)
(-0.08548940614064221, 2.1721430349076498e-43)
(-0.2258417306609634, 2.8384750441965234e-43)
(-0.2726571078394602, 6.648468465131722e-44)
(0.19418055598377726, 7.727615884770925e-44)
(0.28782735530197995, 6.194595880959601e-44)
(-0.43286666212275515, 6.105313334204158e-44)
(-0.4454134247587601, 9.797002024701214e-44)
(0.2144444113990672, 8.380055297774771e-44)
(-0.25723817759104695, 9.653093940582904e-44)
(0.21158073796531904, 3.927639552868605e-43)
(0.36485366130867875, 1.1082140530068442e-42)
(-0.439812869365004, 2.085878179328143e-43)
(-0.19931381458219524, 5.763915114002995e-44)
(-0.2777398138927905, 2.7857559912862487e-43)
(-0.47018655294262984, 9.87719115697519e-43)
(0.3018684046675007, 5.737369521874769e-44)
(-0.13882965767763503, 1.3112139317030205e-43)
(0.14942912973179662, 7.602009383226377e-44)
(-0.013832610320942304, 5.037492066409769e-44)
(0.3780719723184168, 7.472719949094396e-44)
(0.008923163067751228, 9.739432188625377e-44)
(-0.03314372819145211, 1.2702679637580096e-43)
(-0.2705040932152498, 5.560938895274127e-43)
(-0.0314711782897981, 5.033799072238056e-44)
(0.493426086706598, 1.4824342803621296e-43)
(0.17854350990392065, 1.3035491561986927e-43)
(-0.4286833455489632, 1.3508490088262288e-43)
(0.04492883750380372, 1.0606130389954195e-43)
(0.13034090681660152, 5.186079748375141e-44)
(0.05326117646592629, 6.71468283737007e-44)
(0.06161350006833464, 9.495389447004632e-44)
(0.043028501829784425, 7.145073090872638e-44)
(-0.22304629648481428, 5.679615659212991e-44)
(-0.27892767418012604, 1.4123440244189596e-42)
(0.2325029976360112, 3.2413273939840133e-43)
(-0.4268486664512961, 7.638092766983417e-44)
(-0.30410945015309543, 6.244024740749096e-44)
(-0.2718453645990577, 5.246979273537703e-44)
(0.03076451686379158, 5.209341883680814e-44)
(-0.45419263236721374, 1.0987564583877653e-43)
(0.2995293640499945, 9.564073836003487e-44)
(0.18331482493257242, 1.2774474613325234e-43)
(-0.11384555694652412, 5.476246781008629e-44)
(-0.21064647572175152, 1.3607496276893451e-42)
(0.26412922215573054, 1.8561772446580754e-43)
(-0.4402941783010887, 8.040211948346897e-43)
(0.26447271317688587, 6.100282374528883e-44)
(-0.19816531893650075, 2.1557731824981846e-43)
(-0.004263282840958104, 1.483380263619898e-43)
(-0.08670307605208963, 2.113723360708285e-43)
(-0.22956160979300136, 1.884595395954155e-43)
(0.2692124020003887, 5.069262196429575e-44)
(0.4823331858468254, 8.09545196103688e-44)
(-0.08151754131313638, 8.050543169444965e-43)
(0.19348539743075827, 1.7459699153395471e-43)
(-0.3696086130803859, 6.2217391559619e-44)
(-0.17523514473473925, 5.776323287275894e-44)
(0.3739821408156728, 2.8643377499648874e-43)
(0.21173951358549842, 4.646790059468431e-43)
(-0.2776615242952755, 1.6044334741949831e-43)
(-0.2043828755600513, 6.303292183085083e-44)
(-0.28657904164725717, 5.2418294970182645e-43)
(0.30814209320954583, 6.873085509831829e-44)
(-0.13708187399250546, 4.645172797541711e-43)
(-0.07677152347898318, 1.1075380236838588e-43)
(-0.48628900497930083, 5.406607821706179e-43)
(0.20810835577953868, 7.238982699683639e-44)
(-0.15612463504990012, 5.90389862702527e-44)
(0.3271952906516426, 3.715362964407097e-43)
(-0.05173492755841094, 5.692823338310754e-44)
(-0.48281339237971954, 2.747085802402531e-43)
(0.2950725868007034, 5.529779219607495e-44)
(-0.2260929172989783, 6.658504710846008e-44)
(0.11180284169422311, 5.440794285862711e-44)
(0.2828146701636837, 6.660850864276673e-44)
(-0.2502514142026523, 6.6681739280053154e-43)
(0.20232678337571922, 5.334690605830582e-44)
(0.33261387329433156, 4.580659542675948e-42)
(0.08429536903465557, 7.694707487337232e-44)
(0.12640633175722485, 5.805866375506006e-44)
(-0.316348709085219, 7.560496011184267e-44)
(0.32348364737079016, 5.056298613718718e-44)
(-0.011898199265036885, 9.456570511070596e-44)
(-0.08600493138306745, 5.79008424546852e-44)
(-0.20241202983679835, 4.0239391884407606e-43)
(0.12230373086899105, 1.0492649801021505e-43)
(-0.04226516944425857, 6.80852896489259e-44)
(0.17063261434020513, 1.387781013472846e-43)
(0.034239190073251345, 3.340236645325625e-43)
(0.29077700143655816, 7.44249277939125e-44)
(-0.20643259497919636, 2.8227828853345953e-43)
(-0.45976844873108275, 6.753335964878288e-44)
(-0.20407902899587244, 1.2801760577381184e-43)
(0.36067834832668233, 5.149846617387604e-44)
(0.17662689485484784, 1.5431354553322214e-43)
(-0.20588194094513781, 8.30644140978939e-44)
(-0.44328241030901105, 5.649093658345982e-44)
(-0.2067902817434317, 6.652898385686073e-44)
(-0.4947954520956857, 5.090330824570298e-44)
(0.23438874223777445, 4.591499604734213e-43)
(-0.48695503498170656, 6.198046078461653e-44)
(0.16822831506942934, 2.9587730511423083e-43)
(-0.3474041762452402, 6.640368872824209e-44)
(0.3071505223352243, 4.087514165244788e-43)
(-0.3672339115044426, 6.766341121608686e-44)
(-0.22995848678619035, 8.299601753916419e-44)
(0.4878963415882158, 7.176887574517615e-43)
(0.39596544637268544, 2.3968680648188363e-43)
(0.08968366743810571, 9.373047381089883e-42)
(-0.2726834764668931, 2.476122806506442e-43)
(0.4127972474097733, 1.51815822221437e-43)
(0.23230367881631356, 6.693292490970283e-44)
(-0.24311421741354317, 1.7524533102741543e-43)
(-0.1272518918893601, 3.3016239404893554e-42)
(0.3373694049817974, 1.0273681927278398e-43)
(0.4514315144972227, 2.97594357862116e-43)
(-0.051118587683152625, 9.987590281044267e-44)
(-0.13893987693161092, 1.4254741339978956e-43)
(0.07722599057407326, 5.449076608298212e-44)
(-0.47114871676703, 1.9164672561841248e-43)
(-0.3599419264588481, 4.150296467661866e-43)
(0.1435995891410712, 6.937897548270781e-44)
(0.16026439563790085, 1.821003514145383e-43)
(-0.030638700378253086, 1.1572146972394444e-43)
(-0.3445067576879909, 7.144127285670423e-44)
(0.06927708235411435, 6.148590266160841e-44)
(-0.18274995705889216, 1.963006708486266e-43)
(0.03178862312059066, 6.746682071051576e-44)
(0.38750367921933027, 2.5320978205837413e-43)
(-0.18981059835738004, 6.601967450390586e-42)
(0.19352235488427746, 8.87252000234336e-44)
(0.4868406138634165, 7.622767862054554e-44)
(0.4680571956585744, 1.4284139764441539e-43)
(0.46314700387062646, 1.9972003541733004e-43)
(-0.04420312576877831, 1.7644989778434772e-43)
(0.27995273744383087, 2.230396425466395e-43)
(0.4951089590850147, 7.091224213062734e-44)
(0.05880071918748364, 2.66239313436398e-43)
(-0.1402730983907354, 6.425270816490996e-44)
(-0.2871589666178323, 6.81710261968794e-44)
(0.4329522871559536, 5.534437223870655e-44)
(-0.18113683830007496, 8.613778102776229e-44)
(-0.005605652916950812, 1.6127375564921988e-43)
(-0.11594764978266626, 1.3372917982891078e-43)
(0.20035207682503953, 1.1199720690646153e-42)
(-0.09231378427252086, 6.120805374236857e-44)
(-0.16323900787269943, 1.726628458367627e-43)
(0.3974097559431224, 2.4165301532483585e-43)
(0.4989186620401964, 1.289772934804057e-43)
(0.2998380944115462, 1.12415587933335e-43)
(0.3465026192824278, 1.3476444347833655e-43)
(0.017379089262034218, 5.213389134642564e-44)
(0.132931193907364, 5.847138825064333e-44)
(-0.4217183204457096, 1.4910870423058649e-43)
(0.3153225125501303, 5.842270593995133e-44)
(-0.07575108203999971, 2.510875658354781e-43)
(0.3963426028560545, 1.3415562909089468e-41)
(-0.32863219704413715, 2.2945125533916356e-42)
(-0.36992991771346334, 7.00625291204254e-44)
(-0.2706790132954924, 1.256928624137799e-43)
(-0.15902993712084076, 7.137063381215947e-44)
(0.07783017567321268, 1.5264279614612037e-43)
(0.47832340693373593, 9.112136484304173e-44)
(0.14257656646854466, 1.9459602263320928e-43)
(0.47378561168881095, 9.055858379486154e-44)
(0.10786953954692567, 5.311448819145181e-44)
(-0.21677622088430662, 1.3635220877530538e-43)
(-0.018029275948808425, 1.1546227779146987e-43)
(0.3156119719620468, 5.572803936599557e-44)
(-0.02709253150079725, 5.976428799499563e-44)
(-0.4564837875970197, 6.619984684485706e-44)
(0.3205090368323157, 5.262766888841502e-44)
(-0.010844259508459445, 5.174223381323977e-44)
(-0.3408824068490264, 2.719869553902894e-43)
(0.4782161614084337, 9.341429371870548e-44)
(0.49896010192607926, 1.064036611656032e-43)
(-0.20152108612840966, 1.325400977326694e-43)
(-0.018405863354933754, 8.528930112716472e-44)
(0.015753853311231972, 1.206921749581394e-42)
(-0.0551754663232249, 5.208584144885951e-44)
(0.033702405380012165, 4.189592669421868e-43)
(-0.4442017391314798, 2.676659052606107e-43)
(-0.009905358511903252, 7.665171814900113e-43)
(-0.16983719090902175, 5.598193683272735e-44)
(0.0015007743262849301, 8.984488754804614e-44)
(0.15714906592139163, 3.6547623895820686e-43)
(0.4489284169614617, 1.1271244966561019e-43)
(0.4726613645583654, 1.713103882696714e-43)
(0.2382954707046443, 7.172291198307298e-44)
(-0.15330025024306218, 1.8149961388914256e-43)
(0.0438414612256963, 1.0823847520087001e-43)
(-0.41548481495710454, 1.4196759650662195e-43)
(0.3872247831210398, 4.6090417851919565e-43)
(0.09649770125206794, 2.7391539261483448e-43)
(-0.266457652020068, 5.196078448017342e-44)
(0.3473789810416802, 9.469936667861493e-44)
(0.05769802742176394, 2.49247173391447e-43)
(0.4272583852020294, 1.3985951876237561e-43)
(0.2778979196065798, 1.0225867825064775e-42)
(-0.3046415963623627, 5.483767913072991e-44)
(0.32599621014274976, 1.4926200014269488e-43)
(0.18191674303517333, 8.440818447129889e-44)
(-0.08614430746303844, 1.7679231422000523e-42)
(-0.009659806935175694, 1.1697513837457142e-43)
(0.3473871155212197, 7.94298088369864e-44)
(0.43126664197558606, 6.253411722518276e-44)
(-0.013038197126226985, 6.498351567685856e-44)
(0.3155865107902712, 6.482422594366127e-44)
(-0.29256359945129373, 5.607592400044153e-44)
(-0.032946330928558316, 6.719480842910008e-44)
(0.2520300753616493, 1.1347684236799958e-43)
(0.058685170032494655, 5.044649421726362e-44)
(0.32220078929887985, 1.923822029509481e-43)
(-0.4357681418452153, 6.193983412311548e-44)
(0.23215425476324958, 6.914370568230102e-44)
(-0.04322563868374035, 5.625182662857148e-44)
(-0.0983078908443702, 9.530264591153995e-44)
(-0.3111304167568969, 1.6423309932838715e-43)
(-0.13136249130922673, 2.0605551348505984e-43)
(0.11540207062368099, 7.885237803442039e-44)
(0.25878773899306917, 8.041405378816483e-44)
(0.23701062987216043, 5.528756168149713e-44)
(0.2629733530936834, 2.0552130802179083e-43)
(0.18309124754666595, 1.72752721601748e-43)
(-0.017195643793072642, 2.265633767770378e-43)
(-0.2644997792828758, 1.4132591817004868e-43)
(-0.39889794774188303, 9.532360465095661e-44)
(-0.3452954871108804, 7.108796527733262e-44)
(0.05251229272973561, 8.290862965858941e-44)
(-0.38825596673957913, 1.7551616344797569e-43)
(-0.4428018759163713, 5.73988536863998e-44)
(0.4815334870295398, 1.0134708925630049e-43)
(-0.4720730992256832, 2.5691485803208273e-43)
(-0.345873195426109, 1.5983010365040426e-43)
(0.0476800374051264, 6.855050080110956e-44)
(0.10258793494724901, 5.622890945198369e-44)
(0.42240508704789476, 1.0034010799802027e-43)
(-0.1566536946055687, 1.5423925899829572e-43)
(-0.38340225527022437, 7.835122130317036e-44)
(0.3440935694039345, 8.590587843631803e-44)
(-0.11164151590290122, 3.067453239281739e-43)
(0.17600221890811635, 1.6882579208704813e-43)
(-0.34006631094686834, 1.2546428222287431e-43)
(-0.32257272814648996, 1.8831924399997924e-41)
(-0.4921485784999007, 1.3970092017937072e-43)
(-0.40130108368121176, 1.2595906234141174e-43)
(0.43521934156520437, 9.018394039578936e-44)
(-0.17357738340743337, 7.458952428989554e-44)
(-0.3985349309768098, 7.283006208523378e-44)
(-0.02781994809275925, 8.974678888164195e-44)
(0.27615302034607064, 1.4024298364929294e-43)
(-0.42929025696701106, 3.482604018406226e-43)
(-0.154173533627904, 1.4161658208448257e-43)
(0.13402619301566934, 1.1969893801577345e-43)
(0.21024802350165764, 1.2525369565851465e-43)
(0.32014280226897734, 6.378005250409114e-44)
(-0.2871022913544833, 1.5033664681456148e-43)
(-0.2582798239561445, 2.8519856811852683e-43)
(0.07231396351921529, 3.7168232890458204e-43)
(-0.21385109983913195, 5.274994766462868e-44)
(0.17679977529249855, 8.505755094251382e-44)
(0.351011710804125, 5.989606439051834e-44)
(-0.41796643207066525, 1.0559458504788621e-43)
(0.11541200415676124, 5.459791917743475e-44)
(0.19721591105184194, 5.131215415349149e-44)
(0.09663148583125557, 8.271798194888879e-44)
(0.30589453793040383, 1.8577430241360425e-43)
(-0.39976627003420934, 6.035007840966667e-44)
(0.4274863582025058, 2.401238102760979e-43)
(0.07105161896805555, 1.6784418959972444e-43)
(-0.20256091268637488, 3.74243365503238e-43)
(0.14627487726022112, 8.380282477567965e-44)
(-0.17870547471899675, 3.7636212411238154e-43)
(-0.04153576361267238, 1.2053750139651117e-43)
(0.24439977542059899, 1.2288790430748568e-43)
(0.33994807958323825, 1.0775874421673899e-43)
(0.3946845259463507, 5.184224847685315e-43)
(-0.46288541806826883, 5.467955017472415e-44)
(0.11882788229845348, 6.301984576713969e-44)
(-0.19846006630687574, 5.335991382587668e-44)
(-0.4067754175500386, 6.934210247045357e-44)
(-0.1260306235026316, 7.861864846201335e-44)
(0.43115205055089373, 7.18190799882286e-44)
(0.012037821426201615, 2.0112857939037444e-42)
(0.04185727915141746, 4.568468968517424e-43)
(0.06538957803344007, 5.200204492806268e-44)
(-0.13753780129370924, 7.73434954186207e-44)
(-0.4819872869940435, 5.399290581937681e-43)
(-0.38492032320958813, 5.274677102965297e-44)
(0.45851460205959044, 5.761706920418211e-43)
(-0.3085187401741136, 5.496469851937376e-44)
(-0.20943390501994902, 1.5418502358819966e-43)
(0.0978105424235002, 1.0520044771016196e-42)
(0.16298896285080722, 1.6346512914089078e-43)
(0.24057251407080824, 9.715416960189464e-44)
(-0.3329865384208182, 3.3246331883599694e-43)
(0.1674228854213488, 1.8734974668477895e-43)
(0.2015332667012729, 8.429204037661038e-44)
(0.1573638741589121, 3.4448391020340563e-43)
(0.11150056910460457, 8.774660138990231e-44)
(-0.3174935033358686, 1.6701400538252779e-43)
(0.1980651692965847, 1.24340941303659e-43)
(-0.3993910981004139, 1.173683743329625e-43)
(0.3715013721706386, 1.9991097584604812e-43)
(0.168739726337868, 5.28700542326039e-44)
(0.3674128353487126, 1.1585424573098197e-43)
(-0.36953982510232025, 1.0826033377226204e-41)
(0.43633171182285324, 5.045161635579749e-44)
(0.38038090998930574, 5.849433004615048e-44)
(-0.048181880570738043, 5.662391646300153e-44)
(0.4530509522178481, 7.687382365033843e-44)
(-0.12571141149361056, 7.826733389861863e-44)
(-0.36003623421886427, 7.522743717897196e-43)
(-0.1626521288241253, 8.924240414638537e-43)
(-0.1881681954277649, 2.4294495871507213e-43)
(0.47473525218477375, 6.103219393752549e-44)
(0.36278836525201635, 7.856476143489861e-44)
(-0.41227355115091846, 6.538055798742106e-44)
(-0.30824107927443484, 7.703118311790059e-44)
(-0.4722501221848202, 5.753696222689877e-44)
(-0.37855406501345384, 7.013039464525774e-44)
(-0.12167576136678934, 2.1319879112398875e-43)
(-0.4521021930141883, 5.27712939511403e-44)
(-0.22487205577021122, 7.095608077732084e-44)
(0.248637997636318, 5.707246989060974e-44)
(-0.4618259705389363, 1.2441034481781793e-43)
(-0.10762543896506298, 3.1843863194434842e-43)
(0.39095550586846367, 1.6937410099740247e-43)
(-0.3578771307697327, 2.2440089984273303e-43)
(-0.3919100947423007, 7.127045390556808e-44)
(-0.07428109342224623, 9.373242022851809e-43)
(0.1423356230436219, 1.8708698610075125e-43)
(0.19791076029457835, 3.678237649585358e-43)
(-0.2132660516323592, 6.191241390699721e-44)
(-0.1011808008908259, 6.278464456434746e-44)
(-0.4951204562642391, 1.3673909862837039e-43)
(-0.04274407381543254, 8.210623077398066e-44)
(-0.49051613324624216, 4.2040058190827644e-43)
(-0.037204464153876536, 6.269932892853184e-44)
(0.2517476793201734, 1.933056735862481e-43)
(0.1850961341258509, 6.669112193912139e-44)
(0.017646238294489636, 8.100435384452286e-44)
(0.27299685909136984, 3.0675400044329067e-43)
(-0.21709167652142405, 5.488924746774853e-44)
(0.2682872347914002, 2.6763032570416154e-43)
(-0.18305457486740112, 1.0096250952469368e-43)
(0.3912715834509969, 4.67819909800047e-43)
(0.12871570836773488, 1.3643955111521738e-43)
(-0.06518760195896933, 1.0022285148385444e-43)
(-0.32706161448384546, 4.087835401783122e-43)
(0.12215935793876033, 6.719848682370767e-44)
(-0.3175414633292816, 5.758852405140837e-44)
(-0.0019984643782502945, 6.096671225769265e-44)
(-0.3822437842498205, 4.0750008958352585e-43)
(-0.26038584430390704, 5.5218438757154195e-43)
(-0.45004521751194343, 9.963254400912337e-44)
(0.21933639540118993, 8.243373590824342e-44)
(0.2725480323828431, 1.527798518643661e-43)
(-0.24416120497307428, 3.25468388474866e-43)
(-0.12517966061412558, 3.854873894802021e-43)
(0.47050323299202346, 1.1588586529457512e-43)
(0.222651910804876, 1.0066723357688402e-43)
(0.2384081529725759, 1.1218282525792057e-43)
(-0.48494353132678053, 1.4754789600616744e-43)
(0.05254851633128637, 7.024840497510412e-44)
(0.2698881955814326, 3.0801866130319383e-43)
(0.16169208624184964, 1.6213467681171367e-43)
(-0.28677523369419783, 5.105710248901157e-44)
(0.002875720722680918, 8.990084395205721e-44)
(-0.03576348158216428, 7.404885107687973e-44)
(-0.47989977765853997, 5.68873883681273e-44)
(-0.3533397910240416, 1.2621444917358627e-43)
(-0.4933949057707651, 6.484442910364513e-44)
(0.2101434765014881, 5.652327101617062e-44)
(0.33309238395800644, 1.2553932902758865e-43)
(-0.3855962270747185, 2.617128247684406e-43)
(0.36672024100278483, 6.650776591121609e-44)
(0.465137479851777, 7.833408216573768e-44)
(0.09385160702147452, 5.189870838036838e-44)
(-0.42293275607955927, 3.1828626533450574e-43)
(0.12571494729407412, 1.1252462193639379e-42)
(-0.19217527019996092, 1.13804229784298e-43)
(-0.2705825775905263, 9.168830099465938e-43)
(0.2138093346304725, 6.406278973638544e-44)
(0.20384953246998133, 7.494874840723571e-44)
(0.4593554904860116, 7.875976573991085e-44)
(-0.11020437564280182, 5.532507164038786e-44)
(-0.30757704778703354, 1.3860552266549455e-43)
(0.11897178028522071, 1.4173033938611242e-43)
(-0.18878960824851354, 5.577066842231513e-44)
(-0.4890167598809216, 5.747584030472701e-44)
(-0.0651164597791772, 5.651293492035773e-44)
(0.26335865768955047, 5.245128939609551e-44)
(-0.01687219699533366, 7.041780360984692e-44)
(-0.4085780345141395, 2.0488784483032683e-43)
(0.14542471429420897, 7.50475558657146e-44)
(0.23624298962082815, 6.816415671060835e-44)
(-0.0031043034222103575, 7.393485663553376e-44)
(0.2514024024493537, 1.1005450235042481e-42)
(0.21099225738428518, 1.4146852105321427e-43)
(-0.02358082200650156, 7.080023689790551e-44)
(0.1022238401528316, 1.1337819396814415e-43)
(-0.1943291308991537, 3.977703820355046e-43)
(0.49326754103791004, 5.466372719099554e-44)
(-0.0883915404975222, 6.226715315392531e-44)
(0.2686564197195261, 6.8924982452118e-44)
(-0.20492818441817992, 5.622807601388173e-43)
(-0.26961767600548486, 2.5238083091869228e-43)
(0.015684314097000163, 5.073884263052605e-44)
(-0.40713804410726584, 1.0325673771146966e-43)
(0.09729241801556249, 9.321725424017808e-44)
(0.43821657297148897, 9.875223078564158e-44)
(0.1462072696507009, 6.501143500953506e-44)
(-0.43123763541831733, 6.110050563128392e-44)
(-0.1824560137011281, 1.190714782924865e-43)
(-0.04513890964996486, 6.215849664071185e-44)
(-0.21414013158469922, 5.143786746984093e-44)
(0.1073592428432614, 1.5561757671594703e-43)
(0.3329941402318997, 5.405092570651126e-43)
(0.4936100618143329, 2.8652694905379055e-43)
(0.4782641537252041, 6.995131777397204e-44)
(-0.2519358005885538, 5.675893535085556e-44)
(0.1101771884986292, 7.512894225019206e-44)
(-0.47233121395273264, 1.6252976487068018e-43)
(0.1031837643335669, 1.7524172696356128e-43)
(0.25977854962281327, 8.318047884462737e-44)
(-0.3751154663502071, 5.492929343409619e-44)
(-0.47230926842905413, 8.525428641046397e-44)
(0.07719286779640445, 5.237226743940033e-43)
(-0.3689504916410919, 2.843899307861647e-43)
(-0.22637522617931172, 9.611667737402406e-44)
(0.2532931959034703, 1.3263373187677537e-43)
(0.22012097757990812, 5.742407749075803e-44)
(-0.48215815638969456, 2.7371171328632424e-43)
(-0.2964161775438505, 1.0000350280046326e-43)
(0.31860965537046176, 1.6255722767374974e-43)
(-0.002915953239333207, 6.357531548420576e-44)
(-0.15638545233733747, 1.9973417435602255e-43)
(-0.41151100203982893, 2.80709237949949e-43)
(0.0783561647259991, 8.022841346017472e-44)
(-0.08288595954273556, 8.128257914605046e-44)
(0.2834747303239269, 9.639796200507042e-44)
(0.04577391688235417, 6.606049378070205e-43)
(-0.45955451290317395, 8.817053930978336e-43)
(0.15673707287839042, 5.039112853356896e-44)
(-0.18612850012685908, 4.734538633075431e-43)
(-0.32031748087532497, 1.5829926505964376e-43)
(0.16436745798059968, 8.378053118970264e-44)
(-0.20526035421296643, 2.6264259121582604e-43)
(0.22912705185566246, 5.838131561499768e-44)
(0.11043069554583039, 9.545187367453315e-44)
(0.3752399313005434, 1.2106339630054263e-43)
(-0.027992053482133294, 2.1540459968380757e-43)
(-0.47238151552312346, 3.251346264933369e-43)
(0.16697808031818817, 6.223493467523466e-44)
(0.04292292799751003, 1.599774051444715e-43)
(0.09923069613453701, 2.27312191314937e-43)
(-0.2551486137381522, 1.4275426979721148e-43)
(0.4926939097096378, 3.262366180221908e-43)
(-0.17493293939156057, 5.228212411331133e-44)
(-0.4801878598726469, 4.6634367844855296e-43)
(0.32870360745761146, 7.3232381494715e-44)
(-0.3490177679539838, 7.661390141489383e-44)
(0.12396577556235681, 5.98967908370731e-44)
(-0.3219239431575987, 1.0329556840796718e-43)
(-0.15990673194893026, 5.175997609070536e-44)
(0.4210413517430551, 5.151550682908886e-44)
(0.07686616597692941, 6.680978148031671e-44)
(-0.37640060398778225, 2.437231026283016e-43)
(0.2174454495349609, 9.298728253042512e-44)
(0.28229930202706804, 1.082274637611786e-43)
(0.06729106474795278, 6.258467521642467e-44)
(0.39381533145522096, 1.9712684523944226e-41)
(-0.32531332113182615, 2.5915039685921337e-43)
(0.4786289431886671, 6.048215462400918e-44)
(-0.48743050313558056, 8.805470835142135e-43)
(0.45829989931594406, 5.679713059878233e-44)
(0.17160293359528966, 5.872592150246042e-44)
(0.08880991054788341, 4.239903275956881e-43)
(-0.02504900274508669, 6.6789514442911e-44)
(-0.3486631599458586, 1.8984425697597247e-43)
(-0.2610071974644457, 6.430298341289893e-44)
(-0.16037780465104629, 1.2779232192558423e-43)
(0.4034497971078882, 5.160869598837886e-44)
(-0.036321720450333016, 8.163634446498796e-44)
(0.49928603948748973, 1.0334077378129285e-43)
(-0.3495492662160673, 5.311089507346228e-44)
(0.4174570705825577, 4.241066166167992e-43)
(0.19629412601912025, 9.868091207585675e-44)
(0.20682290265326733, 7.228157942297513e-43)
(0.38232581015757783, 5.175092950290906e-44)
(-0.2263803047197335, 1.251977199305939e-41)
(-0.01392354147260568, 7.377723146122134e-44)
(-0.12757813385595168, 2.946496533046181e-43)
(0.18349248707295196, 5.26656123384023e-44)
(0.09006896370882468, 6.249474693727058e-44)
(-0.49480686263699203, 5.878144846695539e-44)
(-0.09490649571253106, 2.6579792367241847e-43)
(-0.3240277587547198, 5.134811715043624e-44)
(-0.1395343491108093, 6.016064850724246e-44)
(0.16978371847862062, 1.977530533851379e-42)
(0.4443460442339366, 2.0116580275212166e-41)
(0.10928098329260456, 8.810204409233693e-43)
(-0.36047243399312634, 6.680384902565024e-44)
(-0.3857597923687586, 8.220606297862707e-44)
(-0.28242228884593107, 9.256342490218305e-43)
(0.18422074743503106, 1.3004380879164792e-43)
(-0.21064898560744005, 1.2058890236154966e-43)
(0.4692140821988377, 1.3998891898643853e-43)
(-0.3823154316798476, 1.78478780154162e-42)
(0.4498412513090082, 1.0193282340225242e-43)
(0.13579785766988456, 8.142076895652783e-44)
(-0.28320096871489575, 1.983797749237506e-43)
(-0.45083080709627493, 1.396398979133966e-43)
(-0.3721209489737383, 1.8139955845663326e-43)
(-0.07160028874189153, 1.0830921033216557e-43)
(-0.14022928206493168, 1.0682990261027655e-42)
(-0.03833128352437082, 7.364252721397181e-44)
(0.1170720734005586, 1.1050441543330056e-43)
(-0.3067992624264301, 6.198111474858942e-44)
(0.17370941493432307, 2.096734344329105e-43)
(-0.4844168100029757, 5.650075830250438e-44)
(0.30897255848412486, 1.114520069446732e-42)
(-0.21939057623526098, 6.17571010030793e-44)
(0.06293670134014832, 8.816493089855457e-44)
(-0.29811825768848094, 3.020794329020341e-43)
(0.04205992934353278, 1.3467726835015976e-42)
(-0.45048869056948987, 3.819276170020683e-43)
(-0.001393084565874805, 1.972055013097821e-43)
(-0.07865559077752668, 7.918356464052143e-44)
(-0.025524179605453216, 1.4971726190106105e-43)
(0.43841203670424755, 1.1092667896370518e-43)
(-0.4658166799344872, 8.207635084653009e-44)
(0.28529211890686607, 8.57090040612322e-44)
(-0.40212835201134983, 6.941021153668928e-44)
(0.030339797172329215, 7.700554707362404e-44)
(0.19190320329107594, 7.281266113204575e-43)
(-0.17639136554411705, 1.1741983119988842e-43)
(-0.14353806328813548, 2.840183142284497e-43)
(0.3360254584097311, 1.0111981511914086e-42)
(-0.29731659413945916, 5.385243272089534e-44)
(-0.3757368812730622, 7.623796038742303e-44)
(0.050892837077736806, 3.344136234403354e-43)
(0.10555058795059336, 1.4435943393130468e-43)
(-0.04612750904812007, 2.1299469448207126e-42)
(0.4100268201060511, 5.295890937280054e-44)
(-0.4231564217195434, 1.8457672712931173e-43)
(-0.2962692056880386, 4.506469389438018e-43)
(-0.03725046954660939, 8.39904026697295e-44)
(-0.15709600721808598, 6.322840491871329e-44)
(0.1773334611074251, 1.1967630111946622e-43)
(0.03986199477105856, 5.657283307195182e-44)
(0.46951213273544823, 9.782222462499013e-44)
(0.3229250724365167, 5.222685970744817e-44)
(0.485223222919338, 8.457001856034093e-44)
(0.24734328153889076, 3.9795102043222325e-43)
(-0.3584503333013942, 1.1086107607962664e-43)
(0.2610311016627108, 5.124603972449615e-44)
(0.4080217534885741, 1.4275821409043751e-43)
(-0.082563630869241, 5.190374249950314e-44)
(-0.09281100298701073, 2.6991594365914295e-43)
(0.3817531834043695, 2.4830873353129464e-43)
(0.05515202210207479, 1.308442710292404e-43)
(0.2786454915006631, 6.389131203273004e-44)
(0.26244980482545854, 1.0937326862333616e-43)
(0.126753959148386, 5.195732953063596e-44)
(-0.40022931815153584, 7.603232612283756e-44)
(-0.38624718092797233, 5.855892534539503e-44)
(-0.04126859058591625, 5.88463641599495e-44)
(0.08009896778379971, 6.034679223526822e-44)
(-0.48327826283503506, 6.75286320886559e-44)
(-0.43576328582822227, 6.582607733791555e-44)
(-0.39295440343207344, 5.9546454285140606e-43)
(0.4125859925680343, 8.296081335599551e-44)
(0.3959701536840496, 3.812347170282974e-42)
(-0.14987873621202188, 1.0878738701565182e-43)
(-0.2711697426544012, 2.189333913012299e-43)
(0.2387929909380044, 7.99645470122529e-44)
(0.03747487996931648, 1.4311606753404778e-43)
(0.4198069821451137, 7.261433074876591e-44)
(0.3384009333815908, 5.160352352638593e-44)
(0.007858018721442147, 8.938409024798202e-44)
(-0.448668540049701, 2.82779678362661e-43)
(0.259128064399629, 2.8641126133313335e-43)
(-0.42218225192193354, 1.8050062485476892e-43)
(-0.3850570605927892, 5.015780204633356e-44)
(-0.26101025596503563, 2.512629150597794e-43)
(0.38379066056072314, 5.28826148850784e-44)
(-0.061246453207393574, 7.091814068025241e-44)
(0.3865807277862023, 5.097603316010027e-44)
(0.012505813316387344, 9.830556650088767e-44)
(-0.3830523887246389, 7.514147530399327e-43)
(0.3035182415484616, 8.720370272273659e-44)
(0.27766622168001465, 7.347015462887871e-44)
(0.38982129020643963, 1.82955664552984e-43)
(-0.46707968861757204, 3.4591688363206787e-43)
(0.3726109572894775, 5.249880067753455e-44)
(-0.27592062373313747, 8.232081087307721e-44)
(0.06320628056933733, 1.0061829663103419e-43)
(0.15691633792305545, 8.61546963841608e-44)
(0.2994952437176209, 1.6390784602717579e-43)
(-0.28990738705912805, 3.944605066183837e-43)
(0.3353848613820686, 1.1526324187053526e-43)
(0.21810171656799177, 1.572646259227752e-43)
(-0.381737151974017, 1.0523379650090266e-43)
(0.02655790896517932, 5.555137592462687e-44)
(-0.0077412596421177, 1.07474647052827e-43)
(0.2505728593935282, 7.983826251761257e-44)
(0.10769794555060676, 6.485937000363468e-44)
(0.41643609424560174, 1.3426399929804196e-43)
(-0.4781139363516759, 4.018450554464416e-43)
(-0.291082346924874, 1.0039649748967575e-42)
(-0.2277463477164874, 5.904818755827951e-44)
(-0.037352347648469106, 2.4786092007044625e-43)
(-0.17128662556946153, 2.724178370601948e-43)
(0.1931707682044497, 1.1021783713420837e-43)
(-0.059486722169102814, 7.519444772179089e-44)
(-0.05102971635469646, 1.2601670836370848e-43)
(0.27595857378152466, 5.378226935829262e-44)
(-0.45531679353434934, 1.0642010191182068e-43)
(-0.145528619359797, 1.2527591241318378e-43)
(0.08752628690329957, 2.9802556416857974e-43)
(0.3020979084483132, 2.3606882367140876e-43)
(0.2894417447075461, 1.0667795658341157e-43)
(-0.33294509675311723, 5.581404714238229e-44)
(-0.48415014044262494, 5.560309751216895e-43)
(0.008061677660165741, 5.186719999326462e-44)
(0.24145044364663815, 5.598759294425951e-44)
(0.01926648669436659, 6.215862047568495e-44)
(-0.15275312268506042, 1.3184175186577808e-43)
(0.023683467948791236, 1.5511732163484242e-43)
(0.2322786750666816, 1.2359939184934233e-43)
(-0.2898743735059411, 1.883783997535371e-43)
(0.4906526355488689, 7.164153871018773e-44)
(0.4371234105438372, 6.98065823125032e-44)
(-0.3626684176304862, 5.781291164733067e-44)
(-0.32065728631884244, 1.0021432274419514e-43)
(0.22554224314288085, 1.464986388940023e-43)
(0.008073589942745683, 1.4515806428530313e-43)
(-0.4809615245096463, 7.749545391801453e-44)
(0.3370047279070209, 5.211902808650275e-44)
(0.2706565034805149, 1.9107964702116106e-43)
(0.430151852472256, 1.8897837229016314e-41)
(-0.22250891218802335, 1.1123163027266508e-43)
(0.41650989626472806, 7.771178403985414e-44)
(0.27521398286980203, 8.375803463102995e-44)
(0.25068083193376395, 7.836461424205281e-44)
(0.2585827289123952, 2.6292044898274784e-43)
(-0.2681099938557374, 7.51216332669613e-44)
(0.43045193454757164, 3.392971936868671e-43)
(0.24449465108848795, 1.2032690047651878e-41)
(0.09322941767358525, 1.241136037655392e-43)
(-0.38552316781851176, 6.259355283247461e-43)
(0.12172714611549222, 2.640656116921952e-43)
(-0.4347388787239146, 1.3670347224304753e-42)
(-0.287865226946839, 1.1568007440393377e-43)
(0.22717600415774836, 7.917418774342066e-44)
(-0.38170997764505005, 6.650721170327588e-44)
(0.46582287193769184, 4.801523090745075e-43)
(0.3034345599165073, 7.511632581934525e-44)
(-0.3447101976251412, 1.2690335787127005e-41)
(0.19134049902075953, 1.2782065763409259e-43)
(-0.49732833083842676, 1.0240884958621319e-43)
(-0.16003662747649972, 1.1521357420484505e-43)
(0.33244985657146275, 5.986939515537363e-43)
(-0.49384997542019576, 3.2766405681310526e-43)
(-0.07151887354884975, 1.023824159191558e-43)
(0.08874509293286412, 5.161592912331773e-44)
(-0.3173120550075824, 6.890652798207985e-44)
(0.3336211895105631, 2.5709238448083307e-43)
(-0.11632127643538868, 8.5792343594818555e-44)
(-0.06062917117091449, 1.9011470778252155e-43)
(-0.28373762794511753, 5.665164856392377e-44)
(0.31620371002553044, 5.439576363763028e-44)
(0.2840116752558674, 1.5924728426493218e-43)
(0.15293977586448937, 5.696657844426027e-44)
(0.02724560854104163, 6.882004294080151e-44)
(-0.3689186699344899, 5.430101713003029e-43)
(0.000777579704327267, 5.742847688313193e-44)
(-0.2438978032686384, 1.8712446655414285e-41)
(0.4329867581502668, 1.054234628723579e-42)
(-0.0698497023671262, 5.457976801066353e-44)
(-0.19115933552764428, 2.1599590209892122e-43)
(0.3250766367406409, 6.141483535840712e-44)
(0.25535298366863307, 9.845092362799853e-44)
(-0.4025263692948957, 8.563990069593184e-44)
(-0.2804876135932123, 3.9583706625754496e-43)
(-0.0680279016614388, 9.058124353540541e-44)
(-0.08982912440273508, 4.983455358202775e-43)
(-0.4109524875823228, 6.66786745666372e-44)
(-0.08334735528448499, 1.2967402683264636e-43)
(-0.3797042053717582, 1.3670951404668974e-43)
(0.2773863154174868, 5.813669575335962e-44)
(0.354109265335672, 5.721843376096378e-44)
(-0.16942982896743242, 6.914779145847715e-44)
(0.1760248444564517, 7.311304586240435e-44)
(0.33364276071959403, 5.394596260579756e-44)
(-0.41301579405764216, 6.569713788712182e-44)
(-0.1657108493241884, 1.7399820451859295e-43)
(-0.15297406887939624, 1.6073502560807866e-43)
(0.45076102642958393, 9.785678945732416e-44)
(0.44819310223425346, 1.3149261848789083e-43)
(-0.47358828931827807, 8.918474528268949e-44)
(0.13431193450474493, 6.427456566498547e-44)
(0.20668199323507183, 7.185939382536257e-44)
(0.07781299903676975, 8.296259834780135e-44)
(-0.18703026168241382, 7.792368924425696e-44)
(-0.10012561199337368, 1.5318826641892507e-43)
(0.3559616096483738, 5.92897469007717e-44)
(-0.20151677160473153, 1.019907021331378e-43)
(-0.20929210995682015, 1.4817411342216071e-43)
(0.20949729224513375, 1.2332221803119934e-43)
(-0.4247363515805933, 7.701807822271076e-44)
(0.29692893376876706, 8.025698679567415e-44)
(-0.0751935375452936, 5.030828210708924e-44)
(0.1430715929821785, 2.8964267496708467e-43)
(-0.3367588461119607, 5.31327858849954e-44)
(0.3290406714089117, 1.0517455606322127e-43)
(-0.32266067743960225, 7.249960427298998e-44)
(0.10171468169846479, 6.485368055981705e-44)
(-0.10264966435681959, 1.4081019211910629e-43)
(0.1889659054742996, 5.066982080750813e-44)
(-0.2771180145054137, 1.1252051643613515e-42)
(0.02943547525569883, 4.199130594123483e-43)
(0.4088417705856918, 9.203576520208086e-44)
(-0.4856234893048795, 3.870142684494919e-43)
(-0.10419797965395351, 5.662191119018172e-44)
(0.01595263462568134, 8.795501336222485e-43)
(-0.0685360094267412, 5.549994637527655e-44)
(0.05934805071040318, 1.5224590354554897e-43)
(0.0333149660155987, 9.032396536426872e-44)
(0.28367497170360667, 7.297480833755876e-44)
(-0.16972076563850585, 6.8415016870431084e-43)
(-0.33776835071935823, 5.319166924474773e-44)
(0.4295386176061317, 1.0235396916426544e-43)
(-0.20832850546433054, 9.360734898481898e-44)
(-0.4227995411932877, 6.016978407555257e-44)
(-0.4804167383868597, 1.264114304364731e-43)
(0.09529499312492623, 2.620735636473954e-43)
(0.021875549153025937, 6.123414875602911e-44)
(0.4993615920552929, 4.051704904526734e-43)
(0.24202892154978603, 5.14330989911411e-44)
(0.18883141861324257, 6.072116554986366e-44)
(0.23716782215818052, 5.414894993716534e-44)
(0.22276215295085278, 2.560654989439092e-43)
(0.47928050352182666, 1.4736450327131152e-43)
(-0.4516904248785134, 2.8135932402923875e-43)
(-0.09269054206949878, 1.1862565291929773e-43)
(-0.17072136610157246, 1.3432386315919395e-43)
(0.2924361295601989, 1.1591546805478766e-42)
(-0.30616834166243595, 9.439240991377859e-44)
(0.4706280890336865, 2.814812520756361e-43)
(-0.24952995729440602, 5.222983221306579e-44)
(0.2891053593001603, 7.907359413594823e-42)
(0.1557837507493905, 6.304251122995618e-44)
(-0.3381654765943363, 2.217932107999288e-43)
(0.002304162449175654, 8.302433906434353e-44)
(0.4333663835610232, 1.0664464487170243e-43)
(-0.23724176619390752, 7.5867747511782e-43)
(-0.17863801873485713, 7.515821145131047e-44)
(-0.19493323441961688, 7.793901222103272e-44)
(-0.2645009609841087, 6.4124243560092855e-43)
(-0.06184516481239707, 1.0517564911025833e-42)
(-0.2954698376908151, 1.3434994390719236e-43)
(0.1814825299115782, 5.092866510716032e-43)
(0.12767193156537637, 4.496429771222588e-42)
(0.3620029730828776, 1.3966202335772436e-43)
(0.18229081641529246, 5.544549915631852e-44)
(-0.05997692811650757, 1.4167388432471111e-43)
(0.3297324468104877, 6.989908624639593e-44)
(-0.19008235273462856, 1.1663787504353847e-43)
(-0.2717687756346492, 5.354786251018388e-44)
(0.4834727019409286, 6.354397045407939e-44)
(0.2909859249066393, 7.613362413408657e-44)
(0.4912097772009921, 2.3567784533867343e-43)
(-0.1983673029634239, 1.8581915019104353e-42)
(0.04784997299021536, 6.717979983629769e-44)
(-0.35142095816439034, 1.3962507020118176e-43)
(-0.3788269652779638, 6.187963988625409e-44)
(0.20606198270697085, 5.317695873938479e-44)
(-0.11622445896662954, 6.618336286357539e-43)
(0.1202025626139759, 1.1303059682710358e-43)
(0.23686087809293896, 1.4240044640722533e-43)
(0.33383426214970824, 6.699129328817757e-44)
(0.22514847732572188, 6.993752319570825e-43)
(0.3705529648516788, 3.61683867082074e-42)
(0.43184241978438914, 1.842324511881849e-43)
(-0.193350864406981, 3.997041923951788e-43)
(-0.047105917605148005, 7.62594001843994e-44)
(0.38318939080589043, 7.933651895463515e-44)
(-0.37876505971066904, 3.479028065345918e-43)
(-0.28822598654586296, 1.5804811468321143e-43)
(0.43945515387176864, 9.150239231047387e-44)
(-0.3733497083307985, 5.357666509096088e-43)
(0.44664516458725106, 7.287396973818887e-44)
(-0.43098410409089855, 6.69443271170923e-42)
(0.2651736869822056, 5.14901441218042e-44)
(0.14666420253337745, 6.743386138317704e-44)
(-0.048414926028325506, 1.7435271452111613e-43)
(0.2888994093285763, 9.807959025007914e-44)
(-0.2753878976963102, 5.95412559961023e-44)
(0.3384634110546278, 2.114606809571615e-43)
(-0.16056825300164584, 7.084243396232373e-44)
(0.4810207101072886, 7.801982917013356e-44)
(-0.15140185441709308, 7.02909248972712e-44)
(-0.41608892889477783, 1.1031608800615377e-43)
(-0.46102353414439406, 2.096587479845632e-43)
(0.4231216603315173, 5.323420597836196e-44)
(0.48618689298641965, 1.0181438260955619e-43)
(0.31463559066956825, 9.856226156248844e-44)
(0.4452739438014174, 1.9378998263985037e-43)
(-0.42339361227859545, 1.0254302872917269e-43)
(0.21903678621398573, 1.0684744980620603e-43)
(0.08977416718825897, 1.0458258085555415e-42)
(-0.048548434500958394, 5.419485055025286e-44)
(0.3291013494793303, 1.5260055555952226e-42)
(0.33995714177692743, 1.0596129667166149e-43)
(-0.1740358812492787, 1.085632035827836e-43)
(-0.16256882718405094, 1.0684543524496852e-43)
(-0.3461926558319409, 2.615173734106942e-43)
(-0.4348708508600551, 9.739054768001312e-44)
(-0.4740485047133282, 9.420791801973313e-44)
(0.4152263073577361, 6.752609980074489e-44)
(-0.1802160913802602, 6.124329934827322e-44)
(0.45072021426571623, 1.1055815686350365e-43)
(-0.01300820001165353, 6.164987011177738e-44)
(0.2150639427908002, 5.982483900277464e-44)
(-0.17290487439942212, 7.218360297601936e-43)
(0.01448316182483427, 2.015416921654795e-43)
(-0.10663062595018118, 1.0862818064800746e-43)
(-0.36932687918422163, 6.308403711090443e-44)
(0.13291213502794344, 9.929182271014326e-44)
(-0.4832511240437805, 1.7236926756752703e-43)
(-0.49893331199528834, 5.535381844053159e-44)
(0.18765189067520102, 6.836752053510277e-44)
(0.4038825004921851, 5.727902866367252e-44)
(-0.1917502245402643, 4.8619971456781414e-43)
(0.29540716889763063, 9.268100177928774e-44)
(0.2735264804016441, 5.042774491922093e-44)
(0.4432501770969046, 8.759148662835248e-44)
(-0.4659693703805273, 5.368898828640025e-44)
(-0.038159915079242324, 2.0589436244953486e-43)
(-0.31589415591732894, 7.93736517590078e-44)
(0.11475028745348555, 1.6394165451807755e-43)
(0.36393371894932236, 5.191941221979525e-44)
(0.42239895170133657, 1.0754878380452467e-43)
(0.46080580432072715, 5.189633020350259e-44)
(0.12404869314963549, 5.806726137502429e-44)
(0.43451544300039313, 8.361252595009188e-44)
(-0.3195736512523758, 6.934360209938868e-44)
(0.4740295414675127, 1.1867834806129275e-43)
(0.01450929398477062, 1.9301603682580463e-43)
(0.01802116466664945, 3.711776594645435e-43)
(-0.06656310318935404, 9.4327312424754e-44)
(-0.4252127027542467, 8.18569139035134e-43)
(-0.1782416817256518, 8.890904618429256e-44)
(0.17490079668957156, 5.376677626181573e-44)
(0.08682843913855602, 6.680542699153352e-44)
(0.23420905867712222, 5.939546015870618e-44)
(0.4045993217559444, 9.465126839749996e-44)
(-0.1327405843396613, 1.4184545397357386e-43)
(0.16798645060839804, 8.175870101243151e-44)
(0.40366383473429773, 5.113553739806262e-44)
(-0.20311830407014772, 5.323905223323732e-43)
(-0.32135805214057384, 9.294105903575842e-43)
(-0.00831652464933465, 2.3015478985713266e-43)
(-0.11430606621907635, 4.206343223169322e-43)
(-0.07713844793157665, 5.94971842959073e-44)
(-0.48406937823555973, 6.133140287650968e-44)
(0.3630872543728597, 5.201936479538224e-44)
(0.24478635866234777, 2.5109280072584773e-40)
(-0.3363470959364571, 8.396591886970398e-43)
(0.48071602581365364, 5.795084862693135e-44)
(-0.04453950692764145, 1.3794244523813793e-43)
(-0.019597171836330085, 1.4404886453811346e-43)
(-0.04072353621739977, 9.390961664130183e-44)
(0.3499934007689889, 8.909214057435224e-44)
(0.46774379796563054, 8.727964503400644e-44)
(0.40292997183052015, 1.0240935369350265e-43)
(0.008054660024530117, 6.926106490399004e-44)
(-0.39645862151576255, 2.3335722411038046e-43)
(0.4890265241453435, 6.010594922467709e-44)
(-0.3306881018676548, 1.8810764297286244e-43)
(-0.05413506494408081, 2.9253879565232176e-43)
(-0.048114184645144976, 7.794285557110412e-44)
(0.101819651876184, 2.746751097779568e-43)
(-0.4872905983969356, 5.216354188387176e-44)
(0.2789331721170659, 1.797703215120746e-43)
(-0.3756454124082828, 2.790460967187148e-43)
(0.30092315664730523, 5.3682069333962e-44)
(-0.015005319106894824, 1.0327133378873755e-43)
(0.12476774552971966, 8.285515999923244e-44)
(0.20355997086529992, 5.44889919256785e-44)
(-0.2938389407947754, 1.0817754867176226e-43)
(0.42553428144138866, 8.058230968714723e-44)
(-0.27676505114781114, 1.4578498086116154e-43)
(-0.3551505478381043, 7.272903772463491e-44)
(0.17620237998413363, 1.5556498613903298e-43)
(-0.3802900607855534, 1.1626462715392958e-43)
(-0.1897849693050989, 1.1003685692565332e-43)
(0.28012844884091126, 2.5438010097506964e-43)
(-0.26175079590698225, 9.34517505719654e-44)
(-0.2837688079467851, 2.526420690215635e-43)
(-0.060335206958489394, 2.2092452458030597e-43)
(-0.02986528577478004, 8.77785186045964e-44)
(-0.04970624428353906, 7.238974268256981e-44)
(-0.1578985707860652, 5.840735349440477e-44)
(0.47503590503153537, 1.907945973313126e-43)
(-0.43376882278864115, 9.029862321269746e-44)
(0.3314653555073396, 1.4289787662712938e-43)
(-0.2131611915576874, 7.288232256694527e-44)
(0.15705377263423592, 2.3310456880763733e-42)
(-0.19320531816282224, 6.445469966427579e-44)
(-0.4683481722542442, 5.57011344918439e-43)
(-0.1279917291838882, 5.989552489849482e-44)
(-0.32409081881188223, 7.301239049949265e-44)
(-0.04665103415550731, 6.25264562726617e-44)
(0.09409468682375721, 6.089274214534562e-44)
(0.44550646618135725, 3.039041466186897e-43)
(0.34034882489138885, 6.743175064528665e-44)
(0.40324339510075347, 5.072776562861487e-44)
(0.18672426237399017, 1.5457717580384879e-43)
(0.07848494365937146, 1.2549228412164377e-43)
(0.2251161723854611, 1.173571597496308e-43)
(-0.264569568812647, 7.061254552925168e-44)
(0.06630019086110468, 2.324193720606383e-42)
(0.4763384057533543, 1.0472418923911527e-43)
(-0.30959697790595975, 1.245262912504947e-43)
(-0.33260405449898695, 7.21486875268713e-44)
(0.48115894141036475, 2.921129964895214e-42)
(-0.17095368532501226, 7.300743687291121e-44)
(-0.18412483921432804, 5.625948972360079e-44)
(0.0015848096335097288, 1.5269277386707154e-42)
(-0.40850275676022263, 1.2160367235201025e-43)
(-0.10362139063059146, 2.203689996384585e-43)
(0.0794775751329524, 6.006255570090575e-44)
(0.0629536829986519, 1.5651611697830511e-43)
(-0.19757539282677986, 1.2489821410035738e-43)
(-0.26288371699790747, 6.757049612361238e-44)
(-0.2499347093013648, 5.471339712449073e-44)
(-0.383634243412634, 1.340811661805919e-43)
(0.4851800965083754, 2.1406831124275e-43)
(-0.04877099634426659, 6.164828217771544e-43)
(0.30526840565077723, 8.464670046797156e-44)
(0.33891031990432513, 5.21627061093955e-44)
(0.00032723355257733406, 6.787285897230951e-44)
(0.4266450809711614, 1.98013459126869e-43)
(0.47374003598788444, 7.146107950666254e-44)
(0.334264200759831, 1.322382910420459e-43)
(0.07865633601057184, 3.7615787595228955e-43)
(-0.005573897360720173, 4.539478726687367e-43)
(-0.29025270160903827, 5.054543981034207e-44)
(0.345569065087065, 6.47105667468746e-44)
(-0.3336240959104007, 3.342726955163594e-43)
(-0.23316262053588968, 2.046872487315369e-43)
(0.42910368752906336, 6.687975881611101e-44)
(0.2929858605589257, 2.1200160848547332e-43)
(-0.39212236613033463, 5.532050647256027e-44)
(0.20205047153650638, 7.310935052919048e-44)
(-0.412344347275568, 6.271436260457375e-44)
(0.06228539755336749, 1.1425894521141874e-43)
(-0.44843524498564924, 9.340929813093971e-44)
(-0.14045932946974518, 8.297222780544088e-44)
(0.4992612195745157, 6.58729633247772e-44)
(-0.06370752390349523, 6.332509347569722e-44)
(-0.056583152818949885, 5.152874259991529e-44)
(-0.2511261864667619, 5.560273694554317e-44)
(-0.2326110351000604, 5.536611083840842e-44)
(-0.4921395495517415, 1.0499866110021832e-43)
(-0.13776349150994582, 1.5146411941579827e-43)
(0.12564202394404467, 2.4768285958335022e-43)
(-0.21993270153409566, 9.317550502462837e-44)
(0.12218935138361725, 4.132332631069824e-43)
(0.3125968232938913, 7.399028103743594e-44)
(0.08790298384235286, 2.442139249059477e-43)
(-0.20621354790505367, 1.1927132540932164e-43)
(-0.36323677055880593, 6.197446369653174e-44)
(-0.30300900828816757, 2.393919681429001e-43)
(-0.14122961011326227, 1.9385234371832413e-43)
(-0.25307892160409534, 7.916621490662914e-43)
(0.34889503672495936, 3.6274210267814436e-43)
(-0.37892566173922737, 6.158978829386378e-44)
(0.0469064674136245, 5.229765854940896e-44)
(-0.12753079406794607, 1.0724297092959008e-43)
(0.2736911105108558, 1.00206190222171e-43)
(-0.4144286125410613, 5.623517757764842e-44)
(0.1648298272529124, 1.1840560049889303e-43)
(-0.2532792543268505, 5.531884125400335e-44)
(0.4134169696039269, 5.160529728026835e-44)
(-0.3567741851881548, 8.961319324431617e-44)
(-0.30390233443838505, 6.614380362218344e-44)
(0.3896813878382197, 2.1991137284426313e-43)
(-0.31751780812459857, 5.500668725373667e-44)
(0.22452562666998713, 5.331738698507416e-44)
(-0.18125824796980142, 1.3013242158313327e-43)
(-0.37494745568841736, 1.1058513138803427e-43)
(-0.49952003745769463, 1.0380510925575033e-43)
(-0.1295567703675441, 5.10424758437382e-44)
(-0.011605037154043733, 1.0957349852938032e-43)
(0.39375942349436266, 8.949383958429845e-44)
(-0.28158237808022246, 1.2373561231386963e-43)
(0.11573811437030454, 8.048411779920752e-44)
(-0.39818674111516295, 3.134804813499008e-43)
(0.45925078378208034, 7.72046278022996e-43)
(-0.4276109658660854, 6.208009706142499e-44)
(-0.14539531816250414, 5.512775375109358e-44)
(-0.14835783672495506, 5.31031982047289e-44)
(0.08885760679528734, 5.25229063606249e-44)
(0.060866560129996326, 2.1167779282410293e-42)
(0.23998620354301137, 2.189609130483912e-43)
(0.27245043728844465, 7.704376645315349e-44)
(-0.3129317229743619, 2.431553355955038e-43)
(0.16254937633833072, 5.9311732845156236e-43)
(-0.1628396813156948, 1.1599561014927572e-43)
(0.2887184961493388, 8.635204590462695e-44)
(-0.3341160868902129, 5.998243854190224e-44)
(-0.43514670905994535, 1.1507731807094585e-43)
(-0.3989216604883625, 3.21941318580993e-43)
(-0.2293723759925671, 5.0228012891145e-44)
(0.12446629394490752, 7.520238751435415e-43)
(0.012028880361402632, 6.203308641659574e-44)
(0.30252018864655666, 6.338949148716402e-44)
(0.4884689794861518, 6.159684517498639e-44)
(0.313603004978436, 2.7369965002079716e-43)
(0.3131294434756723, 2.3596230459828467e-43)
(0.3997157267387747, 5.792073907784199e-44)
(0.00669666664123502, 5.550185197429503e-44)
(-0.1486485885487621, 5.175259618712363e-44)
(-0.051018450663851245, 7.298505104561941e-44)
(-0.4335709144159215, 3.296363380167051e-43)
(-0.06973170619784723, 7.533194022060843e-44)
(-0.40759370942889006, 6.29743434605565e-44)
(0.4473552419844556, 5.3708990752042e-44)
(-0.09934914420132496, 1.8587868776931147e-43)
(-0.418279594207412, 6.155944108246328e-44)
(-0.10549618496799855, 6.543479538377824e-44)
(0.32461722311406727, 6.621173243642577e-44)
(-0.402424471646771, 4.523938418481749e-43)
(-0.31893300946106706, 6.778568432279271e-44)
(0.4863349773916663, 1.4217264571743106e-43)
(0.257646241777088, 3.435336825671307e-43)
(0.08081043302930725, 6.24377731592631e-44)
(0.33322061737707453, 5.622580289965365e-44)
(-0.14851648599586806, 3.3839395911165706e-43)
(0.3741167074072749, 1.6784509457727467e-43)
(-0.47373892707971704, 7.19783094048634e-44)
(0.49407184872306104, 8.603455479628236e-43)
(0.18052982770401246, 5.224892298689265e-44)
(-0.47355568871570924, 1.3715759038981976e-43)
(0.3733567457964891, 5.761132900946783e-44)
(0.44246685957453086, 1.431702783314629e-43)
(0.1279738066614024, 2.3508828834385725e-43)
(-0.269603340278035, 9.476335258782939e-44)
(0.11363629119036318, 1.4935067542101884e-43)
(-0.17182203897440024, 3.5299285280400353e-43)
(0.29611250242035164, 1.4200622168027607e-43)
(0.27861423356177195, 1.1636663719622449e-42)
(-0.2782645030708815, 2.9256446594770097e-43)
(0.31800795843778706, 1.579629516668406e-43)
(0.3103885116261554, 5.238797701263256e-44)
(-0.10173326867208662, 7.409478166558341e-44)
(0.007152100450011428, 6.09639892383878e-44)
(-0.43874058996573256, 1.0899398579613187e-42)
(-0.4201795139713668, 1.8844831900006244e-43)
(0.1653627707905539, 7.849904636159273e-44)
(0.2606956964856299, 3.5775239942881223e-43)
(-0.49372940926453274, 1.3959738317988975e-43)
(0.08116515079048922, 6.666198353804216e-44)
(-0.4608215112526776, 7.20722494688398e-43)
(0.3495804394054237, 4.851323257301018e-43)
(0.4506496452562709, 6.507243501276674e-44)
(0.1860093914389141, 2.9954866108253948e-43)
(-0.19828287397377697, 5.713208946455553e-44)
(-0.12891604754444688, 1.235402081525925e-42)
(0.009462945219114817, 1.3152613702289455e-43)
(0.36670573727689115, 3.729043678948444e-43)
(0.44104025249136036, 1.1840087537466217e-43)
(-0.29284064551144223, 6.3640735635542476e-43)
(0.17452902891591915, 1.9062718095602793e-43)
(0.19990847248096447, 6.590411371476478e-44)
(0.18268026950289515, 8.694318534406371e-44)
(-0.23107631682752255, 6.638130076801897e-44)
(-0.2012391827636448, 5.316054641023304e-44)
(-0.4429341884716456, 8.005293297697651e-44)
(0.1547813407532175, 5.855425656435696e-44)
(0.07659092514051832, 1.0329241533525407e-43)
(0.34751759326691173, 6.856283809939242e-44)
(-0.20068689839129958, 3.4531461175659964e-43)
(-0.19383538558938632, 6.191422050173432e-44)
(-0.3962076116981497, 1.2026809619696816e-43)
(0.06806857273241883, 5.459488836408357e-44)
(0.2970597975102266, 9.000938867684243e-44)
(0.159196927924098, 8.639469024959597e-44)
(0.2547807129107698, 1.6233500699182386e-43)
(-0.016150478074409943, 6.760953802006365e-44)
(0.3673879571315961, 1.1589386720282509e-43)
(-0.2941805283372871, 4.158615627874146e-43)
(0.4242030209204417, 5.955682599507327e-44)
(0.0586923533334654, 8.953264609999723e-44)
(-0.4328568616106198, 1.6766745127982386e-43)
(-0.2167031718275589, 2.2475208239300055e-43)
(0.2030142604991532, 4.224319234345763e-42)
(0.1635118339005394, 6.15976263391776e-44)
(0.0020376742267989266, 5.378084602091642e-44)
(0.4014377566124588, 1.053449044337295e-43)
(0.46801920523149615, 7.090620768111971e-44)
(-0.11293065482120884, 8.031052372513462e-44)
(-0.030615370231508888, 7.258829665999906e-44)
(-0.22758301575585954, 7.963544464240327e-44)
(0.05968845692750829, 1.8887131623828327e-43)
(-0.20160447992530728, 1.874003803443698e-42)
(0.378076776982551, 5.76202085333809e-44)
(0.12774147648105746, 1.1181876628126292e-43)
(-0.11036325168224237, 3.160516010533449e-43)
(-0.27103265381540614, 6.779282585691885e-44)
(0.1851074317634364, 1.4069129126366032e-43)
(-0.024730289566306966, 5.174847900685635e-44)
(-0.30490667457088017, 5.655929221579739e-44)
(-0.25543175569659504, 6.888662097243315e-44)
(-0.27920275484109996, 2.7949699679795024e-43)
(-0.07538152532737052, 6.828776085358082e-44)
(-0.26111780111195326, 2.0443923134345365e-43)
(-0.4697235112278484, 2.6067098807230457e-43)
(-0.00126866365907404, 1.1012751964525316e-43)
(-0.08228678469154592, 2.9309971279661e-41)
(-0.20247408659776095, 9.190142422747142e-44)
(0.2938200781695317, 5.216339206957415e-44)
(0.3963585954951439, 9.362668789172908e-44)
(-0.27960874811353575, 5.437517824749871e-44)
(-0.37958364232349817, 9.087837382771929e-44)
(-0.3665826544214731, 2.488031696837307e-43)
(0.020237399336691057, 8.114091086867226e-44)
(0.37373943697739503, 1.1119347940695213e-43)
(0.4039192820427992, 5.871717703246842e-44)
(-0.4974964053201248, 7.011594057255686e-44)
(-0.06072252281657501, 7.4446585464744e-44)
(-0.16316753310935153, 1.1518384904597603e-43)
(-0.1455427009693121, 9.445132130229718e-43)
(0.35347508761430885, 6.897028857105491e-44)
(0.45301053398424307, 1.1120231708021868e-43)
(-0.30961798455809214, 1.2233500578572525e-43)
(-0.006103186792799087, 8.417960264875806e-44)
(0.2693885791207499, 8.116741267904767e-44)
(-0.019922681609869732, 8.472968053837088e-44)
(0.45581640780240024, 1.7287201270813121e-43)
(-0.16083364913293016, 3.699588583208401e-43)
(0.2623681175679239, 2.5672654250584797e-43)
(0.3771531459395185, 8.934970872950154e-44)
(0.384483494686665, 2.537181273081543e-43)
(-0.1883158840346313, 6.239798901582173e-44)
(0.41214457906479457, 7.236410993629086e-44)
(0.12011630283315336, 1.8888854036245688e-42)
(0.21519169053713552, 1.0483131444704528e-43)
(-0.2590755758270785, 1.0476261023736477e-43)
(0.45695127400348945, 1.059917663847018e-43)
(0.12899325233088965, 7.149345016746812e-43)
(-0.07975102980258295, 6.733484293556118e-44)
(0.10481134858592131, 3.240363146101349e-43)
(0.4599978921027983, 1.0757808476575126e-42)
(0.3506325041649863, 8.217955981317983e-44)
(-0.11781119913811836, 8.033951795857489e-44)
(-0.15202480028177026, 1.0056000192693679e-43)
(0.2134271874635742, 1.5599672882396776e-43)
(0.3607860263980325, 6.118813135339618e-44)
(-0.31632518806559173, 1.3978576131445672e-43)
(-0.1270908367535971, 6.230231849646955e-44)
(0.019107473821273348, 6.203653515865883e-44)
(0.2744914107830383, 2.732072743108989e-43)
(0.23791900747149475, 2.3721216115683505e-43)
(0.26757264710931844, 6.291716478140746e-44)
(-0.48782244970207805, 5.975582661278443e-44)
(0.4550557984292898, 2.0605267745749494e-43)
(0.33011684322946877, 4.595973316069954e-43)
(-0.0685682441142597, 5.280639990685382e-44)
(-0.008483696417863493, 9.852102144818572e-44)
(0.1777090546242157, 1.0345856117822096e-43)
(0.10708925516794947, 1.4309114317961236e-43)
(0.4443222336807985, 3.2393491216503453e-43)
(-0.07543746052187011, 1.04160558383407e-43)
(0.28433563380405996, 1.4346707121961009e-43)
(-0.13665094458710939, 2.3295719009389868e-43)
(0.2847146800538378, 7.570226695318062e-44)
(0.23191520105174912, 6.319141156471803e-42)
(0.39880221429059043, 9.511325400497901e-43)
(-0.3189444481050236, 1.1020638456671518e-43)
(-0.0625987333934398, 1.2616306156147518e-43)
(0.47134879959256476, 1.1447697190437154e-43)
(-0.32357105180709156, 5.043907141103773e-44)
(0.08200173380344783, 5.213577728509407e-44)
(0.2653917200919587, 2.2497647243769033e-43)
(-0.17767337857472587, 9.875695866929236e-44)
(0.061656899190691845, 6.854827011470502e-43)
(-0.39958779606198164, 4.770940137556353e-43)
(-0.12883204023213793, 5.377670561721106e-44)
(-0.1873205484799493, 7.634089868010307e-44)
(-0.1613134145344867, 9.97813866620374e-44)
(-0.27058535292187114, 5.773695894308974e-44)
(-0.030533146943632596, 2.5578230858524183e-43)
(-0.39897270955254704, 1.0372991276020818e-43)
(0.0785741495476528, 7.328749339487556e-44)
(0.35044944356364033, 7.743243230310704e-44)
(-0.3829656425876925, 7.335865106472846e-44)
(-0.4092256772034074, 6.183578246024479e-43)
(0.4088058958418087, 2.0567957963434735e-43)
(0.42363143088608374, 2.2231702202672887e-43)
(0.18361194325017535, 7.603530615728375e-44)
(-0.27374557030137586, 5.20465363125543e-44)
(0.2945441661654478, 6.225708679161162e-44)
(0.3397466727824559, 9.5329103248284e-44)
(0.1245940578667314, 2.131333589248124e-43)
(-0.10619547542394732, 7.169481332396462e-44)
(0.292125957710448, 1.4058274158589691e-42)
(-0.24896357868927133, 1.8461495808809572e-43)
(-0.4491781692297609, 8.613706471756984e-44)
(0.40847270134312463, 1.0695559317652185e-43)
(0.08939472738346617, 7.18265626529268e-44)
(-0.25605627073110443, 1.0768686002828088e-43)
(-0.18724166671332299, 7.505693325032402e-44)
(0.015930563240361573, 6.109339557614118e-44)
(0.4563675081195941, 5.797183829103235e-44)
(0.10685872948829644, 7.034524681071572e-44)
(-0.17092604821210394, 1.141365416432217e-43)
(0.015776530241386335, 3.109558062832869e-43)
(-0.47067381882117515, 9.198927866707238e-44)
(-0.12027861447420579, 6.298490021722998e-44)
(-0.08133775979577054, 1.5635676287414845e-42)
(0.22762605693445517, 5.487413723437019e-44)
(-0.4408676553783847, 1.1666201667853762e-43)
(0.35153729022296204, 1.2359611854286891e-43)
(0.018222481814831038, 6.231549061521012e-44)
(0.4915957171015486, 1.7551796176307274e-43)
(-0.25732820266524814, 7.000248305721041e-44)
(-0.2623656562236894, 1.373434105985871e-43)
(0.2632327711305576, 6.855993491395515e-44)
(0.3794979652744258, 6.927973988983018e-44)
(0.22404215927701573, 5.414083960331354e-44)
(0.16537122037568736, 1.3244012346315171e-43)
(-0.2873846605422713, 6.479855103235048e-44)
(-0.21816782031422352, 4.449115196736333e-42)
(-0.38335807201780636, 1.7211805848019428e-43)
(-0.2689555139287615, 2.948137083362314e-43)
(0.11419119480623946, 2.985787926320149e-43)
(-0.38287564866459395, 1.6925927685756473e-43)
(-0.45538185666508413, 1.3817730400896784e-43)
(0.430885082024275, 2.3924020577710593e-43)
(-0.32636991409844834, 7.190414811674913e-43)
(0.04822794230832068, 6.567213988711909e-44)
(0.3661978952296868, 7.393438101082209e-44)
(-0.06396116860926222, 5.869467506346379e-44)
(-0.11198818012000306, 2.128531112011892e-43)
(-0.3567082527128093, 9.745994355263687e-44)
(-0.09028518678063893, 2.7835844577928123e-43)
(0.28381577358691024, 8.234535848749691e-44)
(0.34616482007656674, 7.132358348950233e-43)
(0.02879989838896011, 1.188226495226062e-43)
(0.3410977445720203, 5.584989056826851e-44)
(-0.1425402239529727, 1.2349835478543486e-43)
(-0.0822295040049681, 5.160659908206788e-44)
(0.07715385189868555, 5.272619690759568e-44)
(-0.15116878074694212, 1.3394100921758407e-43)
(-0.3065045598444847, 2.840541072556821e-43)
(0.10966781031964755, 9.820407676339043e-43)
(-0.10478191530916396, 5.104788384692236e-43)
(0.20629540599002757, 9.157492631289743e-44)
(-0.3921373988713869, 5.651094895651498e-43)
(0.0882754485289583, 9.83311835852802e-44)
(0.4405935722743775, 9.586848635578976e-44)
(-0.3637150632722579, 5.802567735826057e-44)
(-0.35797153681451643, 6.346944670963291e-44)
(0.19472889064385657, 3.448763057340087e-43)
(0.34286376789221595, 6.040331522305321e-44)
(-0.20889157962134275, 5.577139675757721e-44)
(0.3786985363170287, 4.604991774059252e-43)
(-0.34254563388227127, 5.41802755031519e-43)
(0.34094261261744957, 6.122555669206255e-44)
(-0.11852761433209208, 1.0420301253362567e-43)
(0.2721697929394046, 1.8061699337691412e-43)
(0.2538160362443548, 1.815930290688819e-42)
(-0.053804814493326344, 9.939123459022523e-44)
(0.19551586042004307, 5.611133580817796e-44)
(-0.05153273177165547, 1.036243394966384e-43)
(-0.39937929543266354, 1.8332643806715528e-43)
(0.289551696772031, 2.0228125254805313e-43)
(0.2517271906078186, 2.8325608859806815e-43)
(0.2561911159895084, 6.925035436064454e-44)
(0.017895797392797695, 9.992119352813208e-44)
(-0.36892794108910204, 8.61693402370454e-44)
(-0.2422006203903786, 1.893483619892963e-43)
(0.3284600542660423, 8.127917237725771e-44)
(0.11106722587456827, 7.92186210408506e-44)
(0.15874194615526355, 3.612859842537551e-43)
(-0.2324539771286758, 9.296164008645383e-44)
(-0.32297044457209106, 3.973942253205349e-43)
(0.2595895593329664, 1.2042611973315835e-43)
(0.22704160736745155, 7.146483583098523e-44)
(0.3459306310076407, 7.741679039656873e-44)
(0.2783795162052495, 8.53731992083076e-44)
(0.42138497528177105, 1.0158142011273903e-43)
(-0.3591169161254551, 2.2960338854833367e-42)
(0.19564533434916187, 5.941446863635595e-44)
(-0.44044837143469423, 1.0284058339313855e-43)
(0.42695861377884853, 1.5502211868239181e-43)
(-0.4800521855643035, 3.005017279391644e-43)
(-0.2351914805205601, 1.131376928844275e-43)
(-0.45778863507827694, 9.809397178904178e-44)
(0.021171486283753045, 4.050662079087179e-43)
(-0.2390014760878634, 1.1928412746948049e-43)
(-0.22650253556415195, 8.68434602526159e-43)
(0.057551753962586244, 6.2685306991166234e-43)
(-0.4125984152550664, 2.239602617045659e-43)
(0.4524634955020851, 1.4950037339922454e-43)
(0.05941387847725535, 6.214708127486423e-44)
(-0.28609412100769965, 5.996986250468257e-44)
(-0.05475487580133416, 8.404153269004014e-44)
(-0.023809423301274977, 3.665484978654156e-43)
(-0.4623295952509907, 9.086494526419304e-44)
(0.04185112053467267, 6.410804258563188e-44)
(0.1801370120108629, 5.692078950918854e-43)
(0.20259891336001418, 6.235978493485452e-44)
(0.073441777366103, 4.173135856669856e-43)
(-0.4294199767350615, 6.098059908077993e-44)
(-0.24715328743698434, 1.1587497696673035e-43)
(-0.08478716152717801, 7.804627228661888e-43)
(-0.11718256932154023, 6.190137630194116e-44)
(0.42804902781903925, 1.1495584081024687e-43)
(0.3825861664534435, 1.2229012755627383e-43)
(-0.10935252358651551, 5.725157289375677e-44)
(0.49127239613029333, 3.2600939938389436e-42)
(-0.0015068722213674639, 5.08340384320562e-44)
(0.39337077615895744, 1.1035448293390179e-43)
(0.4940771498823737, 1.716270685158734e-43)
(-0.4386625489097407, 2.750990485626916e-43)
(0.35166978913317154, 7.32888634228728e-43)
(0.17481183677204115, 5.99346062342677e-44)
(0.45070734161458903, 2.7778125399972545e-43)
(0.39095843747118253, 1.3521294624612976e-43)
(0.03680471216127189, 5.652851808160408e-43)
(-0.4840158924394625, 8.955288013673315e-44)
(-0.1754690158362068, 1.1831209477587718e-43)
(0.3293164846469967, 1.5323604428478883e-43)
(0.042697669527123755, 9.709471130049189e-44)
(-0.15344393564331568, 9.564471021830896e-44)
(-0.22388739341197633, 2.208105789987895e-43)
(-0.003510294819932243, 2.599686851385567e-43)
(-0.24531288581765714, 5.729263175308012e-44)
(-0.4734554334598015, 8.729700980662578e-43)
(-0.1902945177641584, 1.5397105015108917e-43)
(0.45995408835879337, 1.953340483380146e-43)
(-0.04154596284724497, 1.2433524681638396e-43)
(-0.050984906767553934, 2.666950851812662e-43)
(-0.12430116760573388, 5.040422943121904e-44)
(0.47900891619942104, 1.0037302474388695e-43)
(-0.340559969733531, 7.932364112703912e-44)
(-0.049521079940554706, 1.1310695110646537e-43)
(0.05106450947960554, 7.080204377956997e-44)
(0.26737459539294833, 8.07496898360534e-44)
(-0.39652887166906364, 6.0551440599932e-44)
(-0.139713658238319, 1.6288832421850515e-43)
(0.2163601526278724, 1.0260375638251697e-43)
(-0.30062228997692086, 7.958309797258058e-43)
(-0.1148517377742781, 7.326941517491611e-44)
(0.3395827518971216, 1.0596598618161264e-43)
(-0.4893079131824043, 7.015052231365397e-44)
(-0.4006919662716015, 7.449305971324959e-44)
(-0.32392318915752755, 1.0178405519380957e-43)
(0.45550703624077876, 5.798394833284941e-44)
(0.3599744320165237, 8.692400285092879e-43)
(-0.33733009190023094, 2.0842044884493497e-43)
(0.074972740744752, 8.511391816804884e-44)
(-0.15663927584800993, 1.740987187808471e-43)
(0.02051446010213194, 1.8429017911041504e-43)
(-0.4025183727296766, 5.925149031305482e-44)
(-0.415270858700255, 7.110852246847314e-44)
(-0.2322515652994133, 5.014490966708807e-44)
(0.026327657673067294, 2.6802174757309165e-43)
(-0.13386239605573616, 1.2243508124092162e-43)
(-0.021656540765629992, 1.1205351726368269e-43)
(-0.15178317497763483, 2.4003644347008537e-43)
(0.42850202980201224, 3.214494104604324e-43)
(0.458514167978617, 7.273706844031971e-44)
(0.4870329066444508, 1.4370010608421255e-43)
(0.33856848990788907, 6.23353472357415e-44)
(0.255431214924015, 1.3671591847486155e-43)
(-0.41712765676572516, 1.0086458540841768e-42)
(-0.44458491480284656, 1.2723173521203025e-43)
(0.10320118724280875, 1.3910142797749787e-43)
(-0.47340519270681247, 7.212794800748874e-44)
(0.2530531126902929, 1.4934690288035999e-43)
(0.33308142472192714, 5.35461834663438e-43)
(0.025332746642116457, 6.002731722624757e-44)
(0.3505989104048028, 5.08863704959793e-44)
(0.23493070625285034, 1.4144546533140115e-43)
(0.32557450206837607, 9.623532421993024e-44)
(-0.07040757413110259, 5.223880075969837e-44)
(0.3814034915518462, 7.092537666048646e-44)
(0.1988893406431356, 1.6267080109502008e-43)
(0.2874647819293171, 5.30898668216593e-43)
(-0.1928774912965261, 1.201641833094027e-43)
(0.07886829779818662, 6.576899126253222e-44)
(0.040744698700405875, 1.8628942163972406e-43)
(0.13515299278401383, 6.533660998656165e-44)
(-0.28204186771108547, 4.545517488610788e-43)
(0.43552494356829063, 7.75357998555241e-44)
(-0.4877014145142747, 8.573770619467215e-44)
(-0.2621277982873907, 1.219913329413458e-43)
(0.04329177074861861, 9.853568606661622e-44)
(0.31441147376735346, 6.030473089855255e-44)
(-0.37044125585870463, 5.034896099144966e-44)
(0.1836711380666677, 3.3638031683224124e-43)
(0.4635613585268672, 1.0996982955773994e-43)
(0.3040788081205242, 5.647216044338076e-44)
(0.38228233994188354, 9.64714781181585e-44)
(-0.40483544741197386, 1.4922854911983617e-43)
(-0.38737630057708006, 9.016340509950072e-44)
(0.019668109675192856, 6.258153192868415e-44)
(0.36705335877048134, 7.859897111639311e-43)
(-0.4073068191722304, 5.818916447756353e-44)
(-0.2683905584574143, 1.1618402505516754e-43)
(0.48848298221559033, 6.098612628573037e-44)
(-0.4873461506804309, 1.0349639909326484e-43)
(0.15252342707607577, 1.481942403926033e-43)
(-0.25938451402427487, 1.7744388116595939e-43)
(0.4895786052503318, 2.3832870149274634e-43)
(0.26529454787599244, 9.496034348948505e-44)
(0.41442667052980164, 6.515904801243539e-44)
(0.33859632375524057, 2.6425216040550986e-43)
(0.3732968337636186, 1.0797198520620362e-43)
(0.3968150810706312, 6.265664019531098e-44)
(-0.009745977208916947, 1.0121961178648564e-43)
(0.07788075905515417, 9.505331299693786e-44)
(0.18205972363924816, 2.160306776270332e-42)
(0.17131528840271076, 5.833240412081337e-44)
(0.47790774255434415, 1.2316821933663325e-43)
(-0.4955033011965097, 2.5984409821222458e-43)
(0.18444078274595158, 5.20335112331598e-44)
(-0.3192395032174468, 6.069638676177365e-44)
(0.022064034504681588, 5.182577857309683e-44)
(0.022666962266805757, 1.590192057036243e-43)
(0.07289085992590344, 5.690560207566738e-44)
(0.47201546960625085, 1.4366130916881022e-43)
(-0.028555358552950116, 1.5076570301373378e-43)
(0.11560720848269507, 1.25077688305355e-43)
(0.17310144756411674, 4.972253211311384e-43)
(-0.3611607897858602, 3.5693941277659516e-43)
(0.34345188500492, 8.804838277548754e-44)
(0.40588418133744897, 9.546291550795665e-44)
(0.32257962734851814, 1.1589171142781608e-43)
(-0.4632325048225091, 1.7683251870212334e-43)
(-0.41040490353181847, 5.428424271706493e-44)
(-0.05913509506661439, 9.502922324594356e-44)
(0.0569387376648511, 9.831448637229082e-44)
(-0.18706797396746117, 2.4283334194009586e-43)
(-0.07587972024656298, 1.011673829373338e-43)
(0.147088811529737, 5.635488097805941e-44)
(0.008646216007889208, 1.6384989947609124e-43)
(0.062121291194076625, 5.143638835764486e-43)
(0.2616192406836164, 1.0210953478968506e-43)
(-0.11344629870215596, 5.343197184629999e-44)
(-0.47981351775450976, 5.315743047421099e-44)
(0.2708600036168558, 1.6643419021566258e-43)
(-0.27876289385307906, 1.20542812084642e-43)
(-0.4467611953717434, 8.768540400245645e-44)
(0.46461433119593676, 1.785507954398099e-43)
(0.035946363520248846, 5.884871394944978e-44)
(-0.10028255659013222, 1.6909983281970624e-43)
(-0.4867883197212862, 6.776443716466725e-44)
(-0.16796605784638144, 6.075878716971514e-44)
(-0.37313488366164893, 5.6840620464351e-44)
(0.47494654738149883, 5.988156970754065e-44)
(0.14001296072120997, 1.296602907514541e-43)
(0.2148186719488358, 1.24534030316209e-43)
(0.36155936497243674, 7.801991619852012e-44)
(-0.2867679183242658, 1.902111680735735e-42)
(-0.32367567082880383, 7.666899694602671e-44)
(-0.3765203052288361, 2.820693343621767e-43)
(-0.419711769189916, 7.291938782898117e-44)
(0.4946338278586749, 1.6177427173787588e-43)
(0.3882941974573211, 5.109944419827728e-44)
(-0.44368957271948134, 9.569646797421506e-44)
(0.0836045351190288, 1.4875788953119225e-43)
(-0.08590420784295381, 5.948864479151521e-44)
(0.006231015620831835, 1.0465663787952254e-43)
(-0.12591873432106176, 1.3569033345184098e-43)
(0.059322963033564866, 6.757597997462667e-44)
(-0.26150065887818225, 7.36160815017683e-43)
(0.34359606230509604, 1.861813635780646e-43)
(0.4442861019359714, 1.1699801970945485e-43)
(-0.008079646094038538, 1.3077926710761829e-43)
(0.4375661031693327, 5.024211611098239e-44)
(-0.11812925882383205, 1.0774008394493516e-43)
(0.45388481386861806, 9.062250437892736e-44)
(-0.0604868575848772, 1.02375494544687e-43)
(0.33376562762241085, 9.302553065703575e-44)
(0.2103267186190933, 8.094767363985014e-43)
(0.3299832597874759, 6.283447338125977e-44)
(-0.08254864013836012, 5.547786580887253e-44)
(-0.11393428490034496, 2.068018660066124e-43)
(-0.38545037719120123, 1.443905619091508e-43)
(-0.08305735647711887, 1.2688305124768356e-43)
(0.4931328674379049, 1.0455183557080381e-43)
(0.11406606781175016, 5.551677886289912e-44)
(-0.09935669252856547, 9.60126825540501e-44)
(-0.3542672236173512, 6.796902034689997e-44)
(0.3206829610117428, 9.180686405690295e-44)
(-0.11524542748542121, 9.39026499455231e-44)
(-0.4139615607614591, 1.3574314495555308e-43)
(0.023818398510314205, 6.469439322894589e-44)
(-0.13313825600361606, 2.3647343408e-43)
(-0.4557371907742053, 4.727348395877592e-43)
(-0.10546098567191967, 6.691791186082123e-44)
(-0.4392502384649991, 8.426473738109095e-44)
(0.2633532269009682, 1.2590527483172815e-43)
(0.031442806340969465, 6.738105200987009e-44)
(-0.37992032317131663, 6.339151435300873e-44)
(0.0488063964322053, 1.5606912574476369e-43)
(0.026121962619873717, 7.964583774048706e-44)
(0.24893216869777224, 5.483079009488678e-44)
(-0.4671755334887615, 1.2264175069654207e-43)
(-0.17819948418152146, 1.728628622141326e-42)
(0.45212998257206866, 5.774650878909241e-44)
(0.29357640500663157, 8.693436963213254e-44)
(-0.26239475085850955, 8.678697489581068e-44)
(-0.3227870315964064, 2.151926142642977e-43)
(-0.4393497930065432, 5.785096316210047e-44)
(0.3401741677427858, 4.4436192077070825e-43)
(0.31085881846898983, 5.425934287055877e-44)
(-0.283486898675739, 9.645921299288145e-44)
(0.31768846591369926, 5.532548979539652e-44)
(-0.3320827481603799, 5.602942734939617e-44)
(-0.18445470684649107, 9.52935483543887e-44)
(-0.37343395203781315, 6.919349176750809e-44)
(0.3789068282421202, 1.0310943480005109e-43)
(-0.3318893682023041, 1.8790948421735453e-43)
(-0.4591428692640124, 3.494424296584048e-43)
(-0.031324898267586616, 5.233693813509043e-44)
(-0.21368047105952848, 1.1777591946180337e-43)
(0.0947667246080838, 1.0851500579453357e-43)
(-0.47173037787848376, 1.2010638305542557e-42)
(0.13838524828239732, 6.154752558280255e-44)
(-0.1295625533897509, 4.747711287545653e-43)
(0.13885551505409086, 7.279261969940156e-44)
(0.08669067090387546, 1.1055432599418902e-43)
(-0.379120828889731, 8.886683913582462e-44)
(0.04407847644262789, 6.377197899724055e-43)
(0.4964025891186159, 1.6157813983132834e-43)
(0.33585952624967136, 7.353800670805519e-44)
(-0.49101490107017376, 7.040251075325613e-44)
(0.30672807261131346, 3.3525413843475466e-43)
(-0.33152705192358933, 6.712113999256362e-43)
(-0.476543419085172, 6.137251073525088e-44)
(0.345757108982957, 9.28327551934572e-44)
(-0.1568925653324388, 4.497597327031678e-43)
(-0.08203239916479735, 2.191657372273859e-43)
(-0.4600042304723624, 5.419879466468033e-44)
(0.33611966060877174, 1.1082233266893288e-43)
(0.3738980357180797, 1.3474428817268807e-42)
(-0.47059673852667966, 1.878839467808162e-43)
(0.35364285268027607, 5.520014664403566e-44)
(-0.3391461650110328, 1.3327628655270592e-43)
(-0.012959105214301717, 1.183433565246652e-43)
(0.38307790235036204, 7.748751288879449e-44)
(0.40476948133879764, 1.5092352375271096e-43)
(-0.24268765124530342, 6.978355657919113e-44)
(-0.27569698899895156, 1.0574791152220471e-43)
(0.15445805910524665, 5.967414587161683e-44)
(-0.35170837243012937, 8.15590029208862e-44)
(-0.05714668571972164, 2.3707853462396166e-42)
(-0.11584466193454108, 1.1389584287040943e-43)
(0.3481864673213289, 7.547495949480735e-44)
(0.10200162278627338, 4.9489591384197995e-42)
(0.4216786229615767, 8.84777455955666e-44)
(0.01817026163214816, 8.797250733020246e-44)
(0.08041214179236059, 6.079257131722944e-44)
(0.4679034437068179, 2.6923809340871003e-43)
(-0.11735220846793061, 5.1074024815296e-44)
(-0.30353232823186344, 4.886643878793386e-43)
(0.358938117872833, 1.243937428407821e-43)
(0.27004178873978457, 8.481647212553187e-44)
(-0.18418115220466985, 1.939803945416674e-43)
(0.2626434120048022, 6.160193802690145e-42)
(0.49062853993840816, 6.480065992464202e-44)
(-0.2944106195119737, 1.0033721773813927e-43)
(-0.4940602548693286, 5.754681523972228e-44)
(-0.27508830396239425, 9.097120811264087e-44)
(0.2473448660961632, 5.397283668248058e-44)
(0.32490865107381156, 9.715559322599892e-44)
(0.10018006045094548, 5.096966477965665e-44)
(-0.41113843640228126, 7.859462628265614e-44)
(-0.4327687775967163, 8.558672854830792e-44)
(-0.2210966748069191, 7.720757010546223e-44)
(-0.22749810564920428, 5.132293198856191e-44)
(0.31527360573763935, 1.721326984729976e-43)
(0.24242232294771698, 1.7055584535752953e-43)
(-0.10737327391018629, 1.4837558792478282e-43)
(0.0986707525390303, 3.647689195517147e-42)
(-0.33243054506099046, 1.6075444835086897e-43)
(-0.37024056482325773, 7.189576821432413e-44)
(0.44371263499855634, 7.253348214347524e-44)
(-0.4137811450644427, 1.1082911594108672e-43)
(-0.32272249238526624, 3.2430548468733135e-43)
(0.3671162229674718, 1.3404977240890256e-43)
(-0.4233587609571899, 2.8572954619078365e-42)
(-0.06099048669583238, 7.509028011430397e-44)
(0.19831139682783155, 8.027490712380513e-44)
(0.005995808361696614, 6.196223491027661e-44)
(0.2940310796553076, 1.645171391374038e-42)
(0.48167490915098277, 2.8101945319276762e-43)
(-0.26976059656145535, 1.533329961573328e-43)
(-0.2987516799861065, 6.474719166337209e-44)
(-0.03602175458417576, 5.276081725582035e-43)
(0.35014525887811765, 6.193425239547735e-43)
(0.07905194695574819, 8.477434068163392e-44)
(0.1963932433875496, 5.673811536286925e-44)
(-0.45518868852069555, 9.045792021932562e-44)
(0.4180118143815439, 1.2538971132593657e-41)
(0.27919758179758275, 3.756817506110665e-43)
(-0.29371983641694227, 1.3395639833557372e-43)
(0.21339017063515536, 1.3973997217144406e-43)
(0.16628105690462283, 1.7875553305338788e-43)
(0.10346334070346852, 6.178597960093259e-44)
(-0.39034441145409704, 1.2135791873458396e-43)
(-0.027391201000934184, 1.8770769263481418e-43)
(-0.21098143868924465, 9.430934205310242e-44)
(0.2936340610167172, 4.4059766731432526e-43)
(-0.2605104372592651, 2.6721085585535718e-43)
(-0.36027388619175826, 7.729077349056977e-44)
(0.06418676953247465, 1.7805692935002452e-43)
(-0.34395489529503376, 6.1217369424888e-44)
(0.43841260996273207, 2.717579940052343e-43)
(0.28681205114913516, 7.100980265758376e-44)
(-0.11274191199545211, 2.0551822890991674e-43)
(-0.3309741334664257, 2.8375258711480428e-43)
(-0.38735182722749284, 1.1590725761281202e-43)
(0.4767996712661934, 6.744910078787385e-44)
(0.48062430934352046, 7.141851048579865e-44)
(0.39218361546642416, 3.3054670647891263e-43)
(-0.36858606954694667, 1.1985745297017499e-43)
(0.402374853066072, 1.7776229506730264e-43)
(0.30444544220962777, 5.362782059101799e-44)
(-0.06025824169836584, 1.2556502495945428e-43)
(-0.43279990891814524, 1.441569851352842e-43)
(-0.03351803567533268, 5.632228943207537e-43)
(0.3100650154095995, 6.448649864622105e-44)
(-0.034160633510022985, 5.9994929588237025e-43)
(-0.4902496376760974, 1.9253166725670652e-43)
(0.4414601394585368, 4.684198033949273e-43)
(-0.06434583915133013, 1.8515257712580567e-43)
(0.49876390483614236, 6.434037912654537e-44)
(0.12262221071676302, 2.3476401527762088e-43)
(-0.4991161042020113, 7.520284803271261e-44)
(0.3514490973474657, 9.630204670259666e-43)
(0.022274858678621556, 2.0501345385041233e-42)
(-0.3606740223554722, 5.2935886776372145e-44)
(0.07096928929558823, 2.3301449286494323e-43)
(-0.01858504525255582, 4.606673072509123e-43)
(-0.12370346815149882, 1.2278604921392996e-43)
(0.3556408072081502, 6.087819125218903e-44)
(0.1960167051604001, 5.915727086369253e-44)
(-0.21328782278171882, 6.389629905732429e-44)
(-0.39581090477672676, 1.4044493006681475e-43)
(-0.33656160087468256, 5.061781742440023e-44)
(0.27412959523716746, 2.2346479428652513e-43)
(0.06700060171433897, 4.668143179484122e-43)
(-0.03945359272939915, 2.2681696430215536e-43)
(-0.15979329380597074, 5.20361266097479e-44)
(-0.12143908397006445, 5.634593770832063e-44)
(0.48864945606174504, 9.298717287734835e-44)
(-0.4839040322923704, 2.498347364060228e-42)
(0.2960202957201179, 2.3197778731476337e-43)
(-0.1623733695562961, 6.677650909200825e-43)
(-0.2796049503583844, 5.832336984196571e-44)
(-0.1873478866238051, 5.457041037179366e-44)
(0.2234681622848516, 5.753547955858246e-44)
(0.18347377839036255, 1.9487870584873986e-43)
(0.4003213232007751, 3.2454873426076856e-43)
(-0.2243060160434954, 4.092449896412867e-43)
(-0.022232420714120276, 1.0976086922095175e-43)
(-0.020339232188645126, 8.721901465926856e-44)
(0.2501546574807816, 6.269110371311439e-44)
(-0.29441326183576266, 1.1037274561963806e-43)
(0.3218443180003928, 1.406607437248598e-43)
(-0.06101477951982234, 1.0419286584357106e-43)
(0.44713386861528176, 1.282211572175702e-42)
(0.4956079165808375, 1.9292675588114424e-43)
(-0.4110551000439482, 5.868638671664026e-44)
(0.2620927096619207, 5.207151175540595e-44)
(0.329908188920886, 1.349575952790965e-43)
(0.27879813744184945, 5.975579773117847e-44)
(0.05218635973432367, 5.025152768779869e-43)
(-0.33999418246452184, 1.3568271383007148e-42)
(0.4377694216011633, 5.154156722577217e-44)
(-0.04870311527347537, 7.983449594058257e-43)
(-0.396758413345017, 7.09638834963908e-44)
(0.4559496761554983, 6.346043675567128e-44)
(-0.23101450448764618, 8.837902151141196e-43)
(0.07082742817506013, 5.623887410464383e-43)
(0.0017572928425958426, 6.036460288698122e-44)
(0.30494919647483076, 5.64709919764511e-44)
(0.2275310326877425, 1.884729967891965e-43)
(0.47990514653391075, 7.543822020732092e-44)
(0.09016842517789013, 1.121828426120046e-43)
(0.01104875999123618, 1.8710444448108117e-43)
(-0.3387627637350464, 1.2605632752391474e-43)
(-0.31164941124587064, 5.297715792757081e-43)
(0.4895809174447659, 1.1680273437368673e-43)
(0.4328087235607175, 6.777628715860253e-44)
(-0.421101965817454, 6.452828669885528e-43)
(-0.20555279815848998, 2.3000978240919747e-43)
(-0.20947862904567938, 1.6755465685283002e-43)
(0.3991089884740429, 9.32257424216411e-44)
(0.15276432182281746, 8.615486490096204e-44)
(0.14594616146555764, 1.1661117918868145e-43)
(-0.2761799531044448, 8.53738800245109e-44)
(0.4744212734111853, 1.1584871195572056e-43)
(-0.30630424015239877, 1.120810767038193e-43)
(0.08069951961075464, 7.093236272095685e-44)
(-0.2235551347852141, 9.5989936038669e-44)
(-0.3897485715507455, 2.4246711820622083e-43)
(0.46685366717995946, 1.4224874510606383e-42)
(0.26647430314151355, 1.9911294812378736e-43)
(-0.4494092125951921, 9.825137296304667e-44)
(-0.02025345627830053, 2.7662627077056617e-43)
(0.4360852904426033, 1.2608682665154527e-43)
(0.14152592232153713, 5.579093054431214e-44)
(0.36062402825223977, 2.4791750827365706e-43)
(0.34817426648385164, 5.81901569084316e-44)
(-0.4338265911772292, 1.2045654351405817e-43)
(-0.16424245912092783, 5.230673480812785e-44)
(-0.3912042734701418, 1.0426389680726035e-43)
(0.08508121382215673, 5.791805917795583e-44)
(0.3525829288458631, 5.842768437749029e-44)
(-0.4021037146489825, 1.1046177952201966e-43)
(-0.08365711823648582, 5.959071322665784e-44)
(0.2534218597222598, 1.993498526183704e-43)
(-0.3989166614495297, 5.119507723021584e-44)
(-0.3034282619822953, 8.740699653966889e-43)
(0.19272312854065857, 1.9021859877872545e-43)
(-0.011179097506064465, 5.221271715391426e-44)
(-0.496936388054544, 1.685302542313029e-43)
(0.21496671822782962, 1.2510450932914591e-43)
(0.10266856942578163, 1.986799284867867e-43)
(-0.178544875469212, 7.364680676929112e-44)
(-0.11458700732846407, 1.3970578194873985e-43)
(0.24096726290161535, 5.893026695180918e-44)
(-0.23401246513574034, 2.1476152024551006e-43)
(0.4029877161128239, 6.300204794546917e-44)
(0.23875367542637627, 1.1164141171113325e-42)
(-0.4495286659071107, 5.356792488423922e-44)
(0.4695008232715975, 1.4432292116621603e-43)
(0.11207147626255712, 5.900907252654576e-44)
(0.13979008369974394, 1.983001103298114e-43)
(0.07070512161727469, 8.770851564099253e-44)
(-0.37274305001576136, 5.521764313704718e-44)
(-0.1725492481676162, 6.606523370762608e-44)
(-0.0859819571082913, 9.147519059247457e-44)
(-0.3595731691774103, 3.306197825742692e-42)
(0.47626863229686933, 8.727197778930404e-44)
(-0.14343688327059473, 5.14288324031775e-44)
(0.42775044248814437, 5.502385994385499e-44)
(-0.48674162159419326, 2.236452453437536e-43)
(-0.10034103597219382, 2.5126988108606344e-43)
(-0.34495239544901063, 1.109497991913761e-43)
(-0.43389774237417783, 8.083962808084717e-44)
(-0.11862563660153425, 2.6043940387700504e-43)
(0.12812920343936224, 4.571521584113664e-43)
(-0.47849927468790804, 1.3506529088624089e-42)
(-0.10540444081567253, 1.3514566559051445e-42)
(0.4727640316634478, 1.4592920593869909e-43)
(0.30545249222890963, 1.399061371501358e-43)
(0.4751254093709224, 2.533536544149737e-43)
(-0.29618046829164435, 3.557022306463166e-43)
(-0.08500686918679819, 1.4320522973492115e-43)
(0.05104251703112687, 2.254437758723265e-43)
(0.24332309606328198, 6.776879634119541e-44)
(0.3245419192015262, 8.391622212008259e-43)
(0.4126593403659766, 1.9604331373773462e-43)
(-0.4092942737055312, 7.446816633474086e-44)
(0.29532469262583533, 1.4379215221454163e-43)
(-0.23322811965666979, 8.944896125922975e-44)
(-0.08524408013486855, 2.4189728064701834e-43)
(-0.4357623513509096, 5.380269637477531e-44)
(0.004355333642573732, 4.778260629086554e-43)
(-0.2655886359276093, 1.365525852630799e-43)
(0.19718608499999574, 6.345784040437258e-43)
(0.39914158560619367, 1.55636083166235e-42)
(0.11804100196847318, 7.72948665428214e-43)
(-0.4256137355010928, 1.798324524512487e-43)
(0.3145735147112768, 1.002252223604007e-43)
(-0.4759787036662762, 5.2046088883099e-44)
(0.4788797038792259, 1.0991576473909502e-43)
(-0.3697834583164787, 9.022000182780645e-44)
(0.4651354455547898, 5.15311018721119e-44)
(-0.24479869515159647, 9.492536059406785e-44)
(0.4208493808274444, 7.54396886174001e-44)
(0.4287458163317011, 3.3769403671187272e-43)
(0.37863080630722595, 8.063929251149901e-44)
(0.09775988664755046, 7.063840081750044e-42)
(-0.3578361294578688, 7.942783082274482e-44)
(-0.04481075917353536, 1.634510385121647e-43)
(-0.37363176032195733, 5.487799315460168e-43)
(0.2785006157411905, 9.760191204974924e-44)
(-0.25312334465264386, 3.1131687910534885e-43)
(0.3180159401529224, 8.313063912922225e-43)
(-0.06546944453924222, 8.509266029412848e-44)
(0.24122729907417434, 5.932485235466195e-44)
(-0.001236767314551119, 1.0171097822257324e-43)
(-0.39391084075469734, 8.982726762333286e-44)
(0.46080565955428116, 4.226371220973085e-43)
(0.06561860377299711, 1.8302670243499463e-42)
(-0.1582565085119059, 9.652714522924318e-44)
(-0.4701123900062808, 5.41084594468758e-44)
(-0.1594230454663284, 6.404689322870113e-44)
(0.0197086910519593, 5.364365296740365e-44)
(-0.17512357513513577, 2.6852627412326296e-43)
(0.2932003435315701, 1.20703228719361e-43)
(-0.15757678635888336, 5.345266690467033e-44)
(-0.19202757997527387, 1.479201911733963e-43)
(0.3688044987460283, 1.649057479960038e-43)
(0.4820815147465892, 1.4085133722689093e-43)
(0.03732531882394983, 4.758208445443837e-43)
(0.48840023005550515, 7.835939923088247e-44)
(-0.4233551210276449, 9.507186514636303e-44)
(-0.3897325042911619, 6.187043908404919e-44)
(0.20626015064987616, 1.7336930641743644e-43)
(0.4528212741972989, 2.9473285927549965e-43)
(0.0013375126646010271, 6.116235133709836e-44)
(0.22872210953959007, 3.594159888799397e-42)
(-0.05486543686469432, 3.1309092054138673e-43)
(-0.3515803064084659, 1.1306157006096059e-43)
(0.08101955022867566, 1.4680812349052283e-43)
(-0.27784229986569353, 1.5179316926428812e-43)
(0.041759836736644886, 9.827679225940375e-44)
(-0.15205238155740006, 3.862359735668005e-43)
(0.382818504343774, 5.295450667816934e-44)
(0.25648660349670876, 1.7596031263311907e-43)
(0.10596486161380789, 5.807253144509629e-44)
(0.0530470471955199, 1.3330825607883552e-43)
(-0.215343527082882, 2.0808567110577614e-43)
(0.12981111677745738, 7.018199037767068e-44)
(-0.2167720352243251, 1.9179993284997135e-43)
(0.009982176721134895, 2.1361741853243767e-42)
(0.3306492655956234, 6.626644383898013e-44)
(0.4706299618535318, 9.33505946515073e-44)
(-0.0435455474809816, 1.61365567028703e-43)
(0.2909608552015299, 6.541240484109601e-44)
(0.48685823110949134, 7.46308166396658e-44)
(0.20437030092996308, 6.090810345572125e-44)
(-0.2682672496206943, 5.9311767894028e-44)
(-0.2859518918742217, 2.91669128576675e-43)
(-0.44162919814470547, 5.089247808995808e-44)
(-0.465250230050763, 5.037778499452417e-44)
(-0.05069495783323288, 5.0599232687795e-44)
(-0.16937212992877135, 1.9664908878279134e-43)
(0.4125897635709173, 8.206607486596022e-44)
(0.40608282429132575, 9.600027708733797e-44)
(0.2634320200626879, 1.1654286771299854e-43)
(0.40769836160791917, 5.518324715423952e-44)
(0.003620678679117788, 5.517339639563607e-44)
(-0.4135637547346073, 1.840517166791263e-43)
(0.015503498173347407, 1.6006283256141672e-43)
(-0.4020286917148693, 1.2500708115663294e-43)
(-0.421748431380231, 5.938822185640953e-44)
(0.160706313691631, 7.081573452004078e-44)
(-0.3845040574446778, 5.347899622024638e-44)
(-0.05210707851076879, 1.8026625769090012e-43)
(0.4655217433316891, 8.492710016077535e-44)
(0.20174686374310405, 6.0479882915055796e-43)
(0.07715995292901573, 7.457279835944418e-44)
(0.0580387186427079, 1.4424492011240985e-43)
(0.4598492476877997, 1.1837052940060737e-43)
(-0.10015591932205742, 1.332539445821455e-43)
(-0.2737155666694988, 5.409417834512293e-43)
(-0.13351087624856367, 7.357108018659929e-44)
(0.31072605884916915, 1.6494715513488097e-43)
(-0.08368256835433993, 1.4434047435033408e-43)
(-0.19561130055927134, 5.717808662028573e-44)
(-0.3621687866558778, 5.677404204959272e-44)
(-0.21743642177495245, 8.387379212962995e-43)
(-0.012973019912888444, 8.844182189988078e-44)
(0.4237457453782065, 5.552397406066193e-44)
(-0.10819813775567828, 8.860398302508279e-44)
(-0.2800087863285268, 8.325619861489259e-44)
(-0.08842260387756253, 3.2992421631957832e-43)
(0.40121156478966347, 6.045671389288973e-44)
(-0.46706537654737235, 4.859004560578576e-43)
(-0.396862194695134, 3.355301852084358e-43)
(-0.4015560328069493, 7.640878345365977e-44)
(-0.16989852618116508, 2.6959985097060856e-43)
(0.42855223045130186, 3.8966850279457844e-43)
(-0.39870229476290925, 3.4412664013422918e-43)
(0.22877943755013674, 3.171539582331661e-43)
(0.27403288149031496, 9.840609717616965e-44)
(-0.41979968682610586, 9.364927467592932e-44)
(0.026912280071176107, 9.199594032099956e-44)
(-0.03738063773981846, 1.0278273479816438e-43)
(-0.25488400796771343, 6.048562920677526e-44)
(-0.49209211456450447, 1.3053636521435949e-43)
(0.3738711043239013, 1.1795054829885813e-43)
(-0.0584086567008825, 6.581299510193686e-44)
(-0.02472389896568609, 7.47927908297785e-43)
(-0.05209343493157302, 2.0928089580321225e-43)
(0.21115787568221644, 7.710661099880999e-44)
(-0.21352049536057618, 1.068120595534859e-43)
(0.3416680972965328, 1.1783337547952954e-43)
(0.2964072509922853, 7.30923462864557e-44)
(-0.0030038352702089813, 6.010702306879028e-44)
(-0.05487414470425509, 6.700529425178263e-43)
(0.07309995677028515, 1.387920296365808e-43)
(0.41598134090435235, 1.9658081262559503e-43)
(0.4678859782031521, 2.6478185608192193e-43)
(0.3212389734847371, 5.509176927710336e-44)
(-0.1451400937336585, 8.625137190412153e-44)
(-0.3783657285750884, 1.6931785597955537e-43)
(-0.16853645719327173, 5.069405563406905e-44)
(0.19881467480002432, 1.357525462634986e-42)
(0.3495886369316737, 1.3492235823620863e-43)
(0.483624112688242, 5.133605717046339e-44)
(0.28466096851695477, 5.131550565256479e-44)
(0.4040380459606771, 3.511519066246202e-43)
(0.025944299034831864, 2.9659862862417185e-43)
(0.24175336592848973, 5.427371871104125e-44)
(-0.13727447685507782, 7.621064857929903e-44)
(-0.3793728083248847, 7.426779982014692e-44)
(-0.3220599462828919, 1.399668527142075e-43)
(0.005979670781719513, 5.154299267075726e-44)
(0.33571167145697417, 2.2494129393295786e-43)
(0.37590979074577546, 8.102615486519833e-44)
(0.2924121720584622, 1.7097468025956202e-43)
(-0.1012231325985872, 2.2788731145199674e-43)
(-0.4662566248190032, 2.900465282106094e-43)
(0.22258528549214235, 5.123145810086833e-44)
(-0.32733064440088516, 6.0712523200976e-44)
(0.36730865292355686, 1.2246470118039217e-43)
(-0.4005181844485687, 9.825346749450732e-44)
(-0.17517916467762654, 5.619302852296135e-44)
(0.059012456016359016, 9.782571131020307e-44)
(0.2802666323406987, 7.345239248730434e-44)
(0.40755956520714504, 3.058769596935405e-43)
(-0.44456576277935533, 9.020136537679057e-44)
(0.38885755152204726, 9.405912942675536e-44)
(-0.21524113430131603, 6.256101199593823e-44)
(-0.13025248324160696, 5.52310197685657e-43)
(0.3368972826331432, 7.631418798357525e-44)
(-0.42958159691008746, 9.430189910686745e-44)
(-0.4428639570764037, 8.171155464168278e-44)
(0.4214982551275508, 6.535812029257322e-44)
(0.28686851674867925, 5.984013030501736e-43)
(-0.42386651787556445, 1.910526155051773e-43)
(-0.03956443431833159, 1.3035963891335167e-43)
(0.04044356253144506, 7.913095647171735e-44)
(-0.25890468695038127, 6.641440495148894e-44)
(-0.02459602516596964, 5.454049253895446e-44)
(0.1960191489816168, 1.5056558172869574e-43)
(-0.04723183443007536, 6.443345680962734e-44)
(-0.4866436450165452, 5.162069346339541e-44)
(-0.006813360657752414, 6.061701531171331e-44)
(-0.14037246120539862, 1.0762019325921553e-43)
(-0.24690526248157124, 7.319687012784113e-44)
(0.1375522351515067, 8.93037657469941e-43)
(0.26629862976266944, 1.1533232014803168e-43)
(0.47299415971568665, 7.254419149349181e-44)
(-0.19574938706497622, 9.288824216572167e-44)
(0.2910578208306499, 2.5769383412879212e-43)
(0.33101449694856583, 9.050854706625023e-44)
(0.05620082477824389, 2.7389136321590755e-43)
(-0.23914663952415574, 1.5527550750090373e-43)
(0.3909077088223655, 5.408611248030735e-44)
(0.35515427695679697, 6.040278063996344e-44)
(0.25724607648745296, 2.588300084202931e-43)
(0.15490025095382104, 1.7329835653298884e-43)
(0.36026862281048455, 7.486559729845999e-44)
(-0.4331150514833521, 8.156580579969736e-44)
(-0.14332701263221956, 4.9118458796756555e-43)
(-0.17607125379728217, 7.514456844493316e-44)
(-0.2761726188936596, 5.9466204393303554e-43)
(-0.24636365527898188, 1.0986199880808037e-43)
(0.49669816756428914, 5.254075639911631e-44)
(0.37510382147042426, 8.269430697448187e-44)
(0.2129850937211977, 8.314367642416936e-44)
(-0.04257977828617979, 8.058213270120373e-44)
(-0.3192960672724229, 8.534637799439814e-44)
(0.17404257841575338, 6.860822623346677e-43)
(-0.2338203233820159, 7.141774751534616e-44)
(-0.42116622501050033, 5.940247934223833e-44)
(-0.022833766102794556, 9.923261436179314e-43)
(0.3358317790530739, 1.2109369768008205e-43)
(-0.07171080629759657, 1.2092294792477428e-43)
(0.07862769089756362, 8.291903983047333e-44)
(-0.42311433957112676, 8.644630816637351e-44)
(-0.33486017293005776, 1.7882941247960554e-43)
(-0.3966823694150125, 1.2770678314733802e-43)
(0.2975048237258292, 5.838953651610036e-44)
(-0.05710934288942077, 3.1904997291491712e-43)
(0.05888254936991913, 5.046467749787819e-44)
(0.4375444304063104, 3.983065700207401e-43)
(0.2962025078454642, 1.062597182320835e-43)
(0.3662967367428225, 1.2042770394135155e-43)
(-0.3545761986994785, 1.1024957723271644e-43)
(0.00987699697942173, 5.818779126665954e-44)
(0.009063824569313083, 7.154301190115511e-44)
(0.09057435757476807, 6.572040392969251e-44)
(-0.15202274932938878, 5.284186652608481e-44)
(0.403763025028625, 2.9266444291435895e-43)
(0.20184401725954604, 5.43131911624464e-44)
(-0.2166691699824184, 8.627951157923023e-44)
(-0.4189660000369583, 1.0525186373503514e-43)
(-0.3038907394356951, 1.7672143026008624e-43)
(-0.0889229558354277, 2.662128852958878e-43)
(0.4260412390453378, 3.0643529358132314e-43)
(-0.04399239010530583, 9.48536892270674e-44)
(0.16209385495524115, 1.1203835848222407e-43)
(0.12889862814088673, 6.431492928754816e-44)
(0.24346132788939565, 6.462798529332419e-44)
(-0.48489273631590146, 1.2536744312287302e-43)
(0.14776270914737563, 3.0961114590584285e-43)
(-0.04273846838571388, 5.415337419476018e-44)
(0.13635672292445786, 4.623124927092402e-43)
(-0.4212275633720865, 5.900454059172483e-44)
(-0.4799204249426028, 6.954398259539544e-44)
(0.23613640429604102, 1.1727035774516198e-43)
(0.11469099533104096, 1.3533257417656731e-43)
(0.08275835221411544, 1.7697449522876386e-43)
(-0.2535730736596984, 1.4261029587851474e-43)
(0.38383653114682176, 6.8540290067634e-44)
(-0.24378776442857653, 5.224097872155913e-44)
(-0.04490364992036612, 1.0093665458717481e-43)
(-0.42250207980365145, 1.0774502590042984e-43)
(0.40153435575401947, 2.7015133720739165e-43)
(-0.4418805452532209, 3.539246832118836e-43)
(-0.3914438141380894, 2.1901401727360465e-43)
(0.26332271796371987, 9.05777609523403e-44)
(-0.039860432811494595, 7.367965989102912e-44)
(0.1654964090319951, 7.321513985193223e-44)
(0.34379853859532516, 5.856464877032927e-44)
(-0.2342984293529568, 5.190768086034149e-44)
(-0.4003825548614495, 1.7068203040360995e-43)
(0.34750832484240435, 7.711589789428196e-44)
(0.03197677811489519, 5.595507190665682e-44)
(-0.4205994730716191, 6.207618893711231e-44)
(-0.4002738541120407, 4.404271420353849e-43)
(0.07609396952359203, 9.271752116178935e-44)
(-0.110910309223995, 4.785342216499866e-43)
(-0.22082302198293527, 1.8438097529935436e-43)
(0.3226704466111089, 5.276891513285756e-44)
(-0.21221804540822578, 2.110505068652336e-43)
(-0.16461768998669785, 5.597047690200293e-44)
(0.33615310523935676, 5.860690830196252e-43)
(0.14696874143652927, 5.33375801116497e-44)
(-0.05278865198087008, 1.0533360942838708e-43)
(-0.36651692762822685, 5.843040004723739e-44)
(0.16059272505010205, 3.5050781374786206e-42)
(-0.3767213698114323, 2.6130124934824317e-43)
(0.2285740345265402, 1.635686785935388e-43)
(0.47670951601081485, 6.768605545015085e-43)
(-0.4137760512140609, 1.302176532734852e-43)
(-0.4366162831101971, 5.476968256914056e-44)
(-0.035842264246995555, 1.2960943252724655e-43)
(0.08603467045843786, 8.731581010523855e-44)
(-0.444915379017165, 8.247084022233861e-44)
(0.17524794532296736, 1.306305635329113e-43)
(0.16105602608058942, 6.155683547415673e-44)
(0.06201211641500414, 7.077707889290469e-44)
(0.17301040842453874, 2.225284258043192e-43)
(-0.17824309919418677, 8.040332847009428e-44)
(-0.28576165953872934, 5.896452537510015e-44)
(-0.3983201559601823, 2.2996562272995703e-43)
(-0.4024765753061254, 5.333945612180753e-44)
(-0.14326522595026045, 5.306123649163232e-44)
(-0.4375883966193134, 5.488415249716534e-44)
(-0.09466164933376717, 8.174141531634049e-44)
(-0.02587749712598253, 5.157653707893523e-43)
(0.28433753731505, 1.6840891181560086e-43)
(0.2446463014397486, 6.120935950551625e-44)
(0.04675956287557694, 1.6275750067677803e-43)
(0.3779033561586773, 7.726878070070145e-44)
(-0.2917025198525437, 7.273750647174642e-44)
(-0.09906072065628335, 5.453147287442487e-44)
(-0.02984832176931532, 1.1213290830256529e-43)
(0.25573886119652217, 2.5224284983916623e-43)
(-0.14115610001526108, 1.0281712793179834e-43)
(-0.15231193675814622, 9.977587521286915e-44)
(-0.3331565592227165, 1.1927844341889618e-43)
(-0.2841246651848066, 8.573951338282478e-44)
(-0.4138834123964103, 5.890008261191289e-44)
(0.09034855071025757, 3.3506999415195787e-43)
(0.24869905562083555, 5.744206686495613e-44)
(-0.23942947935732786, 1.9036209988740694e-43)
(-0.3692852372268837, 1.1136943338400494e-43)
(-0.36193033171105427, 7.150588771556709e-44)
(-0.17456389165822986, 1.4518088598168829e-43)
(-0.013502778783123575, 8.231918873857419e-44)
(0.30752542403424155, 9.098932920069045e-44)
(-0.3602645529121585, 7.886399282223379e-44)
(-0.2893768898927946, 1.4138605459131231e-43)
(-0.1646331120060983, 6.452732143487599e-44)
(-0.07987580417457521, 7.490760557365804e-44)
(-0.3054503235196699, 5.23875527313266e-44)
(-0.05472251548352135, 6.813255515650368e-44)
(-0.407431975171916, 1.700725302957956e-42)
(0.14687945530672916, 1.1699703925890556e-42)
(-0.1470105298701868, 1.964853874882842e-43)
(-0.23269978810772873, 6.312427266826746e-44)
(-0.218787532340007, 2.1148276756390793e-43)
(0.05773653931271031, 1.2413905567279868e-43)
(0.05943193421014901, 1.3726047270676246e-43)
(-0.1333193199871522, 1.209065158160191e-43)
(-0.4135521521687572, 6.967434933859166e-44)
(0.31254599783882464, 1.6988005589584214e-43)
(-0.19691572387298797, 4.472937840785321e-43)
(-0.1557251130052237, 5.044772808960172e-44)
(0.4251018207770585, 8.588308145854774e-44)
(-0.02807257896919661, 8.034916465133073e-44)
(0.4350451392312548, 7.146195511942136e-44)
(0.37808800641320306, 5.81065798568604e-44)
(0.015894783167551094, 1.4284811467823574e-43)
(-0.32790671654235165, 8.617462557986131e-43)
(0.2650701336654152, 8.036322753752671e-44)
(0.36168309960746936, 6.188180595057003e-44)
(0.12905727185218255, 6.100317315992416e-44)
(0.06914161289542128, 7.680043182467287e-44)
(0.47013483504085335, 9.874748122188424e-44)
(0.3059870677706149, 9.696778211274485e-44)
(-0.09418060303010076, 1.5534573963154835e-42)
(-0.042511182282756355, 1.7847962271199486e-43)
(-0.058243728660651674, 9.507817307891776e-44)
(-0.3672299664426514, 1.2147916124641494e-43)
(-0.19844389013731126, 3.4422371613241872e-43)
(-0.45720062745194734, 1.191060847970907e-43)
(0.19179910066816153, 2.61310655102993e-43)
(0.11760040551182487, 6.54669559630224e-44)
(-0.4922182266343963, 1.7031430590976452e-43)
(0.03456143059547612, 1.1774262631970218e-43)
(-0.007182730804052191, 1.01769437005693e-43)
(0.3538527150665036, 8.117177550706198e-44)
(-0.22024615037025663, 2.143297516134249e-43)
(-0.23606745335807722, 6.899345360284711e-44)
(0.4138924095808179, 2.8236962428084923e-43)
(-0.4488780718369063, 2.8322853738105114e-43)
(-0.3797324194320633, 4.740334021485631e-43)
(-0.06658836271230419, 1.5561754891514281e-43)
(-0.2965874927868988, 6.368024587419622e-44)
(-0.10281990912469602, 1.4459800143920433e-43)
(-0.022439970184331595, 1.113864721333468e-43)
(0.32660610726172, 1.4032154275747784e-43)
(0.3787574654684449, 8.115800083491911e-44)
(-0.4987678210472448, 5.486887798445993e-44)
(-0.1809640442770227, 1.629679300804715e-43)
(0.016060936438323233, 6.759362477778545e-44)
(-0.43714441707327595, 7.628452016321972e-44)
(0.36700760831028556, 5.229369246081159e-44)
(-0.25000470848859735, 1.776283344430821e-43)
(0.09659153769068787, 5.354008792631922e-44)
(0.05382038157494303, 6.500948487061724e-44)
(-0.0225710967983574, 1.600596456640066e-43)
(-0.2360237081890096, 7.587269304837939e-44)
(-0.2649192518153309, 7.17827252615897e-44)
(0.417532222163209, 2.6648506324048806e-43)
(-0.2261440556809057, 6.475827230403401e-44)
(-0.2151988120174834, 6.598024033286714e-44)
(-0.04193072297781502, 1.268868071942934e-43)
(0.2886857721693337, 8.065292999149295e-44)
(-0.0962287200013615, 5.52223555412218e-44)
(0.3987473561937309, 1.41224675181252e-43)
(-0.29984298490350436, 5.517895912176187e-44)
(0.4689736141762372, 8.670080332241915e-44)
(-0.43788677841974916, 5.349918456318011e-44)
(-0.26084948609846764, 1.2023937358817528e-43)
(-0.24644199508169268, 3.890617060875747e-43)
(-0.29731211728711665, 1.13731239101649e-43)
(-0.06063288517873216, 2.5162929296145003e-43)
(-0.21262157517169764, 3.72957823679706e-42)
(0.19965193211221158, 8.378585341475649e-43)
(-0.38274324317207775, 9.062425602351048e-44)
(-0.13533351279108521, 1.867632942254902e-43)
(-0.16541103392104525, 1.329817780124146e-43)
(-0.3200783853701952, 3.445878139368263e-42)
(0.15740880271713856, 5.057754832683648e-44)
(0.053719613681358316, 1.3666056022595028e-43)
(0.27717477872977664, 1.3065850520287232e-43)
(-0.14291363338897095, 1.3851197996478333e-43)
(0.045306301495855385, 6.354235218825107e-44)
(0.11046970013439891, 1.0288093640223125e-43)
(0.4547862756194739, 3.051814804553749e-42)
(-0.30250185127523527, 7.144461489068592e-44)
(0.12104517603235788, 5.265964774225804e-44)
(0.020834520750387744, 6.113999289344335e-43)
(-0.1604545368386001, 1.8657097031767048e-43)
(-0.33947807090298227, 8.452046391852653e-44)
(-0.12909516581232133, 1.462994693262622e-43)
(-0.25130608870049886, 6.269282579103271e-44)
(0.19389488358420814, 3.065011960098805e-43)
(-0.1244462534588577, 7.309468628605396e-43)
(-0.28494229263661175, 3.7199925637406664e-43)
(-0.2311762633451979, 1.8621667772123827e-43)
(-0.02156476430548436, 1.9526742459224673e-42)
(0.017806389624546733, 1.0705198242638494e-43)
(0.26057983125275547, 9.562060326173881e-44)
(-0.47404394777767817, 9.243828806532636e-44)
(0.2820301795374001, 9.55943913995741e-44)
(-0.17214735959238864, 1.5966038334921374e-43)
(0.14281432248176107, 5.920485686847964e-44)
(-0.16946048825568058, 6.597970506174083e-44)
(-0.2104430823412644, 6.828942237789116e-44)
(-0.22820251749607734, 2.7133490868843916e-43)
(-0.2765423370841428, 7.495134721409671e-44)
(-0.4580131437466413, 1.555226510778013e-43)
(0.035897636163713345, 1.3186910398648334e-43)
(0.17191416375375088, 6.944128145154649e-44)
(0.3777972911560455, 1.7354740084133543e-43)
(0.11386893685567875, 3.0737604763924032e-43)
(-0.01716152015430126, 1.512052193024431e-43)
(0.08650959162451476, 1.1538820352786857e-42)
(-0.37812977914783447, 1.6778793814726656e-43)
(-0.44305564600700004, 1.0734418735378523e-43)
(0.44239003782177216, 7.277948681409772e-44)
(0.2603626271860753, 1.3310459609787002e-43)
(0.43145315181263416, 6.928016171726642e-44)
(0.04163487967512764, 1.1952138483517903e-43)
(0.2363238068184469, 1.1863256693581862e-43)
(0.17040968014171784, 5.123129892581007e-44)
(0.30705997925074247, 1.193784336955223e-43)
(-0.10674598640043033, 6.098139576553549e-44)
(-0.3008765750616807, 1.0762417448217414e-43)
(0.32826942881152027, 6.002189013684291e-44)
(0.12251842913804936, 7.063424590808201e-44)
(0.010060469768526682, 6.974005088169102e-44)
(-0.1789607550129375, 5.814808860875936e-43)
(0.30209224473215385, 7.141150069619359e-44)
(-0.42757085491483926, 9.382271372688381e-44)
(0.13641963146482475, 2.417895935888853e-43)
(-0.16970335676299778, 6.292732720338156e-43)
(0.14447502460673037, 7.118755128001472e-43)
(-0.19895062216419027, 1.4711471675356767e-43)
(0.03559852280331392, 8.595078455539138e-44)
(0.27329571524661594, 2.405617296785183e-43)
(0.24224516986266734, 9.114555503436207e-44)
(0.26275170837858003, 1.022881140884576e-43)
(0.20783838790006412, 4.471739923413925e-43)
(0.47287337730065876, 2.159031610779614e-43)
(0.17694274155456843, 1.1630028293391489e-43)
(0.47999985780780013, 1.8380169723184846e-43)
(-0.33606494745009136, 5.072066192906313e-44)
(-0.2562718374419174, 1.5061162896306109e-43)
(-0.02260011956478866, 1.0483919986914531e-43)
(0.4263504463169753, 1.2834339395562862e-43)
(-0.2874498808585826, 5.473553508477909e-44)
(0.47043478997906346, 3.4620221109337863e-43)
(-0.14256686394097612, 2.5507451069069965e-43)
(-0.10574394648245973, 2.326894613108674e-43)
(0.2001044443737437, 2.220646635769772e-43)
(0.30508698822971553, 1.449888830862897e-41)
(-0.3667941753144044, 7.295389469317932e-44)
(-0.3911481396332413, 5.450911421204068e-44)
(-0.40028820004422416, 1.3715789866650342e-43)
(0.05376674655616318, 3.3471157313902548e-43)
(0.12197759875341166, 2.3996463394974334e-43)
(-0.1385607049448678, 1.3555299503934916e-43)
(0.30989854974820835, 6.543591876197701e-44)
(0.19901751390956782, 5.905497426631996e-44)
(-0.39752715225784824, 4.46850817622323e-43)
(-0.14439610900897037, 1.3731224226933215e-42)
(0.3801626214250088, 6.104286032367876e-44)
(0.12152549601325721, 3.5865493037521046e-43)
(0.3332233695066096, 1.3273738255846337e-43)
(-0.12190410892287169, 1.989765227760028e-43)
(-0.2991826858802214, 5.159269136858449e-44)
(-0.2973822646729558, 4.1996669702871455e-43)
(-0.03250747239377733, 7.057067276150237e-44)
(-0.12249471055716551, 5.089471189716389e-44)
(-0.27127583738982464, 6.107978383983743e-44)
(-0.23461700917082806, 7.280854371323462e-44)
(0.40319526823005253, 7.573922263618822e-44)
(-0.0518930725553748, 1.0959443781025228e-43)
(-0.12695993636724218, 9.430111502334912e-44)
(0.07194234458478306, 6.307248798116878e-44)
(-0.2816818121434095, 2.602347356108076e-41)
(0.32102880211363893, 1.3953862953595816e-43)
(-0.020343615719812396, 2.0053034357478026e-43)
(0.2928394965029455, 1.440878875094265e-43)
(0.08541814780297947, 2.029916417119617e-43)
(-0.1238750781476234, 9.492759800484466e-44)
(-0.13102812798381325, 1.0000660099202976e-43)
(0.364892307518975, 1.3634526584951646e-43)
(-0.4646561627316105, 8.743105216511591e-44)
(-0.28585130284599325, 5.720956452473912e-44)
(0.36138303393371213, 2.1175345036807198e-43)
(-0.37804099264993113, 6.059918301016904e-44)
(-0.3209038599813273, 1.4035218801171774e-43)
(0.3768821589952517, 4.866931604689299e-43)
(0.061486908571512545, 2.0578906045800558e-42)
(0.4554382126100126, 6.089234695146396e-44)
(-0.49751012032973824, 5.535780572068391e-44)
(-0.03799860648950599, 5.221402078278896e-44)
(0.3286304632930714, 6.799036016224252e-44)
(0.34490174475191065, 8.422501065566049e-44)
(-0.3594053647819254, 1.4195964410577327e-43)
(0.3883370002548767, 8.811288768963928e-44)
(-0.23851652502311116, 3.577542820471864e-42)
(0.004352127543199892, 6.3430871284224064e-43)
(-0.1946091737943337, 1.4018063379343592e-43)
(-0.03535979718503213, 5.433993810943907e-42)
(-0.15175110536263567, 8.300225235471119e-44)
(-0.47509569493076353, 5.083426174120923e-44)
(0.19606990119003154, 6.288840543021957e-43)
(-0.49621907829898976, 2.1869172269598827e-43)
(0.24382591783046226, 1.1637985175094315e-43)
(-0.28610877088048114, 8.851685319776859e-44)
(0.342689209409181, 6.391670523370575e-44)
(0.08481944683959228, 2.246712556550118e-43)
(-0.16471574343594933, 2.7478510152208137e-43)
(-0.17778949965106935, 1.0301900492391038e-43)
(0.30063296595904093, 1.0074036116752573e-43)
(0.23307395239227885, 5.401342929640721e-44)
(0.040522747027443254, 5.680304854170458e-44)
(0.4544860539465782, 1.2110630613764453e-43)
(0.007931820617624395, 7.186315778134979e-44)
(0.3978695725544582, 1.3352669992011388e-43)
(0.11780913387830183, 6.900921675573341e-43)
(0.15547403219121844, 5.546279311608441e-44)
(-0.275332755875038, 5.201913066120131e-44)
(0.15070356721955955, 2.074853192946135e-43)
(0.11339139802966224, 8.296880580268869e-42)
(-0.34261152390136995, 8.645775147515454e-44)
(0.4835538394409078, 6.132558987633513e-44)
(-0.44438852780257343, 1.2180216987118516e-43)
(-0.06516992476045906, 6.026479580502127e-44)
(0.37295839061469677, 5.933851236297848e-44)
(-0.31406863311143074, 2.844867099532144e-43)
(-0.25760439084303316, 1.1810676607838395e-43)
(-0.12754949615238664, 5.505613008432762e-44)
(-0.4208496605685501, 6.395513395593315e-44)
(-0.2854615109631342, 7.977982034021462e-44)
(-0.2357720287292589, 5.455259869468608e-44)
(0.30806010134798667, 1.1950499572841031e-43)
(0.3360028694871877, 7.93218980787013e-44)
(-0.01879540682018669, 6.346141549422541e-44)
(0.39584366222757406, 3.724842092194718e-43)
(-0.012724780463301921, 1.0215807729543979e-43)
(-0.1450898828905894, 9.492044302760183e-44)
(-0.22353898621734108, 1.064351810643392e-43)
(-0.06081479221517816, 2.2320251728751468e-43)
(-0.054452252310199754, 9.187442494434062e-44)
(-0.3550390491989156, 1.0205635216015854e-43)
(-0.4637471756177574, 6.038233722104455e-44)
(-0.3354741369726125, 4.8352009722314905e-43)
(-0.23654183917217364, 5.489037970304605e-44)
(0.4724333819993884, 6.627746833526387e-44)
(0.3293411123467093, 9.540975633709201e-44)
(-0.24660896015790396, 5.314575583078165e-44)
(0.21092306539104672, 5.196906107811027e-44)
(-0.1164903900383228, 9.014065836534346e-44)
(0.21750328594462778, 9.479857268871863e-44)
(0.09475899564512538, 1.4477039233566306e-42)
(-0.3019028866921267, 7.002203218057574e-44)
(-0.36075011861206474, 7.174216659079249e-44)
(0.18013166018707902, 6.608409773219468e-44)
(0.30253723439437663, 9.014101641411456e-44)
(-0.04153428224098796, 1.3133756736445509e-43)
(-0.210471763443759, 7.21890621955003e-44)
(0.2882849027238005, 1.5345224107441945e-43)
(-0.480321690607513, 3.2304334975885234e-43)
(0.38786696484744443, 4.304114221113588e-43)
(-0.23641260398383665, 1.7668328130212947e-43)
(0.1613414247667526, 5.5686586894876e-44)
(-0.37669748177274553, 6.223766929478052e-44)
(-0.3034356441912427, 5.78814969891787e-44)
(-0.492788358551143, 6.114475491101856e-44)
(-0.1648831566884943, 1.0607951219108447e-43)
(0.36836637740675554, 8.017483968946032e-44)
(-0.43113786537591126, 5.894622817193378e-44)
(0.4864672959959959, 7.78345545328757e-44)
(-0.2790609641509333, 6.497847831003036e-44)
(0.1985001280509567, 3.851454665195706e-43)
(0.12668788930148372, 6.767888595200476e-44)
(-0.17961852589301155, 7.685117458584096e-44)
(0.3946217590497497, 7.722757383995379e-44)
(0.3869939315508448, 2.7760584120100443e-42)
(0.24319031640592859, 2.3886710827573626e-43)
(-0.3005753561617297, 8.612192257085861e-44)
(0.4324376455149219, 1.3409521122085822e-43)
(-0.39938213786208265, 7.16932070874144e-44)
(-0.22317606487738043, 2.22626377297211e-43)
(-0.2330169101456145, 1.777829803356737e-43)
(-0.15448627691171993, 6.259669778704169e-44)
(0.0723572261036928, 1.2930832008803597e-43)
(-0.1644790785757944, 1.1941305841061713e-43)
(-0.22522050491599918, 2.2925470003303828e-43)
(0.08246793101141058, 6.608316235916833e-44)
(-0.2551054378228402, 2.019059302258322e-43)
(0.38776859187156565, 8.312157235335653e-44)
(-0.08209842106800244, 5.312994980326604e-44)
(0.45521817922736224, 7.804497009907465e-44)
(-0.4776671481274541, 5.478230573076199e-44)
(0.11552166483675713, 1.5887723756142485e-43)
(-0.33554917101905823, 5.887986589996128e-44)
(-0.4586956013035818, 6.795741979856713e-43)
(0.42002540442515096, 7.818811300406202e-44)
(-0.22834922035119742, 1.6072036060303884e-43)
(-0.051984383039983754, 1.0223262216534999e-43)
(0.026500676614988644, 1.944396481084698e-43)
(-0.07648699231641216, 9.180762174034754e-44)
(-0.49755312961042786, 9.620272727486649e-44)
(0.23978461901932419, 9.781506677900974e-44)
(0.10184842950870981, 7.174582578054172e-44)
(-0.15201428470268855, 1.5140047965672186e-43)
(-0.3621755689304632, 2.5778094382894554e-43)
(-0.35102182461553005, 2.235427755127519e-42)
(-0.4747243958903629, 6.130411035970955e-44)
(-0.39726311474846493, 6.284725893702031e-44)
(0.1586795840375667, 6.352408984027443e-44)
(-0.048006473567731585, 8.910060008514749e-44)
(0.41243204272646083, 5.936913119814826e-44)
(-0.09159134536464499, 1.0296103604312725e-43)
(0.3215944381068241, 1.5907789028370555e-43)
(-0.3208925088050033, 1.9675752531311374e-43)
(0.11942439276120544, 4.892286400382589e-43)
(-0.42327484032558943, 2.217975494118455e-43)
(-0.3614056757217463, 6.931866190486214e-44)
(-0.013814061041541549, 1.813350070069003e-43)
(0.3987413371776631, 5.94159064003375e-44)
(0.07328398592781121, 6.137612159759888e-44)
(-0.4125793566536646, 1.1301747279873807e-43)
(0.30104341248420474, 5.616638588825848e-44)
(-0.3820446052554725, 2.744881800561123e-43)
(-0.11728994212902588, 7.263177053555296e-44)
(-0.46859569148115476, 1.826446635772219e-43)
(0.394495755446608, 5.781070274170431e-44)
(-0.4016211156058852, 1.4068304794040455e-43)
(0.06473605258078641, 7.164018855768263e-44)
(-0.3051174199351114, 2.4094293168242262e-43)
(-0.4003122270803209, 7.010006343687767e-44)
(0.27040537811948206, 5.291357520379167e-44)
(-0.41340125811530387, 9.538828398890765e-44)
(0.2554879385124007, 6.422719305197932e-44)
(-0.15425571343051084, 9.233480560399718e-44)
(-0.4880835388796298, 5.104284844200794e-44)
(-0.27675292056138956, 5.224334073900686e-44)
(0.07472998465528918, 6.5614212216407075e-43)
(-0.03920079922508033, 1.001525188824376e-43)
(-0.006613537641413415, 1.4592083277315422e-43)
(0.47006602603572645, 1.2171316967877005e-43)
(-0.42668738455028515, 5.333710880443288e-44)
(-0.09638307046737023, 1.3077853030235155e-43)
(-0.3971390315414555, 2.4074121079615535e-43)
(0.4832636687743016, 1.0684716119084149e-43)
(-0.16252074275264194, 6.381657120090657e-44)
(-0.15409071872395758, 1.4631425849460461e-43)
(-0.018651758958886214, 1.9230989692166387e-43)
(0.21642944045842097, 2.108679323549978e-43)
(-0.0180449286570335, 6.965814534263346e-44)
(-0.4259469585894897, 1.1725054799465465e-43)
(-0.22606651626256025, 9.9586656048867e-44)
(0.3091958914676106, 1.864829629042089e-43)
(-0.17811171852039998, 5.252805566821503e-44)
(-0.38425055758176185, 9.804076259640002e-44)
(-0.4900974789913983, 2.7605165795288196e-43)
(-0.49818595907854435, 2.5023585931392868e-42)
(-0.04358911342496334, 7.711388641992957e-44)
(0.270858126061294, 2.7628873698791055e-43)
(0.12577216198460914, 1.299623017514738e-43)
(-0.3120138051088484, 6.377154768388764e-44)
(-0.2884143790624914, 2.0774038591560175e-43)
(-0.07039883041998231, 7.902767768808925e-44)
(0.3371283711671589, 3.2283583151110735e-43)
(-0.37307494772573696, 6.613939045331041e-44)
(0.38478365092785755, 6.469628171170814e-44)
(0.35587584691022406, 2.5490086937769525e-43)
(0.05693234634051879, 9.819886666308886e-44)
(0.35097065678371175, 7.869973663165784e-44)
(0.14231578614952728, 7.366961005857676e-44)
(-0.11870234110831283, 5.440806817207272e-44)
(0.136983226292651, 1.52432469926407e-43)
(0.368455524462314, 4.3223693470064546e-43)
(-0.3525460075674088, 9.28741887033216e-44)
(-0.19288682331444215, 5.984969959791528e-44)
(-0.19764924771027978, 5.157851107065851e-44)
(0.058258481918897737, 7.14101423981717e-44)
(0.1228689176165, 1.550234309344126e-43)
(-0.17854543250581056, 1.3362694810461942e-43)
(0.17396106645831735, 6.009103302707123e-44)
(-0.4881776397123946, 6.422933299687087e-43)
(-0.1900010697134864, 6.380589154207734e-44)
(0.12913965978140474, 1.6814961834661308e-43)
(0.31496503507171647, 5.630063396375895e-44)
(0.3184967572499201, 7.260798768185579e-44)
(0.22170752662156074, 3.702130816715296e-43)
(-0.010768435950636947, 7.909179810798321e-44)
(-0.1694044303895567, 7.701306903354458e-43)
(0.4365847231732117, 1.79558956257668e-43)
(0.050384373598300974, 7.933521927579064e-44)
(0.2575642476967875, 6.323315213016081e-44)
(0.15432589437059177, 8.163415346450135e-44)
(-0.42056563365814525, 1.0169313758329619e-43)
(-0.48356530140814546, 7.227706900467396e-44)
(-0.0944211905065412, 8.537027258760621e-44)
(0.33715045860651177, 8.396720245391289e-44)
(0.12237431747887012, 7.24104096951746e-44)
(0.36278433976549873, 5.803557974708305e-44)
(-0.1959916390991363, 2.1781117867065303e-43)
(-0.4451981856810506, 7.092562795734121e-44)
(0.2612675513798345, 1.0270871808257641e-43)
(0.23686082724724541, 5.156413794861066e-44)
(-0.15785346196727779, 5.168635012386552e-44)
(-0.3116666937766656, 4.825794165758432e-43)
(0.4871319701103277, 9.690993055709389e-44)
(0.043430494087399955, 5.080301082327964e-44)
(0.37671027784494343, 1.2946253601660428e-43)
(0.035742231611676896, 9.814393929279868e-44)
(-0.38591293031022084, 9.824928895070862e-44)
(-0.17207715411803243, 6.496686061996888e-44)
(-0.19015864349283804, 1.7269599200973063e-43)
(0.18303575551764628, 1.1142537103793206e-43)
(0.1768523617847238, 7.700897431973669e-44)
(-0.22796399377871232, 1.6290331280549317e-43)
(0.27582293708701555, 9.877358950229957e-44)
(0.4115176910505868, 9.0115401708593e-44)
(-0.48035364798748903, 6.407496957410948e-44)
(0.11167646136181082, 5.305747353162255e-44)
(-0.4972742830023523, 3.846900421443906e-43)
(-0.014177271806405684, 5.314617049672885e-44)
(-0.015522864923950141, 1.6179950042045995e-43)
(-0.47472662626988266, 5.947900135614618e-44)
(-0.059070630337586603, 1.0161863275938818e-43)
(0.46721708120399125, 1.3495764759744024e-43)
(0.3426234978401905, 1.4984364640548232e-43)
(0.20718656972356816, 6.174068260620419e-44)
(-0.10295573460487262, 6.666672111987038e-44)
(-0.3255307988437401, 8.603473001519601e-44)
(-0.30556018191314044, 1.4014514529152996e-43)
(-0.3548738017912416, 1.5002326366774262e-43)
(-0.49027972769669964, 6.183729874009562e-44)
(-0.30671527721605585, 8.171370216987381e-44)
(0.15468798320242846, 1.8055167117047744e-43)
(0.1804291327650804, 5.610789829402897e-44)
(0.09560842198963575, 9.113970820106539e-44)
(0.11152242676684639, 5.621276793003761e-43)
(-0.2635744255294586, 1.489173656886907e-43)
(-0.48580602874273654, 5.448962435577055e-44)
(0.2570729623775989, 1.2984650074068225e-43)
(-0.20452259409841123, 4.955702525373033e-43)
(-0.20238434685522536, 1.1482452767401805e-43)
(-0.45724005921267225, 1.4129813378223989e-40)
(-0.3196403894471769, 5.972416308974705e-44)
(0.08244587834600413, 5.121372905012327e-44)
(0.4484985277166237, 1.9026796964188267e-43)
(-0.41714461185886653, 1.4136091293168667e-43)
(0.3168689048491094, 8.092808964451876e-43)
(0.3424924330242536, 1.4305085223358326e-43)
(0.3587628723101683, 5.256904396382421e-44)
(-0.10767048893308541, 5.290187174328982e-44)
(0.19155473546150284, 4.00987011541734e-43)
(0.12083964156778469, 5.452453587407201e-44)
(0.19113903166272747, 1.1938391456317257e-43)
(-0.44482024405312615, 5.744687825191932e-44)
(-0.28963351662921655, 8.678579779993142e-44)
(-0.24079349205086, 6.360908605553094e-44)
(-0.22975062092040052, 9.940743987220542e-44)
(-0.12656169206491355, 1.2291385342478752e-43)
(0.47883420080047595, 4.9680199223597365e-43)
(0.3951806039017903, 5.944125806991143e-44)
(-0.4558503464105814, 6.396857034879437e-44)
(-0.4781708656323565, 1.7532883076156497e-43)
(0.11943620519282044, 1.4725517404153266e-43)
(-0.4989164695592505, 1.1116116148961064e-43)
(-0.07454193212765187, 5.44511224603318e-44)
(0.15937189166976312, 2.458604896689051e-43)
(-0.04431118540167682, 9.668251750769463e-44)
(0.2414457951496708, 2.4437449393153484e-43)
(0.12216359291678089, 4.244706572966151e-43)
(0.34299858853564646, 8.702502143060595e-43)
(-0.1376104338845575, 2.1703109824500753e-43)
(-0.2285405368118893, 6.822400174687144e-43)
(0.31690704166510825, 4.8283250383012105e-43)
(-0.2523397598813279, 1.2712235960305562e-42)
(-0.2392399080444259, 6.675512593669079e-44)
(0.282091979314787, 6.223531489541845e-44)
(0.49636346276374715, 6.938506480643417e-44)
(-0.36664892177170105, 1.1636616135294336e-43)
(-0.2505579463970752, 5.548598348890713e-43)
(-0.3715662602885554, 7.11546645974882e-44)
(0.21264992050428727, 9.894036757675386e-44)
(-0.2605909593913411, 8.482953402828961e-44)
(-0.3002010940050348, 8.146881862139279e-44)
(0.08428473509325282, 6.7730995990370005e-44)
(0.12436804731790031, 1.1644678558951477e-43)
(-0.4518116278638585, 2.761844755238832e-43)
(-0.4808496491929204, 2.4170744857826996e-43)
(-0.36293160857880713, 9.719001369466119e-44)
(-0.061017809919115595, 1.0153569471987962e-43)
(0.05681620539187759, 7.279429387789331e-44)
(0.24486459340269234, 2.6088900938690234e-43)
(-0.0702960836455373, 6.562390355747873e-44)
(-0.4136111293421725, 5.82527204167779e-44)
(0.478507821136912, 5.353476333045079e-44)
(0.02790183203415745, 7.648057050168329e-44)
(-0.19346425404698442, 7.98222862134228e-44)
(-0.24402724545648685, 2.4942827094947453e-42)
(0.3183114375662595, 6.533688418347776e-44)
(-0.47274016934749286, 2.684872952930106e-43)
(0.35268379801969085, 6.010149248988646e-44)
(-0.24911962949429034, 1.5049264787871409e-43)
(0.09917359058505558, 6.546475299329903e-44)
(-0.37468895655433365, 1.1615152576896325e-43)
(0.2626120037089999, 6.986205706482497e-44)
(-0.3497385088216183, 8.622863380894822e-44)
(-0.3816288711652461, 1.3833676561116867e-43)
(-0.3953721608406373, 2.8044850020465444e-43)
(0.4285760035969063, 5.565800243848874e-44)
(-0.2886246741996877, 1.2089499709349328e-41)
(0.43686521913382764, 8.413979626062557e-44)
(-0.32622691640894413, 5.214920284866533e-44)
(0.07895628735348043, 9.201397182690525e-44)
(-0.2556875541410916, 1.188219316093549e-43)
(0.477679348892131, 1.1158576420871577e-43)
(0.376802497605282, 7.08424305615161e-44)
(-0.46441095794377696, 1.0479472748940756e-43)
(0.1646533355844349, 8.054489320282332e-44)
(0.22308132692461535, 8.187079725337629e-44)
(-0.16153841247977513, 9.425533093596065e-44)
(-0.155354882501236, 3.928089948935546e-43)
(-0.40232569738423557, 1.788411548706207e-42)
(-0.4765343712134261, 1.4748282956856638e-43)
(0.007734184643056567, 2.7415225593244695e-42)
(0.3686212297806123, 9.403447802713999e-44)
(0.4695191455928479, 7.448637902248014e-44)
(-0.12497683338598917, 5.892253899428483e-44)
(-0.042289090080266316, 1.0782660254355403e-43)
(-0.4501834808495895, 1.5008843507231352e-43)
(-0.020592488576437435, 1.0882701466951711e-43)
(0.3379899050377601, 8.965472404060955e-44)
(0.14509531946265497, 7.356050396866898e-44)
(0.20750412042672792, 7.907105344551701e-44)
(0.09034563879163404, 5.353233800115422e-44)
(-0.19070172497226906, 6.182081787354198e-44)
(0.17800581745637492, 2.6081488246617898e-43)
(0.47742836844285647, 5.679000676295195e-44)
(0.16489104315851605, 1.518599915146819e-43)
(0.24914153895410115, 7.952566246383755e-44)
(0.12630796957789406, 9.25513566195985e-44)
(-0.1548325382521542, 5.397637819604048e-44)
(0.20131978705865655, 1.1878338182021863e-42)
(-0.05567273878025235, 6.208304034487762e-44)
(-0.0924889669287388, 1.0043537682050225e-43)
(0.007668662576766792, 6.510799571717931e-44)
(-0.4083034675472479, 1.6269305801660515e-43)
(0.15935363367308464, 5.654994980937117e-44)
(0.20279267081779986, 1.747118690838457e-43)
(0.3585853875503679, 5.715761690207638e-44)
(-0.08724137403148655, 1.4772307008801984e-43)
(-0.27657906187307085, 2.292123253109311e-43)
(0.11209956094158052, 1.3813482263608128e-43)
(-0.38569304654237524, 1.6364260146671365e-43)
(-0.14034588733818218, 9.943351389637187e-44)
(-0.24075800641680078, 5.336922915335759e-44)
(0.2812605935097981, 4.933549963677668e-43)
(-0.42332919390042045, 8.671359908253096e-44)
(0.29391584062634746, 5.020017779745723e-44)
(0.35205314048342107, 3.1502166819060786e-43)
(0.44152720474160256, 1.1977881445056169e-43)
(0.2405375480001818, 5.997934381934549e-44)
(-0.09582568777790651, 9.976234793360223e-44)
(-0.4375232178278334, 1.668922587762321e-43)
(0.4240502810055486, 4.956952905849242e-43)
(-0.19368189946344733, 8.197689535496653e-44)
(-0.21114925570323576, 2.094637341530784e-43)
(-0.28221171308957504, 7.002467861530788e-44)
(0.3729877664538861, 6.986044836192717e-44)
(-0.420305077654639, 6.691649938713542e-44)
(-0.07103564447956555, 5.580341234687338e-44)
(-0.24622247189816243, 1.3625405889849594e-43)
(-0.420069907483961, 3.044134069899878e-43)
(-0.07220306790656174, 1.8074803694988914e-43)
(-0.46022657557157187, 8.598070380403451e-44)
(0.42350636263483354, 7.871998544606448e-44)
(0.35045154208554596, 2.0628101913600747e-42)
(0.16365520460391636, 6.251672803539887e-44)
(-0.09671119611984044, 2.3989684576712516e-43)
(-0.2112381251505237, 2.5652640493536846e-43)
(0.09461276805257784, 7.979053615555632e-44)
(-0.14543536499585277, 5.164318344227946e-43)
(0.1771698040904099, 5.853043467712663e-44)
(-0.37807660522253056, 5.587390372488923e-44)
(0.45887220189636874, 8.526410739533644e-43)
(-0.07002712869354574, 1.4466268424625393e-42)
(0.005936916674911222, 5.673987794181865e-44)
(-0.43767616597601827, 5.609020455500911e-44)
(-0.2689727539878281, 9.238788440875897e-43)
(-0.020877926361455253, 6.4065619006144e-44)
(-0.056507045102849665, 6.00399232852505e-44)
(-0.11918634265901357, 8.369833099189893e-44)
(0.16333058373716441, 2.225258536321508e-43)
(0.4548976769720308, 7.152799998573206e-44)
(0.3424641877547247, 1.28796265378252e-42)
(0.027765370354560302, 7.79900493291943e-44)
(0.10288881406723098, 5.752449205273482e-44)
(-0.2160382796232564, 6.038332683582827e-44)
(-0.009897474764848946, 7.190502647453601e-44)
(-0.3864753292580435, 7.514621752500048e-44)
(-0.1993250047017159, 4.4098738539955486e-42)
(-0.3953342844269225, 8.062340485092643e-44)
(0.056134225518083204, 1.520289199306832e-43)
(-0.168782020785611, 6.329919938908303e-44)
(0.1010626486080086, 6.161296609446963e-44)
(0.04078215547570558, 7.155823582626441e-44)
(-0.48339090818815733, 9.261218401029152e-44)
(-0.17656927035541, 2.3695987129016206e-43)
(-0.1461717498893713, 1.3503992426666595e-43)
(0.2931266653077912, 4.659135727499198e-43)
(0.012656603794597038, 6.458506820984583e-44)
(-0.1465278053475267, 6.82506969729788e-43)
(0.34335652312784465, 7.105675547220948e-44)
(0.4186406171925589, 6.224328525448479e-44)
(-0.15385972818282367, 5.350677525306459e-44)
(-0.3852639970177309, 2.9021248261285113e-43)
(0.3839501786338799, 7.726117628243612e-44)
(0.039331568172458954, 7.423853247957663e-44)
(-0.3340430766423797, 6.711506427830632e-44)
(-0.23314489797478952, 5.054427090572028e-43)
(0.4936311685321359, 3.977226214482287e-43)
(0.028079609164416562, 2.015903061850895e-43)
(0.2535055838018655, 5.923303800718932e-44)
(-0.42041145018165654, 8.97222256181633e-44)
(0.4517570738220695, 1.209308165207262e-43)
(0.43061302057053347, 7.081012286203758e-44)
(0.0648024581667512, 9.431939093415379e-44)
(0.49700319394311593, 7.493083815543672e-44)
(-0.21120937159640019, 1.0710075359528058e-43)
(-0.34938223278210107, 1.430237744366789e-43)
(-0.29589543945505636, 6.267288099310016e-44)
(0.25179413606142265, 7.027305159553301e-43)
(-0.07677981708931868, 1.8214590691210638e-43)
(0.24769606452586515, 9.415729573910001e-44)
(-0.21405297518022487, 7.736215108345073e-44)
(-0.10560864590480187, 8.207588574864768e-44)
(-0.02739411818364166, 1.2084810184227837e-43)
(0.32721377423043646, 5.5735302802991e-44)
(0.12387185360414237, 6.235998306838041e-44)
(0.4936664435580152, 1.0467325874288317e-43)
(0.3095489989082559, 3.430987330440851e-43)
(-0.45979618909309283, 1.1558991343239044e-43)
(0.029037695590378505, 6.696424864046195e-44)
(0.3301742419678217, 5.023001524921266e-44)
(-0.18778398230045293, 1.158482250564311e-43)
(0.18303813798933163, 8.985528007276866e-44)
(0.44220322816512003, 6.847543940769929e-44)
(0.30281820507280843, 6.239035066283804e-44)
(-0.15319843908951014, 1.5273364138694523e-43)
(-0.37247203920443983, 6.137211107510248e-44)
(0.3173362567324239, 8.469752048168143e-44)
(0.06180727376384432, 5.630955663785595e-44)
(-0.11063665711034082, 4.277845710833164e-43)
(-0.30966510495468874, 2.0702505422235295e-42)
(-0.030598107561344328, 8.580677616325625e-44)
(-0.4998816428813371, 7.480471835118428e-44)
(0.21597156259158856, 2.6991183773123008e-43)
(0.20598545679014757, 6.830220392308485e-44)
(-0.3965284071898495, 7.368544398548832e-44)
(0.39180298952989495, 5.978286162628128e-44)
(0.006636811110437636, 7.289847809733648e-44)
(0.4657777891394795, 1.8775591817343552e-43)
(-0.019573435245735713, 7.100177560341754e-44)
(0.1873270626006418, 8.678188880156662e-44)
(0.262175294042081, 5.408109941050847e-44)
(0.3555958133462798, 8.776618046065333e-44)
(0.24102567377996018, 7.813500447490937e-44)
(0.46126181106412006, 6.471178071929405e-44)
(-0.39090577163639106, 4.395084484081777e-43)
(-0.3533317526191469, 5.84426277776905e-44)
(-0.4311988418529643, 7.197892785775018e-44)
(0.4842553222189783, 5.836598805894636e-44)
(-0.22046973840402923, 3.3031274241626215e-42)
(-0.4572163092389952, 5.191919094296466e-44)
(0.08379024779360948, 8.615076564952027e-44)
(-0.19784107981305243, 8.040155068171378e-44)
(-0.15399224576426665, 5.805332493646684e-44)
(-0.3713966680621965, 4.182785727732051e-43)
(-0.20688587476754003, 5.643476563421977e-44)
(0.1866565611299561, 1.4533071577433266e-43)
(0.04467956611044151, 2.009148368867838e-43)
(0.04068500682450027, 1.914193965223847e-43)
(-0.21221520251831225, 6.330096677691509e-44)
(0.4886987437611417, 7.803995961386354e-44)
(-0.38495730334175643, 5.847923884442134e-44)
(0.34097922180097884, 3.5959402672774554e-43)
(-0.11689980633834453, 5.013564387207303e-44)
(-0.2985540427664397, 5.394923242471528e-44)
(-0.18252708629104542, 6.266392753483058e-44)
(0.2999947700651723, 1.7600613971225503e-43)
(0.2541413921499061, 4.753554449315802e-43)
(-0.06152064760850407, 8.34600691212449e-44)
(-0.32012715172774153, 9.307148821678572e-44)
(-0.21194844319174752, 1.9984569997621705e-43)
(-0.20022414726486212, 1.2564152309763565e-43)
(-0.4012336650291356, 6.783176241570924e-43)
(0.1614595774256809, 5.640151977718672e-44)
(-0.194392152089372, 5.517573771135102e-44)
(0.45676240571447996, 5.157811577214218e-44)
(-0.0779792056293343, 6.877209989200118e-44)
(-0.22829240489821853, 7.342926456208389e-44)
(0.07786361969382884, 6.794404498991319e-44)
(0.2251276893745486, 1.0502821908471517e-43)
(0.08527957713440525, 1.0238172805290973e-43)
(-0.46578059514022385, 1.5829405166378086e-43)
(0.16903411271896993, 1.0674825897441188e-42)
(0.3562536503407552, 3.4939536633273967e-43)
(-0.2402797178116881, 6.190614638940258e-44)
(-0.09081001796946753, 1.676177952654975e-42)
(0.40724725618784924, 9.068439570715086e-44)
(0.4271594012378694, 6.302313265206718e-44)
(-0.20739079525698062, 5.196495178836622e-44)
(-0.26232630006226476, 5.58913623896181e-44)
(0.46541076300242834, 7.564081518904676e-43)
(-0.2473519458930491, 5.656719733414006e-43)
(-0.45259146408940804, 1.2622355428063556e-43)
(-0.025072339680234822, 7.005882757543148e-44)
(0.331230057533562, 2.0539859419786317e-43)
(0.024798246789931908, 6.830670050671958e-44)
(0.3635558001655615, 1.3504961575453917e-43)
(0.20112704525976424, 1.7327608428567782e-43)
(-0.4823346695101147, 7.520895657408116e-44)
(-0.3701950199979447, 2.7713919764920997e-43)
(-0.19286112952537202, 1.7254420507581392e-43)
(-0.4793784297316476, 5.044476954400155e-44)
(0.28319218898873305, 7.105378870924911e-44)
(0.28065945976705403, 8.834116725405665e-42)
(0.043654666529072655, 5.165293533679576e-44)
(0.07213803325445559, 5.605811714446468e-44)
(-0.47623793734446024, 5.944604468042764e-44)
(0.11725692892800738, 9.373743149826514e-44)
(-0.14440197112272504, 1.3045965946264867e-42)
(-0.2563805357724492, 5.993947393499693e-44)
(-0.19926999547870594, 8.746171138898232e-44)
(-0.3356113849208151, 2.4854051309104168e-43)
(-0.03263163992233739, 7.29801775016548e-44)
(0.22480926877966564, 9.771217154455632e-44)
(0.05306485065994092, 8.285697418094357e-44)
(0.1364063290323868, 6.255677708096402e-44)
(-0.4324143705945126, 5.089336662192988e-44)
(0.44334921900727575, 3.1038128543595256e-43)
(-0.052982226135838376, 1.1398082566143415e-43)
(0.2483743768253775, 6.787020783440392e-44)
(0.104672868573475, 1.135934110446821e-43)
(-0.21780945130943338, 7.066027511816578e-44)
(0.06739113615233161, 1.7365054365390239e-43)
(0.19302278974463763, 6.906655499168686e-44)
(0.3255511706316616, 7.929350881788949e-44)
(0.2717250969387266, 5.853849109299938e-44)
(0.045705358777150366, 1.3515537168509088e-42)
(-0.12621000055091822, 1.717498707932805e-43)
(0.21354527247082028, 1.1049686367171973e-43)
(0.4306503797089934, 8.825574734703014e-44)
(0.15244737417901844, 1.762123197675354e-43)
(0.047658752970141494, 1.0964293834297212e-43)
(-0.20999318892858532, 5.887691710475336e-44)
(0.21653187797281648, 1.6119727066070594e-43)
(-0.06289661298819851, 3.313508832785365e-43)
(0.4624456092795668, 1.6540333547503722e-43)
(-0.1200609078204692, 2.427477166797618e-43)
(0.4635955636537914, 5.53555969479981e-44)
(0.4243297058278409, 6.9236805214793625e-43)
(0.26738006473323567, 9.222359288590735e-44)
(-0.29116283320398856, 2.7775460357575173e-43)
(-0.2992990331969065, 1.050011343580429e-43)
(-0.2657016143211635, 8.831235105164752e-44)
(0.07797584628481034, 4.488560580365268e-43)
(0.42444106599495407, 4.058351448243519e-43)
(0.20875135539065445, 7.017178566301378e-44)
(0.17550957538166373, 6.661650514693438e-44)
(0.3778725164772549, 1.0559500558086356e-43)
(0.19692455572947037, 5.352504540144082e-44)
(0.3577575388558799, 8.302845224026923e-44)
(-0.04624342007142808, 8.307920780923251e-44)
(-0.33523278159864645, 1.2667172718473986e-43)
(-0.21296156685730264, 2.374516771706084e-43)
(0.15878774381590893, 8.8225818538916e-43)
(-0.15372802950352377, 5.833045411658117e-44)
(-0.48041239881909675, 5.225051332579779e-44)
(-0.4414091118862906, 1.0605769149673685e-43)
(-0.01661456899247668, 3.0691126054418984e-43)
(0.3379273108215316, 1.1920707887157048e-43)
(0.248244785796634, 5.699579468108199e-44)
(-0.3982499519668168, 3.941936313012471e-42)
(0.30716841675259715, 6.548959476750944e-44)
(-0.1274505023280186, 1.4163651000851142e-43)
(0.42212520294279904, 6.572001840183007e-44)
(0.44756029570694095, 8.766489886350068e-44)
(0.29089456899934907, 1.2151439373353206e-42)
(-0.39380905710444686, 1.2204487084741984e-41)
(-0.48409159008666447, 5.685028213673442e-44)
(0.1629070040549549, 6.353121271239469e-44)
(0.20252107966112903, 7.699561759431682e-44)
(-0.3784352716665151, 9.454634106686876e-44)
(0.12929904473612397, 1.5371123395652115e-42)
(0.3354495073510615, 1.3893082475518493e-43)
(-0.0922091877108541, 8.678615449267058e-44)
(0.4929752557292183, 1.5336112760339405e-43)
(-0.4960596150747399, 1.2200986537533986e-43)
(0.3622123640352533, 3.84309570792476e-43)
(0.140080916202873, 3.0540623875236213e-43)
(0.10041001116486438, 2.950543511462747e-43)
(0.2666793822789524, 5.296932344760063e-44)
(0.14757825099338237, 7.30626607115938e-44)
(-0.10962893129279543, 3.4058132998318192e-43)
(-0.30007382412637224, 9.747227245433622e-44)
(-0.18326401959660865, 3.38029303155109e-43)
(0.27165275277799994, 2.16257336644141e-43)
(0.29012966651753397, 9.06323471623733e-44)
(-0.4231255053425845, 3.1982406646274018e-43)
(-0.3716487311489381, 8.976053933753277e-44)
(-0.36252865968446946, 2.6578667400322996e-42)
(0.4649646826966161, 5.300157855646352e-44)
(0.11749252257862539, 7.478440275574174e-44)
(0.11103672945118617, 1.3734525038928027e-43)
(-0.4072188466357406, 5.432425026336543e-44)
(-0.1825602759030389, 3.318547316558977e-43)
(-0.3985202680198831, 1.148246812679881e-43)
(-0.45199663665216305, 8.988317991237145e-43)
(-0.4688229928028797, 9.319378414176893e-44)
(-0.32437031845562775, 3.4839506943352533e-43)
(-0.0032164959117200378, 7.91834108638345e-44)
(-0.3358306998915584, 1.232466784772575e-43)
(0.3584785673226496, 3.4161093114242805e-43)
(-0.33841990350407397, 4.603805691043934e-43)
(0.33211709068179945, 8.619308253341944e-44)
(0.3411085949778291, 9.02736719083063e-44)
(-0.43151005596411957, 8.401935971551433e-44)
(0.01880236077663757, 7.879468710920066e-44)
(-0.045136007086664064, 6.409194195787778e-44)
(-0.3277856216573848, 7.980117393727893e-44)
(-0.009970109847162085, 9.23825510732306e-44)
(0.05948181966084726, 1.0975827773800913e-43)
(0.4960304628457977, 4.238908606325396e-43)
(-0.20561982108940868, 7.458169070256819e-44)
(-0.12643145105914266, 2.1841878166068483e-43)
(0.07070524669130288, 6.14031789350291e-44)
(0.40808876395030746, 7.22172592161662e-43)
(0.3764334231716214, 5.275703318018426e-44)
(-0.07858380457571575, 9.03046965813687e-44)
(-0.3173753021748714, 1.0234460237549942e-43)
(0.18240134587054235, 5.358450398439458e-44)
(0.34697411849382015, 5.5279159604748315e-43)
(-0.44666587513914474, 1.9770325561994985e-43)
(-0.23191287421067033, 9.36083066848157e-44)
(0.4482919352361307, 4.44891145483491e-42)
(0.4676637545311768, 4.2986847950928075e-43)
(-0.32137783871300446, 2.3403310525611326e-43)
(-0.31807660483349565, 1.1183366088828734e-43)
(0.41472002163503097, 9.68102618097325e-44)
(-0.27684833177629425, 6.380136354900361e-44)
(0.01710061419394536, 1.287416622371236e-42)
(-0.07547873422032343, 2.4254666997140897e-43)
(-0.3135365326536434, 5.662554967207979e-44)
(-0.37957556547469884, 1.878428124064222e-43)
(-0.3308780982802075, 2.446774171887314e-43)
(-0.4821154907675908, 5.118593522282519e-44)
(-0.4373580124471849, 1.0713526574091546e-43)
(0.39820119300383494, 1.198113646881822e-43)
(-0.18903615935133428, 3.274039102192448e-43)
(0.08102927402204918, 7.565882267596294e-44)
(0.2699804603489486, 6.407733785645623e-44)
(-0.06289215298699566, 5.099068639339223e-44)
(0.07401461924623409, 1.099972834407611e-42)
(0.16906318171669182, 1.0868405648272715e-42)
(-0.17176607539594063, 2.1757986599067472e-43)
(0.11309019895253396, 1.0964082487598618e-43)
(0.07292654206335926, 1.119337992606749e-43)
(-0.3698483669390725, 6.642043072193184e-44)
(-0.3187111713652466, 2.0795010456284206e-42)
(0.4129197259025684, 8.222577494691392e-44)
(-0.10806062302201346, 7.804792906783837e-43)
(0.15162012742147185, 5.377285869101544e-44)
(0.36435326715347205, 9.417028122052138e-44)
(0.179736623748222, 7.780091430818023e-44)
(0.003651850582931516, 8.357833624484918e-44)
(-0.16460928129657726, 1.609126497449204e-43)
(0.30009518721860196, 1.5803409068877494e-43)
(-0.1930763731235057, 2.377698818977799e-43)
(0.3011614134278504, 1.0783057262028925e-43)
(-0.47003879229964696, 6.524074735329699e-44)
(0.44293086780814417, 6.922376204782145e-44)
(0.20524922780628643, 1.8172461609473577e-43)
(0.40241314819188573, 3.3165763559412366e-43)
(0.12150865282702157, 1.86281510176558e-43)
(-0.42457761615817136, 3.294997384745151e-43)
(-0.4518104457138857, 6.688543074004814e-43)
(0.044173747481348974, 1.9341939813798708e-43)
(0.3865785898466552, 6.278563594617308e-44)
(0.17384983926391218, 6.316914669824777e-44)
(-0.46063928684184463, 1.2937366383215296e-42)
(-0.37608706598091096, 1.2203024919351853e-43)
(0.35088131825645036, 7.738718285005629e-44)
(-0.36134764298201905, 1.1710450455290728e-43)
(-0.4781151680147765, 6.008801309041467e-44)
(0.36011013478050163, 9.248806569768556e-44)
(-0.08180671433001838, 1.2704185220860792e-43)
(0.1081877876908607, 8.360013706078795e-44)
(0.4779668668930288, 5.532836199656678e-44)
(-0.16091063266069433, 8.021618378228381e-44)
(-0.08784218201778654, 2.0405214524296247e-43)
(-0.23354184352964058, 5.157738155710881e-44)
(-0.4990496536142498, 1.123038627970504e-42)
(-0.2856192070105032, 1.0095397458295595e-43)
(0.007832554448936447, 7.395983830769869e-44)
(0.48423809807389834, 1.4998072675367953e-43)
(-0.38832812840627695, 1.5183008123254368e-43)
(0.418678684698992, 1.0542690944635401e-42)
(0.25464983988692763, 5.183353585824727e-44)
(0.37699931745377896, 8.805357548588491e-44)
(0.27277924705640694, 9.405450584499089e-43)
(-0.29620449974170693, 6.040635787237018e-42)
(0.4560823447744813, 8.732826191714254e-44)
(-0.033783417363384895, 1.2019344022512912e-43)
(0.40181093623982544, 1.1076776527127976e-42)
(0.13687718105756094, 5.119228738285596e-44)
(0.44355198335539053, 7.163025779614804e-44)
(-0.46927744825619677, 9.902607419046033e-44)
(0.4734538798388087, 7.153633098818103e-44)
(0.1495833784017186, 1.0880209198564412e-43)
(-0.3816192289909836, 7.257568924569409e-44)
(0.3641247856197428, 7.610616870175011e-44)
(-0.37434221893491004, 1.5898016993501632e-43)
(0.07457061183108808, 5.358600372377982e-44)
(0.08793243345607481, 6.192630548492787e-44)
(0.17027409304455232, 5.848666635963628e-44)
(0.22239114931304668, 3.1822422855592212e-43)
(-0.48428546958755997, 6.148671632328704e-44)
(0.09657495588975974, 5.461961545368323e-44)
(0.20547426043666386, 7.163511474321491e-44)
(-0.04430012510209465, 7.0253618341075665e-43)
(0.09167951142041852, 6.392550479508225e-43)
(0.060380560546880124, 8.040195753819764e-44)
(-0.2584234850524879, 7.277258805291162e-44)
(-0.3937525038658812, 2.7581584477034182e-43)
(0.1833918862706672, 9.063584253334871e-44)
(-0.09984440902033848, 5.116767421999555e-44)
(0.42718053727235866, 2.3136805902752067e-43)
(-0.04654683033260812, 1.3248430840283583e-43)
(0.22156459845853468, 6.590523519768251e-44)
(0.14216535774237532, 1.758082728773348e-43)
(0.3300108627957641, 6.135237443061642e-44)
(0.11085684357363221, 7.090729089481374e-44)
(0.24993438391274594, 6.05337633517635e-44)
(0.3990310818139955, 1.4285549118205787e-43)
(0.18558791615010756, 4.71442805554165e-43)
(-0.34236944378313233, 8.216601306390037e-44)
(0.3412428292087476, 1.5438255246582583e-42)
(-0.4486033163548204, 5.742119764123576e-44)
(0.3469543544978729, 1.7633430819284233e-43)
(-0.3018209128797916, 2.795271895287685e-43)
(0.25187991567018214, 9.317513142889214e-43)
(-0.47427240906435697, 1.5686396472807575e-43)
(-0.3609344988442252, 1.2136305094200847e-43)
(-0.009787386658929762, 4.480343335013123e-43)
(-0.08577043013133676, 1.7653391412783456e-43)
(-0.10608886330952666, 5.674869009581294e-44)
(0.08020240159568401, 2.543152343810232e-42)
(-0.4746606346765202, 6.533666057822626e-44)
(0.2759680859180509, 5.348948185372948e-44)
(-0.04898734890040921, 2.5772839528405798e-43)
(-0.18547377393905043, 6.133936050916792e-44)
(0.13076119758090057, 1.0001855591308974e-43)
(-0.3750842618926212, 9.618185021045024e-44)
(-0.3412660008229378, 6.498955406217593e-44)
(-0.06856899602790925, 6.960087137728539e-44)
(-0.19206269466313178, 2.4822015648277784e-43)
(0.02436299399320902, 5.603310567330552e-44)
(0.42401645749008565, 8.944192109653453e-44)
(0.1894752348374, 8.383727189025614e-44)
(-0.31756895375022615, 6.875228514339224e-44)
(0.07821665391761547, 3.4291906842619786e-43)
(-0.15803961716620632, 7.853936076871312e-44)
(-0.4575873359177121, 2.420196613171872e-42)
(0.25064700085219266, 4.066243252488579e-43)
(0.1251299204633562, 5.690306061735527e-44)
(0.0841181394688987, 1.830654083870331e-43)
(0.29440202360856493, 3.4644074666686903e-43)
(0.4310445406211903, 8.658752216165095e-44)
(-0.47247275193873045, 8.214333664642375e-44)
(0.33618084792818814, 1.0233678878109104e-43)
(0.21130137153148232, 8.11346902883354e-44)
(0.1567349962047124, 1.3203393113685942e-43)
(-0.21380223737605733, 9.223749751959593e-44)
(0.39720878830017803, 1.7098242237444044e-43)
(0.43762033434463843, 5.372682293531428e-44)
(-0.13229280799381354, 1.1495096072862848e-43)
(0.10757988546466243, 9.802386123409693e-44)
(-0.44893581151988454, 5.389968260060327e-44)
(0.14576392765208024, 3.525182746900121e-43)
(-0.1922198645078586, 7.076880723542048e-44)
(-0.05095751703597124, 6.5053121038588e-44)
(-0.22030012004802155, 5.11462537233524e-44)
(-0.4473860365102761, 7.712888785695409e-42)
(-0.03230779678654611, 8.739802782299224e-44)
(-0.38624994720674855, 5.307583018725695e-44)
(0.10289326123349403, 3.85614703293772e-43)
(-0.3586700281071035, 6.419533373918401e-44)
(0.04095228434976888, 1.696790719848448e-43)
(-0.08424899343033079, 2.761656646965471e-43)
(-0.3621944370205042, 5.395477178932617e-44)
(-0.2958254464684065, 5.79648247018902e-44)
(-0.23058166521021775, 1.0552611360553087e-43)
(-0.1105231032109434, 3.885680257986861e-43)
(0.0761775962289088, 1.0497485515078196e-43)
(0.24839141644692714, 5.496217821510605e-43)
(0.4566258612120372, 6.718902254794543e-44)
(-0.3828010036371672, 2.6295285972350346e-43)
(-0.10843588201821933, 1.5400769949436928e-43)
(-0.45915507054197136, 1.6555852358894173e-43)
(0.30246913092492844, 1.0509250724685495e-43)
(-0.4672981026331369, 9.040675100921557e-44)
(0.20158804875037964, 5.880933409171356e-44)
(0.19262033578871562, 1.138332869463996e-43)
(-0.1863400827762012, 8.689527893100678e-44)
(-0.18085052379162567, 5.527683229659474e-44)
(-0.43743279770519516, 7.24466955851186e-44)
(-0.296877397793762, 4.6296805866609396e-43)
(-0.4322163494672859, 6.363888550453317e-44)
(-0.406063378363304, 3.4856094644205363e-43)
(0.056652749501160934, 1.4611022272077157e-43)
(-0.37323399614357977, 5.271571677769973e-44)
(0.08775250299183912, 2.087088510318834e-43)
(-0.14592892076386274, 7.453579238090978e-44)
(-0.05750942999592389, 1.8088899318660397e-43)
(-0.14800359781728187, 2.83169228726933e-43)
(0.339476033174758, 3.9858039843470446e-43)
(0.3903493812586887, 7.148329809791926e-44)
(-0.34230584912205464, 1.5244606110326116e-43)
(0.08337811803594172, 2.160879845326772e-43)
(0.17337769385902005, 1.087321977716314e-43)
(0.22054006207815235, 6.6393166744424916e-43)
(-0.4417091171112893, 1.1348713553582312e-43)
(0.0848115742983876, 1.6135097927087577e-43)
(-0.3678954181044038, 1.2926179721327184e-43)
(0.04937914086895672, 5.369117253091828e-44)
(-0.4611574535469693, 8.135530549423328e-43)
(-0.2497848238753759, 3.181834182545509e-43)
(0.3211236488361899, 6.163221442920861e-44)
(0.08368132279923941, 8.600671059494632e-44)
(0.02836052260557568, 4.84071930612229e-43)
(0.011915930883982396, 9.1828989833269e-44)
(-0.16229569232406751, 5.4436241937159426e-42)
(-0.15727931860289382, 1.8341867224657922e-43)
(-0.04444617250870172, 8.455615942585888e-44)
(0.2110748420338152, 1.725959747168822e-43)
(0.35880738557782, 1.2743438777780685e-43)
(-0.11403791192408319, 3.3772489844780866e-43)
(0.30539745353154124, 2.473806178502354e-43)
(0.21419252100034647, 6.794924003522537e-44)
(0.3527364495107708, 1.3884111449427967e-43)
(0.38115216432690935, 6.121268364753468e-44)
(0.3975559962633364, 2.969381641820425e-43)
(-0.24377206105708768, 1.5035834638561469e-43)
(-0.4709171429329791, 6.476476515509088e-44)
(0.18581340615712452, 3.256151749261444e-43)
(0.23912474445528298, 9.769100183259337e-44)
(-0.3644811245216237, 6.525681580412453e-42)
(0.2725658335086018, 5.983976498601649e-43)
(-0.06668615601473511, 1.029044664884403e-42)
(-0.45639205972104335, 7.45697692094605e-44)
(-0.2682331993643008, 5.535508556696711e-44)
(-0.35137823677040325, 2.4867028018009413e-43)
(-0.4707673885229497, 5.570646639528024e-44)
(-0.10786410055172353, 6.544605094599767e-44)
(0.35367571297784517, 1.0931324722959025e-43)
(-0.11108087911376258, 8.197560111461427e-44)
(-0.17552530907679284, 2.1315123312447207e-42)
(0.2713557589147826, 4.649859151826106e-43)
(-0.26049533899892097, 6.097461235886778e-44)
(0.1648260525600642, 1.1991657460570459e-43)
(0.2304607992877701, 1.5817587919380708e-42)
(0.2923055150170452, 5.06988513197599e-44)
(-0.30350134851997, 7.941286777607761e-44)
(0.20423114329145944, 6.327536946676648e-43)
(-0.09747703388005137, 5.597610109191191e-44)
(-0.36896453356626646, 6.644889586636461e-44)
(-0.39084770458492085, 7.04241381416557e-44)
(0.07495757916345679, 1.0536539914502592e-43)
(0.3109933747272395, 1.5916185866787543e-43)
(0.08951295973108622, 6.073460938263583e-44)
(0.4786442570506907, 5.233660733052267e-44)
(-0.21132685044020047, 6.331823589758142e-44)
(-0.21449843731519647, 1.2374795983536173e-43)
(-0.2801904340508168, 1.2515268218924322e-43)
(0.2524296561758253, 5.270099095566879e-44)
(-0.32814293181617, 4.628632950311334e-43)
(-0.11624644864126799, 5.438339035112251e-43)
(0.44006600426249015, 6.818553723849693e-44)
(0.415349579640341, 2.0367903028284474e-43)
(0.404325798710398, 7.889353009237662e-44)
(-0.05626502934468568, 1.051295881467765e-43)
(0.18439789318987976, 2.327112382285709e-43)
(-0.31041371253991235, 9.021526588704807e-44)
(0.4990123333637582, 7.624789647552086e-44)
(0.4116534796178891, 6.903456349991907e-44)
(0.19863671851255427, 2.1741141115278776e-42)
(-0.11501985914470933, 6.907770208348038e-44)
(0.18432240164341687, 8.248893860443095e-44)
(-0.07666822955980243, 1.1711758791643564e-41)
(0.13958014063190377, 5.114813128491077e-44)
(-0.47703600615945385, 7.269260218631312e-44)
(0.17529006207738912, 1.234970436247518e-43)
(0.2953135362017939, 1.025941565048076e-43)
(-0.38202971637656835, 5.59758464312352e-44)
(0.4191845211767661, 2.318653440994925e-43)
(-0.05134481856896654, 6.709892438516711e-43)
(-0.008168141438042793, 1.5027872369273134e-42)
(-0.4718701057772981, 9.190423735518414e-43)
(0.2103807187418017, 7.832994677837829e-44)
(0.48449760694286936, 5.678992724698107e-44)
(-0.1729109159797168, 6.447648927522844e-44)
(0.49430745730197584, 6.985430307562047e-44)
(-0.017384294941939944, 1.2804020837812792e-43)
(0.18920007472772252, 1.1844137797503154e-43)
(0.19644765401957034, 1.0847031830208e-42)
(0.2397105629084651, 6.813341628898947e-42)
(0.3178437092249814, 8.286306837755502e-44)
(0.4044803626127931, 1.7221181159209448e-43)
(-0.49806371734905136, 6.834042937803866e-43)
(0.07093909979265636, 1.4007522069723171e-43)
(0.1620620125193417, 7.474579497445102e-44)
(0.1646669199346891, 5.970857850904532e-44)
(0.4536768829725238, 1.3502555721112605e-43)
(0.33268767700143753, 2.0596192840383624e-43)
(-0.16795437086204662, 9.7982915771901e-44)
(0.20758909741703152, 5.871552069705156e-44)
(-0.4117522319431808, 3.818222308982784e-43)
(-0.37800254978039394, 6.246482229046699e-44)
(0.1465155708922437, 1.51954824377409e-43)
(0.2205417929135511, 9.742623681396722e-44)
(0.359103075111992, 2.806518471676445e-43)
(-0.4913003950882695, 6.630916463432668e-44)
(0.22184751371662292, 6.030168012757256e-44)
(-0.1650176926495353, 4.680733427133202e-42)
(0.35120049454302876, 1.2290990583542867e-42)
(-0.3043332212995086, 7.175471473519191e-44)
(0.022201622307804723, 1.2543002764814626e-43)
(-0.0007290176672441072, 2.567459365171543e-43)
(-0.40062314469190047, 2.1605663814605194e-43)
(-0.0514328878653619, 5.244779310010597e-44)
(-0.2688473338165341, 2.354658997957588e-43)
(0.2934449823817088, 9.626327617486336e-44)
(-0.4926524066184511, 7.647921954073981e-44)
(0.4514869308460335, 1.0777185664784744e-43)
(-0.17052772141220235, 1.2542940566657452e-43)
(-0.15589465858726198, 9.608230558504975e-44)
(-0.12279332278716953, 1.0112326821577964e-43)
(0.45789887159083204, 2.1549796426194167e-43)
(-0.30046079410669757, 8.533799202193255e-44)
(-0.3992950121343825, 1.0747275238202635e-43)
(-0.18121826775069513, 8.067744883623203e-44)
(-0.38858861378597415, 8.403983568350262e-44)
(-0.14973228396737373, 8.094553886524925e-44)
(0.3711681777602305, 8.550170988020289e-44)
(-0.10391072545814839, 1.3137752078853607e-43)
(-0.035721097233532645, 1.064383361451747e-43)
(0.3617517322860792, 3.5912009413387575e-42)
(-0.30836211773087563, 5.52444484559817e-44)
(0.2930987611708016, 5.028720789697321e-44)
(0.11005158328099442, 9.448045674871352e-44)
(-0.3716273559780865, 7.021991986965537e-44)
(-0.37138109807296193, 1.1674841903786308e-43)
(0.16741233756520446, 1.214096016432837e-43)
(-0.1442278400774264, 5.038190426446228e-44)
(0.17446229504931018, 1.3231233086165513e-43)
(0.06519664392413055, 9.533896583817153e-42)
(-0.4669105675753267, 1.0072186815072674e-43)
(0.11300306952465858, 1.2103841502103853e-43)
(0.16489983102449202, 5.815335341308364e-44)
(0.28736210332496276, 6.476954424244533e-44)
(-0.06134767475706461, 1.1775881749142376e-43)
(-0.38056913307402324, 8.575366773235716e-44)
(-0.3927283060466023, 5.022045065635851e-44)
(0.44270643604982657, 2.3601128878374364e-43)
(-0.24915186364105296, 1.077931026040966e-43)
(0.09522183604355272, 1.4491286937312912e-42)
(0.19280100472127396, 1.2824080033092173e-43)
(-0.10492199998982954, 1.6501615778321288e-43)
(-0.45598389936889333, 5.074981562934561e-43)
(0.4492495875317491, 4.256939850909464e-43)
(0.23148368815010284, 2.426856137418575e-43)
(-0.4215202207088975, 7.019399151836498e-44)
(-0.10275927003087587, 3.757683670437204e-43)
(0.12449657182416243, 2.113377729153497e-43)
(0.29288603087457366, 3.028387880307938e-43)
(0.07433383838560044, 5.738205215834721e-44)
(0.4681501279991325, 9.151912900600681e-44)
(0.09889358101698763, 1.1228666741474778e-43)
(0.18269249654752578, 5.062015042701961e-44)
(-0.2786656316720312, 2.79876380179559e-42)
(0.20082168168694092, 5.087863343793058e-44)
(0.3125200635442984, 7.460271283949524e-44)
(0.1470567689631337, 5.873913096671364e-44)
(-0.4034118127685689, 7.149094706577824e-44)
(0.29184745237530435, 1.0244029163136647e-43)
(0.37901520547086115, 7.863689806949262e-44)
(0.0967204684463977, 6.38303414448564e-42)
(0.4878684387192021, 3.3958471023024914e-43)
(0.31669139502871, 9.692079010542574e-44)
(-0.43161684780378595, 3.2052400057489805e-43)
(-0.2487263192673388, 7.913971320993202e-44)
(0.3002274304305162, 1.2170029801891553e-43)
(0.2979321022567122, 5.603133785654438e-44)
(0.016873780877888947, 6.235204785164599e-44)
(0.23639207031482337, 6.913710415165122e-44)
(0.3924913080341891, 5.399448782161619e-44)
(-0.14235238413469103, 2.321083548743196e-43)
(0.29411545910604303, 5.221148483632034e-44)
(0.4769539386014537, 6.217278219371115e-44)
(-0.3344806144913944, 1.7019773990179812e-43)
(-0.43489850225752796, 1.6927192815873784e-43)
(0.2568184935503194, 6.850427564056174e-44)
(0.21393905975603036, 5.894196976374364e-44)
(0.24685223653310814, 1.1421900130317994e-43)
(-0.07143585044089215, 1.6358317167618093e-43)
(-0.18949386802747753, 5.720640111879216e-42)
(0.2396239069665937, 4.2849587912735445e-43)
(0.20864129603097936, 1.2193591313569287e-43)
(-0.3978476852563975, 5.825210981700482e-44)
(-0.16916336091686937, 5.842384087722716e-44)
(0.4326320478499981, 4.935582523334088e-43)
(0.4146271190752868, 5.127326950973661e-44)
(-0.36960732158069143, 6.898861481089685e-44)
(-0.2827640648698519, 2.2009897866281077e-43)
(-0.07577365615079973, 6.961069532529151e-44)
(-0.18629187510984244, 1.803833705387574e-43)
(-0.3648573322038756, 1.461039973079269e-42)
(0.3411502257826459, 9.003389746084914e-44)
(0.05382525571155588, 7.232648313125251e-44)
(-0.14813375897099848, 3.2912799247483656e-43)
(0.2736576255914527, 1.0569881474065571e-43)
(-0.324539291617721, 6.211041067580002e-43)
(-0.2559920492746468, 5.463917539248401e-44)
(-0.32056036754628264, 4.3827710708157244e-43)
(-0.01614000627905602, 5.780659023227141e-44)
(0.13440589620740967, 1.1133130309499207e-43)
(-0.12081075811217026, 3.2086230704320594e-43)
(0.12304244322022012, 8.468751996559481e-44)
(-0.058989244613855664, 1.2222357394985848e-43)
(-0.0085934459668059, 5.296514881482015e-43)
(-0.32541722636622755, 5.062672684759365e-44)
(0.01947721807443898, 1.2158585557110115e-43)
(0.3217620418532544, 1.4122125151568677e-43)
(-0.43796692749105537, 2.180531702515404e-43)
(-0.021277140211144012, 5.253820982753144e-44)
(0.462151734779932, 5.063337071535988e-44)
(-0.0582281310212337, 1.2460392113726426e-43)
(-0.3287989518352545, 1.1282733716804589e-43)
(-0.4188446062792184, 9.354233201589692e-44)
(-0.4014088362950587, 5.377431357631727e-44)
(-0.38755733077884835, 9.31138132833368e-44)
(-0.3603997481493366, 7.710953047731857e-44)
(-0.35715273414646304, 4.315810760150195e-43)
(-0.2818433931711141, 8.482097199976112e-44)
(-0.38075711059170486, 4.084837798220474e-43)
(0.25370140133371866, 9.16559832510873e-44)
(0.04980485091557804, 1.3356486888695092e-43)
(0.16078942419440817, 6.416122707848932e-44)
(-0.4368968860432197, 4.976095943203492e-43)
(0.4382057297733031, 6.126091959838976e-44)
(0.0505199665436382, 2.30548552241018e-43)
(-0.32366865305030995, 8.0522590675801e-43)
(-0.02606709184478481, 1.1442525370490593e-43)
(0.10507542904708292, 1.2470461548285206e-43)
(-0.24490154232412956, 7.249881075506091e-44)
(-0.37627599270547546, 8.247545750612518e-44)
(0.3510196478911674, 5.455474162354408e-44)
(-0.4732429941261152, 2.8680819602948653e-43)
(0.1017546431138337, 6.482763987507579e-44)
(-0.1406335346870431, 1.1444449444237925e-43)
(0.32652956777546355, 4.1264389448250594e-42)
(-0.40380131417396775, 6.859672711413313e-44)
(-0.3045762698887976, 2.037800598283644e-43)
(-0.4004313020568603, 3.3410727525361014e-42)
(-0.1601219563903863, 1.2761996911224749e-42)
(-0.040574003207639764, 6.210250249163003e-44)
(0.3234851109043381, 6.042702774885805e-44)
(-0.2533935963941862, 3.003154067254696e-43)
(-0.11428471964022138, 1.4494923085084902e-43)
(-0.46813643930179627, 7.62543495875788e-44)
(-0.35292984985548503, 2.197068481835146e-43)
(-0.09433379600858272, 2.7854188905871835e-43)
(-0.36202841785360673, 6.094694372521655e-44)
(-0.075483229722764, 1.0705159151564302e-43)
(0.08338793326146866, 9.115623320432876e-44)
(0.34020067711129026, 6.664361355324012e-44)
(0.2400451630048393, 8.138135768796117e-44)
(-0.29526119552179797, 7.325365011412775e-44)
(0.4495645272444923, 1.2656112265683145e-43)
(-0.021828906144399553, 1.0988807747187147e-42)
(0.1536266411560516, 8.275389163164648e-44)
(-0.2815673889352052, 3.543506701586757e-43)
(-0.02104258877148271, 2.0465210861291835e-43)
(-0.4775665182858241, 3.4885618476998625e-43)
(-0.14274695651030156, 8.914398607250426e-44)
(-0.1698618771954623, 4.895075078070849e-43)
(0.0352364895787142, 1.0369584721814098e-43)
(0.24034259955379123, 5.071089542709882e-44)
(-0.1683970634250366, 1.866789812603919e-43)
(-0.34909167715250833, 5.683197631925858e-44)
(-0.36668035429124396, 5.406372401550962e-44)
(0.3340975260692339, 2.0760664169728822e-43)
(0.30864073395473457, 1.442921189779059e-42)
(-0.09188648625892787, 1.4162012376524032e-43)
(0.46300511799865607, 1.344224912291767e-43)
(-0.2024713523215962, 5.216586331151378e-43)
(0.20807580303210055, 1.0830720925846412e-43)
(-0.1871714439483029, 8.002149773376877e-44)
(0.35876063721773876, 1.762187269719666e-43)
(-0.4426882681381126, 1.1888949058099786e-43)
(0.3064481107903623, 3.4074928786300387e-43)
(-0.2690246468249279, 1.2415245017632424e-42)
(0.35154721871907535, 6.49471900773891e-44)
(-0.4818063506938454, 1.869300098056623e-43)
(-0.11229400820694148, 5.233295196587797e-44)
(-0.4504102553099211, 2.2728536270386995e-43)
(-0.2901769835636156, 1.4522689607946657e-43)
(0.30346397688856613, 6.463479118952679e-44)
(-0.15068890849195835, 1.1886631754232828e-43)
(-0.2929110272458645, 6.588101493783272e-44)
(-0.038117238710900975, 5.242673297413246e-44)
(0.15093913109841994, 8.667408589337255e-44)
(0.4732638943772024, 6.17432792983487e-44)
(-0.34314341108808777, 4.231330802622115e-43)
(0.3323293677903769, 1.0196980152134879e-43)
(-0.061228963966911285, 2.4711256910674857e-43)
(-0.032300866181338546, 4.343554242900397e-43)
(0.1105231422937989, 8.384178129115262e-44)
(-0.4984351262544945, 4.208717286018761e-43)
(0.2666998880834265, 2.505887718982218e-43)
(0.31940846572425835, 2.510325402022252e-43)
(-0.24507874336063443, 6.684807869290875e-44)
(0.393204020129992, 7.71435764042492e-44)
(-0.18536601690311041, 6.890207125363256e-44)
(-0.3113412096734346, 1.8566404228124232e-43)
(-0.15939869090010353, 6.751784240332515e-44)
(0.21411520279260937, 6.019588729186399e-44)
(0.21313288594228172, 5.207788051114016e-44)
(0.16359976997104134, 5.38505559839738e-44)
(0.37164290079406614, 1.4961604727603797e-41)
(0.30637553011275154, 7.034080113232031e-44)
(0.4925111619522893, 6.089505914227361e-44)
(0.007545568980085298, 3.4010317063930116e-43)
(-0.2091188254175068, 2.323692372249781e-43)
(-0.45159901359798293, 8.401829673990857e-44)
(-0.190811773240964, 5.278075079118175e-44)
(-0.47217405456806316, 7.828981571645021e-44)
(-0.45623410253356844, 9.664609122853368e-44)
(-0.26806416323388493, 6.339608750819768e-44)
(-0.4974852466385734, 3.698543732318717e-43)
(-0.30344409782310716, 2.708812402396111e-43)
(0.06923680405692943, 1.4621889187253528e-43)
(-0.023666959775772718, 8.289888100944057e-44)
(-0.04040768428033824, 9.387392527669736e-44)
(0.0034177954820175474, 9.620884518968819e-44)
(-0.3617886409477474, 7.000399446458005e-44)
(0.003703922213325262, 9.246134379035281e-44)
(-0.25038541294028627, 2.5758882565584917e-43)
(-0.1909596186862335, 1.3403579653378032e-43)
(0.22592031971835078, 4.891060162861059e-43)
(-0.44600242826228853, 1.7678486471883571e-43)
(0.18348121938932938, 7.235029232217311e-44)
(0.48883467619880105, 2.9647849646044624e-43)
(0.3070369499414449, 6.842548976834678e-44)
(-0.17889062384779877, 5.9537224660061775e-43)
(0.002714921652160486, 6.665496137903826e-44)
(0.2237965788884792, 6.346881200469718e-44)
(0.29008451114507383, 1.2644794222887665e-43)
(0.2545191274034757, 8.608041545801694e-44)
(-0.1369307540369121, 5.8584557659835e-44)
(-0.45011387593367935, 2.34972668664249e-43)
(-0.09558769982879532, 7.664300349004425e-44)
(0.3586370776430932, 6.712776156910419e-44)
(0.4665330290808663, 2.8193892599130873e-43)
(-0.3522433775112347, 5.245110062618325e-43)
(0.268766535498024, 5.497515440555817e-44)
(0.3995982503628949, 7.599052654873352e-43)
(0.042103907979340285, 7.102521907202992e-44)
(0.12494496986986352, 1.9654276463484385e-43)
(-0.15729685963985068, 9.765421141645576e-44)
(-0.2759300697201202, 3.622267147135441e-43)
(-0.2378483946050079, 6.240671161817913e-44)
(0.369202489017435, 2.2293107458716855e-43)
(0.38483471758314114, 6.31444143139395e-44)
(0.3082114997318092, 6.846374183294184e-44)
(-0.34657673886053336, 1.4549385958333e-43)
(0.019897347480808406, 1.6086441781102458e-43)
(-0.43862979038368227, 2.3981389503474553e-43)
(0.41657386296105997, 6.825458404038801e-44)
(-0.06504117473633551, 1.154044016546982e-43)
(0.15156538464327823, 6.599147456730131e-44)
(0.25038480875578667, 2.0813461907165765e-42)
(0.24400931826941594, 5.76632348462521e-44)
(0.24580778878506923, 1.7744213518239219e-43)
(0.4826865775063446, 6.70009699036417e-44)
(-0.180171040124871, 7.604262835144295e-44)
(-0.09165545288412442, 5.240450293408497e-44)
(0.312439869826852, 1.0288220829504798e-43)
(-0.09856732532176823, 5.088371767308468e-44)
(0.32926805743250304, 1.9216006443226794e-43)
(0.21678036991580837, 7.780840288818674e-44)
(-0.009878090882809186, 1.0799538407955264e-43)
(-0.08685708047528465, 9.148375627234935e-44)
(0.35146959238771497, 5.425592299796245e-44)
(0.23833872169558767, 1.1507812643885118e-43)
(0.29347034875609035, 4.3519716449098226e-43)
(-0.35612926981892756, 7.557684732020615e-44)
(0.25558061495853523, 1.172453715511512e-43)
(-0.10037164873330166, 4.177470079061876e-43)
(-0.4371100059677108, 9.877614268941858e-43)
(0.2722462903647634, 7.788385535411048e-44)
(-0.1438900425157853, 1.1075296141253816e-42)
(-0.4444041351639867, 5.5818491151157e-44)
(-0.2554712899721242, 1.5663257197629673e-43)
(-0.396268599141775, 2.7340992287560593e-43)
(-0.3702937162227421, 5.515225650791207e-44)
(0.3468011327108439, 5.90981524200086e-44)
(0.43375706960324406, 5.114443387159699e-44)
(-0.2530990300467309, 2.405309686708566e-43)
(0.22701802465438978, 9.888973320535006e-44)
(0.4609009333193238, 1.183614449765992e-43)
(0.38690986600620564, 1.8227809958806304e-43)
(-0.33103835881659255, 1.4221921084715975e-43)
(0.03093197666538845, 7.494915898047533e-43)
(-0.14621427402079046, 9.924251265656685e-44)
(0.0070371267364440345, 7.391716666786368e-44)
(0.09825581571010245, 8.172827458926948e-43)
(0.044412063730351094, 1.4325568474508995e-43)
(0.12614318169474711, 6.701263110766255e-44)
(-0.3388850877479186, 6.348821257947063e-44)
(0.44060420615147267, 5.615915387899971e-44)
(0.4766134303860677, 5.872327947201815e-44)
(0.05462343073502928, 5.119793835386746e-44)
(0.1602158050055472, 8.689822931226945e-44)
(-0.384707255357688, 1.4128830335067704e-43)
(-0.07388253710558497, 7.43770350427578e-44)
(-0.3632651730222272, 3.829027656859531e-43)
(-0.09733200157362552, 7.237403327264981e-44)
(0.2726104276222395, 5.212635477291407e-44)
(-0.08002125868952002, 8.58779142286287e-42)
(0.15029673583157657, 1.1476651287149678e-43)
(-0.11709944202473764, 4.919966902044818e-43)
(0.1707123192149191, 1.4109910863782335e-43)
(-0.23223528193033108, 5.946605750244778e-44)
(0.4020220295843774, 6.092740005622802e-44)
(-0.025972748648572016, 6.313244100486101e-44)
(0.08047001023754398, 5.09182087968141e-44)
(-0.28638931642887816, 5.469206244365171e-44)
(-0.18846637241504177, 6.068560353421646e-44)
(0.1304008751424412, 7.192873863236062e-44)
(0.10221614299064503, 5.078145559749297e-42)
(-0.2128009500631776, 2.5146725075970856e-43)
(0.359549603569561, 4.22728502245341e-43)
(0.20206452092445004, 1.0028604417051117e-43)
(0.3365262648472328, 8.720711986544842e-44)
(0.13429555095573414, 6.734495507324796e-44)
(0.2090851088141429, 1.0730076723285296e-43)
(0.27856809241564245, 8.925113937875982e-44)
(0.2704063912937726, 1.0556201340526271e-43)
(0.4233455515088511, 5.474928781329018e-44)
(0.020209993165656907, 6.435842982620202e-44)
(0.028329775409849805, 7.383816401595216e-44)
(0.11671895948655041, 6.519767263748033e-44)
(-0.36484640573445004, 2.0570986290604018e-43)
(0.07166983176203495, 3.841916439862424e-43)
(0.31478412804648664, 5.0750851888836e-43)
(-0.3556984045432825, 8.060559861076769e-44)
(-0.29418233261180926, 5.211051550465488e-44)
(-0.23179445348217903, 9.596838987321925e-44)
(0.3179892089453526, 7.253387285164565e-44)
(0.38622745376448264, 8.404314053599146e-44)
(-0.19223986565445772, 6.391497935178768e-44)
(-0.26126812478993894, 6.410149511676621e-44)
(0.273201041240856, 3.507070419694674e-43)
(0.17018381698293678, 1.1826133957682647e-43)
(-0.16716293952126215, 1.2605041454733943e-43)
(-0.22792389116645398, 8.107977444879658e-44)
(0.16226784788026444, 1.4452599174359404e-43)
(0.3444532979225083, 5.543459776836818e-44)
(-0.19802190894355526, 1.343005701778026e-43)
(-0.2615327593308319, 1.2347237890499358e-43)
(-0.28589672202267796, 1.6654319274233158e-41)
(0.1530019741213885, 2.4832203403737695e-43)
(-0.08958801464191123, 1.1239029301527163e-43)
(-0.0007471054511674367, 6.566531233069201e-44)
(0.13621888161000256, 9.488584319910873e-44)
(-0.4925105727898943, 5.300974648797903e-44)
(0.3176664672150479, 8.085302630856981e-44)
(0.12206223069255727, 1.7860300751325847e-43)
(0.4385491428307715, 2.3305258017853387e-43)
(-0.37532097479525, 1.4670486357112544e-43)
(0.2815633681177797, 1.9346242345357e-43)
(-0.39895391143747366, 1.746634289326478e-43)
(-0.31272383733657927, 5.205014659200516e-44)
(-0.021281318559988424, 1.4204074404939141e-42)
(-0.09200568426533588, 6.12085056405135e-44)
(-0.03418366739307894, 3.641524536296846e-43)
(-0.07518596902093268, 8.878339584168076e-43)
(0.29348012375563337, 1.1209397112879688e-43)
(0.4752824428517566, 9.580072039024654e-44)
(0.4922605656264281, 8.028283339822398e-44)
(0.17836541034274006, 2.8202394492932354e-43)
(-0.00486475578205663, 1.2202975602038523e-43)
(-0.21492394045540833, 5.457786250941184e-44)
(0.19267955251515073, 2.624691452129852e-43)
(0.32645176515011737, 3.856283841827855e-43)
(0.17500133128132792, 5.597430257326624e-44)
(-0.15810463102895375, 3.5147028803877777e-43)
(-0.056776553037729376, 1.2302462998103967e-43)
(-0.10225681843767166, 6.874702830136788e-44)
(0.12462463967516613, 7.480866055500234e-44)
(-0.44386810602515486, 1.3789499996230266e-41)
(0.17819686503187626, 1.6804949474444076e-43)
(-0.3855175222817055, 8.953553687415427e-44)
(-0.25187796334913637, 1.0252795167914463e-43)
(-0.012447027617864412, 1.7040140943154425e-43)
(-0.47118960861767173, 1.1789227993801935e-43)
(-0.014115478486025313, 2.8411474397152343e-43)
(-0.4261853158465728, 5.468462433574216e-44)
(0.4499729796967398, 1.1703608165356418e-43)
(0.22041733470757066, 2.181062620407172e-43)
(-0.3452106106853739, 1.4769680508377358e-43)
(0.03308724634656316, 1.6902731882400583e-43)
(-0.4492695677187034, 8.955395551135602e-44)
(-0.39131116206346017, 3.4188921761986832e-43)
(0.4546089859492932, 1.2815154011878229e-43)
(0.27855097383218075, 8.082113383411945e-44)
(-0.003155061617374572, 1.9572573573019585e-43)
(-0.2064062636609393, 7.845989172244454e-44)
(0.11129223883050161, 6.491621874327976e-44)
(-0.28415618297090484, 5.206728883373479e-44)
(-0.17406776486785414, 7.137397579283907e-44)
(0.0919323213629438, 6.201676745440782e-44)
(0.09261218723296487, 5.043392550322079e-44)
(-0.47572574011737095, 9.84335935405331e-44)
(0.047244517585704984, 6.804682927762026e-44)
(0.029325414239147436, 2.257187240296584e-43)
(0.24672755939417834, 1.1971892768157463e-43)
(-0.11303529283818435, 8.448778273362985e-43)
(0.10640340684919196, 6.79086885563997e-44)
(0.40510584522713455, 5.266560705820236e-44)
(0.21290484350328368, 1.5618302944127534e-43)
(-0.060993187263094314, 6.8540662395905e-44)
(-0.34500428724408094, 8.535480985150267e-44)
(0.13691921021301068, 1.3520546257750206e-43)
(-0.3749604588896744, 9.079266473601522e-44)
(0.23961386987661687, 2.4347383196156926e-43)
(0.12094283726377031, 2.399046601500829e-43)
(-0.010940619919063749, 1.8546683990696642e-42)
(0.08397309003140328, 2.3505041566457597e-43)
(0.3438071585687972, 1.2328161978397011e-43)
(-0.3666089182628703, 1.2932702697804224e-43)
(0.38030969602843684, 1.5932851488368238e-43)
(-0.15188927461991056, 5.889076626091144e-44)
(-0.2683435460929046, 1.560100923718603e-43)
(0.08862622886401345, 1.9418828557724883e-42)
(0.04658347279680212, 5.380943589024459e-44)
(-0.25698718828311745, 6.526170440380236e-44)
(0.26911942661851923, 4.826838109428215e-43)
(0.4092167660334885, 5.943998219238884e-44)
(0.3465704201879498, 4.579009556459042e-43)
(0.18772507549411035, 1.0764260073193985e-43)
(0.344001492683609, 1.6347502515187895e-43)
(-0.015860624241166715, 1.8310568954565487e-43)
(0.21951475385983413, 8.237950841699416e-44)
(0.4308404762538262, 1.1291948760459921e-43)
(-0.4368935732623769, 1.286253411086532e-43)
(0.45452985112065936, 9.370258503513037e-44)
(-0.06937421224614905, 5.808276327507339e-44)
(-0.25823785025676904, 1.207494729107894e-42)
(0.302137979589868, 1.8946106382505445e-43)
(-0.035429495403300475, 1.5247295292219571e-43)
(-0.33677039454403285, 1.2356902625597472e-43)
(0.09974869822678122, 1.4384041642616328e-43)
(-0.38739069067796167, 1.198604055386091e-43)
(0.13968893151727776, 7.291229401938534e-44)
(0.4368454556237994, 1.211802510772187e-43)
(-0.13340016899169505, 9.095614342951397e-44)
(0.2758321218313072, 1.072086743550777e-41)
(0.25827592082834716, 1.1137964437512755e-43)
(-0.43998723765844555, 4.477341634198063e-43)
(-0.18600567817738967, 7.694325712792953e-44)
(0.3473106839499485, 7.625333133520468e-44)
(0.4112057003705554, 8.114826918634187e-44)
(-0.15935688497867356, 1.332066575030408e-43)
(-0.40415855514614063, 9.41382552859443e-44)
(0.2323138493880449, 4.432989303721781e-43)
(0.036570031847427076, 5.218127412590688e-44)
(0.4011196047524893, 1.0812860892990868e-43)
(-0.36851031994535505, 5.351809435067818e-44)
(-0.4289688103597781, 5.143377529477628e-44)
(0.10331576004579425, 5.861004709450394e-44)
(0.37911991676507306, 3.0097599996121257e-43)
(0.4671023819867048, 5.878982416223258e-44)
(-0.08709607268911736, 6.321833972604175e-44)
(0.2469037275776178, 5.579689421726464e-44)
(-0.38037018252674243, 7.3535113799783e-44)
(-0.013525575195224331, 8.59460880467606e-44)
(0.24260342734249643, 1.6817293615059592e-43)
(-0.22058685499578742, 4.014677873586559e-43)
(-0.3939726844085368, 9.433542122948825e-44)
(0.11899879741296955, 4.814593484684064e-43)
(-0.09558597605988964, 5.575669431572358e-44)
(0.17571210604480417, 1.5550883624739103e-43)
(0.47611518850068546, 1.2284293965371845e-43)
(-0.19244428857706206, 8.224025912180685e-44)
(-0.04358771383218126, 4.071675736278285e-43)
(0.4528378251545674, 8.14392841180042e-44)
(0.2931484573872404, 1.7436332733627973e-43)
(0.2674568508687964, 8.302729720362315e-44)
(-0.34970375997763303, 8.562906493700044e-44)
(-0.1897707964366242, 3.6070628670289965e-43)
(-0.41985408899525123, 8.764138000780909e-44)
(-0.4366473748529705, 6.051117478616544e-44)
(-0.09651050116690353, 6.443722515364581e-44)
(0.359779624895173, 3.448971829996784e-43)
(0.06549643522082166, 1.4252453480730486e-43)
(0.1215078084635246, 7.018596191205278e-44)
(0.1114795197550944, 1.2812667404557678e-42)
(0.023509803932367707, 1.6792938826105098e-42)
(0.36614404611981427, 4.583677648637719e-43)
(-0.4137769974264814, 5.524176550307546e-44)
(0.2187160040006294, 8.73773032656488e-44)
(0.00923680548004016, 6.20928017914451e-44)
(-0.11657515376596002, 5.068687703950886e-44)
(-0.2969539834502057, 1.3606214065654249e-43)
(-0.4461210702672758, 9.553379137201668e-44)
(0.2833890638301231, 7.398519732368309e-44)
(-0.43332053662036135, 1.9058444878258026e-43)
(-0.4063895104761335, 5.099392462936965e-44)
(-0.1503881359315217, 8.363320157025485e-44)
(0.17680248788627242, 3.069041752274873e-43)
(-0.016726742420891044, 7.681381052529769e-43)
(0.29820815239427495, 9.019924215315503e-44)
(-0.05760981744927186, 1.5923367181082e-43)
(0.05929984631256351, 3.921225217542874e-43)
(0.15899567499659858, 1.3470194456495285e-43)
(0.26703377732020467, 5.494685837869469e-44)
(0.44460605405219095, 2.011936510982174e-43)
(-0.3983511658583042, 5.581361319799088e-44)
(0.2368214466667175, 6.487443123840555e-44)
(0.11068864449532606, 9.075771333079032e-43)
(0.49086086569861276, 1.190154063763264e-43)
(0.45173572082487795, 6.325506598027074e-44)
(-0.232905247812264, 8.305085054991998e-44)
(0.19348970822262304, 1.298846217300899e-43)
(-0.0603521338065446, 6.26112615505924e-44)
(-0.19076214364228886, 4.672354326440221e-43)
(0.4379209535603762, 2.5721051801180213e-43)
(0.38953498782017865, 7.520002358197363e-44)
(0.03031229200580666, 1.7542695611232503e-43)
(-0.4867442766371672, 8.074700377512153e-44)
(0.46789487997865614, 1.2638993778142012e-43)
(0.1302695041862297, 1.2151608139284707e-43)
(0.48349879880001706, 5.041748796943194e-44)
(-0.42083024493489135, 6.783894371414946e-44)
(0.0698871263518286, 3.3036742772552674e-43)
(0.15002240602686823, 2.616910791029322e-43)
(-0.010685797296903434, 8.42038669740614e-43)
(0.277937952328653, 7.506668991257489e-44)
(0.44899259526849683, 6.964238255717938e-44)
(0.2976328782257518, 6.934675251809141e-44)
(-0.27915659952531285, 1.57123396946317e-43)
(-0.3862007684892142, 5.559278941791375e-43)
(0.04332268031414612, 2.809492038963726e-43)
(-0.06929486071275912, 8.168639162902002e-44)
(-0.20862996871269965, 5.432792744182868e-44)
(0.43302913840678037, 5.891281975338207e-44)
(0.1103920149538987, 7.48375568780197e-42)
(0.3788561116785063, 7.662601976095557e-44)
(0.28349319704223624, 9.35950717163881e-44)
(0.2895552884140742, 1.4167484713050884e-43)
(-0.3516404966707346, 5.448320322705923e-44)
(0.36871953532636775, 1.0103816030205778e-43)
(-0.35239071835033825, 1.937284339303418e-43)
(-0.37012389244018457, 5.484795691069362e-43)
(0.2311460437473384, 5.05938614101324e-44)
(-0.19390012177211677, 1.2655396969293764e-43)
(0.3159288575199084, 6.479027706050475e-44)
(-0.15693427559705705, 7.093738761737973e-44)
(0.12851347605041516, 6.122783492022357e-44)
(0.045998486382732386, 5.732499927229808e-44)
(0.08654939110762182, 1.028900856187345e-43)
(0.3078480382475254, 3.7054172140470034e-43)
(0.48419950222143393, 5.475605161259948e-44)
(-0.030992569996061602, 6.855623264470436e-44)
(0.45763439459205724, 1.0500920931348641e-43)
(0.27338834794701966, 5.178195108500226e-44)
(-0.49365707845399903, 1.3394612020373613e-43)
(-0.037229634404316765, 1.5806514739093025e-43)
(0.4044394493638731, 2.5762384037111692e-43)
(0.08820123283807478, 3.806705001369429e-43)
(-0.4342840860456557, 5.4627093175046804e-43)
(0.40060235002854605, 4.3160215571050765e-43)
(0.3373727110372907, 7.4107002658502445e-44)
(-0.13816605546482577, 7.687144781024424e-43)
(-0.04000848237533773, 6.540437275644049e-44)
(-0.35054884333898884, 8.271522996164887e-44)
(0.0004954022854660781, 8.097235658475295e-44)
(-0.4415558063397082, 2.5348483521389845e-43)
(0.4515914593923021, 1.1036270843341579e-43)
(-0.20343246828798386, 7.18626876114158e-44)
(0.0891369868656582, 1.0048555102672068e-43)
(0.2561220060875309, 7.32481225219738e-43)
(0.009880951921077385, 1.7497438847763653e-43)
(-0.4167793583684168, 8.811093043089798e-43)
(-0.4802348299358025, 4.05631120973076e-43)
(-0.13381759291438133, 8.580292631858934e-44)
(-0.12069804057064544, 6.587168682810878e-43)
(-0.14222528365575088, 7.03993988329242e-44)
(0.07967568694094358, 1.6033177596418545e-43)
(0.2836964374336196, 1.1155384684797237e-43)
(0.4913503327447634, 5.15009355995871e-44)
(-0.16202629089410603, 6.29550928176679e-44)
(0.2539581823248424, 5.862932255842406e-44)
(0.1863205319385055, 6.256224383867366e-44)
(-0.0800299847208971, 2.0882953521603488e-43)
(0.34612240456863996, 5.375909664523984e-44)
(-0.4538928368059071, 1.9083625622202236e-42)
(-0.06029880661588198, 1.0655730149928458e-43)
(-0.4043323196491742, 5.144071815441242e-44)
(0.12214799156641754, 5.81227309343394e-44)
(0.4919948454212899, 5.250188104046962e-44)
(-0.0089282422232305, 5.139421676733373e-44)
(-0.042257488500928045, 4.357202984963007e-43)
(0.29459930192791883, 2.361975733829481e-43)
(-0.02241501248492958, 8.641484562215805e-44)
(-0.1706421882983104, 9.41596636878526e-44)
(-0.29008190716938903, 8.997467323585963e-44)
(0.041749519142615224, 3.27492332566685e-43)
(-0.2495501164969773, 1.159663909144821e-43)
(-0.2956577681090502, 1.2896324514591393e-43)
(-0.3461347970555955, 6.503355600375788e-44)
(-0.3676710053253397, 5.258362677351219e-44)
(0.10807658625582567, 6.482706231947393e-44)
(0.057792259598262674, 9.72926679016032e-44)
(-0.3429180778686405, 2.694355736974336e-43)
(-0.16619686270197206, 8.751221976088401e-44)
(-0.26316543308824597, 5.299280421370269e-44)
(-0.49557718473207923, 1.361533046693019e-43)
(-0.21149840770846776, 7.275798738351843e-44)
(-0.4787924795009736, 5.74422222138916e-44)
(0.16993184462705696, 6.996675142181945e-44)
(0.48510923159736047, 7.957120686204925e-44)
(0.04890153286185582, 8.018438838170616e-44)
(-0.27213645642468065, 7.349033609872071e-44)
(0.4515273520021215, 1.0757870657528737e-43)
(0.06113007839626898, 9.205229517951224e-43)
(-0.0848758567100979, 1.286637988640106e-43)
(0.3805211780105705, 6.398816181296541e-44)
(0.348039821993521, 6.063410720318119e-44)
(0.49183772168313733, 2.2595083578113955e-43)
(-0.4856834138258357, 5.367394179183317e-44)
(0.45908588556130664, 5.282746388005092e-44)
(0.06267953881022549, 6.072047787086926e-44)
(-0.32279235892045166, 6.812296505112627e-43)
(0.47150991191261454, 7.496958170203051e-44)
(-0.11359060895511108, 5.760227453964245e-44)
(-0.3386730565160051, 6.04314730799914e-44)
(-0.1363948371547527, 6.025125835682312e-43)
(0.2986709797953323, 6.811571382124815e-44)
(0.4340637845606277, 9.862064681475025e-44)
(-0.4796033700710007, 6.785409902713979e-44)
(0.23511401980481203, 6.212018965199395e-44)
(-0.01988455474686938, 7.211466993728134e-44)
(-0.38074190056588225, 3.5647175613638847e-43)
(-0.4682266144629674, 2.7436745680871562e-43)
(0.2756813105077888, 1.652887785102457e-43)
(0.018609026538141598, 1.5547916311136575e-43)
(-0.1834751233519965, 6.49277587962719e-44)
(-0.07477304418396048, 5.552373123311308e-44)
(0.14890095574386525, 1.932460330680199e-43)
(0.4747849928313576, 5.831675433059052e-44)
(-0.4161501771717282, 8.556142097037105e-44)
(0.4627725924746496, 1.3424124100340923e-43)
(0.03145888815811732, 1.0147394940655004e-43)
(0.004394915455431309, 6.072768235071642e-44)
(-0.29161996943436863, 5.752932442695e-44)
(-0.19472485481235233, 2.4898383945619343e-43)
(0.08654437178224941, 7.089315610567362e-44)
(-0.2865642741352245, 1.013605852117542e-43)
(0.22029349645190457, 8.165527013625605e-44)
(0.05842021518221896, 1.5515775732301854e-43)
(0.07874636936215253, 1.3239233028557033e-43)
(0.3409638995837127, 6.236792924556197e-44)
(0.20828619031864543, 1.8147438686681623e-43)
(0.49866578790731053, 8.594969182134366e-44)
(0.09994904422528302, 5.133492168957398e-44)
(-0.08259850324557724, 6.698572145573839e-44)
(0.33428329065365336, 7.964779520336327e-44)
(0.4775539451099995, 7.368481767459283e-44)
(0.15432974981341577, 5.914875687509213e-44)
(-0.37318275658291716, 5.528157518423794e-44)
(0.11310446788795879, 1.3232498565094502e-43)
(-0.3618678654471962, 7.12343193901276e-44)
(-0.13142269760437666, 1.8530956096265427e-43)
(-0.0880288875804221, 5.53970050214289e-43)
(0.450324479179381, 1.702364339739796e-43)
(-0.2337995171086221, 6.392935186815878e-44)
(0.25297392781136946, 5.420332950605909e-44)
(-0.03685567245470716, 6.780003672185659e-44)
(0.08982793453329839, 8.075560854096258e-44)
(-0.09379389949133907, 9.346283765880566e-44)
(0.3602289200664801, 1.3200935589863525e-42)
(-0.2264569264877581, 5.216157410093355e-44)
(-0.08361997363741505, 3.019547407270902e-42)
(0.17209530373947002, 1.4494382291575375e-43)
(-0.10177703551336192, 8.555283840832127e-44)
(0.14929730676057262, 8.948892808050551e-44)
(-0.2634190333186815, 8.294194525056011e-44)
(-0.4368743121407811, 8.423709314283872e-44)
(0.045265987081817595, 1.7773869006121056e-42)
(0.03796033199877718, 1.2526109910209105e-43)
(-0.3515086891986779, 5.349022521012007e-44)
(0.39709999529305506, 3.93957917607527e-43)
(-0.4703179875317382, 2.01816652537042e-43)
(-0.24746975393155746, 1.3728831873035118e-43)
(-0.30193901085119035, 8.715581616859424e-44)
(-0.29819631910948696, 5.352123655368015e-44)
(0.11705085410143543, 7.317058760683615e-44)
(-0.38437850963786707, 6.851697615568105e-44)
(-0.32676572727555586, 1.5947462991495124e-43)
(0.21429739695727995, 7.534052210694559e-44)
(0.3601782569592055, 2.5011362235218713e-43)
(0.3625617699617547, 1.031261547077454e-43)
(-0.3465951586711924, 7.508022891862087e-44)
(0.04058909626789478, 2.050312742034595e-43)
(-0.41059857808248823, 6.859238642498626e-44)
(-0.4594336638018462, 1.2779825390882067e-43)
(-0.326258485316597, 9.020692710932378e-44)
(-0.15665473663569607, 2.5076225069219016e-43)
(0.34377858234717346, 7.675368996941831e-44)
(0.27925824518814163, 1.4226849231060457e-43)
(0.003742144260545664, 8.000268075888849e-44)
(0.4526782958879606, 1.371260665280471e-43)
(0.014376207803590916, 5.938192263003609e-44)
(-0.4703724577125091, 5.9365592232920575e-43)
(-0.2249046443619149, 6.013063184017401e-44)
(-0.08465800288639716, 1.376623858247191e-41)
(0.03254566945587968, 3.5978972549026796e-43)
(-0.2293347362946716, 1.3635594699022498e-43)
(-0.05013541448452153, 2.032062429965064e-43)
(-0.4095336516787891, 3.392012838951206e-43)
(-0.05808802690302988, 5.294300736855344e-43)
(0.024311624712131802, 6.02260335064034e-44)
(-0.3508789641104532, 3.1937130736930115e-43)
(0.2848552690077041, 8.22247740716513e-44)
(-0.04646791651846718, 9.79550643951134e-44)
(0.1511421215706693, 5.496555410895961e-44)
(0.35394236921401434, 8.773495323686159e-44)
(-0.4854128700537363, 1.6046973982851868e-43)
(0.4722740369670883, 1.4150535498100876e-43)
(-0.4007268591451984, 2.946205750052202e-43)
(0.12284495203469288, 7.173108543450773e-44)
(0.3183996326368087, 5.14344870290671e-43)
(-0.23724348880164894, 6.955715918477784e-44)
(-0.22062192185224663, 3.2700629130771312e-43)
(-0.4465830352593058, 2.165099319225963e-43)
(0.06630346071327703, 1.3503388918671313e-43)
(-0.12448583589971295, 1.4264060351772663e-42)
(-0.024033955452284785, 8.644005231490567e-44)
(-0.47754771000992924, 8.244231018663581e-44)
(-0.2435413798551419, 8.088050722414531e-44)
(-0.20147508866483363, 5.824922595654674e-44)
(0.03655997660189508, 5.781972565820981e-43)
(0.43244426922638374, 6.883866290556496e-44)
(0.03920164366384624, 5.237057539838934e-44)
(-0.42004543512461134, 6.972131705221913e-44)
(0.3286298462018319, 1.2652319969610367e-42)
(0.09852853919179515, 5.300025878528978e-44)
(0.49462123944994235, 5.017585777410218e-44)
(0.3177873329806726, 5.049118741275393e-44)
(-0.009900507691275165, 1.0153233167726608e-43)
(-0.32007401949348113, 1.1143777184820966e-43)
(-0.37749125669104366, 6.290261390215097e-44)
(0.026627815408649516, 6.662767082311251e-44)
(-0.0049828970744675944, 1.1476617392268872e-43)
(0.042451769419305355, 1.867641081782326e-43)
(-0.40696699303097505, 8.891744821559706e-43)
(-0.4923446235361325, 4.296696646287611e-43)
(0.4417346811933723, 2.678609948584054e-43)
(0.4999254334537934, 5.267914619213073e-44)
(0.10983785554897865, 6.592695079010316e-44)
(0.3703238149588887, 1.1916455502747433e-42)
(0.018726602431535507, 8.612427402330309e-44)
(-0.3805809050668651, 1.0793350418441928e-41)
(0.08888988630598273, 1.4346502235427362e-43)
(-0.34815039442988943, 6.018007850416829e-44)
(-0.4861763542174921, 9.520912147108977e-44)
(-0.05161532852213886, 6.632858397633163e-44)
(0.44701549416391456, 2.269896607591023e-43)
(0.47164236799041237, 1.3508827035490121e-43)
(-0.4360178645665343, 2.3486470914911742e-43)
(-0.17262189381067894, 4.295718459426462e-43)
(0.0033757517380519305, 1.6706467040583198e-43)
(-0.22037204543160008, 1.0611151325891006e-43)
(0.2680503252599216, 5.1988112334818395e-43)
(-0.2101048281013644, 9.825301526830982e-44)
(0.13632572237090426, 6.299618871197305e-44)
(0.4328641990890249, 1.795476232921254e-43)
(0.23338631011414845, 3.3066291190349188e-43)
(0.10626952427281816, 6.810601658000595e-44)
(-0.0742304915086847, 4.141514835221011e-42)
(0.17162714807439294, 1.847626766471368e-43)
(-0.09198868061404963, 5.407637646960157e-44)
(-0.26363067202464596, 3.884540126023398e-43)
(0.15605581296839488, 6.047349754149893e-44)
(0.029751159817945374, 6.76203330412458e-44)
(-0.09122556826766191, 1.2876903287513178e-43)
(-0.16949740153445195, 7.0981092749832555e-44)
(-0.18845486966963892, 7.971620690417837e-44)
(0.007365915041325973, 6.979312764185916e-44)
(0.23305878932778956, 1.5070639289217492e-43)
(-0.06092877393751906, 8.65669355715741e-44)
(-0.206916948306806, 1.146190767785781e-43)
(-0.10268089475735002, 2.8529390274822877e-43)
(0.07357458393779631, 1.5132561541080207e-43)
(-0.20032546209065727, 1.1997500180956948e-43)
(-0.2254887641147271, 7.326325473620213e-44)
(0.16624072156030809, 1.3474966167834504e-43)
(0.06434626397641072, 1.711737465225242e-43)
(0.05782344177955495, 2.824701547471694e-43)
(-0.3800065777886494, 8.136157652269832e-44)
(-0.45802664686537825, 5.599047060086299e-44)
(0.08553353138622208, 9.734914824683674e-44)
(-0.16067618088228489, 1.2112704639644796e-43)
(0.23840513357628113, 5.370896972923171e-44)
(0.0856364992479391, 6.701201464151719e-44)
(0.10716325566585562, 5.397208346975782e-43)
(0.07336661342435186, 8.84692613671872e-44)
(-0.3597802602385192, 3.778912438979456e-43)
(0.05604448812160918, 6.22565721970611e-44)
(0.30275273983061257, 7.419657081917126e-43)
(-0.26228173783000863, 8.536708982736766e-43)
(0.2124718447038722, 5.640885266563595e-43)
(-0.44767256771859776, 2.7619581170981665e-43)
(-0.2804556750378729, 3.743581219206654e-43)
(0.3933766897261862, 8.9037573259054335e-44)
(-0.19836776099001202, 6.447797054700204e-44)
(-0.49449277898445343, 1.1905707571796075e-43)
(-0.018592576421524527, 6.470940918306129e-44)
(-0.4635556961827912, 6.041359083031893e-44)
(0.4183053891623439, 1.525584632424702e-42)
(-0.31276940648611135, 6.381174325599904e-44)
(-0.46441251236869346, 1.3503528225329485e-43)
(0.07650498869651676, 5.985987543195854e-44)
(0.27432569217508174, 9.029089407417974e-44)
(0.25642863123214743, 2.1686163231019682e-43)
(-0.2527562226723372, 1.72462350471132e-43)
(-0.01428349948784081, 1.4902618718896406e-43)
(-0.05136552200144161, 8.419314042057875e-44)
(0.44389845795160704, 9.21027474837606e-43)
(0.19823322193724993, 7.39501118778459e-44)
(0.026479100964774828, 1.8822028157920466e-43)
(-0.3125203356783702, 8.423692717334698e-44)
(-0.08924418736509425, 9.383457958864117e-44)
(-0.3968673953660902, 5.338269002388554e-43)
(0.1249701742671087, 5.473275068179649e-44)
(0.10674958680527113, 1.484679503685728e-43)
(0.23559398947320118, 5.033522426258061e-44)
(-0.29554385766352065, 7.308557395156619e-44)
(0.01457479165305218, 1.4824874989549324e-42)
(-0.09685423144727125, 9.551255339249032e-44)
(-0.023086167043491437, 9.424608366651508e-44)
(-0.2887537874022242, 3.393107339440097e-43)
(-0.37120211833533323, 6.456440169623139e-44)
(0.11755723377216579, 8.587679507784633e-44)
(-0.2355793115618902, 1.8161811120095912e-41)
(0.369442861304384, 2.8163001761931816e-43)
(0.475001989637731, 1.8470488779418674e-43)
(0.265935567638806, 6.020873341869631e-44)
(-0.3130440954414186, 1.0730523658931955e-43)
(0.37761271159110416, 5.613331562694962e-44)
(-0.17845825361450174, 1.1570856488278742e-43)
(-0.12649699964882596, 5.377278300095965e-44)
(0.027153204690781918, 1.0236308149114695e-43)
(0.16041185794535764, 6.488018376113231e-44)
(-0.04198540767454066, 7.239203015297415e-44)
(-0.46668150547577886, 7.146442992313202e-44)
(0.3680797773047257, 5.694466238113863e-44)
(-0.04824595542794452, 1.4931673975975426e-43)
(0.3254963585973541, 1.7609666498453361e-43)
(0.3700429684542879, 1.8360197486059813e-43)
(-0.1314573810179305, 2.225518894377775e-43)
(0.26487258216303217, 3.6522128511481854e-42)
(-0.3926363006549991, 1.9043451286088067e-43)
(0.22022460804241692, 6.058989090534065e-43)
(-0.04070413648372758, 6.63103221362937e-44)
(0.2225628029775569, 7.616115116008011e-44)
(-0.029311142512242795, 1.3803020912780855e-43)
(0.14972662166112255, 7.68562415139475e-43)
(0.24053335331196293, 1.292998366620692e-43)
(-0.23225197711741943, 5.227921746644058e-43)
(0.360790349946632, 6.357809376503618e-44)
(-0.030981369729924945, 1.8081180534228486e-43)
(0.16688847625659164, 1.2874745217488039e-43)
(0.07087497417682452, 5.19066087261755e-41)
(0.3676453893812616, 6.886496724853605e-44)
(-0.33469838106090105, 5.214258907452222e-44)
(0.17666785845218583, 8.409099426590302e-44)
(-0.03840829063051296, 1.9652730360798158e-43)
(-0.4117042149763094, 3.2411205295986316e-42)
(-0.012857717621962942, 6.308780509717272e-44)
(0.07696211379027966, 5.423382325914111e-44)
(0.40575171552358236, 2.484756724861084e-43)
(-0.4738754584999759, 1.7899767294341248e-43)
(-0.05437812602423951, 7.305306267892623e-44)
(0.15185440663736344, 6.331826861801558e-44)
(0.2500445210967024, 6.79531080646304e-44)
(0.4661593130007816, 5.488804894834155e-44)
(-0.4189542249608755, 1.9828809392288515e-43)
(0.38587665464470655, 9.190316052453937e-44)
(0.4684793291391374, 2.8964806415104668e-43)
(0.41564421403260876, 1.0749120590848054e-43)
(-0.4261169859277419, 7.828453064676726e-44)
(-0.1367293440852036, 8.895378025479712e-44)
(0.17860424559852206, 7.176459814413976e-44)
(-0.48047135057917295, 6.795565090020625e-44)
(-0.18094883012516078, 7.493925014441121e-44)
(-0.05072880301053611, 6.392449637856029e-44)
(0.10988446101955697, 8.8509745513253e-44)
(-0.14980157272075953, 9.30686804908352e-44)
(0.039115960882170765, 5.79744330654265e-42)
(0.3492264279907265, 5.358100810733108e-44)
(0.28938692792957177, 1.1730535419648876e-43)
(0.10212660384985171, 6.70472818309967e-44)
(-0.39573401609494124, 5.819661744878392e-44)
(-0.4581822180472513, 9.541158195291663e-44)
(0.3129278240170651, 2.168093706685339e-43)
(0.42793971908810674, 1.406211240693064e-43)
(0.3998816641206756, 6.60469936394986e-44)
(-0.14657883554996254, 2.9314001459215284e-43)
(-0.452977122043176, 5.2507352707671e-43)
(-0.4973580504742261, 5.031745013311921e-44)
(-0.22575230022773876, 7.576850387257089e-44)
(0.33956783567786464, 1.2297178992592766e-43)
(-0.46844825489994973, 6.401572185802398e-44)
(-0.058658000328105635, 1.7671023731180954e-43)
(-0.0768089255405606, 1.2023644818058037e-43)
(0.38440064938415885, 7.811937877702614e-44)
(0.10415058227080619, 1.303612557374121e-43)
(-0.2530498869241277, 1.289495762708293e-42)
(0.0918229739020902, 5.395582168037044e-44)
(-0.48555005965812587, 2.3372672819112977e-43)
(-0.1582516520033656, 6.161927284307506e-44)
(0.017506607270262906, 5.221089475890659e-44)
(0.3447936086145161, 7.142283282684425e-44)
(0.47930687392540144, 8.739626359975478e-44)
(0.15084467476717867, 1.3022668269382934e-43)
(-0.02485032637269761, 1.1435083778128679e-43)
(0.1963582168727887, 1.0809226449758697e-43)
(-0.22369172370496562, 5.524305803183978e-44)
(-0.24068002547098435, 1.00339872635681e-43)
(-0.053726594617359756, 5.427980545339886e-44)
(0.019754008943750595, 1.6306605626152228e-43)
(0.2651242757080235, 1.9912162716692284e-42)
(0.28920121371418295, 2.8616843508131714e-43)
(-0.4965821376935495, 6.173107620584122e-43)
(0.43288746828799507, 1.308605372860664e-42)
(0.4636033433288306, 2.513791687484486e-43)
(-0.2977960785276781, 6.828912682522939e-44)
(-0.20623000366086114, 6.732727474831482e-44)
(0.42233647829775955, 7.778510979383231e-44)
(-0.10778620389304606, 5.618384535826612e-44)
(-0.39314381338993837, 5.744461122356465e-44)
(-0.0543549909735366, 2.3529033873279373e-43)
(0.20849399116207532, 6.615518534764639e-44)
(0.3583039433721068, 2.9893630594340357e-43)
(-0.06965479801761228, 2.9502159163064347e-43)
(0.09311035811667069, 5.766007782598457e-44)
(0.38923518925677564, 2.127771211622235e-43)
(-0.38024868398785044, 2.920336499471887e-43)
(-0.4060968424247628, 1.224766526857103e-43)
(-0.434820784152918, 5.994259239704078e-44)
(0.1627810134565921, 5.189246153779406e-44)
(-0.006949909300869301, 1.3336992945919968e-43)
(0.24979147473521862, 5.769908158654675e-44)
(-0.06570991261733886, 1.7820685541255041e-43)
(-0.44686014262928064, 1.06796249005778e-43)
(0.32053905347677314, 5.158909531107622e-44)
(-0.13505536866655515, 1.8240769917402246e-43)
(0.15086995889933166, 5.83227815591095e-44)
(-0.18094104385685564, 2.024732473985289e-43)
(-0.37210595702846966, 7.216417044118578e-44)
(0.37024105878395297, 1.4002844978666698e-43)
(-0.02915539858202596, 9.44455110728307e-44)
(-0.22787083729826593, 5.577405196464992e-44)
(0.3690753119447754, 6.13651625353529e-42)
(0.32403198909394204, 1.663606651649465e-43)
(0.34125052104984954, 1.7268815907647597e-43)
(-0.4649660255334411, 1.854760932859063e-43)
(0.44827000546716056, 3.566900872838498e-43)
(-0.07386593752927471, 1.5793313369987942e-42)
(0.06806724019912634, 1.175695527431825e-43)
(0.48348874489595756, 5.52787749485008e-44)
(-0.09154492147079021, 6.244679112138614e-44)
(0.4094444663279382, 6.269395303483631e-44)
(-0.38751535608921206, 9.332232961145277e-44)
(-0.14358513449199065, 1.6121202112484134e-42)
(0.39882102827797783, 5.691756054401652e-44)
(0.2232126410652664, 3.539100865135694e-43)
(0.22844769836585238, 4.099453789827173e-43)
(0.13857788524998182, 6.018099288799234e-44)
(-0.1490416538250994, 5.202679893471604e-42)
(0.18639576801631377, 8.270832571928315e-43)
(-0.3410574163392552, 8.679500829994848e-44)
(-0.012901276013394079, 3.899771432478497e-43)
(0.3359412624801985, 1.0077301207578822e-42)
(-0.3543624356520699, 3.991462583779871e-43)
(-0.25709723488875924, 1.2300794076854618e-43)
(-0.1167858825214873, 5.27132218561239e-44)
(0.22156313329422753, 6.146694612085785e-44)
(0.0742988419954083, 1.184014614515429e-43)
(0.2805962208558917, 1.2713879500808973e-43)
(0.38582871578285044, 2.804944810519089e-43)
(-0.38677285766084607, 3.669157037647515e-43)
(-0.11363276011452363, 3.757680749287033e-43)
(-0.44915064804369226, 1.749729293888103e-43)
(-0.4248100037926016, 5.140065040514097e-44)
(-0.38019176381353303, 9.96826122503018e-44)
(0.13182845795905812, 5.055556746217759e-44)
(0.18132376051049504, 1.024071046028496e-43)
(0.1890053410547564, 7.355369723410514e-44)
(-0.12763044370550547, 1.4941754143286886e-43)
(0.380687935244816, 3.3977468353053967e-42)
(0.37223856573937, 6.960812887215825e-44)
(-0.12046074082950926, 7.462132779888163e-44)
(-0.3606050511427334, 1.3807018897278806e-43)
(-0.04258754633944677, 1.0043022011860382e-43)
(-0.06341489300322722, 4.9205182992424346e-43)
(-0.17887208032563456, 9.475702154670867e-43)
(0.3203806191105649, 5.998548490413177e-44)
(-0.16471535012083222, 6.533211006744425e-44)
(0.40015396837075806, 3.9914921530370476e-43)
(0.49467263079516005, 1.018809121032277e-43)
(0.46101688625696874, 5.478751893052404e-44)
(0.1485308454681045, 8.157955634656729e-44)
(-0.4084513840942854, 8.313633504288142e-44)
(-0.44421574827436444, 1.8798742691489015e-43)
(-0.3194295187977062, 3.4566975865866127e-43)
(0.49048692996231674, 8.198138019438022e-44)
(-0.07185152218138613, 6.4605928377134e-43)
(-0.25056279317626284, 6.043627960319219e-44)
(0.40968050037925435, 4.974524088437424e-43)
(-0.10770286277006921, 1.3663326847265787e-43)
(0.43182237434239074, 7.016835700039568e-44)
(0.2382353824602531, 9.366963564861757e-42)
(-0.29547367617594944, 7.432963669081585e-44)
(0.034507931053129826, 1.6384792971107685e-43)
(0.11113172788280076, 1.6585772718258363e-43)
(0.24655717423414097, 1.830543209008913e-43)
(0.10841749549004627, 1.2703656889774747e-42)
(-0.23895002130079623, 1.2465122377742152e-43)
(-0.4074038014635028, 1.8054697326583217e-42)
(-0.3775676504889948, 1.0248886237454e-43)
(0.08501724239310594, 1.0740545619618076e-43)
(-0.4724573516384975, 1.6230977246760153e-43)
(-0.3637260156859485, 8.953774842553765e-44)
(-0.4623289862853382, 8.916152498206447e-44)
(0.06860484026194641, 1.01239825418138e-43)
(-0.2656773151089193, 2.893968323663479e-43)
(0.31014213838598315, 1.979290406312034e-43)
(-0.16855963208244287, 6.052033255440773e-44)
(-0.0023357534491210323, 8.481432167553369e-44)
(-0.07379898392410057, 7.523911953833423e-44)
(0.05658342317419917, 3.1547145279363853e-43)
(-0.32339701487372524, 1.4678395537240812e-43)
(0.08925454099233862, 3.3428076735411873e-43)
(0.2531488108664556, 5.136930750922437e-44)
(0.041663206680017474, 2.7186860476046136e-42)
(-0.2720312779342758, 5.4192269334434245e-43)
(-0.40873780619642747, 6.219683641793177e-44)
(0.3612527210832878, 8.585732648200144e-44)
(-0.18129292352321075, 8.858833866740319e-44)
(-0.440414537075629, 5.139917736748304e-44)
(-0.20092021131860247, 1.2831661645532738e-43)
(0.21392255389373233, 5.341664215684191e-44)
(0.14311127525642328, 5.103826734224775e-44)
(0.08534308195759094, 1.2618366187954403e-43)
(-0.36418664016126445, 9.157489667016997e-44)
(-0.1567554585695118, 1.0487604925461611e-42)
(-0.056601057819328886, 8.113900505134823e-43)
(0.3260103136590747, 1.6543991939974955e-43)
(0.01111447910387329, 5.637591866631522e-44)
(0.31508828583416987, 2.4773253561031684e-43)
(-0.25204291525394634, 7.229214236655595e-44)
(0.36972419482191715, 1.2316289907594439e-43)
(0.15346800606463276, 5.432058876619691e-44)
(0.20583041705072747, 7.228920746286064e-44)
(0.11234524097515754, 5.698974564184206e-44)
(-0.2865730072877545, 6.007579064820174e-44)
(0.36733021174164154, 7.707145390158795e-44)
(0.14698455301817656, 2.7133787556745237e-43)
(-0.48100522803140067, 1.0169545467177934e-43)
(0.38100025664987586, 2.421755280842183e-43)
(-0.3312846215991355, 8.950760449082032e-44)
(0.17529796542659107, 8.685682429886949e-44)
(-0.4021929988780438, 1.0892647422352314e-43)
(0.3489395739660086, 5.55682962903242e-44)
(-0.34020234659220666, 2.9565588244390555e-43)
(0.4521228047662742, 6.39124196772973e-44)
(0.3934453622714607, 6.520889090154373e-44)
(-0.2985179685778368, 7.566346900766699e-44)
(-0.17594999591029184, 1.5700942996230715e-43)
(0.30811157025140856, 5.651321677720074e-43)
(0.28843010219483034, 7.258799373016866e-44)
(0.10885863147729592, 5.629878017177554e-43)
(0.030530810484929963, 8.882951186308114e-44)
(0.3050219085622079, 8.10041021533725e-44)
(0.10053590238306655, 6.7754940706923e-44)
(-0.2059314929658486, 5.640081428480363e-44)
(0.4569734334567069, 7.098930872216294e-44)
(0.06231626596525269, 2.1439114483277985e-42)
(0.45742568882021384, 1.2553942765505004e-43)
(0.00010645734220487628, 7.606527005218965e-44)
(-0.23098329120342725, 1.8586488366006332e-43)
(-0.25567928303728993, 7.598591122173716e-44)
(-0.46716534845879104, 1.156117827149968e-43)
(-0.4471405468103451, 6.43513608287996e-43)
(0.226666255577396, 8.773506392754716e-44)
(0.3978892580730069, 5.835863501982781e-44)
(0.11883646326885307, 6.022103414049954e-44)
(0.16015816058174778, 1.4398200764106814e-43)
(0.1628956689685289, 6.891382447919764e-44)
(0.20236127988297334, 5.940908866817673e-44)
(-0.07935783961622282, 9.88652840171519e-44)
(0.24779572997329266, 7.890349868815998e-44)
(0.3878313773962281, 8.570597044740615e-44)
(0.01629274180407507, 5.201181830276083e-44)
(-0.28794519103955774, 6.975779796579777e-44)
(0.3134191929933641, 2.844009674373664e-43)
(-0.3423512106253074, 1.3572388990987667e-43)
(0.1772522576082009, 4.922027480148488e-43)
(-0.011861672320785466, 9.14650793757609e-44)
(0.059884244860695664, 6.096728511818919e-44)
(0.22628538261374037, 4.6495250602937134e-43)
(0.4813148856196809, 6.707856169291613e-44)
(0.05196093235703931, 7.259729968966419e-44)
(-0.0608777131251383, 1.5597912168275778e-43)
(0.40311712871131006, 1.906541108312433e-43)
(-0.24228629059007814, 6.403614839149485e-44)
(0.18688552115601134, 8.18440532245997e-44)
(-0.476257352892414, 8.372728616956885e-44)
(0.17228867493622618, 2.161191414939977e-43)
(-0.15642529080319323, 1.2307466744163494e-42)
(0.44835000583094986, 6.157415171848177e-44)
(-0.4429113290088591, 6.230346536463441e-44)
(0.33392044713435187, 6.231021498108848e-44)
(0.40538838414161865, 7.095049150359201e-44)
(-0.3058365437483316, 2.5113782008126323e-42)
(-0.48901906613044077, 2.4394910704887322e-43)
(0.23533197935957684, 4.963625313220928e-43)
(0.13214311150008326, 7.206258053984544e-44)
(-0.4369331301566718, 1.8230701166286994e-43)
(0.48143109276335727, 1.3742243372324393e-43)
(0.3949568840921341, 8.414398806444343e-44)
(0.1863559523180046, 1.2283591183578608e-43)
(-0.3848233792245981, 2.093642979677567e-43)
(-0.37521066756739757, 1.5989173989494933e-41)
(-0.42337039745583216, 9.26495969966874e-44)
(0.28637814649616494, 9.07459763916677e-44)
(0.22326540956482543, 5.938609059205753e-44)
(0.28222746727745973, 5.138520752423594e-44)
(0.06680453625511797, 8.22380283585019e-43)
(-0.4910901103193236, 1.1270942187773082e-43)
(-0.28281246886765643, 1.2339719839752297e-43)
(-0.21353321919009777, 1.1582298430448943e-43)
(-0.3052536567113906, 1.488052922853881e-42)
(0.09959501298749014, 1.6196887084027857e-43)
(-0.27991212017059486, 1.1678247268612319e-43)
(0.3637186557691061, 6.084800791026124e-44)
(-0.394170424007186, 1.334970989163971e-43)
(-0.23700130915952264, 1.4421331826561942e-43)
(0.21026102472183478, 5.750213323478286e-43)
(-0.028176227661602306, 5.150942029000357e-44)
(0.34726479862728493, 1.0033624929391283e-43)
(0.2904748006094296, 6.534179206494963e-44)
(0.4882638080885252, 7.132782946490216e-44)
(0.05228488266871992, 2.433605900268502e-43)
(0.2831430191942795, 1.3225319650561934e-43)
(-0.4850124128806978, 5.596547037184142e-44)
(-0.05897656333936038, 6.105600827901409e-44)
(-0.04359854908830135, 5.026938180221711e-44)
(0.011473759002750267, 7.228427992813071e-44)
(0.08122218910303199, 3.3951780416884055e-43)
(0.09901416503167032, 3.911430311481437e-42)
(-0.45062508376608224, 5.753819906516169e-44)
(-0.028799963845409983, 1.6167882454896601e-43)
(-0.46530360330655846, 3.066197094762548e-43)
(0.40834582484610144, 1.7380270265259614e-43)
(-0.1822662968866855, 4.0925534779171994e-42)
(-0.14712496702369215, 9.238668778769251e-44)
(0.34930093441608673, 5.665112497776331e-44)
(0.21115620529962437, 5.605430181704933e-44)
(0.15022556847628715, 5.851137050141398e-44)
(0.05830155745903107, 1.7863896863032583e-43)
(-0.11696770970749591, 1.5613503557149613e-43)
(0.4492046076318112, 7.755491212957088e-44)
(0.26910112898486216, 5.973964741025176e-44)
(-0.24906703318093035, 8.135959387225219e-44)
(-0.07484023670225531, 8.284516161410942e-44)
(-0.28460656455942074, 1.4830020499197739e-43)
(-0.3708339316282702, 7.390518227513639e-44)
(0.007349297043524314, 1.3936486493265537e-43)
(0.19465970950096667, 7.184740590603758e-44)
(0.003537036929280565, 3.2149719416043987e-43)
(0.31617269905189743, 7.886070885123772e-44)
(0.18498916935131532, 1.6904171304173923e-42)
(-0.44808861649448656, 2.3281649888643944e-43)
(-0.1925714367906818, 6.194560947792912e-44)
(-0.20958113135956685, 6.55945357760411e-44)
(-0.05001532379761301, 1.4843621805881878e-43)
(0.19537929146949892, 8.721203377326924e-44)
(-0.1774276274051585, 2.3079236180558734e-43)
(0.09133120371678942, 5.932391801622874e-44)
(0.3989379639663321, 7.355762644062504e-44)
(-0.03840437527175926, 1.8528819814399712e-43)
(-0.49913397204608595, 6.750329804583964e-44)
(0.2385647378391293, 6.615911345503406e-44)
(-0.16416201021993376, 1.926694577186566e-43)
(-0.3141967218460029, 8.326731026089987e-44)
(-0.13244781329251737, 1.138881490212692e-43)
(0.22256268932551423, 5.080260910475124e-44)
(0.44045874308294913, 1.1097943448915135e-43)
(0.03170881198707228, 5.548995056738757e-44)
(-0.07628982504576574, 2.4774187522770745e-43)
(-0.4051469546173077, 7.721242319185802e-44)
(0.26141121595990874, 1.0692646799699895e-43)
(0.4234088341601514, 6.702342208492094e-44)
(-0.2142548263447798, 2.113487319221907e-43)
(-0.4973301598539913, 1.342949780605247e-43)
(0.026393935634423858, 5.71187458768168e-44)
(0.18011029829482922, 1.3401191248434436e-43)
(0.49347441720605845, 2.305517468308829e-43)
(0.26626813985984177, 7.113866679263141e-44)
(-0.27951562994114215, 6.095466397164443e-44)
(0.04800374093816682, 5.887282402498403e-43)
(0.36723981618574303, 5.1838244501834555e-43)
(-0.15648517649765434, 4.182977680531206e-43)
(-0.46662805039776445, 1.0203773257839893e-43)
(0.0982982866005513, 5.152292404032281e-44)
(-0.18692694997339612, 1.0611879645831878e-43)
(-0.13656309435679337, 7.063704290725575e-44)
(0.037996947995729446, 5.570923869779227e-44)
(0.33122727527904555, 2.3270176239288325e-43)
(-0.02653363988328176, 1.0594755126451055e-43)
(-0.18190305984264335, 2.1500576110961115e-43)
(0.47158234290967643, 9.662195896412901e-44)
(0.3368738503070737, 8.893744407438729e-44)
(-0.42173180373716196, 1.480464813277759e-43)
(0.07866344753146391, 1.1585366092222134e-43)
(-0.33864259651103035, 9.642381912521585e-43)
(-0.27452538091111467, 5.593666325234211e-43)
(-0.12130224448353515, 5.801890613316658e-44)
(-0.15938537339028902, 8.456329443807222e-44)
(0.33224339637502986, 4.454173011486305e-43)
(0.3975116833494387, 9.562752324560748e-44)
(-0.08773417414437838, 2.1730940962380684e-43)
(-0.20882403795759566, 1.1156945046467554e-43)
(0.3979050999650297, 8.513864333123392e-44)
(-0.26507937745210125, 6.345927328504271e-44)
(0.08883259741593791, 5.923302732377612e-44)
(-0.006909428449218506, 1.2223414992902997e-43)
(-0.07576495684061808, 1.3691618649178074e-42)
(-0.1467860375106376, 2.0166034953745533e-43)
(0.32419036722701894, 5.512196712137824e-44)
(0.022868812012217302, 1.6768357422991444e-43)
(0.4972683326629203, 1.533540743125967e-43)
(-0.1007370870199632, 5.369785155059868e-44)
(-0.3402502958539139, 1.4880935061366333e-43)
(0.42102169754530294, 9.217898622545918e-44)
(-0.32275961260978125, 8.282686228532132e-44)
(0.3465561664969574, 6.5555008250269476e-43)
(0.014172992376123917, 5.667787575633508e-43)
(-0.15999374492591414, 1.416227978589312e-43)
(0.4332695535714188, 1.363324952094769e-43)
(0.07217349336987007, 5.176379419040541e-44)
(-0.3542411382105013, 8.788718861752894e-44)
(0.3384864112918521, 5.243876239107322e-44)
(0.3860161637322011, 6.519328773124718e-44)
(0.30994283321137234, 1.082671383085193e-43)
(-0.41625527880806085, 6.415278772391997e-44)
(0.2851593329413713, 8.7052672436061e-44)
(0.1677666184084385, 1.3507623623393882e-43)
(-0.08295175097402539, 6.084011920540009e-44)
(0.3541294091285275, 1.0253048755828594e-43)
(0.009558991661688715, 6.023870199965445e-44)
(-0.25625077208820674, 6.223628947214937e-44)
(-0.41591646035325036, 8.918866621466575e-43)
(0.3429304093427542, 1.2390228826451005e-41)
(-0.4828575483659602, 5.544882483587018e-44)
(-0.2731658662082017, 5.1156844865841255e-43)
(-0.18582797520148997, 1.0945790495327456e-43)
(0.3005787236969012, 5.963107204583697e-44)
(0.19689537613512717, 1.6497614645809772e-43)
(0.3145857579901824, 8.176964824303046e-44)
(-0.19868467816150773, 6.140794883382489e-44)
(-0.03141297503556804, 1.654169930205481e-43)
(-0.02075761759285342, 9.54521179891828e-44)
(-0.38567719991883187, 1.122757348085408e-42)
(0.4474794188904349, 5.437725087795458e-44)
(0.2651549521834432, 1.8574368970012842e-43)
(0.47411554757727375, 5.82020452584964e-44)
(-0.07054199840892722, 1.9775742109415465e-43)
(-0.19872723754952307, 8.402185629116538e-44)
(-0.22401332387570655, 5.082641325602726e-44)
(0.4719939640284854, 1.0770395182991613e-43)
(-0.26030459440868314, 7.195781557325959e-44)
(0.03532568748309162, 1.4540110421836881e-43)
(0.18450831429598452, 6.375733308570376e-44)
(-0.016118354268282557, 1.0965869373374024e-43)
(0.08037124638184194, 1.0047932945777849e-43)
(-0.23222999322567292, 5.109818415084878e-44)
(0.01336868081770231, 8.347567989127872e-44)
(-0.3540787247259601, 2.2487536483067476e-43)
(0.14560439322134114, 1.7732218682240518e-43)
(-0.45168120300792686, 8.636612930427941e-44)
(-0.3136986688726093, 1.6535498484562144e-43)
(0.2460070624573249, 2.3716395758431636e-42)
(0.46151343021024804, 6.238889263396144e-44)
(-0.2760197662689789, 1.2902988430340258e-43)
(0.0279745765408486, 6.09959806211207e-44)
(0.4765638575695997, 1.5359591313738243e-43)
(-0.41012985541881475, 7.491039745452247e-44)
(-0.16633516067792184, 2.2108040939167707e-43)
(-0.2289521753738892, 1.0064440735550023e-43)
(0.1985481096519824, 6.361130821529574e-44)
(0.3940683686903168, 5.508112512959748e-43)
(0.3945859713267138, 2.386130725216076e-43)
(0.4559704913514427, 7.189353684694065e-44)
(-0.33685766045585225, 6.389991110033384e-44)
(-0.08681826174465461, 2.630483477599575e-43)
(0.10166740062973724, 9.670440886814807e-44)
(-0.18931949966159034, 5.755028699109567e-44)
(-0.4117448141582145, 1.9410255120138133e-42)
(0.3810400397606558, 4.5891216409301115e-43)
(0.494837707354347, 1.2408404507493687e-43)
(0.4325241365904968, 1.284416791438403e-43)
(-0.24428603470892926, 1.0240103740536292e-43)
(-0.009508114912284822, 1.7381398510145687e-43)
(-0.05674455170178496, 6.011385672147688e-44)
(-0.259403738208301, 6.045990651740035e-44)
(-0.35965882487833173, 6.970997463771843e-44)
(-0.18942211734480008, 1.763806067953844e-43)
(0.09048967542337034, 5.806956836643801e-44)
(0.45585980075142646, 1.8746563209682815e-43)
(-0.21003660512111907, 5.552071801368324e-44)
(0.41509768632905525, 6.547674646261631e-44)
(-0.19803357052115975, 7.422785015622299e-44)
(-0.396371446910518, 6.799632127762089e-44)
(0.13093671641239968, 7.642704448828755e-44)
(0.03276087743757706, 5.08179548061036e-44)
(0.3548430232281803, 5.087335909726182e-43)
(0.41550692141453277, 1.399356602520095e-43)
(0.47432191158630477, 6.446972146644063e-44)
(-0.4873459419692985, 2.1520214976605413e-43)
(-0.08736913591106152, 7.498683978645341e-44)
(0.06744985067558742, 6.621496192809817e-44)
(0.3023052943025546, 7.226777085477275e-44)
(0.45744348729056844, 5.070133632435553e-44)
(0.45859947370794446, 7.844363261456392e-44)
(-0.18083978748594304, 6.63405489095635e-44)
(-0.31820760004342663, 1.561881316997271e-43)
(0.24162689518012576, 1.0850194762822403e-42)
(0.35885845213730305, 2.1568873784264528e-43)
(0.13228046368471702, 1.5151269645067674e-43)
(0.4957897867813666, 5.418182492073477e-44)
(-0.3579971748341172, 5.3002379649701e-44)
(-0.4824136836415273, 5.6382805533611095e-43)
(0.35543349751374304, 5.402183918111283e-44)
(0.18170660198259567, 1.2873046960767974e-43)
(-0.07630493045926293, 9.113758236797057e-44)
(0.42869639634249784, 6.314637475462453e-44)
(0.10842826102270503, 4.7694380391956916e-42)
(0.10544690375959374, 7.322299606843128e-44)
(-0.19683655935105776, 5.751011781461319e-44)
(0.28802613279859623, 2.2871364275380047e-43)
(-0.096705527847109, 5.679662080332519e-44)
(0.3415394174808877, 1.200563779189598e-43)
(0.3406204830591214, 1.4368915366440867e-43)
(0.3473940699853148, 6.233582718847099e-44)
(-0.062101430330827344, 5.976320790959978e-43)
(-0.011450370599587643, 5.357892144048491e-44)
(-0.18418343425030098, 2.0540455572334933e-43)
(-0.2695827656253672, 7.053637544735759e-44)
(0.030258415907522995, 7.172639171981365e-44)
(-0.34808642227789743, 7.756505871358476e-44)
(0.43785875240580585, 1.0486665384817886e-43)
(0.03121861248228704, 5.355403056660184e-44)
(-0.09627936924443227, 1.0327621362485735e-43)
(-0.3699604885442792, 5.40236436505392e-44)
(0.42636522321711096, 9.928707868330022e-44)
(0.24059937279670218, 6.785126110342658e-44)
(0.18375135627930622, 6.899978694979431e-44)
(0.02744874803510856, 1.2385711774590956e-43)
(-0.2962077092532241, 6.777598329310663e-44)
(-0.0993750034458885, 6.756291932583471e-44)
(-0.2888487293712001, 6.427919650038231e-44)
(-0.2937754825135083, 1.7623858554019082e-43)
(-0.01812429278331336, 1.833031098829802e-43)
(-0.2741700889950761, 9.295325188933518e-44)
(-0.13921576598565075, 3.441887900234707e-43)
(-0.4143842513174487, 5.957232504373335e-44)
(-0.44524084696914873, 1.1148146210892883e-43)
(-0.2636911214731021, 5.378017904302409e-44)
(-0.4456917872810813, 1.569413909378701e-43)
(0.24529794008938235, 6.398004813031246e-44)
(-0.35718716460880673, 1.208566075958964e-43)
(0.4286444708506439, 6.298265785790543e-44)
(0.27922960017009674, 4.456121516734282e-43)
(-0.07474415746140224, 1.0562188540576482e-43)
(0.43716574919705303, 7.507228481732841e-44)
(-0.2924124936915661, 5.556651222889657e-44)
(-0.18009662288796194, 1.5625551682292152e-43)
(-0.265540303401156, 2.4428098064410904e-43)
(-0.30852958758196436, 5.053241328931932e-44)
(0.19941233837502856, 7.320296490357276e-44)
(-0.3526009866816272, 5.48425096247258e-44)
(-0.11266793183611218, 6.281029500556008e-44)
(-0.4022772277085557, 6.222291558705278e-44)
(0.1673011286128416, 7.255055068532467e-44)
(-0.3700733425929375, 2.7237712714485095e-43)
(-0.0077394489286670715, 2.802311111884599e-43)
(-0.26524782870490976, 5.548719945093413e-44)
(-0.15448371532579663, 2.368912472806069e-43)
(-0.36808337787250345, 1.6362468889986783e-43)
(-0.11512812468888264, 6.314470243652321e-44)
(-0.31619318739439584, 1.0502953372976678e-43)
(0.0962165748124674, 5.054539382751328e-43)
(0.08326892202851002, 7.391509466332171e-44)
(-0.04679123657500876, 8.480164671327004e-44)
(0.0286089007894369, 7.477820856058615e-44)
(-0.1409354548646529, 1.2498560446933476e-43)
(-0.038546454822391815, 1.798252558672e-43)
(-0.08549798540634237, 6.77915919350256e-43)
(-0.34940445384061236, 2.885797695501873e-43)
(-0.1357606658466012, 1.0044737790846555e-43)
(-0.1943285146650644, 5.229285252777651e-44)
(-0.22096085278187777, 1.844878388974055e-43)
(-0.19170868090430399, 8.003490977527487e-43)
(-0.24371727725528838, 3.698864971369156e-43)
(0.4807549154211043, 2.5075955729804626e-43)
(-0.06093908790434692, 1.115894451647274e-43)
(-0.40027711230114615, 7.169901638780693e-44)
(0.04712325118880786, 8.161428079507179e-44)
(-0.21571371484834442, 2.4657514762113492e-43)
(0.40885757824397206, 2.0974127458308118e-42)
(0.18751387615994847, 1.0255280490640394e-43)
(0.07274745377336636, 8.324067854818345e-44)
(0.11759596226426058, 9.464905821654094e-44)
(0.26739917623468484, 2.373508377528844e-42)
(0.09199875742360199, 6.696749410446237e-44)
(0.07369777212643329, 8.382215856794693e-44)
(0.15587301737052245, 6.488517677536591e-44)
(0.34203556839154553, 6.5580161821539015e-43)
(0.4207911684211754, 7.05136388811933e-43)
(0.20273336954666296, 6.655715020232441e-44)
(0.16521419353632655, 5.625593278458112e-44)
(-0.2891340534646743, 9.115325553251516e-43)
(0.14641822884856498, 6.680666147622257e-44)
(-0.011687152514522884, 7.916872211438636e-44)
(0.05580594020298046, 5.177082758203019e-44)
(-0.18765636553253395, 2.5576052901241234e-43)
(-0.16596460859099885, 7.005213302478271e-44)
(0.11069302475700392, 1.4611233876206892e-43)
(-0.08904620731015458, 1.471331294700174e-43)
(-0.16476261963849048, 1.0482689026375748e-43)
(-0.1925201490136999, 5.673697741970702e-44)
(0.08859977293126084, 5.634327410385734e-44)
(0.20865036155954628, 1.4524920751545312e-43)
(0.3629685497231577, 6.332539345559279e-44)
(-0.488323098121133, 5.415140777408592e-44)
(0.418841564751269, 1.120782547894558e-43)
(-0.18945044173958056, 7.583925999306523e-44)
(-0.14848501129341632, 1.6564355890298798e-43)
(-0.22185717501200505, 3.1164120853023694e-43)
(0.27426103682511005, 1.297739870360723e-43)
(-0.32154874126973804, 5.770429190334174e-43)
(0.32846392839882826, 1.197825042136386e-43)
(0.25220309126317964, 8.366671957761089e-44)
(-0.16388047702394376, 2.1750183674193907e-43)
(-0.46041193714280576, 1.0299360803180663e-43)
(0.35884023795557823, 1.5064603124093943e-43)
(-0.446147033383853, 3.71176828242451e-42)
(-0.01589594373442541, 2.8535118687919186e-43)
(0.09422707269402082, 6.2268784090009346e-43)
(-0.12017039711087839, 1.3143531535520134e-43)
(0.058061069035093824, 2.8279473005440527e-43)
(-0.29121067753430835, 8.982826997182347e-44)
(0.02021921982553734, 5.623408977766875e-44)
(-0.34557603082113697, 2.7533783030904818e-43)
(-0.32850375739942905, 1.7195420056391278e-43)
(0.24881851826644255, 9.942327745752832e-44)
(-0.10440370465980234, 6.6333890269758924e-43)
(-0.05312308436919461, 5.616212754462502e-44)
(0.011549620203595994, 5.193259665352088e-44)
(0.4593540595128797, 3.794246737310695e-43)
(-0.15872188261124173, 4.775831646755991e-43)
(0.09874323791607555, 2.2106018056798075e-43)
(0.38999186798847985, 9.74532932987803e-44)
(0.2472603880506397, 4.225896721846286e-43)
(-0.34008796137990777, 8.625967325219271e-44)
(0.2303447978760487, 9.083593442989719e-44)
(0.3057552901636859, 2.721884565005821e-43)
(-0.4796882099132331, 6.431909170391987e-44)
(-0.239929080284437, 9.719772779204564e-43)
(-0.4222422389077267, 4.488800895774983e-43)
(-0.4614408786653889, 6.503522567534235e-44)
(-0.054667362600586696, 4.549922183885699e-43)
(0.17425546227267058, 1.176677682316338e-43)
(0.33032254586459986, 9.01697961529494e-44)
(-0.13972112677920423, 9.583621343269825e-44)
(-0.4924921655194829, 9.818382984754316e-44)
(-0.34924737788402316, 5.759590687249351e-44)
(0.2464419833364624, 5.869533125585591e-43)
(0.32286476887877824, 6.309769538891213e-44)
(-0.4321837810206353, 9.005753503030123e-44)
(-0.07567741751007721, 8.62706608236486e-44)
(0.33591081652621974, 5.719067752786117e-44)
(0.11359544220802067, 1.3523088423324382e-43)
(0.2844073147469331, 5.101429057501484e-44)
(-0.3514802042501851, 1.340947282155111e-43)
(0.3759235627674264, 9.928089891417209e-44)
(0.4556394486673527, 1.5756269424884296e-43)
(0.3686335751389565, 6.498651289674618e-43)
(0.27409357680615165, 5.628096328997449e-44)
(-0.0686684214247041, 6.649693371413373e-44)
(-0.2897475562576259, 9.419984271448996e-43)
(-0.422326467640175, 6.026471237588608e-43)
(-0.11813766535977564, 1.4738671125498869e-43)
(-0.47455077013599856, 7.235467358305446e-44)
(-0.3465321890051524, 1.0506043661057564e-43)
(-0.19471288951213955, 1.2164060541899285e-43)
(-0.4258375977058094, 2.4314043358076536e-43)
(-0.156187220123129, 5.173706710391651e-44)
(-0.0895775848151983, 1.0706288520835271e-42)
(-0.3821479424730125, 9.16235779687817e-44)
(0.48439808661642786, 7.954988968978036e-44)
(-0.42448866043580263, 1.7662200243758281e-43)
(0.027700118183832906, 5.62037981942109e-44)
(-0.20986054483941724, 1.2243812400489882e-43)
(0.4025921837608905, 4.997019027515793e-43)
(0.44905024060738763, 1.04200926096883e-43)
(-0.4214557166012213, 7.993322048495092e-44)
(-0.1668953782053262, 1.1048434247067538e-42)
(-0.13151699702304073, 1.8300850831922376e-43)
(-0.39411081449219526, 1.4816754448863578e-43)
(0.19199468107390272, 9.03771629389835e-44)
(0.12585599185405066, 2.4087571793352264e-42)
(-0.4112555921939716, 2.2564647037453438e-43)
(-0.09241392910737875, 3.169820516078342e-43)
(-0.335799148832772, 2.697842735765341e-43)
(0.0716845200978944, 8.119256155936588e-44)
(0.21425960420663182, 6.232337807714593e-44)
(-0.21674885353886303, 6.851764896536942e-44)
(-0.42412642215644164, 9.022702605613603e-44)
(-0.33380453126037585, 3.3073061392743503e-43)
(-0.2399070911429321, 7.183568084209107e-43)
(0.28150971796593743, 9.982015568481813e-44)
(0.31442154929250504, 1.1282918200860564e-42)
(-0.1665140079866291, 7.189130167740076e-43)
(0.4384527749117707, 9.88974313814134e-43)
(-0.4726434394903967, 5.693422325427651e-44)
(0.35937458095667413, 1.2706416673891747e-42)
(0.04187648793480612, 1.090554136302909e-43)
(0.48752786407513926, 1.604629564517123e-43)
(-0.40387510139248256, 6.593875444707151e-44)
(-0.4675068829598701, 6.090372917352086e-44)
(0.2124949224645767, 1.053098028030023e-42)
(0.17565102811316574, 5.994849926206315e-44)
(0.23458779431801166, 6.379787773115114e-44)
(0.17387902026812913, 1.562176284747333e-43)
(0.4610508368750182, 7.227735617137123e-44)
(0.2647338482849513, 7.926370708218099e-44)
(0.06517635143910587, 6.178445568633897e-44)
(-0.354462450877085, 1.902160306536842e-43)
(-0.42554028050962917, 2.407582198890306e-43)
(-0.48152173033535056, 9.574764443709833e-43)
(0.12718033492571001, 2.0232028248575664e-43)
(-0.23094032394918645, 4.949760041754474e-43)
(-0.2670216753958231, 3.7920235519655605e-43)
(0.2646989407559413, 8.462053192571846e-44)
(0.08261445394085087, 9.321972212377122e-44)
(0.21330333427168205, 2.7054540628485955e-43)
(-0.03778542397195318, 7.765518338775455e-44)
(0.4001445862565052, 1.4546439336991393e-43)
(-0.3129752779518856, 1.558050963852673e-43)
(0.27055811201368285, 5.189589548157911e-44)
(0.4289982707171977, 1.0829807969469101e-43)
(0.16166829100940466, 5.238073335833463e-44)
(-0.3426644212433884, 5.451312030327897e-44)
(0.15369101054784212, 3.772399676875178e-43)
(0.0446723724545619, 5.031710526698348e-44)
(0.3459942861967362, 1.2074512400079462e-43)
(0.35399955927445725, 2.6447041673942407e-43)
(-0.2720910934624489, 5.424730561457934e-44)
(-0.3698254965628412, 5.990220523422255e-44)
(-0.25921816403426806, 1.1430095372148507e-43)
(-0.11429092477351853, 4.233326742880741e-43)
(-0.1869333469169016, 1.3537631246380832e-43)
(-0.18558885389220214, 1.8252418508739976e-43)
(0.058730736738878846, 6.518434507980194e-44)
(-0.27708165159864956, 8.231722852929122e-43)
(-0.4841603308882284, 8.069196379948257e-44)
(0.15511975752280227, 2.188396108629946e-43)
(0.36886442020375687, 1.4948155083557846e-43)
(-0.03779343240473404, 2.5140075299808402e-43)
(-0.16770523053579642, 5.235096041801073e-44)
(0.24179109632830031, 6.940026435571115e-44)
(-0.16083376006791186, 7.6825401794059535e-44)
(0.11590299711251129, 8.902132014932224e-44)
(0.4285800493633893, 5.515451605252227e-44)
(-0.05088676500391226, 8.601516812755459e-43)
(0.2044103138910403, 1.7205938808195026e-43)
(0.4426351617290775, 1.1200767621325856e-43)
(0.3287271128497494, 4.60911555258623e-43)
(0.487792210984876, 1.702605584681478e-43)
(0.4183461432270308, 1.0959816894037263e-43)
(-0.17958659590230816, 6.651147150577926e-44)
(0.1952675244332417, 6.445338058539161e-44)
(0.3273845609163444, 2.514603259023128e-42)
(-0.40261077104773985, 5.268111685430101e-44)
(0.19961901039020227, 7.878016190308826e-44)
(-0.27777939111598937, 9.02684968033734e-44)
(0.24940395863949133, 1.4448450600925667e-43)
(-0.3431334364030285, 1.884654537434464e-43)
(0.29066254065519925, 5.184224108193549e-44)
(0.36911593751971083, 1.0284947316185042e-43)
(-0.3773955065723428, 6.992545379269147e-44)
(-0.266201190550142, 5.967535434146458e-44)
(-0.16463309126418632, 6.816410638654702e-44)
(0.24747873586353064, 2.0669578130390465e-43)
(-0.39624639035082027, 6.675711571056363e-43)
(0.4205586963854909, 1.177660345545355e-43)
(-0.26940977124669563, 4.530948524606135e-43)
(-0.26800058418908534, 1.1856256878769118e-43)
(0.4577165340791603, 3.537803712379308e-43)
(0.3995548344009599, 1.511682911239128e-43)
(0.40840478844615846, 5.099021115241201e-44)
(-0.0895116197463887, 6.602800689923644e-44)
(-0.3258368185000689, 5.882825494510286e-44)
(0.06620957882608647, 5.109571819662395e-44)
(0.386141971852722, 1.6414383766565924e-43)
(0.25611386102571987, 1.2181436131184464e-43)
(0.08594598724529803, 2.4119523883523013e-42)
(-0.19398192195781697, 6.131922297483521e-43)
(0.09240329989684362, 1.1057279781049652e-43)
(0.2185265524752257, 1.3542853644859049e-42)
(-0.45607227503213676, 8.567456236785443e-44)
(0.23297739656366326, 5.355336695711937e-44)
(0.10181717580706959, 7.334848450218091e-44)
(0.4876165027374573, 5.856149504115225e-44)
(-0.09270408454860057, 1.346652772396996e-41)
(0.3269599442386842, 6.093055648328498e-44)
(-0.09066769478519629, 6.981319159543924e-44)
(-0.2298009422977144, 5.740955235556618e-43)
(0.31704993485309285, 5.750424123089706e-43)
(-0.2773593486515669, 5.048606606152542e-44)
(0.022261299180351038, 5.391688194131291e-44)
(-0.25957599216673327, 1.7166921863823186e-43)
(0.29856588232529024, 1.3560534052320193e-43)
(-0.14157467574471272, 1.5958677545942415e-43)
(0.18642294040006088, 5.296293952233242e-44)
(0.44117053743090184, 5.330881635271955e-44)
(0.2856331316898859, 9.077468326327906e-44)
(0.1664731116421439, 1.943361414882155e-43)
(-0.08682723352234194, 7.175462582276218e-44)
(0.03271708399234763, 5.128639292329464e-44)
(-0.12679475459331926, 1.607728936800336e-43)
(0.2003904181125028, 6.51410241218309e-44)
(-0.0004648370292482881, 4.246369166895164e-43)
(0.0409818767965474, 9.506870706018108e-44)
(0.2937158216249202, 1.0076800505922995e-43)
(-0.2012025714326182, 4.98460334788923e-43)
(-0.16709324587031787, 1.492223871595928e-43)
(-0.03868165281584814, 8.085466716811816e-44)
(0.0006359083992615454, 1.0109680064680564e-43)
(-0.3090725642610431, 8.23463973818857e-43)
(0.2374832937635775, 4.0333493371694e-43)
(0.4193699550777847, 1.3778088439739125e-43)
(-0.1629919788362582, 7.520083197317294e-44)
(-0.32325654459829656, 1.335501407823697e-43)
(-0.06983818519064416, 6.168740270136448e-44)
(0.23343397767960058, 4.036258839250018e-43)
(-0.19506044139319298, 1.2267023428967173e-43)
(0.4313555898495534, 7.322453348384541e-44)
(-0.43282525453806275, 5.794869373347036e-44)
(-0.17002730544125996, 9.031668198941988e-44)
(-0.018304894209267276, 3.2288380426697637e-43)
(0.3733266235605684, 6.429889571371286e-44)
(-0.255817085425917, 5.135218864923429e-43)
(0.108937373040467, 7.067240323348122e-44)
(-0.359183733790128, 5.175846474905129e-44)
(-0.4180231631466419, 2.020870068967549e-43)
(-0.1568530339479649, 8.174579364276218e-44)
(-0.47277172485066304, 2.7280917408607154e-43)
(0.2689833267817363, 7.30829255525322e-44)
(-0.13238515497532777, 6.988198883019457e-44)
(-0.13053769182417949, 5.066442395989817e-44)
(0.09692786663932482, 5.767449800324013e-44)
(0.31715276509426304, 6.284713719121019e-44)
(-0.3748634964010134, 6.381341743828629e-44)
(0.1619415569886235, 5.322259087037675e-44)
(0.25215982955539124, 1.836313377137565e-42)
(0.3186876449569084, 1.2614128089173802e-43)
(0.010254151409777737, 8.223527062645478e-44)
(-0.045372674596011124, 5.138546152212452e-44)
(-0.1612837799425554, 1.3304839583791496e-43)
(-0.07460459921828969, 6.808321706392873e-44)
(-0.4058198464175025, 5.379553291035902e-44)
(0.3131634541907874, 1.2903891488191967e-43)
(0.2914649927570039, 6.275258952635344e-44)
(-0.05081155098731446, 5.999522467734082e-44)
(-0.36410406413127705, 2.092628062551276e-43)
(-0.12339494502861452, 1.042401835763056e-43)
(-0.11548424766316738, 1.135436963455955e-43)
(-0.13054457080360268, 1.384960830183086e-43)
(-0.16729381400383697, 1.068152471954124e-43)
(-0.11903356653164253, 8.087126004963387e-44)
(0.190254485084479, 5.88129588155135e-44)
(-0.016485412363739224, 1.0405146734722406e-42)
(-0.005257101574737369, 5.100973229954786e-44)
(-0.3237235667507897, 1.2103316159064537e-43)
(-0.025133500571962192, 1.104654150153125e-43)
(-0.33831526863726585, 5.83405906411189e-44)
(-0.23837104624320468, 6.821207745352184e-44)
(-0.11527434449277617, 1.006232774823025e-43)
(0.20972947231449815, 1.5202323687533456e-43)
(-0.4218968434725114, 5.405244551892327e-44)
(-0.07442565581987984, 9.657603905809717e-44)
(0.17029969397239494, 2.2630935291404187e-43)
(-0.2656399428230246, 1.1718583707471353e-43)
(-0.37094553997204777, 5.792477391047968e-44)
(0.05628660698673441, 6.029632485568939e-44)
(0.05318535948627207, 2.5273242533264183e-43)
(-0.2392427445425272, 7.374613371668552e-44)
(-0.038234455851621496, 5.281771270979145e-44)
(0.13129687512382002, 1.84408501419479e-43)
(0.22215480111469832, 1.7694795774645154e-43)
(0.017612733002455007, 8.735509273941929e-44)
(-0.328488203665824, 5.388569491129403e-44)
(-0.24694267817903892, 5.170172717620459e-44)
(-0.447241226424746, 5.641555528651288e-44)
(0.08553322363438359, 1.8189657083999167e-43)
(0.01467035455384221, 8.416437743938851e-44)
(-0.12266517021767233, 6.927787952415163e-44)
(0.165705859223082, 6.136711352046177e-44)
(-0.25985713673467936, 3.1458884058862367e-43)
(0.28050240682023847, 6.538264448638236e-44)
(0.12599927997112512, 5.31617213113303e-44)
(0.02234795070799034, 7.014475463697825e-43)
(-0.07459742709446042, 2.0317036541274365e-43)
(0.47562082185383425, 4.047577635595165e-43)
(0.1608436335312096, 7.615581525867354e-44)
(0.2554238557117236, 9.876099933712997e-44)
(-0.32203339663286706, 1.654327365059973e-43)
(0.08743792031461178, 8.436209411271635e-44)
(0.4787591432816184, 1.336968134947579e-43)
(0.14684414734554696, 2.918196031601372e-42)
(-0.32164186576958603, 2.078053435805409e-43)
(0.11039055424330457, 2.164697832621921e-43)
(-0.4039142825851665, 8.844401287365664e-44)
(0.23014826278351694, 1.8771832886022277e-43)
(0.4892754154786729, 1.12334976848389e-43)
(0.32700561682407886, 1.3254750222744312e-43)
(-0.11368634259459075, 7.778825552849303e-44)
(-0.0432703115037854, 8.828884317562094e-44)
(-0.29428184701308097, 6.5473081458184e-44)
(0.0010712943944801514, 1.44040001948134e-42)
(-0.43470285882290444, 3.4405613385211123e-43)
(0.45227965218227, 1.1445452277713984e-43)
(-0.35434243885455846, 2.364794754364031e-43)
(-0.32683926514836237, 5.115329856562051e-44)
(0.49706303630953425, 1.2504695585749898e-43)
(-0.2582954743095188, 5.597793989720813e-44)
(0.06545058497794483, 1.4665215408201414e-43)
(-0.38102227106923775, 1.432537005146221e-43)
(0.2573223465670483, 6.312718045278078e-44)
(-0.13104886919819192, 8.993940551689693e-44)
(0.21174679726582366, 1.4773638199383269e-43)
(-0.18518027607197263, 5.835949115552974e-44)
(0.2625091134212511, 7.883829498125803e-44)
(-0.10856520773311827, 8.489997857168214e-44)
(0.005173637036556148, 2.582056939562853e-43)
(-0.10430317639579435, 7.124582638852633e-44)
(-0.16778820396061384, 6.742936696182007e-44)
(-0.3982535800424234, 2.2369060946445826e-43)
(-0.44527498870574694, 1.0035466271969388e-43)
(0.4805460514485664, 6.758960659974822e-44)
(0.44849904851498595, 1.3288239975792744e-43)
(0.21235480415160157, 7.844058737799453e-44)
(-0.034801836657325703, 9.525361534962206e-44)
(0.48733826804769514, 1.5825549753608554e-43)
(0.04247929061298204, 5.507112535017251e-44)
(0.44674714394030507, 3.132073859829095e-43)
(0.29256672112138254, 1.3245735536902086e-43)
(0.365185218176628, 6.815340193616562e-44)
(-0.4947734816448437, 5.706740682940498e-44)
(0.05446608805820088, 1.058865811335854e-43)
(-0.12200394448873621, 5.495323995635534e-44)
(0.46297800837815317, 9.7871479116297e-44)
(-0.3025724794214567, 1.3128641801063279e-43)
(0.10708337075793746, 1.7886150899847395e-43)
(0.0493419023009571, 5.164625819813704e-44)
(0.4623070267803867, 7.625065274471838e-44)
(-0.033489305559332, 7.08880954111526e-44)
(0.4191991250038084, 7.889771520328029e-44)
(0.2067130356934454, 2.2150652545646955e-43)
(0.3850176990656656, 7.202897159615176e-44)
(0.21437508174087, 9.634154452320683e-44)
(-0.279323908448147, 9.630451920326402e-44)
(0.37646381513259575, 6.085570183043084e-44)
(-0.11138398479125249, 7.922329135643146e-44)
(0.38644157793910583, 7.924707548134418e-44)
(-0.21392260921766537, 8.476176530621803e-44)
(-0.1707219705048755, 1.5435174302213562e-43)
(0.2950032693467759, 1.2181537001581255e-43)
(0.19463866127247526, 8.711246066957292e-44)
(-0.13129048098295695, 5.902244416841429e-43)
(-0.16102743477897116, 1.1137674733206445e-43)
(0.33019239935765643, 5.180424165796368e-44)
(-0.34062593647241124, 8.427646207590139e-44)
(0.0943825947695427, 5.621528655878222e-44)
(0.29079217530096785, 5.878252018933042e-44)
(-0.4338897153117142, 8.683076587346123e-44)
(0.04918073669609336, 1.8415566139258253e-43)
(0.18879113152248533, 1.1887131710014242e-43)
(-0.3401357311234016, 8.322082870091705e-43)
(-0.3326212678007255, 1.6927003126568689e-43)
(-0.22590057447373132, 8.677178464806134e-44)
(-0.039046846571085474, 1.8512252829480704e-42)
(-0.40032406307371665, 7.492351012962753e-44)
(-0.0026650398613709296, 7.785885005643987e-44)
(0.4125217494784592, 8.91801818396079e-44)
(-0.48669293141025255, 6.418668668838301e-44)
(0.3223111928846643, 6.88297251292613e-44)
(0.25635679088137525, 1.0390227115085846e-43)
(0.07360420389355982, 3.2786527539753174e-43)
(0.24501908847850382, 2.550925772340543e-43)
(0.28596358309067077, 7.855692399003462e-44)
(-0.16912773276853704, 1.0986804840399738e-42)
(0.39435665483622995, 4.308607043265584e-43)
(0.09574757435251616, 8.27561536535404e-44)
(-0.28296466242090407, 6.634401453906244e-44)
(-0.22995243735341642, 5.4831742362448315e-43)
(0.03395137685545584, 8.194301059868211e-44)
(-0.21155444716419397, 5.219298370074102e-44)
(0.2266737549517375, 5.866518920009806e-44)
(-0.11431836183593401, 1.4886696805257327e-43)
(-0.04566269402634791, 6.228450969528037e-44)
(0.06127541596413281, 5.209082295903338e-44)
(0.034315733914451155, 9.443035470455524e-44)
(0.2022788706405545, 2.2653791179526974e-43)
(-0.09867565026242726, 8.651667114598316e-44)
(-0.4105234210534015, 5.538285731245275e-44)
(-0.290549040111051, 5.740027910180748e-44)
(0.02678854092364071, 1.4412846200174662e-43)
(0.2510588165623548, 9.531065118213833e-44)
(-0.07579195687355504, 8.292612426169177e-44)
(0.47043378700712524, 5.234534903793132e-44)
(0.4045364795947153, 3.987736323905859e-43)
(-0.23744877343987847, 1.1139499005840695e-42)
(-0.0025498520191315904, 5.454488056331785e-44)
(0.34804125345799913, 7.115536518201497e-43)
(0.26285412510950296, 6.469390063259502e-43)
(-0.15451780257449732, 7.403187580765828e-44)
(-0.11506340306151662, 1.5729064891843188e-43)
(-0.14289588036197984, 1.7755192678496622e-43)
(-0.3585332304723771, 6.277628399285412e-44)
(0.3796843050737886, 7.90655999642648e-44)
(-0.37838180738678157, 5.661846931638677e-44)
(0.16180460622528461, 4.3828179020875896e-43)
(-0.1866346928902421, 1.5750743766106657e-42)
(-0.46901646467901537, 5.117343813990235e-44)
(0.2054103600516027, 6.429562533543636e-44)
(-0.49649908253063035, 1.064502019871033e-43)
(-0.47613858078668364, 1.4516487365386462e-43)
(0.1454776376291956, 1.5759092674721895e-43)
(-0.08265751945371076, 5.734725787334273e-43)
(0.16752465280020157, 5.616541903590264e-44)
(-0.07853993235636833, 9.791013332141064e-44)
(0.41714580708516424, 7.244031189565841e-44)
(0.12798875414158506, 1.0718052479009349e-42)
(-0.33593237552693117, 6.238912709952533e-44)
(-0.09759423766638224, 8.154664416780947e-44)
(-0.4793006426481827, 7.67621682978388e-44)
(0.23108233870012304, 8.920385690903086e-44)
(-0.3364749047697116, 1.2150906391897342e-42)
(0.3948715720037997, 9.074317144524062e-44)
(0.42059751812201057, 5.92810702661041e-44)
(0.41301061808033085, 8.15634187167815e-44)
(-0.41343394433742214, 9.05071526945811e-43)
(0.20266115406622912, 1.4858369913802198e-43)
(-0.3727785310746353, 6.549803010691291e-44)
(0.22388825103964524, 8.623990675935706e-44)
(-0.16972867313629525, 9.322451962629289e-44)
(-0.3696257939031275, 3.526348987680421e-43)
(0.15540383018035192, 2.7142035878092825e-43)
(0.2538413164534015, 5.485924696385766e-44)
(0.0364811899117037, 1.0417485829881569e-43)
(-0.2575409864968375, 3.1280458393189827e-43)
(-0.2876692169100132, 5.554835414283347e-43)
(-0.45677318286170593, 6.972412732081643e-44)
(0.41714059861449343, 5.464494551422625e-44)
(0.3477529602243976, 1.4521448638563247e-43)
(-0.46720845004322237, 1.3500146775801379e-43)
(-0.058292786370528614, 1.0419954241072008e-41)
(0.25896502129894894, 5.881657741509722e-44)
(0.03821273900738211, 1.2010315451265942e-43)
(0.03390901641078891, 1.20288144794521e-43)
(-0.010360391543758188, 1.530152378278978e-43)
(-0.3786867758780275, 5.905774428836809e-44)
(0.39235803754818843, 1.5228812263404768e-43)
(0.10514138801632379, 1.9713667041320743e-43)
(-0.15636660240343336, 4.314201211749149e-43)
(0.4439930274548511, 5.348002526193638e-44)
(0.46471498677022544, 2.488184187565206e-43)
(-0.4355673364752081, 1.5383924176003626e-43)
(0.2598777216550427, 1.9480347579492663e-42)
(0.4294277892052355, 4.123303731192339e-43)
(-0.01354458383486234, 1.793732914911144e-43)
(-0.18324946921674728, 6.153338134466248e-44)
(-0.4469115281754164, 1.4579279928074947e-43)
(-0.3952823459609328, 2.1158474255372954e-43)
(-0.3532726169301428, 9.18455979596855e-44)
(-0.4410306505542859, 5.203526774642553e-44)
(0.2717099212621907, 2.9030459573160344e-43)
(-0.158754209051421, 5.379332217272974e-43)
(-0.29423921062786784, 5.889127296449351e-44)
(-0.3888145995747127, 1.5545280969875783e-42)
(-0.44729338540079794, 6.397333816418215e-44)
(-0.29197846258549626, 4.168327928774897e-43)
(-0.26975342885763237, 5.954275585366817e-44)
(-0.4122664674538686, 9.131679324046598e-44)
(-0.41321783495558606, 1.367387258202503e-43)
(-0.40795068215590347, 5.189380119969513e-44)
(-0.34020707882297957, 6.559014953140756e-44)
(0.0018830222210994806, 8.036403983314275e-44)
(-0.21609411798064423, 8.75574172737492e-43)
(0.14349671680731071, 1.0026190004024921e-43)
(-0.215584448375711, 7.854284743974162e-44)
(-0.48108085036402, 5.282717545261202e-44)
(0.0007978145726182617, 5.682803290107526e-44)
(0.3107486719757004, 8.424574001995362e-44)
(-0.28540927829977264, 2.258842060996794e-43)
(0.4413718955433658, 6.031791506577478e-43)
(-0.35242057716385294, 6.293802972550195e-44)
(0.23782825127613508, 1.9747987934878995e-43)
(0.37899234132028187, 1.444679557302157e-43)
(-0.33976214794305376, 8.839149530694492e-44)
(-0.03590150808627979, 5.572899012053423e-44)
(0.48698390219513543, 7.789400525286641e-44)
(-0.23279362671180617, 5.684395486185523e-44)
(-0.4050916985320938, 6.568472444419287e-44)
(0.3088038266930947, 6.169422015937417e-44)
(-0.20637164948616843, 1.0829345718495215e-43)
(-0.29363261155741455, 7.955456414751957e-44)
(0.28897946596503193, 7.908233098194319e-44)
(-0.07569802749723935, 1.9953809390318464e-43)
(-0.40962127940688, 5.035911856047016e-44)
(-0.46360322759678035, 2.2919199747729353e-43)
(-0.3155228884578722, 2.3469360702942415e-42)
(-0.3246820186074714, 8.251822936744267e-44)
(-0.3925469499186579, 8.670217686190825e-43)
(-0.14685984248769918, 6.03147969908419e-44)
(-0.3811547098817729, 5.347197613056107e-44)
(0.19585726185373584, 1.463040059595536e-43)
(0.006460493140555216, 7.536592131454147e-43)
(-0.25345117177437737, 7.461138350486043e-44)
(-0.22544448508413983, 1.801540059970677e-43)
(0.4870528550641762, 1.4000445527863381e-43)
(0.35594531490120196, 9.926007065835162e-44)
(0.29347616783008734, 1.5251946712010082e-43)
(0.16712811173234451, 7.936192271010113e-44)
(0.006370371075140201, 1.8151120147353313e-43)
(0.3702891946851086, 3.664445415215068e-43)
(0.03957481079268308, 8.040098824802386e-44)
(-0.25922884022738407, 1.3534453631041972e-43)
(-0.3695359762295781, 7.424344289361884e-44)
(0.3072303441542939, 1.465856921227783e-43)
(0.23504051355870972, 2.1441986428387586e-43)
(0.20421711353956803, 5.755896096580985e-44)
(0.30022452817591194, 2.1818812662822787e-43)
(-0.3392595581340313, 2.0092505682771894e-43)
(0.1765418440642674, 1.4968224298918251e-43)
(0.03957680397710534, 9.546279879547591e-44)
(0.4948261952873658, 1.0098339560340705e-43)
(-0.11562205039786395, 1.3747604494103996e-43)
(0.4395604216801916, 2.993026516851429e-43)
(-0.3749940536979442, 2.0694131616203234e-43)
(-0.22816124948772828, 5.873671500948953e-44)
(-0.010600840745463481, 1.7399457761415403e-43)
(0.24653425629757292, 7.5644561805549e-44)
(-0.359630341549855, 6.718780627302141e-44)
(-0.22408289534969617, 1.0970891917185994e-43)
(-0.052357067928192884, 3.5026523427907062e-43)
(0.22550503116329632, 3.166587016683696e-43)
(-0.295409785303607, 8.039366779819895e-44)
(-0.07512071325865755, 5.367918395657472e-44)
(-0.16867138481886584, 3.476063258469903e-43)
(-0.12000143065935842, 5.626384375409874e-44)
(-0.27177019649671613, 5.103715617800052e-44)
(0.04710432680746016, 5.592084636935537e-44)
(0.21809659305831008, 1.418681871366755e-43)
(0.28086714372678984, 8.625391216218794e-44)
(-0.2691179809219703, 1.0034530470000961e-42)
(-0.12045560145873846, 1.483153809625695e-43)
(0.41476269534785554, 4.960422808685093e-43)
(0.3964100537429526, 6.552457604080162e-44)
(0.22573099907952002, 9.503011093989266e-44)
(-0.4519019109540375, 7.0932171041095e-44)
(0.2590665025965269, 5.348025819656228e-44)
(0.2981124068770943, 1.3605130166608098e-43)
(-0.3157351278709575, 6.4183440742809e-44)
(-0.2881163460331773, 8.702406204398547e-44)
(-0.12570180900691613, 5.512574134025798e-44)
(0.4669266610080207, 5.952770538897102e-44)
(-0.0792752289796078, 4.355052796091379e-43)
(0.3345063926301807, 1.0477630943617616e-43)
(0.2606902931773693, 7.352745722874107e-44)
(-0.09973994917346843, 7.220298042748829e-44)
(-0.13455937518709057, 2.23708639077754e-43)
(0.48877254889148325, 1.670090430124705e-43)
(0.0800393675167403, 8.994898840658655e-44)
(0.45431746454551686, 8.117523594095217e-44)
(0.1288258989020653, 9.35312750137553e-44)
(0.1144977497557195, 6.746974653008805e-44)
(-0.06290291474977641, 1.0762874747376201e-43)
(-0.07532429959941081, 2.2166670656627068e-42)
(0.22867066920934215, 8.0096153102916e-44)
(0.16018176281111868, 6.469068941866134e-44)
(-0.1558732625214878, 1.582874597604611e-43)
(-0.3722861737910953, 5.655895636903329e-44)
(0.13489628545966378, 4.043257524789401e-43)
(-0.11699524785107347, 6.097392922611223e-44)
(-0.17412093221042335, 6.666740566478171e-44)
(0.30871035330878455, 1.2434276834009243e-43)
(0.36267293015704677, 6.380316754727961e-44)
(0.45519434330230873, 6.601699254920371e-44)
(-0.34644929223008036, 2.4247045405676284e-43)
(-0.16124305059840668, 1.084099159136511e-43)
(-0.11554519959483328, 1.1314684311808056e-43)
(0.11647441158916835, 5.814990075608718e-44)
(-0.3704465459242593, 2.000798387231562e-43)
(-0.46675247878441145, 6.392624399130488e-43)
(0.38263909085161235, 1.3248263050353208e-43)
(-0.36452912892029254, 1.0441456164069542e-43)
(0.0021097599157794402, 1.1599216350413306e-43)
(-0.14686731009311857, 2.5565423793335758e-43)
(-0.4923932075409632, 6.842567487117985e-44)
(-0.3399801000121142, 5.258278244114404e-44)
(0.2912122073604783, 1.1609594959575923e-42)
(0.04073650601906711, 2.4630786981671446e-43)
(-0.08277891776370808, 9.08218579294995e-43)
(-0.2778317651767505, 9.371222432324701e-44)
(-0.25605956165832683, 8.137864610056026e-44)
(-0.31678320794170894, 3.5544602222021918e-43)
(-0.23732780155003286, 8.646722752416306e-44)
(0.3076857043344319, 9.691706559155215e-44)
(-0.0846575085139956, 3.6009537587446216e-43)
(0.061567386081545064, 2.3380704724862956e-43)
(0.060090256905258974, 5.729943908788561e-44)
(0.013235156836168055, 1.525651941377191e-43)
(0.4042910527726932, 4.8115796283941316e-42)
(0.4364142057482616, 7.0279662851766685e-44)
(-0.2960239094121292, 1.5836042951209963e-43)
(0.0870872670932164, 8.315066787989585e-44)
(0.30522068566412897, 6.979138109851839e-44)
(-0.3382947791314992, 6.6355765623496e-43)
(0.4679328321736692, 7.253477902252621e-44)
(0.3270780719982089, 9.003616661618126e-44)
(-0.07762004917043543, 1.0927133428018946e-43)
(-0.39687078133098136, 1.9856016753541304e-43)
(0.38392582432259914, 6.989253491082282e-43)
(0.4131353972202581, 1.1517942494364026e-43)
(0.1492202026575642, 2.3493471258317072e-43)
(0.09175243516968301, 1.3055468453405145e-43)
(-0.3762538731244182, 2.8674250671943376e-42)
(-0.12255191361977115, 5.681940665139827e-44)
(0.4500410167913058, 5.676395295828496e-44)
(-0.2958221272122305, 6.0327177558548725e-44)
(0.10954796480474231, 5.462479339304101e-44)
(-0.4515007807267245, 5.756844792356508e-44)
(0.03038792872575091, 5.668015458176978e-44)
(-0.21810471690157357, 1.0058683949139873e-43)
(0.3097006297989288, 6.2695487513452546e-43)
(0.33266444150554453, 1.902840210412001e-42)
(0.31234963116961795, 1.9732940183503817e-43)
(0.04012469612933886, 2.2803406501642057e-43)
(-0.03760685387849876, 6.245223644449011e-44)
(-0.05033017003961173, 5.1593377050469484e-43)
(-0.2846648798706718, 5.701556145329001e-44)
(-0.014697380994531781, 7.911055029508897e-44)
(0.1207931855739912, 5.967409357550149e-43)
(0.4401468940684741, 1.2242077916193103e-43)
(-0.2837521988185762, 8.112093294498062e-44)
(0.20487083643181278, 5.98520643813021e-44)
(-0.020984773871049855, 1.1428222276154972e-43)
(-0.12733243933944455, 1.0590543061857638e-42)
(-0.07662665902368268, 5.808567071079057e-44)
(0.2387172016418743, 2.876673804178962e-43)
(-0.20265476060844706, 8.488829635831627e-44)
(-0.11193580918336814, 1.253352820128109e-43)
(-0.26080460156116736, 1.1924938784343346e-43)
(0.02067422129343798, 1.937641530519804e-41)
(0.378833524918953, 7.420344562501323e-44)
(0.431888018716289, 1.3959770749879827e-43)
(-0.017324693958877004, 8.457221001951014e-44)
(0.266213850778325, 8.840947686276083e-44)
(0.24033404594982063, 9.919347283551083e-44)
(0.4998051015980953, 1.1571007517679256e-43)
(0.14794198264505723, 1.407853061096816e-43)
(0.3097413321863159, 2.7727831228550917e-42)
(-0.41862905604847656, 7.127179341687847e-44)
(0.028088897555379258, 8.40051177584554e-44)
(-0.3290116365419297, 1.092527268001823e-43)
(0.058402389107794335, 6.301333364075641e-44)
(-0.44213408794184544, 9.766821885681515e-44)
(-0.13242530175643008, 1.5894307197425356e-43)
(-0.06653456210908329, 1.2195687394094275e-43)
(0.011004937598769983, 2.1223088796275805e-43)
(0.14949450377319526, 4.067148299903551e-43)
(-0.34274122635976856, 1.3338481625142482e-43)
(0.4128447976320431, 1.3566362148806327e-43)
(0.4189513621204761, 2.5611278725223228e-43)
(0.13319233685131363, 6.704469030056437e-44)
(-0.04307733011356401, 6.313274478962799e-44)
(-0.4507657484824041, 7.7928488715278e-44)
(-0.3503284577239122, 1.2051176061776437e-43)
(-0.37085776868217224, 6.327310649802004e-44)
(-0.4642125962524361, 9.895091846613775e-44)
(-0.48860882620273877, 2.9358812355816273e-43)
(-0.11273796310893386, 1.094598974262518e-43)
(0.2000620506630723, 5.870539652844047e-44)
(-0.2342280465543588, 1.3561366761968283e-43)
(0.1840986311297206, 1.6318472842839422e-42)
(-0.18565204826052312, 2.8789550352585537e-43)
(-0.013174251075984677, 7.760919148854235e-44)
(-0.3622688739024558, 7.613843539199179e-44)
(-0.2565763207635792, 6.535376945171151e-44)
(0.2378972196643379, 1.6315214414740903e-40)
(-0.2170004259628099, 9.93595957455608e-44)
(0.00747097815204579, 8.268443329977465e-44)
(-0.11047798382897163, 1.7581384362886591e-43)
(-0.43180775667235927, 3.3477110513541795e-43)
(0.24794299404838774, 7.937261391585355e-44)
(-0.45251792724899204, 5.170079738665989e-42)
(0.3085871761733676, 8.760554503327217e-44)
(-0.46723347048598535, 4.369452222024267e-43)
(0.2363921177172764, 5.880700418350278e-44)
(-0.4701766669320533, 8.61773984512736e-44)
(-0.31925743339317436, 5.576397444350076e-44)
(0.4997456069288671, 1.5886473073631782e-43)
(-0.48958298655798416, 3.4710477195509525e-43)
(-0.4996154258448929, 5.455345757324465e-44)
(0.41666992919275203, 9.04982688441921e-44)
(-0.2728432908474787, 2.93637757057537e-42)
(0.32531312468897405, 2.2875389220398604e-43)
(-0.4724227187788904, 5.487224938248563e-44)
(-0.13202192628386958, 7.278853605674195e-44)
(-0.4824904005808816, 5.845147823720167e-44)
(0.041418846052220765, 5.5733237654782296e-43)
(0.09692084325259477, 1.0781754391168423e-43)
(-0.3773926351502279, 7.306725260957129e-44)
(0.025815516886664353, 6.40041788153635e-44)
(0.27973580077444193, 3.0175859265223547e-43)
(0.23892304853315569, 1.7342326137105263e-43)
(-0.07203674050255056, 5.343561122324565e-44)
(0.30497184090977725, 4.125442986780706e-42)
(0.4280049164575612, 8.83005418392192e-44)
(-0.17508244492365993, 1.3842285050248081e-43)
(0.2319877405544691, 9.211441095049832e-44)
(0.39355450679674464, 6.352846980421331e-44)
(0.2219280323032443, 4.124029191932877e-43)
(-0.4577649659228689, 6.10358456589488e-44)
(-0.17934083643841392, 1.6359405617177594e-43)
(0.47447473645564153, 2.9895459383187423e-43)
(0.046318249975296266, 3.043055077989486e-42)
(-0.15149086279644491, 1.3855233062581397e-43)
(-0.3207607242224293, 5.799391918906189e-44)
(-0.3332855056623099, 3.0114693894265804e-42)
(-0.09058685679246581, 3.813692329715671e-42)
(0.2677835036249104, 6.759784824816344e-44)
(0.4538811301780186, 5.983054863021289e-44)
(0.4784048770053008, 7.918070238565997e-44)
(0.16169860900953395, 5.770474977636964e-43)
(0.32145569498913334, 8.88758916401231e-44)
(0.13089909937368405, 7.062624949469037e-44)
(-0.3840736580484718, 5.928748404018806e-44)
(-0.26252664350530996, 1.5810855308674139e-43)
(0.12574528568132462, 9.907550032832852e-44)
(-0.4387088944170058, 9.838961976069779e-44)
(-0.425480960471569, 4.292450935151689e-43)
(0.3059741625110909, 6.400913840240207e-44)
(0.005353783687174623, 1.0421129451768936e-43)
(-0.4431879187601685, 2.0176736458954404e-43)
(0.2729079833784669, 7.255896582004634e-44)
(0.3802036118622903, 1.2971944369738558e-43)
(0.06761413302404959, 1.4108388679371708e-43)
(0.40898129120508003, 5.804406363343872e-44)
(-0.21165070969277772, 7.415212494149232e-44)
(-0.334794952169845, 4.068688053632889e-43)
(0.32170280149985137, 4.308726921818958e-43)
(0.09029302277150798, 6.662229284706513e-44)
(-0.16850818115757682, 5.616701360725214e-44)
(0.2542637727437309, 2.780731014042115e-43)
(-0.4541719926987262, 1.5058523472955624e-43)
(-0.4626278472361859, 3.9267221161702475e-42)
(-0.06615885664550282, 7.16551719263568e-43)
(-0.25051119136887845, 9.70018806927653e-43)
(0.32059679627852233, 6.895016764631749e-44)
(-0.33240366175981617, 3.1660793209467754e-43)
(0.12599798117196925, 1.0980058999787427e-43)
(0.4332208830637778, 1.0269072812264978e-43)
(-0.2253691887373963, 5.504661811481772e-44)
(0.4888585707506569, 7.501326152971312e-44)
(-0.32947621938209504, 1.162550347171171e-43)
(-0.26728374087747897, 5.197090305550163e-44)
(-0.1826045168817426, 1.2201935798538917e-43)
(0.14697967370397966, 2.204123297688852e-43)
(0.3131625762395382, 1.4709187288701167e-43)
(0.14863656429191546, 1.1359574919852854e-43)
(0.27885587602356326, 5.006999965781845e-43)
(0.2582366873301473, 1.9302855092964087e-43)
(-0.2306670500438811, 4.0541915463519944e-43)
(-0.023464634895795696, 8.895165000490823e-44)
(-0.34845717674097365, 9.5978303540548e-44)
(-0.4386345916021786, 6.690206773015492e-44)
(0.3815149457844507, 7.467336993771025e-44)
(-0.42311793682551163, 1.3715238436379794e-43)
(-0.45154089102130807, 2.017588175065604e-43)
(-0.13105291336946964, 1.819485081725666e-42)
(0.2033545081611225, 1.2272862457100473e-43)
(-0.19578054066745135, 1.103433071400878e-43)
(-0.10082174077299048, 7.925940017058443e-44)
(0.2929674398294301, 1.459163510031449e-43)
(0.23589461058744662, 5.386282718826232e-44)
(0.11575313332813067, 7.618288411645857e-44)
(0.48986813707862575, 3.856352365555646e-43)
(0.4727327721153746, 9.576227114993839e-44)
(-0.15701286002950862, 1.6676852852069675e-43)
(-0.3661872583485382, 5.971512603193375e-44)
(0.07851541628214496, 8.434291637046978e-44)
(-0.1928038121877567, 3.042734262660718e-43)
(-0.3044583611315067, 1.598995813485277e-43)
(-0.37250773344206545, 5.447818163811656e-44)
(-0.32293350689694256, 6.498572939629935e-44)
(-0.4321859148687261, 8.3838030286038e-44)
(-0.274162863900616, 9.57268026629109e-44)
(-0.295432742720262, 7.064763142984394e-44)
(-0.47808248461880315, 5.581040566862868e-44)
(-0.4783600767149998, 1.077810935206108e-43)
(0.3380387219317442, 1.2064672962784368e-43)
(-0.24785946137454265, 7.601998511279592e-44)
(0.18861932069347595, 5.670815469220321e-44)
(-0.03187810091405173, 9.235032368319125e-44)
(0.06201248818127056, 1.313670747059781e-43)
(-0.2628079626988235, 7.94190081851837e-43)
(0.3480501632789762, 7.643390225996444e-44)
(0.06762025563419305, 8.24704630635661e-43)
(0.12418101818180581, 2.9335815742483367e-43)
(-0.2928661923273111, 3.2376191483381375e-43)
(-0.3582385492838505, 6.187208201299712e-44)
(0.17076324995470984, 1.0612389149099794e-43)
(0.4613737087408983, 6.921291111366798e-44)
(-0.3429223804176534, 5.303939280715445e-44)
(0.34001199506806606, 5.133264909152179e-44)
(0.29126325799550107, 5.039108105764164e-44)
(-0.33563645160788214, 1.0836115059005294e-43)
(-0.45006274076414077, 5.700002599779828e-44)
(0.4709719448899885, 5.060364773996454e-44)
(-0.07524064962867985, 1.2411896771854652e-43)
(-0.29850397844960425, 7.252999549129686e-44)
(-0.44538739572456426, 6.54370758458721e-44)
(-0.3798931079484171, 9.884186878682398e-44)
(0.10298649321320029, 3.589529328690535e-43)
(-0.3949053605763657, 6.559682412705448e-44)
(-0.3436657850165096, 5.566822740562499e-44)
(0.33725291663387114, 1.6451421863899616e-42)
(-0.23085145074363433, 6.260736165342381e-44)
(0.11256930371635146, 1.1585654648385986e-42)
(-0.29243672771843293, 5.58238537572895e-44)
(0.2638850487206642, 7.765121228924415e-43)
(-0.1712007630642514, 1.5154976881949254e-43)
(-0.16797603577604164, 6.297703377845985e-44)
(-0.4121835026309522, 2.102111096925628e-43)
(-0.31214112205928224, 6.04064475842128e-44)
(-0.18800145816324293, 1.8478360825864044e-43)
(-0.274148926028598, 7.514498221686257e-44)
(0.15609243665085515, 5.132576089985011e-44)
(-0.12326358146007536, 1.2115094188026492e-42)
(-0.1741298597363565, 1.127450293426885e-42)
(0.35118608259859896, 2.074145701578994e-43)
(-0.2589573108471204, 8.741796359912878e-44)
(-0.19284399268723154, 2.8169998714539673e-43)
(0.06191211358909206, 5.055364766293437e-44)
(-0.2279641382408526, 2.160531129821635e-43)
(0.1641292337206043, 1.7652554190122416e-43)
(-0.4140963103833126, 7.362155712049245e-44)
(0.16292479263870885, 7.826010413740678e-44)
(-0.2059365773149099, 1.3688427595553565e-43)
(-0.08919323935275665, 8.98635448246127e-44)
(0.24085178925276413, 8.348734454698318e-44)
(0.08930776326270197, 1.696445768895855e-42)
(-0.23697905415143997, 8.30799635015012e-43)
(-0.4649744272825144, 5.615284351913105e-44)
(0.2803541817427542, 1.644780575128413e-42)
(-0.04712806202886686, 1.1650237847860057e-43)
(-0.48852139712506626, 7.78260431890975e-44)
(-0.009563495817315384, 4.547923342556983e-43)
(-0.48996223370890263, 1.3595060122047827e-43)
(-0.07226930745387179, 1.2694722080523966e-43)
(-0.2568148813672061, 8.930494163257738e-44)
(-0.41555745269917443, 7.140792676453126e-44)
(-0.12838937954657662, 8.835114404671204e-44)
(0.19963794402491242, 5.300968736611746e-44)
(0.4124347085848423, 7.082465450434945e-44)
(-0.4878970243970768, 5.278829150623027e-44)
(-0.327498604316677, 3.878771207972854e-43)
(-0.1861374239463429, 8.510854203157307e-44)
(0.025691072559863956, 1.0776779175060338e-43)
(-0.20851250605167582, 1.3772886187155497e-43)
(0.11247943708379127, 5.136411277395851e-44)
(-0.068302842588646, 9.831718423073117e-44)
(0.18006987740218475, 1.1817782485597036e-43)
(-0.42497928435199306, 2.37455746706847e-43)
(-0.28994775010510987, 1.3400612434192078e-43)
(-0.17683535689380842, 1.0115357856729171e-43)
(0.36910718818354993, 1.0940906025978218e-43)
(0.15639958214968724, 1.2312980866202507e-43)
(-0.32423784534881855, 6.563048261485899e-44)
(0.08339860311705484, 2.5151825845575067e-43)
(0.22798685527093956, 9.46031239651914e-44)
(0.16334785107580266, 7.201372480974445e-44)
(0.3373507190389084, 5.302130713313332e-44)
(-0.42617207877055446, 5.513356928052364e-44)
(0.2874841024591717, 2.739999910711882e-43)
(-0.4319449454134077, 9.87586989736386e-43)
(0.21137193843951504, 7.129137775607766e-43)
(0.3236499284354236, 1.1698340025399021e-43)
(0.27396017245016535, 6.851935171173623e-44)
(-0.34152981345988725, 1.950800324271492e-43)
(0.03834266833759322, 3.195057244428914e-43)
(0.39380800536827215, 9.238488158343323e-44)
(0.32249740232378227, 5.225636580587469e-44)
(-0.010050829781915646, 6.014170467298319e-44)
(-0.25564020343325666, 7.270732733964139e-44)
(-0.4733047031631595, 6.03702138888344e-44)
(0.36954581135006404, 7.367835085769473e-44)
(-0.42444835968355055, 8.875860433525748e-44)
(0.1271544042540012, 1.151060877700765e-43)
(-0.17041984512281358, 5.550332668854594e-44)
(-0.31662123272267545, 9.9350659845576e-44)
(0.0754452857221836, 9.161750968335278e-44)
(-0.4229256952563705, 1.3445953872477217e-43)
(0.17817449449884157, 8.527921443178644e-44)
(-0.44270852405770234, 1.1663555322033303e-43)
(0.3993927794758154, 6.317189129600289e-44)
(0.4770604717653858, 5.971769629157671e-43)
(-0.2813250335037861, 2.03293706823682e-43)
(-0.3014994301358164, 5.042582449513706e-44)
(0.3928972454391265, 1.2114729745172195e-43)
(0.28419481358792203, 5.391983837783754e-44)
(-0.34542931503159335, 5.261969657565159e-44)
(0.36613747045987416, 5.706408065068796e-44)
(0.4406836254049216, 1.149213594836953e-43)
(0.265366606144356, 6.052245442091199e-44)
(-0.3764448421167066, 6.482413234553882e-44)
(-0.4215761860816682, 5.989877736278469e-43)
(-0.1557127816247444, 3.160233138519481e-42)
(-0.41097624004625505, 8.537637483123326e-44)
(0.010243042805883682, 5.313433925920797e-44)
(0.011180382279992447, 1.4006316500725496e-43)
(-0.44427804555274947, 1.1119604203454166e-43)
(0.2884453501472851, 6.946338904085279e-44)
(-0.01104919032197755, 5.723846876737074e-44)
(-0.3027932135924405, 5.184307635268701e-44)
(-0.2129456409478946, 5.485003029327636e-44)
(-0.3820816301205923, 1.6585513106419067e-43)
(0.43207228212533993, 1.1243098390439863e-43)
(0.307862692478331, 1.308341692400379e-43)
(-0.4971610285532036, 8.306991095317783e-42)
(0.08283890160981365, 1.9564784070751017e-43)
(0.4483499708822639, 1.2285965409807378e-43)
(-0.3819653911959058, 6.846108613159263e-44)
(-0.4974060505215627, 3.837243162363906e-42)
(-0.19280931147342714, 1.2151433631902627e-42)
(-0.04853405742943874, 4.3557328809975065e-43)
(-0.300059480707197, 5.228511822943148e-44)
(0.04295701232824893, 5.474835998948839e-44)
(0.0007638331103906288, 1.937967695257724e-43)
(-0.44358077506218757, 9.390493245345501e-44)
(-0.4862873780388021, 1.57400395820708e-43)
(0.34400346316484703, 3.414514990415757e-43)
(-0.3699369449981797, 5.49045048797076e-44)
(0.4986281116240676, 6.28182646032953e-44)
(0.3184157241167192, 5.958858916733594e-44)
(0.40940633732900317, 5.3652227770211e-44)
(0.24582791038082655, 1.998879546252423e-43)
(-0.21572648167535619, 8.017561994395107e-44)
(-0.0538974589463958, 5.047375285584134e-44)
(-0.21554454852594876, 6.103953010110791e-44)
(0.2955715305136157, 5.427453120340865e-44)
(0.2021513531398616, 6.89045605097016e-44)
(-0.057928614410684955, 1.2009372479206663e-43)
(-0.1279081998458975, 9.048500509738968e-43)
(0.3169955570153259, 6.209954005784711e-44)
(0.07860425079076534, 1.7442681719894767e-43)
(0.2461598335321192, 6.694026567225891e-44)
(0.16423307991668423, 7.148713170917616e-44)
(0.47973021862183685, 1.3234251272397727e-43)
(0.1692858429058016, 2.318781712223283e-43)
(0.49541004389184906, 6.747240690639438e-44)
(-0.21107473025482182, 7.199634054592752e-44)
(0.167867570518653, 1.777362432749626e-43)
(-0.2834853560467884, 5.68082940713688e-44)
(0.3847411164287227, 1.830449456474297e-43)
(-0.29639379702850055, 7.549421181373688e-44)
(-0.4143444830797464, 7.254293425547859e-44)
(0.28546324697194214, 8.248615134816075e-44)
(-0.09889911703118387, 6.884576605099839e-44)
(0.13443490515440956, 1.5219822478355479e-43)
(0.024429744998679236, 1.2702481461148193e-43)
(-0.2624716763522738, 2.6664328571333203e-43)
(0.493262795208929, 2.411875636937143e-43)
(-0.32049790498557035, 8.444446271386745e-44)
(0.47354020058625496, 1.3969174520814422e-43)
(0.17174393644640396, 5.784445018211949e-44)
(-0.1783717826463848, 9.409761405212353e-44)
(0.192702496878963, 1.2460034470858942e-43)
(-0.18538862157369904, 5.045253066882777e-44)
(-0.1250102575840129, 9.126361911439952e-44)
(-0.06520078395942858, 1.0925631313610105e-43)
(-0.14134804089831096, 1.27085654447863e-43)
(0.040606876706179164, 5.314394456265913e-44)
(-0.010194652919957187, 1.4429356382607372e-43)
(-0.03898536855180545, 6.917137976697187e-44)
(0.06071465369531146, 5.054779377025493e-44)
(-0.17584282466606313, 2.581144016183327e-43)
(0.14776560331145502, 1.5157980209276312e-43)
(-0.08864282405880503, 7.433191252889486e-44)
(0.15425790374872683, 1.1011746184177308e-43)
(-0.17820760645637873, 1.2928763655954972e-43)
(-0.08458337959286454, 1.5112236778206043e-43)
(0.09169087132900369, 6.916605876346829e-44)
(0.43605287778585494, 2.57162680684832e-43)
(-0.22680921755761482, 6.56400228027125e-44)
(-0.028855115464007354, 5.568493433054866e-44)
(0.43414148827418586, 5.198784334787326e-44)
(-0.46181433791587173, 5.328642184376727e-44)
(0.2678331814078567, 9.303088103925961e-44)
(-0.05059706314330876, 1.0286185944413647e-43)
(-0.047569066443666146, 8.996382111662594e-44)
(-0.38239584452300684, 1.7616563298618919e-43)
(0.4294666243476224, 9.573260715446622e-44)
(0.20522256559257138, 5.15267657147009e-44)
(0.41638156572555474, 5.528213942945247e-44)
(-0.0993131354121582, 6.400565093667122e-44)
(-0.1194521170334059, 1.516191877625935e-43)
(0.2968583570023296, 7.070938180899429e-42)
(-0.18719354946982109, 5.392221486643666e-44)
(-0.22577577448981764, 1.9831401611191826e-43)
(-0.23910681746176773, 5.058157295873631e-44)
(-0.4805243642109947, 6.125331689779248e-44)
(-0.42248406871096345, 1.542801956111233e-43)
(0.2849018843395924, 6.729046862193593e-44)
(0.1909597138619466, 1.8189222779971405e-43)
(0.2677342629029102, 1.4140112013241955e-43)
(-0.47700145096391566, 7.076836454612572e-44)
(-0.4691385504059368, 8.104756066211329e-44)
(0.23447575199217002, 8.851689966238348e-44)
(-0.42132161957991837, 5.308276852961641e-44)
(-0.47702082960836445, 7.394561950704959e-44)
(-0.0028010699455380075, 1.1251619051915094e-43)
(-0.3478794964255523, 2.3452149352801963e-43)
(-0.33614724971154536, 6.885236956955155e-44)
(0.20649064995574742, 5.696589292083902e-43)
(-0.0052161855598581094, 5.405652103084623e-44)
(0.49397487789712896, 1.3522021206072725e-43)
(-0.32549858529100234, 2.0340571460634645e-43)
(-0.4975078250087975, 6.556954667228918e-44)
(-0.213115373989799, 1.8264020685124475e-43)
(-0.47035806279180703, 5.064602716995865e-44)
(0.17990159910849277, 5.162538063930575e-44)
(0.47084096991451524, 1.096362092736628e-43)
(0.05903886928135583, 1.6138634929817324e-43)
(0.21622331708409206, 2.3949760026971984e-43)
(0.37259942550515746, 8.026141761157089e-44)
(0.41185461171797094, 6.79471831270752e-44)
(-0.23649888683375278, 6.140172583552063e-44)
(0.25610888239444973, 1.2445520461409535e-43)
(-0.4713252315585885, 1.7048856825484034e-43)
(-0.24800161872291335, 7.707113237462951e-44)
(-0.45370945922135203, 8.627158200821269e-44)
(-0.21893800197180172, 1.4668544005035113e-43)
(-0.1569284542474537, 1.165621288245642e-43)
(0.06360950794167784, 4.7061848050164196e-43)
(-0.45289424652594323, 3.225151056665847e-42)
(-0.25501710694018775, 7.079259826852368e-44)
(0.40073883703282587, 6.102561549648397e-44)
(-0.24824848073338135, 3.650542828777789e-43)
(0.41839109124278334, 6.528188681102458e-44)
(0.2201494692904278, 1.569533643322737e-43)
(-0.38243894316783233, 5.468767114695885e-44)
(0.12971648185907841, 6.328440431457129e-44)
(0.25133501502159716, 6.008494033765423e-44)
(0.1762156274930791, 6.953107961070443e-44)
(-0.040250405172121764, 6.101547800263921e-44)
(-0.4685986896562185, 1.4906220240036408e-43)
(-0.14123145096869236, 1.2615270041012185e-43)
(-0.1537202480910378, 7.386878622186639e-44)
(0.20003254885229677, 1.8928953455313826e-43)
(0.37751380249903965, 1.7516930423142304e-43)
(0.2937343009240007, 9.64793738530473e-44)
(-0.4529627667286369, 7.70598149802466e-44)
(0.1087886335933961, 1.305166487232263e-43)
(0.22707727743538814, 1.0272941330767666e-43)
(-0.3340512253033816, 1.2803852591526491e-43)
(-0.3961136334920125, 5.084280893887378e-44)
(0.13415088499611955, 8.385173265437936e-44)
(-0.25552811022549143, 8.200010505758603e-44)
(0.07228140982310509, 5.879691300375657e-44)
(-0.167020013601751, 6.232133723637383e-44)
(0.10466170313736059, 5.280332574379269e-44)
(0.18342219084507005, 7.829176676286109e-44)
(0.2290604374846825, 1.5130167172734366e-43)
(-0.48058620654691975, 6.123826733118467e-43)
(-0.4475906661336717, 3.074108332444185e-43)
(-0.2961342396033939, 7.436438012320718e-44)
(-0.29997464762065723, 3.2439905856932708e-43)
(-0.33251423192021845, 7.41890197288197e-44)
(0.18850435709454524, 3.78337195607821e-43)
(-0.26019863245372565, 1.1302882608936486e-43)
(0.4305292832010087, 1.144955434141342e-43)
(-0.3681824284963967, 6.506761727577193e-44)
(0.4272621077961832, 6.500775241994985e-44)
(-0.3477704526860621, 4.70074896609197e-43)
(0.09521214780792207, 6.509353146045648e-44)
(-0.20366806146820463, 6.767982386546068e-44)
(0.031345385890082844, 6.562500216472339e-44)
(0.24229177520350842, 5.702066223680548e-44)
(0.1772871471962702, 6.386919797884044e-44)
(0.04431971885278726, 1.1832483030438747e-43)
(0.41858945958112104, 5.756441006757726e-44)
(0.3907096721258616, 8.11098066497004e-44)
(-0.38667542133654104, 5.054131629631094e-44)
(-0.030437537636061114, 1.5556557707928345e-42)
(-0.2918491470364327, 1.614639309990896e-42)
(-0.35175202535282474, 1.3815490174966276e-41)
(0.4798290003545522, 5.463089818242745e-44)
(-0.17595579709099862, 6.249366634248665e-44)
(0.0945193112909614, 6.112140719944221e-44)
(-0.14822942950696094, 6.10553972041506e-44)
(-0.47632933410679856, 1.631519690336408e-43)
(-0.03950896454978817, 6.751374791550702e-44)
(-0.15663259438131424, 5.470672151639931e-44)
(0.08464166776701466, 9.54889089962484e-44)
(-0.4867146041759145, 5.558239376534433e-44)
(-0.35016795355575947, 1.0508863530277117e-42)
(-0.04892549202519148, 6.830136320584146e-44)
(-0.4327059913527624, 6.140186055626116e-44)
(-0.41889432737915266, 9.327231985352057e-44)
(0.042955639644878446, 1.3194960033104976e-43)
(-0.027728963196175217, 5.01943247870634e-44)
(0.3706775940724351, 7.924843002546454e-44)
(0.07934953174572372, 1.359851555727595e-43)
(-0.2650630885399121, 7.403198992719561e-44)
(-0.44374860943829425, 2.5581109435016195e-43)
(0.4668366035640856, 2.396909711284207e-43)
(-0.1869629713897221, 2.39830869493254e-43)
(-0.08150330408401245, 7.320693416590126e-44)
(0.17093752742327994, 7.487810403540599e-44)
(0.36396687876573114, 1.6714511524054388e-43)
(-0.24264390478250336, 9.974443870127756e-44)
(0.39889191278335917, 1.2940254057734475e-43)
(-0.2624214640751056, 6.026048092288492e-44)
(0.31797379384971336, 6.409414526555287e-44)
(-0.31001830546367476, 1.1029392455929103e-43)
(-0.13482367610309706, 6.073452627998743e-44)
(0.2515938013458372, 7.230629092937373e-44)
(0.32239350996558863, 1.6686704268133874e-43)
(-0.05467931416845279, 1.4327412103921065e-43)
(0.13174098445506155, 5.718692088466716e-44)
(0.07920163323402384, 8.075110533682365e-44)
(0.23378115254812623, 1.1323826776345474e-43)
(-0.25267640307325134, 8.112914714504299e-44)
(0.07688960481750538, 1.0223443771551092e-43)
(-0.24751209962613488, 4.026849001351641e-43)
(0.4308743523450378, 5.324985207738917e-44)
(0.4536257240587886, 2.744150665179157e-43)
(0.43064154939534466, 5.060175750378959e-44)
(-0.44031374719472643, 3.092134039931731e-43)
(-0.40950262052048375, 6.343651001659664e-44)
(-0.04438436068006149, 8.135167776095336e-44)
(0.1679810160235595, 9.369782433012185e-43)
(0.19412853724853407, 8.891238741598863e-44)
(0.4006819441898793, 9.445497926997132e-42)
(0.3958144548789223, 7.009188570046877e-44)
(-0.3024187923334551, 9.031040620703443e-44)
(0.09663288797379946, 7.654254066684554e-44)
(-0.15023468076013824, 9.984778014183552e-44)
(0.026600913472351793, 1.241377155626896e-43)
(0.1672645625976808, 6.03257481950569e-44)
(0.11117459106305214, 5.890164790643828e-44)
(0.31158714580985, 3.4353307325065373e-43)
(-0.09148355752393394, 7.076224066081042e-44)
(-0.22868988151465428, 1.1843459085832633e-43)
(0.4181906216188366, 7.407529669417477e-44)
(0.335893411595501, 5.912445932783784e-44)
(-0.3097246223993257, 2.5800826579635365e-43)
(0.12695566923554763, 1.6280970502793633e-43)
(0.34655164498196445, 3.65569103543126e-43)
(0.19698358159025672, 1.4503486150862635e-43)
(0.012678229695585654, 3.2583169814507796e-43)
(-0.1955340796575785, 5.138733301004075e-44)
(0.12901183808474692, 1.3852573206804494e-43)
(0.4245418499128266, 8.206170446681468e-44)
(-0.011304652172726153, 1.4492851318789707e-43)
(-0.23371660405912179, 5.439855143642344e-44)
(-0.12450241331177644, 1.1440142747756182e-42)
(-0.1727955014574549, 4.070299233489727e-43)
(0.4170410786210717, 9.118894838189145e-44)
(-0.4320729637003793, 2.092930362811491e-43)
(-0.4710106561101263, 1.2127044513843044e-43)
(-0.039925130143627495, 6.015599221694741e-44)
(0.030288360418227876, 2.2613164185095134e-42)
(0.31390168477700503, 1.278333334678167e-43)
(-0.47187375513569046, 2.3879841177281166e-43)
(-0.26699271217756687, 5.679115098466034e-44)
(0.12068930674481923, 1.3375896548121766e-43)
(0.047521669038048574, 6.320605227724415e-44)
(-0.04478150639966358, 6.395352316482056e-44)
(0.44499722067296243, 1.2435818855117577e-43)
(-0.3176925622841244, 1.638764395500276e-43)
(0.3661066620908389, 5.122311023501955e-44)
(0.40198049950995973, 9.16994315567992e-44)
(-0.15192419178900685, 5.683277266933372e-44)
(-0.0988501124924663, 5.488036744829356e-44)
(-0.10397573522198145, 5.382378347029301e-44)
(0.327643431659822, 1.5165815393460943e-43)
(0.17867458781105977, 9.72388321397611e-44)
(-0.14293803436930788, 1.304666424076201e-43)
(-0.0013177542281088703, 2.0654077098659648e-43)
(0.2472487584228827, 2.0847652906185137e-42)
(0.27276582482381534, 6.629394967329257e-44)
(0.04242597978570605, 9.308839699445643e-44)
(-0.29160594745582474, 1.0021957599254635e-43)
(0.13640572455346966, 5.459894611525793e-44)
(-0.23372178168096128, 4.134988682711743e-43)
(0.27343462209953034, 2.721419546108608e-43)
(-0.22563345385033054, 5.766277290129919e-44)
(-0.4520810569170309, 5.160481761973746e-44)
(-0.027781416964784155, 6.549793388065502e-44)
(-0.16543011425202947, 6.903224836985281e-44)
(0.3041259285760318, 8.046008031331877e-44)
(-0.3487674852789461, 6.267762066234778e-44)
(-0.04275945558006299, 3.497408520146629e-43)
(0.4767075156236251, 1.083417268598604e-43)
(0.1361176078915864, 1.034326043358108e-42)
(0.1778452222340213, 5.667729558795664e-44)
(0.18740510242271255, 1.5236063331779907e-43)
(0.27610367320061807, 2.7591084424947274e-43)
(0.25213819841874696, 6.235712141567472e-44)
(0.1815772429641505, 7.937019263221377e-44)
(0.1344975554434525, 6.680044620726152e-44)
(0.42204924237896063, 1.457833137021558e-43)
(-0.46564746921868805, 8.685643492468203e-44)
(0.12305981637709824, 1.3111254440912424e-43)
(-0.4360220512845079, 8.178309525803216e-44)
(0.08319941044455506, 1.2672921289996575e-43)
(0.17615340514135527, 2.75358165223022e-43)
(0.1450611677811703, 8.324810084363528e-44)
(0.17681785975336653, 6.263058429004245e-44)
(0.31946475756137493, 2.7812656169973893e-43)
(-0.3742546336892943, 6.302670809881648e-44)
(0.29424995032149504, 3.149799931206287e-43)
(0.16560365381650205, 5.93895947472552e-44)
(0.0955628050688361, 6.169120695901321e-44)
(-0.16889836368497768, 7.96144847162276e-44)
(-0.26727140913536923, 6.62944778837365e-44)
(0.1136708670872052, 1.0527983417207327e-43)
(-0.31911617362684547, 8.081953088071382e-44)
(0.03961258058335074, 8.333985747235752e-44)
(0.03137851466998138, 6.049264025542703e-44)
(0.07300795231799917, 8.190635384895796e-44)
(0.09164383021443061, 5.599318747215987e-44)
(0.40271323898819683, 1.9545677550351347e-43)
(-0.3152743039061136, 3.835725761857044e-42)
(-0.24794519793188807, 9.211801869147073e-44)
(-0.21581746645304895, 6.339314740922531e-42)
(-0.1614659789378964, 3.6120744944844924e-43)
(-0.13377440404006308, 8.395595355353444e-44)
(-0.21019319298345593, 6.067685542682958e-44)
(0.44801379063484476, 7.161114971898111e-44)
(-0.05045872957731046, 3.3714913536398796e-43)
(0.20833909186349384, 8.413093215377688e-44)
(-0.3639946966800657, 6.394653301920734e-44)
(-0.020239642675365987, 5.157641376076478e-44)
(0.22445222835214898, 5.689842410723076e-44)
(-0.4988023846233769, 7.997089719670678e-43)
(0.23044995019647427, 3.1763106789502244e-43)
(0.4884281541118523, 5.463693680534928e-44)
(-0.053195289332684144, 1.8907368260269675e-43)
(0.35187747542498987, 5.608755193056575e-44)
(0.33189856134475154, 1.7143065963952386e-43)
(0.4813769848851451, 5.9055732026924865e-43)
(-0.3432296648652599, 6.476235849596595e-44)
(-0.41109919682856194, 1.8653146660683282e-43)
(-0.2880721654460581, 1.438202750709392e-43)
(0.12376916672193196, 4.014413978207473e-43)
(-0.460966563607491, 8.908468253295872e-44)
(-0.1760744591021622, 2.4397863294261303e-43)
(0.4898662551186784, 1.0596896175021004e-43)
(0.060998994044715815, 5.114624627030013e-44)
(-0.09791903878533292, 1.3766844128112992e-43)
(0.20094428218304633, 9.537410355650487e-44)
(-0.08575151508371458, 1.7450660666662443e-43)
(-0.15107513236417217, 2.774238525308009e-43)
(0.13101983282707938, 1.29851638251766e-43)
(-0.42847138311882776, 1.0590166771259714e-43)
(0.11204006311280268, 9.624713667165703e-44)
(-0.39622012303028253, 2.880028699046736e-43)
(-0.02526811203926142, 8.951966020718675e-44)
(-0.2745004054738888, 6.390681633777848e-44)
(0.4523641582088725, 7.021632631681675e-44)
(-0.27681848348755567, 6.925364207151813e-44)
(0.4455562557159223, 2.77526308139653e-43)
(-0.2745713830586418, 6.901522378346925e-44)
(-0.3073466394321685, 5.026494409264623e-44)
(0.15507074489334355, 1.3777079843628322e-43)
(0.18912890233931384, 1.4530641104421906e-42)
(0.23522067905894833, 1.014634558559891e-43)
(-0.47307427618275405, 8.849156502194799e-44)
(-0.3346850448012041, 1.001177721036864e-43)
(0.3258708375743823, 7.55672259925548e-44)
(0.27395916503575385, 1.8961585706493774e-43)
(-0.2533300018635184, 9.536877256529438e-44)
(0.12314243541388281, 6.888950007876901e-44)
(0.1509889229264374, 5.200339213844054e-44)
(-0.004002506806555772, 6.041037034744401e-44)
(0.27633750069942226, 1.0969954643934435e-42)
(-0.43623170357949054, 6.711485383440379e-44)
(-0.16754271447659475, 2.150302581984735e-43)
(0.4063116754904162, 5.29057465511327e-44)
(-0.4314930471862776, 6.550759922943032e-44)
(0.2495252410199079, 5.409395271230694e-44)
(-0.21298943632015427, 4.211203549848204e-43)
(0.05281370302884103, 5.4871440679528435e-43)
(-0.059850470526521656, 1.1250025090868215e-43)
(0.17986291297664564, 4.051737266805577e-43)
(-0.1638137035747631, 7.153791990026216e-44)
(0.17603082393536768, 5.779257694672681e-44)
(0.45847070349298896, 4.944782018359609e-43)
(-0.08814999235375247, 1.6523653207223522e-43)
(0.2213813883491923, 9.91629057650362e-44)
(-0.42428732098120187, 7.479932775387607e-44)
(-0.1061524863617238, 6.820604150874698e-44)
(0.1336352795484088, 3.350470650109124e-43)
(0.13990130352898672, 5.6995143327813424e-42)
(0.40765346378795686, 1.6952813113421795e-43)
(-0.29826282115403746, 2.0013446923246205e-42)
(0.17905609914578952, 5.179888594651374e-44)
(0.18054000556234606, 5.304366614661292e-44)
(0.3145835063970026, 5.12636899490299e-44)
(-0.49922308643109004, 2.580281510425205e-43)
(0.336371709668671, 1.0785191636303253e-43)
(-0.15108679768786015, 2.4496173527417296e-43)
(0.35369298245386804, 1.2814451170612425e-43)
(0.13984757730904585, 2.78004155657215e-43)
(0.1836318821568412, 5.104600853741946e-44)
(-0.3255471819282156, 1.031834442874838e-43)
(0.12564563769434445, 6.448300977524492e-44)
(0.19695468374651767, 1.4204385392132538e-43)
(0.0352820559972735, 5.418728864339111e-44)
(-0.47899814977824184, 5.957529905743593e-44)
(-0.011054768797693454, 9.561003336335072e-44)
(0.21415213802502953, 7.768778221034069e-44)
(0.07383219531051471, 3.689316764134992e-43)
(0.4863156231636016, 5.165868239660548e-44)
(-0.4196634047225811, 1.0107636823574496e-43)
(-0.39840638117196264, 9.047962912212453e-44)
(0.41664604132604766, 4.232380811043999e-43)
(0.3892380212867879, 9.837944587004926e-44)
(-0.21623587437535124, 2.3045705078359483e-43)
(0.2444648579829957, 2.0212902020722874e-43)
(0.08181028307099796, 1.4692961780497174e-43)
(-0.03793227284865551, 8.933313218920058e-44)
(0.19894491557270755, 9.59141958780044e-44)
(0.03665286003027949, 1.410934372599066e-43)
(-0.2434406951712517, 6.548925757095146e-44)
(0.4638842225134215, 1.0745825875774797e-43)
(-0.4709909461564005, 2.4799864182553032e-43)
(-0.3152821598606038, 1.6051585351828679e-43)
(0.22226772219904598, 5.532562800446867e-44)
(0.34520385519182417, 5.661919541152157e-44)
(-0.2062722992220569, 2.46801863110409e-43)
(-0.10491140695160277, 7.883059837928318e-44)
(-0.22570729347766763, 3.5663199173284114e-43)
(-0.4384195322181308, 7.174876281146702e-44)
(-0.47751274528464155, 1.205253717314535e-43)
(-0.46779029332236904, 1.5334410736047835e-43)
(0.1359801995652201, 7.141019091109954e-44)
(-0.08784974070997863, 5.163201536116018e-44)
(-0.4153001630560541, 7.971627405046878e-43)
(-0.018484140971069617, 7.552414918978972e-44)
(0.3442496357741803, 6.167639159577795e-44)
(0.09380565631179823, 5.822673517589745e-44)
(-0.20868800031068305, 6.003763089998975e-44)
(0.21252902709417834, 7.855777022620354e-44)
(0.15303681441940134, 1.311161607211358e-43)
(0.3149000051001167, 8.93568525078247e-44)
(0.0628236535614803, 3.4939621907712863e-43)
(-0.2527692353639199, 3.1072839846341746e-43)
(-0.026637524743537574, 1.612393565042647e-43)
(0.3575956846581791, 1.1462643667579862e-43)
(-0.4762236767491134, 1.3616001034527837e-43)
(-0.39952950239328716, 8.814559288927229e-44)
(-0.13526955034600377, 4.388733002493436e-43)
(0.0281018958417537, 8.562094820764587e-44)
(0.1839268774205162, 1.6350136348357863e-43)
(-0.02248246305546873, 7.740409132635024e-44)
(-0.046198495392807584, 5.45083132650402e-44)
(-0.07326620462889617, 5.33080576649766e-44)
(0.11014568520007308, 2.192324968671477e-43)
(0.21743973960338084, 6.499641291190449e-43)
(-0.15274866337242834, 6.030417290807716e-44)
(0.12435734828568776, 1.9304291261170117e-43)
(-0.07075228736596913, 7.552580789775065e-44)
(-0.14914420095432893, 7.659104139389173e-44)
(0.3289474940603508, 7.466557143307552e-43)
(0.28968499905344, 9.574536816673312e-43)
(0.0373388492113054, 6.72144640787887e-44)
(0.10001032358154391, 1.0376392175022565e-42)
(-0.4671618099929164, 6.686904423603485e-44)
(-0.07996811323208326, 1.2137441317200062e-43)
(0.3541471560417056, 1.508813850582162e-43)
(-0.05452819582447151, 1.6741032992003025e-43)
(0.1561787665920135, 6.988353697980637e-44)
(-0.29332531346299323, 2.575439896194711e-43)
(-0.03812849814988133, 3.990913131562218e-43)
(-0.3176955531435145, 3.4815584214666525e-43)
(0.25459600753432743, 6.432316262997335e-44)
(0.033538438691198526, 1.2851993989477654e-43)
(-0.3316762949979942, 5.359579129295278e-44)
(0.24717590225956856, 1.0404727053470807e-43)
(0.3288086834688763, 1.6554761166587655e-43)
(0.18270476447327694, 7.848956882442984e-44)
(0.17297653079055522, 2.2833106711180758e-43)
(-0.26250733087717126, 1.423739158066685e-43)
(0.45685029328043264, 1.0459671289010972e-43)
(0.0257075135291843, 8.308954975594226e-44)
(0.15231777230449206, 1.3461823935496598e-42)
(-0.48871768153345085, 3.4763372359703546e-43)
(-0.459444867523879, 1.1146999752935726e-43)
(0.16996385391249216, 5.7740748849716216e-43)
(-0.13600134081440374, 6.109411787841534e-44)
(-0.43313327808917834, 1.7430167966344033e-42)
(0.259509553865039, 1.3186538666260032e-43)
(0.33517914158714074, 6.268207625082418e-44)
(0.14692672958080696, 8.295597590380509e-43)
(0.021998011882365397, 7.250692607718107e-44)
(-0.10648890641855381, 7.217897670117052e-43)
(-0.17777569857492662, 4.298143211278075e-43)
(0.3139688129428439, 3.465933792358344e-43)
(0.08300930820885023, 7.101592183443827e-44)
(0.3629749210760484, 6.097137953747e-44)
(-0.3830092290589422, 8.810848180483711e-44)
(-0.005712985485247689, 7.315066362212899e-44)
(-0.3890902320478839, 5.787636589311148e-44)
(-0.0603788545351649, 7.987637414663519e-44)
(-0.12864701172065446, 1.061288456677529e-42)
(0.1649132741263824, 1.21409155465715e-43)
(-0.07299678027482437, 9.793513387714947e-44)
(0.29688921494593357, 5.105587498739253e-44)
(0.3098890361659124, 1.2299587157935771e-43)
(0.3830805156844613, 1.5751089703457113e-43)
(0.1789849935334411, 5.16347158985074e-44)
(-0.15804571067225026, 6.847740589879755e-44)
(-0.17298236692910882, 5.445151986409062e-44)
(-0.1642111182203193, 5.532359565589104e-44)
(0.05385179451672285, 5.227525659512929e-44)
(-0.4548328002346408, 1.2828195709162345e-43)
(-0.15824433219194417, 5.594266616800293e-43)
(-0.004581136046230951, 1.3115323910277233e-43)
(-0.21081497651603104, 1.0345243261807012e-43)
(0.06413067416046336, 2.6179423934151255e-43)
(0.3102573855427144, 2.724649199755529e-43)
(0.42521941965075366, 6.65854906980295e-44)
(0.17102488631751475, 3.097273081476375e-42)
(-0.2200431198082646, 6.52562035518936e-41)
(0.4618935672042746, 1.2322919290521878e-43)
(0.4306126408512704, 2.4077837064958142e-43)
(0.010010208745329633, 7.154017892389564e-44)
(0.4331168692387634, 8.919896893794394e-44)
(-0.22583333407464035, 5.549056960205244e-44)
(-0.11634578685616917, 6.002162659552215e-44)
(-0.3785887638475208, 1.0234462654787394e-43)
(-0.08504925277278592, 1.021333127686151e-43)
(-0.18298167917845443, 6.356074857528164e-44)
(0.1319213696262661, 8.727251013281846e-44)
(0.21026583422995052, 7.268270859176332e-44)
(0.32474215310017, 1.0178086376965375e-43)
(0.08273794659474182, 1.4897234661468917e-43)
(0.3803037918495133, 1.2303614849789453e-43)
(-0.48641970031107834, 8.586950847795521e-44)
(0.15259011170395345, 1.9304089794577892e-42)
(-0.16397968242586095, 3.039048548922891e-43)
(-0.41683409719758197, 6.892895058161458e-44)
(0.2593893075441237, 3.1502605123920614e-43)
(0.4069251742081732, 5.26741220980329e-43)
(-0.2635730618284139, 9.888316589114686e-44)
(-0.22383342328490302, 7.812783972198658e-44)
(0.22721045673653525, 1.9472714617427895e-43)
(-0.16029622267629698, 8.99743079610722e-44)
(-0.03107375493024511, 8.082919133039161e-44)
(0.46157167329788107, 6.188903778532165e-44)
(0.26722147602422824, 1.0570284844945475e-43)
(-0.4490515988828091, 6.361999933235488e-44)
(0.04813479110366086, 6.969286981122713e-44)
(-0.33629891969323494, 2.1181576722147923e-43)
(-0.43674822767720434, 9.118002570744031e-44)
(0.18492387849763747, 2.68838914177669e-42)
(-0.18460499641025613, 6.64920136255619e-44)
(-0.1031841159627045, 6.044105431928237e-44)
(0.21816563294681357, 5.691398597001771e-44)
(-0.4618262711233982, 5.994135080926888e-44)
(-0.15998705999044643, 5.055397573637477e-44)
(0.28940047031930644, 4.151187123016097e-43)
(0.21176909928766874, 5.197843312694854e-44)
(0.08315536264374421, 7.567361852315807e-44)
(-0.07891975828384154, 6.334315540306313e-44)
(0.1994300907072424, 5.28068603118983e-44)
(0.3064213809906685, 1.9193888121088286e-43)
(-0.06861028001595998, 6.980445253508854e-44)
(0.4097247128804132, 1.703865140539853e-43)
(0.13054187984585247, 1.5849249573913655e-43)
(0.2804194336431002, 2.4673826128616562e-43)
(-0.007991157088394657, 2.785856970640614e-43)
(0.06347321719631653, 4.913969516681731e-43)
(0.4246885895622371, 1.3720986117545275e-43)
(0.10929135150241587, 3.94516752417953e-43)
(-0.08714016031245664, 5.129776622636389e-43)
(0.29600749720716885, 3.1279420138757573e-43)
(0.40179040965493024, 1.3945642303500988e-43)
(-0.04175641322816844, 5.70609450202634e-44)
(0.459086234959203, 5.925226966859901e-44)
(-0.19521879797126204, 1.129557412888673e-43)
(0.30524869276686645, 4.671510945891012e-43)
(0.29903247521038806, 7.715758422901249e-44)
(0.32039057113179104, 1.220811313545688e-43)
(0.33346943733370665, 4.856907885574901e-43)
(-0.06892856867320671, 1.2762792539674504e-43)
(-0.10050683532964504, 1.2572175064231625e-43)
(-0.01653923930945568, 1.3783020543213045e-43)
(-0.2687172937362165, 1.3267406109734178e-42)
(-0.3854783006228097, 5.464697732434037e-44)
(-0.4492805462437931, 1.3680196774001526e-43)
(0.3737482852944267, 6.566923810689986e-44)
(-0.4655735007050326, 1.2750390644207351e-43)
(0.06548078595841732, 6.189233594223181e-43)
(-0.25587827307476324, 5.866167317304603e-44)
(0.18147880077986553, 2.0781198644552936e-43)
(-0.382308156126581, 1.3879084997099308e-43)
(-0.24094088613897055, 8.699284203794592e-44)
(0.3382151096487633, 8.613915889206305e-44)
(0.09310059768844535, 1.5641284779600004e-43)
(0.11961849797310893, 7.170753244119171e-44)
(-0.3054332640018289, 2.366081052199307e-43)
(-0.11124462621830168, 7.153914246500136e-44)
(0.2948841906787946, 7.321400815385195e-44)
(0.4933665809187423, 2.421846315022561e-43)
(-0.3424850226690393, 6.098203184894011e-44)
(-0.36934451425199427, 5.75788405057568e-44)
(0.07928722566727524, 1.2102800398845217e-43)
(-0.37225692652210857, 1.7758152792946079e-43)
(-0.0714766796452155, 6.068997139407671e-44)
(-0.37852147995001983, 6.077946184543012e-44)
(-0.14414757103974477, 7.037667906219896e-44)
(0.025010762923391716, 1.4834611848902448e-43)
(0.3360543236125896, 5.238883716171392e-44)
(-0.06060031745402418, 1.4099013561387222e-42)
(-0.07574908414345162, 1.0811975886705818e-43)
(0.3461351713007456, 1.4694073776321453e-43)
(0.21229166293607393, 2.1662282372165036e-43)
(0.048138772560129044, 3.670117551262434e-43)
(0.4277291193041081, 2.2937613327710546e-43)
(0.07332907892560137, 8.796379001380852e-44)
(-0.22075755479783352, 4.9207166037773424e-43)
(0.07123354309001564, 1.2563861393539378e-43)
(-0.044972667551078115, 5.679686795648923e-44)
(-0.3750987707957847, 1.1364238686159548e-43)
(0.4203363514425537, 1.0808990491106764e-43)
(0.2808171262058677, 1.2629910123655865e-43)
(0.09398015630606485, 3.21727660360776e-43)
(0.10169857082209645, 1.6533495852555155e-43)
(-0.009825838037184736, 4.472444262074505e-43)
(0.4837573298204074, 7.823844192390942e-44)
(-0.4343272148122614, 9.549586326360458e-44)
(0.36977087130905373, 6.663883373202358e-44)
(-0.15063570772575471, 8.824177163423167e-44)
(-0.2427016732816306, 6.886445931413313e-44)
(0.40539949204440706, 8.684147577889023e-44)
(0.4823859295313004, 3.135873335323022e-42)
(-0.41411979715065694, 1.6455484322770502e-43)
(0.40625263289666097, 2.2701685560170194e-43)
(0.36867366101198235, 1.1808537079945513e-43)
(0.22295856621287172, 5.4885817065109255e-43)
(-0.03357828200465713, 1.2410410816260145e-43)
(0.0518936108760681, 8.029176384504839e-44)
(0.37848606155892367, 6.195233944835372e-43)
(0.4795423048160205, 2.2152163996205433e-43)
(-0.3430000905819356, 7.085557375739287e-44)
(0.09613549648101215, 2.5007503435235856e-43)
(-0.44849889866493436, 7.192697327047384e-44)
(-0.1319897697431111, 7.99839039063072e-44)
(-0.19643052383924883, 7.097037230036131e-44)
(-0.0030739702866553298, 8.861464322407399e-44)
(-0.3840447290052995, 8.079711835405335e-44)
(0.28931476513901444, 6.296839910394463e-44)
(0.13639184322055323, 5.751008848588483e-44)
(0.03831151051233159, 5.74493029716188e-44)
(0.19950160739535314, 8.618662615444159e-44)
(-0.3203047449913045, 7.24282326939915e-44)
(-0.17860445184863102, 5.508874876813108e-44)
(0.2359683038825718, 5.353262685050677e-44)
(0.16712326236826028, 6.27162162839981e-44)
(0.2961664606155265, 8.777341346325696e-44)
(0.13199902230558044, 6.626145580740406e-44)
(0.12920277720829243, 7.742166397217724e-44)
(0.1039767723811892, 5.495607010120234e-44)
(0.49400182719363916, 6.980378829201836e-43)
(-0.4173706977709163, 1.4712590355352118e-43)
(0.49182589951046185, 6.127957078096571e-43)
(0.3975803255806753, 7.319196779799502e-44)
(0.12839951158815405, 9.362466929926706e-44)
(-0.05844873049673382, 5.788991482862181e-44)
(-0.253772551218775, 1.4160262666955244e-43)
(-0.4235472760873303, 7.149387694354981e-44)
(0.11926292976278072, 1.0340333258412396e-43)
(0.2641234649989262, 5.393871576140158e-44)
(0.45439887496892506, 6.060212218792655e-44)
(-0.2713661263310663, 1.3163644338340664e-43)
(0.330312588820088, 1.134686367940947e-43)
(-0.4708274187135815, 9.409958704395367e-44)
(0.16917541319709845, 6.723607972757052e-44)
(0.26801984086622616, 2.6807868126924784e-43)
(0.43587371820076815, 5.804413791486679e-44)
(-0.2496011509509945, 7.385035593022436e-44)
(-0.4159880944872324, 1.2415578391826735e-43)
(0.47429917506565045, 5.109472406883538e-44)
(0.4427275254963293, 1.281744401830848e-42)
(-0.138878653884566, 5.782412776215999e-44)
(0.20680320967282073, 9.54610831600109e-44)
(0.20175090420433459, 9.307652087823659e-44)
(0.1671698900086098, 6.662277110670893e-44)
(0.2590354651845158, 1.062009295339088e-43)
(-0.3500436342101874, 7.248853499550602e-44)
(0.1430960025240029, 9.908014139563722e-44)
(0.36296254089358576, 7.358681529868589e-44)
(0.4624678059958848, 7.339729206851363e-44)
(0.11690906054467912, 9.545186966369448e-44)
(0.30258398660253777, 5.54693378430561e-44)
(-0.48689505006321626, 3.426509298173662e-43)
(-0.023638429540809375, 8.588577927448461e-44)
(-0.38105170067524907, 3.2776244187083636e-43)
(-0.11429811530159904, 5.9893445738837425e-43)
(-0.41464790436072213, 6.409174200844429e-44)
(0.09746153561475912, 9.728259457693576e-44)
(0.4185145414799417, 8.721570139371299e-44)
(0.2140468751899532, 6.235614226557937e-44)
(0.208556678379395, 6.235717002250065e-44)
(0.011695823129702382, 1.350322218150189e-43)
(-0.0118579324796281, 3.3355594697220752e-43)
(-0.15598258528726583, 6.795470463927925e-44)
(0.17174808415686926, 1.6967874972459208e-43)
(0.4731087784850963, 5.357426170017634e-44)
(0.49189343076455583, 5.874824342136095e-44)
(-0.42668650246670514, 1.5394309047639857e-43)
(0.4163799615929991, 9.14555107311771e-44)
(-0.0075976269643492755, 9.603367647491183e-44)
(0.10210621507867655, 5.641938612858069e-44)
(0.46530261571537035, 4.6278825800553624e-43)
(0.3239873077875433, 1.0992396179504746e-43)
(-0.13685854477072912, 5.239245128702372e-44)
(0.39274910087800513, 1.0209863247886417e-42)
(-0.17755046748562076, 9.095459243893635e-44)
(-0.07346461684110271, 8.40813346199731e-44)
(-0.21280520091768113, 4.863038566768223e-43)
(-0.07749631363002858, 5.758873678866657e-44)
(0.10131928029031685, 2.2960524435955213e-42)
(-0.03811400630104023, 8.005177888346528e-44)
(0.124314307035144, 7.719045611432266e-44)
(0.07107833976568463, 2.597499987317223e-43)
(0.411786229067853, 5.025459076061287e-44)
(-0.027573293143592293, 7.789875857680966e-44)
(-0.390564931953181, 1.5133837086697036e-43)
(-0.057928541594147724, 5.799808399825169e-44)
(0.12750342681408858, 1.5022018141878889e-43)
(-0.230072872651905, 5.301693831375315e-44)
(0.35672565845898496, 1.49503198556202e-42)
(0.11442229853154519, 9.569687604049256e-43)
(0.345409771070949, 2.1154317834334305e-43)
(-0.4137604285544451, 1.706450186882659e-43)
(0.026835460073630676, 3.0075633144182437e-43)
(0.31430675245241474, 3.169482263211913e-43)
(-0.19710383457313205, 6.288378497788334e-44)
(-0.11900855141510987, 7.548124766475648e-44)
(-0.0899240939922391, 5.358717950329772e-44)
(0.39866186760762334, 7.900054116625997e-44)
(0.281254984412659, 9.820148966336942e-44)
(0.3435899850097381, 1.0443636461328139e-43)
(-0.3339999401562089, 1.0075310869454428e-43)
(0.44558517309877954, 1.4498459858288785e-43)
(-0.14875457713429457, 5.162807419193641e-44)
(-0.13602724791406332, 2.258632701769182e-43)
(-0.13079156191119706, 8.189194487049831e-44)
(0.042022387031367486, 5.704942728003464e-44)
(-0.16505829107509887, 2.2509536308001083e-43)
(0.17077121594494118, 1.4882732920700262e-42)
(0.2608177807178921, 2.6287616334768813e-43)
(-0.2575966607032007, 8.858072969843612e-44)
(-0.41202055664765946, 1.9314259544279202e-42)
(-0.0076297493790214894, 8.201095416534197e-44)
(0.32431805563198246, 2.688059136324712e-43)
(-0.41519804592852666, 5.818199706674621e-44)
(-0.4850794578134399, 2.186117806729731e-43)
(0.02269905115628459, 7.72898673446539e-44)
(0.15954265667755163, 5.256063228811511e-44)
(0.09437616999463008, 2.3828076477182625e-43)
(-0.4723570250783541, 1.1946184598266737e-43)
(0.03379737163420883, 1.0067238949987548e-43)
(-0.06948882217295671, 9.834931951572249e-43)
(0.09633017417476603, 8.165305282595298e-44)
(-0.021526440710045183, 1.486797315172037e-43)
(0.30597172708843307, 1.1491806076577648e-42)
(-0.17039830112718182, 1.8398358282025086e-43)
(0.02124805649468572, 2.453159747643141e-43)
(0.1838715272820395, 8.744524670300655e-44)
(0.28245899255246926, 7.625814352031614e-44)
(-0.05389355567849207, 8.496719477291744e-44)
(-0.4564846158890006, 6.358431160456124e-44)
(-0.4244590244857003, 5.018540596791386e-44)
(-0.419973530498517, 5.772142258899138e-44)
(-0.3766629711140271, 6.717304826240879e-44)
(-0.009132415295565115, 2.2641190253754966e-43)
(-0.11502766443272731, 9.437974605639159e-44)
(0.206603922680112, 1.0094194240668635e-43)
(0.04258021243473277, 7.925631955959343e-44)
(-0.05860453363483947, 8.742405601794077e-44)
(0.34542828444463564, 1.1724644266363903e-43)
(-0.16555676395156327, 4.582803698826409e-43)
(0.02404435018100179, 6.280466669730373e-44)
(-0.221560496932478, 8.782799422342028e-44)
(-0.21926618439001033, 1.4893284018605798e-43)
(-0.07051378833624854, 1.046212476962852e-43)
(0.33860459197500137, 6.350142826796767e-44)
(-0.0025542075987050336, 4.004996670255733e-43)
(-0.4282377520961997, 1.1213702105430951e-43)
(0.4994147966869585, 6.122019991279715e-44)
(-0.3223603145580215, 4.56115378950618e-43)
(-0.054597704461403204, 5.818932415072217e-44)
(-0.010464168183560529, 3.314435060751004e-43)
(0.429540055828675, 5.071053360761611e-44)
(0.3783017259815463, 1.6970963081039958e-43)
(-0.07998612464419781, 6.436098416782108e-44)
(0.1456330676996958, 1.8184846368077818e-43)
(-0.16572599749014025, 5.494364510662298e-44)
(-0.3255741638043263, 1.2261074307044729e-43)
(-0.4025242106160863, 2.72645243415145e-43)
(-0.3241485528082409, 5.118103963889042e-44)
(-0.2716737038277867, 7.641676479464902e-44)
(-0.459514931657272, 1.2760763630942817e-43)
(-0.022606526712313627, 1.0359674599159637e-43)
(-0.3728396059527055, 6.254257007176993e-44)
(-0.13933788888980714, 5.453090703351636e-44)
(0.4514744335206788, 7.382384786510278e-44)
(-0.06554003746872607, 7.1236101705385865e-43)
(-0.18566224559686323, 5.506201198783912e-44)
(-0.44950710633821667, 1.6639395606293028e-43)
(-0.13703626613328285, 6.261660020298025e-44)
(0.12206337713684888, 1.9284649588205256e-43)
(0.15547668820634974, 1.3381970634974873e-43)
(0.3375027144935181, 6.587693883803315e-44)
(0.42683826366657607, 1.5796004448802958e-43)
(0.0577214767798617, 1.0369389281460253e-43)
(-0.1895984101957165, 2.1931654399244686e-43)
(0.013581599209244751, 6.60597675441749e-44)
(-0.06181174422526976, 8.136171405930861e-44)
(-0.18105804360878122, 3.808249597454112e-43)
(-0.10603389448163776, 8.275872313539436e-44)
(0.0420824821815824, 9.993108188389862e-44)
(-0.12289137604776323, 2.271467756234045e-43)
(-0.3681065669955389, 4.896835299327979e-43)
(-0.16313602175540404, 4.051286472291058e-43)
(-0.3284284777387327, 6.878423947848194e-44)
(-0.12085017604351288, 7.578362830778559e-44)
(-0.45612006378896075, 8.920539939052996e-44)
(-0.1993570030319193, 1.1997679664199791e-43)
(0.08898971471814149, 2.9057756629461618e-43)
(0.2000123863238919, 6.564902899887737e-44)
(-0.4806117758634181, 1.0408232997288965e-43)
(-0.4163389485446884, 6.030458727633657e-44)
(0.0741148488280146, 1.1912797740343595e-43)
(-0.32178593350185175, 7.825371147425409e-44)
(0.255750768780674, 1.637147525074213e-43)
(0.37967374909638524, 8.862109594562718e-44)
(0.26683281110046675, 1.56912377445499e-43)
(-0.43375841046985864, 5.897989191395089e-44)
(0.15047617444997463, 1.2609767600230976e-43)
(-0.14981270088757573, 8.233258000787355e-44)
(-0.14812313855990708, 1.9257164205199153e-43)
(-0.4329250374260034, 1.0495364559182375e-43)
(0.12525985698522057, 8.008395815032664e-44)
(0.45056512412745586, 9.51492735281259e-44)
(0.29955035894809673, 1.7724974931099586e-43)
(0.47674274971424535, 4.6526682821382395e-43)
(0.4568580123997723, 1.0317993266690283e-43)
(-0.3518048723135413, 2.2636877246057763e-43)
(-0.08063612372242082, 1.6639023952338712e-43)
(-0.1724762426877263, 5.948326619820887e-44)
(0.12736146434821816, 1.808465891277824e-43)
(0.17125891459197276, 5.411518242671605e-44)
(0.3192240385474129, 9.651902458112097e-44)
(-0.09817362557908532, 3.223628548509287e-43)
(0.3993374816145824, 1.863746938087976e-43)
(-0.28410763655906324, 5.65309131464643e-44)
(0.32255742482032573, 5.351983223597381e-44)
(-0.35852661654912527, 5.62969323061464e-44)
(0.3920534619068402, 7.334496263178774e-44)
(0.2578813316110543, 9.625029358802221e-44)
(-0.1835183664017041, 7.133011002107587e-44)
(0.3775431759065921, 9.141234890571924e-44)
(0.4451527247912814, 2.392867783927238e-43)
(-0.056569903549130406, 5.56656960734878e-44)
(0.34486037963522015, 6.873663017314061e-44)
(-0.42408440180722046, 2.169257367077168e-43)
(0.24737348581913665, 1.1158515771542196e-43)
(0.4533159359267703, 9.072344968440509e-44)
(-0.12752584899307068, 5.321703708728444e-44)
(-0.06698895448183617, 8.122372682114171e-44)
(-0.17314606740594826, 6.224300947087211e-43)
(-0.15053314496180073, 7.03676042597862e-44)
(-0.04475524481556619, 4.148062435104994e-43)
(-0.20098932894095053, 5.433659108312587e-44)
(-0.02287856479751968, 5.625766953884349e-44)
(0.43235086010530643, 1.4308497357818607e-43)
(-0.4830614623251102, 1.1707266743163736e-42)
(-0.05100022862504391, 1.8254293275778948e-43)
(0.1416372074594392, 6.856789096734053e-43)
(0.08799894732847066, 1.1083691042117127e-43)
(-0.05582421769978451, 1.290771173899477e-43)
(-0.34690177500354064, 2.8598745033112593e-43)
(0.45448933368056005, 7.336234339002496e-44)
(0.37005632623600015, 8.189902618593452e-43)
(-0.29681208997931935, 1.0189611022333926e-43)
(-0.13690121943491027, 5.293293415865831e-44)
(-0.19037986830002118, 1.1244251340261512e-43)
(0.06598967892914788, 1.320847673574778e-43)
(-0.08339114603237563, 2.2083959437602142e-43)
(0.3704459146425103, 6.910632204377096e-43)
(0.41895140230617617, 1.6620942732511105e-43)
(-0.13269793542978986, 2.2252152746990506e-43)
(-0.49394990487438384, 3.36667572628209e-43)
(0.08456107116362407, 1.4062990596143526e-43)
(0.4170655360358907, 1.4521032152759258e-43)
(-0.102302978270587, 8.697197611953638e-44)
(0.38583763762873685, 1.8540430856100084e-43)
(0.10770081898128882, 5.254221042764274e-44)
(-0.2533539367472791, 5.196588835791874e-44)
(0.46058084969059465, 1.1628882352883508e-43)
(0.30666421574302016, 3.556077209126489e-43)
(0.3105770912744999, 1.1240098927557571e-43)
(-0.47087917570962945, 2.348978157439391e-43)
(0.45223006228414786, 7.840390745322738e-44)
(-0.16965478850198026, 4.575437533454392e-43)
(0.26191791863772595, 1.2772488012764899e-43)
(-0.1078253649272529, 8.601356173493373e-44)
(0.08333790748474595, 5.603432619500682e-44)
(-0.15439339883270184, 5.98848986876922e-44)
(0.20655894292681612, 5.927189868548423e-43)
(0.023652069484700822, 4.025156068678856e-43)
(0.4590826691007136, 7.356516726030842e-44)
(-0.4587583286690607, 5.196524138320734e-44)
(0.031131914904315106, 5.645423112359216e-44)
(0.15869614912930174, 9.150191119047495e-44)
(0.3626072596186283, 1.5864911893847353e-43)
(0.3604117198017158, 5.641293937168545e-44)
(0.12254417679064343, 8.973593560206864e-43)
(-0.49720804409593244, 1.0910107073920076e-43)
(0.4160857261538132, 2.580305691118303e-43)
(0.45619636364135, 1.2511462504465175e-43)
(0.43136799802259995, 2.0438374718669316e-43)
(-0.09812584258706587, 7.122928555354749e-44)
(-0.08170628928405155, 6.549843694196169e-44)
(0.21530459476489267, 5.890472249796895e-44)
(-0.23679307123457757, 1.9131448184340904e-43)
(0.27059847366345136, 2.569454920131543e-43)
(0.0794347085425301, 7.555565501680535e-44)
(-0.16209918485352842, 7.42719019035948e-44)
(0.36019614468244626, 1.0754281938010222e-43)
(0.3494757506405085, 5.452354216906388e-44)
(0.3262054790310445, 9.44379245327178e-44)
(-0.10360822895334165, 1.343545403751855e-43)
(-0.35471423954328224, 9.815684979565191e-44)
(-0.4181776228192449, 2.28334794771958e-42)
(0.17857162191896825, 9.761433124509926e-44)
(-0.08077102335429502, 5.0582873086648e-44)
(-0.19340208820163948, 9.902513338801959e-43)
(0.03976863171648308, 5.654017141475029e-44)
(-0.10288230615633705, 5.084043688748727e-44)
(0.39658323079157776, 7.128203906352018e-44)
(0.36661161062847586, 6.20790036151595e-44)
(-0.37532690381018763, 4.448611358721061e-43)
(0.22325695976090038, 1.8155450400242782e-43)
(-0.18128477298636314, 1.6726305125468673e-43)
(0.06853394791882887, 6.582175264510548e-44)
(0.09447736927927092, 1.641578159945762e-43)
(0.46528130931095113, 9.624582278949452e-44)
(-0.16425491483051083, 5.160581274072236e-43)
(0.4608362480400098, 1.1382945052379033e-43)
(-0.35408973438404806, 6.966317268822867e-44)
(-0.47757654914784364, 6.114793294372709e-44)
(0.367882418072654, 5.931884982502244e-44)
(-0.4429082430113039, 1.9924802815015553e-43)
(-0.20033002177079748, 5.303517848879798e-44)
(0.2488717268016704, 8.671374682294309e-44)
(0.4835868734095696, 5.683940791849656e-44)
(-0.11927112469311708, 6.190938552360216e-44)
(-0.4169987623683397, 1.5435692363976701e-43)
(0.2689962545957176, 2.7175367840415447e-43)
(0.21143950520537896, 5.909418872018292e-44)
(-0.22136524565705648, 5.637945554884197e-44)
(-0.21898156211082564, 9.791675247279741e-43)
(-0.4217045838986342, 8.069316717947293e-44)
(-0.3260793466919599, 7.5520838433962835e-44)
(0.028444674933833524, 3.749066506718318e-43)
(-0.28425140384911307, 2.4927183064293005e-43)
(0.24857600325179535, 7.825074719855177e-44)
(0.2401359512610139, 5.452317720281696e-44)
(-0.1888264473718418, 1.8671757867320528e-40)
(0.22996233418964687, 1.4632642655832549e-43)
(0.03894701369819132, 2.2829729172968667e-43)
(-0.16541217542189704, 1.98213361457148e-43)
(-0.06773530127794715, 5.150382607005785e-44)
(0.3203006528306671, 2.5043597329606905e-43)
(-0.2684296574780224, 6.219695393148445e-44)
(0.13171067315168664, 7.730438163658605e-44)
(-0.1436705467420208, 3.773261073333233e-43)
(0.13746204394979714, 5.017771178345919e-44)
(0.1338142638613124, 8.968803824786297e-44)
(0.2570746537667652, 5.738468508707412e-44)
(-0.37119441450018903, 5.144424961362615e-44)
(-0.0470320584231259, 1.9283278265034396e-40)
(-0.05753625891096399, 4.971665414371673e-43)
(0.04207998865120096, 5.065362640539816e-44)
(-0.4418995317738933, 1.197610957303733e-43)
(0.15877206318721734, 6.585851171996205e-44)
(-0.2218186185804276, 1.5061019074101767e-43)
(-0.2920325275823416, 3.1554356520603396e-43)
(-0.35934109102466427, 1.0786499697505505e-43)
(-0.11796144014450699, 2.5350247349749235e-43)
(0.16235841027124065, 8.365096586082869e-44)
(0.10268135992352813, 4.122532093476565e-43)
(0.4160452364749177, 1.4443720703551663e-43)
(-0.009020332104556135, 6.057346918370368e-44)
(0.23676460434578414, 6.539248566363963e-44)
(-0.029450656999447024, 2.0099403667585833e-43)
(0.34011786676960254, 1.2218655570240329e-43)
(0.040195735114577844, 5.905570252920724e-44)
(-0.418494782697929, 1.9463092769230774e-43)
(0.4811014920140037, 5.079455863619369e-44)
(0.030415392915785003, 5.401692546474902e-44)
(0.2633724971432441, 9.3213352069253e-44)
(0.4036383047091926, 7.452292342052701e-44)
(-0.1870387275710397, 7.224019194735847e-44)
(-0.345061957741836, 8.885015774559441e-44)
(-0.47561523059088634, 5.114967246042762e-44)
(0.4054648010293826, 1.1628275730878907e-43)
(0.2360410465471181, 1.2986588286073469e-43)
(0.4816869297355258, 2.8492882329480777e-43)
(0.40426084308304105, 5.627605122860925e-44)
(0.08094130068669944, 5.653799630981427e-44)
(0.1714168261617103, 1.0414872425766878e-43)
(0.30470587729385185, 1.4420830384571474e-43)
(0.13391168884548235, 6.594942774202632e-44)
(-0.3520515250909169, 5.062205872771911e-44)
(-0.31725633737557357, 1.710245339812344e-43)
(-0.16399887202384583, 7.271896987350713e-44)
(-0.31285094455367535, 1.0094687880542742e-43)
(-0.34998530295734964, 6.644998875077076e-44)
(0.012412772314027737, 5.18329440513289e-44)
(-0.46714270649127354, 5.837699388275552e-44)
(0.18471521467195065, 1.6696681560562807e-43)
(0.10000956158492898, 5.756191784128621e-44)
(-0.4186258396609975, 3.669102117354474e-43)
(-0.0021224959355297265, 1.0134655667366908e-43)
(-0.16735072463539974, 1.5313840718910561e-43)
(0.3165410467224263, 2.366688942857957e-43)
(-0.2632387459210944, 2.0940991522395394e-43)
(0.35745135860865074, 6.687053061701038e-44)
(0.2334679396761682, 8.369084252645336e-44)
(-0.4949802755354867, 9.65172590997763e-44)
(0.09908293154016458, 1.6413088916823472e-43)
(-0.3861742362807862, 6.798586852836347e-44)
(-0.1997253931886811, 1.0983008743227107e-42)
(0.00404898733696844, 8.500408045497003e-44)
(0.010969122164493613, 9.495957615715913e-44)
(0.15999371621468822, 6.821067991022312e-44)
(-0.21338998669117606, 1.2529797937564806e-43)
(0.4150833052679934, 8.225114924051657e-44)
(-0.30847267020940666, 1.0831005772724319e-42)
(-0.4437070640858001, 6.417220282202856e-44)
(0.2867147829203096, 5.015631659891809e-44)
(-0.029550469978806396, 2.6332706519147566e-43)
(-0.4387231377283594, 1.604548255483248e-43)
(0.05795517950753367, 3.8277732386058396e-41)
(0.39118051035841656, 1.717110315868464e-43)
(0.3686996816512676, 1.987271656261852e-43)
(-0.1989462147133961, 1.0103398049461829e-43)
(0.32311448613406774, 5.742172302489782e-43)
(-0.21851987678538654, 1.415933463502541e-43)
(0.28850224915013417, 5.993800268902124e-44)
(0.08108430916101628, 5.317020362617473e-44)
(-0.3645180497776349, 6.942507255587312e-44)
(0.11497313022521838, 1.3179661577961523e-43)
(0.17759582280488523, 8.029281927913937e-44)
(-0.2531632120868574, 1.0990432291402574e-43)
(-0.10105900361301605, 5.764000331087311e-44)
(0.05682476205389132, 3.4981203510213188e-43)
(0.15275267330853062, 3.289082959831994e-43)
(0.1459940783652045, 1.0337570960452178e-43)
(-0.11876919153462719, 3.692456124020817e-43)
(-0.45327575560625594, 6.429415249765311e-44)
(0.10739567076289651, 5.245108118770458e-44)
(-0.48085980072114115, 8.002903832995328e-44)
(-0.0895090880024566, 9.997539444228702e-44)
(0.4897597218579027, 6.599413996094423e-44)
(-0.17530843742359686, 6.314791368094668e-44)
(0.39798625937587473, 6.116788509017305e-44)
(-0.18190492041601497, 7.303742820647139e-44)
(-0.012837120597092367, 5.509563618598271e-44)
(-0.3577661429719482, 9.5177923096968e-43)
(-0.0980803680103373, 1.1484194982683813e-43)
(0.057655156858048826, 1.1367088863967363e-43)
(-0.4276182395151597, 3.914341038170515e-43)
(-0.3766335793359342, 3.3838573946558248e-43)
(-0.32897896137790206, 1.0843211620232552e-43)
(-0.09386521939766296, 5.133054055830702e-44)
(0.2214420047587697, 8.066078376571154e-43)
(0.09230711198365318, 1.6415339432139697e-43)
(-0.18693079153697642, 1.9768009089282773e-43)
(-0.4486439577434449, 8.43635696446766e-44)
(-0.2978963859167818, 1.5836867859488454e-43)
(0.32078262740683205, 5.213470004188339e-44)
(0.342300249290704, 5.654494002535568e-44)
(0.016720489244429596, 5.840951540479731e-44)
(-0.3472000176497338, 1.6513469908792915e-43)
(-0.4459426206786299, 1.1090199869700968e-43)
(0.24363299787009904, 5.758367875446263e-44)
(-0.003103319871407788, 3.904587108774525e-43)
(0.489958374098194, 1.6378213290248092e-42)
(-0.21612121758822775, 8.948425360094989e-44)
(-0.10099019750415543, 2.4337378081756505e-43)
(-0.24447737970418956, 6.486288465683938e-44)
(-0.33822127584005984, 8.141298403791154e-44)
(0.24486394435354591, 5.979713736926309e-44)
(-0.2499692261501666, 1.2061803221942434e-43)
(0.1614689357029936, 1.4999082249937573e-43)
(0.3582191298573388, 4.962302706358629e-43)
(-0.16354443550139489, 5.831442455114672e-44)
(-0.3683896703699676, 5.200506059311993e-44)
(-0.023411140135553465, 5.056317459417259e-44)
(-0.09496186699346476, 8.733714806287726e-44)
(-0.24989140889005534, 1.3722276808724414e-42)
(-0.4739905534331814, 9.361758953668474e-44)
(0.404055126583107, 8.305290142843651e-44)
(-0.33616813267300144, 8.374356261312872e-44)
(0.3272111270237944, 9.02488023485537e-44)
(-0.03737172770734493, 2.322527175883144e-43)
(0.27785318688788857, 5.329733485827317e-44)
(0.1353774891151282, 5.81807119037821e-44)
(0.42284197101308796, 1.8032532697593385e-43)
(-0.02939822477289771, 1.5440325607561082e-43)
(-0.3555517329938409, 2.5417513336921006e-43)
(0.42495619834607523, 5.3563889042688245e-42)
(-0.42980658805266114, 1.0941952531910293e-43)
(-0.15784774376842614, 6.732135306322027e-44)
(-0.2572660608107667, 2.1686139773410298e-43)
(0.31813295091966975, 1.7928034676030496e-43)
(0.20190836027841652, 1.4630644436954516e-42)
(-0.4819667474912137, 5.965104572020043e-44)
(-0.3938829414079439, 1.0265859849287587e-43)
(-0.15848622920346128, 1.5681707106227164e-43)
(-0.47032433098744164, 1.0180430498831432e-43)
(-0.04713439376581374, 4.714318077992797e-43)
(0.09278984879223935, 1.9473597094347943e-43)
(0.07898358021586825, 6.005087875159839e-44)
(0.08859387005599124, 1.4403393047039403e-43)
(0.423671659668841, 5.620111881720456e-44)
(-0.32669881109572707, 7.889001525870298e-44)
(-0.008263037815341526, 1.1033371113550756e-43)
(0.21018902070407, 1.5540935933289606e-43)
(0.29275184637525375, 3.2427608811859546e-43)
(0.039978558682692344, 1.017266162953808e-43)
(-0.22546531039098613, 6.65682191865259e-44)
(0.006650430648143837, 1.0796119629117686e-43)
(0.2744071314234496, 1.944336801504117e-43)
(0.23680045617081602, 5.695225393476604e-44)
(-0.3337097859021451, 2.6507040100322364e-43)
(-0.1581251453621514, 8.520829031529184e-44)
(-0.09917301412873546, 6.348916515266264e-44)
(0.02390849155134505, 1.0658330361357535e-42)
(0.21473849728711594, 1.6643352647111902e-43)
(-0.21877428655687156, 2.235796596801126e-43)
(-0.07139249448576057, 3.722572704775767e-43)
(-0.3629695522113671, 5.038884643111254e-44)
(0.16989663867433236, 5.323979589975445e-44)
(-0.04723087056041143, 5.107030669189891e-43)
(-0.3799159547488623, 6.160977200587652e-44)
(0.36410796965237585, 2.057544132899784e-43)
(0.044304326024000334, 1.2092548254203511e-43)
(0.16001176817550852, 8.852531961523683e-44)
(0.03672641904488142, 7.475243023593035e-44)
(-0.031036984212781275, 2.086963653809593e-43)
(-0.25540113479983784, 1.3524007559644957e-42)
(-0.15002281951319796, 6.217493791962452e-44)
(0.21041682865672653, 5.466083487524966e-44)
(-0.147122680322516, 2.495880837498066e-43)
(0.38981028707686305, 1.7588653618156502e-43)
(-0.39114481982779076, 7.336573608798427e-44)
(0.2902226418599243, 1.3908529323576668e-43)
(0.22423472984604237, 2.091028946711178e-43)
(-0.02418798225562073, 1.6308106235997156e-42)
(0.3333229549772703, 1.0868958255837691e-43)
(0.27181430636612486, 5.263910090232895e-44)
(0.058621898957821925, 6.935603258462446e-44)
(-0.20698927770915865, 3.80340470852221e-43)
(-0.19275982523918075, 2.315875899547183e-43)
(0.06993231838326358, 9.055438985871019e-44)
(0.0738454010740388, 7.059989120138144e-44)
(0.33294131353498296, 6.885904966330641e-44)
(-0.39526709743651517, 1.323316841774771e-43)
(0.01005505015796107, 5.464593132993513e-44)
(0.08558663234817226, 5.258680851930256e-44)
(-0.3777542285790407, 1.3017172323724115e-43)
(0.4275041698917582, 3.6960456188922196e-43)
(0.2569135805684688, 7.273375667392593e-43)
(0.47604661636936185, 1.6257359594273788e-43)
(0.2127359954805903, 5.222723684966936e-44)
(-0.349288919549538, 7.107570234038375e-44)
(-0.06696091639199325, 2.3689092994477496e-43)
(0.35628021391709336, 5.283343281060487e-44)
(0.4756740421705257, 9.847514138860806e-43)
(-0.40641511288571025, 6.060859889125662e-44)
(0.30596880277128125, 1.0662753574708972e-43)
(0.1271714053056051, 5.093322822459987e-44)
(-0.31749963456179825, 9.601131638251264e-44)
(-0.39383792735792966, 4.0764460750539296e-43)
(0.44099706918774983, 7.855531770376406e-43)
(0.16814524899064073, 1.9863802007631694e-42)
(-0.32761896704569093, 9.750477554627793e-44)
(-0.3120599037290317, 8.962855025716447e-44)
(0.1840935461334658, 6.824622304256152e-44)
(-0.4182345750162468, 7.718215955275007e-44)
(0.2470496261677396, 2.8333159939680293e-43)
(-0.30892199904697537, 6.172925112846471e-44)
(-0.22352903753658593, 5.494887026525962e-44)
(0.1100456243569024, 1.1513695356415393e-42)
(-0.14692631181175328, 5.2269223914403557e-42)
(0.2652692656146521, 1.2757160272491942e-43)
(0.06405383717981752, 8.734000202161249e-44)
(-0.40125406640065786, 5.24196309667721e-44)
(-0.3947254150119865, 8.30563451170517e-43)
(0.02916419825607862, 1.1096131124260727e-42)
(0.49045926154705516, 8.948584565576395e-44)
(-0.4560441141379725, 2.0687210596893584e-43)
(0.025580091968314705, 2.8308286968020928e-43)
(0.33123109391988936, 1.8010709991271267e-43)
(-0.25516806926946234, 4.3382745429641165e-43)
(0.08904168703153811, 2.2528218511775323e-43)
(-0.4023782379949824, 1.3689502123639523e-43)
(0.15493627842506175, 6.735869533352642e-44)
(-0.20344258826216824, 5.642521144550648e-44)
(0.3041313116499376, 5.301336040269111e-44)
(0.3927424318786129, 1.0313805050691547e-43)
(-0.04454507220769397, 1.6554160046897892e-43)
(-0.1103084199924501, 9.295340353937074e-44)
(0.356396592960154, 4.087275888580869e-43)
(0.049590240593870905, 5.995463184188711e-44)
(0.03933112939740063, 1.0232538276539382e-43)
(-0.4450724524925353, 5.828022097075192e-44)
(0.009323336899841073, 3.3858935420723666e-43)
(0.22833993866232122, 5.973851836978737e-44)
(0.2209180957472606, 9.97560734882806e-44)
(-0.24381819223779738, 1.3010045257781092e-42)
(-0.30661341045754065, 1.231677107619881e-43)
(0.09248216965494867, 3.5980401246465e-43)
(0.3970640309305185, 7.372945529608439e-44)
(-0.2215010014429531, 3.9641610283113135e-43)
(0.49816712447511596, 7.137402169471347e-44)
(0.1634015723223035, 1.0949249630394366e-42)
(0.25596734541524946, 2.278432133841939e-43)
(-0.2313974001829176, 2.153664157899269e-43)
(-0.2813984305150759, 1.6563794493656815e-43)
(0.07340776476075808, 1.9545888913268327e-43)
(0.04105459713987045, 1.2308513818891112e-43)
(-0.004629555281204208, 6.983674648750376e-44)
(0.4845980702356923, 6.628210293187468e-44)
(-0.3300864262340275, 1.0331180918216377e-42)
(-0.2432161362399617, 4.8524724687779004e-43)
(-0.19785464907686265, 5.726916896899396e-44)
(0.20407400889588276, 1.4864088264605796e-43)
(-0.35923164244195244, 1.1197614537562658e-43)
(-0.11407378544822602, 7.369010629238113e-44)
(-0.13124162832949252, 5.472905831109013e-43)
(-0.4234344170846697, 1.6688930259681188e-43)
(-0.1604917614401595, 6.183349388824212e-44)
(0.36516761095433253, 1.2541279345841774e-43)
(0.4000453419490896, 1.794184061364579e-43)
(0.23162948651546936, 3.4320566712481146e-43)
(-0.010376847084742855, 5.068368091511209e-44)
(-0.035211059163816706, 7.556539861161814e-44)
(0.03932694353526326, 2.253046646612758e-43)
(-0.12732815807807576, 2.020208902074591e-42)
(0.34780013279185396, 3.843006821519896e-43)
(0.4189228572900759, 5.304528086293815e-44)
(-0.4114461692513654, 7.743041306015014e-44)
(0.01870966625188886, 2.5810082749093294e-43)
(0.156202722918384, 4.493233466806299e-43)
(-0.3484214638943646, 2.78390854814477e-43)
(0.4479298396940076, 7.622435303254373e-44)
(-0.11389338293502897, 5.105763372749319e-44)
(-0.3409697897768671, 8.154261611243176e-44)
(0.09577473284146797, 2.7608354981887804e-43)
(0.34098937238191984, 1.5091727517884666e-43)
(-0.268396055706186, 4.861729328177717e-43)
(0.07808060984901566, 1.2718319765034308e-43)
(0.06585314444250441, 1.288804592808756e-43)
(-0.47782426608813733, 6.203750504919555e-44)
(0.07822694687177437, 6.186986521666467e-44)
(0.059646757751619484, 2.992244018441171e-42)
(-0.49458752955573565, 5.523045967006641e-44)
(0.2628101455221887, 7.515639206290755e-44)
(0.4134848970074722, 5.668484158520321e-44)
(-0.10474399625227207, 1.4132998900879592e-43)
(0.15038892394015244, 8.12661345409552e-44)
(0.45910902252830266, 5.766055258311092e-44)
(0.42638466345476195, 2.1235464796416846e-43)
(-0.48184131775890227, 9.36103505140351e-44)
(0.21083390698390417, 5.850961324178535e-44)
(-0.2546863426289642, 6.512071391471981e-44)
(0.11774455265658865, 1.9390439959212763e-43)
(-0.3182955092988194, 5.132478450241791e-44)
(0.2692290314940086, 9.934726673320694e-44)
(-0.04653183281259559, 5.064152527168986e-44)
(0.18609163236835735, 6.847174633095126e-44)
(0.1637346114473899, 2.4303769450827134e-43)
(0.02449828281610623, 3.79916385295674e-43)
(0.4963671797276361, 8.414664719136156e-44)
(-0.28737566313064283, 1.0015166034529802e-43)
(0.47742710149912154, 5.471237782972082e-44)
(-0.25320164567958475, 1.2393499351949744e-42)
(0.22054037478193086, 9.571263221173195e-44)
(0.314034037590347, 3.858299969393206e-43)
(0.12860266252950536, 9.999434120281264e-44)
(-0.2918406906922776, 5.529791079449965e-44)
(0.44154831254264454, 5.869720063729512e-44)
(-0.13772469848687596, 2.124601526339431e-43)
(0.4006663640082151, 5.953459383856233e-44)
(-0.33557854355840283, 6.250023729145429e-44)
(0.3392826455334425, 2.6357453814787165e-43)
(0.04558574407105544, 7.737598346882526e-44)
(-0.46976727432303134, 8.255281335137992e-44)
(-0.4552297297083317, 7.69876019097568e-44)
(-0.24454483389456, 6.190236824399802e-44)
(-0.40858919450082626, 1.8247541151474212e-43)
(-0.1498651490079084, 7.260285033147013e-44)
(-0.29590703397568235, 1.4189222392858045e-43)
(-0.34015217819638427, 1.527150561910843e-43)
(0.29734957173737847, 7.18167896156664e-44)
(0.33673789634058965, 7.261050683109519e-44)
(0.16377041458800282, 6.063620926615054e-44)
(-0.48789310035975264, 9.038956782421326e-44)
(0.19100462548454736, 6.786111592216273e-42)
(-0.31869038407343153, 1.127053539609837e-43)
(-0.23310799254573916, 1.0836243083636333e-41)
(0.0781859024958751, 2.1136528376336677e-43)
(0.22751213605571444, 5.076280388921183e-44)
(-0.3860667294847929, 1.0271284567810707e-43)
(-0.21842909109881123, 4.179654735349414e-43)
(-0.3923192613765592, 2.1026354424514993e-43)
(-0.3165097903764967, 4.78963330857356e-43)
(-0.0973079991240817, 5.774095293823484e-44)
(-0.3428931870015988, 6.031751898765283e-44)
(0.21239724671776206, 2.0442754690158762e-43)
(-0.29402621856364786, 1.3152277023231689e-43)
(-0.09086883597294344, 5.470116229561366e-44)
(-0.41516867887615505, 1.905813986389907e-43)
(-0.22842193994320814, 7.189155144717535e-44)
(-0.4521320599898552, 8.666112244234245e-43)
(0.43610903468516193, 9.184314683540851e-44)
(0.4531299839103552, 1.5272678313329493e-43)
(-0.1690618053420034, 8.488287125225102e-44)
(-0.12891174331073113, 1.8727638657164696e-43)
(0.31410864717573733, 5.457247854232187e-44)
(-0.04114934464114166, 1.923005762632602e-43)
(-0.38720993522072344, 3.928888327100743e-43)
(0.35948561048755634, 9.688255798487698e-44)
(0.3519135177791413, 9.974891381377605e-44)
(0.09355751099991702, 4.5891669039148355e-43)
(0.14111036316385164, 1.8678117349180745e-43)
(-0.3699523030873345, 9.866176401504243e-43)
(0.32351104201890274, 1.0322160701288356e-43)
(0.013451395776545853, 2.5123111300667338e-43)
(0.3093699267917604, 1.656997518469628e-42)
(0.15195478718109404, 5.200151127349925e-44)
(-0.4793029641295088, 1.1773895901895811e-43)
(0.4339973312717729, 5.478602139904432e-44)
(-0.026433144479301927, 6.658341723438626e-44)
(0.1848848131923665, 7.843210179516737e-44)
(0.20679819948825245, 5.852135599516031e-44)
(-0.48809163887069396, 5.982257325284497e-44)
(-0.3067398411286979, 6.048199976094671e-44)
(-0.07255290068167651, 5.365988454933045e-44)
(0.19503802831139394, 6.053296253766909e-44)
(0.3089026693537818, 3.672631711098931e-43)
(-0.2505797579179566, 1.031473577435992e-43)
(0.07179548010400022, 5.077269119421132e-44)
(0.01027894245843205, 1.5129419501202448e-43)
(0.05577325471325984, 5.801089314601529e-44)
(-0.49019568910646527, 1.716862970172094e-42)
(-0.09400028203153449, 2.021095068866984e-43)
(0.3536175901715381, 7.12581143898574e-44)
(-0.4701659464205627, 1.2073768606875173e-43)
(0.04727242669340913, 7.607001545689447e-44)
(-0.041864380837670606, 1.1328023950776388e-42)
(-0.20547624576571882, 5.272198103451338e-44)
(-0.4801412034183705, 1.5091742984940698e-42)
(-0.1251963167575981, 2.191087746715375e-43)
(0.2130127882951466, 5.604041175019196e-44)
(-0.417410539869539, 6.9818463129849425e-44)
(0.07486013307233289, 8.083557047076584e-44)
(0.4340000193119654, 5.584078139190301e-44)
(-0.39289728919477834, 1.7166680670267555e-42)
(-0.21128822043966422, 9.641384300053586e-44)
(-0.45065635893267103, 7.024116525469688e-44)
(-0.48886715347822485, 2.028778611212753e-43)
(0.3646920536153449, 1.1746368809807548e-43)
(0.4695805140932837, 1.545315019693729e-43)
(0.04239654717834875, 1.6247349151288893e-43)
(-0.27060906883953983, 6.73015984181335e-44)
(0.04854653994283766, 1.5525952305451737e-43)
(-0.0799432032717071, 1.0542777863570023e-43)
(0.22692659539684748, 1.0134444771156217e-43)
(0.48260543427186114, 6.7538873226428e-44)
(-0.14119028844771137, 2.0701486449706225e-43)
(-0.31800390906296694, 5.046456289713802e-44)
(-0.19434955717697672, 5.979297520398835e-43)
(0.1231833871958047, 7.054676198492006e-44)
(-0.253730499301338, 7.681357173702271e-44)
(0.2555341764255738, 6.925033587192325e-44)
(-0.4363609265699788, 1.6721404134053816e-43)
(0.18154996072024573, 7.496707083921775e-44)
(-0.004341445304831882, 6.115646911899185e-44)
(0.20548375743772737, 6.934121471696197e-44)
(-0.44891313363919383, 1.6538817665768865e-43)
(0.1464051989021526, 3.3044562336623154e-43)
(-0.358768715130736, 1.1612049295502309e-43)
(-0.44611482335960523, 4.15925990593249e-43)
(-0.42047635822903073, 1.5816804723521796e-43)
(0.20528892918045338, 1.0396043132390246e-43)
(-0.057303760208030505, 2.8582902906727613e-43)
(-0.3347661741149447, 3.835779861893022e-43)
(0.48348600283157517, 1.1120939854986777e-43)
(-0.003110418368657763, 6.958624147901968e-44)
(0.36815844052268437, 8.790597535753698e-43)
(0.014941613471023579, 6.948009060953486e-44)
(0.3193623316820854, 1.122708465091082e-43)
(0.16420541953740753, 2.1194862118709588e-43)
(0.3990751796546753, 7.193298822981998e-44)
(-0.2841546836027958, 6.544626847789427e-44)
(0.3590186092947652, 8.693876143032103e-44)
(-0.41616925373214037, 9.790845320460322e-43)
(-0.40744764584785403, 1.3342801006921783e-43)
(-0.4626704262963071, 1.0401581264807603e-43)
(0.35264453744782154, 6.768309890131573e-44)
(0.2650563611813923, 1.8880984946334387e-43)
(-0.11040039062976827, 1.0821489124129996e-43)
(0.0033941597836630636, 1.0624367306495374e-43)
(0.2115059647194199, 1.9451993395134883e-43)
(-0.07217897932621464, 7.399045528483226e-44)
(0.38520375622827224, 8.136586612337897e-44)
(0.014333898224593342, 1.1228416246207899e-43)
(-0.08368023071586171, 6.613620253490125e-43)
(-0.20517586894984877, 5.741013897888121e-44)
(-0.07141129498673211, 1.628670307582959e-43)
(-0.2588228631340292, 1.9831791923645237e-43)
(-0.3708427173680062, 3.650363449818257e-43)
(0.32555399170297905, 8.391174267196538e-44)
(-0.04249601364366181, 1.6516269302643314e-43)
(-0.3498794880691814, 1.2063895304229658e-43)
(0.42899980334704346, 1.107540739250005e-43)
(0.14869678274996384, 5.564832073837723e-44)
(0.07478573205164529, 7.753101286039636e-44)
(-0.4543482364939218, 5.108887970114751e-44)
(-0.42160197802698446, 9.14647029122971e-44)
(0.21287358457011998, 5.798108744010439e-44)
(0.0055939258941021695, 5.902625667401154e-44)
(-0.06363305828701961, 2.2653360273929785e-43)
(-0.03889317494878997, 1.0381960790223027e-43)
(-0.29911811895333584, 1.6660020151438023e-43)
(0.032898034284404465, 1.023971698261419e-43)
(-0.36953351172822213, 8.381317750301996e-44)
(-0.15063044624380392, 5.089933672149724e-44)
(0.05748624873352428, 2.3741498642370497e-43)
(0.42194935867229344, 6.664217549209529e-44)
(-0.31353849234844045, 1.1800187345110405e-43)
(-0.2872944544473639, 1.6721100019737403e-43)
(-0.3004014184257492, 8.477624029459845e-44)
(-0.061666091814007895, 1.9391676261906842e-42)
(0.363846419775253, 5.576157164724101e-44)
(0.008589653418090865, 1.4150677428056337e-43)
(-0.3491817012535885, 7.31843237167457e-44)
(0.04021615823681931, 9.65946456743572e-44)
(0.3857662174996527, 1.0933011291865822e-42)
(-0.06102438096962846, 5.887055333682202e-44)
(-0.01638445692791089, 5.384725576387386e-44)
(-0.13471729530381868, 3.3410854245977577e-43)
(0.35146529117158737, 7.80716302249076e-43)
(-0.15678755673742023, 2.909568409952458e-43)
(0.2981962874010971, 4.638580862206625e-43)
(-0.10186414132856057, 6.018359905486205e-44)
(-0.14064540796910335, 7.433820262777072e-44)
(0.12764756395120985, 9.126761696278761e-44)
(0.040504253702750403, 2.2921410611801026e-43)
(0.4437097461372883, 5.2211036843823e-44)
(-0.4058592554578192, 1.621645761626299e-43)
(0.2489808359491011, 8.623808472880496e-44)
(-0.21802251986036783, 8.867402413549344e-44)
(0.26923336549759574, 1.5778357985619125e-43)
(0.22864705405047772, 6.219174111261983e-44)
(0.19010320987884544, 1.490631823427472e-43)
(0.11973530537765643, 7.519926866154321e-44)
(-0.07151638633820703, 5.982072908421069e-44)
(0.11517156140222715, 5.426786472271907e-44)
(-0.16009394442133787, 1.2990974004989803e-43)
(-0.39669220082538265, 4.592657015011969e-43)
(-0.0924732782156647, 1.2658032070369678e-43)
(-0.08824206980399654, 3.877600434224368e-43)
(0.00824078086162688, 1.2336753430641718e-43)
(-0.346802743416337, 4.7200586848969446e-43)
(-0.20671969516278438, 9.296687089111807e-44)
(-0.2726563808055898, 4.011218609089842e-43)
(0.017815233756387522, 6.556883073844092e-44)
(0.09018848399757909, 9.329949151796372e-44)
(-0.2741150807352885, 1.083894582116662e-43)
(0.2504961792346898, 1.109018218698482e-43)
(-0.1591768182511432, 5.570367264415302e-44)
(0.11712913058370335, 6.346983204838763e-44)
(-0.04568274745929559, 4.644018684104496e-43)
(0.3442320912661088, 6.08601929520638e-44)
(0.4864920087325357, 1.1655999857681072e-43)
(0.3635575214474095, 9.814115809703878e-44)
(-0.07910111943616249, 7.153880166650402e-44)
(0.42051371623604084, 1.47609360443573e-43)
(0.13806617946478145, 6.98976343753024e-44)
(-0.19739261524929266, 6.3954186278450304e-43)
(-0.16533708922221454, 5.442364523103638e-44)
(0.12227806824367302, 1.0268790104940374e-43)
(-0.45119440968423213, 6.930796033981536e-44)
(0.243848212992554, 1.297353945974131e-43)
(0.33979418929690547, 3.010210872812226e-43)
(0.20003861212508692, 1.3220986095034349e-43)
(-0.15337324054214724, 8.870823289526816e-44)
(0.10595286462550015, 1.7120628015625038e-43)
(0.245581776908474, 5.755094794454059e-44)
(0.35300180158980765, 5.593546772717618e-44)
(0.3766821666545212, 7.213499006926861e-44)
(0.05847275923239066, 6.102674395407345e-44)
(0.4754513974677886, 3.2950600406173764e-43)
(-0.14216815797169483, 9.697176079449183e-44)
(-0.46585320655112905, 1.309628422213117e-43)
(-0.33243605862498915, 1.0267034980161138e-43)
(0.37891298073350865, 1.350113273718568e-43)
(-0.2313373476621475, 6.794315191694409e-43)
(-0.3385521831158288, 1.7676444191983629e-43)
(-0.17514933984179493, 7.313300469710293e-44)
(-0.0571835353057698, 5.379694258435842e-44)
(-0.1006661828538657, 3.983004353525729e-42)
(-0.3729025716510416, 3.032867896869906e-43)
(-0.47979806048873586, 1.14635443218033e-43)
(0.10567041771026894, 1.3023011247470141e-43)
(-0.18091651417815227, 5.105682244194399e-44)
(-0.3710006303155661, 3.001678828084667e-43)
(-0.4813218816393111, 1.096326759141899e-43)
(-0.32699335311729494, 6.398188292828143e-44)
(-0.2911041676671758, 8.004519007466153e-43)
(0.2778866834110298, 5.100713459092496e-44)
(0.16900499078932169, 5.497686227332092e-44)
(0.1413766183263972, 1.2886241323769281e-43)
(-0.007697977419151814, 6.208863200834744e-43)
(0.19220641916904713, 2.0607106557168175e-43)
(-0.307588771753855, 5.40860355580332e-44)
(-0.08697870166761539, 1.3972830709226125e-43)
(0.4023083223325886, 9.011474219999192e-44)
(0.08505924426594733, 2.1489178442377475e-43)
(-0.3496547101148073, 6.79036365759824e-44)
(0.07992784954776971, 6.352079378264533e-44)
(-0.09520578290865311, 5.154509527306215e-44)
(0.32196446170806153, 6.174607586079768e-44)
(0.4182762750692652, 6.444931513208258e-44)
(0.1066205544253525, 1.164746240808761e-43)
(0.30815552765404547, 7.447449321135866e-44)
(0.17684550594340254, 1.6360728624052563e-43)
(0.38227086347561173, 5.153283966030671e-43)
(0.4193854347275359, 5.671136720430636e-44)
(-0.07809152713598794, 7.372574308255315e-44)
(0.41383215245219007, 5.846858603887581e-44)
(0.31404654132900506, 1.1299354349453826e-43)
(0.4028795963978797, 9.535626202697967e-44)
(0.23066600933753964, 7.229783042525546e-44)
(-0.2599852934227621, 8.677579446815834e-44)
(0.44820389142754274, 3.18483833218263e-43)
(0.37437170091540967, 6.084860408862087e-44)
(0.07416626394124688, 1.4373639921847732e-43)
(0.24129761094002658, 6.837389917613387e-44)
(-0.2900995522698135, 2.5659921456135803e-43)
(-0.4853859613138338, 5.06986812455131e-44)
(0.13677371885944767, 1.2262830209027009e-43)
(-0.04136972139443042, 6.848996917460786e-44)
(-0.38681343419924813, 1.6893775436855602e-42)
(-0.18214820166493018, 8.470666437810872e-44)
(0.4630379982988486, 8.924496719043144e-44)
(-0.09046764243014992, 6.185754192652595e-44)
(-0.1944859781313741, 1.0040198936608538e-43)
(0.15138289900044627, 9.601294684838273e-44)
(0.36968242436709076, 1.5550351125505261e-43)
(-0.37830335671826393, 9.902234526535963e-44)
(0.0005063270935796277, 6.780287393012792e-44)
(-0.02583437687172066, 3.6748411034389145e-43)
(0.39706454900990024, 1.4337829538876643e-43)
(-0.1154073003391884, 3.743668641210099e-43)
(-0.4893438243201479, 3.39171101225737e-43)
(0.026314701168788025, 7.882012284971242e-44)
(-0.11640934862473552, 8.439397830276628e-44)
(0.31914763081358677, 5.583035929543529e-44)
(-0.0031488213110563786, 1.5159276477516827e-43)
(-0.47940705174522347, 2.4082744013268962e-43)
(0.16830080066118713, 3.021415080182048e-43)
(0.24844444270013663, 6.365536478828296e-44)
(-0.249175795011496, 5.624603692906677e-44)
(-0.48684089420759036, 1.122305954958398e-42)
(-0.21624973728451508, 4.6250974896815614e-43)
(0.31427698657110115, 1.4181861894066736e-43)
(0.2552384092006486, 5.227327970775777e-44)
(-0.42914097057134165, 1.2169566952958755e-43)
(0.4520962092625886, 8.344983688270624e-44)
(0.4385362105776665, 8.943304344297187e-44)
(0.018633952204188373, 2.3204373439243325e-43)
(0.13761528882603086, 2.338129309004241e-43)
(-0.45020926131238687, 1.0001906619188261e-43)
(-0.08260595408287441, 8.630917434099522e-44)
(-0.14665616242383003, 1.0584207088837061e-43)
(0.01558205122216915, 4.51599397539609e-43)
(-0.09616330211282906, 6.290275723047812e-44)
(0.09785300194254208, 1.8608454757433905e-43)
(0.35900627357701287, 5.197710592003097e-43)
(-0.39351853526889485, 9.829844455048005e-44)
(-0.44855752820813716, 1.051007967061242e-43)
(0.25767686371493564, 9.580681479343555e-44)
(-0.036712107099550396, 7.984183475033459e-44)
(-0.277102580801338, 4.826342976772819e-42)
(-0.23846350352653892, 5.224591047806002e-44)
(-0.39256497417668024, 8.817022338989221e-44)
(0.19213614738235008, 5.755362580942762e-43)
(-0.1759488023602825, 4.787051602971715e-43)
(-0.042201227033662914, 8.45077718769312e-44)
(0.3885690009100219, 7.621044939876476e-44)
(-0.0867401147271541, 1.9639877881020597e-43)
(-0.08429211206774877, 8.989259840719963e-44)
(0.45270671259031653, 5.166879371052068e-43)
(0.34080965393795015, 5.307420862718965e-44)
(-0.12831884471318583, 6.297790305904962e-44)
(-0.07406612743110053, 3.780027838363681e-43)
(-0.19437989900675925, 9.429822562657722e-44)
(-0.3558197895798834, 3.4349659735709345e-43)
(0.3374418630327101, 1.4672313314573816e-43)
(0.33228654828814885, 8.149660686064052e-44)
(-0.1978464818706613, 5.83106749428483e-44)
(0.1476449827906997, 1.8918160956934754e-41)
(0.15219410786626117, 2.2492577454351702e-43)
(0.4137173139499698, 6.295465473754216e-44)
(0.11889631524275093, 1.8832288615650216e-43)
(-0.45747271530247663, 5.215637680054559e-44)
(0.4666445834036259, 1.0782276404250094e-43)
(0.0538502920888938, 1.7252896349353532e-43)
(-0.4737753479524942, 3.1582686806786306e-43)
(0.42003504694226146, 5.856967304151523e-44)
(0.35810543634296965, 9.329027346077916e-44)
(0.30556179733859035, 1.358877534196418e-43)
(-0.13027228514764244, 1.37377466688624e-43)
(0.21677118977341522, 6.066248042145686e-44)
(-0.17561684707722697, 1.2470087032877637e-43)
(0.42105952947128844, 1.271273747759332e-43)
(-0.22536888755724713, 9.456296859823972e-44)
(-0.45199054583607473, 6.344001532281787e-44)
(0.25801641568977574, 8.537533325294675e-44)
(-0.04433242264518753, 1.1410960641061366e-43)
(-0.21813098040360376, 6.216471710661212e-44)
(-0.3952276456938848, 1.5845316555137724e-43)
(-0.10801279149602104, 2.2532697239492597e-43)
(-0.25692867011193876, 1.0254273351305126e-43)
(0.09052553609372255, 3.2906061758894694e-43)
(-0.16741117156552143, 1.487292503759896e-43)
(-0.0993840444182106, 5.40488623363483e-44)
(0.29899189920955577, 4.801224305838285e-43)
(0.3795064661892906, 1.1279849212864359e-43)
(0.028231441887331357, 8.187065483989384e-44)
(-0.4853390678540913, 7.576288735799105e-44)
(-0.04485410754234524, 5.563031054947419e-44)
(-0.06949104683565714, 3.931078667422324e-43)
(0.0841824886390703, 6.431980683993134e-44)
(-0.31032362540722047, 6.285450201397828e-44)
(-0.4274085941677113, 1.0809046254489348e-43)
(-0.40487695574840665, 5.496834675087173e-44)
(-0.30569714725279734, 9.991145187986843e-44)
(0.10868365262616529, 4.252310451857234e-43)
(-0.2219634107841256, 2.463374567367632e-42)
(-0.3996647760883636, 1.3288231266468556e-43)
(0.47242788112761913, 5.132534566883527e-44)
(-0.4583078232573048, 2.79828002420315e-43)
(-0.25981312770686543, 5.065866604341131e-43)
(-0.4903503901942062, 5.276642555818537e-44)
(0.4143716297810965, 5.762458331923716e-44)
(-0.44813346450444924, 5.798554416594335e-44)
(-0.47412731175563794, 5.043490119964687e-44)
(0.0007751712348397752, 3.846047896057575e-43)
(0.12090972573255616, 8.904217163426986e-44)
(-0.0789781528424294, 5.515642619107742e-44)
(0.4591910233984758, 7.030100225592456e-44)
(-0.36828672215519676, 9.396499629429603e-44)
(0.09532784624534309, 3.719530801553708e-43)
(-0.3631853721905386, 5.731778202626035e-44)
(-0.16280755254189866, 8.812874066203539e-44)
(-0.2622287099804004, 2.245166400640017e-43)
(0.09840737242771937, 1.0486287234855015e-43)
(-0.29187977728923975, 6.963039995267348e-44)
(0.16872590900364057, 6.606808606227917e-44)
(0.3867704824898995, 5.498581291356672e-44)
(0.07980298213299387, 2.6262405672437844e-42)
(0.45842324948924656, 5.190006363651933e-44)
(-0.03689918620281323, 5.824669161826647e-44)
