(0.8602833541140027, -0.016701612113042386)
(0.4346442926738855, -0.0033285910301573776)
(0.04812147556390978, -0.17216042172229118)
(0.4170972117218969, -0.0010457402376613718)
(0.043442408028216944, -7.799687148575482e-05)
(0.1071236177805908, -0.000420742116294518)
(0.4989025507951857, -0.00027596431006657345)
(0.44402715661458614, -0.0027736187976404813)
(0.5800414350184546, -0.00026380727666487576)
(0.8533822958813179, -0.00012238314010087822)
(0.8092245299487646, -0.000296366278324806)
(0.7063785340905243, -0.0007309119313349562)
(0.14222366089791716, -0.004895887182442402)
(0.6489600739088811, -0.00040394717457022046)
(0.6989147864624801, -0.009123632819339658)
(0.8571403709756374, -0.0037230831632229957)
(0.5144265769053864, -0.00028514729849684874)
(0.40879198761741165, -0.0004181987354580532)
(0.12715290690539097, -0.0033933683369961917)
(0.038130688131152314, -0.0009167456044391955)
(0.23079020715722973, -0.001791421678161993)
(0.6670393892433704, -0.00030982201895297554)
(0.348606358662588, -0.00269803520141501)
(0.43267928934093497, -0.0002714347223900216)
(0.6601051438645092, -0.46132012519679605)
(0.0906571495547352, -0.001104280992588718)
(0.16062336661918392, -0.00015267160125782681)
(0.4876884846137946, -0.047928321217949515)
(0.5751910103670255, -0.0011756078475338905)
(0.13810363066392228, -0.0001584526549887093)
(0.32152589144335686, -0.0006719544927961557)
(0.32266162456048036, -0.0016281218665897348)
(0.29064371369440334, -0.006936317939663213)
(0.7068944074190124, -0.004839485515322975)
(0.837676674031224, -0.00048427544602415104)
(0.1726407553813233, -0.000359029330292645)
(0.16512371869908832, -0.002234174574495648)
(0.76604443014204, -0.0027707474962811816)
(0.4618925641276064, -0.00023513319969767978)
(0.16734459514446962, -0.0009262104320999682)
(0.6532012783658457, -0.00021019949060456492)
(0.22075452921893104, -0.0006535390481406339)
(0.9267693903422842, -0.033777331098309146)
(0.20314360773698734, -0.0032642019320642296)
(0.7210602972643944, -0.12423568780966249)
(0.42897262842978146, -0.0013801870590489495)
(0.6911483399140279, -0.0014712485921317417)
(0.7409524564545391, -0.0029957515515491987)
(0.5055587627906518, -0.0010332142792076986)
(0.30765247160515286, -0.00034384985962370297)
(0.5132356020691985, -0.001200216199761998)
(0.00023296956746154585, -0.0009819670348900607)
(0.10424306291133403, -0.00016254465930512903)
(0.7877912493308777, -0.014159587431325765)
(0.37234931900918794, -0.001625766143452992)
(0.18090941041623232, -0.00018014575478495824)
(0.9757526382951572, -0.0009350025583488435)
(0.9739294681761956, -0.001141394788512343)
(0.5794048122575427, -0.014785853708962286)
(0.08496176588728177, -0.0010977761526381098)
(0.20793511771936937, -0.0007923774144801923)
(0.49901780944350543, -0.0001620749636159477)
(0.5765320991810204, -0.002489414865255179)
(0.8919976034332212, -0.013612401858733927)
(0.13637168500852917, -0.0002309438386751785)
(0.7222892708025576, -0.20422510712754718)
(0.35232033824628634, -0.0002588752424914994)
(0.601883751809311, -0.007771999713714351)
(0.6429619056168258, -0.0003572698786550594)
(0.3178415060809921, -0.0008653360547626717)
(0.8688961334655234, -0.00033519080355693423)
(0.24171060069617928, -0.00012245872057652904)
(0.24840541122129817, -0.055518114805093534)
(0.9108914018387015, -0.043258532560442126)
(0.641390057709945, -0.00042110590335832593)
(0.5878054863736578, -0.0003032117128827015)
(0.9395660801602291, -0.00033134827208818485)
(0.023253919478623025, -0.0004005550885544419)
(0.7096204717554648, -0.000170901277647354)
(0.6757565366734174, -0.0006385073499805655)
(0.761779844137291, -0.03130218905210452)
(0.018934922197595624, -0.00032016602594408194)
(0.8106758558319431, -0.0006603459498267149)
(0.5589298937753345, -0.0005992905423339092)
(0.6874569005798151, -0.00021539303847669747)
(0.8865742453787033, -0.0046424254708356824)
(0.8650638879772191, -0.0022029847507639825)
(0.11180662372528458, -0.0005204938569962522)
(0.7924422159593, -0.0004319332400462416)
(0.2609253240474183, -0.0016194684944906051)
(0.381952807080386, -0.00021608628545041953)
(0.21310223778867365, -0.0007166268125565113)
(0.12155381507843983, -0.004272304044141343)
(0.3862203847507589, -0.02014812450091489)
(0.4280398423867057, -0.006332835395835911)
(0.5282414070048556, -0.14935866043656434)
(0.9110635585060756, -0.0071260642670141075)
(0.6354745527927183, -0.0001473973544749638)
(0.15650541274559068, -0.0011842867129166616)
(0.43197989496205624, -0.00018004690778674815)
(0.17282919989221285, -0.000999610525161726)
(0.1356059165412141, -0.002576500352587241)
(0.06770395816332372, -0.00035548694221892313)
(0.2064479012927383, -0.00035947598261130476)
(0.3636055878533938, -0.0003146127697811667)
(0.4715728916581986, -0.00021396733676392677)
(0.10714326905831696, -0.000144311184846062)
(0.21891955514640027, -0.003908545373206937)
(0.2987795918685747, -0.0002359938246584609)
(0.5554865806462533, -0.00046836025540906604)
(0.340997239378278, -0.0019475719894712319)
(0.8486922387508399, -0.04150996201181716)
(0.36699582807375436, -0.012160203342819736)
(0.17347302891061217, -0.0003088646087615589)
(0.032712217678791566, -8.377239571941844e-05)
(0.7932790345326024, -0.00020656513269214476)
(0.8577234080152008, -0.012055984496024439)
(0.589594968425835, -0.000608363745248325)
(0.7411514669125628, -0.0001294386918306418)
(0.3988092533244665, -0.00020535123927105416)
(0.9734389882273812, -0.009484717897136199)
(0.3763396913394081, -0.00017213917774162456)
(0.9712296943768662, -0.0015124378943830407)
(0.060974934493926235, -0.00011863362559837797)
(0.8886118926771903, -0.0001493793950057089)
(0.0502376096927238, -0.0010645916688829902)
(0.951451464923566, -0.0019942054484233824)
(0.6570616052849723, -0.00010887519667016979)
(0.8082993185046662, -0.1317524238667346)
(0.19031378733624574, -0.0022026334959309403)
(0.735334263682612, -0.002094557264763033)
(0.3496346332236812, -0.0005592032902212366)
(0.4750420863999304, -0.0002617025396643416)
(0.6549833138550832, -0.0017910149686679428)
(0.4319912504265676, -0.00011602010585730337)
(0.2600601392132036, -0.00015841277248876572)
(0.6795648877349378, -0.00014950413695143645)
(0.021213520196995635, -0.0012752828032787896)
(0.09254730351139898, -0.004103448243158441)
(0.9977103240140529, -0.0011899743437961557)
(0.7278226137012638, -0.0027808945003313748)
(0.46226542948652705, -0.003568148981951535)
(0.8583017605853419, -0.0027730632881898844)
(0.8491835154765993, -0.0011406432164931652)
(0.25908562167153826, -9.105761002784095e-05)
(0.4163331563275704, -0.0009397261195995902)
(0.40561100200602423, -0.002661313714697337)
(0.47451073618758577, -0.04172136332500505)
(0.9711158088786332, -0.0012002290575550763)
(0.5882152398237692, -0.0004846378483822941)
(0.1445862766116397, -0.00021537924866110004)
(0.0032592142155602674, -0.00010887146454951883)
(0.3465252765723804, -0.015425794618745515)
(0.9163232364644719, -0.00011241687844454001)
(0.8250319968649912, -0.0009693248336048866)
(0.4883510602152233, -0.00398326028671107)
(0.5496183611241328, -0.002363956677422301)
(0.9247323569643189, -0.00016314907282115234)
(0.15463959888292042, -0.00020273004971738034)
(0.10908430303354116, -0.0009941170065451812)
(0.9327336838021076, -0.00039466316844792495)
(0.7399210542421257, -0.0019824364989163004)
(0.6552024463956112, -0.0013498061414741354)
(0.8096504439675779, -0.0005552216608697331)
(0.7500220116926111, -0.6451316782155306)
(0.13785051468951398, -0.020087386867825387)
(0.8338719660350761, -0.0005695187122421215)
(0.1730300803043938, -0.0009336396933988366)
(0.6808330703214964, -0.0005923544680995781)
(0.2910239719547146, -0.0017138039128067975)
(0.3700269386691636, -0.0001712242979323717)
(0.7786873421907359, -0.005133370755789524)
(0.405072936205952, -0.0026325570321381465)
(0.017448167491688045, -0.0010602876579764544)
(0.8139434966232324, -0.07763437191805815)
(0.8029466493708246, -0.00016598597736702545)
(0.41101795721322965, -0.0001212606027618017)
(0.28542405732580495, -0.0002690509736383279)
(0.17107871446415507, -0.00022006168380183082)
(0.596742383677372, -0.0004064925538743637)
(0.937585732816348, -0.0008690582023732024)
(0.9580093594096146, -0.0004269247423514574)
(0.6351923308186286, -0.005874265469844157)
(0.8218985147498042, -0.0022131797223117105)
(0.6861540125611488, -0.00014067325637494594)
(0.1567957192513762, -0.0006946378346261229)
(0.06959258687188141, -0.0007404772070304597)
(0.19319195634786449, -0.04571313138003032)
(0.6745990776546569, -0.007907980832680243)
(0.7982933915489814, -0.0029848477515919797)
(0.2573595822172862, -0.02991747055473277)
(0.17106790883709885, -9.534130823744092e-05)
(0.7383722851604136, -0.0002994615093447402)
(0.39100183179380243, -0.0023760486242870252)
(0.1663615541729927, -0.004063872984591267)
(0.9908428342158244, -0.0005465315716734095)
(0.718763459414688, -0.05057390632592982)
(0.5898246759633027, -0.001149305818598539)
(0.35258481338332665, -0.01511505019510897)
(0.4696964960928775, -0.008150570326537633)
(0.8311759512091433, -0.023960978918885892)
(0.2923874251166388, -0.0004354744182504451)
(0.9366507951853549, -0.002061610249921868)
(0.5240008473317959, -0.0013296764094278333)
(0.6375865313078806, -9.898233896542415e-05)
(0.9900537912118327, -0.01084460009658961)
(0.1156384955313262, -0.015870598739693008)
(0.5128553535819641, -0.12075260878558829)
(0.4542777434419132, -0.0002569076434919056)
(0.08118091646980521, -0.0005247373063753828)
(0.8787217871876283, -0.0013341299864176597)
(0.2019150730470195, -0.00032075753658220154)
(0.5517364117571486, -0.0012635507438107543)
(0.23634719606852525, -0.08413112052198493)
(0.4032090143554466, -0.000583364532410276)
(0.3007168135547532, -0.00020368625128868397)
(0.05077286326807336, -0.006848080490476726)
(0.48001035140102627, -0.12515881625922765)
(0.12451029863225918, -0.02818075143247299)
(0.013917765084879484, -0.00023860778241632994)
(0.7641184096267336, -0.0009707170939693135)
(0.0643496427059004, -0.0032737836682012727)
(0.665987092322106, -0.00076079912187469)
(0.6363344147579253, -0.0002081733451017057)
(0.4208614435032508, -0.004509000002154278)
(0.11486441901728973, -0.00018486084848943224)
(0.6638259480541631, -0.003295663084900145)
(0.357683265568138, -0.0004829529955804206)
(0.7600564447753614, -0.07883705631244015)
(0.03308645625175077, -7.241156283232625e-05)
(0.3038558070398204, -0.0009427622380543046)
(0.44592175067309064, -0.00045857907940283704)
(0.05851552503993606, -0.0025104443443266376)
(0.438350457840829, -0.0007866514653743774)
(0.8623958851771419, -0.0015043005764228867)
(0.054144605796258904, -0.0005232767888575406)
(0.17177354030568928, -0.001623842129577358)
(0.801673015965645, -0.002434997493435646)
(0.5197668513022362, -0.11629100811815689)
(0.7597907956097412, -0.0005089434255864062)
(0.6251088653714035, -0.00033193485048322306)
(0.280185310034836, -0.015997007086181483)
(0.029954648081035606, -0.005530962081553977)
(0.589301755960903, -0.005670420725214725)
(0.5963465381990335, -0.0002797659624630715)
(0.3974300622422313, -0.0070970745846166096)
(0.9631630813603298, -0.0008501924617934209)
(0.6896631083033989, -0.037101773114596004)
(0.1617153462841721, -0.000466096785297225)
(0.5425199616438304, -0.00875190938581958)
(0.9431402882516062, -8.82008462303022e-05)
(0.8466199391320695, -0.0066158593125718946)
(0.20375145420300966, -0.0002678909097534945)
(0.1761894854352213, -0.0014161412789430415)
(0.8189413659857935, -0.0001934118229841714)
(0.7310591810647527, -0.0067034651912637605)
(0.22928923250537922, -0.000296045179022988)
(0.35137007306458606, -0.0008806426608296364)
(0.1986420981850542, -0.00033542928152781825)
(0.9717354723386145, -0.00026818568692130136)
(0.8677138803949871, -0.0049122968185696175)
(0.8591066318669224, -0.23040619944343613)
(0.9488283277393786, -0.0030907700205060305)
(0.44812265410015073, -0.01092129573787497)
(0.8601865214873099, -0.00011744397967660776)
(0.8326946415378601, -0.0004500568870093552)
(0.9708907004591983, -0.0013547544189584572)
(0.529330253440421, -0.00019764142618171823)
(0.7578990382738623, -0.0013555795764876363)
(0.8253029682553961, -0.0021301805556954716)
(0.6318380232443315, -0.014766312342431106)
(0.5022350537828699, -0.0009138225845126955)
(0.9999914748736546, -0.00025902906324988014)
(0.7283765515355307, -0.022770815744086646)
(0.11509210472465796, -0.00020206927647199586)
(0.6855974696090721, -0.21360077977146932)
(0.6665181828862143, -0.00020465491221924293)
(0.52518297692755, -0.00026648094534132755)
(0.5968416824381397, -0.00015097417402317755)
(0.2812663755945386, -0.040846433150227957)
(0.4655495559882364, -0.0002897606366903907)
(0.16635758494686043, -0.010470928714947978)
(0.8133363382473529, -0.004204477732267733)
(0.7226590170718004, -0.0009375265163550379)
(0.1251390252181207, -0.002586904415295013)
(0.5359451125529884, -0.0013688975894848498)
(0.4182237696284833, -0.0025294399367637947)
(0.9449654870568768, -0.00042881173052760566)
(0.30562051716418437, -0.0008104218962916134)
(0.14901406325053987, -0.0012988274110455346)
(0.2149015810011258, -0.002036551103173296)
(0.860272089301104, -1.5034980811139473)
(0.36942322126898236, -0.0003613975216975068)
(0.17136552435573096, -0.00010500955979785061)
(0.8106012906359504, -0.005084236580856061)
(0.363446939108076, -0.00028215223425376795)
(0.6591671569809849, -0.0013248698298661834)
(0.9049148321945916, -0.0026503454019226325)
(0.22262839821557937, -0.6984355386148542)
(0.7493798315678744, -0.0022406082725312253)
(0.8156674421352699, -0.0006971175619378156)
(0.1681065608178761, -0.0026447089194958128)
(0.04615330711967589, -0.020620312325167676)
(0.1566575434406745, -0.00028423049618541465)
(0.45060105043140997, -0.0004706922742754611)
(0.4530231051608724, -1.5821955405961372)
(0.019771325038785245, -0.009646477031262951)
(0.8507230332943346, -0.004250117633428043)
(0.10616719843402228, -0.0003893871757302742)
(0.5376174569639904, -0.009245080091922422)
(0.005632081229465901, -0.0002497335927072767)
(0.12745607555926153, -0.006840255430831923)
(0.04763696012856573, -0.006987449877715616)
(0.7085329559635469, -0.0002996874310563341)
(0.392214010518061, -0.00012112203748728622)
(0.003397945529475454, -0.0001622822155615538)
(0.46085886273347654, -0.0001800099616568252)
(0.830227412821416, -0.806528217297102)
(0.7820182384071861, -0.0003794695099514723)
(0.9165754839689508, -0.0006825332834235567)
(0.5620396066841298, -0.0006336216072136313)
(0.6831433291830554, -0.000412241737946277)
(0.8466209602532271, -0.00020458568927659562)
(0.23741576971538114, -0.00016714111283958863)
(0.41951820178452426, -0.009499762152242987)
(0.3001952681701725, -0.00010849642981082337)
(0.5538771540191733, -0.0003732799207456494)
(0.5375496746941357, -0.0009625117370340985)
(0.8477363786683935, -0.10590567326872517)
(0.8527557028534577, -0.00010000969022790438)
(0.5899662825484704, -0.006646205270543011)
(0.20100482780452267, -0.000154897504638993)
(0.4713625017953524, -0.0004167200972838821)
(0.07409288660394446, -0.0039236085786341895)
(0.5770486630474295, -0.004366413527743606)
(0.7761202423215917, -0.00047131386643859953)
(0.3228190269009549, -0.00025692420451338014)
(0.7315450757331651, -0.005088285601379714)
(0.07854833084431992, -0.00016066986490913653)
(0.23214500629596274, -0.0001290184443163384)
(0.4400111409243287, -0.024513872787709223)
(0.5079278278285044, -0.00027032334420456393)
(0.5068279389792821, -0.00038866339956052115)
(0.9245297708626472, -0.0006905045695743664)
(0.1865195583404956, -0.0022993624766979547)
(0.0180575413697487, -0.00014224416888985688)
(0.9835344880109231, -0.00017183178535799205)
(0.48147731496791835, -0.000504899580582825)
(0.48511513284819746, -0.0005989819284979507)
(0.47969528335906103, -0.008335027396287152)
(0.7027997930564992, -0.0005613119186896506)
(0.054273550554554933, -9.823135965432148e-05)
(0.5882362302604592, -0.00016967240552706378)
(0.38790907215056475, -0.0007179066382051413)
(0.5067972010957842, -0.0012501514327400189)
(0.21989275595919544, -0.0009940932146927995)
(0.9825486289348083, -0.00035909635222699073)
(0.823822782087082, -0.0008434395215968214)
(0.33661281353988376, -0.15915157537774036)
(0.2413647271504456, -0.0017929948167173131)
(0.8076406949799197, -0.00021570733930106848)
(0.2464432980872215, -0.0008424202067532241)
(0.6209877929334467, -0.0004709815603473106)
(0.6825041569081579, -0.000898991438110319)
(0.21072243974323687, -0.0005926530097828009)
(0.6272175061085974, -0.00024588378623622)
(0.23193250642911678, -0.00962842865224518)
(0.39309055884945937, -0.0013656980443159275)
(0.3112558140410031, -0.06893258298180065)
(0.9772907619558521, -0.00043133939484947406)
(0.10317717996289424, -3.3984914417906826)
(0.060452510912543465, -0.015057969133533182)
(0.014605317992172942, -0.035097922277897486)
(0.48290416731252117, -0.0013733314318815858)
(0.6548189362522376, -0.00034305800951051296)
(0.28753996753158306, -0.03696408975176852)
(0.7108516621213015, -0.011128724179815285)
(0.7373638777287453, -0.00010490458696157155)
(0.37940575587434117, -0.012211928863406338)
(0.8313572482266396, -0.00038406743749257774)
(0.4972488115873771, -0.00010750826141141797)
(0.5608890473195921, -0.00020783976657028276)
(0.31707763745424283, -0.007120518642128515)
(0.9510438244137501, -8.937653180478713e-05)
(0.7809877371143897, -0.701968533100279)
(0.5648186803853635, -0.003266712327121509)
(0.8735627578325342, -0.2552941920957155)
(0.7241481449040919, -0.0028702206709469756)
(0.6409147014067771, -0.0003552281952918465)
(0.01497129946044481, -0.0023817100406870943)
(0.6414400571359365, -0.00012188518628861007)
(0.9735127095698916, -0.0003089380443700943)
(0.48320026394580556, -0.02410231633003723)
(0.34428832434251055, -0.00015038587739293321)
(0.6148711916284627, -0.12295439600520723)
(0.9749692836122246, -0.0004497492214284322)
(0.608653546024676, -0.0008747912874429531)
(0.5802629032794364, -0.00399396885699171)
(0.5323431930225291, -0.0008819197559095451)
(0.11276590029624343, -0.00011138875586036736)
(0.8395822933984174, -0.022220432282877393)
(0.5295584187579753, -0.00023138833929521463)
(0.7349007176922047, -0.0003326827684956821)
(0.1935730626901866, -0.004331249277204133)
(0.3458348863212821, -6.827383105200067)
(0.4213070497295406, -0.0004947375387158401)
(0.9124178914623973, -0.0017149248749538364)
(0.3250078225799768, -0.0011457710684636753)
(0.09815844824084748, -0.0003521134381457567)
(0.9445622531404859, -0.0015251063095503227)
(0.19996207317617484, -0.00045321107394849926)
(0.6795508233770712, -0.0030586353461676454)
(0.8117024456977422, -0.0008202253522935994)
(0.46363479031474714, -0.003089100021459564)
(0.7103744945540884, -9.871081487240325e-05)
(0.2683961692896016, -0.009837714608773383)
(0.8322439544859674, -0.00280368327324204)
(0.5554574007307763, -0.00014345658525320655)
(0.9673423376416233, -0.0002826733967106982)
(0.12121326878225057, -0.0003542645602050808)
(0.5420191115919499, -0.019240650467681798)
(0.13910565501525615, -0.0006954301175237773)
(0.30505497997248604, -0.00014858627675902342)
(0.5419790581443686, -0.0053719390194196135)
(0.7861569243296054, -0.0001403334936292618)
(0.7934630817450374, -0.0762459838052162)
(0.08333170821353343, -0.0020589324307504265)
(0.05175467121740613, -0.0005467414654794383)
(0.6148962752547485, -0.031468945918914706)
(0.5151091083685326, -0.001502463122214355)
(0.842258706569265, -0.00010193256535618667)
(0.5709798609164658, -0.000195465874941171)
(0.43832435223129296, -0.04728564775903141)
(0.6364968637686199, -0.006776652924806945)
(0.722032030601156, -0.0006215878929384314)
(0.40982702714220537, -0.007653275026552175)
(0.629476847261888, -0.014849488655479977)
(0.2320516255323823, -0.00046337801605302845)
(0.6051789784841174, -0.0018889746501718043)
(0.4048400308023943, -0.01238985987836083)
(0.8105004234411369, -0.000631910158803036)
(0.08521298700225302, -0.0003984220232786831)
(0.22348362799226607, -0.00019836331626845892)
(0.41388942721295363, -0.00021304977441227233)
(0.5568598939655535, -0.0008018846863903541)
(0.8000572121006854, -0.00047072202939879733)
(0.3573204497768031, -0.043950456102018615)
(0.13728403309819115, -0.00024354151668050004)
(0.3692118198915269, -0.0023531449833451663)
(0.10714491120295899, -0.0007795250468259588)
(0.200628211520886, -0.00034205870698346907)
(0.05796315914536586, -0.0003548141896523657)
(0.4451084784091015, -0.000324635398347158)
(0.3208775064655431, -0.00845662055514191)
(0.06592193359511336, -0.030811216236392214)
(0.005762305894772352, -0.007330271710303643)
(0.9032435733507702, -0.0005706409654565287)
(0.5090979899099638, -0.0011286100930584303)
(0.4222664369649336, -0.0002268607176220331)
(0.006963628523010094, -0.0013451334207981143)
(0.6840484001545193, -0.0007831942896805688)
(0.7156209797828753, -0.002599313836294528)
(0.07729672230779418, -0.0002325843506807941)
(0.8802149173671245, -0.0001247350420850266)
(0.4284813777742807, -0.00011637646328107789)
(0.6969098931688473, -0.0013097337567953848)
(0.8984736704061425, -0.000501405861751078)
(0.2994877979142754, -0.000601947519259732)
(0.9645210829129902, -0.001406557915617345)
(0.3561967095897371, -0.0004183917320846613)
(0.7066937092405089, -0.0007525462602758407)
(0.6745433927575732, -0.00014479937421094552)
(0.1462080157136371, -0.00046555014494225954)
(0.8149349143513765, -0.001556004864036691)
(0.03712823787866568, -0.003211644067629766)
(0.9736025270739268, -0.0012424274071254978)
(0.07359249466405329, -0.002575577656127661)
(0.6214687937587517, -0.07328613271154943)
(0.6119707701993338, -0.00019791357077184139)
(0.5734130586836688, -0.003018235736682962)
(0.014346282537949655, -0.03053118079787287)
(0.7664696437786976, -0.0015173860209668644)
(0.7176190568992623, -0.0015387365823172447)
(0.7170857456346194, -0.006677268989554356)
(0.02552765129575964, -0.00045204984457132276)
(0.7666002480372734, -0.0005286229493277247)
(0.3321134192835533, -0.00029558874167476615)
(0.05063748839092411, -8.840534411308292e-05)
(0.9174052278033156, -0.00044004063765827573)
(0.8888376190270276, -0.0021524472919546658)
(0.6977219889431413, -0.0004087120794283278)
(0.8344592812756114, -8.88108392996953e-05)
(0.046839486174593416, -0.008465719032638304)
(0.7974068638216039, -0.0010510086149558531)
(0.37110234216299776, -0.00010540173743649337)
(0.1681402412248126, -0.00158892626105893)
(0.4682949397809011, -0.00012277705695303543)
(0.014258641643811467, -8.982683518064782e-05)
(0.19050800319167907, -0.0025187299217235316)
(0.6466175348734048, -0.002399791339446584)
(0.5996843162713222, -9.913571455682483e-05)
(0.4770575163393195, -0.0011853583876792109)
(0.014504093462830247, -0.0003449893218609239)
(0.7549744897959184, -18.691702929848752)
(0.05568265007320644, -6.7049300407217345)
(0.8397544380230269, -0.001130578901600713)
(0.0013715031914523807, -0.0017140479880964402)
(0.27004473310433175, -0.00021195205930437213)
(0.7968017959406066, -0.0001861377767915054)
(0.9936225555287147, -0.0015614022879976573)
(0.6918558273678523, -0.058215262217655)
(0.3540104474128047, -0.001140966659514144)
(0.2574583118541115, -0.00036679947349444895)
(0.3433389678305425, -1.935224644366571)
(0.6705038117394025, -0.001001979515627217)
(0.5828125272251091, -0.00038270003116802105)
(0.5377706868464817, -0.00039384371027278796)
(0.9804407220799246, -0.01156627902995603)
(0.8634110709286469, -9.507618475666676e-05)
(0.02679581043237096, -0.003949521926386055)
(0.7329226379356566, -0.0320961258890133)
(0.6743261903501834, -0.00023624609199862152)
(0.7091063698019611, -0.0008054241811787264)
(0.4469475561153725, -0.0002451598138947157)
(0.3796332118338683, -0.007591624565099654)
(0.5573454239899167, -0.5130696413767041)
(0.977312136963202, -0.0004147288496310364)
(0.8885392688356741, -9.391518490237729e-05)
(0.018435426295798783, -6.997812266920658e-05)
(0.8886846053015832, -0.0002889231207303946)
(0.3231984414272902, -0.004229213777170412)
(0.8923179664310236, -0.00016117820750373148)
(0.14186682693357053, -0.001249431747392516)
(0.18715139994345903, -0.00290114893340309)
(0.14729001677491924, -0.0017785025073784914)
(0.46161421906322136, -0.0003602325947788276)
(0.32131628919428357, -0.000556147162646286)
(0.11498887271243682, -0.0005246374170072263)
(0.28012773904268595, -0.0002068458105349927)
(0.09091520960968705, -0.00017212922734422478)
(0.025800817218010228, -0.0013988013558995033)
(0.7107379090473183, -0.00012343794129924418)
(0.8916359073672606, -0.000651557044008863)
(0.6337700202464259, -0.001145301016701193)
(0.805, -732.7147548500711)
(0.926525434028483, -0.00023810506205980002)
(0.08160983837946612, -0.00010504053151790735)
(0.7832782315301415, -0.00042574883793307014)
(0.1496095309895831, -0.006430712637540241)
(0.6646851225960466, -0.0001600869337460588)
(0.2208571879514233, -0.003232094920177514)
(0.08997174999054051, -0.012717620272559325)
(0.90511085499352, -8.929346864030359e-05)
(0.7298241759172932, -0.008623316531720281)
(0.31613905523122704, -0.003703228687683811)
(0.3328909220134477, -0.005575689621756175)
(0.09293611888141493, -0.0019508764838359312)
(0.42603081385871266, -0.006125276433166874)
(0.34429475507699, -0.0002531596919875521)
(0.7345185220507573, -0.0005752332331446995)
(0.17016297364576966, -0.01512171954552937)
(0.5892025208817333, -0.0002684673001725203)
(0.17663858024283582, -0.004840298820502789)
(0.7923902608096767, -0.0010385120694443887)
(0.5915718115027956, -0.0780626486058391)
(0.9877901457434446, -0.00033294165493347216)
(0.8455524168726778, -0.0002776562992731278)
(0.019596272863778352, -0.021044692859081553)
(0.6010918193086482, -0.034585280233311234)
(0.3154387705434207, -0.03587978652030721)
(0.4189703978340406, -0.0007678030147927744)
(0.6123533732010362, -0.0766575947607803)
(0.27808153225488724, -0.00013174257106790007)
(0.1462869242822702, -0.0008356101129368945)
(0.8737027685060251, -0.0018411813307471824)
(0.5870271780578846, -0.00016675683192989764)
(0.5892469245262107, -0.4060261303613384)
(0.6463371438725345, -0.0867991180299794)
(0.6945477465751813, -0.0005751061270779137)
(0.3373861109018123, -0.0008352234874319137)
(0.7669346830596018, -0.261723099482805)
(0.06728062701497818, -0.0002587856085641411)
(0.47307894565234687, -0.000547318781971002)
(0.7079385113616443, -0.013578060039687668)
(0.9692517185885063, -0.0015588162588347726)
(0.11311727106669027, -0.006722283226099505)
(0.10418148925107437, -0.006276364825740125)
(0.5632662794801286, -0.0002449582803529045)
(0.0034982817521488504, -0.00039713628114249495)
(0.8931609882008889, -0.0003012267624389538)
(0.3847272683546952, -0.00019116062548033032)
(0.1650429927736577, -0.004775984658558659)
(0.43889986368326617, -0.000727340320844897)
(0.3283333590104803, -0.0005094049930570694)
(0.16054549423919529, -0.007344492301519982)
(0.6954767355457815, -0.0008089460799110807)
(0.677330728819383, -0.002865471481800501)
(0.033871773245078625, -0.0030853836728088353)
(0.8414075120964333, -9.273096781976873e-05)
(0.10255193508526855, -0.0031900211896822815)
(0.3889476942770427, -0.0030523686889270744)
(0.15993934524193565, -8.860114621552972e-05)
(0.6665456403676295, -0.010932125132043316)
(0.24163924925922, -0.0006217558565134086)
(0.0466192971594451, -0.001345141866283642)
(0.9116066007995675, -0.0001897272086979722)
(0.9679193783563107, -0.00040278572965662496)
(0.3510412938399403, -0.0002999595297569627)
(0.6194272707065884, -0.06032013853924568)
(0.7839421928206693, -0.0001921841204541197)
(0.8371568863012439, -0.001346782001814969)
(0.7661851532186612, -0.027982446108050136)
(0.29187907104905436, -0.0033515458601354993)
(0.8747259585536961, -0.001314033742763807)
(0.18695297710925465, -0.027953046345731484)
(0.3438547883414621, -0.0013751686642215631)
(0.8588203347303545, -0.0004410270922597766)
(0.8085345444320513, -0.00013073573601032703)
(0.49795352646327457, -0.00013632311714878448)
(0.35473594954404736, -0.0006522146294003383)
(0.6566472287376862, -0.003623358839166218)
(0.31505847903642326, -0.0006538254800751624)
(0.07451035203910115, -0.006639320576133824)
(0.27837657031708957, -0.0232419856842805)
(0.13392889057892016, -0.00011940718057105833)
(0.4690059403452578, -0.00018016012828314968)
(0.3901150028893542, -0.0804970518534791)
(0.3500720887406118, -0.010954061365578886)
(0.07208695840799736, -0.000732443604227786)
(0.888197699916555, -0.00024507539649439567)
(0.06702575206478709, -0.007362043635332186)
(0.3967766438453008, -0.0006624897903401469)
(0.8483998382804152, -0.0030666233413177684)
(0.04971674596409835, -0.0017712345762830764)
(0.9045582310105823, -0.0003291436788522204)
(0.45064606614799907, -0.0019968792810629104)
(0.16757720781268085, -0.00212759257149787)
(0.5422261244717321, -0.00033071996618557826)
(0.61182780672, -0.0003897430062060875)
(0.6723057854711987, -0.30785040748290876)
(0.2864653271714475, -0.00022408461606324576)
(0.5508244074504747, -0.008688695707418613)
(0.5379033728787158, -0.00566687457046908)
(0.6156325584725113, -0.000607821581993307)
(0.07603682729153244, -1.2423526651464465)
(0.7531523123939131, -0.00037567959996566766)
(0.5036506142521132, -0.0001480165115891587)
(0.6089160895989663, -0.01860757013061533)
(0.4168195733316865, -0.0003595788204409515)
(0.383347748243633, -0.003639983044141277)
(0.511799253724119, -0.0011330728264453951)
(0.3797181363367899, -0.0016386113989551993)
(0.5831496710526316, -1.205122952056038)
(0.491363964615014, -0.0002572073871177251)
(0.6173770827581908, -0.013050284614974865)
(0.5198853941773168, -0.0004213944412078721)
(0.8607060242409563, -0.020352124801540118)
(0.4379458326910222, -0.00012509845604263673)
(0.17198872545971797, -0.0044839347460803305)
(0.6380976665244436, -0.0002617876772301439)
(0.9907622797089829, -0.00054256534929936)
(0.04401913277172587, -0.00022259245869204352)
(0.18969025794148134, -0.00015878049045737444)
(0.331854139083043, -0.00013480879694597366)
(0.29449420766113377, -0.0002503883229911077)
(0.41345922548495484, -0.000609327993240056)
(0.4899221941381894, -0.03372146158905431)
(0.7342121899444737, -0.0006388706936671316)
(0.585772118995163, -0.0001616950193331823)
(0.5148552311278835, -0.23593035730157752)
(0.13337355768661227, -0.00035028635504984586)
(0.06057283106415061, -0.00040303708530443466)
(0.4116197048169032, -0.00022498097505904783)
(0.5121868844477604, -0.0003734339660184438)
(0.528396018799428, -0.00014449223623767685)
(0.015053246917284976, -0.000575409004020189)
(0.4727589041961912, -0.001920477314186412)
(0.37117831116464733, -0.006869568348626069)
(0.841229972974231, -0.0004317021962046506)
(0.3251488471794737, -0.0002397964099931095)
(0.6446193982624103, -0.00013862567544602224)
(0.9789304738227504, -0.0003675285180737331)
(0.40591492173374544, -0.004051348606081442)
(0.6448259949488832, -0.00023093089278955646)
(0.1283470970126219, -0.0012366867785268227)
(0.18206341565671075, -0.05688734985365573)
(0.8565080505120701, -0.03158792426854201)
(0.08653130629000863, -0.0009354354859849783)
(0.3410608531057301, -0.00029974854963817484)
(0.01658751491353434, -0.0013949087803809587)
(0.8207446351316505, -0.20992887569838442)
(0.4531961799245239, -0.001587145130311525)
(0.7492245963916261, -0.00034158287053604705)
(0.7402013708159744, -0.00032114093596057616)
(0.9757314150352832, -0.0022601679284528936)
(0.7319563608477659, -0.0025601094925287718)
(0.20827716746440583, -0.0001631583273872568)
(0.7689942825885215, -0.0004956732156969661)
(0.5896469470886002, -0.0004233186723221668)
(0.745017806099162, -0.009228173420802168)
(0.2993373257158668, -0.00035692979085907487)
(0.2473500009941977, -0.0004006949031049173)
(0.4655185837372629, -0.00014113158440415472)
(0.6932796985740354, -0.0029336499766420628)
(0.8986418508349343, -0.00026923558968769423)
(0.0032159829680196727, -0.02865444363123413)
(0.6506237063811612, -0.0001965644865034387)
(0.2666463713758255, -0.00016811806241299513)
(0.7225609542248909, -0.003778995638022476)
(0.03949077223541029, -0.004802994373327532)
(0.8480684544070615, -0.0024593835790129998)
(0.18005662569385403, -0.0004132839143923505)
(0.8314266745929191, -0.011640196566347327)
(0.8807529800830942, -0.0004753442500307837)
(0.599625304157723, -0.0808198917330947)
(0.2581239986557973, -0.002740753350669285)
(0.7354277991753335, -0.00019267312818987216)
(0.40739044522556495, -0.02884124663355276)
(0.759311565543313, -0.002688222231374232)
(0.8165917771522264, -0.00034355458111504534)
(0.43469551819493657, -0.07020748061596517)
(0.274324187935959, -0.0004596083784224335)
(0.8777873291663072, -0.001363362621346638)
(0.6829026556976742, -0.00024179168407333887)
(0.7340578918832277, -8.940032487890797e-05)
(0.7891831111865938, -0.0006287460391599819)
(0.7407262040835486, -0.0003529730488609645)
(0.8103771497576711, -0.005938394589743335)
(0.0321443363015117, -0.7586609596708129)
(0.7159994565029378, -0.016676227667233937)
(0.2010420195075014, -8.523198221420247e-05)
(0.30239142119418944, -0.00012978304658843554)
(0.06506309971660569, -0.0010835726227928677)
(0.3452592890977494, -0.000689800590780205)
(0.0519556294774816, -0.00470134608916498)
(0.46847124513618676, -0.005702060349027791)
(0.01621835954358171, -0.00032863285307828833)
(0.006664770254825642, -0.0005698683269409383)
(0.20718718119634585, -0.0039160459563087275)
(0.8498612362834799, -0.0014636123471544092)
(0.21014863611324383, -0.00016348542124296987)
(0.3305012049462263, -0.00025256659118273186)
(0.20716250812712142, -0.00571209763810705)
(0.5402017327906448, -0.001046557150339644)
(0.2871314166759833, -0.003022779320307376)
(0.7748134786949878, -0.0008813126307539598)
(0.7901794464689655, -0.013574548370514)
(0.030462869081894495, -0.00024678144961969787)
(0.20218393028993126, -0.0004970440245759823)
(0.8034981173970626, -0.0026418411724406857)
(0.8032490979410584, -0.00033338052595989715)
(0.22165449052340996, -0.00010318814134357274)
(0.797672408991121, -0.0003087322810537554)
(0.6045999738594819, -0.0017728196266272465)
(0.6888299294335415, -0.0005907127307841407)
(0.5784230786512634, -0.0009940507860183613)
(0.4787941262669338, -0.001929388374477792)
(0.723220673648546, -0.00012785598641433364)
(0.13594299007971644, -0.00022579723489043874)
(0.6281930255791869, -0.03769407426566051)
(0.4576382253782949, -0.0004020330108874795)
(0.8547808626823669, -0.02267965393563377)
(0.8568039667422143, -0.003130455884873966)
(0.6192311116715279, -0.00130421757501311)
(0.7902219060539312, -0.00044420759734656887)
(0.9975701225080048, -0.00015798029254835598)
(0.48945971041340736, -0.00022218035214991024)
(0.593662413212019, -0.00035242972814428523)
(0.17608178920303, -0.00032132721740569235)
(0.8298443258528664, -0.00321934872155752)
(0.3413682176109634, -0.001081812932030017)
(0.18168051238687266, -0.04186367325909996)
(0.03176137823914497, -7.697417936814374e-05)
(0.5619207873831275, -0.00025779599929708335)
(0.3276887556508374, -0.0002023048479918751)
(0.7317542121718578, -0.00048492930998805946)
(0.5751617678632645, -0.008691453732316104)
(0.15491016102357275, -0.15819837440249226)
(0.16834323376749638, -0.0061836058907898716)
(0.10265377792665586, -0.0002988452841169647)
(0.18606987233855954, -0.004538149072315416)
(0.06306005685774192, -0.00012112020708709558)
(0.705886244467169, -0.0014497812092314304)
(0.3368131515143523, -0.0006961318827550079)
(0.26998417635473426, -0.000311927445055609)
(0.5421394171175803, -0.0009760684281859111)
(0.8820279936347356, -0.0008400437896826669)
(0.7707616536603638, -0.0004240346414395295)
(0.26873584037656767, -0.003256806752837797)
(0.9211093345062887, -0.21776396099826173)
(0.9381612866943715, -7.57335312349472e-05)
(0.18251596165850428, -0.007674109381873999)
(0.486847774045738, -0.0001408439961291673)
(0.4116466515250537, -0.00018964626056450912)
(0.587828400867288, -0.20632296760343286)
(0.05584188084361525, -0.09775577888854854)
(0.7529036130365344, -0.00024125441063253624)
(0.8196660831026935, -0.003853745720440657)
(0.9702336497948203, -0.00020574683821889756)
(0.5860206266295348, -0.00903848755052756)
(0.023770531202308706, -0.001143482654433877)
(0.9588946251885825, -0.005127642305129871)
(0.3039748152523991, -0.0026626663209912116)
(0.28454603922882066, -0.006987644457366226)
(0.7227735922439784, -0.0001482887448729235)
(0.27525914697318254, -0.000751963007623636)
(0.7895786102983695, -0.02186241056494026)
(0.8369932932059215, -0.0003904191642928614)
(0.7805313307432337, -0.00024146116649727744)
(0.6613816995336868, -0.00028023572633712666)
(0.6521844299724965, -0.00013825870556893893)
(0.6281838456561152, -0.0025245116109004584)
(0.6358251264544421, -0.0005070500788960618)
(0.34008437999397817, -0.0005589439451234981)
(0.9264855834733423, -0.0012064523116969892)
(0.018942178890803227, -0.00020597367828311332)
(0.8120515319140338, -0.00017688269510835922)
(0.4952034869256367, -0.00011745648244807338)
(0.46257141557404835, -0.0003741782988137378)
(0.8448417434435456, -0.0018433363107803725)
(0.8733791067487121, -0.0016167719776275019)
(0.11398741014742311, -0.00022740736696084084)
(0.7478133694119441, -0.6981161199455688)
(0.3761718211355488, -0.039467278145795516)
(0.28224112000634244, -0.0009740105336314682)
(0.23621034240880012, -0.0012639842452290362)
(0.3597435849762596, -0.003405765816365991)
(0.49673817083078536, -0.0002824745532639712)
(0.022626118356572935, -0.0005234927968142037)
(0.6928784498605917, -0.0009834833886196435)
(0.5829386292894987, -0.04157242118590908)
(0.04359896035981027, -0.0029066810141897734)
(0.7955377198156189, -0.015057814407493434)
(0.062301241595954, -0.00016339324394562755)
(0.30067534972005366, -0.00034188228131724506)
(0.3256219162681289, -0.00010796185334245455)
(0.3929805497267507, -0.04223918848721788)
(0.7151568670884041, -0.007364002910266011)
(0.5041202808122045, -0.0009393878387097678)
(0.2564182178986648, -0.01580455026531074)
(0.4607158657495233, -0.00014310699327626516)
(0.44157041412109727, -0.0005962585523987284)
(0.9494915402794709, -0.00010931340640689745)
(0.7571871107056538, -0.00496612337623216)
(0.20536460338092796, -0.00013454186207866316)
(0.298291545667485, -0.0014382979744965109)
(0.5926948008224884, -0.000548182001774969)
(0.9250918455789369, -0.00208219711803257)
(0.1845264272504816, -0.0005182743409500783)
(0.5106101299897022, -0.0015888263431732283)
(0.259357536811217, -0.0007481511785610382)
(0.42782250117954307, -0.00032500464735757347)
(0.32399432506738124, -0.0034504820116110888)
(0.5242258741360032, -0.0006347516533271918)
(0.013289880430929863, -0.0004164196093723267)
(0.2749818565752303, -0.0032463870652670217)
(0.48776629570747215, -1.1648883224961386)
(0.06256775713692386, -0.0019689333321637075)
(0.13560323197212018, -0.002737450478250545)
(0.5293441519674428, -0.0004090755270478179)
(0.044770116777826156, -0.005706985677523023)
(0.6775279388272955, -0.001015660252019603)
(0.8280252348692124, -0.00011123555474031758)
(0.4933823529411765, -107.75216983089281)
(0.5794516582081751, -0.00025815916808016724)
(0.28686228868570746, -0.003330746892562875)
(0.8010543421141998, -0.007517316100829845)
(0.18473020582236233, -6.793201880679317)
(0.18898437530293408, -0.00012560312582773206)
(0.6894521846137213, -0.0002676350895703209)
(0.31296699207955037, -9.430476398202415e-05)
(0.6625847838395574, -0.028454080025928193)
(0.4996785517251286, -0.00010979723603380701)
(0.5410686638100004, -0.00020937691680180718)
(0.956530306722308, -0.00012038940771767599)
(0.9579892602275136, -0.02070839411715032)
(0.5895859982152039, -0.001732114522094408)
(0.562502781657009, -0.006419405144620504)
(0.6993914089950979, -0.01778501212303357)
(0.6070849329862065, -0.024183409823477248)
(0.3228745684695052, -0.33726801143846774)
(0.08509252411351866, -0.0003005595138227483)
(0.08818378662982057, -0.0004261140674501846)
(0.5590707624896823, -0.003681475316122533)
(0.27314608562271253, -0.00016177603548941726)
(0.7960380597039861, -0.007650896775745749)
(0.6017301663489847, -0.00025540883097834)
(0.44229132121158243, -0.0002391911399673286)
(0.6462319752803846, -0.41926914331086707)
(0.2047556891757367, -0.0008374351876277314)
(0.4496750391544318, -0.30683454419637984)
(0.32312, -11.723436077601137)
(0.021476777012052195, -0.0023399100551516304)
(0.9123435020527562, -0.10344461438822095)
(0.03761792408658022, -0.00014250273785676999)
(0.42415576018613527, -0.000383907071089508)
(0.9888212739913809, -0.0027360592609841443)
(0.4360343696675872, -0.008786254469484613)
(0.9877746620333744, -0.002978453999483064)
(0.6867451390023585, -0.0005900583055175108)
(0.6126682578598296, -0.0042842627693547835)
(0.8608759949164219, -0.0006302815488057348)
(0.12095593088494085, -0.0006701088075382469)
(0.47262960306106366, -0.004557082260115973)
(0.5872630000144544, -0.0020766657555163492)
(0.5212873725100665, -0.00015018741377133073)
(0.8489669775978215, -0.021164040827841093)
(0.26374574103299275, -0.0019491313169059598)
(0.1234368181940048, -0.00047063967980681643)
(0.924357372498069, -0.00011719972066401327)
(0.543727476270703, -0.0002941001876086487)
(0.25699000734857286, -0.009550208881034075)
(0.4826956533814734, -0.00030519402820500474)
(0.8330524096245716, -0.0015747404317157793)
(0.49151082823706155, -0.001096387627169981)
(0.36883589278091927, -0.00013616884423652212)
(0.50042588932655, -0.0003400203687218889)
(0.1798855647839846, -0.0009163856572087171)
(0.07397132541498792, -0.0001006310958682104)
(0.2567319577430356, -0.002365672586045761)
(0.2552395218290712, -0.0003806319668611304)
(0.9200620795409576, -0.18122149654978018)
(0.0672593837075587, -0.0005872582127814398)
(0.6215049324034503, -0.000163210408526086)
(0.26082391044177644, -0.000992440342357624)
(0.49270736095256723, -0.007471909823809156)
(0.760676192140167, -0.0007424783601354191)
(0.317949814483505, -0.0012693717435433402)
(0.13602296579959847, -0.004010835523638991)
(0.0867078402039636, -0.0007347277030326237)
(0.7857518090675744, -0.0006073798060436441)
(0.8030934789273076, -0.04547007269666613)
(0.0037528954299502733, -0.0004989121760459481)
(0.8565246883511817, -0.0010895403862645067)
(0.3565443031012564, -0.2878561317386016)
(0.0025174348422377026, -0.00010786200634643778)
(0.49810407491660597, -0.00036230187888337877)
(0.42923383564634504, -0.01974881891800298)
(0.9872057825161635, -0.00015831220652632683)
(0.4971955247873654, -0.0005103929678182023)
(0.741524321269452, -0.008043798515962465)
(0.9595768880615323, -0.005971921489193552)
(0.21535152570171284, -0.0029792981165866965)
(0.9730034066566666, -0.0011117528969935046)
(0.5862977788208326, -0.0024671286387901825)
(0.16141132509341766, -2.1061073723773243)
(0.4428183185611433, -0.0005384699091113661)
(0.11562033371234434, -0.12547001158439236)
(0.5904291358241603, -0.0002889066477118247)
(0.47498024558270957, -0.00019909016914337093)
(0.41594752650219535, -0.000370257971098969)
(0.23893755191421884, -2.7664228454657978)
(0.718010549245709, -0.00032052975999618714)
(0.8857566498613103, -0.004658687618428367)
(0.6836902205493509, -0.0010085902780380747)
(0.7312683323381861, -0.0005705767277240812)
(0.02468019084824083, -0.00026564437089271795)
(0.3869334957445225, -0.001573366815753225)
(0.762954780483219, -0.6888359075397867)
(0.49231468529890526, -0.0009502315575078378)
(0.3397011564175487, -0.0012860068612272108)
(0.1177388335205857, -0.000543304794785203)
(0.5604440315123851, -0.0010495077136620052)
(0.22069892393695573, -0.00023030040942485563)
(0.0758453797172736, -0.0006594870178630628)
(0.22642650879965218, -0.00013544882530504878)
(0.5152160647125436, -0.0008974832573197811)
(0.8334380971099876, -0.009114818713054706)
(0.909453309500982, -0.00022952248482850624)
(0.5022337549570004, -0.010768860188266385)
(0.9529038683500854, -0.0006843361576536711)
(0.7317814298937279, -0.00021996877414446304)
(0.1938981089001473, -0.0006780643796439892)
(0.561172770193132, -0.0032752561319859676)
(0.6253485594808095, -0.0005144885215337592)
(0.9814711188564249, -0.00020653838563334254)
(0.3260674036362852, -0.00012195339926896529)
(0.10259854491820339, -0.0023259099398953774)
(0.214782649527685, -0.0007540207729826874)
(0.4645064809649979, -0.0005108874319133113)
(0.028776525445319633, -0.00972265390928631)
(0.2307283706186393, -0.00018647804665679696)
(0.23521155334369917, -0.0006532577127347216)
(0.6669418021446851, -0.00417022908450586)
(0.28272922752159585, -0.0007500986972112381)
(0.6853174239995411, -0.00018762983119802865)
(0.7775195511777881, -0.0011423018726889138)
(0.4048852852689719, -0.00131975229511969)
(0.11228113961651738, -0.0012042936136743845)
(0.7050543965953817, -0.016274882829646283)
(0.5426605756053777, -0.0004500024682080434)
(0.698163205631497, -0.0002401905209262871)
(0.5503471892455687, -0.00020503224536542469)
(0.11837349921006156, -0.0004133987206224943)
(0.47505102393628446, -0.0031786754211739127)
(0.8121695253816893, -0.00021711319183592823)
(0.16764809110709863, -0.0008837913148741521)
(0.6624800527710192, -0.00034870518186408986)
(0.0888222166882447, -0.0001007238038140722)
(0.7205081420502452, -0.00013382646235197176)
(0.8656335545356628, -0.00019752611565085657)
(0.7110361291545005, -0.001779894075358112)
(0.35564291478838894, -0.005144668903655507)
(0.853101060637622, -0.00013199710495844088)
(0.11846155829825818, -0.0011563680774884387)
(0.4459214073603551, -0.018631900233741373)
(0.12166362234649378, -0.0018827490441137979)
(0.37254588095261504, -0.007351092998835117)
(0.9275774761306196, -0.0016540595901176844)
(0.423503946552249, -0.015554284673342638)
(0.4088388928134932, -0.00012770549098188567)
(0.0053526903296431325, -0.00045933581068979677)
(0.8597891238261848, -0.012911082106451133)
(0.004496871028406183, -8.610095297723535e-05)
(0.48898687429430154, -0.0002657957217167909)
(0.8107292719141901, -0.0021957455442878117)
(0.4861999803940654, -0.0025434769057852617)
(0.6470479415777838, -0.0034993476398388966)
(0.3132553156515864, -0.0016024522533740076)
(0.48944613266593967, -0.00011590912886567608)
(0.6922241115770469, -0.00016679237225151447)
(0.20110714479592665, -0.004314112113609011)
(0.17835184435350132, -0.0014098280349406946)
(0.8850649801138614, -0.0003379809840745622)
(0.26506642351603815, -0.002290760155801291)
(0.1758697145999735, -0.00014161177847392775)
(0.17583857351183324, -0.0002010252831570991)
(0.22791212509607187, -0.00012051320103673659)
(0.16438780580536866, -0.0006077733524432089)
(0.36235780111131655, -0.35651402518955205)
(0.5569158536689637, -0.00016831936356311304)
(0.055609678235143956, -0.0003359311523495136)
(0.017640819456853113, -9.256444015288391e-05)
(0.933911744272255, -7.352539927472313e-05)
(0.7608516667503573, -0.0005150174249442561)
(0.6966672945225116, -0.00027641051965869253)
(0.44177604072866095, -0.00032690829727862386)
(0.744556680087486, -0.004583446795493131)
(0.5318404860022493, -0.03181746059699728)
(0.3873503612389791, -0.0012412022097224463)
(0.505148057179043, -0.00018533035560809217)
(0.5117837931502102, -0.011040347685597831)
(0.9994910410687234, -0.003960721348404517)
(0.18464734976665, -0.006646671912748574)
(0.31581678008374753, -0.006330001415518353)
(0.9425131089711997, -0.000796297259540699)
(0.33405406191132864, -0.00035945700001652827)
(0.9485112901018707, -0.00579565223978877)
(0.040289256198347105, -151.3873460434031)
(0.2178271015848762, -0.0030825604503302998)
(0.8597504845666941, -0.0006885468175626095)
(0.4100533452765263, -0.03249116476507109)
(0.13739105675932944, -0.01812541323353807)
(0.24808083786280224, -0.0003185133944465959)
(0.16145853071103247, -0.00014168454978637994)
(0.08922181448198424, -0.000315458354837802)
(0.6412545854963695, -0.03853051431442997)
(0.5645148831321972, -0.0004484521050250077)
(0.3990145313570774, -0.00021440042968470902)
(0.24281279882763807, -0.0011842229364608763)
(0.7797316015308142, -0.019309498512618022)
(0.6265145603110409, -0.0010461849512231924)
(0.5257291492356089, -0.0009640756043864848)
(0.7815650244008512, -0.00396339252888275)
(0.35988232155835775, -0.00548105893429827)
(0.15019926655225133, -0.0011694476810785056)
(0.5544189148367494, -0.0006390797210996701)
(0.9772817111595229, -0.0005042050729193511)
(0.463500794911831, -0.008394978774663362)
(0.6085104545750228, -0.00033099517672449723)
(0.5691238855032567, -0.003244822315788726)
(0.4873456371285113, -4.97160235344057)
(0.06056731837269156, -0.0026467323063171402)
(0.11981727335264526, -0.005974889130814014)
(0.07849595369506601, -0.00012200846209974637)
(0.39755950433651915, -0.001786177731831721)
(0.19818753390335203, -0.0005351894277872141)
(0.8283188235982815, -0.005703796788952957)
(0.4853890373657405, -1.8473973951138905)
(0.24424913540049434, -0.0007943385032956971)
(0.14788018215570595, -0.004324957013083639)
(0.7273112795220539, -0.009197153205772477)
(0.5695592802996157, -0.0007986914791506166)
(0.4125984279609542, -0.0004601306918487189)
(0.9992728154644761, -0.0021568556628701174)
(0.13402210709611828, -0.0792475318627793)
(0.01253257504309867, -0.0029430597679743994)
(0.8774741435071753, -0.0002879540652168716)
(0.8835179506291858, -0.00013998173546423857)
(0.20030076710530711, -0.00011330673246016655)
(0.19297869588116345, -0.00024950748882653973)
(0.187821522027181, -0.00027029602453575613)
(0.12031178892472415, -0.0004528599273612169)
(0.6580127281577984, -0.0010765350222981971)
(0.20151509928815148, -0.0001703990401552964)
(0.15121860489068795, -0.00045461778306480244)
(0.8323505371735447, -0.00016964350364826237)
(0.610332109242299, -0.000526067233621324)
(0.0974841004124166, -0.00028214047657794915)
(0.6560265263584701, -0.0046420478250544595)
(0.7711458919564982, -0.00040058184878116726)
(0.08122421417805915, -0.0008862977460767221)
(0.9186563835323522, -0.0259396519565004)
(0.3908255166815857, -0.0009044177390802689)
(0.3481977235484245, -0.00021745491407850953)
(0.9077961483206143, -0.00017557820831336828)
(0.2695292018837016, -0.00021148975406608681)
(0.1768783467746102, -0.0009056426106984844)
(0.797339292408616, -0.001977551730815668)
(0.10450601531722012, -0.005040670275600656)
(0.026820421900605046, -0.00010315895137770801)
(0.8954537308685948, -0.011378597220523725)
(0.1586133951769259, -0.0019389582477157862)
(0.32727286797047805, -0.0001242744655020931)
(0.37188070929863837, -0.001164045176260361)
(0.2499534912019635, -0.000334734861270919)
(0.15285797159424006, -0.00041235887592911617)
(0.13588078667323403, -0.0014839636217503557)
(0.40704333546825283, -0.0002024897101814798)
(0.6683627344591002, -0.00019458889917996073)
(0.7715837005500104, -0.00031048060253552974)
(0.2546543197905556, -3.552384150344571)
(0.792938230514725, -0.0007452783593201464)
(0.15422614524828923, -0.0007603629192471522)
(0.758410296503539, -0.0012985680821088095)
(0.43426911352910297, -0.0004325440018914143)
(0.4690471000987422, -0.001641330211986669)
(0.6499947304418626, -0.002746147225345537)
(0.18744957254314362, -0.00029416776153997297)
(0.5282260120481284, -0.013062801713088946)
(0.9987612283777809, -0.0006531829156411249)
(0.8443455830406364, -0.0009347795424830071)
(0.9937656316088269, -0.013323845199385795)
(0.1908331097294887, -0.017491583937622433)
(0.8909251052748122, -0.000265775452206201)
(0.5037451771160114, -0.0033110475363675625)
(0.1393216870852021, -0.001736040108637556)
(0.3934221220278784, -0.00012545186542928873)
(0.7427331439192947, -0.00033372826442026925)
(0.11537690818668511, -0.00022791732306801085)
(0.27630531686358756, -0.039350953536523695)
(0.40317174893872965, -0.00044813377408173364)
(0.8482142857142857, -1308.4192050894128)
(0.6570857681164665, -0.009468384925968867)
(0.80319416202521, -0.00212735697187669)
(0.5962103785790397, -0.00017001076502405046)
(0.33271767718153056, -0.017008748055305088)
(0.9035749217615996, -0.0039046712124683027)
(0.08202866720050202, -0.008876301888130456)
(0.17902723656231243, -0.07454849113820455)
(0.6845764180189228, -0.00011312685778791976)
(0.4154723982677008, -0.012831390740116091)
(0.2554628786705256, -0.00024160683267710538)
(0.30949367088607593, -92.74870314557863)
(0.18917805845829214, -0.00025506551046609844)
(0.11747699367183066, -0.00020112758490614376)
(0.18621005491488335, -0.00021358912866289122)
(0.3041570287593137, -0.02772972613899141)
(0.6338818481247098, -0.02349450773953434)
(0.22866356979096164, -0.0013913737530062832)
(0.23695463022603844, -0.00019440513316060833)
(0.47749076183974354, -0.00012392462162434087)
(0.16758592153479257, -0.00155548057320963)
(0.37934417301727724, -0.0006036252463882166)
(0.034758037674705415, -0.001890481615069034)
(0.8914667895476315, -0.0004442892426928389)
(0.7660323329850133, -0.0016158570067681393)
(0.5550617588307333, -0.0019528150402643618)
(0.3747750689268022, -0.0019595198544279393)
(0.3037630153962203, -0.1233709295064035)
(0.5277815482151901, -0.00022023912589487547)
(0.17637383846003668, -0.00013088943571141587)
(0.7277535616439614, -0.00024566134650635165)
(0.36409302841918295, -4.067022395926239)
(0.9201642526688362, -0.0001964896680856932)
(0.3706408861804288, -9.711493918040237e-05)
(0.7040529226650384, -0.008603775802001728)
(0.17125106595574238, -0.06311446468349265)
(0.47626386107852536, -0.0007971380836969552)
(0.6432483222748262, -0.0053401128991708395)
(0.2525761088248928, -0.00040184426892440607)
(0.1978611873721519, -0.0003095863804957727)
(0.01243511065956556, -0.05363268716165104)
(0.03758629072177768, -0.00018251659152510136)
(0.2382161701429062, -0.0002762495754261377)
(0.6356387437886792, -0.0002971848778612072)
(0.011434178902568853, -0.0008828003483058228)
(0.7092505264791745, -0.010688807406508315)
(0.23912831304569263, -0.00030612082290424795)
(0.7445352672792199, -0.0001438000569163709)
(0.439624610312445, -0.0016043029109225652)
(0.10588399448456795, -0.00016396019599436036)
(0.6079590020626728, -0.004378442522790635)
(0.24530780604052038, -0.00027887311150245686)
(0.6323668772622492, -0.00014374613305774846)
(0.45121406075693987, -0.0007222895311194955)
(0.22421117495591283, -0.00016875844419549576)
(0.6531164972472654, -0.0007351087246248591)
(0.913898558371086, -0.021596867230724622)
(0.9439990762150373, -0.00010374008725166601)
(0.35102611877177625, -0.0006628285275961714)
(0.353469458863778, -0.005334342726038648)
(0.5319397143066045, -0.00020105466727117895)
(0.4146403170835615, -0.00010746470017755462)
(0.2965848194417858, -0.0014320920675933674)
(0.8204301759320053, -0.00014033702326212582)
(0.3530204905170686, -0.000614351415222739)
(0.7372621640119462, -0.02279475967054726)
(0.6302118715352865, -0.002192576042284748)
(0.7521591324662019, -0.0006380200822160061)
(0.32787901829787486, -0.0015839649570322674)
(0.5715923344497175, -0.09474800600650062)
(0.6878678245956661, -0.00013758529780572132)
(0.26903294920915743, -0.00980560160443647)
(0.1467116043497691, -2.7287157561823)
(0.43179098301926006, -0.00274864991694597)
(0.3352076963936263, -0.000342929137734694)
(0.008708920264799858, -0.01201825837751155)
(0.16036662943365515, -0.00037799524626514543)
(0.5973791997795816, -0.0005996903303482156)
(0.28702195664121644, -0.002566254958688124)
(0.7450427361547419, -0.0003198983623210502)
(0.31411509306235313, -0.008822720411851169)
(0.16554278343749962, -0.0004682963281974384)
(0.8847499957049983, -8.086884519608803e-05)
(0.2722488324157989, -0.003947609402664274)
(0.7555896576201816, -0.000219089939841952)
(0.060255736462263856, -8.618196531630852e-05)
(0.87991247996202, -0.00021078575303017802)
(0.44225782985275297, -0.0036714291640898428)
(0.49746475376942756, -0.00022864482685505986)
(0.35502258661357267, -0.00010260388558146324)
(0.852786176928027, -0.0002276211843581298)
(0.5004635932552091, -0.0005928074246134538)
(0.97606936642825, -0.015120427640296483)
(0.9599699209955737, -0.0004968177082214327)
(0.6623030596717301, -0.000973998777268753)
(0.01641842555180746, -0.040202592120630105)
(0.026348184926097452, -0.009084417232174671)
(0.3513516853698013, -0.007215449503999005)
(0.7696790466916031, -0.0016088610842193848)
(0.09351801979340521, -0.00016211545627419367)
(0.16203101272527898, -8.818145008636304e-05)
(0.29604239386848996, -0.004391468453326057)
(0.6147195053440437, -0.0007259031842484214)
(0.6256546522850015, -0.0006146939988299247)
(0.1625817997727966, -0.0013712955550295818)
(0.3338771945130957, -0.004216805111042819)
(0.905525684401386, -0.0007668748900786695)
(0.6595911922871511, -0.00027891766550199075)
(0.8710577232799545, -0.002155789807135786)
(0.3465399541355578, -0.0017593425278240916)
(0.24624117064223036, -0.0033912044418194114)
(0.04470221389260967, -7.619572317828131e-05)
(0.18233469274211347, -0.011502720044943555)
(0.21985411031234922, -0.0002875095326502353)
(0.8334838900548127, -0.023613656354580938)
(0.8843789582741507, -0.024487901838145518)
(0.48080551804260174, -0.009861536888970122)
(0.16372292980857064, -0.001346852655761046)
(0.7140447043894382, -0.0012318475607153469)
(0.302810417026028, -0.001256346772246717)
(0.3454302845057995, -0.0008282816609744366)
(0.5115716909003943, -0.0008705943310896023)
(0.316153288421802, -0.00037819893743572307)
(0.9732250401734184, -0.0002447474748445017)
(0.6265797021593219, -0.0037521450338468274)
(0.9163453059461624, -0.0013892057358614544)
(0.7089989488814321, -0.0007226893908138839)
(0.5005768777212021, -0.003585281971831472)
(0.15352169396296345, -0.00046302865809102323)
(0.3647183912833281, -0.01460154846333248)
(0.5989644529517931, -0.00033514826998001557)
(0.1888448436184989, -0.00021702606258141162)
(0.8872089670052037, -0.0020764249405213326)
(0.04168355061609623, -0.0013608344156768072)
(0.5819463231648595, -0.0002282442062432773)
(0.34422514094453455, -0.0007919794481311156)
(0.34327376006807886, -0.0001262134858190646)
(0.16460031582785167, -0.00018028392649423669)
(0.4267977258678571, -0.00017802854110336044)
(0.11184507417945112, -0.00018577017711009835)
(0.3183937516504618, -0.010678301970674263)
(0.8430940560128691, -0.001764592442143079)
(0.1839073837430731, -0.004287951881160237)
(0.9106199601189955, -0.017443529403434053)
(0.6374064305501188, -0.018338830154117934)
(0.672860940867332, -0.0018129368759574108)
(0.09894799908113436, -0.0004550573239265895)
(0.49302604077671025, -0.00010877511985138938)
(0.47101246338400315, -0.0020579577854148282)
(0.4875606176520276, -0.0008805120269008386)
(0.5959804641535111, -0.0006534387431930713)
(0.6046237490685759, -0.0002512700317286827)
(0.5427375561359665, -0.13767916624703042)
(0.6127847177035729, -0.00019119467756938284)
(0.8506581290596976, -0.0003547737312797662)
(0.723219228815052, -0.00017632854938770588)
(0.22475214769342683, -0.00026908337433894985)
(0.17386764512459063, -0.018749491541277766)
(0.5601079564773886, -0.1245689824634599)
(0.3817712648937526, -0.00018830003928703963)
(0.673367141545854, -0.0033434107654019265)
(0.1004645599799037, -0.001882011178438579)
(0.8762947951938466, -0.003362480769952992)
(0.29081376693777006, -0.00027214262216599967)
(0.0549988450043106, -0.0018843963113230344)
(0.09249877742332015, -0.00034517569831216544)
(0.9772863182981341, -0.002597931776111618)
(0.847027574378769, -0.00028004887622095476)
(0.5345669801727918, -0.002480372059995939)
(0.5865987228149839, -0.00011975828365767652)
(0.3974744271980615, -0.006813042197332221)
(0.7410443829174311, -0.002011779821900725)
(0.4517492612219565, -0.04449762211549054)
(0.4019616070790963, -0.00020780283650125014)
(0.6507077642432741, -0.0001566732690742969)
(0.5989711804236014, -0.021618953331207117)
(0.6792872283820592, -0.0019235621533813718)
(0.48230081417659504, -0.00013421013179196493)
(0.479413270088142, -0.00017441417995388276)
(0.4484066738621574, -0.0057565608690438325)
(0.8504039055281816, -9.842447694053109e-05)
(0.8348386418788883, -8.048008914141723e-05)
(0.41880420869566404, -0.0006257504711182485)
(0.7982650352826589, -0.0016458983091415741)
(0.9243715039544776, -0.002942554614673953)
(0.41119540189572623, -0.003846951812005772)
(0.7314136565380606, -0.0018825030246106074)
(0.2719973181709116, -0.00044804043573703963)
(0.6582939739799258, -0.01051309763037616)
(0.3885860769025199, -0.0005614517395627412)
(0.1846187219013373, -0.0012904892852271756)
(0.6100861829401326, -0.0008427871375007892)
(0.4154752180046437, -0.00013782604619987107)
(0.09525458609999594, -0.00011084563413966725)
(0.009996501798994716, -0.04107665852569166)
(0.18230339526539235, -9.36222961088287e-05)
(0.4406813358190518, -0.00038360862156500434)
(0.24267718402468624, -0.00018205655582222415)
(0.8092880364564532, -0.0076579575294493715)
(0.7364525117898103, -0.007715762741020023)
(0.3606659215994982, -0.0010585348520675269)
(0.3070783900880129, -0.0006375693166247921)
(0.3209121346368559, -0.0104293965967583)
(0.0948862196049373, -0.14287673397618533)
(0.6931953730380875, -0.0003974833096447045)
(0.22423354370333484, -0.00031608896263558205)
(0.9803179318189112, -0.0002979554813335732)
(0.49316214374898604, -0.0008464280656102326)
(0.050171663658610456, -0.0020437491150303026)
(0.9482986168943329, -0.00027370282410131216)
(0.7478823312767631, -0.0002253902184836151)
(0.8409868749449995, -0.0002255317394980403)
(0.030045786518428864, -0.0009598492102279104)
(0.3735368366576664, -0.0001911076395690353)
(0.6341524203004004, -0.0028856157956147366)
(0.40513703087354785, -0.0008166071420492131)
(0.23455977631743158, -0.000366355032752826)
(0.8547190846829119, -0.00018792699306453101)
(0.05284946548201896, -0.00017637963307373634)
(0.6612218677745996, -0.00033873123683094813)
(0.4017085332637747, -0.2222381557819796)
(0.503182494119297, -0.0007556120673262588)
(0.8945448271169446, -0.00048160867364689035)
(0.07009554579475705, -0.00017406911657938506)
(0.24942230342059735, -0.001796595180725134)
(0.1496022768002116, -0.001219213612323356)
(0.6457148620965358, -0.010034848790734971)
(0.540284599566071, -0.00029631514438352007)
(0.04772859551489338, -0.012219468285390986)
(0.8005022165215369, -0.000257290285934899)
(0.9673455529226589, -0.0001017775716327741)
(0.3848347943220737, -0.0012645351389239498)
(0.3485197710068714, -0.0002714091299933732)
(0.5869801458277181, -0.00010079523026849377)
(0.22841166990641876, -0.0011726978938662257)
(0.25623872824551386, -0.027529936083518863)
(0.608738666334236, -0.0005631400082590702)
(0.4603283723912501, -0.00030098896683428453)
(0.5387409078567241, -0.0001667341800621137)
(0.20897124434269448, -0.0380031283019355)
(0.9333352243166161, -0.00018917098517921035)
(0.12419381772500825, -0.0017429583233922353)
(0.2024975998996771, -0.000671871065238945)
(0.44270051490958123, -0.0003062148847201579)
(0.45543304176444555, -0.00014686543515521938)
(0.07868079289131921, -1.0016606354751485)
(0.3655771030755702, -0.0076799087993827606)
(0.8065436544163657, -0.0005905786355134511)
(0.027373457083195978, -0.00010572146112255912)
(0.8949699702664177, -0.14466291176866863)
(0.8284566498949556, -0.00026094069310708613)
(0.5182863704895125, -0.029287081761157456)
(0.7339894406962137, -0.006633421658125305)
(0.8115268934510327, -0.0004062327269187233)
(0.09032692152197483, -0.00012125530704281574)
(0.07946775233905537, -0.0032455481466289863)
(0.24967807501266875, -0.0006443994267713954)
(0.025986139502964363, -0.0002556626745838983)
(0.6309784603359914, -0.00042381590514071874)
(0.638651506933668, -0.0001396522119754137)
(0.9443126428547453, -0.001527637028179449)
(0.8314636431464549, -0.0009837787256060096)
(0.341495808506169, -0.0004946988116949111)
(0.831133747823425, -0.00018154905537324265)
(0.5151592824518568, -0.09183868638980723)
(0.48097842176464967, -0.00018079510949233507)
(0.4595141619885466, -0.0006989181484317641)
(0.807504732869392, -0.00035765894381182834)
(0.2647926366537022, -0.004941014863139755)
(0.8339838094165889, -0.005315094963608772)
(0.6526624569524275, -0.0006683779621332524)
(0.6063255230876291, -0.00011179356951285499)
(0.018050821808335057, -0.00021799336871101903)
(0.9997822489522843, -0.0011176449549605491)
(0.41624988019846504, -0.054018678338413256)
(0.3210562442847083, -0.0008659384911351893)
(0.1891103026809332, -0.00020793828853305703)
(0.9344208881643505, -0.0012322102157908135)
(0.2834279028624136, -0.1384926501992332)
(0.6724468805880937, -0.00017975436535616732)
(0.14241594662606016, -0.0012627174035214597)
(0.8349707867079794, -0.0026677231328701475)
(0.4091062948847961, -0.0001562248498088486)
(0.415113159149572, -0.001034481458292249)
(0.1945126640677124, -0.004885639887583011)
(0.3570346315212521, -0.015798763871347377)
(0.16932624244297978, -0.00041586668939484626)
(0.5175985320673996, -0.0007679393656112957)
(0.5676201003074214, -0.00016032939823360412)
(0.17943325626695397, -0.0017856331799156043)
(0.8848244819571843, -0.0016450447025779357)
(0.18227170310453705, -0.03991612470283167)
(0.7486395261592967, -0.0025183519608691354)
(0.5880127248954073, -0.01720624237628924)
(0.8966567857326512, -0.0018433722976788599)
(0.7392597129574184, -0.0007986160741165222)
(0.22603299809711844, -0.002071845866509169)
(0.34896124953783325, -0.0003541017836744045)
(0.07130853760461126, -0.00042315453292931344)
(0.039919817056037143, -0.0001699431783452152)
(0.7947858036370842, -0.001586469587641989)
(0.6902077786088258, -0.0219211594569954)
(0.856079753090019, -0.0018103044567134735)
(0.383004536338318, -0.00719290633752351)
(0.20711193946140014, -0.00016668091585396387)
(0.055448768634308455, -9.776477359832543e-05)
(0.18996093932110597, -0.00021557106651526269)
(0.29772546133364464, -0.004418091456993373)
(0.5164824936105684, -0.0001314474048119063)
(0.20448015745725506, -0.0014993249282725923)
(0.9428543080797022, -0.5013649242186277)
(0.5202351056761715, -0.0005808830449909246)
(0.24907156229939145, -0.003243444274792377)
(0.6370438727829363, -0.0001369966101566197)
(0.8527758093077444, -0.0005144329300669026)
(0.30394079878564845, -0.0011556697889522766)
(0.3154547425997097, -0.0012330924083596548)
(0.5476720332439745, -0.0012805841982798524)
(0.7459175658585472, -0.0012082065814059766)
(0.6695322926807619, -0.001606650841061755)
(0.7076438985985819, -0.00011892490474587279)
(0.8197298653912684, -0.00038290940215185377)
(0.4236460202643866, -0.0002746265694900003)
(0.554702624779193, -0.0036791032691494354)
(0.7920668080625122, -0.0010913065368288823)
(0.8268107141389862, -0.0006952136117276211)
(0.33064345161112974, -0.005272766095178104)
(0.5530436813450358, -0.005543348878279916)
(0.9038424820515042, -0.0006505145636598039)
(0.1043666304008593, -0.003754944721634243)
(0.6917674584485856, -0.0006414304186757728)
(0.09359929640257954, -0.028755924333060883)
(0.5389941165089059, -0.0011824023518635107)
(0.6370301425189117, -0.04572454216158912)
(0.6169521050044616, -0.038642276597083726)
(0.14218361784799266, -0.00030293475930859466)
(0.2902941836806931, -0.0007828351657241293)
(0.5245408554888285, -0.015241678919189133)
(0.5418976512383523, -0.00029981364825151693)
(0.6629336896832115, -0.0007808783474117077)
(0.9232463838912394, -0.030332870567320112)
(0.368774816347687, -0.0008610436297310923)
(0.986271191920259, -0.004170479263909416)
(0.990802806153359, -0.0002723514929962365)
(0.02503045379374679, -0.00031582667307505804)
(0.39832940989347065, -0.009162102232472767)
(0.011551553022024284, -0.0262526739370361)
(0.6286595367202288, -0.0001324663554255245)
(0.47030446246337204, -0.00023524687304064162)
(0.391043165213459, -0.025886224257382785)
(0.9653130768050715, -0.00010925705074024763)
(0.27114239110163246, -9.387231073961924e-05)
(0.9070464692052476, -0.000472547098073038)
(0.48667726993627936, -0.00011296878455042557)
(0.28500491780984594, -0.017543095597292935)
(0.10021203132118213, -0.019139888816126792)
(0.018292511628411192, -0.0006788955164519943)
(0.37564833985849894, -0.0003884492474903361)
(0.5430738251439117, -0.00017994370310486871)
(0.24581195404225764, -0.21934546584903614)
(0.7874607776531323, -0.0007243141162707165)
(0.2956389566106283, -0.004395536013334944)
(0.1550357301197587, -0.0034885251632011814)
(0.32964086672132004, -0.0017265872225930034)
(0.05163011282051815, -0.0023810626912052694)
(0.051298075772134986, -0.00035623258477317433)
(0.45437785154775717, -0.00103317214581412)
(0.8417111522308979, -0.0026350935856563717)
(0.29540006811608305, -0.018962636435325725)
(0.24852202267037207, -0.0006612520550113009)
(0.8677770158483349, -0.0003033930623101694)
(0.06992292836728507, -0.00016005941473916144)
(0.7963133675879103, -0.0024315234943427357)
(0.9922630936138656, -0.00045872101992688)
(0.8043888019814139, -0.008409471797218068)
(0.8027619231709572, -9.093427656147914e-05)
(0.8254787984717358, -0.00027370496299251374)
(0.6997614677048453, -0.07390111296749013)
(0.17936221236645067, -0.00011338505955297183)
(0.4006782958921258, -0.09969857739513575)
(0.6450972210725081, -0.08196446244276152)
(0.5897032171982918, -0.0007629432531904029)
(0.04552264862169284, -0.002759758413383942)
(0.6943287537774617, -0.0015854741957858074)
(0.5310987296441287, -0.00043380299837154045)
(0.24898849433944478, -0.00019985603532071875)
(0.6407513542292032, -0.015755219412870707)
(0.040120839427872895, -0.0008073813675758593)
(0.2301084229012135, -0.0013446601492674314)
(0.1450836431402947, -7.919129515708057e-05)
(0.8094086009532464, -0.001305382093785853)
(0.6993078026549298, -0.0004837221976907864)
(0.9880352723033842, -7.992521354639871e-05)
(0.019858964393777444, -0.0024299362208479725)
(0.9154545790874322, -0.00033466226709826034)
(0.31202674474989744, -0.6832731124343235)
(0.7168448976676979, -0.002288981249382066)
(0.1267248704164036, -0.0010476479851978357)
(0.6850063713021588, -0.0021479465811138562)
(0.14308454752942487, -0.00012698695528464804)
(0.12056117261178025, -0.001029133679104337)
(0.880202733278575, -0.0014158775886493526)
(0.10187045460610515, -0.0007740862757933371)
(0.21649081671059847, -0.005506867812356233)
(0.35443135900884565, -0.010585258296338954)
(0.08134960369261894, -0.005772393709581029)
(0.04866880665873784, -0.000315925119575302)
(0.8867281037890726, -0.0006646929377775492)
(0.5546840689181068, -0.03445316424100042)
(0.705510705048692, -0.0002495356726929996)
(0.5407139214147223, -0.00368902992524954)
(0.8795879672574278, -0.00039814272352181216)
(0.21249356588667265, -0.0025404121079492573)
(0.9862924110482925, -0.00018665269670142934)
(0.7672130813966671, -8.541566355216495e-05)
(0.981240689482626, -0.0005479095609916283)
(0.9893295830879485, -0.14010163805863063)
(0.38017599300734567, -0.12316396679330843)
(0.06155332628284401, -0.0013043252541977994)
(0.8486630021099251, -0.00015526215894468966)
(0.7960462151828852, -0.00023921154005123376)
(0.9453925996792573, -0.00020413400475066603)
(0.18586092286687536, -0.0015216336663777094)
(0.4059358275482451, -0.0012930654840742457)
(0.8437817808314733, -0.00024047539049948)
(0.2875923205629993, -0.003917340669774624)
(0.07218793136005915, -0.004871890250365509)
(0.6441296985690318, -0.001979892230451008)
(0.04367661259729186, -0.00020421811160220395)
(0.018292337115752542, -0.0006068116828632553)
(0.843321810046826, -0.0012335923979813722)
(0.5165583142636954, -0.00048632787426302845)
(0.3267378067231194, -0.08527435220380604)
(0.8961696478680959, -0.0009054897511549627)
(0.9354640443672725, -0.000734902412351158)
(0.7942755415185871, -0.0021360034389052386)
(0.7557031283201947, -0.002256469024604383)
(0.7442655662905834, -9.646996970462506e-05)
(0.014804434838970397, -0.0007467468601644848)
(0.008875339851387568, -0.0007285108828008688)
(0.6574713622906905, -0.008075303414020869)
(0.4717593782256797, -0.008383074594590586)
(0.7865837423073074, -0.0036438887583997285)
(0.29285477626269385, -0.0001544702303470255)
(0.7285503567738881, -0.0006657672022894509)
(0.344622541547851, -0.0010507799361348488)
(0.5991374053160573, -0.007936659162178537)
(0.3299763405230631, -0.000515650312135682)
(0.14916234249435717, -0.0005332066239434187)
(0.6014092304089854, -0.0004959878691744183)
(0.26594776835237605, -0.00519770351433494)
(0.2991951149356791, -0.0002375625476428859)
(0.8509296099887727, -9.147319489494312e-05)
(0.264195134181501, -0.015283428250892461)
(0.25288117466249843, -0.0003622994747648842)
(0.9037707070160481, -0.006457481113548655)
(0.4648570970947292, -0.0005971798542275359)
(0.12825237255546193, -0.0004922899849365599)
(0.7008438767597583, -0.021587157530636565)
(0.9713697692078673, -0.00017108234168321582)
(0.6652660397801141, -0.00019751386480594343)
(0.1209885042726951, -0.00019540409720299914)
(0.7681294679100095, -0.0005357066907738874)
(0.4210213982400974, -0.004937460241341533)
(0.0781308938685429, -0.0004995040201867762)
(0.9858878824582653, -0.19293136943758785)
(0.6581163067704381, -0.00039700037114212685)
(0.05418963256579888, -0.0003968653150794588)
(0.19917385527521722, -0.00019304319094365902)
(0.39619970067265675, -0.0027636285400854652)
(0.9034397133349039, -0.001974184414075566)
(0.6148795420711635, -0.15363150878537127)
(0.9408799511112119, -0.0019823322342754903)
(0.08393236834377556, -0.0010883347845410426)
(0.635499129524804, -0.00022929114982588782)
(0.7332113585105158, -0.0010868146347035059)
(0.003661740120766484, -0.010063618517702537)
(0.1343519658810159, -0.0006934746315204148)
(0.038429073628987974, -0.00020362021584666365)
(0.42542809135995474, -0.01895222838359322)
(0.23265649281148124, -0.0006921786939937171)
(0.5034188334321466, -0.00086778167499225)
(0.2963843582433165, -0.0005444007124410684)
(0.5078940202130635, -0.00012053994127904395)
(0.6361301338276178, -0.0006315970956549504)
(0.5549485105480509, -0.0004006039910825014)
(0.7005700695745305, -0.0007563094933768473)
(0.6506810875855417, -0.0002355430420347271)
(0.9301969227077456, -7.880906386723254e-05)
(0.38751015094001984, -0.0018882314110493955)
(0.45862690871071915, -0.012355962510435345)
(0.9082299179628982, -0.0005555249079630985)
(0.9611200051976913, -0.002850617555941596)
(0.38512281865480746, -0.0010965330332792364)
(0.26207541072857443, -0.00012817690969123545)
(0.6035644632834881, -0.0031211763690688456)
(0.1525390843490109, -0.009828124029716247)
(0.19720801804359517, -0.000543565125535697)
(0.3838062740046011, -0.0093792963128481)
(0.43855744805126956, -0.00011092410563992458)
(0.690090920242553, -0.000132763241693463)
(0.7561249106401079, -0.00048531686396774756)
(0.6787363150999952, -0.00641705399876856)
(0.10181607567121596, -0.00019606030985084324)
(0.4732046227158477, -0.0017079883078003615)
(0.9105344468353027, -0.10413708166929662)
(0.7689283488029426, -0.00017425338502562518)
(0.6905434549061392, -0.0006733689945968637)
(0.19534287782649085, -0.00044112247065731993)
(0.37233422609914724, -0.0008070521686984519)
(0.2909138887765437, -0.0007881412619838421)
(0.9324659823294059, -0.005402266907236615)
(0.4007385782185952, -0.0030705390699059336)
(0.4506086330220207, -0.00177796452288486)
(0.514940937191113, -0.0009079143517713406)
(0.37985015143606604, -0.006089980242248428)
(0.6593769224313889, -0.005081736527982773)
(0.7185186949680332, -0.00011246346205996815)
(0.10644528172151457, -0.00504216044035177)
(0.8313502013836952, -0.00012869119104003178)
(0.6343536054986953, -0.0007124614562905785)
(0.13099920167436546, -0.0002892588203076428)
(0.2681022161068512, -0.0012217463381697605)
(0.8559246152829828, -0.06541079821974721)
(0.28779362346833026, -0.00017795278486980326)
(0.49560044101645456, -0.016022375218454274)
(0.5452886681889514, -0.007128678023644428)
(0.0360472149131449, -0.006359994615336758)
(0.5032199961120696, -0.0445116245990615)
(0.7488353984138739, -0.007958596956504284)
(0.33101076987747036, -0.005597979747212573)
(0.5535542320860699, -0.0005444579692708308)
(0.08359556689347786, -0.0029985548740045927)
(0.8363900736367846, -0.00025569642610808987)
(0.8983560055133413, -0.0002631593472824509)
(0.8083865284524667, -0.006732527983947292)
(0.7067088081187225, -0.00018562795678836184)
(0.7819123985044476, -0.003192482723165042)
(0.8346990217591245, -0.0007223669779174596)
(0.7900320732768099, -0.0014528043493434778)
(0.5220014202864244, -0.17344413654872082)
(0.9281247843702134, -0.0002459068113003)
(0.8688343239177898, -0.002973274082426698)
(0.9279650645681535, -0.007296202892791803)
(0.5952760028879225, -0.0009006807874435299)
(0.7279655190586612, -0.08776120077830905)
(0.2962058456343141, -0.008996317009364615)
(0.58353568130932, -0.00034408364240053686)
(0.603607636182636, -0.0030986352444373963)
(0.9445026665138992, -0.0004277113668542187)
(0.06719278543014098, -0.09914144384083447)
(0.1978688393239349, -0.0009605372204545855)
(0.21579708267445516, -0.000180663219854296)
(0.9008005426217057, -0.032167227354546704)
(0.41476923407127236, -0.017473838773876604)
(0.22596505598312094, -0.0002209901364108332)
(0.08331865110278848, -0.000184594965899134)
(0.16181097257375213, -0.03800230046730796)
(0.04441399474940066, -0.029403787897700442)
(0.5264259832972746, -0.00016815979123775256)
(0.09348539050718994, -0.0005539067281054092)
(0.9745508062979816, -0.0014390121251074204)
(0.8316814849276163, -0.001237671807076393)
(0.03743216819736039, -9.025432161004644e-05)
(0.3592527422048729, -0.0003446419532193229)
(0.1543747150620492, -0.0003121975973591722)
(0.05754832333925162, -0.6136433912181092)
(0.9539342636886574, -0.015563112382441527)
(0.6403984128709642, -0.39825782957390543)
(0.7458814285666701, -0.0007674973188937853)
(0.1863145625771314, -0.00023720386811927057)
(0.2805793204951038, -0.00023738922740050857)
(0.884027041392397, -0.0007170900089363561)
(0.046880424257115784, -0.009498272078469304)
(0.4114628842041236, -0.08842846874110799)
(0.00791490658886034, -1.5954247155207752)
(0.518552265884615, -0.0027824468651454154)
(0.5476250665090157, -0.01732698208335965)
(0.554022240931548, -0.0034625446636587253)
(0.14886021199529784, -0.007287112154324851)
(0.3763135727777888, -0.00013563424357820078)
(0.38124380725252144, -0.0215943721622428)
(0.84157743717366, -0.00018591719885399343)
(0.564276895411276, -0.002774631085444235)
(0.13300916697082854, -0.051430128509565035)
(0.46566167785526164, -0.0009577905546917474)
(0.21084949300207673, -0.001687532010181809)
(0.21152259727958264, -0.0006985078476401466)
(0.27203947783421456, -0.0002542337286195791)
(0.9930598197732389, -0.0003196282791644053)
(0.6969036092969237, -0.006566156298168209)
(0.7286319498597872, -0.00020059042723736338)
(0.25359399097733343, -0.0004890054637035053)
(0.18653737581304358, -0.01129023082409893)
(0.06100653475885367, -0.0013906243229930523)
(0.1283253194303919, -0.0001544154522035257)
(0.14420286070149577, -0.0001647061029164323)
(0.568714428135044, -0.00017987070987048206)
(0.9856356306068856, -0.00737666265893253)
(0.7311605093174657, -0.04662008070704773)
(0.6088725841802386, -0.00015036000632957759)
(0.5436251542937256, -0.000898639078994403)
(0.42970282427318357, -0.0076586651221784)
(0.6845479637521157, -0.000805346455057716)
(0.4719647932954615, -0.0001407758568311413)
(0.525073021465844, -0.00011200619955054228)
(0.31752787569680097, -0.002821649665032879)
(0.6713548622386996, -0.0001318320635848182)
(0.293543844090925, -0.007109235269034273)
(0.8680266482459892, -0.0006359198548216233)
(0.2813128702728252, -0.00043892214611826626)
(0.28111760964624627, -0.008076546024473538)
(0.6718117875205452, -0.0025787920179426785)
(0.5874121588413235, -0.002091032822846801)
(0.05509238511931788, -0.05400665394350984)
(0.017433302937632126, -0.10741822552389647)
(0.1744848312749966, -0.0006889521686230508)
(0.671593532179448, -0.000761349806279052)
(0.8421549192418, -0.00010212762372040251)
(0.3462249933064419, -0.0005638292532935416)
(0.9478785244179002, -0.0006188555664874501)
(0.1933960715668357, -0.0022026956063738398)
(0.8747915760288393, -0.0002505706908198011)
(0.9458762711854414, -0.010799655969273868)
(0.12327739704714441, -0.00029268066799435023)
(0.38022603899403506, -0.00021453757403983286)
(0.6702229311605489, -0.0004725915908499798)
(0.7107229427723432, -0.010380380878072595)
(0.5801007693197402, -0.0025343125059147913)
(0.809261699844411, -0.006569985614380108)
(0.9703959841583479, -0.01495338065414103)
(0.7762969799115672, -0.12499228172424655)
(0.17855807730918444, -0.00011222515592696275)
(0.946280586235194, -0.0012678908916117723)
(0.9008523816542009, -0.0006171511213975834)
(0.22153387696069168, -0.0002554918945808987)
(0.24602811550741166, -0.00027053786912982903)
(0.6464109506537725, -0.0022364458144847445)
(0.922122864836753, -0.0008100488733096816)
(0.06635654342553084, -0.0006713732599349433)
(0.8609376639084135, -0.0016892921389440076)
(0.32517921263748545, -0.000633319075240068)
(0.3089320652276313, -0.00020302166035680307)
(0.8928024759762342, -0.0009074587730721684)
(0.8928569938500125, -0.001513382299087873)
(0.19824106151045826, -0.0005165322703012525)
(0.24149712805747575, -0.0014225551209110056)
(0.8312869397663254, -0.0005772068578467248)
(0.023827923624214313, -9.38946298148594e-05)
(0.8403051900365636, -0.00016516967424887681)
(0.875, -18317.86887125178)
(0.6260309555835323, -0.010518277128125614)
(0.8474515141163077, -0.0029727896224672604)
(0.24149365778459134, -0.0003909539312462483)
(0.8088435450098688, -0.0002213910428414227)
(0.42494050657237, -0.0001463238777866696)
(0.33692316644707426, -0.0012398112811553988)
(0.4263709656396322, -0.001469293752268609)
(0.4050634007301153, -0.011429926536863949)
(0.3369861766450796, -0.0003819374421326236)
(0.7358393717676444, -0.25848782371184537)
(0.4487667508844295, -0.0026199093181724833)
(0.5205368250720548, -0.0007631406855738624)
(0.6291884617598641, -0.0007139212908907029)
(0.0261569251637341, -0.005336523832376303)
(0.7763002229521168, -0.0012078395978620848)
(0.9672412300995937, -8.312024559813325e-05)
(0.7237252094159529, -0.0010294055278905977)
(0.9629677316224926, -0.0009200742610045938)
(0.012923645554452162, -7.285748352639371e-05)
(0.49239391516491937, -0.0006673285064028559)
(0.17256841473934484, -0.003930721317900119)
(0.00906754983627432, -0.00012792963168469784)
(0.07400170356623208, -0.0004803833567204824)
(0.8184946407992439, -0.00020686893662757492)
(0.9111526347665435, -0.01599725156836436)
(0.7705445984174784, -0.0006366059364624213)
(0.350381436925877, -0.000840271738947279)
(0.26828910592331917, -0.0004168668538435705)
(0.6600282283228573, -0.00644942583793819)
(0.30048164721885895, -0.009084146925028859)
(0.32451255657955436, -0.00021555306479810368)
(0.018270414318691863, -0.003314561996939605)
(0.32227934991100105, -0.000636756194838702)
(0.817503987519746, -0.00021979015986305122)
(0.4897365175323573, -0.002009592077342288)
(0.6270995187630346, -0.0006941895663922446)
(0.05922590110294382, -7.862684335163023e-05)
(0.19657473793083383, -0.0013753922094902802)
(0.16258076293163873, -0.0005527656797726486)
(0.8875171631136378, -7.762769141054518e-05)
(0.21047554800072527, -0.0010594551829986117)
(0.42893900438120564, -0.003521781227193579)
(0.37324842538679537, -0.0006091146479904236)
(0.3884565207930827, -0.00017015168038760995)
(0.7008664760587673, -0.028463563908681898)
(0.38824316837299105, -0.00561018773996198)
(0.36115009534761006, -0.00033807047013405305)
(0.688521189097481, -0.6756120263803997)
(0.1113467285433141, -0.0019470596320513287)
(0.5111646019011478, -0.0025578951870230617)
(0.8330515275917925, -0.0016619928752139798)
(0.16070172849532685, -0.0002980966514806851)
(0.19159080149238264, -0.006254809284231618)
(0.4048850300496678, -0.0017247381669739633)
(0.4251153616975241, -0.000291660733266282)
(0.48382413761129495, -0.00015157864894646048)
(0.15198204954751118, -0.00030584592354917145)
(0.6576464682261846, -0.0001550703751042913)
(0.08790428400869359, -0.00091400978364971)
(0.9357276947020425, -0.009079173892976095)
(0.4091946913659064, -0.0016298961350863972)
(0.2922244955504161, -0.027844186464132045)
(0.50415976311315, -0.0005201729876150287)
(0.6701276878017952, -9.774179185577835e-05)
(0.8288619855670948, -8.06564987171517e-05)
(0.04924788935227072, -0.049033060670085234)
(0.12636844250926105, -0.0010629499364724613)
(0.043429696778291164, -0.0007107053473705607)
(0.5181442344339087, -0.0051052470379089965)
(0.7412174251302057, -0.0011532900747561064)
(0.3484665371661193, -0.00035733405644517444)
(0.6914414866958871, -0.0002525286179953554)
(0.6956611645210502, -0.0006173774066681173)
(0.5744826540762551, -0.00047906755262416844)
(0.7989673939955593, -0.00047677768210681076)
(0.053947183310795184, -0.00034907244446078216)
(0.49503409595101566, -0.007656565138325037)
(0.5006714524752836, -0.0007798177760496901)
(0.2516743067376035, -0.00042342207653520424)
(0.6267320724340399, -0.0006152934457746694)
(0.7697457682036284, -0.0001128910570775168)
(0.4711009257349837, -0.0038783030008371034)
(0.8392362923553611, -0.0004197192487345557)
(0.2691212028984187, -0.00048030009849662033)
(0.7507658613690631, -0.0010751284623517334)
(0.21302757122556773, -0.00012901708670741573)
(0.5096533569302406, -0.00031132901511082985)
(0.9086828946690144, -0.09939670721633388)
(0.9579648545607217, -0.00020213686694145374)
(0.4360475017045065, -0.00015592752251007366)
(0.7047463885605498, -0.07664460453038956)
(0.32417512007914784, -0.0001864422237361966)
(0.08431996855095737, -0.00036432131674144175)
(0.2988121596606941, -0.013168138936615049)
(0.2805553464080776, -0.004098689412695262)
(0.6146984218512103, -0.00013002319094457008)
(0.7140890460446233, -0.0008346430691232653)
(0.6403381941060925, -0.002501739624408836)
(0.4897425783008279, -0.001980597709619005)
(0.7230383085480739, -0.001977444990785166)
(0.9396627064441653, -0.0011130014342650486)
(0.25436863016668926, -0.000977817762420706)
(0.8675073604318229, -0.0008520775432979958)
(0.6639888414177376, -0.0006384093807765181)
(0.7130520083489907, -0.003942861647625964)
(0.5515286046364506, -0.001972476219043747)
(0.8909578930787482, -0.0006871662427992686)
(0.6290674431933687, -0.00035122052780094945)
(0.5715166274061558, -0.0003484697127087827)
(0.1934043219201628, -0.0010418727356397523)
(0.6461741564376664, -0.0003367772947537107)
(0.5416851500020483, -0.0001403954444138303)
(0.28208736273016866, -0.00011639291819351331)
(0.14589627369547933, -0.0005473975590415967)
(0.02929753108116162, -0.00019171598660182407)
(0.20636262238260247, -0.0004249231795015614)
(0.6298856076610406, -0.027464760009613454)
(0.4453895209109771, -0.0007338176093351409)
(0.20445820724128938, -0.0017595207314052665)
(0.8621797532905899, -0.0007364995375938214)
(0.14532851465358962, -0.17029185275526323)
(0.31700031536799506, -0.001375445137889158)
(0.5096295322132448, -0.0009369068590508101)
(0.904274411848462, -0.006496138167958106)
(0.9888058508833221, -0.00013479889092091605)
(0.2942843028999826, -2.1291182508574162)
(0.6554467249675616, -0.00023558978970170574)
(0.07172020224151747, -0.00017759185582284318)
(0.1823793814870405, -0.03886070755347794)
(0.7609742269794306, -0.002253100587276727)
(0.6408118117318267, -0.0035699796185897875)
(0.9245992943021222, -0.001137008865123315)
(0.354371235320366, -0.0007481773358500848)
(0.11954592765245696, -0.00015388435174882697)
(0.26655083072075986, -0.0071074422923593)
(0.614225948636639, -0.0006968091944038639)
(0.792360764950177, -0.02532854386275058)
(0.8939356828785531, -0.0006615690502380844)
(0.5417353522402883, -0.0026597516024619767)
(0.6762918948609662, -0.00019943342853778422)
(0.1741943120390874, -0.0003730180321696202)
(0.8118333567716466, -9.287711622212704e-05)
(0.5194186230459745, -0.00016816889120536255)
(0.5304525472756824, -0.0009659067678816975)
(0.8576304649410341, -0.0034673423100849464)
(0.49672535992147165, -0.0013319180448812461)
(0.9334347600696796, -0.00840720233687374)
(0.7144400277245708, -0.0017859581299361385)
(0.817032172378066, -0.0005009666505210592)
(0.40043150262403426, -0.015683731305443052)
(0.21920190098301487, -0.0005451919899911041)
(0.13511579057326717, -0.00017546919519144846)
(0.24263124743383035, -0.0006125656811098874)
(0.5176505741785109, -0.0013494342469497658)
(0.713225964321772, -0.0005363919765356194)
(0.9877253274865216, -0.00039679626145087586)
(0.3097584762202827, -0.00013975890555016914)
(0.5652889988431479, -0.00015545373635515096)
(0.7498114779305967, -0.0008987468809438774)
(0.3563087870523153, -0.0004916297509050524)
(0.038272088861256624, -0.0001431279915189282)
(0.8069094220044293, -0.0001759336579877625)
(0.4713928016989568, -0.00024364122503748437)
(0.39562587187143133, -0.0005319951383942717)
(0.689369015329125, -0.0016219549772120054)
(0.0893577270634166, -0.0002253861293426625)
(0.09002685098012984, -0.004685650500933537)
(0.7936462869581893, -8.494234468680637e-05)
(0.4720792900625422, -0.00012265357239625222)
(0.7295146036178596, -0.0005755345351785209)
(0.6994637171764837, -0.0005084624679745678)
(0.9705775766505819, -0.0006336205003971149)
(0.9069774435489314, -0.0006506611753491418)
(0.15552670583593692, -0.07813040539662311)
(0.3603683187307964, -0.00046146025129337653)
(0.27606225104720583, -0.00032946313960856375)
(0.5108373596066914, -0.017265567088350964)
(0.24384130604896495, -0.0001612147727567366)
(0.37913260060976955, -0.16164513239986922)
(0.1202941199517567, -0.00031686163774204037)
(0.1348913665322185, -0.0008639395733779337)
(0.15709579612619298, -0.09373829476371712)
(0.5305312900748935, -0.14727757149663948)
(0.895546548784144, -0.0015762800824211398)
(0.8000157998482392, -0.0005230552536605359)
(0.2971586642609879, -0.0007684301591595526)
(0.707114795122565, -0.00033684113100638054)
(0.015400061046081569, -0.0024293593684219586)
(0.02894397753874939, -0.004022704764835841)
(0.26505102040816325, -37.38340585969751)
(0.623523035223138, -0.00023787068799806116)
(0.6189763590132416, -0.0012295327360401446)
(0.026874399168220126, -0.00014958446872608217)
(0.956618816955132, -0.0042500633978713055)
(0.5547772983649817, -0.0004441930879140091)
(0.35756266733051034, -0.0007781699163572559)
(0.8011064571336413, -0.0007214297183379973)
(0.9058668863816509, -0.005270244790281073)
(0.6179945082856543, -0.0001519228930749087)
(0.6428386547355737, -0.000410972051238198)
(0.5451254308583663, -0.0004914153570826733)
(0.12352299346500485, -0.00017331134260419517)
(0.2503955338030103, -0.0021360071750265394)
(0.12555036131444017, -0.007451179888931872)
(0.3647286108969224, -0.007842604283558447)
(0.6968452012735182, -0.0006650930787961678)
(0.11153746851806214, -0.00010358552993688218)
(0.3373095222959534, -0.00013072872577351216)
(0.9021374919487105, -0.00012861959666606729)
(0.4830191920521833, -0.0003203077870933937)
(0.7626952833213262, -0.00045028293438081646)
(0.40753388428064713, -0.000200211621321302)
(0.663888541008267, -0.00031765098056326903)
(0.5139153749897539, -0.0014792988237521127)
(0.4017676405139617, -0.2629799565178635)
(0.636594182501382, -0.004969764572403821)
(0.7694587528193239, -0.00923244780124329)
(0.9559625725294163, -0.00025281628455547093)
(0.11801281116554711, -0.0021867091315518586)
(0.9536357866441227, -0.0006723647474287234)
(0.850492873821162, -0.00035154883282479706)
(0.6660799308878272, -0.0021771818784445366)
(0.28956762375531303, -9.274101221561116e-05)
(0.8291752243081137, -0.05448495427952005)
(0.8802608238136961, -0.001518841578685502)
(0.02855626800942836, -0.00021488994781199638)
(0.7523159345975232, -0.8861198176882633)
(0.8869809489770373, -0.0001162156644664654)
(0.9868152458337849, -0.006508149055107832)
(0.851849313087831, -0.0008283190590128548)
(0.4631829125488016, -0.00023179374019873287)
(0.8548984316194365, -0.0003169637635695334)
(0.14544649467186296, -0.00014551240187336744)
(0.5193060376906313, -0.00026867909509136194)
(0.7564956371582799, -0.00011337469260287676)
(0.44864149355298544, -0.0012797144333792391)
(0.3842689638710135, -0.00028642284052670747)
(0.8629910943236009, -0.0008004681741596544)
(0.21303199626720462, -0.0009584644821957344)
(0.33105381566984804, -0.003301373188821097)
(0.6376026235195488, -0.0004144334383357697)
(0.7834205939741551, -0.2543918795004865)
(0.09152365927766123, -0.0014559280070518812)
(0.8838365754541271, -0.0016669159782749534)
(0.05476710314310083, -0.00067597010629231)
(0.677363887298416, -0.00025541579688366907)
(0.14699119393502108, -0.00023539299119035975)
(0.1131658045280295, -0.002642845329645199)
(0.685236515019889, -0.0005302941033149533)
(0.30905193379825613, -0.0008002901507816672)
(0.41030713767142535, -0.0003813325229612624)
(0.31247480883671264, -0.021216019577589687)
(0.7157010518022998, -0.005063541815361504)
(0.31374416939555533, -0.00010855572645705958)
(0.6489742355909264, -0.00011139583588494207)
(0.16122293414005187, -0.010940793013832445)
(0.37759389891492057, -0.00029649942630319954)
(0.49357834303815373, -0.00040922859012417824)
(0.5112196747205014, -0.036166477694418483)
(0.1825199720154372, -0.00056387366779165)
(0.43033890274711567, -0.00031199841998787745)
(0.6587617789133532, -0.00019267222230536448)
(0.9345485038168604, -0.0009724029902562475)
(0.5079270576188003, -0.012228069937244932)
(0.858060489642445, -0.0013768234319356159)
(0.32307971135298064, -0.0002220942685404427)
(0.7833224896728921, -0.017335221822257132)
(0.48321711307122667, -0.0021044607029534726)
(0.705740011733542, -0.00019852719545362073)
(0.21590623179965054, -0.08534825333140025)
(0.9507752310759673, -0.0010350994561932202)
(0.9910356399100161, -0.002419363881741389)
(0.935178470045339, -7.414860979115673e-05)
(0.8068150490370076, -0.000638548015194532)
(0.5140086265842614, -0.00035595846035790866)
(0.46228362726957944, -0.0008240044808770273)
(0.5230251770679633, -0.00019507840821302995)
(0.319752481492763, -0.0021647484733765855)
(0.9720102128810495, -0.03393401339781011)
(0.6188182415037711, -0.05924355059978712)
(0.5981637753007663, -0.00012922349818839273)
(0.38208563587486377, -0.0001765140052864172)
(0.016435164519471145, -9.277494459737631e-05)
(0.4568453099123261, -0.0005092397420248221)
(0.5376200763815498, -0.0002631430179216759)
(0.9416460545426483, -0.028997390202351214)
(0.5962535969815906, -0.0004662791832422415)
(0.26330887298914957, -8.933812652989633e-05)
(0.39490467338166935, -0.004504615707826877)
(0.6976434192636297, -0.005055975182886895)
(0.40125175918827233, -0.000523466213333292)
(0.5047145463636665, -0.0011230062249034869)
(0.33994384962448554, -0.10363276732954348)
(0.10396243680001176, -0.0010122646298651912)
(0.1563233951168979, -0.0004444436783888522)
(0.4454479420712008, -0.00018716476765137581)
(0.007866656649314161, -0.001825230931404214)
(0.3689698119205536, -0.004115286094803404)
(0.9422843428637224, -0.010545768965667156)
(0.08826780594694929, -0.00036707705033607195)
(0.18414963638700493, -0.0005858035068720724)
(0.5253176353886659, -0.03890932641278163)
(0.2959906934212852, -0.00011649460364045431)
(0.46080694659339066, -0.007215418240135856)
(0.5219445347958761, -0.0001508778030233415)
(0.19585463782761386, -0.00016753576846354268)
(0.9150438227509251, -0.0008503482793125712)
(0.7556229727961509, -0.0002369612812513914)
(0.7755097082822842, -0.00013050841603988258)
(0.4998477272369998, -0.009141540369687466)
(0.8542573499257057, -0.0007901374402219967)
(0.7680881464387281, -0.001433766609353823)
(0.4028169167328285, -0.00036154931387447585)
(0.3093950839684586, -0.0002058426545515345)
(0.25317580330799283, -0.04586042456184499)
(0.32535027535445094, -0.0007994589961952663)
(0.004288612271493671, -0.07725456642051609)
(0.34324187182860366, -0.27540490691602)
(0.2549199476256211, -0.003013339422881948)
(0.39150151532537214, -0.00019979041348335341)
(0.3053013283472157, -0.00017594659314392442)
(0.7442381356248343, -0.0001418747237860225)
(0.3503082762368916, -0.06528281715032219)
(0.008342385470988192, -0.0002761220125439969)
(0.21448653839724113, -0.0001883594291065533)
(0.9699071179698188, -0.009623580131536748)
(0.10155665648503198, -0.00023574416007165935)
(0.5567240554699071, -0.00025428758862303493)
(0.9239282715248562, -0.00015419540882831334)
(0.6476308778481957, -0.003911046826623701)
(0.9151243868285442, -0.007936402983625268)
(0.9173995630022614, -0.0003295608090642965)
(0.5282274588248116, -0.0004893066282384082)
(0.977402122263759, -0.005028111807048404)
(0.6861252280743452, -0.0001686775000569816)
(0.7785468405986672, -0.0004022499427106335)
(0.47704604337393675, -0.0008002422181316002)
(0.7730932319108452, -0.0037193574410222963)
(0.8727647041191545, -0.00011651281091952409)
(0.9263467861026551, -0.0001965560318000898)
(0.6801724807939802, -0.0009332568981351965)
(0.9216029184962806, -0.0021436214250926946)
(0.19119476232195062, -0.0005861934320729267)
(0.267770906701196, -0.00017754076283633876)
(0.15742099381312383, -0.0013991146645804635)
(0.4941251060230086, -0.0007507574073171617)
(0.7342958908671532, -0.001837424565046883)
(0.1298332678618535, -0.0044680458821329885)
(0.03516206250935311, -0.0007056928307329147)
(0.11415371537332021, -0.002581701635329254)
(0.5902872052994091, -0.0001165064601030447)
(0.04614189249560077, -0.01960097831309441)
(0.6404935168424312, -0.00027197519795385793)
(0.5468552174323045, -0.0005118170675715347)
(0.9195051010368287, -0.0008923428862682038)
(0.15477144858920192, -0.03111249250971619)
(0.3537254251914122, -0.0018728787840874485)
(0.24377575207939134, -0.00024349910844966404)
(0.03242685548723262, -9.238475469084405e-05)
(0.983484341900656, -0.00021325634308136024)
(0.5168118464385411, -0.00014662162989607604)
(0.2847554750250334, -0.00030987601311918976)
(0.8490213517497514, -0.008923331708525686)
(0.4515803439202507, -0.00017114288718278573)
(0.6086073780927048, -0.0002356305740647461)
(0.3279135164097639, -0.006792269879991167)
(0.33349342554819755, -9.383115839257429e-05)
(0.685072977373319, -0.0009684006599663262)
(0.559166203878679, -0.0007925786995762878)
(0.05619570780392915, -0.0007092075596558356)
(0.06969931523984639, -0.007028660036978346)
(0.5619713595873149, -0.001289825404514286)
(0.3222863773010339, -0.00013969229445253724)
(0.20406934718413836, -0.0007727428336322201)
(0.4415534498460555, -0.0007104900574606558)
(0.011719435568155407, -0.01448146747160826)
(0.11710424628618403, -0.0001888182732459917)
(0.8811300160168203, -0.0007744945210082732)
(0.15469335792774971, -0.0013980221387336477)
(0.3076811820221554, -0.18430479098543884)
(0.2958509033069309, -0.0015749347208401585)
(0.23341776204993103, -0.003929835874061521)
(0.25473156153095095, -0.060525226033672004)
(0.5544049871758254, -0.00045381916275046507)
(0.5965518806260157, -0.007750985380902126)
(0.20685556266872782, -0.00019102189489957858)
(0.4679994623429885, -0.0004118223137720856)
(0.11369316112956723, -0.00013058254812453146)
(0.36426826710748694, -0.09039053982187133)
(0.6283063823698072, -0.000779423451063587)
(0.31661024728748893, -0.0021456761319233373)
(0.47226879633031826, -0.00018521378069200542)
(0.3658547011175497, -0.00015768655850975495)
(0.35627186476303657, -0.008563749559374577)
(0.37059041406302934, -0.0012696642897258921)
(0.13300385716652074, -0.03467733523510122)
(0.3468547169524014, -0.0029992559721121526)
(0.800618906428458, -0.027710471860844237)
(0.9023895641657326, -0.001232819623714199)
(0.4605202005926626, -0.0002402652999006604)
(0.5484969755814949, -0.00022054279550230317)
(0.2629808234404547, -0.0003195068903345758)
(0.04045507433423184, -0.0002565201203125756)
(0.3279405167018133, -0.0008660743361326634)
(0.38480047930300465, -0.008525742462951772)
(0.7435575913824393, -0.0004565592098077381)
(0.8214483304847986, -0.00014474857068160545)
(0.3247767695083066, -0.0013006633957130403)
(0.9526298035257852, -0.20094857083111314)
(0.39733399587291285, -0.001262052044018206)
(0.763083059985241, -0.00021564708153910537)
(0.7701075771643594, -0.00019344764206463634)
(0.9136095131604114, -0.2695032863695476)
(0.2320712790538485, -0.00015084792570451599)
(0.8840712602335361, -0.005070505069780642)
(0.19890812100282973, -0.009578629260653363)
(0.36736195746120126, -0.0032990682958224976)
(0.8988691170667248, -0.001147235056120023)
(0.8433199433749955, -0.08865379555107396)
(0.9984028252095623, -0.02274805199782897)
(0.6642207411942862, -0.00030166170996136785)
(0.06732050419831143, -0.0003243982424646073)
(0.6312392257961497, -0.00012532190033332546)
(0.17631771150466827, -0.0003179952316214962)
(0.7506934672573895, -0.0005134043230436608)
(0.6448524870765695, -0.0033126423785896993)
(0.6475063590192702, -0.0008218775734755434)
(0.8941223688494359, -0.0015754248537693978)
(0.8212971419860593, -0.0008027509017701722)
(0.70599553757472, -0.011983891090426609)
(0.3627932123718762, -0.00013965227905053242)
(0.11448027395191912, -0.0038955250205488985)
(0.2937135165294944, -0.0033243042573651623)
(0.7964308457938003, -0.0004172933419548706)
(0.02688193391572855, -0.00019662685673791947)
(0.20071010088690958, -0.004783808806954195)
(0.853870350926183, -0.001478363415550107)
(0.41045102930441396, -0.007835785632644027)
(0.5023502688089199, -0.00155730588499733)
(0.467313265677086, -0.0035938241170223625)
(0.23063854821778235, -0.0005395390548971746)
(0.2853435506330675, -0.00013002506128020932)
(0.13559344200548243, -0.38330722281804974)
(0.7629551892743246, -0.010612739069331658)
(0.8210630320266518, -0.0009525263199160276)
(0.7258408339536253, -0.0006708608602624064)
(0.44423751697895153, -0.000163411585808718)
(0.7861257123788246, -0.043353029553666926)
(0.17277130120636658, -0.0019314295297056451)
(0.3960096490415416, -0.0005482197275264937)
(0.19761968394870616, -8.44710705102443e-05)
(0.9047443575398734, -0.00012810229150472382)
(0.2729837113473274, -0.09733270388048673)
(0.5338994781498355, -0.00028556355479646193)
(0.43659138668791714, -0.0006627183019953011)
(0.7646771669431737, -0.02076536866643705)
(0.9089571135894833, -0.0003397088015865019)
(0.9199394617138212, -0.00043699271880544115)
(0.8849847041418122, -0.000515121615219334)
(0.6965187509591743, -0.0002502630201641572)
(0.8790365894367874, -0.0001987424429416488)
(0.6723432530739175, -0.0012919258339305387)
(0.6284707788437082, -0.0003153569984749162)
(0.9195477759581907, -0.0001690544201338055)
(0.5052684460360671, -0.00014545212577109188)
(0.9358907404808584, -0.0001200572214670336)
(0.23760075322800847, -0.005722742384540481)
(0.48752442079961944, -0.0006355516558385699)
(0.4111767510178838, -0.47203702703839046)
(0.3239943247362259, -0.0019692511531056193)
(0.8069602238034458, -0.00014245849441510587)
(0.7734141328295612, -0.0006203080191437331)
(0.2623003576247347, -0.00639801054301461)
(0.6793197671656434, -0.00021084675348150453)
(0.16448672417312402, -0.0029710222488878706)
(0.906750829690343, -0.00029974427744186897)
(0.0672116672352826, -0.0005953321559503792)
(0.8326535686635526, -0.0036532176329045984)
(0.24053553576203462, -0.0006443577975564699)
(0.5325208016373701, -0.01815564815498697)
(0.33171097910874203, -0.00637789595517119)
(0.3401872809094154, -0.05471867199554248)
(0.12047001078991804, -0.0011437318650269217)
(0.3746084102941828, -0.00040246671968812445)
(0.749918981106394, -1.1872747753347235)
(0.8067935266114954, -0.002563353490313403)
(0.9037316841531847, -0.0012507610845723326)
(0.2808030519450537, -0.0013575862266675173)
(0.35815289481264906, -0.00015493004429824707)
(0.6650806992750196, -0.0008153550677409558)
(0.3641334814228972, -0.0009444186649177651)
(0.3138953311763276, -0.000849197572377738)
(0.3471680953636022, -0.00030721872520174734)
(0.4822433000387604, -0.0004867241341092096)
(0.9643657382781385, -8.033605266291714e-05)
(0.5431425140017042, -0.00019329732018067572)
(0.9407075908565483, -0.0022448238041815048)
(0.9008421451012953, -0.0006050201065841733)
(0.42634749638295477, -0.007695303164369198)
(0.22664987236795608, -0.0003911245577985107)
(0.9410160331551911, -8.471354922567308e-05)
(0.12252206560702794, -0.16815180285075965)
(0.9984549771976549, -0.00010897466849546748)
(0.557697169877468, -0.00036256249022423206)
(0.8549822302969107, -0.0017199407726251014)
(0.4910356622562671, -0.0005657752354920153)
(0.38083704616551334, -0.6945821924827672)
(0.6360606029952507, -0.037059513276824045)
(0.879720941276372, -0.002193912426870024)
(0.16246834421679798, -0.011707083623196259)
(0.4864078654941211, -0.001964081000023512)
(0.7808462537603649, -0.0003023073848316519)
(0.6360580760947595, -0.010519953407754074)
(0.9369298366590201, -0.0005044970769779225)
(0.10864146086736362, -0.07729629348686835)
(0.9029173893312606, -0.0007953342173592066)
(0.49014564978403924, -0.09543887122720834)
(0.48644278825613757, -0.0005828346790151137)
(0.09137041629722241, -0.00016429626223194812)
(0.8466833645533162, -0.00022552465894893687)
(0.11547954159634685, -0.00038708594595680633)
(0.3421541430232805, -0.0013536467174221395)
(0.150376875328964, -0.0006698023990619987)
(0.8082770195927201, -0.0013840163008980704)
(0.8414963765038781, -0.00011055107429205037)
(0.6127622487920712, -0.0002070194724437686)
(0.39307967843380726, -0.0006249066261011795)
(0.9050686023408012, -0.0008264299249021559)
(0.9026545626800372, -0.000719382623724075)
(0.6228310539097782, -0.00021349656646044328)
(0.3938988000052125, -0.0005322289210103427)
(0.1355694002871601, -0.0010610512186928801)
(0.7736566736913912, -0.4462820253438691)
(0.8339624116185047, -0.0008741776636011027)
(0.717941059983079, -0.00017314455323160088)
(0.8198043799004664, -0.0046207175182779925)
(0.625202217423551, -0.0019671106233004813)
(0.975600103750843, -0.008981542240224771)
(0.9966671585942766, -0.00016869389302187743)
(0.6621511439500372, -0.00046916237080450615)
(0.4360951426671222, -0.004797286198681766)
(0.5856073375728132, -0.0005466323550674351)
(0.4846296186400341, -0.0005138512090296568)
(0.8722663324344693, -0.0002528930020831693)
(0.7645843413700616, -0.0007400217593022924)
(0.2605049107230338, -0.0003015122056613014)
(0.7327722577845235, -0.005700785325134839)
(0.9357770854234895, -0.00021030907459213612)
(0.8860484219289171, -0.0008652953212829514)
(0.479676986048211, -0.0032936868161593876)
(0.1314443390474808, -0.00017329559910463663)
(0.799365629278588, -0.00013771639073980165)
(0.26754689249484487, -0.0015222451166459858)
(0.35660644579267603, -0.0023516713407616165)
(0.10816460635345274, -0.024477708757881387)
(0.6611616502396174, -0.0019334970492797525)
(0.09641263772782467, -0.0001937028410625065)
(0.6316268930516721, -0.029606550518420226)
(0.3167558821941467, -0.00014730177666169407)
(0.20717602770147667, -0.00010400754637129579)
(0.9829449203610799, -0.00439342647535732)
(0.3986198079919378, -0.000131167966127716)
(0.9606937192769476, -0.0020284274067388476)
(0.45014043481270594, -0.0003259298445533536)
(0.37065934788424615, -0.00012791018347164856)
(0.1685882140004643, -0.00118240441258901)
(0.9046718971514865, -0.0004744654314958117)
(0.15372869889148447, -0.00012204640893061888)
(0.006588044266135009, -7.46698224774295e-05)
(0.06904859775664018, -0.0003734601068946336)
(0.9479343674487489, -0.5711394144906627)
(0.7671086991322861, -0.0002999150025376102)
(0.09421231300045343, -0.0025459031827494687)
(0.034309859696173714, -0.00060422762376259)
(0.9538230358857641, -0.0014092509060992565)
(0.9531901139509229, -0.00012456662751463642)
(0.6593868543206451, -0.0007309079212324677)
(0.8893442376211613, -0.020051194368430777)
(0.254978689547863, -0.0002077407819145666)
(0.7879352311856657, -0.0005927506820541046)
(0.6524735274779928, -0.0056410665908847935)
(0.8455476458999749, -0.021134397142430657)
(0.021678471630808504, -0.0004949051295022989)
(0.46714664538824224, -0.0018941977675597315)
(0.0075078849798527825, -0.04334164350959514)
(0.2183006371237292, -0.0007472650973015749)
(0.8313124987907156, -0.0062179688540096745)
(0.3994983259294921, -0.400854954838431)
(0.04297575546790819, -9.297141086446459e-05)
(0.65029564887422, -0.07638444724815857)
(0.0008599722859318496, -0.00013373128131941446)
(0.8469946607575867, -0.00010242962266238678)
(0.6997897632197997, -0.00026130474755597824)
(0.5538811024752054, -0.01242937274322575)
(0.8948521571428758, -0.011938925079255647)
(0.8078990412306737, -0.00021615693907655166)
(0.8944770305817041, -0.00010058962079479756)
(0.008522685340999866, -0.0029711116398976178)
(0.6136490765301752, -0.0003775532392421476)
(0.5882794054698157, -0.0010033282314612193)
(0.7745245580361642, -0.00041178308423875425)
(0.1667127342876397, -0.013565073921408044)
(0.8529487764857921, -0.00013179028101774711)
(0.07969274256436136, -0.007968994252586811)
(0.7222693923958556, -0.0003341162303665962)
(0.7900804521337107, -0.3334189221098077)
(0.01808379317902511, -0.0011698073904699022)
(0.2520155573296262, -0.013509226076320359)
(0.8567352503202483, -0.00010137697359332461)
(0.3134030123615044, -0.03849322848294823)
(0.8377999027582969, -0.00679351932308047)
(0.6510867143829053, -0.00013548808067475603)
(0.7095971925439045, -0.0004479553027315193)
(0.22002458560190136, -0.0002871425631452544)
(0.13234683908086803, -0.00045259392175580867)
(0.1590108826733943, -0.0026655174220999254)
(0.2968571428571429, -41.86941456286121)
(0.34791517628106455, -0.00034624031318077823)
(0.8295201574858123, -0.0013010086135619705)
(0.49201132635009653, -0.005378472996968907)
(0.34048978017740067, -0.5651482875820063)
(0.8947647832830833, -0.0002020257095851119)
(0.7805868631284736, -0.004287983499467575)
(0.4574561502116827, -0.03167953746515499)
(0.8501534524857787, -0.0006650709836653533)
(0.7731515665416422, -9.209925093808509e-05)
(0.5747922920921164, -0.0005508465852485182)
(0.7574450764291906, -0.00018806722252422627)
(0.44777263372396836, -0.0022886329195117446)
(0.8281770494805164, -0.000440193735923604)
(0.02773925043823484, -0.00020451585096278836)
(0.045667396638210796, -0.0010488017432318097)
(0.21875454386563195, -0.004171473632058448)
(0.37663892388797665, -0.041660493141256826)
(0.04690483750195987, -0.0008132663286372814)
(0.055092617652313026, -0.0031678206181067507)
(0.2948831178292644, -0.000848390529917734)
(0.6070835197986096, -0.0008501038630926552)
(0.5888278986647096, -0.00101996052601184)
(0.3247679913892644, -0.001936196680352524)
(0.3155950771246974, -0.00044700914010050206)
(0.9807490293806033, -0.00020476423854111063)
(0.518178124599362, -0.06907138283742875)
(0.6746078914858061, -0.0011768567876367206)
(0.974826473506705, -0.0001458959723626526)
(0.9215199159879703, -0.0004274449051997227)
(0.9768698370666461, -0.0006790887841260462)
(0.9571423709620215, -0.0003791429379470803)
(0.9303808512534157, -0.272036783759828)
(0.4840036795117349, -0.001401701434328676)
(0.35559567554664906, -0.004946224175958035)
(0.08037377180316566, -0.0009688595670239257)
(0.8657630140471576, -0.000766029756661566)
(0.9032952734076369, -0.0001822272954920738)
(0.09639128985839471, -0.01411458172114816)
(0.46754547147295433, -0.00011768797655965988)
(0.2452878285984478, -0.0006060071950637016)
(0.07344531132612445, -0.000983340841014839)
(0.5584002265825443, -0.00012015486018755214)
(0.7100614207744402, -0.00010155640333494578)
(0.10017998294853285, -0.006278322399973191)
(0.5026910336308543, -0.00010781193315638062)
(0.04206472586131703, -0.0003714697973759861)
(0.7138056499430898, -9.07549301421795e-05)
(0.8375768706384241, -0.00013634284293573726)
(0.5106340399992133, -0.0007337231546048339)
(0.8875843385521941, -0.0005518556118488863)
(0.853279412528208, -0.00038094526096329036)
(0.3368548404971887, -0.01804525025305377)
(0.2302008977366065, -0.00040985523113426937)
(0.2614774951509238, -9.299571648424654e-05)
(0.7601561482006365, -0.0006195656488756773)
(0.39031266436783635, -0.00031101503017042745)
(0.24025825147805038, -0.08527474917951576)
(0.5250445712072557, -0.00022839985171798152)
(0.802700322311784, -0.00016115033971533403)
(0.5957852388328255, -0.00019485521917161206)
(0.8941903714916516, -0.0001711581204126065)
(0.7622119769642833, -0.0003161119789790721)
(0.0874390601493505, -0.0019217356457606508)
(0.9162409862108407, -0.003724800177162464)
(0.7530848496575054, -0.0028388425924673086)
(0.34605380146190323, -0.00012480263880405062)
(0.9878697694759238, -0.0007400310720438326)
(0.6026781362442708, -0.00010594496222330188)
(0.8698258909499532, -0.060899498721699065)
(0.7303910461999171, -0.00017545816283999756)
(0.09908075878788243, -0.0001664536634682365)
(0.780102143348189, -0.00036291258575714777)
(0.8662309902633419, -0.0009009139030508671)
(0.41658632468051415, -0.0006094391471587584)
(0.2863995638675842, -0.12443950783103455)
(0.803472379957608, -0.0010001686545648802)
(0.639768100701466, -0.005495877273839275)
(0.8601294390519797, -0.0007413311429380806)
(0.2771386470390499, -0.00031778620597361633)
(0.18575022774480557, -0.006403376031406683)
(0.9753822138570567, -7.567004317460353e-05)
(0.47740776169787447, -0.00032752495437789105)
(0.2155708650701933, -0.0023656421875685348)
(0.8832279696473153, -0.0004639691456853481)
(0.05704562385407252, -8.210614606532358e-05)
(0.9020155299013758, -0.024355710358366808)
(0.22791587231533367, -0.00662656101206152)
(0.8358200169852054, -8.367180351673434e-05)
(0.09676068855213786, -0.0016442237852569643)
(0.2000802967608195, -0.00013434187565872785)
(0.33932617789349867, -0.001518283572299637)
(0.98435901052529, -0.0006239339114187613)
(0.5293597146968768, -0.0014072534278329785)
(0.2962023280059287, -0.00707962270003924)
(0.7187808971773896, -0.0043364190602705206)
(0.589374589171135, -0.01222417750559847)
(0.5006235854621626, -0.0022052186058377408)
(0.715632149617753, -0.0002710322766234546)
(0.5090601868081104, -0.0009221458459884986)
(0.6176893112425131, -0.046637350810588264)
(0.7218955583113305, -0.006092521265606388)
(0.2160258753456252, -0.0010864674153676739)
(0.23338034511528707, -0.10121320163358868)
(0.9173040227483237, -0.0015477847855039327)
(0.039904074819619224, -0.00047170724768391784)
(0.959364964638918, -0.00029859145297529986)
(0.5767851089778759, -0.12802580992561324)
(0.28905861730438254, -0.08969169237483826)
(0.06337301695356125, -0.0013444497871604186)
(0.9781595243076641, -0.009347425266117143)
(0.6868796127064615, -0.0008299049012356842)
(0.13345506698673626, -0.009673841583109672)
(0.424417952629666, -0.0004294568445942801)
(0.0380074094506991, -0.00023611594191995781)
(0.7893793847338508, -0.00014716795266145409)
(0.004883255619428999, -9.839316347316238e-05)
(0.2259962220927195, -0.7362043635332186)
(0.6294493979891916, -0.0022663977857553044)
(0.9660720188456938, -0.000541595464238619)
(0.20224935172320913, -0.00011638810491361513)
(0.9787453216746651, -0.0005138476991209652)
(0.6100241008393186, -0.0005436729341141858)
(0.12176718723819151, -0.002964070600539562)
(0.0474853337358012, -0.000556264108341145)
(0.8510584809880105, -0.00017308673916665283)
(0.25378763468402715, -0.00016711014427463146)
(0.10884900621242422, -0.008841111933560282)
(0.3851951884703415, -0.00017543291332200496)
(0.7724660448595818, -0.0007542250263335975)
(0.7403195545780981, -0.00011448967542367666)
(0.4983897892907698, -0.000527986371041714)
(0.3256367145516172, -0.015832560589063786)
(0.8653769644132421, -0.0006713438808371026)
(0.18343385355254802, -0.00036246798000977705)
(0.6678839635229891, -0.00012631963559835548)
(0.13400659102351617, -0.0006959866749875035)
(0.05946760180986706, -0.0006698125387681018)
(0.1628800758740051, -0.0017239519675998404)
(0.2935587209952518, -0.0009572635002530239)
(0.1453157687156647, -0.0002551108214153291)
(0.4019204254149681, -0.000354159990480104)
(0.6152512555726747, -0.00020390773040413013)
(0.04143516447529817, -0.00039618989404768183)
(0.08992028790285607, -0.0003012692694659145)
(0.7780769706310567, -0.0023324768299342246)
(0.32836232265435084, -0.0005616488233629487)
(0.9849419976811871, -0.004262489825961462)
(0.21545085380183285, -0.0002173156915171329)
(0.0864284494628947, -0.0006414050614971124)
(0.26908260953940405, -0.0004175999145382606)
(0.7243621902273591, -0.0008467359660125286)
(0.6306244585000527, -0.0003259988095610661)
(0.30737732242250776, -0.0002897786970801555)
(0.4786310590703639, -0.000538226445699548)
(0.8485523882692947, -0.004346256338484581)
(0.9794781611595864, -0.0017918067510408902)
(0.2871817664953829, -0.003948678212918612)
(0.537561535992359, -0.0005422023750739093)
(0.6072359510521724, -0.00016587539745624644)
(0.7308381742014158, -0.0010840941786928683)
(0.8991929555263213, -0.0013734148874239927)
(0.05951761613087234, -0.037518818165668905)
(0.8764828870145955, -0.00010724270264769468)
(0.3121053530246231, -0.00028537565669258696)
(0.10049372478876611, -0.00017862396602711061)
(0.06355401421924547, -0.00016893692420461966)
(0.15815042571225432, -0.00044337599011185023)
(0.6252657885021621, -0.00011909902774857371)
(0.13422631238572916, -0.007061922909778174)
(0.1384617676540571, -0.0001946265152406549)
(0.8925561941544349, -0.00023806736304817015)
(0.08920409902138528, -0.009566473376311805)
(0.44029320329221305, -0.00011706024966847168)
(0.7706715603315791, -0.0001910161262149891)
(0.09949182616628326, -0.0002986491210424566)
(0.712880564605376, -0.0004439996171088345)
(0.18164042749697934, -0.00048062564355446643)
(0.7324606271195898, -0.0045939870882537575)
(0.4619062743161255, -0.028765746047196984)
(0.8528591648446681, -0.0035904932340145475)
(0.35586463533439183, -0.0003760941619237964)
(0.8721089248458548, -0.0015249271024809698)
(0.8244446325107794, -0.0013512647706200405)
(0.7657804928447685, -0.0008085276250903119)
(0.19156751736939637, -0.0003613826560582687)
(0.905942706160943, -0.00011228398791011773)
(0.2333831774120353, -0.02065305857125743)
(0.8404628114132833, -0.0001335078554316462)
(0.07884887848626819, -0.00018584977746923895)
(0.9265536233036024, -0.0006016557268720881)
(0.21307462771546987, -0.00038843760829995576)
(0.616217921678586, -0.00024186861002076536)
(0.8832528117962419, -0.000272842675754593)
(0.18625951942566896, -0.002509091566369191)
(0.9419573040493644, -0.00011977900733468111)
(0.43379249269635484, -0.002102332962580177)
(0.27429860600148154, -0.0004929338410600381)
(0.8264539052422648, -0.0002890516474081766)
(0.8552573469930255, -0.0005604997923890536)
(0.08192313835931839, -0.00020035542584273154)
(0.7665710031425937, -0.0019388891869215367)
(0.9922969209221577, -0.00039413408336649164)
(0.21354151180841022, -0.006333037920105856)
(0.00509954743856146, -0.00020346333746131437)
(0.747505945331536, -0.00012557240030264125)
(0.5845706782969549, -0.00013537942796092815)
(0.6661331256548679, -0.001864146987510775)
(0.17956405826672378, -0.03526006625746843)
(0.9489579744910023, -0.025703860267061878)
(0.6060003315053973, -0.00024082777707917622)
(0.0917809539584129, -0.00014130592122257125)
(0.322587755677043, -0.00023689889332004587)
(0.7347387661754209, -0.009296209233322047)
(0.19576900802412256, -0.001570359081938755)
(0.6837477017577643, -0.008987090040194814)
(0.5704418529198794, -0.000758005784615024)
(0.05122033702607006, -0.007243203169685954)
(0.41639265147756516, -0.00026213512536012754)
(0.9606099487799938, -0.001452700828821938)
(0.3908650395174828, -0.014025208399452387)
(0.7861238209596597, -0.0018887503706151913)
(0.44963922645477916, -0.2140438054598245)
(0.3989779366976703, -0.00029420106283105986)
(0.3339446952595937, -20.67479556574693)
(0.36217700984362955, -0.0004049077180731865)
(0.636276521115571, -0.0009723608443893695)
(0.12180753738403421, -0.014198913231408967)
(0.8933164090405699, -0.009290753975721926)
(0.3611380702619164, -0.0003854148506499247)
(0.9856270581183904, -0.00020676947391857838)
(0.6322676623743878, -0.00012948790617031735)
(0.9406956709383454, -7.417793188968111e-05)
(0.14650119206467563, -0.017972085937808347)
(0.397592129255467, -0.00011773071157230885)
(0.9131340874490813, -0.0001948273745764195)
(0.6145238763057242, -0.0019864179001035215)
(0.4208068875386841, -0.0003720802053945329)
(0.044775341075303274, -0.0006563527583890363)
(0.3771426594242953, -0.015795936963474356)
(0.6235247447553882, -0.0016574850168816465)
(0.9375221001306724, -0.00016540652283867076)
(0.6076294922691411, -0.001600190513946451)
(0.6943772120105035, -0.8365278625985514)
(0.5655054878632335, -0.0008357922623530349)
(0.5791287211686359, -0.0005454242084790661)
(0.37142463162871325, -2.886749487235329)
(0.7944079490977565, -0.0013886052044831529)
(0.08426161470497688, -0.016960322275513952)
(0.05250581322806803, -0.002159246687831999)
(0.1933337153755461, -0.0017951772099702318)
(0.8976532758503362, -0.0002644323279691659)
(0.648642158934261, -0.00274112411004137)
(0.811482182488088, -0.004510284527235249)
(0.7334995633010135, -0.0005128392461637962)
(0.3896660127969246, -0.010877100221546813)
(0.2746366164663903, -1.9224294349847069)
(0.41635744415464954, -0.00044529619096803585)
(0.1373393114049931, -0.004605652655988568)
(0.5041512407248349, -0.006382766223590682)
(0.8498105634805396, -8.877024655352505e-05)
(0.7764276764759892, -0.0001824329911248003)
(0.885512587815017, -0.0002054585732493802)
(0.9419973811534232, -0.06681293619480053)
(0.47587114787868007, -0.0006246915012446101)
(0.5581262552617762, -0.0008072574929769584)
(0.904208079941671, -0.0002808435668861965)
(0.9968411388379051, -0.002233501577258916)
(0.6001176650023504, -0.00019733999416693122)
(0.7338602644189473, -0.013391184966245303)
(0.8161406229104805, -0.0003360267310141938)
(0.43660887264035414, -0.0023575536494339446)
(0.7680328054512058, -0.00023069689160037132)
(0.05027838783467919, -7.778758131463261e-05)
(0.2710773017907981, -0.0001293503999872822)
(0.7724613938280961, -0.00013456755791744362)
(0.7876843922541041, -0.0027879948052718685)
(0.08081574793736554, -0.000740806330524235)
(0.09826001334118191, -0.00018572602703716796)
(0.5465314669450011, -0.0009750540951168822)
(0.381114335687048, -0.0011722944651761337)
(0.8836117419580937, -0.00020042290510859169)
(0.1787415772868501, -0.03137491713669165)
(0.5314890795042598, -0.00268681654714933)
(0.3300473657183155, -0.0046509730211550665)
(0.8094480841728383, -0.03922527256117462)
(0.4526112229114991, -0.00011373136239025981)
(0.9172597040141848, -0.010745871272863241)
(0.22523734140774224, -8.743485325906956e-05)
(0.41165711333809785, -0.004204712252148602)
(0.5982957813905544, -0.014144034894159718)
(0.3891088290326792, -0.06376700359863115)
(0.11697414717121819, -0.21341537970980262)
(0.8725110745560952, -0.00029320705744181994)
(0.05825424719460342, -0.0001081296504405809)
(0.7623742467383442, -0.0002090005081716558)
(0.6333253873270137, -0.0014760811474330024)
(0.817406764101085, -0.00034218054274152466)
(0.5732108501977923, -0.0009905294139269864)
(0.6506738360168681, -0.000164024042984777)
(0.6393214280951816, -0.00011826058602756785)
(0.4050923574074044, -0.0009333477939884074)
(0.886089961266305, -0.00817653408587555)
(0.1496658610629885, -0.00019364075703942157)
(0.20339256178801857, -0.0013698437318713818)
(0.9844508942929495, -0.000656973054111873)
(0.7201592583190495, -0.07686136227124803)
(0.6252351114415237, -0.000665917865588609)
(0.03257884479092842, -3.245547284063037)
(0.1567410679019961, -0.0004926043635988849)
(0.6118134118748537, -0.14291853687486758)
(0.3851818209425985, -0.00036730784892646714)
(0.20444554752888372, -0.00010099571260676253)
(0.6775921970586318, -0.0018231515299037885)
(0.14828417905705316, -0.0033605015639069096)
(0.543393952920483, -0.0004939085423089306)
(0.8128512440181447, -0.012477385595901452)
(0.001123755554458585, -0.015326054455030769)
(0.15357361569219355, -0.00021220819465744936)
(0.7667336084991473, -0.00016121069793904167)
(0.9503794102028282, -0.0059259774418673975)
(0.14732697513944032, -0.0018218613862926556)
(0.905991216775127, -0.0001496791433347459)
(0.45100403852728727, -0.0008237767688049892)
(0.37992761433575883, -0.011675702071308965)
(0.12872602974466082, -0.004549209289525986)
(0.06287080791889585, -0.3813283275652472)
(0.8053061830016415, -0.0009158411032435386)
(0.10986026396319445, -8.301495108590323e-05)
(0.7443706141262597, -0.00029006079295666574)
(0.6725702019700472, -0.00019205842651712137)
(0.18063929510685434, -0.0002661443093833624)
(0.0322967279315307, -0.00028878552962021103)
(0.4880617506514884, -0.002203804913775639)
(0.15605871524165407, -0.0001764321704034878)
(0.36636374152669254, -0.0017739634830181126)
(0.060747139286963237, -0.002232016453441054)
(0.3509612255564812, -0.00013309570663949923)
(0.01783628668504648, -9.705017809204326e-05)
(0.9706690353677783, -0.00027882153284569525)
(0.6883285150190382, -1.2916280405621055)
(0.6095349051815927, -0.0004830371443205964)
(0.8736035608503187, -0.0005177459594264584)
(0.8986318053036016, -0.07467385039543335)
(0.8246078706627823, -0.0003368879738914509)
(0.08637359607184818, -9.747831132624231e-05)
(0.02350703219598878, -0.0018398637972017037)
(0.21045427684468287, -0.0005192867778712732)
(0.383717209075628, -0.005320694498584356)
(0.5798238434926185, -0.000326858265507217)
(0.7175575922210861, -0.00016237171039479856)
(0.9519547064369831, -0.0003999951538891112)
(0.12952847225543895, -0.0008581607237784311)
(0.5945569892190966, -0.00020119860849980117)
(0.9653261157565499, -0.0012257879219310962)
(0.4468397550944084, -0.00035240204500173967)
(0.43603421576892204, -0.0007495595619113307)
(0.8950160806928529, -0.03344468044701273)
(0.5450974035414732, -0.013834689362062622)
(0.23056537062697235, -0.00034366405427994364)
(0.5065507459809935, -0.03621008815622711)
(0.4416683337064853, -0.009707004016131705)
(0.14629545494053933, -0.0001722189777933403)
(0.12753163018609928, -0.0057264751871291195)
(0.23729282641752136, -0.0011983874626271106)
(0.6133104474725348, -0.030806138183372973)
(0.043458524250971325, -0.00014504161994051168)
(0.2448736008394753, -0.0020536055504532195)
(0.13851123404621288, -0.0007186994824860486)
(0.19097208005273886, -0.00013868744132734066)
(0.5599202764915242, -0.0011125613940225472)
(0.6333276904428765, -0.01370595281016078)
(0.0367409619111949, -0.06461135687731331)
(0.2771692968379411, -9.098112868739898e-05)
(0.23725763015506485, -0.0005064626462462288)
(0.962594531402491, -0.015214619088803893)
(0.3565329883067287, -0.0011400671218701629)
(0.3600517086699136, -0.00030426173232788237)
(0.2141817344784341, -0.11631685343610737)
(0.12602894603945647, -0.014048054130605949)
(0.8246289212311995, -0.0012256185190057055)
(0.44195353667108855, -0.00022250446358897287)
(0.1395168558006256, -0.0005671756572971149)
(0.095344592722937, -0.0009289056703054364)
(0.9583243724431284, -0.0013820262697213385)
(0.9384492602731124, -0.0026143585043975114)
(0.4583927484520803, -0.0008474523643515061)
(0.880612006618793, -0.00017854413817309654)
(0.4151783156175687, -0.13120554731149026)
(0.25087026048018485, -0.00018590186568544575)
(0.10315395305744286, -0.565715530304255)
(0.3752749266069085, -0.0014411416610579995)
(0.9863342592063981, -7.580225317148825e-05)
(0.6056908925786743, -0.004785212826659604)
(0.8251932978571622, -0.003454738624605444)
(0.8491250879699229, -0.0004497565537424204)
(0.7444896327914937, -0.004622531880444133)
(0.4636506180856187, -0.0023177570297134805)
(0.11370158119564684, -0.0024346667326688456)
(0.4514286289866975, -0.001899715685802923)
(0.30849063193402076, -0.018678894545017886)
(0.864484179913812, -0.0001597834548949181)
(0.6422201244287586, -0.0017416288569042444)
(0.09465193386305211, -0.5351095136495612)
(0.9149219897461233, -0.0011662061911140143)
(0.7358272293285192, -0.028544799857340087)
(0.12377847138284231, -0.0002628394427894754)
(0.04200374401465582, -0.00014227054432959166)
(0.3703831016964721, -0.05177135109059424)
(0.741285745706974, -0.0001908390303683848)
(0.7308730631439181, -0.00044855253466140034)
(0.3291078653201023, -0.0020203726081320724)
(0.7904528730532799, -9.230643381029672e-05)
(0.5577776777444634, -0.005716316887830998)
(0.6044906495032767, -0.00039583935396454066)
(0.5418561573400251, -0.00016413370065375445)
(0.6245196228868097, -0.0005235081542309211)
(0.9708998214239225, -0.0014342357428349284)
(0.6418864225355833, -0.0003360073613112815)
(0.9025589790498658, -0.0014185397354852664)
(0.28391033378398245, -0.0001987998361170433)
(0.717481717657452, -0.001284612085731589)
(0.754256389806752, -0.0004654826236237878)
(0.0013120351426987897, -0.25067731628089224)
(0.22001767066910075, -0.0032720646899664857)
(0.9261695033776536, -0.0008482450131098172)
(0.9749105866163037, -0.013129159421914184)
(0.4459036489724806, -0.0005536849381158431)
(0.11035413752279885, -0.000444053067297109)
(0.9723885894247177, -0.0010572903540930327)
(0.350699629130818, -0.00031077816736786)
(0.20209127708444763, -0.00023966292186965892)
(0.2478290580948109, -0.0002922262820951865)
(0.0020356217128681456, -0.0005471506970158292)
(0.5851381988112526, -0.00010023669101885448)
(0.10414042206182407, -0.0014708248482414557)
(0.7346214279712123, -0.0022888559756932924)
(0.9959753855207143, -0.0023102038924341013)
(0.879034380182372, -0.0006689628617138828)
(0.5791239456768196, -0.0018034741464992858)
(0.7537591835238034, -0.0003214560746731729)
(0.8586257958767008, -0.0008124533820045289)
(0.772595547738067, -0.00020720884331833548)
(0.052566125422539973, -0.005153793753435649)
(0.5470719720489339, -0.00028523897766447867)
(0.13954434287016185, -0.002922548693738665)
(0.1447431937762065, -0.00015706231377656405)
(0.7281790922174262, -0.00016523969413543616)
(0.029976144965007646, -0.00012983290139499234)
(0.44038481238074056, -0.0028539096249642973)
(0.9521459271604688, -8.879518691765097e-05)
(0.3161518331568791, -0.03044519455321927)
(0.1961784063085498, -0.0011127038222938763)
(0.9249933252866442, -0.004284416084206004)
(0.8800595741048655, -0.012609285817172156)
(0.2718948151372091, -0.0053832061372315314)
(0.6647549546706998, -0.0008652264325899463)
(0.7439443352053984, -0.00031015786156377386)
(0.11820298998820077, -0.0002377624103654481)
(0.7902433614703741, -0.09393875255772766)
(0.9965115906157684, -0.00047318735298039586)
(0.06336133425896591, -0.0007612062796207597)
(0.06525518217512886, -0.004002314898712234)
(0.39968666984085494, -0.0018021809291482694)
(0.40500181521375234, -0.0011953212002546213)
(0.33357515922803804, -0.0034023631290359406)
(0.6306489998930367, -0.9796699578164392)
(0.9262378832897809, -0.0018849853198181499)
(0.05595498140029297, -0.000501047065972101)
(0.16210997350346354, -0.005045585328102918)
(0.4854859884769204, -0.003397911464323674)
(0.8457834211919444, -0.0018376491717479713)
(0.04439796457524215, -0.0005605954654501813)
(0.1770573102616859, -0.0025009275631348487)
(0.5001429080361528, -0.0008844940378915447)
(0.28079111318512395, -0.001755253869110744)
(0.06543826140078256, -0.007760322544687111)
(0.9519458122462453, -0.0028414431233034715)
(0.8010976120591966, -0.002153849277239152)
(0.5213586127976774, -0.0001252891308404572)
(0.25114461700620894, -0.6033653015119412)
(0.5026171618404461, -0.00036738342422137227)
(0.37832993669731374, -0.0022527520095270742)
(0.14502783456954696, -0.00015761355359996694)
(0.4978342734630264, -0.28983740431249405)
(0.5880034428671513, -0.0048501106682683195)
(0.5254322442056496, -0.0004030303237330868)
(0.7743973136284727, -0.008569045619689289)
(0.814234504752017, -0.002955849902689552)
(0.0033660046895209058, -0.03320526827204982)
(0.5536618495782106, -0.003010758034395795)
(0.11543952960871114, -0.00022915058022062538)
(0.15261918562604587, -0.0006524256610790681)
(0.016211088040630886, -0.00029423419206735826)
(0.5608643613054085, -0.0007851755359211497)
(0.7330984456224567, -0.0005254007276571591)
(0.05447048166874782, -0.18748714326474153)
(0.04282775386074641, -0.0009188153913590347)
(0.6876096369382106, -0.0012538010777613624)
(0.7130477458521987, -9.756204390297721e-05)
(0.18095865031145097, -0.0003665050313069982)
(0.47712961197171255, -0.00032994743095822254)
(0.25874984013865787, -0.014070001694627606)
(0.4865297668722357, -0.0005220494698351835)
(0.5863644980325713, -0.00784738188305603)
(0.3623815056375591, -0.9673823702174107)
(0.3685228560600067, -0.001974524897026224)
(0.6736969711803704, -0.0009694058587213298)
(0.8705271500423372, -7.980511550292462e-05)
(0.8482928788271301, -0.0032977141537996954)
(0.39327595176960883, -0.0010803290604700965)
(0.6681427488383846, -0.05679897697622439)
(0.2589732300594072, -0.011952476118367932)
(0.42711589291837676, -0.003121182484968707)
(0.5558272111543083, -0.03174297136518763)
(0.7018164227708796, -0.0013928908731044199)
(0.1945008848264191, -0.0009028972533598835)
(0.13927153719297733, -0.0534664376505065)
(0.92015625, -22.897336089064723)
(0.9357407102171537, -0.00011686579149961783)
(0.7106426244603746, -0.09068611069374916)
(0.12308734838851108, -0.000855295940035088)
(0.6887272749800428, -0.012969297966586562)
(0.777581528442059, -0.005792856270880357)
(0.5112535706264217, -0.003624871026302524)
(0.14989471768667403, -0.0021265859241539867)
(0.4407682636403734, -0.005087918141441631)
(0.7096423871702019, -0.0001909927851250128)
(0.6647675137747165, -0.007060714317996828)
(0.49477835464751957, -0.013697712598165983)
(0.6507051833561482, -0.0003857281230306697)
(0.10363869421686471, -0.0006558302175685878)
(0.28594801306736434, -0.04348951066531446)
(0.6352293539075978, -0.012631044313956431)
(0.9152763253422362, -0.00021564882310474333)
(0.6022859986272128, -0.0002126736780276701)
(0.5561723998414656, -0.00039307154136200497)
(0.8409891741889874, -0.019328049371661677)
(0.47530304083463115, -0.0003633182457317666)
(0.138699366993, -0.00481234248614564)
(0.4142383816920284, -0.00033308366495412493)
(0.8660919489646433, -0.0003186266829223178)
(0.16391136381172328, -0.09747409942371726)
(0.09412011890856227, -0.00019639440714999315)
(0.9054282681862151, -0.047188441792008665)
(0.6962209044304581, -0.00867135908893356)
(0.8219016859771392, -0.00030688970769780457)
(0.36093675175193546, -0.001639633337413659)
(0.6631556728493369, -0.003700464818162059)
(0.05729402808865376, -0.0017916500734326292)
(0.3231609201629681, -0.19848592310215607)
(0.1194311547587491, -0.023685929504505352)
(0.4338201875800521, -1.513685813432366)
(0.1387689524245854, -0.001462067923131279)
(0.9582722582883116, -8.433415986320981e-05)
(0.6746653957673793, -0.019667839900244725)
(0.2106388613270527, -0.0007548735391812596)
(0.035286569491662874, -0.00017927501733957756)
(0.7634501146691708, -0.02702470033873587)
(0.13487858037892733, -9.085303817354158e-05)
(0.5078538657292315, -0.00019068492945361064)
(0.3910032481606405, -0.002673528676092017)
(0.44998069680848457, -0.005980436887542553)
(0.2743806313321942, -0.003148088455981446)
(0.6797245543830908, -0.0005579985890391324)
(0.17524449079277135, -0.020192978784710616)
(0.026756805631801595, -0.009464459002810361)
(0.34934792768917894, -0.006163589965656122)
(0.7667131599793283, -0.0004920866146674528)
(0.3235698816130611, -0.03814593532189749)
(0.14596019407450522, -9.546260793481508e-05)
(0.4050186301551331, -0.00027369767740355685)
(0.8272036437201358, -0.001875865986065751)
(0.12364855966677399, -0.001960453719240724)
(0.9325164921401771, -0.08984412228095141)
(0.6254599398103458, -0.20802758356994808)
(0.2642986296703702, -0.00014609934543668318)
(0.6342378276982847, -0.0014032333792106998)
(0.961042754984009, -0.07219248658057385)
(0.15000360940988458, -0.0021983939141631058)
(0.14582023924889412, -0.00014519019936352434)
(0.3944132427151233, -0.00013896773101314012)
(0.7438554107204128, -0.0006581025967036749)
(0.35839957363736097, -0.0013680250329351344)
(0.4726387436124295, -0.018933119523280296)
(0.7598395068864787, -0.00012624266357008876)
(0.9239943002005839, -0.0019448296227395061)
(0.5628003470097951, -0.0006317187020854171)
(0.05390824744333437, -0.0009061390828702613)
(0.1381931460578019, -0.00030537432351283313)
(0.3272560989582335, -0.0001457480875399593)
(0.920741890687192, -8.203997311539964e-05)
(0.08035765011848794, -0.0019379851804383955)
(0.039189908358928466, -0.004458498131874395)
(0.08573857584539216, -0.0004143069194478329)
(0.6921608383441217, -0.005186314654034911)
(0.07883699803362222, -0.00181679866152731)
(0.5423503203479145, -0.0007051489724963863)
(0.8060748959868438, -0.00030994777764307356)
(0.9065004311609286, -0.000714245606259554)
(0.5373384717308454, -0.12511009105175583)
(0.1903575304689473, -0.0007209523736173615)
(0.4501280790034341, -0.02227519003148534)
(0.43571988081570334, -0.001362968109476616)
(0.9687097908894834, -0.3391287315674824)
(0.1277420222497389, -0.017755077308272804)
(0.16044328995854074, -0.0005415441791744108)
(0.9906269258772644, -0.00042211148300895285)
(0.36715509429790766, -0.0059122464619630905)
(0.9642779274152739, -0.0052105523888559095)
(0.6244884904683893, -0.0010864282369958198)
(0.08945421275426799, -0.0011346020244814394)
(0.08365360595854784, -0.0009443526193613716)
(0.05640582581920552, -0.0001796870265837743)
(0.5162471162251255, -0.0001459855844320185)
(0.25802474671376036, -0.0016049619483606307)
(0.40741690303400774, -0.0002392003697074862)
(0.17360041000857868, -0.0012744753741773063)
(0.530357232246193, -0.022095264189447655)
(0.17920541639954207, -0.0025487938080552756)
(0.012151266459682673, -0.0008791761253090658)
(0.5678986714253843, -0.0012352096107825696)
(0.14732726013806788, -0.03786091701717949)
(0.7742512677616689, -0.00536863274331148)
(0.8650835064519838, -0.0004898718083709759)
(0.41460572347040187, -0.0037217397279363552)
(0.37028101255825474, -0.0006621155578932546)
(0.5703026372234592, -0.07483859567851522)
(0.3945069904559664, -0.21731057402114967)
(0.8911973085021487, -0.0009319768001978025)
(0.3808743923504375, -0.001204473962467051)
(0.25236182060482126, -0.0012617961526963219)
(0.2237871703775362, -0.000248610931730177)
(0.7374403956116355, -0.0002415706529257432)
(0.8683329965771601, -0.004172709417445636)
(0.9144138464041653, -0.2980453770135337)
(0.32983514929238417, -0.0015836593055046412)
(0.8112912417373759, -0.043586368802738695)
(0.13448708499129897, -8.204339643134416e-05)
(0.7057551884314623, -0.0005835632481497915)
(0.8426802615420205, -0.0006999991868537461)
(0.0025504719405443194, -0.00032734844204135825)
(0.1038054030227361, -0.0005368262379160636)
(0.6428285316175584, -0.0015592322348888736)
(0.07984635698402455, -0.00045173168433528844)
(0.3297507695511036, -0.0004490343772681517)
(0.38030039442167873, -0.0007366023949702451)
(0.9301748780933362, -0.001543841529765224)
(0.616877074211235, -0.0001398661830468884)
(0.11145706219159088, -0.0007147885025166069)
(0.11443121992719289, -0.00015566720022383825)
(0.7292423201580226, -0.00330061355332508)
(0.4958936368632613, -0.002072521092788273)
(0.38644869776603336, -0.0017455746983484465)
(0.22978026299962026, -0.007200754151038366)
(0.6864361458662469, -0.021637045787699326)
(0.5522568515217504, -0.003446172012821511)
(0.25440654984417116, -0.00011586355111019274)
(0.9763890427090564, -0.00017214370080924734)
(0.06157738906816099, -0.0001176301026953645)
(0.37232331144182684, -0.4414742151292831)
(0.4106654842687843, -0.0008812236806025626)
(0.12427262283734856, -0.00015717789329405585)
(0.48395387400272777, -0.00021359566139600165)
(0.8889932364715171, -0.001229223413609112)
(0.36995805471975185, -0.012204719932554267)
(0.21346020477721697, -0.0010090335463503952)
(0.9854599734630695, -8.101666904578407)
(0.9327460396799346, -0.00042414083130650816)
(0.6985539230449096, -0.0004267366488544761)
(0.4340579430202727, -0.0013314324442747982)
(0.44735742158723696, -0.0016223970038893594)
(0.042589083634099786, -0.013092940941072967)
(0.2996230218721393, -0.0034051732255792424)
(0.5902949663136553, -0.0015503584559910216)
(0.4036921890543622, -0.0002506011998552279)
(0.06439258025491058, -0.00468807707134404)
(0.8703760545187593, -0.0001068211926613909)
(0.6567826893093422, -0.06175169650247112)
(0.5370324222941503, -0.0032402781004333813)
(0.10561769047506742, -0.00047434788697910726)
(0.23440860850435422, -0.001842403275398845)
(0.8791186743068443, -0.007190534581977717)
(0.2521516546744991, -0.000160377807144462)
(0.645593589676402, -0.00026931530770029743)
(0.9418599308230099, -0.0010180729455905521)
(0.19352399482761432, -0.000314594593348916)
(0.30764864566035766, -0.00019910027477840824)
(0.4349111191643688, -0.0003377599142501091)
(0.6981148752079368, -0.01373525799626494)
(0.07710329618368923, -0.000233337077792057)
(0.5621958499784587, -0.0004065523144002165)
(0.3939945925683579, -0.00030541632878211083)
(0.5640604416333341, -0.0001677421218226474)
(0.7316566736014326, -0.0007633487174989979)
(0.7605729132689839, -9.648570693840481e-05)
(0.33779209528864634, -0.00010807040793969423)
(0.8704604117808267, -0.000511859937242409)
(0.8498025873953197, -0.0009066341252366657)
(0.9646057664203472, -0.013138694169744695)
(0.776228050999215, -0.0002418073159203289)
(0.6069914063525749, -0.00016783391883142283)
(0.6365621373588066, -0.0025437688321724456)
(0.390609056829312, -0.0009448663773459974)
(0.6716478159214848, -0.023747296351671714)
(0.08281611279510022, -0.00030262850501145154)
(0.8714897392080464, -0.006273716515665577)
(0.9089047249717722, -9.529154425303929e-05)
(0.5241069977602665, -0.0005643775563528317)
(0.13615774917714007, -0.0004120132171145096)
(0.9434802330022918, -1.7492235362157926)
(0.21117382613134605, -0.00011735195118636257)
(0.5973234968633918, -0.0007208239705494898)
(0.3120115889127926, -0.0001356062876021466)
(0.9882052257674161, -0.0009893987456319488)
(0.5415664175454553, -0.03143538242751908)
(0.23842870731571128, -0.00013662295036279406)
(0.1227659736856611, -0.15534083447112063)
(0.18708839427522056, -0.002081363614400687)
(0.01108948907929238, -0.000925005908013911)
(0.6200313362352894, -0.0001484582416245265)
(0.4771766523680055, -0.00015656080065937355)
(0.851185676775554, -0.006334861221609087)
(0.5756806712365075, -0.0002721554132230202)
(0.5030782632472606, -0.0007378824258737872)
(0.2382762027688102, -0.0009268260519650558)
(0.6180074865885479, -0.02465630120698261)
(0.2553704795681972, -0.00043147183642120357)
(0.874343343257317, -0.00016016313981362726)
(0.9140341971635241, -0.0008496203777907226)
(0.8572168874776386, -0.00020211258005348474)
(0.5673314659775048, -0.007043581413106731)
(0.16022672373955268, -0.0009355178243519657)
(0.9595681308485278, -0.0028716814751706308)
(0.6915134710101242, -0.0001377166035090287)
(0.5766513292127853, -0.00017126818290007513)
(0.028492373687577587, -0.0002818689821684322)
(0.12043783026494938, -0.0001213655448897747)
(0.5021817052770204, -0.0009947063125287615)
(0.4762319187770901, -0.0005209549313666337)
(0.2617256556672899, -0.007405273180555573)
(0.6746491422536032, -0.0008742536179912821)
(0.11552169380117117, -0.00045316999844332786)
(0.8091972195064907, -0.00013381935088385038)
(0.7015003388075582, -0.00013940167844118874)
(0.4953353489413581, -0.00258295666067927)
(0.9878776383108409, -0.0019875636813215126)
(0.807134328358209, -4.374416446866096)
(0.7373822846722387, -0.001780130179511037)
(0.8239563028255079, -0.002989892655956553)
(0.6332489660893236, -0.00912340106931119)
(0.7774383229780025, -0.002101879205825428)
(0.8979613269353225, -0.00010301079588621929)
(0.6217078058028928, -0.00020733475044316485)
(0.038916475464593765, -0.0006773950196151889)
(0.9661802537487064, -0.0028698040529656034)
(0.9057748427374086, -0.0008704711698318032)
(0.6072166256391354, -0.0006694958057531541)
(0.10200766579405086, -0.02595582443950332)
(0.19427471882954736, -0.00045897278987602156)
(0.40270263319674643, -0.08973035571179969)
(0.7672361526393227, -0.0003288088177407786)
(0.4030301788287763, -0.0006242239888751087)
(0.9151512803578115, -0.00015246984730704513)
(0.5212667608430482, -0.01024007087895509)
(0.7400908665877352, -0.01232265214813913)
(0.19973181831177247, -0.0003724799495493623)
(0.4475445363825589, -0.004964622642411207)
(0.7651996822591148, -0.0003149021192224)
(0.4115313027293607, -0.0001189468752897226)
(0.6911858918802737, -0.05080217950967359)
(0.17909843366450784, -0.0023620490698319802)
(0.10950212117852329, -0.04275705094038357)
(0.4671390638517303, -0.0021865365977139298)
(0.11788638903637585, -0.006801348870054536)
(0.7163470391722536, -0.00018702571413951045)
(0.6228907887657338, -0.0044285730034384135)
(0.5872573113845879, -0.0017503195752355222)
(0.795559442756701, -0.0010493391642926871)
(0.25430962607449614, -0.000340241466577371)
(0.7975137216615853, -0.006761307266021874)
(0.39121970608938167, -0.0005117136593019919)
(0.05474842260878375, -0.0001620836263108769)
(0.45040854455603796, -0.002405801186420165)
(0.12125405014909683, -9.412777465287567e-05)
(0.11853219589436619, -0.00018327541506194797)
(0.25224060676092097, -0.015638460978697186)
(0.6147525707689132, -0.0058431005182054425)
(0.5726442773367673, -0.0013522425862353726)
(0.06863799417504114, -0.027464821778376853)
(0.7181248314490368, -0.0007996748049338856)
(0.9732656330890459, -0.0024577274192331337)
(0.051649725179647575, -0.0028019888284085857)
(0.7451806026770477, -0.00011326802971363463)
(0.2830147915372692, -0.0074337610629127936)
(0.39217379144664455, -0.0001057434989803428)
(0.5890806510647987, -0.00038389126547339395)
(0.19876974188246724, -0.00404320393897402)
(0.16728897362246012, -0.0002682215398864601)
(0.8465377143299048, -0.00018551364883300853)
(0.6899039581111355, -0.021328517019682015)
(0.5536180822287913, -0.000349806319406808)
(0.9892917580073843, -0.00013983213924843174)
(0.3024829841591769, -0.0009989590078534993)
(0.1847387058047935, -0.0004006752047009171)
(0.21432023451754548, -0.0016843874083141619)
(0.8564722286908355, -8.815125945859441e-05)
(0.7905054122860159, -0.00099320819611658)
(0.8231378992506786, -0.0006153446849726843)
(0.021616263465212462, -0.0012764787881442423)
(0.02292083949010369, -0.0013946279314387365)
(0.01571487281709257, -0.0012551067957552434)
(0.3616487175621862, -0.0005924416949093531)
(0.18656532455799274, -0.00015781233281239392)
(0.22197921799039785, -0.00011456770308296796)
(0.3115875315733992, -0.00023871014634851729)
(0.6584610252452028, -0.0012977264030023885)
(0.15043743137254598, -0.00019531030948553653)
(0.27060701661449604, -0.00022360203610229245)
(0.8399422941721979, -0.00015151385698353281)
(0.4690068106771889, -0.0013952200818722175)
(0.2014755931600686, -9.850656790441429e-05)
(0.5398032672967706, -0.05865913340021353)
(0.8290180806755284, -0.0005359040863272178)
(0.21817659340310958, -0.006636878952994517)
(0.5768477139385917, -0.0001433834816142951)
(0.5024115841418941, -0.0002220303847235672)
(0.8152303253697791, -0.01643820161238014)
(0.10852527458047329, -0.0007738803773913433)
(0.6409895776492415, -0.19991126128180486)
(0.5862435635325749, -0.006555822278342344)
(0.007208289162383938, -0.00038842308706095246)
(0.6566999135690027, -0.0012801549832529174)
(0.8613433872466935, -0.00025462006213135084)
(0.4656900912243719, -0.00011599088907935826)
(0.571200387020439, -0.0006191931151253564)
(0.6284575086772518, -0.0052125028889793475)
(0.04366287533776115, -0.00012921938423328307)
(0.8328026339969297, -0.00015021033017276918)
(0.20879246867978826, -0.014724915793145348)
(0.731668111563999, -0.0010649095671340545)
(0.5565648116697556, -0.0014607264962437762)
(0.4383559385110863, -0.0008959219106980718)
(0.754833899835029, -0.0020777755676947914)
(0.7669415710693595, -0.000192397612723791)
(0.8959724826238208, -0.0001622296496003282)
(0.1677427578330225, -0.0032378173107544326)
(0.15925860427593386, -0.0001745031386592954)
(0.4789052323768583, -0.00016331166830105165)
(0.8397421572090134, -0.0003358294402362919)
(0.6621504332650583, -0.00022038864200934013)
(0.14007908013228856, -0.0002895991902429287)
(0.20241250420417198, -0.0002883717232774986)
(0.38455430343968877, -0.002808195683989687)
(0.7133612762065273, -0.0011751042943801526)
(0.5084912378783722, -0.009119252010502189)
(0.7451667607590614, -0.00028574598371772507)
(0.5585341207375726, -0.0005129777931715967)
(0.661402336328287, -0.00024106022767684005)
(0.10656424690121159, -0.0001336866467825157)
(0.03019774758470919, -0.051000553696722385)
(0.7358289773062311, -0.001747805196971726)
(0.5808428007137957, -0.00795910355435817)
(0.3343250817032421, -0.026875497641520696)
(0.29801492568580634, -0.00012920588331296172)
(0.7275166943955205, -0.00011354888763400016)
(0.7764285784968286, -0.0005772788827286263)
(0.268965043159489, -0.00019797647712054087)
(0.11199227017552041, -0.009597635139632119)
(0.29296244939542126, -0.0004759479044358927)
(0.6154691427936663, -0.0044235268379578365)
(0.3276887183816738, -0.00034222426949881066)
(0.5584520768644273, -0.0005148410681370887)
(0.8250918901028631, -0.0004903090168401871)
(0.24908441247541518, -0.00016289939079346292)
(0.6550829001671716, -0.023923661152507287)
(0.11446678339141997, -0.00024195870222598883)
(0.09707780529650911, -0.0030745192519273834)
(0.49931842023248346, -0.0005034284628269307)
(0.25636933797909406, -1.0212052332405175)
(0.4738279052277131, -0.0008146992432134276)
(0.9532346778246197, -0.00033380174041463943)
(0.7196208190049159, -0.00013180694505717742)
(0.43147532590571425, -0.0011933948640297854)
(0.019293270762462074, -0.001791535999930734)
(0.973445428401994, -0.01818056019041368)
(0.45808650221605074, -0.0005436454636716225)
(0.19406980085552822, -0.0006459019311682785)
(0.9392347080644975, -0.0008426739467346382)
(0.5145844536279365, -0.001752718260937754)
(0.5670715926223782, -0.007321770440289364)
(0.8040627498127672, -0.03301763255003786)
(0.8074462115397225, -0.00017732711469968594)
(0.2450924667979039, -1.0157689229074656)
(0.9535353977550031, -0.0009073942221564824)
(0.5265029325725089, -0.0023530033694447623)
(0.3521227436427721, -0.00035507914071031027)
(0.8044465448790344, -8.893724029745093e-05)
(0.32746433353340415, -0.3382957453483869)
(0.17378297167369966, -0.007742532889516706)
(0.9139235277743228, -0.00016563173477975518)
(0.8493231547124568, -0.001192706524036909)
(0.7292589330551267, -0.0008643015143527678)
(0.18167772879892327, -0.00010831696699187856)
(0.27339646222567304, -0.021813816553577822)
(0.9715584208286827, -8.578083132565951e-05)
(0.6663810253507468, -0.00828502764805241)
(0.4244955792931147, -0.015993270931294518)
(0.9963505628377588, -9.82757238857288e-05)
(0.5316070119081496, -0.01002444501852537)
(0.7674523153509403, -0.0002320669511390835)
(0.6876568905664568, -0.0003791722898470569)
(0.5861530764773707, -0.00021106887743388991)
(0.33535445470735376, -0.0043773407718354605)
(0.18188878883385862, -1.6495154319002052)
(0.3320589484884582, -0.00016788281493317403)
(0.19340646821752086, -0.026003854002677032)
(0.40056776280772854, -0.058733331424230255)
(0.4634935538838306, -0.0017294190294622946)
(0.13007976652260267, -0.002759729724624938)
(0.035189570400740756, -0.00032842091878107206)
(0.2063478839493442, -0.0002825622659325432)
(0.8616772287298595, -0.002616877663343776)
(0.20824490443405205, -0.03283437124588273)
(0.10545189526187267, -0.0012930052434040346)
(0.1588847766996329, -0.012119036326109988)
(0.056437563409481896, -0.008977983184541457)
(0.6584913204751, -9.861069850162954e-05)
(0.8597874581030891, -0.08296887793845358)
(0.31110032862713954, -0.004413952815150434)
(0.04700801111652547, -0.00036616387812364115)
(0.537583641691298, -0.0002776821931418962)
(0.9827813470551887, -0.09885493493677448)
(0.051065104179347794, -0.000670675574139702)
(0.42526202477195196, -0.026177995165727674)
(0.683960371585937, -0.03576430469432172)
(0.6541512978947841, -0.0005714634769113135)
(0.9810386554802728, -0.004107144105501261)
(0.41505792057929847, -0.0029515779157375964)
(0.6077664939578493, -0.00024303079846028954)
(0.018896888018361094, -0.0001223540574261623)
(0.38200879142158295, -0.00013753708327357705)
(0.15841736474383805, -0.0062431569480334)
(0.15141827115809728, -0.2098098534052456)
(0.017849603822334994, -0.0035540196955278322)
(0.8885021939258243, -0.0017630395403525113)
(0.9012155261460572, -0.03553297195779344)
(0.08219372687498658, -0.01873822343762809)
(0.3470855250433398, -0.00869423826799917)
(0.08352803424910772, -0.0002663550967990146)
(0.7323086646435291, -0.0004240548777714477)
(0.24590736194563306, -0.009116916845115963)
(0.5335500864020232, -0.00019833966350394437)
(0.32335676066914304, -0.0003467223781966011)
(0.41679020555623414, -0.000201621773273898)
(0.5098347713588202, -0.00019856621409785962)
(0.7732168599029, -0.014609152814803681)
(0.6085916453738782, -0.00048003754558991976)
(0.152684321031475, -0.0013121856465326926)
(0.17286181374559115, -0.00010311085196883909)
(0.017282284253519974, -0.00044887559133899595)
(0.5773437419986431, -0.012938399394008286)
(0.4069983841151422, -0.0002967672642408647)
(0.6853304439999537, -0.0003774841959560862)
(0.9029751750961973, -0.0004703089090324394)
(0.01917787507178972, -0.0005730935164116625)
(0.18974035099645004, -0.00013266406667654626)
(0.8170102025892876, -0.0008411255804362185)
(0.43738865958894835, -0.06442705783898671)
(0.6958448600549924, -0.0030161772637177986)
(0.6210524902557001, -0.00031403718141214673)
(0.725659636380707, -0.005971660610230554)
(0.0836913390990085, -0.0004787474611606685)
(0.06389143850327995, -0.0001534056637918192)
(0.11689352328154151, -0.0002873449318045701)
(0.602728928969058, -0.014541482277492636)
(0.8304368379870459, -0.1327131762946965)
(0.239255931790501, -8.586987164210105e-05)
(0.6776345379425762, -0.3831989722556724)
(0.6716226813856836, -0.0010928366793916677)
(0.5395310151643907, -0.004125700965677648)
(0.48482105427617983, -0.0010775340265658793)
(0.5884857115953758, -0.0038458069520946664)
(0.40858179722641386, -0.0002455336297561033)
(0.9400166561504472, -0.00017320022127438598)
(0.7163792140680308, -0.006934777819474826)
(0.7546454534982829, -0.0006384311194443114)
(0.30482574000060786, -0.001207649720744778)
(0.6520540948740594, -0.001552363018533937)
(0.7949839982805026, -0.000924223236537694)
(0.27275175443571614, -0.00381256301815534)
(0.4707889564726452, -0.0005622898255601902)
(0.09491898828146701, -0.00021345944215348745)
(0.4225634055976578, -0.0011141807350124819)
(0.6249072571296082, -0.8494258692905995)
(0.7362934392916649, -0.0001755579119889894)
(0.8524610239509892, -8.350417076301113e-05)
(0.9970084933086432, -0.002354764855577345)
(0.4035478599957687, -0.0011743653952245323)
(0.5830845336818435, -0.0007470002075389972)
(0.33151005078029167, -0.0004656451515845402)
(0.9467365946666403, -0.0002832646978982604)
(0.29293635949889074, -0.0007336852443438795)
(0.2670927136585104, -0.0007516509622447295)
(0.38043349646389807, -0.0005092734307108222)
(0.4958884679280166, -0.0009592783916335631)
(0.94955850905144, -0.0003211728815312222)
(0.5488322693998493, -0.0007801630880152658)
(0.18258500844486308, -0.005023687404518412)
(0.11394480244573466, -0.005994199437079117)
(0.28062357675375155, -0.00121794332801253)
(0.9425187425745832, -0.0009736857325874439)
(0.7244112058251694, -0.00013663132141627216)
(0.22588765627807056, -0.0002186238512446289)
(0.4175631004041652, -0.00021742769610865769)
(0.12043638211352416, -0.002676552291809087)
(0.5757129853999424, -0.00037027896117212386)
(0.42027646101139315, -0.0008655284307311843)
(0.6679691375011161, -0.002063756758336531)
(0.7204552342136237, -0.00020306550820410846)
(0.9366711253949609, -0.00022054293490474545)
(0.8718061615485377, -0.0036185810610534297)
(0.8614131275567497, -8.916401385439848e-05)
(0.5886207966477887, -0.00011755085205695044)
(0.05324949597614009, -0.30521133797510336)
(0.3943940831040728, -0.002447595731902808)
(0.07580699372786222, -0.0034942351043526845)
(0.7218617670068088, -0.00014225431068769483)
(0.5299550774323206, -0.1732390956023339)
(0.10372174009287449, -0.000266102126599491)
(0.5392501096509568, -0.0001844545627677278)
(0.28642258181057595, -0.6966161081269335)
(0.18133709710629048, -0.00022013312154013363)
(0.5864164118590284, -0.00035282138498989816)
(0.4993217314267186, -0.007644042011756911)
(0.1985116249683986, -9.784929325508652e-05)
(0.9428524713089551, -0.00010133598086635846)
(0.17418764181940236, -0.0031269714090807568)
(0.6755841244870507, -0.000514367095547244)
(0.38558447465976814, -0.11336647793522615)
(0.18742535680971104, -0.0010778109003337442)
(0.5872837444952399, -0.00011900720366292853)
(0.7358776805531632, -0.00013680089264044265)
(0.29978516431973684, -0.009520004402605718)
(0.19812563242321635, -0.004915256663202093)
(0.15967482557408302, -0.003031414682103269)
(0.8707259847264193, -0.0039209508708385014)
(0.5865610465823564, -0.00024447881551143606)
(0.8838876838209816, -0.0253889435352559)
(0.21687986433416637, -0.02615904158693578)
(0.44698329410262966, -0.004116609997795779)
(0.04320540874362986, -0.0008127739477796224)
(0.8490053413326736, -0.0017894349872067165)
(0.6922296992459791, -0.010982432880656036)
(0.8691726798045145, -0.021874628832911032)
(0.00214809121224555, -0.0013443213224884505)
(0.8933109917151331, -7.789331588772983e-05)
(0.3139138719782913, -0.0026024690631373604)
(0.9857587508831696, -9.500694954645595e-05)
(0.9911846248888755, -0.11040347685597829)
(0.16808398509818837, -8.41764558819378e-05)
(0.4067434836977222, -0.00637164319212349)
(0.7012430871104893, -0.00024647069609561186)
(0.36801124663691637, -0.0007984838406559461)
(0.9753870011716865, -0.1010014135846814)
(0.540275812436393, -0.0006933057842642297)
(0.8185478852189508, -0.0021901502162608613)
(0.7591753901943139, -9.607125275404016e-05)
(0.6963434341995135, -0.0001671979168371596)
(0.020590233226541507, -0.0003143590382822183)
(0.9945733333981863, -0.000968452268186738)
(0.6259407327915358, -0.00206466615764453)
(0.8712097347905717, -0.00013147414445332866)
(0.3834997751997921, -0.00013834805657504586)
(0.24606595649205457, -0.0004449419149956113)
(0.5795414465853811, -0.00012429483564391957)
(0.5514810134661176, -0.010926230340787603)
(0.4485226981852643, -0.0011981139460599444)
(0.5178000932529746, -0.6326650964909867)
(0.5869000520149997, -0.0018131378576899085)
(0.4698506905657218, -0.0003792419874205327)
(0.5370889814282207, -0.0001847903935671316)
(0.8104172935229624, -0.0004977811952622885)
(0.241800440416259, -0.001494560344060712)
(0.09466072272590556, -0.006296693635114262)
(0.5104484423310848, -0.00035596521502862124)
(0.09114185432101417, -0.0033909156706393214)
(0.0554742197159235, -0.015932384618112565)
(0.6963683999127447, -0.0006112162682274219)
(0.6817094744519889, -0.00012573034998696254)
(0.293247344461305, -55.5929252541784)
(0.10786617948274584, -0.00017953646476832641)
(0.7924429521987822, -0.0009941318702871558)
(0.0959879482099732, -0.0013542668951236527)
(0.7939923154553493, -0.0004978337397410715)
(0.4462220205437331, -0.002322660220862474)
(0.998051301706238, -0.00012117956169248998)
(0.49861980619079616, -0.011434093148921597)
(0.7117439435908731, -0.011779468654094937)
(0.7498061427813307, -0.005240436984067098)
(0.3105289045876415, -0.00042316055938982527)
(0.9312492130115425, -0.0768850739611827)
(0.8222973840184556, -0.12056662950903388)
(0.8005797340755895, -0.0022347064759802443)
(0.62017075634525, -0.00024167558812701503)
(0.13811329215503615, -0.002212560200536811)
(0.38168481333856386, -0.0002239161365754431)
(0.378056741989866, -0.02169377879986023)
(0.44521831894965314, -0.001024596354431871)
(0.6087992173456446, -0.0003976876391390611)
(0.7680654926598578, -0.004264443203381915)
(0.3302929865584784, -0.0020008535060382702)
(0.649042669573205, -0.0008698279428434607)
(0.4442723640079968, -0.0006361850818410587)
(0.29072104721749276, -0.00023456019777737806)
(0.8180927662464034, -0.002154262286457049)
(0.11035100444555276, -0.0017569159153907991)
(0.2014052141919497, -0.00016500791482687512)
(0.1548563748215057, -0.0007085759803576202)
(0.1391739122774733, -0.00017089028689246563)
(0.41836368774816796, -0.00257878112670817)
(0.7610544603589364, -0.0019132417183527581)
(0.3352701168465109, -0.0006739122701529661)
(0.7106864206753571, -0.00032826769544539163)
(0.2464330236466328, -0.022420658868606363)
(0.7923558571283111, -0.0008956338695702098)
(0.7170683275033479, -0.00034775674215650683)
(0.34562361972212574, -0.00012368624579723312)
(0.6683685464950366, -0.0003465515672206218)
(0.2531935715478201, -0.00015393420851430068)
(0.04709724833219011, -0.0040278479084586575)
(0.1989951710858579, -0.0005265610794025118)
(0.16358961301224187, -0.002639993225042842)
(0.7042133574010185, -0.0008359707905229578)
(0.3452942698735445, -0.001840570827341583)
(0.05884027744148228, -0.0006855264587956945)
(0.08625603465423264, -0.0002022314852040663)
(0.24656535793073886, -0.0009170444260216887)
(0.9383938804052786, -0.001768971163357156)
(0.13560572915213354, -0.001049557233637237)
(0.14508304645665845, -0.0005903492569057436)
(0.836187157532488, -0.0001360801787601173)
(0.17302726980597125, -0.0014035102312821653)
(0.44925431854751546, -0.011264933459515951)
(0.19220600753508535, -0.0017421235343764224)
(0.11978417984986926, -0.00019392811439714587)
(0.08741424799157653, -0.002050226759551526)
(0.11459581610173657, -0.003922998948623568)
(0.7759058022655293, -0.00120731577905408)
(0.5739266310941098, -0.001304331198197975)
(0.5498139819010267, -0.00022754747304941912)
(0.27195157252336677, -0.0006621864662639384)
(0.40914900776432467, -0.0007729415387888277)
(0.44838691522863083, -0.018327353276572405)
(0.5275037497273937, -0.08152761388824158)
(0.47653571713032516, -0.010062081737147947)
(0.9617863823460528, -0.0006199536223194303)
(0.9669148564281576, -0.0025205569167927187)
(0.5731336840804134, -0.00013288468366433713)
(0.20612951686078754, -0.0013040329969589276)
(0.9723417971995285, -0.00015081119493107892)
(0.7653106759217101, -0.00034861220397621124)
(0.5875506987287105, -0.0009498688020624393)
(0.015759181010377182, -0.11382507221308506)
(0.8142934093824282, -0.0002317472347943748)
(0.038383888306263284, -0.0007599812874843043)
(0.9040249574877424, -0.0018171367670816129)
(0.14741801720328446, -0.007529928523642401)
(0.8879218853813268, -0.00010067360246097652)
(0.9014836976431799, -4.473774299976012)
(0.329431446258796, -9.627171032808982e-05)
(0.7015503313580295, -0.010960225591066484)
(0.9026023481167001, -0.0004901088729150817)
(0.02168880761238813, -9.26094579092096e-05)
(0.8323482863072297, -0.00013343095276633404)
(0.7302147367560595, -0.0004987892978419374)
(0.6674299607322595, -0.0011514901035607865)
(0.26570897162187085, -0.004010004038108616)
(0.4958865799160371, -0.000635974697526709)
(0.46406926957089334, -0.0015494007719613276)
(0.5458963168294144, -0.0016656257299328108)
(0.4033928290238423, -0.014494725562231924)
(0.21529151171566363, -0.05895364060567038)
(0.6512780982997085, -0.00013597261652570724)
(0.5749688088362817, -0.0002188682807641062)
(0.4336928311554726, -0.01744625402039295)
(0.00675015698588517, -0.0007207360779897174)
(0.911573443317388, -0.000674510687976066)
(0.0748656366295266, -0.00037179714140087174)
(0.13187059700131154, -0.000585636934640007)
(0.8720720534599947, -0.0002808953709275654)
(0.3058370294395444, -0.0031131620534562165)
(0.8327328305888745, -0.009569664433094297)
(0.30849929951636557, -0.00012105834439852464)
(0.29296746162102577, -0.0006014625604032665)
(0.6111333553830284, -0.005805990746180946)
(0.0294302772096714, -0.006921643088179704)
(0.7693252958228721, -0.002904729006768676)
(0.480198005184407, -0.01138696492832699)
(0.5423055273540975, -0.00015607098071130843)
(0.4553661269585759, -0.0030635409792098642)
(0.19601042364475318, -0.0003137579310815576)
(0.611257075053647, -0.004423582386310554)
(0.47338964634219294, -0.0010099631817459774)
(0.2537006953654723, -0.0003311089820127487)
(0.320248297275778, -0.003132497642017115)
(0.31698191102277606, -0.0005274458633111231)
(0.9418136693896814, -0.0003751256007290362)
(0.2203557542995248, -0.427742737714434)
(0.4312477269325746, -0.00032187656313130924)
(0.5150642851964392, -0.002329856652788303)
(0.14651686450844437, -0.0004275690622754148)
(0.08281938443734753, -0.0010585862369946858)
(0.2275873701609038, -0.0007175628554580473)
(0.5051697095490942, -0.0005303100466145747)
(0.7508001168006051, -0.0004398359857504841)
(0.2671157406140656, -0.00042047855087821794)
(0.24596514017025498, -0.0004036535974028255)
(0.15115153501929746, -0.0003310784072724949)
(0.8815995949383308, -0.0006476725738632149)
(0.8078485536330735, -0.00031233717076888134)
(0.038575494074202694, -0.0012877154992517994)
(0.7157590714324457, -0.39741539016655164)
(0.777840597142982, -0.0006268991336013232)
(0.6588670988820197, -0.0026899886155970646)
(0.34028061108165286, -0.0001799591325510011)
(0.6696820693418333, -0.0017122564076291)
(0.8355753460903188, -0.00021330802239249286)
(0.9283718990745207, -0.00022973387334079132)
(0.1377846518899336, -0.0009486343240319299)
(0.4020491139175674, -0.016175739899915782)
(0.460721512988203, -0.0004316539155966051)
(0.12111667469583705, -0.002725756728600046)
(0.34335358407619976, -0.04473774299976012)
(0.9456724606274469, -0.00016660280805642284)
(0.9367406546736649, -0.058713470479592224)
(0.9502691010407041, -0.0063001023442931115)
(0.9144882457550774, -0.00312597860251677)
(0.9796226968845598, -9.698771911219258e-05)
(0.9353526220614828, -66.2490736754133)
(0.3635298514591031, -0.05554665042703963)
(0.9587475899841583, -0.04498991507227414)
(0.19027628347866654, -0.00030450168218521965)
(0.30386590997476803, -0.0011149200179303756)
(0.10104610943175012, -8.682288928647634e-05)
(0.023302290862566626, -0.000693450728587555)
(0.7112564332827442, -0.0001783143143380953)
(0.7125645121450948, -0.007972844288928135)
(0.25419274711271445, -0.00041368956565732726)
(0.8707295863511286, -0.0017221164011845234)
(0.358785320605189, -0.00026187825382184305)
(0.6840044855993479, -0.0005040309452465784)
(0.5519638952589195, -0.976900905085157)
(0.44876778239101817, -0.0004604604907152316)
(0.9582049703512012, -0.0011871813228463675)
(0.4407820924559852, -0.0001271635998445104)
(0.3325032013353178, -0.024717235221909925)
(0.3076799908585674, -0.0005819948686116616)
(0.7261937611518187, -0.0010369418923024023)
(0.6749555739511869, -0.0020577546915134005)
(0.2557968267538992, -0.00010280146792574345)
(0.2727119931622607, -0.0001283433190231291)
(0.6052728901913691, -0.0002129308263807906)
(0.644405132018605, -0.0004617049073864386)
(0.30690052798698964, -0.00012715955023704552)
(0.7711642048489077, -0.002056366243184256)
(0.9016931170697008, -0.0007894767091821944)
(0.19068133055429498, -0.00011316146072396783)
(0.6284312933957694, -2.957834469764537)
(0.25250633812962364, -0.00028353197450332743)
(0.4375558855368827, -0.02183901731021186)
(0.5932665099896237, -0.0002947377846118595)
(0.4333975365706192, -0.0005132878381281718)
(0.5008201827033357, -0.0009974356534914763)
(0.7890267067887787, -0.00043788126178814606)
(0.3311020444221576, -9.555953534827593e-05)
(0.44848419326165306, -0.00016545377473369438)
(0.22696997774592909, -0.0006508660224292346)
(0.9870991565046243, -0.0011232421122076976)
(0.6355881861295466, -0.00028677186231348067)
(0.5364706958179242, -0.005399135646149169)
(0.6970464276481613, -0.005919300998918044)
(0.16916007333555522, -0.004854900918483907)
(0.6779805938923815, -0.00015557510449153186)
(0.9097484576018892, -0.0001655793513536756)
(0.9368813178987602, -0.0017835208881459934)
(0.486606130810601, -0.0009427087467278245)
(0.6247887132692754, -9.833558356058405e-05)
(0.5877483455719419, -0.00012595973035741163)
(0.37096453779869143, -0.0002171186809128079)
(0.5936023059328293, -0.00016153903151297182)
(0.9315905820220545, -0.0004334171734574488)
(0.5788324337508514, -0.0003923654634193543)
(0.027417036952230973, -0.005349948004620352)
(0.3291494776430679, -0.02538391241981974)
(0.05099059068371867, -0.008076786401576646)
(0.017344684618994292, -0.0010060042910773695)
(0.011323856569016019, -0.016333146566253485)
(0.48788099352595565, -0.00019302844986846543)
(0.4792635441491052, -0.0005820968742941483)
(0.2032612789563016, -0.00011523025081106595)
(0.35768240623397723, -0.0024122533114895126)
(0.82709640886069, -0.004891092802128349)
(0.03995555232199224, -8.309244643249115e-05)
(0.33243700014304955, -0.0004975057821067084)
(0.9351810046461759, -7.860631723195807e-05)
(0.9444623206825293, -0.0030022577525489224)
(0.9956002236623384, -0.0007427784521198768)
(0.6818131558458026, -0.000993224109777034)
(0.8278762453768624, -0.0009100397945918361)
(0.6385881933821714, -0.0020076200754295137)
(0.8859429890259949, -0.0006164643283499961)
(0.37938584998133584, -0.0017051726987266293)
(0.20886123286140362, -0.00027564647911810283)
(0.6002919564535084, -0.0002575953139543308)
(0.5014652761764267, -0.00021409026089502925)
(0.2698107956220164, -0.0032099703027872475)
(0.06506891074229822, -0.12073629280145916)
(0.05321231594062604, -0.03686544633863962)
(0.8234669395730262, -0.00048660889181846296)
(0.14049008505244018, -0.0358898743732781)
(0.8423749468033858, -0.0003357851840656339)
(0.46815363338488364, -0.006693152101947901)
(0.8792089002951736, -7.680231797265125e-05)
(0.17384195421646023, -0.0001142534024896647)
(0.7286423884703361, -0.000742312423950546)
(0.5866644806223607, -0.0018554485880162852)
(0.5490430459442195, -0.00048528542802052713)
(0.24018740745083708, -0.0005530267265936745)
(0.8089375518830578, -0.00012785028100934103)
(0.319290590541136, -0.003914347211205691)
(0.4611717976009399, -0.13492683029615746)
(0.6489222074411582, -0.00142813006564719)
(0.6138971634133764, -0.02853859604191514)
(0.06807487101162506, -7.820610389498592e-05)
(0.7442066772234982, -0.060493844633772435)
(0.7243429747008195, -0.0047960163484773504)
(0.6449574207239769, -0.006227735506421665)
(0.12372164166888179, -0.00018288642157991935)
(0.6515190880294333, -0.0018523555356103727)
(0.17373229097625084, -0.004760270008161689)
(0.14370651688959543, -0.001510935377912799)
(0.640649161899694, -0.004873717938340237)
(0.2707211310062921, -0.012521228666321549)
(0.5969234268420787, -0.01435435229322315)
(0.5009962307408343, -0.0711802011745003)
(0.47600400871746296, -0.0008606054594551307)
(0.02864638361054677, -0.00048274929433849404)
(0.30981351998824913, -0.0006171177407376688)
(0.14931216730198765, -0.002037892848572706)
(0.3726377771124747, -0.0028525985487354378)
(0.338031950913054, -0.0007442164262210466)
(0.1010606433392882, -0.3919057107059569)
(0.19359438697976708, -0.0016691271878692985)
(0.3125661752977784, -0.00014565001153131894)
(0.23910312566146522, -0.00021749110168528944)
(0.02695548257140754, -0.0003152396996846553)
(0.4759086862767323, -0.00011449157603355759)
(0.4314930527919335, -0.0005759279440145417)
(0.54595796575423, -0.00013795691071485233)
(0.7571139426260926, -0.001045496629793219)
(0.20982808135100048, -0.04626729257174987)
(0.774652839288508, -0.0003718163289948892)
(0.0031141905914908335, -0.15840426211736233)
(0.5216874424731012, -0.029069522441444406)
(0.18615382411349327, -0.0006350296214509875)
(0.5614278084248208, -0.0063324413316792096)
(0.9950633810307864, -0.010977476996754483)
(0.2119687222372993, -0.0009735119403014576)
(0.41697860962566846, -19.59130360561688)
(0.6649185623474283, -0.0691672303693506)
(0.44191007867044235, -0.0006505540695258191)
(0.02833437925234817, -0.00045995416297847885)
(0.12466810919917903, -0.001223584426076267)
(0.23652679559159348, -0.0003242261679250601)
(0.5899464796199889, -0.000519691222992787)
(0.8088485747886279, -0.0006929641419037818)
(0.7393567524074481, -0.005952731009976788)
(0.2327725089869437, -0.00010755393937956816)
(0.793615229562166, -0.00036257313274963245)
(0.3121463905778612, -0.002435559701589518)
(0.20972907141926295, -0.00031184306257431337)
(0.12291255112780548, -0.0003109687758707787)
(0.9265096182603703, -0.003909012457532671)
(0.9107032334159221, -0.03565237396383311)
(0.37854192993050306, -0.0013892078429793922)
(0.42647057411529804, -0.0002226339252673743)
(0.4821796815992573, -0.00021134035046373984)
(0.7283436295557485, -0.00015798477047348705)
(0.009175465696237221, -0.00035992758073296065)
(0.4324893711152916, -0.0004511087032798034)
(0.12938294262875807, -0.00017976016096973065)
(0.5109163083079897, -0.00012976049653085317)
(0.3153284771344406, -0.0009461072851015793)
(0.945367773464883, -0.0015731564303703275)
(0.5671890811837222, -0.00035026512908617306)
(0.04979944684848247, -0.0039070552032271465)
(0.6569443098619642, -0.0002314047640105408)
(0.43754974489795917, -0.18691702929848755)
(0.7974113913960774, -0.000347501669273946)
(0.5631436151438337, -0.0002410147405193122)
(0.7632897764506608, -0.001325676194957269)
(0.26035893100706425, -0.0008867707825985736)
(0.5118349742240784, -0.00027223558333366193)
(0.2147653300209122, -0.002374504149060478)
(0.5310531538335924, -0.0010517909324184622)
(0.9570805435803329, -0.0036506009985419374)
(0.7072752168155408, -0.0017251037945587814)
(0.4329087061706778, -0.0024821806422335095)
(0.44728214683171647, -0.00020982986615674878)
(0.4654313046858414, -0.0018787538547398188)
(0.5476903425627229, -0.0015036576599996847)
(0.8488919881404375, -0.00024244883054531656)
(0.02624811468149356, -0.002100670144863537)
(0.9977688743752621, -0.0014478920046671318)
(0.030505050651893763, -0.0009683480078429337)
(0.05910405457239814, -0.003839491600397362)
(0.3330757140508489, -0.00024832512864133953)
(0.5083714836265986, -0.0002256101272705765)
(0.5349152631173423, -0.0013584085424213363)
(0.30845533158375416, -0.006612495486321076)
(0.5785218356475481, -0.005350489470840684)
(0.5229789960226671, -0.000577195890613499)
(0.5790744087217269, -0.14550405203845962)
(0.020449480023183093, -0.0009259220122854514)
(0.029236019415670157, -0.13626578543268142)
(0.7225222637132828, -0.0003553044528096094)
(0.9748246109423115, -0.001987106482056714)
(0.27638711764367024, -0.006493596973054563)
(0.3224195442223615, -0.013831800888941412)
(0.2632368006755214, -0.000562173455575635)
(0.8905164919267428, -0.005150360179499626)
(0.7894234942847322, -0.0007163047852635124)
(0.7844038251399479, -0.022364638359147773)
(0.4932399564001428, -0.000551802224065412)
(0.06147312855433199, -0.33987751985326753)
(0.6275098187424408, -0.0004557921637363028)
(0.3014181507141223, -0.054784623442746185)
(0.2150908874639873, -0.003743771729099609)
(0.8669769354607879, -0.0008422700886912788)
(0.9057075527137252, -0.0004411715061389891)
(0.9817884953019574, -0.00270314899208577)
(0.7679261223759971, -0.0031524207317894736)
(0.5056536557619455, -0.0007415818490187888)
(0.038835324767383037, -0.0007705085376453312)
(0.6054115589221696, -0.10592037048254759)
(0.12899446336777717, -0.0002007261639425945)
(0.06930684302234963, -0.00048763627342518435)
(0.2282507494755972, -9.385373776685882e-05)
(0.9817255326902665, -0.00017615068420170376)
(0.705305328060692, -0.0031756976895934877)
(0.008987584947520473, -0.00033652764133333023)
(0.4446335490778491, -0.0021999237828982)
(0.7914851242838585, -9.301286438995822e-05)
(0.8601857956939992, -0.0003610024369465163)
(0.4160071100232583, -0.0006753845110028597)
(0.12000012204294119, -0.00022277694004587648)
(0.2692707463919626, -0.025913176333724405)
(0.7819095642798466, -0.001736407087645086)
(0.3053013789659939, -0.00021081651209020613)
(0.2189288803298466, -0.05127364578231296)
(0.04169538852505934, -0.0003696253870180711)
(0.1974946793148045, -0.0002594912438042343)
(0.2725157562167794, -0.0007036302005119113)
(0.8907695335798156, -0.0001600447883212476)
(0.45956769653377144, -0.00029799531031040536)
(0.5777758034940085, -0.1041542530597551)
(0.39702365616320084, -0.002251143521780815)
(0.417156978823595, -0.007504625948481541)
(0.4874586710097728, -0.00010645775530700273)
(0.49977209765037306, -0.0001438139529311006)
(0.7547057097097193, -8.747010444967317e-05)
(0.5935494539724877, -0.0009122222052973696)
(0.33518530658237894, -0.012981821118644248)
(0.30737610380155833, -0.0007865649920831647)
(0.21238141329528668, -0.0003209585819810933)
(0.2784514768232908, -0.0005549863652359899)
(0.5309089441597991, -0.002973300867438378)
(0.7438420982253721, -0.02799345755793124)
(0.6297733288890834, -0.0030961911693270666)
(0.7470983379873938, -0.0007140870236248319)
(0.4124099347395051, -0.0006161947338403273)
(0.9326795313098301, -0.000755752166769176)
(0.14624773960216997, -33.12453683770666)
(0.3409129750110968, -0.0012082333979097823)
(0.5341879076166302, -0.00043832219865624927)
(0.899976246718058, -0.0013985038292505896)
(0.5686672080161116, -0.0010120119893866585)
(0.8702182195191721, -0.001998058851015415)
(0.3361542784337339, -0.0005145960902708176)
(0.9232110285981057, -0.005580211969531233)
(0.3072633875910762, -0.10463795950092271)
(0.12277768838304115, -0.008176249414998412)
(0.07279054989810764, -0.0133484776055436)
(0.6605769947915622, -0.00037476497862801953)
(0.6629206214961969, -0.00010212559871722115)
(0.8309087797904513, -0.0010277782583815208)
(0.14058323302489129, -0.008044233002166213)
(0.4531612878385198, -0.0015796010518376192)
(0.2735051221291883, -0.0008592759650447797)
(0.3221555891318831, -0.00013936280372497104)
(0.15184307993880874, -0.0023803219683669837)
(0.43523805929526266, -0.0005448795257108286)
(0.5297005115533753, -0.00012160850466881468)
(0.9000715924087549, -0.003988808016880322)
(0.4913495402009718, -0.0013181997292160165)
(0.4085929462496247, -0.02173636942748117)
(0.29921830388036097, -0.02638111006717997)
(0.08578022355453921, -0.0015233683889857947)
(0.9590963299707833, -0.00047003405285482694)
(0.4084391359904461, -0.011381775217496282)
(0.1011896837497591, -0.006236978578406709)
(0.6990910525694081, -0.0035913569725674827)
(0.8715847123868671, -0.3468373702285716)
(0.6661323687810988, -0.0008697573807405516)
(0.004328283831085012, -7.348496061226969e-05)
(0.5269304662212558, -0.00038651961256083327)
(0.4748365798250753, -0.001201127228483127)
(0.02600135079239266, -9.802838174357348e-05)
(0.7038134324847624, -0.00021923579610295203)
(0.08959251810959709, -0.006406048709907669)
(0.804629262895985, -0.0013826014515042938)
(0.9402061031715032, -0.0009377298906614775)
(0.12067385850453471, -0.000360367709331907)
(0.5147350777889831, -0.0026431860664875833)
(0.007921730356955236, -0.013649790625148029)
(0.39284692962241397, -0.001607355460697739)
(0.33817576851542724, -0.00015036978562635384)
(0.759442992176827, -0.003147390956289608)
(0.37534714684766113, -0.004861148922714074)
(0.8519770749411041, -9.801461396290604e-05)
(0.7992864241202708, -9.206351518965534e-05)
(0.5345385634884221, -0.00034043930740328897)
(0.7298653687113928, -0.16926275159050447)
(0.1036344239135481, -0.00011422527234003369)
(0.8198440786394573, -0.025822946852746657)
(0.9103906655928687, -0.010283909267206867)
(0.4935364972807614, -0.7782915054066868)
(0.4249291517240438, -0.003067788148142802)
(0.3194927479750806, -0.0003469240486904282)
(0.9143841277820317, -0.00021406546089015467)
(0.46544864640431505, -0.013955248775346754)
(0.32996014395277595, -0.00011532367299532431)
(0.9935843384387867, -8.470981974262163e-05)
(0.767241795325629, -0.0010592924590045608)
(0.4653081263890195, -0.00015697648940813763)
(0.339691013122377, -0.0012228291970319029)
(0.5112391729530181, -0.00016822462943803115)
(0.044666439446493116, -7.327497128733728e-05)
(0.37387066888873033, -0.0007874027075383572)
(0.9045266074559765, -0.08050076630199113)
(0.018863607793040325, -0.00018358851151087843)
(0.8577460604499516, -0.0001845253175751175)
(0.040151075123499746, -0.21068704240399544)
(0.442466394061655, -0.002403823583341058)
(0.3331880276478041, -0.4595724593562673)
(0.08429801128677963, -0.000335191410775756)
(0.9656330507144738, -0.008051700777374805)
(0.4618080202184669, -0.0020279877006007317)
(0.2525020942966117, -0.002936603250286104)
(0.11340030964482262, -0.001529262134608405)
(0.4506809729774458, -0.004969710639728473)
(0.3443627296487156, -0.00016813027040325556)
(0.36056620180606197, -0.0016830841319075665)
(0.16773902486782752, -0.00014645416108449851)
(0.705352534781098, -0.009534982215476514)
(0.8304478202633497, -0.0019252585760438205)
(0.34658836269746585, -0.00040859208685545473)
(0.6046694754322379, -0.019449571354893277)
(0.8258407296297923, -0.00014922283794780537)
(0.9148477431709887, -0.0014737969031901905)
(0.649356880819734, -0.0019235315518454196)
(0.23898369368456024, -0.00037501798271497803)
(0.588688824574664, -0.0025706482676350257)
(0.48440772169567353, -0.00014963517014053798)
(0.426395002373657, -0.0006221253115404216)
(0.09314319643687125, -0.001574763919874202)
(0.17083806392744952, -0.051035721837588276)
(0.8183379004019925, -0.00022330146869494125)
(0.4571435720031589, -0.0003265224717669905)
(0.05476725826054386, -9.030095404790384e-05)
(0.43957515827071325, -0.00021705644004037196)
(0.49058487367889025, -0.0001559262801628327)
(0.2912470991788976, -0.0005055237062524656)
(0.06796440222278279, -0.00031284878493553113)
(0.434514117691127, -0.0006677861115590211)
(0.3563787379537927, -0.00043713340691532146)
(0.8644576479660013, -0.001550911731997332)
(0.7346776378720417, -0.0005658269657137782)
(0.3742307121815606, -0.00019386741345968686)
(0.6796167914187484, -0.00010915958685828933)
(0.9411436736361811, -0.00031339686439644696)
(0.2363825495689978, -0.0007465672352432868)
(0.8291878890080493, -0.0002626583692323268)
(0.09907802906291864, -0.0002186607617801527)
(0.5715806792472369, -0.008782141064331287)
(0.5864952571143285, -18.29043322141965)
(0.6722452827920177, -0.00020718425389362012)
(0.0821170902643621, -0.0003709189009773651)
(0.7198270376329917, -0.008237807512950324)
(0.9593388208801017, -0.00018617005330456095)
(0.45375595065669017, -0.04004715460776612)
(0.5363571612059903, -0.00025082968793200107)
(0.11005888858927905, -8.764936599240823e-05)
(0.9471496048294344, -0.00010965802665671006)
(0.8667902601233248, -0.001012753715267644)
(0.7866804931092075, -0.0008838579246961834)
(0.05198023252861015, -0.00044030972497263466)
(0.2589629652826649, -0.009033731434805207)
(0.5133500988378339, -0.0005487523051701709)
(0.3530388486756872, -0.0025232958672024124)
(0.07552919249985857, -0.0003071119838727295)
(0.11740178962085565, -0.0021027742425015847)
(0.7012729104670018, -0.0006182877573355334)
(0.8099667162218843, -0.0002525983858829915)
(0.9142493378787391, -0.0015226238285728233)
(0.8823816057628281, -0.1478469611675117)
(0.9377908147061323, -0.03277588557747251)
(0.8442193179055971, -0.0013704544917832952)
(0.7091975782162363, -0.00014791644688756233)
(0.6479499387351866, -0.0007179469451615702)
(0.8961759662230625, -0.016476393041198727)
(0.054020133432519234, -0.0003886306800012437)
(0.04658012055395933, -0.0001598652053093657)
(0.19203348724950628, -0.00026746423410480284)
(0.9491997784900927, -0.00016825439901190642)
(0.12894069564634703, -0.00017648675653381574)
(0.20491524694831356, -0.001394263776854681)
(0.3736719889064157, -0.00029718743325638923)
(0.8319186426163723, -0.00023186109078629518)
(0.279058494798669, -0.00037806951739036837)
(0.30486014358774416, -0.004463676655569561)
(0.08155256388631188, -0.38622478011410516)
(0.3405683536980068, -0.000557128439805405)
(0.9320570061876121, -0.05281634057600665)
(0.2603866480806115, -0.015285405013354823)
(0.20318833863769492, -0.00830171021587265)
(0.11882894074517188, -0.001965176799724734)
(0.09608294853678802, -0.0005359920403895857)
(0.4078197640679407, -0.0005529320921074636)
(0.08438646050672576, -0.0030689718361852562)
(0.8803624691957067, -0.00015849279070248383)
(0.4681017484835885, -0.00018069014186474202)
(0.85289415758234, -0.0016469338019895223)
(0.6417157966603982, -0.0007111308111451347)
(0.9829090425283914, -9.80038845632977e-05)
(0.14900778278373114, -0.0013925462566158322)
(0.5092378691615923, -0.0024763243382533175)
(0.18553272963201964, -0.0003072081757614952)
(0.06980885077191568, -0.0013658424917067258)
(0.5090345108956513, -0.17584591409476605)
(0.6271849859970999, -0.0008835420009828512)
(0.642979377521253, -0.0011198492326154527)
(0.9582637800204286, -0.0052118021422235756)
(0.9268634320554693, -0.0023353410684678485)
(0.29187676232933246, -0.009417702286938529)
(0.9112066598473989, -0.0010233297656711009)
(0.5720469327827847, -0.0006361788511406293)
(0.5023974865184594, -0.11257121093427018)
(0.481953087617212, -0.00035384500066444017)
(0.40563386204306895, -0.0005594893708552814)
(0.7501200548951478, -0.00021667301271410312)
(0.7216628371732361, -0.0021364379128715684)
(0.11728330500195581, -0.00039117147697709454)
(0.5391406189685208, -0.00032547599732822373)
(0.11977846391481474, -0.000633407701856124)
(0.3363132900719075, -0.09885120068670604)
(0.9159800795326565, -0.00030181785962963106)
(0.8926387316395126, -0.027615724207503516)
(0.6665452879514058, -0.009389685968296783)
(0.40529838454734374, -0.003610234722368199)
(0.366060190607752, -0.07621759021726529)
(0.6425086325614463, -0.0002899362226953386)
(0.6844243641327366, -0.005242004118328481)
(0.3627401436239785, -0.00030105588195060066)
(0.6213682372062813, -0.11385372489349387)
(0.7674626850540078, -0.0026720755560739875)
(0.3649403669090018, -0.00011303258511702465)
(0.07083382857475166, -0.00018571451925858073)
(0.5008135686707115, -2.02072464106473)
(0.5249109840622782, -0.00017621368001237469)
(0.8703507073363742, -0.00014389195466539719)
(0.1652231961150332, -0.02570965048106188)
(0.5691540903526416, -0.0012784790520881542)
(0.19278593280377845, -0.09831402356833287)
(0.963250892770717, -0.007626304599005918)
(0.8982571915503634, -0.018891655683498848)
(0.37432107046875607, -0.0010490988338729842)
(0.23957143118732718, -0.0016940596668077418)
(0.5791416642594034, -0.0005563570649531562)
(0.7880528606994222, -0.017112226923366024)
(0.9890028389084508, -0.0032249769139527785)
(0.164320220386969, -0.0007655555891350084)
(0.4843840006073529, -0.0002494486943699066)
(0.8927544828622391, -0.0011563869480522857)
(0.19882220130506126, -0.009320054884440659)
(0.08632323823593877, -0.009651224073149077)
(0.36180018213219256, -0.001763731032390065)
(0.050704608808362334, -0.0004949864194256506)
(0.03947723953061272, -0.006039740600962047)
(0.8514612013051114, -0.00011298009232640221)
(0.4271643965376476, -0.0002106105289881723)
(0.8114454011046548, -0.0033661473868300848)
(0.8899974950164329, -0.00038494933310858064)
(0.4813960588687372, -0.00010657875838983851)
(0.07019373985525273, -0.001484414578391944)
(0.6564959128084162, -0.000841126159782594)
(0.033990984684339136, -8.668724563124616e-05)
(0.42996489234574864, -0.00014946577146912244)
(0.7802539053396357, -0.004783237312665127)
(0.5767385118693492, -0.0001189262354663074)
(0.21459974933979561, -0.00011224169364315299)
(0.2429523491972977, -0.04316393806303276)
(0.8225315135701292, -0.03365955949220297)
(0.44508380395959807, -0.043807089756992504)
(0.33418700650923766, -0.002853271491434872)
(0.031107569105286507, -0.038786980015079936)
(0.9855784477081649, -0.004447950225544058)
(0.515729255772752, -0.002422235651873633)
(0.08694539579732835, -0.00018674388056298452)
(0.2167644193805546, -0.0015831379709045348)
(0.23738629155491686, -0.004798402111556124)
(0.8165419729435788, -0.009105231778595733)
(0.9340887735207808, -0.0022406145760925497)
(0.4845423080198806, -0.0002926768123402263)
(0.22912803904163428, -0.00023473220150013353)
(0.1992097314692885, -0.0002780253319841229)
(0.9507160264603988, -0.033909200646148684)
(0.5717541244875688, -0.0006045735824256741)
(0.2171751319336233, -0.00013888528311367733)
(0.7590936015828484, -0.0027252435369105594)
(0.026996404115954577, -0.0004916692723763871)
(0.34799169834874205, -0.00019180015256118024)
(0.9816348643648953, -0.00043597571992593073)
(0.2428830163732065, -0.012001930800197857)
(0.3151082500248587, -0.07005510548211237)
(0.20275756772387168, -0.0007866987128185472)
(0.24144225871408354, -0.00028490061385652907)
(0.2778034641831556, -0.005031554254403989)
(0.2475860783714711, -0.0032152042214736174)
(0.587929650677154, -0.0017132266355854233)
(0.41399265969230226, -0.0011232700423704674)
(0.9112940382042527, -0.0005354136868698055)
(0.4064543245496632, -0.10047759215860949)
(0.025955275777701098, -0.00017352723409744359)
(0.27467581483130465, -0.00041623962101817395)
(0.5126552408855665, -0.002593934891492267)
(0.39835858876091407, -0.0005595516062366954)
(0.7845408403784417, -0.00026646187355403023)
(0.9296640072367328, -0.0005540202031682597)
(0.4849979560725704, -0.00045092610667547925)
(0.08842134051695923, -0.008129451218728219)
(0.08357424571090515, -0.14449117626702251)
(0.2937805234396093, -0.03130157392653489)
(0.20620140488059352, -0.001101413594393019)
(0.6382888919285814, -0.00015044317215495066)
(0.9133266930953343, -0.00043660677433585127)
(0.6435812550618342, -0.0004469742525627519)
(0.8819406281070757, -0.0029387336500890635)
(0.3677697150988279, -0.00022659152285519957)
(0.5461935040273869, -0.00015527715096220224)
(0.8463733019055827, -0.0023822945363549657)
(0.5209394491116592, -0.005915931636315767)
(0.4307191624909856, -0.0002676117763794069)
(0.5018618144113492, -0.0021115522517249027)
(0.32800897823202235, -1.0343526847879263)
(0.7167618009235506, -2.3496496756351695)
(0.6495438047689116, -0.00012224177913480307)
(0.45163643276986926, -0.00033635550874689014)
(0.1021076688674454, -3.721253198832256)
(0.8966576457898118, -0.024288570210357626)
(0.5733324496494481, -0.03163623231373215)
(0.8318653435487254, -0.031495323073097214)
(0.11603429601862743, -0.0007595106238439607)
(0.034204831059360036, -0.0023025111064779837)
(0.7057185117535749, -0.002125411287519835)
(0.9424642983442141, -0.0005127959180181821)
(0.8163945540631223, -0.0011408080234074568)
(0.730713433016967, -0.00025548160176551324)
(0.4079590396865146, -0.0016144806208939404)
(0.19106602834873035, -0.01786952255046072)
(0.39037258767042665, -0.005055377274857205)
(0.22458974069945126, -0.0003221241578098175)
(0.7357779120750295, -0.00010367761662737452)
(0.23159001408953053, -0.004476457769409401)
(0.22763652705514945, -0.00010348797959135418)
(0.26349930751420714, -0.00046208693406925484)
(0.15591318392751144, -0.0026302534542967265)
(0.8781603708854853, -0.0007628889982419352)
(0.27912694151589096, -0.00269558987585994)
(0.8926578796227703, -0.030494458704087398)
(0.7883609229994286, -0.0005853935208525095)
(0.09784701495994248, -0.0009198234582748275)
(0.38562339967331116, -0.0007789955007457785)
(0.9852004779295127, -7.37646156931219e-05)
(0.5315835118911902, -0.0016689526055022874)
(0.5278471867650458, -0.00011210018486444072)
(0.42737876159489, -0.0007704093593947234)
(0.3115755034256088, -0.00013785662073729856)
(0.3303785759361073, -0.00016932156428115587)
(0.4699326018540262, -0.0006397736471496568)
(0.22369805128870518, -0.001673777671999799)
(0.15866125478161552, -0.030190092593587448)
(0.8492903869119706, -0.0002429183901717229)
(0.8715674740158857, -0.00021278149997222925)
(0.2941696105379255, -0.0006789836549120667)
(0.9275317931161139, -0.0008549199140991052)
(0.7170510186171126, -0.00010725757267057355)
(0.1181347571107856, -0.00026017000467851707)
(0.8649929878800029, -0.005684757451483634)
(0.5044861615953516, -0.0019392726237125446)
(0.3681965550448105, -0.001266469265154038)
(0.9752721879958789, -0.0008446032298882213)
(0.21155197883116983, -0.0006960921099040629)
(0.38197659993230754, -0.00012319981155803412)
(0.010127075916064678, -0.00011346026956255614)
(0.7009107072994972, -0.00013727810236007447)
(0.18460818692574266, -0.010060175233960215)
(0.4235253464223285, -0.016964327584132785)
(0.41456476500327116, -0.00040541352594630894)
(0.43276381411004183, -0.0006174006602793692)
(0.12427823384195388, -0.00030351652661226344)
(0.27168239025474233, -0.14802019249107515)
(0.22577831912055246, -0.0004582674631787734)
(0.9702445953492749, -0.0001481858147838451)
(0.20063725466691185, -8.783414902447813e-05)
(0.7471471369897533, -0.0013491253525065793)
(0.2519175556856201, -0.0009185067099657803)
(0.6126788257513076, -0.0005011129824522967)
(0.9214329317584891, -0.0002830009043525919)
(0.881230040911029, -0.0002664993607345091)
(0.23069461944385533, -0.4570383580446807)
(0.6391321971608483, -0.0032035780839712795)
(0.40686514189822515, -0.00011498429113487572)
(0.09414467466662295, -0.0006303041797298423)
(0.17578652000874975, -0.00029833340514990496)
(0.31287699791900075, -0.000553816572577747)
(0.4672697696388026, -0.00042816256688572846)
(0.22940542269644826, -8.700026771962559e-05)
(0.6792489894331694, -0.00010140978391388315)
(0.6771084279424365, -9.209750616112885e-05)
(0.36569054393154055, -0.00012481453522104652)
(0.36242751938382806, -0.004706036057581602)
(0.21567245100343677, -0.00013627815845846845)
(0.4738259034162999, -0.0011477181667738149)
(0.6073103294143699, -0.07511725671705868)
(0.3324320338218365, -0.00020951377514324732)
(0.3276771180235274, -0.0003709869608076503)
(0.9029786383178331, -0.0004714676781215742)
(0.024571800980549414, -0.0011313808158397276)
(0.48728869759989235, -0.0004992426646397685)
(0.8769010242592891, -0.0001594880616959385)
(0.646792750840046, -0.0013770352485923706)
(0.6820487906635173, -0.0037702476532524187)
(0.8867263712350713, -0.0025862091957565675)
(0.7466640593272218, -0.0005787212721461249)
(0.5871378711852672, -0.004985571968041754)
(0.5986466864513202, -0.014946907720055403)
(0.2559669953318952, -0.0025171020183545538)
(0.8748359147489144, -0.00032427579893520506)
(0.7615985500512868, -0.00088372396899166)
(0.30094180675303767, -0.0008740501499884603)
(0.2540782694012761, -0.00249099342247537)
(0.15634131868552806, -0.0001670644077324778)
(0.7706517550345316, -0.0004435655987317434)
(0.1838492546830261, -0.0013751664962399256)
(0.5914724602108679, -0.0003827660488608555)
(0.7269966200611468, -0.26860423733258715)
(0.7460204081632653, -14.953362343879006)
(0.09694212460970471, -0.00019020341731628625)
(0.9856596278287061, -0.0009698181192182144)
(0.0322159827272321, -0.0006615101347054445)
(0.36466506994591386, -0.0007209988834927557)
(0.9712283959127611, -0.00038796148198263163)
(0.14092405382400225, -0.00021563188846065589)
(0.5649009055695193, -0.0021043282200271123)
(0.2315634369223802, -0.00011960669898587857)
(0.47424527724659304, -0.00013819113585520316)
(0.5503800461653785, -0.0002518430989111197)
(0.6995941888817578, -0.04674481905647614)
(0.4622635634135356, -0.00406341322971277)
(0.9765432347752816, -0.0002991977141779739)
(0.6757039288664766, -0.000282503730308204)
(0.5146458144277964, -0.004164037820602696)
(0.8605905230694281, -0.0001896463960407142)
(0.8187240570756903, -0.000245900620136348)
(0.12906546676853675, -0.00669632678047303)
(0.23029470645976105, -0.0072110311975392164)
(0.00819399084676904, -0.09962429261651214)
(0.5374211260937244, -0.00017565139328690129)
(0.6723003078076102, -0.0005508193292074845)
(0.3215137059375034, -0.026320384321243437)
(0.8945534565357918, -0.2213278664055022)
(0.09892444803833852, -0.0001514396083528725)
(0.18830172349509408, -8.990632007156757e-05)
(0.1333298854967968, -0.0006034590419504148)
(0.9484419021153582, -0.00019298270716707622)
(0.1489022793032334, -0.0004797608289830882)
(0.9735294117647059, -431.0086793235713)
(0.9540262368082562, -0.011022991129282041)
(0.45572874758840487, -0.00045770085060560983)
(0.48142417170741625, -0.0025021271403652123)
(0.9402097680757766, -0.004638324658779951)
(0.469262203865088, -0.003229301505837312)
(0.984612799651362, -9.965773661243752e-05)
(0.3442219266232649, -0.00033111843265892636)
(0.39735471867449973, -0.00013406298530414777)
(0.988339769979618, -8.716581790894496e-05)
(0.0644417272471589, -0.0003096582543267377)
(0.5794562736822503, -0.00011438415863883663)
(0.02711030240087867, -0.006257903399885991)
(0.15005959055863122, -0.00017632164485546737)
(0.5977143224793209, -0.024175382810981517)
(0.012708295510143252, -0.00028760988790422164)
(0.484956507025885, -0.003076353303056353)
(0.07462883571712417, -0.0012176676526081778)
(0.40959340299491265, -0.00024627102519648086)
(0.05718630280113438, -0.09113821021569123)
(0.6407444738760585, -0.0006270428157899049)
(0.8481249035480092, -8.888136686552279e-05)
(0.35095531325962137, -0.010451088760578483)
(0.023651285158261266, -0.00037639753706792333)
(0.8728167361835245, -4.775252573319024)
(0.9696559058852892, -0.00030641795087511624)
(0.6935893164650685, -0.00038646892257475547)
(0.9708025648696309, -0.02884158721383641)
(0.26917889571727605, -0.0005716124238828164)
(0.5516198914082497, -0.006354564872843365)
(0.609834912987619, -0.004505862822147461)
(0.6270238065312302, -0.0019347414444537627)
(0.45834896613392034, -0.0006782423951277787)
(0.47822102057924065, -0.00017712593677296365)
(0.8696055607010144, -0.0011466016485788375)
(0.8368952991673333, -0.00021538557605514883)
(0.18048484679808863, -0.07843299395092991)
(0.49347500373517206, -0.00012568902553356236)
(0.27189058719098347, -0.0026053699438815655)
(0.8455606743507854, -0.0001385752745515938)
(0.10008973276503595, -0.00018096935957516948)
(0.25317862498682187, -0.00013859340406019522)
(0.8071323761381061, -0.05375710778718213)
(0.8710807863768878, -9.556206609687387e-05)
(0.2710358750392643, -0.0003575517886281844)
(0.3085720817796696, -0.001833775157840066)
(0.5271737297452118, -0.0007056591480216866)
(0.35915421947499665, -0.00010004869924277443)
(0.8873166796705583, -0.0003881855311941408)
(0.25251979186979145, -0.011197432647890719)
(0.19169688293708206, -9.040823601754614e-05)
(0.4894606447203554, -0.41731105755215353)
(0.7993917009913354, -0.016455959350535447)
(0.08462808573369107, -0.0036890336399162376)
(0.1696526420468987, -0.00043665855296884067)
(0.8241640513405999, -0.0037512978750586018)
(0.3169962421367094, -0.0001117048495460606)
(0.8407485003141097, -0.0001642072356337073)
(0.1301977868464663, -0.002068844854076023)
(0.18234521421853028, -0.00010888970373547638)
(0.13406285564153686, -0.0003790103106988495)
(0.9707342696386821, -0.001020448408966862)
(0.6646858067560544, -0.0030218199083156616)
(0.13395596503237536, -0.08222495032600591)
(0.295805470511903, -0.0045870656921319615)
(0.006073244723354287, -0.00010468035229443427)
(0.20926813481247436, -0.00037832722325919425)
(0.3046285666225308, -0.0017252378372712512)
(0.6926669524185063, -0.019953105695413715)
(0.4277335672329261, -0.0006415585828294564)
(0.03924984962857072, -0.0002550536822887346)
(0.7857512921888774, -0.015350289503313248)
(0.7676850326088794, -0.006883609080977038)
(0.6187519206464933, -0.00010273473067916504)
(0.06845363488302575, -0.0064610274374308)
(0.9101713162724163, -0.000863603381497322)
(0.30620579309524815, -0.0007212034818357937)
(0.8801035345166357, -0.0001525548139937404)
(0.31804346360139074, -0.002422039003232421)
(0.7322612431553829, -0.0003505897976079067)
(0.3399569852431917, -0.002794455605282346)
(0.8219022468335001, -0.0007326800258168475)
(0.4251082089937157, -0.0003178528456462404)
(0.9106765340947539, -0.0009876973094923944)
(0.8574890654056618, -0.00045207849986090627)
(0.9891196470117347, -7.87880416129336e-05)
(0.9035229397594614, -0.0008831775870917922)
(0.928390030832549, -0.0007351168373300677)
(0.33388023800633426, -0.0001603239311524812)
(0.8134344437539791, -0.00021966765024248824)
(0.45296792677430797, -0.00012808893566455546)
(0.6824856120564946, -0.00022054934096899827)
(0.14576816963312547, -0.00017694038558464318)
(0.9643736562591628, -0.000478034963981519)
(0.34063003410710097, -0.0020905785620295328)
(0.9942102502706612, -7.506679333251534e-05)
(0.17395590856869908, -0.0009274676133363881)
(0.23559430907622075, -0.00475369118828644)
(0.3732988648375077, -0.0006143483863991852)
(0.926997799449675, -0.006242743115740625)
(0.1575326510891841, -0.008607125184691434)
(0.23815833137452364, -0.00023910185910338197)
(0.6363425699739924, -0.0020549736733362486)
(0.029144243410667618, -0.000830895493448397)
(0.15985674005244777, -0.00018832887611359926)
(0.8480662591782964, -0.0009056697229696172)
(0.5983401331702646, -0.0010445523987798516)
(0.6803327440662246, -0.00023936572608798638)
(0.8544262895314748, -0.00037060041867852795)
(0.7178855994341021, -0.00012482291709594237)
(0.7779041695853838, -0.008095597891563723)
(0.6640775162076792, -0.00021700037085379823)
(0.5959642074506939, -13.380473974617809)
(0.10196548670296829, -0.0024404000978207746)
(0.5620240779788829, -0.00027515484643978887)
(0.17152592671213615, -0.0002596112862364709)
(0.8136050786051363, -0.0003645331442114582)
(0.7854874161116722, -0.0003952086950343689)
(0.24401142979737303, -0.00024179663433851183)
(0.2512932491884326, -0.00014824638855034865)
(0.4137216509880029, -0.00044430934079881966)
(0.8646850341289438, -0.006671855270641962)
(0.6470670893983353, -0.002648512156234676)
(0.9958275558804185, -0.006297879984353785)
(0.8619520726688435, -0.0004316417759335408)
(0.6662533091008538, -0.0004721536479917482)
(0.1164643980159936, -0.000280238802424941)
(0.786356212781466, -0.012525235522508579)
(0.45257975351458984, -0.0004430856833475288)
(0.6303461479565775, -0.001196926251470189)
(0.9217596534909153, -0.0034911380854772303)
(0.5813632176922421, -0.0006926319892529646)
(0.6948401232761222, -0.0002000265597954873)
(0.5508914316125598, -9.748732768095678)
(0.00547076102909972, -0.0003869942113920157)
(0.7467886720115484, -0.00039139775320209545)
(0.9999204584340267, -0.0004640413950598713)
(0.7815017855748417, -0.0007920361732510797)
(0.04261039951395163, -0.007152450378496022)
(0.5710121503331802, -0.002177558066104871)
(0.8171017733452132, -0.008423703099474851)
(0.6128987979239295, -0.0016411131689256498)
(0.8442982591185364, -0.22560479923211274)
(0.5133166699276022, -0.0003688194872349959)
(0.53408151626981, -0.0001767081052897458)
(0.7072720593797318, -0.0008009411660057016)
(0.8514883461748477, -0.003984177770519632)
(0.4247630003054676, -0.00024175914056837007)
(0.7069527629860293, -0.00023993326971897443)
(0.04745385705453298, -0.0011373140440509492)
(0.8317840796758585, -0.0003304287582164014)
(0.3991176548262159, -0.0019545820377076316)
(0.15760421492880647, -0.00325233633447491)
(0.7419646882043577, -0.5504994401578296)
(0.6153946130570321, -0.0007737619112001858)
(0.2933887805438936, -0.004105699286473707)
(0.775570223363621, -0.00020549114652481005)
(0.6602520595902457, -0.007578426967135414)
(0.5149268324932291, -0.0011506092434917315)
(0.7116520032510333, -0.00017370810378620263)
(0.82948492461823, -0.00015830298188461645)
(0.5202092960016578, -0.0018136371850414536)
(0.4440075561297514, -0.00011409369363118083)
(0.9809773870962926, -9.639914955770868e-05)
(0.6762398931431913, -0.0001144160742858818)
(0.185545066929426, -0.00030149775689283613)
(0.4144792769774732, -0.002101205083953802)
(0.13746591712278938, -0.0014350664877574883)
(0.6171064850482697, -0.000719661760136479)
(0.4472055167144214, -0.0009319804276223099)
(0.614743479655946, -0.00011313975170131941)
(0.9328757006935134, -0.0003458314997915336)
(0.8879375183933369, -0.0007931770382589324)
(0.039839523584675234, -0.0002581746791440212)
(0.7287512279800047, -0.005509010060151067)
(0.022291231392222062, -0.0004568108444860732)
(0.9510927294237123, -0.0005079888282493445)
(0.1334473512778067, -0.0003326240408924542)
(0.9143502525964325, -0.0012260032800910333)
(0.44890828348094736, -0.0008134170849828791)
(0.9365876778208625, -0.0021146144560008334)
(0.040817407924848045, -0.00081901322870318)
(0.8046922840945294, -0.00014532599976752102)
(0.38706277280771595, -0.0019490790536877637)
(0.5034561538692386, -0.00012493712429246997)
(0.7692028097140674, -0.0007301809684749855)
(0.8542539493995102, -0.0005353573776095325)
(0.925297338571056, -0.00045539827885793455)
(0.28412034038529727, -0.003463962911476521)
(0.7675099628263604, -0.0008327526664711128)
(0.936926732405035, -0.0024689450732280735)
(0.5552662624877623, -0.000946082681764972)
(0.45350007575325296, -0.0028834039570747485)
(0.1490148170368082, -0.03290296245761235)
(0.07321055652800024, -0.00023718052911630698)
(0.9973286609433849, -0.00011132351394276693)
(0.36493058051346083, -0.0037619023786227986)
(0.49070280526211946, -0.00012468146243943055)
(0.8629442909650608, -0.0008930167651838447)
(0.878645244631035, -1.183133787905815)
(0.27288750576255133, -0.0004882549071162697)
(0.12786737280904445, -0.0001446335674580117)
(0.41665926004821807, -0.0001322729484702033)
(0.2100266908491513, -0.00022108047696845276)
(0.09045286558600844, -0.016271492724501242)
(0.31829639719769004, -0.0010747078602583342)
(0.967782758134994, -0.001791116628727483)
(0.47981274146650404, -0.0005438963101161052)
(0.959593322934719, -0.0001747521746739364)
(0.452257926547726, -0.00015514807774832416)
(0.07280507010394355, -0.03011267077408066)
(0.6339936816480004, -0.00012075893380814023)
(0.43896618832016343, -0.0009057721194567493)
(0.4278609529851519, -0.0005650603186080704)
(0.4151601307123298, -0.005712581278875719)
(0.3572150933795119, -0.0361287074619821)
(0.8169644157262468, -0.06668317754369049)
(0.30902549897578335, -0.000771798881762172)
(0.5855049546553196, -0.0007523150752938269)
(0.28458448463266034, -0.0018763114770283388)
(0.11818929203667075, -0.007316681766901336)
(0.21893891591580142, -0.0004462707722162609)
(0.5121970154714154, -0.0004249024659713279)
(0.35005483038314245, -0.00023808413233480658)
(0.06432553925573742, -0.00016371403682028852)
(0.47929603225359957, -0.0013649782996667285)
(0.4991104630637527, -0.0004913452453779648)
(0.11330488440018947, -9.4371300591046e-05)
(0.6391416527099079, -0.024271336445229146)
(0.3979734805841583, -0.08167101242931216)
(0.847290147983963, -0.00023883267213731582)
(0.6467311158047403, -0.03570814720262107)
(0.10863804488620256, -0.014345376031391037)
(0.6987488519313753, -0.00011048703093550007)
(0.712105982631071, -2.945942243687967)
(0.8817638564787582, -9.258970178076438e-05)
(0.0792070039330853, -0.002150940161944218)
(0.4102529625283459, -0.001534727746937835)
(0.2571416796533172, -0.0027389332051305317)
(0.9787933284230924, -0.0005354302838137483)
(0.5234505348198456, -0.0015999673043975554)
(0.9264797498332695, -0.0037693888108256144)
(0.07824511770770358, -0.00010650030293618013)
(0.6360332854702577, -0.00043609255396872724)
(0.3647258681382005, -0.0002481169968091622)
(0.548097442507891, -0.017956230391173545)
(0.45272651314304435, -0.002144058376585959)
(0.4992131134465074, -0.000293686255383283)
(0.7955135897724515, -0.0039013696681249404)
(0.7546543197905556, -3.5523841503445706)
(0.7480147874200717, -0.000568471908029406)
(0.6418569973814373, -2.6648048983491095)
(0.9717282190845975, -0.020162595103784813)
(0.8270016246802542, -0.00536760390540132)
(0.18941279150349494, -0.003747420432722301)
(0.8078386870294807, -0.2546677446527007)
(0.4343911590916839, -0.0005413764697610211)
(0.7895113126006182, -0.0038043985316162216)
(0.005541997256881048, -0.0012103599486298219)
(0.8727190830210004, -0.015347106454244072)
(0.3842203372540902, -0.02727856316869001)
(0.30248083517201985, -0.012989549267109025)
(0.6940792501360495, -0.00037617169699975936)
(0.8034860979366624, -0.00022327797105462535)
(0.6527060555749278, -0.00026628152438835294)
(0.7330059973997308, -0.00024063306458400676)
(0.5792734729028556, -0.0038779109539599627)
(0.37470246698957616, -0.0018715040394250584)
(0.41625281978015205, -0.0016361865158125886)
(0.7527801851399852, -0.011191532102417964)
(0.2538035371114486, -0.049234303721900734)
(0.3671108514549797, -0.00018327085195855072)
(0.9734225236994003, -7.009105127773846e-05)
(0.7610775910126886, -0.0019322037069982477)
(0.6553377858976356, -0.0310159040549746)
(0.5145599486064247, -0.008931885896145861)
(0.9564894989196867, -0.19938576023306226)
(0.037130648056767065, -0.00019445711896841003)
(0.16503633579007151, -0.002448477920333644)
(0.22082155513707064, -0.000768950372342128)
(0.5239894348463494, -0.004326167411986503)
(0.00530004402260855, -0.00029262995637551956)
(0.20078163513004482, -0.0006034142949484948)
(0.07935961567243978, -0.0012377477850387252)
(0.7711118720705598, -0.0002912451649288002)
(0.8457417615969968, -0.00020177441558267203)
(0.7924099121061983, -0.00023106794414657245)
(0.5894186893652708, -0.0006316565861266034)
(0.1517279186455101, -0.0008856774502504811)
(0.9166475895052238, -0.001848142486091466)
(0.01464449050397639, -0.0825370891083055)
(0.22754649827072207, -0.00014572217779823023)
(0.25546706304661426, -0.00032617235895344824)
(0.7992890840617355, -0.002627284681736602)
(0.6974455494266816, -0.000278291155968205)
(0.8811539309394497, -8.438069329039142e-05)
(0.47595752515409373, -0.001020976819025897)
(0.3770017376509239, -0.00015455537746457098)
(0.42633684405660716, -0.00021777233347176854)
(0.5353318588950431, -0.0002190392950166808)
(0.3921341191600994, -0.00011475520978788746)
(0.7308357774789411, -0.00029386487896117876)
(0.7807804676972623, -0.08831272160298417)
(0.15203349458308346, -0.011001620628307533)
(0.4243568846118181, -0.0018543724012231152)
(0.9576887421715293, -0.0003446862529866701)
(0.3003047687302026, -0.0021001264488848667)
(0.6274020027963604, -0.0003134365202659435)
(0.4134555435493552, -0.0010716578387699647)
(0.6855376695625252, -0.00029649906156115595)
(0.7688679763149333, -0.0019153104140183343)
(0.5550234242794987, -0.0025863946971683704)
(0.25119455335332774, -0.0015616101401253585)
(0.5958897642780041, -0.00024174289762321903)
(0.7419660614215777, -0.043395395031103526)
(0.5730239156694227, -0.00011684295892356808)
(0.7846056612989947, -0.0006751180943154166)
(0.22875995022090378, -0.006032329695704619)
(0.06804189789939563, -0.0023742106964740528)
(0.8257561829482859, -0.0235507365555892)
(0.4410517939925099, -0.0012142081849175663)
(0.4369364636363618, -0.003696031584418402)
(0.7460135240236847, -0.0004254672635402948)
(0.3365760748200215, -0.0038958025651595145)
(0.960765736234941, -0.007201743587413087)
(0.8868766678712944, -0.0003373436913318078)
(0.690487580729301, -0.0006894783014153162)
(0.8338303294422565, -0.00034038343565895036)
(0.19352616436296308, -0.00016133843042338744)
(0.7934134756519687, -0.00035185572128070984)
(0.6133858286608557, -0.0023439903940558828)
(0.7974752402916717, -0.00038171452775719907)
(0.020768270039047576, -0.00020388181683229944)
(0.943064956127244, -0.00031453884251971215)
(0.603743797471724, -0.005079419916901276)
(0.10129056542461753, -0.0025286495883704726)
(0.7604283127243815, -0.001088278660697812)
(0.23063742004578708, -0.0005419605443583157)
(0.763244250496752, -0.000478244506649763)
(0.22431846578336737, -0.0027545075152897885)
(0.021079028913594738, -0.0003660521997061406)
(0.547376522477345, -0.0004578506303802435)
(0.915723022506479, -0.00025205892592106426)
(0.19215343046232225, -0.00040404073785124705)
(0.48441797677782567, -0.000941607811280858)
(0.5539029762977503, -0.010365009536551395)
(0.506525306364464, -0.00505648878506257)
(0.6728794532460107, -0.0009272904928227252)
(0.24087314198262, -0.0013692459515183286)
(0.005103248496538678, -0.008493510366001501)
(0.266645457195677, -0.0024152451437642547)
(0.16874912237645248, -0.0030530455666315597)
(0.6487794798538435, -0.00012620679129580144)
(0.0035996326929862922, -8.060081163570666e-05)
(0.8812267945544554, -5.667657447788298)
(0.06211115856137915, -0.0009476305379076543)
(0.2796573683782562, -9.122544718774508e-05)
(0.18353715773224194, -0.0006393245291937529)
(0.14867645929425016, -0.000156180496437234)
(0.5400158398132602, -0.0015832353272349309)
(0.710073783023153, -9.990407204970825e-05)
(0.9824529683181802, -0.00010400348887845554)
(0.20953009663832095, -0.0694471593158044)
(0.7175594656975305, -0.0018417503883762158)
(0.9010969333883888, -0.00026586108841928176)
(0.12336667740492654, -0.00042540901050862253)
(0.1137236793261396, -0.00023616289445486222)
(0.050171220104615916, -0.0070067297949764394)
(0.6443536291230032, -0.006774686748473541)
(0.2725343046093121, -0.0008424608491251084)
(0.8392113736439495, -0.000219647909617557)
(0.4509679963903019, -0.11892441948621388)
(0.2202295803304338, -0.0005614637429388535)
(0.8242839504063026, -0.03130430205885924)
(0.4462550827837463, -0.013022923845246476)
(0.8332503807501664, -0.0002567741523222815)
(0.7020361149403349, -0.000639863139680901)
(0.4413870936213363, -0.04475905944032885)
(0.929526924748315, -0.0001634161954258989)
(0.7403226731244014, -0.12356400085838255)
(0.6588745475838854, -0.001427660077084047)
(0.5237405218008676, -0.0001644737170501594)
(0.46858233600273924, -0.0020768552924165023)
(0.6557940446441719, -0.0041025714875627525)
(0.802396218297562, -0.0014582074747043236)
(0.056514845485760454, -0.1479932851646276)
(0.7937897384096105, -0.000389667356632248)
(0.1372022200779676, -0.005674214747318383)
(0.8862884014292683, -0.0002084718840198326)
(0.8411293595884839, -0.00015273284032005571)
(0.4193706502634656, -0.00031946675338474735)
(0.440356272262095, -0.00019991470519059175)
(0.9078997225434488, -0.0015239618358931254)
(0.3080387290503047, -0.00013721709793799482)
(0.9862525884440132, -0.008424613528206667)
(0.42666288499925886, -0.0017834478701895915)
(0.5333002661444598, -0.0005193039284923685)
(0.3347249024285739, -0.0017080880076548199)
(0.5105301681567822, -0.005182243791052002)
(0.8718866139234088, -0.0007414804477254275)
(0.21351067069181087, -0.0005291572367190428)
(0.11003827383954184, -0.0002095323293266207)
(0.958059267478915, -0.0001973541221886078)
(0.2197164646476318, -0.003386592814439394)
(0.1749469117613203, -0.00027554099651581014)
(0.9658475426278836, -7.349195133902419)
(0.4429527756648617, -0.0015695278141634045)
(0.9666880508823109, -0.0002757880496492771)
(0.4397840037925562, -0.0008275939672970086)
(0.5608414418398938, -4.050833452289204)
(0.3289584908912228, -0.00024734016273583915)
(0.04854487864682586, -0.0008123999999756863)
(0.231808132944182, -0.00019789996760525446)
(0.18309076834557597, -0.0007432761138063686)
(0.7213153543444933, -0.0025300446851039037)
(0.8699055294229471, -0.00024148668789832675)
(0.42614216892902596, -0.008889073282122259)
(0.9136710687471946, -0.00030464574822265265)
(0.6004026881061765, -0.00042790630324890687)
(0.11211200091481792, -0.0018198864675253827)
(0.571465577756065, -0.0055377264840692575)
(0.6296425368314954, -0.000123806719519937)
(0.8831430139517159, -0.0027460842378766075)
(0.8976621856213632, -0.09814651288189855)
(0.648489217265533, -0.004564855116584757)
(0.08624768667567832, -0.01952772883921413)
(0.24818968318958323, -0.0006627656107013561)
(0.49865389770213003, -0.0001387569967237592)
(0.40796588493780833, -0.001515861054943718)
(0.8707358279335808, -0.00019234839850542797)
(0.8641705281454525, -0.00046389962676051885)
(0.8812389626754474, -0.08424177660111007)
(0.3270350171282319, -0.001582391878832712)
(0.993630382873197, -0.001877414826092602)
(0.849001039545916, -0.0018520001726090854)
(0.1958406080252808, -0.00023106455286017)
(0.4857264890759373, -0.024788547321255783)
(0.3302448087506398, -0.0001031385538936671)
(0.4258219039935458, -0.7389216971057596)
(0.04297675964454896, -0.004168494794919938)
(0.5005215410392949, -0.008408863785921676)
(0.06538668774970814, -0.012901883824636366)
(0.12628371486568613, -0.004146932327129103)
(0.5232168641618367, -0.0004407003276165769)
(0.024297211960528878, -0.03498968309116289)
(0.01815756753841395, -9.405107336004803e-05)
(0.33554632358662156, -0.0001352400920391664)
(0.733951598884803, -0.0009873384909401305)
(0.6171252520497926, -0.0005222166196230295)
(0.4070284169948523, -0.019571334564788205)
(0.6730434700416041, -0.0002877330113728752)
(0.17690402175616082, -0.0005138829445286007)
(0.6467751452411733, -0.0008512266092820416)
(0.10214688880583048, -0.010357850445802282)
(0.030286785040133987, -0.0008230134536234251)
(0.3447982901536486, -0.011016792562349869)
(0.16939662514744988, -0.002929862866025836)
(0.6144702828752078, -0.0002117022115284835)
(0.8074084155975699, -0.0003257815985869923)
(0.4951677603572583, -0.01151825268858729)
(0.35802975269470605, -0.00011026534005592607)
(0.5573765002690185, -0.002905141544392703)
(0.5348771799837067, -0.0014369756671203586)
(0.35185059124600243, -0.000815931348281942)
(0.6841572490646745, -0.013343591469052509)
(0.4141933549168507, -0.00020120478097365258)
(0.8575846619253145, -0.0010475475426463088)
(0.13012288612390613, -0.05931520168139232)
(0.2654796231371833, -0.001021099010480737)
(0.4427688654550747, -0.00014376719517762997)
(0.15533906773223854, -0.00018267966996526048)
(0.7680546991721081, -0.00018988158263329017)
(0.6534168137208183, -0.000927642311733386)
(0.8748518765196076, -0.00017301009396879197)
(0.515569037591463, -0.0002646629725066587)
(0.1700432568922498, -0.00015771918339427236)
(0.2839153299449483, -0.005909173905333433)
(0.586440739902081, -0.0004315073241107569)
(0.006601514142006503, -0.000293665809687735)
(0.26816030107030914, -0.0006144809408238098)
(0.6024190892833022, -0.00456095827899699)
(0.6105428219708072, -2.147589996043353)
(0.11695853319492569, -0.00017715148585326779)
(0.6968478760752688, -0.001256413124820289)
(0.3124261764296017, -0.012859820335588941)
(0.5662170697546111, -0.0011053695663928908)
(0.38112640016577265, -0.005346128821453481)
(0.3488729339694479, -0.0001617679435066035)
(0.20412919029807333, -9.798677865090304e-05)
(0.9154522066997979, -0.0006614513729737614)
(0.8011451287139566, -0.00018247531571107157)
(0.996015724484973, -0.0008944062283331143)
(0.16576961683569277, -1.268067486154981)
(0.4135047605070618, -0.00817113419404231)
(0.2532822745332551, -0.0035856556834217594)
(0.8362950611288894, -0.0005876816473597344)
(0.851331377260317, -0.024485937823949123)
(0.19554676888635952, -0.0022171029781688934)
(0.6890047964913477, -0.005363786181768818)
(0.2571852801436274, -0.0025572981167750115)
(0.592184714988785, -0.00014794932529925469)
(0.7788556341962081, -0.051163229890544254)
(0.5778093998359867, -0.0009655709844449227)
(0.1999131891264211, -0.0022786175157693865)
(0.17746453499872836, -0.2588220090888148)
(0.118181888103345, -0.0002710716104572709)
(0.47757649845916955, -0.007493622876884426)
(0.2925950724862607, -0.0003451390207949214)
(0.7834661845151932, -0.00021985394828017996)
(0.498643704324562, -0.0008119133275321957)
(0.28701412048534736, -0.1039827935641909)
(0.148154879728971, -0.014040366051053077)
(0.4980074675599773, -0.0004199341945076253)
(0.44132779367796443, -0.0010991426422756088)
(0.5243436994481175, -0.0006254794333921535)
(0.5068993506493507, -59.473600231336945)
(0.723928294332552, -0.0006538883798780913)
(0.08785082084932311, -0.001577197279470353)
(0.7636588723308513, -0.0010646223890070634)
(0.49038884064401567, -0.0031369313151747664)
(0.8148464811632945, -0.0009769965153782463)
(0.44698259834304777, -0.003392972353644008)
(0.5658486881188872, -0.00038858440953635945)
(0.42710808214104595, -0.024805448721770575)
(0.6380340317681096, -0.0007416853051120465)
(0.06187738062757809, -0.00012978795792839012)
(0.7765365497716145, -9.114552240025734e-05)
(0.7086913168946344, -0.17190595566949093)
(0.3208947375578626, -0.000498722368618006)
(0.6871804762047963, -0.0004535678136896026)
(0.5454045113406708, -0.00021626489495578038)
(0.9461857292974135, -0.0016636787991829384)
(0.554200587634362, -0.02972717256546261)
(0.9996389012033995, -0.0007903762937904589)
(0.16677068911175788, -0.0002483410982114565)
(0.7134833152914356, -0.000700436136127238)
(0.4744027993045938, -0.0008636175912426804)
(0.31061747485200336, -0.003998721410973244)
(0.3678775484463035, -0.0045842331011507285)
(0.8820039026647066, -0.02733785864033815)
(0.6301928164101832, -0.0005818163083774218)
(0.06470143719859256, -0.00015692571694152652)
(0.7082913341464857, -0.00013229100738327678)
(0.6554486976167267, -0.0009371039480327571)
(0.6632096366327467, -0.009297806473108235)
(0.6225402394104008, -0.011161843546157204)
(0.17779228053856902, -0.0012289734044408323)
(0.0693135322432304, -0.001543846083836447)
(0.21364917523042587, -0.0001691713984257082)
(0.8289118378065113, -0.0022462809879061686)
(0.9172221673665676, -0.00013715333747887427)
(0.3328721838689006, -0.0020176010874341675)
(0.5011020404449112, -0.0008397311700123416)
(0.32888266356999013, -0.002400868302066439)
(0.2830089966751418, -0.7165213718463438)
(0.9537553850824515, -0.0010851094859644591)
(0.8143787121105321, -0.032079235247223226)
(0.7868677036193567, -0.002023309633952278)
(0.571296882729431, -0.001399467030676248)
(0.013542887603234818, -0.0030963884795626043)
(0.9034491610751435, -0.00020209568560301182)
(0.4669198022940394, -0.01107034254745513)
(0.3117611843456504, -0.01710128355887352)
(0.41301199582043086, -0.0004031595245023513)
(0.8017195711784193, -0.0004573042892831024)
(0.48498526813822274, -0.022394714710774772)
(0.6327417175878424, -0.006833252367250133)
(0.8813086849889358, -0.00013918960426338562)
(0.33726626344880695, -9.462389261378849e-05)
(0.5754289121029685, -0.00030542214678645063)
(0.10606207067692817, -0.0011998582974926287)
(0.33586457639824885, -0.0012063359148820315)
(0.8413400306186909, -0.0004007181492746777)
(0.3369396843871355, -0.005088325177154256)
(0.594832509088751, -0.001158993706302248)
(0.7699745501097762, -0.00020741210865965148)
(0.41118987587999806, -0.00023829258783962783)
(0.3312465173566799, -0.00011729711830013436)
(0.7828547556440592, -0.0013731718082954907)
(0.48399357132880777, -0.00014263080201689388)
(0.6090478564307079, -18.263079632354714)
(0.8057018755580609, -0.0030971366027004997)
(0.3737487943904679, -0.00012886757445852126)
(0.026066792544681576, -0.017315271370709283)
(0.846474876733179, -0.0004090294025705617)
(0.6727125944631439, -0.00013440655910502714)
(0.997338245658554, -9.31635927004525e-05)
(0.6562048877233111, -0.0018169262473481176)
(0.2455499729203866, -0.003005397197674579)
(0.9036281155169414, -0.022128588910320202)
(0.14826133424534554, -0.03132397472800253)
(0.7159102222439846, -0.00011527326522178321)
(0.8876539666677238, -0.0005667390035356247)
(0.4510408601714457, -0.0025441461575419102)
(0.34048934794964597, -0.003871831048310681)
(0.8331137048487484, -8.312121701428338e-05)
(0.8215808558665899, -0.0009759804354562931)
(0.6739453186391375, -0.0010268847719041114)
(0.18076893289529694, -0.0001572366940027547)
(0.22719498496098242, -0.0046553908228958475)
(0.8756590944370372, -0.0009395262155233985)
(0.7001336269950584, -0.002584276161363339)
(0.63892560914421, -0.0005601676133082435)
(0.13703024141774944, -0.0002935846788225737)
(0.4106191966787896, -0.008398329249255505)
(0.9641579265234697, -0.0009677223800927642)
(0.7600194334712641, -0.0005750652693001237)
(0.9211340523258307, -0.0007631363299300429)
(0.4219767374325385, -0.0012583145142652952)
(0.7459892399783425, -0.00032762199061208693)
(0.16919242784404784, -0.00059082458053797)
(0.2782153380907559, -0.0007925471509548245)
(0.7640880922469216, -0.0009252974029962858)
(0.8220755413608728, -0.0003421367632534451)
(0.39087788588181377, -0.0010944323846791741)
(0.7200980763378673, -0.00018344332956304532)
(0.07789160735626326, -0.00025796402011640557)
(0.5635354921325716, -0.0014496583288228792)
(0.8264953766219377, -0.0002005539729634687)
(0.48377805664555157, -0.00542790670774175)
(0.19850914700904423, -0.0017333620814017738)
(0.5553286653604731, -0.00013439439638744996)
(0.9200358283589923, -0.00016645700326125824)
(0.16989577529762337, -0.00151983157703375)
(0.6042301059212051, -0.0037682454588340263)
(0.9311976727028571, -0.0007263854101068136)
(0.5358784249336637, -0.26853926482124785)
(0.6054698775308235, -1.5106897753702346)
(0.5704712486915551, -0.004267602558728129)
(0.8504271687919452, -0.00019706602722832078)
(0.26620082720452276, -0.0012043096468898984)
(0.3716041576227736, -0.00831355217701384)
(0.07558549782845277, -0.0004424596442297976)
(0.3454168880169689, -0.0018795167449848827)
(0.2586145563868745, -0.0009944233271761006)
(0.006820686539222743, -0.00023916675095710024)
(0.09259041647451133, -0.16245582382535545)
(0.6073349215185622, -0.0009115039821983151)
(0.1415957467291789, -0.03526974068574467)
(0.1079747854447594, -0.007781600817864836)
(0.37040374096653755, -0.00019446098547861677)
(0.19870965388068676, -9.369826005260373e-05)
(0.805763272743893, -0.01564922927656335)
(0.3725202046219972, -0.0002630213893251906)
(0.6568888861559957, -0.00020620000706645636)
(0.32739626672206473, -0.0005634299934145082)
(0.6538895716733965, -0.00034186052082820905)
(0.39657693723693943, -0.02430239419865642)
(0.3181036451066284, -0.0010439045038380223)
(0.012617117169010794, -0.0030147014853496405)
(0.7049805671897973, -0.039203487785476714)
(0.8594911084884521, -0.00011446876536811372)
(0.2111911402576177, -0.025031865871600802)
(0.27117834278275865, -0.004878731667504994)
(0.14027578764723775, -0.0005948119470530379)
(0.4248534620840058, -0.0001554149165412554)
(0.230701963227051, -0.00026112007531470455)
(0.34346589046246717, -0.0009671025894888733)
(0.9424932177734895, -0.00027525333290816045)
(0.5928417808442518, -0.0001494936317566718)
(0.20769595590698242, -0.00015133240737680114)
(0.42465944506995756, -0.0009026048437504728)
(0.1754687723895469, -0.0025720962448364153)
(0.8764696388439773, -0.0007150227607743145)
(0.023659662618154807, -0.0004039962451160948)
(0.3149250146949672, -0.00018994662269082718)
(0.22381301223595562, -0.000644754439872585)
(0.33139739004514335, -0.0445064334615839)
(0.6123659486006402, -0.003490704322240885)
(0.624836729231738, -0.0002801693250301558)
(0.9269271521297122, -0.0007218777527747559)
(0.15082828832182732, -0.000212575968151345)
(0.8860769386414796, -0.0019219204392111487)
(0.7787119519321264, -0.007502053422821747)
(0.7419213781657314, -0.005191593761328324)
(0.8964339297745252, -0.003394216869599432)
(0.0075459808721764126, -0.012549910966282085)
(0.8074428058869327, -0.0013459957036470536)
(0.09640007390917829, -0.014683933147666674)
(0.39046853364964296, -0.08656551471006053)
(0.9164778149106648, -0.00014655259119946334)
(0.3550761798292165, -0.00014966170759333312)
(0.6654857366300244, -0.007457316499462124)
(0.868571975914035, -0.0463254459753925)
(0.8157421868788836, -0.0005132418241075563)
(0.6146287206362525, -0.00017157017034874188)
(0.13724552309043125, -0.00029659325719841713)
(0.08211362718401825, -0.0004764866072047403)
(0.8584344306074718, -0.00742884245868616)
(0.11020501325494703, -0.0004416576213266505)
(0.731720180799059, -0.0009506712559494529)
(0.8891349312207419, -0.00027695888517205566)
(0.8640569176277423, -9.625569558652878e-05)
(0.253340082881686, -0.013827102516079486)
(0.20142080837738158, -0.00019360983789437636)
(0.9544977139819948, -0.012109594579699116)
(0.3205686749432941, -0.0016550847436246328)
(0.6845406307784757, -0.0009381339492714072)
(0.07821262772356644, -0.004692679879664813)
(0.9557144471791783, -0.0005221651729399966)
(0.6615793320145869, -0.0011962475429421221)
(0.6191067059192991, -0.00032433589649442457)
(0.5016412366824019, -0.00044622741220953684)
(0.1542266457052486, -0.00015649997184041264)
(0.736970517967657, -0.01774664002221667)
(0.03265935934638746, -0.0008698423788194846)
(0.026146379154549447, -0.001364797833775984)
(0.7327230623707808, -0.053643524459407683)
(0.6662353373786327, -0.0001622873360756095)
(0.5536577429668075, -0.00036034244405638654)
(0.9788359507221537, -0.00032840905437401)
(0.39500879438155007, -0.0001465759774692576)
(0.20254725419000777, -0.000706013956546329)
(0.6653846610370124, -0.00044646037345787436)
(0.4883098636902065, -0.00026817182150216094)
(0.49960379597820825, -0.0007055731208247453)
(0.3715037390369237, -0.022145724055692068)
(0.17828687460109968, -0.0031259908720091913)
(0.15147120767533404, -0.006368830845017151)
(0.8261185422624603, -0.0023284564213069117)
(0.7086378791490467, -0.00448991859758327)
(0.0026139371372390524, -0.00039101792379505577)
(0.18013771969960196, -0.006301708357702009)
(0.695122856995205, -0.0002623348643339569)
(0.3718999055054067, -0.00012223761031656636)
(0.2818032241857041, -0.0060749034091574505)
(0.5383533973099687, -0.0012373508540117024)
(0.44893514436111354, -0.004380392086219536)
(0.3352544138418439, -0.007463765810652049)
(0.4157614492207744, -0.0005068349504089046)
(0.37459637084438113, -9.67512266869754e-05)
(0.38394286301186553, -0.0006272329409858462)
(0.04503501051481648, -0.003974393180096384)
(0.8456198721876104, -0.0004808315571514324)
(0.9048536560583088, -0.001417028191137707)
(0.9383216751107971, -0.005021349074732584)
(0.145401064294919, -0.00019751435357532574)
(0.39130218701621833, -0.000556845588854952)
(0.5371485462704272, -0.000638555371989291)
(0.4722584856396867, -47.82733386749812)
(0.39410658537589144, -0.004307831516735775)
(0.004654236690722255, -0.033110616009095234)
(0.666177921522887, -0.00014969569683123926)
(0.7587627255236796, -0.0019899329260541234)
(0.2335533694943855, -0.005008140917717848)
(0.7189494005283479, -1.488954998679275)
(0.20699694262190915, -0.007695589276281229)
(0.5017229560092978, -0.0001179015795857919)
(0.4578772393025899, -0.00011108454106977053)
(0.8701636297511016, -0.0009545117728912589)
(0.3195885581479962, -0.000198910294015873)
(0.40865510658257476, -0.00011569352991019391)
(0.6222006437651767, -0.00031891795803353623)
(0.7529809356507526, -0.00017658743383577093)
(0.8775080098012841, -0.0004896543897183866)
(0.6138414522277336, -0.00022427781468088026)
(0.17468972594251675, -0.0005013919246732969)
(0.35450228414948975, -0.0029611288630903396)
(0.07108581492280688, -0.0006784328286229955)
(0.028565647675924392, -0.00012973703635278447)
(0.8205308091609358, -0.06303388937590834)
(0.5527987680290766, -0.00018394268453588998)
(0.6636399727402791, -0.0005652606944560863)
(0.9419424473641539, -0.0045452421128583855)
(0.12980599730727116, -0.0013387540327167416)
(0.910392779051784, -0.19538018101703142)
(0.8170235793513223, -0.00012353256649249208)
(0.507133595261329, -0.0024803791130830074)
(0.06340351583457267, -0.00029796097736083473)
(0.19019624282610512, -0.00040821162564305333)
(0.41397379928075073, -0.005171781676084229)
(0.9313513482562755, -0.13984814077484106)
(0.8978763796476762, -0.01056116393372547)
(0.527010043332087, -0.0028419315702493)
(0.7817635521782976, -0.0029189778454962044)
(0.89, -1465.4295097001425)
(0.9403536175180814, -0.00019909188940921523)
(0.6330016600564499, -0.003624397659944021)
(0.6336308707020565, -0.011048738247287575)
(0.9482919782460911, -6.226332043253493)
(0.5147443980404542, -0.0001800941141655592)
(0.7369399407351761, -0.001151530386934505)
(0.9967375428327155, -0.0006076255351716226)
(0.12161060665987831, -0.012332047274702244)
(0.05015168635269094, -0.0002053166471947362)
(0.3528029484036808, -0.009100608634884913)
(0.32015001474070043, -0.0008907817493109208)
(0.49184130065205106, -0.029531922403990787)
(0.8316706709819914, -0.00024372318328933894)
(0.8231621388998763, -0.00020530739638249408)
(0.8654890788126505, -0.0007105330085441558)
(0.8087426223290177, -0.0015347808540668154)
(0.8552713685537916, -0.07937871506465126)
(0.0691665221248852, -0.0003358601352223834)
(0.9292397626724632, -0.02248311283889906)
(0.8295533386839232, -0.00035113593655239475)
(0.9813123877445209, -0.0039011677649919926)
(0.2861616062014869, -0.00046696964348651344)
(0.17117996837608584, -0.010538161050263603)
(0.6045554360897087, -0.00195195613888119)
(0.8013698413589956, -0.0015976146087152148)
(0.4715768825953613, -0.0002322771726770066)
(0.2923174931375582, -0.00025322242455380677)
(0.7608734419851594, -0.0006070993237993215)
(0.8590804288841123, -8.84970556787974e-05)
(0.19014291792159876, -0.012590240927203018)
(0.16232372682896642, -0.0018830229046994525)
(0.10400683152575989, -0.11533547747486522)
(0.7228150490339383, -0.00032297374502898284)
(0.06766691403070671, -0.00014812705906770316)
(0.587002808145159, -0.00033943880108370996)
(0.6905177832342109, -0.06733173881380822)
(0.1532272029214629, -0.0015394145099681777)
(0.28820561281158297, -9.618854833397452e-05)
(0.52041772968254, -0.0001117518933496412)
(0.0041684564613389576, -0.00043123085453313095)
(0.8641081710677465, -0.00690590658344877)
(0.6748715603644142, -0.0162257958795252)
(0.8624399396669243, -0.0006546847750926285)
(0.702741516967283, -0.00022082500914356594)
(0.27800540325573997, -0.0007770451825124038)
(0.10632880963837227, -0.00013814767321412703)
(0.7196074615304578, -9.30175497680297e-05)
(0.9437326999796006, -8.563527904629002e-05)
(0.27196068879663543, -0.0018090855767651408)
(0.9435707393132733, -0.00231361737022144)
(0.9145802226624329, -0.001718447700131617)
(0.2188759879104335, -0.00011343327067935375)
(0.5308672120045037, -0.017194492495778813)
(0.8544006091719426, -0.00020199797554247486)
(0.5492658262089083, -0.0002047119325962505)
(0.9277919610270278, -8.400046340106686e-05)
(0.9853583522046788, -0.002686393158645906)
(0.04246552132172495, -0.0009626085728874599)
(0.10699817816864388, -0.00012980694654433146)
(0.8459346688694648, -0.01972811332411265)
(0.04599549309055253, -0.00041400619965617394)
(0.492927683688362, -0.00039233146637402116)
(0.8634640642347164, -0.00011395516187655197)
(0.008050366220275346, -0.0020833139180368282)
(0.27137726113871974, -0.005357163260046919)
(0.663020391883948, -0.00013455919566060295)
(0.4101129873059448, -0.00017698251750111497)
(0.15768626788548146, -0.008571353175572349)
(0.21005883109449222, -0.00010893847781355365)
(0.7220515300426626, -0.006666576484391784)
(0.5717320238422382, -0.0003370560222059606)
(0.973189355167593, -0.00017777556917184556)
(0.8966244226038932, -0.00038506549573626)
(0.10097756699283676, -0.006341041966606576)
(0.2728269481070681, -1.036606240238344)
(0.9158981177227751, -0.0005250129601500984)
(0.30655707608001154, -0.00021696420372672125)
(0.07980016715852453, -0.00020561294204842016)
(0.22629725958783717, -0.0002758122797353062)
(0.14641922320177395, -0.0005839407856996341)
(0.4845068246690088, -0.0011883825896131764)
(0.20441994808092095, -0.00709471750821411)
(0.8208000647807769, -0.016255421615261445)
(0.9897380171420422, -0.0018204283245938744)
(0.48075633492507974, -0.00023601333175970806)
(0.8257298139052016, -0.28383514683440164)
(0.9106238347527733, -0.0005018737142185673)
(0.8759799078030369, -0.00035272153670100364)
(0.3621698813870827, -0.0070563991579302545)
(0.9673259125991743, -0.0006140924968862452)
(0.863608254279906, -0.0003861853090572262)
(0.9398002394678431, -0.00015203539944652576)
(0.6031375605070222, -0.00021494991807368693)
(0.4554453250394397, -0.0005614318641329999)
(0.9481026309573031, -0.009275746226796494)
(0.9335903685703344, -0.0004255371229960876)
(0.06665951436701463, -0.007175621386799935)
(0.21318136025538342, -0.0002563090027831691)
(0.6762567542636088, -0.00011610470656533797)
(0.4478816912078831, -0.004096092923981642)
(0.5089874553309375, -0.0008314094784196581)
(0.3353887493839619, -0.8597718369083936)
(0.9140654926034716, -0.00014295183002928976)
(0.6533165033270532, -0.0009186000987535663)
(0.5545016882513644, -0.0030540358596280147)
(0.30033354281613234, -0.03477895869565968)
(0.7910204825610017, -0.000711952566287183)
(0.6034304114350149, -0.001528442549552856)
(0.32686261951598883, -0.06704009834393806)
(0.6386555188463071, -0.0002807890595603305)
(0.0071948847905081575, -0.0005085307313015143)
(0.7814327383789326, -0.029949974896404327)
(0.7645269715785044, -0.0005411697149312957)
(0.10653451932951341, -7.679274136653963e-05)
(0.9242443701988285, -0.0017738896135832787)
(0.0417062674890833, -0.00018704582370852687)
(0.5476831706644963, -0.11738987888756164)
(0.9498679679488798, -0.0001865291125069758)
(0.21688332215007883, -0.00034302787659368217)
(0.7801093173872831, -0.002926869345258376)
(0.257531475127031, -0.0002057984605591053)
(0.5762671833389754, -0.0004981211786268801)
(0.4825326894333521, -0.02133146025272544)
(0.6809268815812441, -0.0010982482593783688)
(0.19797837247628855, -0.0002764827124958248)
(0.38838610791498396, -0.0009531552613385027)
(0.5783781341686067, -0.00013423563613818165)
(0.021507162324228737, -0.0006253750018073555)
(0.0009655562558784199, -0.00016545093908284833)
(0.8380569668611711, -0.00014097616481227346)
(0.7470624793917027, -0.00040607781381045503)
(0.5590933439986359, -0.00012062683474998571)
(0.37329919204220424, -0.00022118783258071652)
(0.7703239743054114, -0.0029366957609591065)
(0.9847141564147286, -0.028462568799020753)
(0.42505042940236964, -0.0004978156577231084)
(0.8492591769924795, -0.004216342615679916)
(0.39280018835871605, -0.00012453098759760437)
(0.20542177792446492, -0.0029369639100622963)
(0.32698167731922456, -0.0006180365313641288)
(0.6544746209111241, -0.07503079762778338)
(0.22682778579833568, -9.193403608527979e-05)
(0.7568999568310957, -0.0018729567234547822)
(0.22124337441726802, -0.4679192508142737)
(0.9165575070388071, -0.0008152505220414192)
(0.9864195192697863, -0.0006964613639494554)
(0.6148296731937888, -0.0012013018243419464)
(0.10725988139293822, -0.000545786477560591)
(0.08739816220577822, -0.0005438455329649196)
(0.8362678206022137, -0.00013370293067785)
(0.037245339850282506, -8.213196463942874e-05)
(0.01117962059873533, -0.42741836505709174)
(0.40420125065676243, -0.0006165923804501109)
(0.051035767130122194, -0.00017517192594225124)
(0.09043959227774337, -0.0006049803027020956)
(0.9642308505687468, -0.011427256223184171)
(0.15759733147465896, -3.647887856467545)
(0.8816080072262219, -0.0004539589590271296)
(0.2549150681008994, -0.000813209482240128)
(0.15513066055319225, -0.023833532126969672)
(0.7556657223796034, -103.78395961049166)
(0.2659801213389187, -0.00021044587445989745)
(0.6530255046535369, -0.004721747030875952)
(0.5889761845067036, -0.0012033610968238495)
(0.8259347900214828, -0.0012685169181294359)
(0.18879888392014538, -0.0011611670865823217)
(0.5798242727825993, -0.00030844875997636993)
(0.9221965535610571, -9.993444433148443e-05)
(0.8844055305845396, -0.0024942394164614145)
(0.023405854577198616, -7.90836973405595e-05)
(0.4579834077419158, -0.00013411140865031716)
(0.32492704791535626, -0.0017820362659576132)
(0.9821696139310955, -0.0001822948367538875)
(0.11287403174807385, -0.0024964458810258507)
(0.6685534068397213, -0.008518433426302225)
(0.08336421962274942, -0.0005804764016179424)
(0.2866123111885824, -0.04359036205686629)
(0.023848964663932354, -0.00025790468990958323)
(0.7714755576212573, -0.0002632682533028348)
(0.7173244790315336, -0.0008215508563601817)
(0.3373013566317865, -0.00013197763376834098)
(0.34520218240479705, -0.00021608000475775507)
(0.29994103155500346, -9.222245403935657e-05)
(0.7691417641864365, -0.027186115764070345)
(0.4749482091706077, -0.0006484881422078963)
(0.5243570200504938, -0.0013826708519909083)
(0.5840686967515357, -0.00023444804661036363)
(0.7829005036554251, -0.001808484652798107)
(0.478273624812543, -0.00020371308819310476)
(0.6411802287289015, -0.000830986579581894)
(0.9541826001719591, -0.0001427372115040547)
(0.9144842609842363, -0.0012037721138359265)
(0.12725936418503167, -8.907740366206198e-05)
(0.06172164806793264, -0.01021122974135423)
(0.7159145021060926, -0.007604795593708782)
(0.25770296913545915, -0.0015252145016857396)
(0.13721888480954958, -0.00031284515166389587)
(0.6019454150325977, -0.00022846489655639935)
(0.5577278523282174, -0.0009651867366887017)
(0.05873038606810872, -0.00042971843203709154)
(0.8406261232352827, -0.00024300909863530774)
(0.6560652967632188, -0.0026656776227439285)
(0.4896908484991101, -0.0060711282513486895)
(0.25628618873375336, -0.00016967741049791113)
(0.1899270557495496, -0.0001414746941836256)
(0.47686193429238927, -0.018485999032451933)
(0.23383523851357732, -0.001156899645358381)
(0.6157612970207282, -0.0005839786044893789)
(0.6093958298616897, -0.3815586750385723)
(0.554232804727411, -0.0008561833254674077)
(0.9837402648021111, -0.002474738066561822)
(0.9654201736364239, -0.24279765221355662)
(0.8176893747882743, -0.002671278688233789)
(0.2279517024716005, -0.0002732042596970164)
(0.31040632038729626, -0.0005620855736842459)
(0.13703605751688333, -0.00029945665297547705)
(0.364116518085239, -0.005230089725961317)
(0.8062776065419109, -0.00013944742531606867)
(0.18186870677824532, -0.00335785793439881)
(0.3919166153353462, -0.026424741847338652)
(0.3897730839952901, -0.0004729617925119935)
(0.919644801306478, -0.997162159567326)
(0.5325740187102175, -0.0004013674873388671)
(0.13646069294937796, -0.0005342029198592708)
(0.21514526069959589, -0.0012147676074674178)
(0.384151103935771, -0.1598557367244243)
(0.9018122828471666, -0.00010261052397128245)
(0.5935160436828272, -0.029082514360371067)
(0.675060158317778, -0.0030797475677128206)
(0.2650856594083276, -0.00013484319734922626)
(0.17496611309939153, -0.0004839007634224984)
(0.5660848354879037, -0.0043507137583108195)
(0.33407041513688013, -0.00010516750366468733)
(0.16257746127887446, -0.00031330208222608174)
(0.9733588415831794, -0.0004895090409704677)
(0.9431257259012387, -0.00016186508359677677)
(0.6623879699438464, -0.00021097859561160202)
(0.7566445977276564, -0.0006650331717984265)
(0.3720612771188195, -0.0001512351503623544)
(0.8136943419483724, -0.0019935802806804142)
(0.16274053735978183, -0.04528980408706885)
(0.5229660434062713, -0.0006697217332072016)
(0.7871047098671959, -0.0004708153832934311)
(0.5219410536256404, -0.00012211546804302576)
(0.3418329259978752, -0.00850396145068453)
(0.7624816438933573, -0.0001641744937059991)
(0.9688876012368434, -7.138947028895661e-05)
(0.7531161765854925, -0.00025222742238082736)
(0.19004477305587605, -0.012766920400108154)
(0.7142282011597425, -0.0017082260299357407)
(0.5967097202040262, -0.002357636486771088)
(0.9496080574339918, -0.00017334398561974425)
(0.6694467559071345, -0.002167015263649115)
(0.1339229435865112, -2.886522040852786)
(0.6763119390796463, -0.00035360421360043734)
(0.2856362130153564, -0.0003794460698418345)
(0.7702286180539303, -0.00033638330399434217)
(0.894771607747899, -0.000661133488284134)
(0.7925666271259632, -0.0009858017734899862)
(0.5693546091019828, -0.003111781215523272)
(0.34200837433892284, -0.0005654363046553532)
(0.6845323343153198, -9.522554884129882e-05)
(0.964070078660931, -0.0016963646548208713)
(0.6970102718531663, -9.342931203073213e-05)
(0.9780309107637326, -0.00021662479958103035)
(0.7878321563475119, -0.24066833793728729)
(0.4053682746799491, -0.00029452544097878107)
(0.03152719062332534, -0.0009401304049578239)
(0.8435058190608457, -0.004118135645914186)
(0.9460088377391866, -0.003576461891948174)
(0.13890831650805124, -0.00017179232840336978)
(0.48477650402577427, -0.00018416690345391954)
(0.6651155020207262, -0.00036785031632636194)
(0.482798611228586, -0.0015689732732810135)
(0.06115036628431455, -7.774453861185568e-05)
(0.24267816882193707, -0.03288169983566532)
(0.11824368487300467, -0.00017899207307294523)
(0.4009663308017606, -0.039522458080719296)
(0.014467787553311167, -0.0009447559260547467)
(0.9695815020930991, -0.00015822807808054214)
(0.5880311107346655, -0.0031123934773246344)
(0.2986061024287463, -0.01283318863111449)
(0.8567610207200276, -0.003214536461726382)
(0.09735407465446723, -0.0006078525223099211)
(0.5729381499641509, -0.01013785313802327)
(0.8635662427533144, -0.0001559980794270425)
(0.9220218446818943, -0.00015823225774206428)
(0.9820175863615801, -0.0008673746111957319)
(0.5408863949402364, -0.0002267338595448048)
(0.103487564885611, -0.00019471323807309664)
(0.060897814816593086, -0.0012283546951040467)
(0.7132089610657457, -0.00026000742457597006)
(0.28165797469991166, -0.07895122673642557)
(0.20479030832509645, -0.0001868991499155237)
(0.9433399281803961, -0.0007863704797916743)
(0.2791477662079762, -0.0009449344933195768)
(0.008842623586847885, -0.0017329713856875934)
(0.8501987022549898, -0.0002964508947013187)
(0.05361471386171577, -0.05190190439036298)
(0.5591439568467482, -0.0003854248861370774)
(0.8180704115510227, -0.0015129141353345805)
(0.19876361162004746, -0.0008617214536378628)
(0.1612835895118791, -0.00018831581805752907)
(0.8119950781255524, -0.0003573100197426372)
(0.5111147843905572, -0.00022178959722278616)
(0.9017299482796134, -0.00014974864415522827)
(0.13021707230698384, -0.0021409333862300204)
(0.8043389105180617, -0.00046601145781887575)
(0.5947670501674805, -0.0005466046663074963)
(0.901282391009722, -0.0001525817776358458)
(0.2872606553221836, -0.031477922715891206)
(0.5933806623935729, -0.0030600473646288165)
(0.24320824818184916, -0.0010703985735894225)
(0.09360539090680607, -0.005990725680408876)
(0.7406162618195985, -0.0026628931471589395)
(0.14580925590173024, -0.006229297417499996)
(0.7436609197266913, -0.0008231446341375767)
(0.33455717186681294, -0.000839686075408859)
(0.45754803337838035, -0.0015714930316938285)
(0.4753758869022112, -0.00015400954048137364)
(0.8324262496286828, -0.0006939664181666608)
(0.6064366369450743, -0.00032092520028954564)
(0.11592351520576184, -0.00022391575748321852)
(0.16175781675563786, -0.39912558821770955)
(0.5931598958964327, -0.0002926385185140324)
(0.0550113551126917, -0.00137371769841107)
(0.3653858171479073, -0.008574641232744233)
(0.3800895908866392, -0.00013381965882976383)
(0.12994886245035966, -0.00047899924765231426)
(0.6562983723178898, -0.005082360429346217)
(0.07003563564002686, -0.0006752724350532891)
(0.5452904857014226, -0.00037638826392222047)
(0.10156704788612592, -0.012172797325428808)
(0.14536315504816277, -0.00044396058163255855)
(0.8207173049196665, -0.005107864997601723)
(0.9594747054568462, -0.0006511272128282641)
(0.11520943840179351, -0.00017642379899589482)
(0.943938663509237, -0.0007737787276597367)
(0.8871273355017242, -0.0025620489924747534)
(0.43986360796470675, -0.00022197042429834957)
(0.31023599070927865, -0.0002393355099665574)
(0.5292132318118252, -0.0003991989522783478)
(0.9339361800699991, -0.0006977582525846115)
(0.15169553326870105, -0.0007757511806755254)
(0.6064499400355104, -0.002688585622003963)
(0.5551596027565061, -0.0004793156750614657)
(0.30496912880065236, -0.04492509088763565)
(0.3875931662031041, -0.00010026611117039927)
(0.9801216081650698, -0.00012940031138419135)
(0.9659737453184061, -0.0027831264377332202)
(0.34019612506992525, -0.00023056099235596077)
(0.4582342685017759, -0.003267321224451891)
(0.9380998196186309, -0.002303864360964448)
(0.6772341103141407, -0.015113497561511362)
(0.11878273384721638, -0.00023266510168377022)
(0.7647455367362663, -0.0030431012529087724)
(0.6392080960665457, -0.0017338651205755528)
(0.39607721073092017, -0.0002689458713305434)
(0.846198504330402, -0.0007722777403176967)
(0.951273052418335, -0.003707527626521051)
(0.578095435881858, -0.0004910362819181706)
(0.18753188454621106, -0.0006223302466845264)
(0.4390666786350241, -0.00012886058092635388)
(0.614790940440741, -0.00013402621194261247)
(0.08328919892261598, -0.5543645816436698)
(0.25344123606106067, -0.5666167273845609)
(0.024205466875176808, -0.0002248902741565246)
(0.20852743120578032, -8.598857968500043e-05)
(0.5478673326262382, -0.0005937870996819946)
(0.3021219218426278, -0.0003539310288876829)
(0.7018408448472666, -0.00011662362765548757)
(0.5151274777238006, -0.00020579557739297915)
(0.7235009271893084, -0.000177742416464571)
(0.5646233397809358, -0.00023295441794452893)
(0.6789451422953506, -0.014080503322218368)
(0.9386560875195701, -0.7081148451302465)
(0.8961870376173207, -0.000191910982915382)
(0.5703711928148133, -0.0004258555713963328)
(0.7858295016563602, -9.969135634052724e-05)
(0.14047456662154625, -0.0009743894009447346)
(0.2681203201725911, -0.0022654643967813777)
(0.3893585466842041, -0.00010700378910648638)
(0.9560010864688002, -0.004642358996016606)
(0.9253890074385349, -0.00015071382340457113)
(0.9031721623573362, -0.0017566086901977436)
(0.18535599620991278, -0.00014635478847266649)
(0.5969396648951787, -0.00019908107603072204)
(0.41685172832812273, -0.0010739680013669931)
(0.4286496925613206, -0.0040808850828194755)
(0.28210386524901765, -0.00021462666054626497)
(0.2863887510090931, -0.004618943596629488)
(0.608658251587736, -0.00044439430636647746)
(0.7801644803027896, -0.00021939005632006046)
(0.3914895486527053, -0.0004394926611662299)
(0.2980851756021437, -0.00022665602964357136)
(0.805002663110336, -0.00261358188714744)
(0.2915229686853359, -5.0539022958343995)
(0.19693774565559802, -0.0012776397234028844)
(0.37361877519511927, -0.0010932061520441607)
(0.20775464695987655, -0.010350171951077191)
(0.5560518052700212, -0.00225029853354272)
(0.5978061960151032, -0.0008283663872602948)
(0.5817253301547612, -0.00048652457959403835)
(0.17835540608791156, -0.14684957287818387)
(0.595774737197705, -0.00028957129406401123)
(0.36748754365956376, -0.00012125510397253959)
(0.9296446303410448, -0.000312075536028057)
(0.22129531829186438, -0.0018201461424710043)
(0.309905205568132, -0.0009840929286954233)
(0.7487126389099988, -0.0006497480380257414)
(0.14096567391989223, -0.04974923920232203)
(0.2581725034395639, -0.00025271816063805595)
(0.9657646273783048, -0.0003428002440649622)
(0.6235110145284909, -0.00018866998231885297)
(0.25672673624006137, -0.007841880759685723)
(0.49640174005427307, -0.005148455177301378)
(0.270094656926844, -0.0012272450533909877)
(0.15054302999482175, -0.006072649830314594)
(0.7498224202162362, -0.0018992165775330839)
(0.936975910149081, -0.00024184247620864249)
(0.08607962967864709, -0.00022865528281401125)
(0.013166977316426015, -0.0003443882321945287)
(0.29180125056950323, -0.00025618285224980765)
(0.34955309479516317, -0.0037040216911173574)
(0.9412850787525451, -0.000949444460937064)
(0.4439105383605117, -0.0006891457607423182)
(0.5328647885956477, -0.0116240864059796)
(0.5756762183669815, -0.0009006797245798146)
(0.6573867731785058, -0.0001427897704034807)
(0.150741520415503, -0.015464746803905622)
(0.13661666879277792, -0.002214928550117292)
(0.5743030797453917, -0.0013064386441049498)
(0.9280781732269465, -0.00028113387532364325)
(0.3824251674613697, -0.0007506969495803182)
(0.21942685577292298, -0.0009711943419890821)
(0.10926898001514537, -8.329584430975703e-05)
(0.8030307033139762, -0.0016446378699077266)
(0.3416996302577776, -0.0001927711640020077)
(0.7206849406711884, -0.0022180262078723397)
(0.329484358717745, -0.018899403517484786)
(0.14113523282437798, -0.000261617808682971)
(0.6300071417602785, -0.00030157175723977684)
(0.5877290672552984, -0.00026339159119635383)
(0.4007166290616789, -0.0013547461028214967)
(0.7350433504805544, -0.0002584058939600135)
(0.30354224587197864, -0.002733972534148115)
(0.7784599508256971, -9.262781329669076e-05)
(0.9692164758111882, -0.0007205213433359433)
(0.26247693624995605, -0.000985617424689989)
(0.04939747016289604, -0.0007889815245612218)
(0.47844745436212593, -0.0033472346599058385)
(0.8845569703601647, -0.00017591272445396326)
(0.4565078472861398, -0.012442809651942398)
(0.25877966619672116, -0.019505437955749643)
(0.5205682432500558, -0.0001198120893144088)
(0.11667946640482682, -0.00010797657086898869)
(0.8299642268163302, -0.0009754365018402606)
(0.5967960906145643, -0.0008913102598511475)
(0.5556699749793322, -0.00032134991210972744)
(0.7502650375588149, -0.0001803873744798171)
(0.8898004677135745, -0.0136078715475865)
(0.5339804456905448, -0.004240981251096522)
(0.42541026823385625, -0.0064258219251791485)
(0.7851870082698587, -9.095079338800863e-05)
(0.26482043336066, -0.0008632936112965016)
(0.3258461950763193, -0.0001275144997704074)
(0.542967070694577, -0.004234951284013864)
(0.14228631613547174, -0.014685487071541378)
(0.8328428651656208, -0.0012208147181305567)
(0.8675727453523073, -0.001479079639880673)
(0.28350220062351, -1.6796138704613772)
(0.8223541590685999, -0.0011116829637645856)
(0.7505791162238332, -0.005194992678448491)
(0.5361927255365355, -0.008437932121215314)
(0.3614776840231223, -0.0005215833082821812)
(0.02493336115672072, -0.008047344658734122)
(0.5640640619846374, -0.0003148092946511628)
(0.23681554681804481, -0.005784800553931234)
(0.16824408682322356, -0.0005130640368679337)
(0.2385478680981598, -0.00017541174098856458)
(0.7627400911713579, -0.00020666946907777633)
(0.49862671498835104, -0.18967505950040672)
(0.4542209206772013, -0.0015234962277439214)
(0.025087493791754293, -0.005297086732175168)
(0.6711067383438196, -0.00019956620754110055)
(0.7838334962182728, -0.00048750030013237574)
(0.6935914610277337, -0.0006798350752113955)
(0.44989736261412805, -0.00040214283360944056)
(0.9540563957873982, -0.00018334031786994558)
(0.3195722907373393, -0.38452624237736616)
(0.48687067619424107, -0.00023934969056209083)
(0.4540882442521549, -0.00036183495430189695)
(0.6118490518171915, -0.006074560934653327)
(0.7954652389867353, -0.0016590644270783551)
(0.7278080491534035, -0.0005977671670509403)
(0.6763740556608856, -0.0001855783513396441)
(0.047694336216544835, -0.0013093640515416055)
(0.8159197290675423, -0.0002580346995519785)
(0.6581690624975189, -0.0002551492144856896)
(0.15626437856102862, -0.005289179200092335)
(0.9401162230257828, -0.005110746572828111)
(0.1953064679566845, -0.0033626378614754703)
(0.4788269578828886, -0.00029557575406023284)
(0.8484244385925434, -0.0009441294279513883)
(0.1175342383965929, -0.0003138659818003852)
(0.014105322010939858, -0.021538575080134445)
(0.48681405504537556, -0.0006038820707669858)
(0.16265481825457187, -9.18191458713277e-05)
(0.2942865404965652, -0.0007747336589208232)
(0.953148159081758, -0.0027449602123653235)
(0.03682538084967257, -0.000701403727714938)
(0.9418850435305438, -0.0001283586104806388)
(0.40256018595079807, -0.0009464988873469808)
(0.5859428955226353, -0.002946503538869986)
(0.7982949201366595, -0.0008594111589201988)
(0.9846780068635208, -7.689202474203001e-05)
(0.05162254735555515, -0.0020648538595083098)
(0.4325922265018801, -0.0010094614054595003)
(0.8021841737307076, -0.00010186994455729331)
(0.266637052094608, -0.00046718507896510345)
(0.34454048077904753, -0.00014080860663948834)
(0.4235832560244095, -0.00022371060388894177)
(0.9865204929148987, -0.0003160794368847289)
(0.2383165465625378, -0.00040749558482117647)
(0.894404745413327, -0.00010462998492328574)
(0.17201195329459928, -0.00456002838680355)
(0.5509112786892117, -0.02559246229842268)
(0.34810810215170934, -0.01794229184716108)
(0.6383312098861159, -0.00046602335507217455)
(0.8424611214975861, -0.0006149480261884122)
(0.6815661672070398, -0.0003521286509304026)
(0.7519167195481296, -0.0017621630327287023)
(0.005516387190722669, -0.00014097085789709332)
(0.285124114667161, -0.00017581147499470842)
(0.7968187583874111, -0.13469764046731827)
(0.998090309321724, -0.00023339627872148914)
(0.9990840886996311, -0.0006836849453330584)
(0.1622915999049667, -9.186416035551003e-05)
(0.8107662528225548, -0.004865323846951237)
(0.7596382189239332, -1.359396576716273)
(0.7567553978744644, -0.0018027846787451)
(0.1464959505378583, -0.0003232988064853552)
(0.7601104889147428, -8.661346202539093e-05)
(0.34421296089765013, -0.001969093976080656)
(0.2912361846783009, -0.00021941062183014146)
(0.8610867947390767, -0.08738565731129887)
(0.5664969922120751, -0.0002626883989825058)
(0.7636163133983118, -0.00046393274743574916)
(0.5430548655379211, -0.0012710265129543758)
(0.10296013316542987, -0.0048923122393483755)
(0.9297883056242796, -0.0013274828544920596)
(0.04862841676612718, -0.0006386578839103128)
(0.3568936992111339, -9.520112683253005e-05)
(0.10724258494977433, -9.064306407860431e-05)
(0.44496615241877263, -0.0005271815240533769)
(0.23218537690065075, -0.00012978118412824397)
(0.034818669637428044, -0.006504145497921247)
(0.07130334347605742, -0.015082648343002018)
(0.2638286338809299, -0.00015399920760419012)
(0.4392123519702097, -0.0014043460190803815)
(0.6683345354849618, -0.008912319416959353)
(0.6733766985839178, -0.0008991572498398695)
(0.3319203936286407, -0.001910636864348117)
(0.9591802119161731, -0.013725038612719525)
(0.051122811994667915, -0.0009056652899686953)
(0.07561218295822512, -0.0002707193007188497)
(0.8267949212928043, -0.00022560758478536757)
(0.9225661107091281, -0.0006643401010187085)
(0.06751734646051841, -9.389611052595405e-05)
(0.8565477716730483, -0.008298406299210373)
(0.06931479066618183, -0.11484125281338495)
(0.21145479304724335, -0.00040725776576901006)
(0.8154199347689575, -0.00012180189925782948)
(0.12759648224082873, -0.0033603385075025773)
(0.9989042807712021, -0.0003983979942949333)
(0.6251683117455484, -0.026211370749817955)
(0.10232775711702995, -0.0001069996882293208)
(0.02934989105244308, -0.003732872689290693)
(0.7513057016828606, -0.0003288098860376371)
(0.2736433767207888, -0.000531930161851082)
(0.6407942787088683, -0.009167893759802656)
(0.47462361742860254, -0.0005198193579683192)
(0.8272589063710841, -0.0002475407254402184)
(0.009524470473215623, -0.00016593573109721887)
(0.009329657828717749, -0.0014583870751850398)
(0.22575191647031487, -0.00017064524590429639)
(0.8915938172671835, -0.0007625168251928812)
(0.8368890963985474, -0.0011619132703523656)
(0.11158695441450212, -0.001094363142391553)
(0.21075469983301073, -0.00029056991054944435)
(0.8497572596967854, -0.0038360703496636826)
(0.8846210829654683, -0.00041218397995040185)
(0.6003746001643041, -0.08004522238403357)
(0.8512367845639519, -0.0003705722288993135)
(0.04868016844802599, -0.008154788444429704)
(0.7264859806081838, -0.00012730304675421524)
(0.33870826231934004, -0.009276422647562937)
(0.9298283946553089, -0.0015755033087700057)
(0.20132068895736113, -0.0005879769118145888)
(0.20212045804437195, -0.0007416479488933688)
(0.21256818340539696, -0.0008771159080603654)
(0.7441959211795525, -0.00022245236447197034)
(0.8278264635518117, -0.002750996657157971)
(0.10654551675134886, -0.0007349324871232143)
(0.5663831863240057, -0.005792630951380125)
(0.6027263200701956, -0.000125024992098445)
(0.42236755476739124, -0.038903417976344695)
(0.4414466675100539, -0.0006770952403021216)
(0.0725657762013336, -0.0006469044913356283)
(0.6890657422186752, -0.07309604497706217)
(0.38079387856004104, -0.00024392913323569457)
(0.6977254588986432, -29.238417990824868)
(0.6677473206477534, -0.0020552020440029084)
(0.26096270303398944, -0.006773251371124282)
(0.8585447766726808, -0.0006552824051551891)
(0.14864105821009327, -0.00047902085509683495)
(0.158801400872213, -0.001266996825378449)
(0.4469866340337573, -0.046458447243115465)
(0.9955294226249902, -0.00019993694891392414)
(0.10080940305890018, -0.0006249759613429157)
(0.5078033018223606, -0.0003561766034794799)
(0.4618093228322082, -0.0004423079030325528)
(0.5722002182704082, -0.0001137951278945707)
(0.4942546254348832, -0.0004430937485430245)
(0.0657945773592928, -0.0006474210460442294)
(0.6275079088651716, -0.00020851678874961776)
(0.6664649277306994, -9.729791132800836e-05)
(0.19990843132802316, -0.0001435973697164422)
(0.9496116671328932, -0.020134250036961177)
(0.22530771955867074, -0.0011048502671537647)
(0.2254813138248499, -0.0014300255101305345)
(0.6297934917987854, -0.0003216780014793954)
(0.7757344684228319, -0.0013374485253317382)
(0.7974919299504984, -0.010370123364053933)
(0.7485821066836076, -0.0007552862580871276)
(0.8123273372404808, -0.00031455232397630396)
(0.529798705272189, -0.00014082829805267026)
(0.7635984645396202, -0.0020006516932268184)
(0.7874847729954388, -0.0001968185106657935)
(0.5644846734380321, -0.0038096847069745993)
(0.5966092728901607, -0.0006826267571462942)
(0.9535822102222398, -0.0003049228026709747)
(0.9697649556133994, -0.0009090474300927463)
(0.890512339076631, -0.0007449915298701233)
(0.8840462943692453, -0.003639467759545009)
(0.9715680680111095, -0.00203676950913223)
(0.4275913359857846, -0.008367494927873021)
(0.7843841762778012, -0.01109389566179533)
(0.12891431653871402, -0.00020785162078535604)
(0.6135595370840294, -0.06785878718405791)
(0.14250433049925595, -0.0001289809111409146)
(0.9481456218779222, -0.001187943183460959)
(0.6947150748604464, -0.00010316891650728578)
(0.4581861446547084, -0.025811084940258112)
(0.3665234781390974, -0.000269312056939248)
(0.13105666542284658, -0.00014854857600376322)
(0.21513570647396346, -0.0008852517810395754)
(0.1707187102324199, -0.00044638856675752566)
(0.10739391746496643, -0.0019348763237014624)
(0.6749375877243136, -0.0011508844917394185)
(0.5013492472683555, -0.0023099792779140453)
(0.3544057548907376, -0.00026118004709389965)
(0.2762575074333956, -0.03616572794216715)
(0.05800573923580932, -0.004623562713355556)
(0.7598645461305755, -0.00027904891550532097)
(0.8966070405309973, -0.00026516667268020066)
(0.15381815160726553, -0.0013364205568058883)
(0.28545941006443487, -0.00037065198483205017)
(0.07958900979714532, -0.0004279210727185744)
(0.5963477307075226, -0.0027157128599000257)
(0.088928822292874, -0.03142085059079921)
(0.8876252070855104, -0.09337514398497147)
(0.47276805576153047, -2.7165755407462227)
(0.33866425611924117, -0.004667827440832617)
(0.6142895460572324, -0.0025500413519842736)
(0.7468518742464273, -0.0023490910282818554)
(0.06789931840936889, -0.00018788472863472515)
(0.6455079218172158, -0.004735606069429627)
(0.7588407691520305, -0.0002506548880820825)
(0.37034174777153844, -0.030732668283873672)
(0.23404790749879742, -0.3263530237711661)
(0.18373002922715334, -0.007543207645078702)
(0.9622976841418616, -0.0031813167027533017)
(0.7293843906467306, -0.000772211537109778)
(0.33760591251516747, -0.0002798028225453338)
(0.9789918257491814, -0.03049900287501826)
(0.5908020137204109, -0.00038403625605056994)
(0.6201277720687711, -0.001191570212759499)
(0.8384225280933815, -0.00020126752721385185)
(0.41483151528961393, -0.0005328010695902944)
(0.019624325697283437, -0.8862269949080422)
(0.13051833000451002, -0.23603980247731177)
(0.03355132106272662, -0.00017653463047720457)
(0.9930322498532816, -0.0010963512406565825)
(0.3959167231496723, -0.0011630706778596742)
(0.282195865192647, -0.0002457941696764372)
(0.0884130825287822, -0.030666194909106975)
(0.5868915820616781, -0.00039395881344364455)
(0.19093016752061207, -0.12648889551887044)
(0.9262455915454606, -0.000599868088045199)
(0.14768053320485441, -0.0002977053481951164)
(0.7550437056777604, -0.00026818083199653273)
(0.33589854773863964, -0.00014889441969503922)
(0.04219081756740003, -7.305173076524411e-05)
(0.6342894664086259, -1.0128763545065955)
(0.40458038738396457, -0.0013478312840776213)
(0.822718089691543, -0.0017032725067460534)
(0.010360222709488878, -0.00030461823915265204)
(0.20283533899921674, -0.0008051322104967602)
(0.5524719479712091, -0.00012266292325725748)
(0.8325076588716146, -0.0016690514499181238)
(0.816897737389065, -0.0014645045286398534)
(0.2993383555359315, -0.0008176384813674479)
(0.5153012049681324, -0.005029267280989129)
(0.6232764889377594, -0.0001733087567487633)
(0.179736446516697, -0.0010724029298770491)
(0.45553369979355834, -0.0003449410013296138)
(0.7856072200750229, -0.0003062765185836929)
(0.00808221869596934, -0.0001045780369389979)
(0.049401562448429796, -9.494777658024786e-05)
(0.7562731857175979, -0.21235646732264987)
(0.9715310342173091, -0.0041231453245254126)
(0.27434259044914067, -0.0006163899928967857)
(0.825605731447885, -0.008979926339002627)
(0.5576055034447458, -0.00012436566384359824)
(0.9021900517682323, -0.002068501200056798)
(0.628287516661302, -0.0001779342769647158)
(0.8783425395111356, -0.00019668748830826117)
(0.4494050112580467, -0.00021277146541212662)
(0.6504374754728328, -0.009335801189154419)
(0.02105664286415454, -0.00024723594125368226)
(0.9281167505794755, -0.0002852806129582658)
(0.4630432783685407, -0.0025404776405719568)
(0.31592693474051214, -0.00015612795195107666)
(0.9006541272798649, -0.11414353643890417)
(0.044720733962745306, -0.0008291949543162855)
(0.3527393030829693, -0.0001066295553686081)
(0.6740787816143933, -0.023667261696116517)
(0.6291422764358348, -0.0027394579162386247)
(0.57040528481801, -0.0006997234785647521)
(0.6961323487505904, -0.0001429471240690951)
(0.46172307191669376, -5.960907540270673)
(0.7754474036096751, -0.0006532098182600153)
(0.5131680013479933, -0.000960343997873984)
(0.8473251947833549, -0.00021463654391365626)
(0.8897605648289547, -0.0024217207178978952)
(0.6990539880198418, -0.0005680343137370981)
(0.044229180145563506, -0.003143613769540773)
(0.7248890153268449, -0.0001818509494677166)
(0.9610741180344545, -0.00018296831266146122)
(0.7683620154906712, -0.0002635384666228945)
(0.870645520777996, -0.0030249164990001553)
(0.30120589250374763, -0.0002428735612674991)
(0.8777685247528261, -1.2982649187605357)
(0.3692954147640881, -0.00036771660877487716)
(0.5272747116303406, -0.0017868002596284603)
(0.7634743542310782, -0.0003058910877364354)
(0.4331791139708126, -0.011768665412514513)
(0.06546298187220125, -0.0006033662952145634)
(0.49287696946838755, -0.0005065642861312205)
(0.8443366069870829, -0.0001488873369328524)
(0.4419157011611565, -0.0004969048576704283)
(0.5871748482977753, -0.0028165325820555514)
(0.3970640596431917, -0.00012119974173546079)
(0.7141227964235474, -0.0001041316827332641)
(0.11835143507241841, -0.0008961502016438871)
(0.39225974114651785, -0.0001148029751985711)
(0.7608085524958882, -0.0387493193673983)
(0.6395966851821416, -0.0009883746107553378)
(0.7971816128061295, -0.0005851266086026551)
(0.2561203737882975, -0.000122848890395413)
(0.4921420484561527, -0.000676643462812972)
(0.4336715477327846, -0.336552305270298)
(0.41150429369362784, -0.0002940112494255706)
(0.7215543342509608, -0.008055422154659136)
(0.42372895423104706, -0.0003536645921674235)
(0.5934432311881409, -0.0009880258783538653)
(0.6377225232198143, -7.0889585415061065)
(0.4059253064029768, -0.0008105421173629307)
(0.6205321104226718, -0.0008682625978610374)
(0.4785910527387061, -0.0015698731718214217)
(0.31125931753677, -0.00021988384906338306)
(0.17904812898308384, -0.0005152940185464635)
(0.7747836038832908, -0.9638700766266821)
(0.20733692224063613, -0.0003529409450457743)
(0.8884161620731322, -0.0003625435569722392)
(0.7029845126433614, -0.023479856657835203)
(0.14403699837763276, -0.0001356619513648851)
(0.9646184004234164, -0.00915496575796981)
(0.06689353905242955, -0.0007977856985960682)
(0.5849099941006102, -0.000548577333988262)
(0.3395525943783699, -0.011334883524699881)
(0.43895422382016624, -0.00037983062292899864)
(0.27814982335138216, -0.012885320928070357)
(0.6023717321180987, -0.000418200048245896)
(0.8982500981086687, -0.03734320475661768)
(0.3606187541115241, -0.0007563106487613696)
(0.3877068205904857, -0.0002363324429786717)
(0.8937988350278021, -0.00026131038368353303)
(0.8835756721260257, -0.0003393633697555039)
(0.6729219858757122, -0.015525163625404886)
(0.6688024031331428, -0.0016710680718576986)
(0.7548353663893628, -0.0004925250261130281)
(0.3001319297753224, -0.06764653112860164)
(0.5345751133676244, -0.0008282511008385878)
(0.6531791599851324, -0.0006224943491531427)
(0.9925127688196953, -0.0007628939547427051)
(0.047603495888694725, -0.02840292322294668)
(0.29764095107682437, -0.05965110099126713)
(0.4406497320217446, -0.0001075542747104671)
(0.7792132943691223, -0.015884450479972407)
(0.06867417774741735, -0.0037319148379110862)
(0.7601787297115863, -0.0013921531394046971)
(0.7994058327104192, -0.0014110214265462327)
(0.02549800206225961, -0.0009420264101628592)
(0.14605796802587, -0.0030463054669420822)
(0.6540094874503551, -0.003273680402518629)
(0.12837277574471062, -0.00037928382533297374)
(0.6306515518312653, -0.00026658246712999995)
(0.6908921072759924, -0.00039391921134503577)
(0.9564389936671891, -0.0005689421156033796)
(0.4185818388717953, -0.00028140502474792374)
(0.8504220796955545, -0.0001415745862388894)
(0.6540202105048439, -0.0010615132972617378)
(0.033464334538983224, -0.0025790116774750595)
(0.6723973579971034, -0.00030722850243610953)
(0.28688478645551646, -0.0014715313616443368)
(0.3658890143135498, -0.00014464268798520307)
(0.3079499296434188, -0.0008467691384809717)
(0.1273919040392854, -0.00038443815348386095)
(0.39677227902391654, -0.00013054985716598648)
(0.22371032010825373, -0.0006607106174717037)
(0.5015745684516095, -0.9495551744985631)
(0.912837138142002, -0.00634416927300307)
(0.899993785747747, -0.0008051767137188725)
(0.7140366419766445, -0.00033145168656297457)
(0.5337513416881025, -0.0016711851578620552)
(0.9296099337214857, -0.0024290124221247223)
(0.20150188689616624, -0.00020113835451212437)
(0.0983962221797701, -0.0008762604254893238)
(0.5961230888458224, -0.00023536357007964846)
(0.43953161361297294, -0.002279081183455004)
(0.7920441466482412, -0.0030155106763475677)
(0.5631997472524852, -0.00023729643548034055)
(0.9113297370441612, -0.0008461234766303036)
(0.9781856129143491, -0.0003305109616645368)
(0.9353079419718516, -0.003252268773984039)
(0.12319517300762786, -0.0002668018474980685)
(0.28118137464390475, -0.0003775021234646819)
(0.3821449803253132, -0.00016765676396050268)
(0.9153328869197798, -0.0005355287128605279)
(0.04346052448218166, -0.0013452816026027308)
(0.084038593505531, -0.040224795083861065)
(0.44879869355894486, -0.00012075872762050549)
(0.6284665119667906, -0.04486182657185102)
(0.38215816171542333, -0.001383527556115426)
(0.42572675768070545, -0.00020533541141459498)
(0.21594796851426887, -8.987321861701274e-05)
(0.6084361702884726, -0.020055047076545707)
(0.9587298770325576, -0.00017247100325802186)
(0.7687331086258548, -0.002184644819893336)
(0.9332117181132932, -0.00023484931271182004)
(0.15321371475166123, -0.00027112944875355905)
(0.5818929647248304, -0.0026198907700610017)
(0.432821324959772, -0.0007663874112436457)
(0.2372015722981888, -0.01656000002825271)
(0.6571254873337609, -0.000478270341680673)
(0.1673736081674699, -0.0007999029206295156)
(0.49617537455024696, -0.0008362119560609779)
(0.007379516493914626, -0.027425531276156895)
(0.8136200075960164, -0.000770447579127349)
(0.0540522128113294, -0.000614248585856769)
(0.32962402773739097, -0.00013573459769841798)
(0.08783411894845373, -0.00028893020265514816)
(0.6024083693592086, -0.06569064380824771)
(0.2041108545747816, -0.00754218272003153)
(0.960463909561728, -0.005169234922428266)
(0.917961862727466, -0.0002873820420292543)
(0.7878565835255193, -0.0021442661886205442)
(0.4856942026778665, -0.0037390090292166067)
(0.13107772547960758, -0.00034514598238762686)
(0.6852471184733897, -0.0022647148790040745)
(0.9061267923627855, -0.00011690864729891388)
(0.9364731389795254, -0.003349193059791108)
(0.608369218130155, -0.009204196069799128)
(0.4215306577966372, -0.0010112194028795438)
(0.8023015284030599, -0.0027788395980425985)
(0.6639321210472965, -0.2264428619088162)
(0.5235710616194, -0.1742683480754215)
(0.5740757200746348, -0.002037117311712294)
(0.008663176241033795, -0.01017567518001946)
(0.2980978293453206, -0.0006972873952449052)
(0.1811534793600396, -0.0008730180017167751)
(0.16826845366575693, -0.0002967383185908905)
(0.11525465108580508, -0.060639131591802765)
(0.3688740210382749, -0.0021230050032314436)
(0.0387087693340324, -8.131415676242611e-05)
(0.6254992708243575, -0.0005665483458745743)
(0.4385896853948977, -0.0001818724209672322)
(0.9858978918827217, -0.05451957626709301)
(0.1681257142857143, -1.6747765825144485)
(0.019025617510895525, -0.00021709564434970296)
(0.44264290358344216, -0.007607598628916259)
(0.5262168188379314, -0.007946178708422989)
(0.5012261208083214, -0.00045269433575074645)
(0.8541657103522078, -0.0001339248000522293)
(0.040974115459301706, -0.0006991459873779459)
(0.7948488624035654, -0.0022565567246964186)
(0.35671484810777654, -0.00011686632720822848)
(0.6083685027280229, -0.0150403508218979)
(0.9386885418703806, -0.00038118135250412595)
(0.2813449877210082, -0.004769906945071668)
(0.6828221256940352, -0.00017387611734633453)
(0.6472603552365577, -0.0002749311077680215)
(0.056880287130337534, -0.0020330003524593678)
(0.5737282015977706, -0.00020411704703556872)
(0.7465633609627298, -0.0001704322594351095)
(0.9130585908897006, -0.00036420203343319826)
(0.8130470876369719, -0.0003986942738980878)
(0.09928301825720295, -0.00016603675072084404)
(0.00453153888183941, -0.0007083564861922486)
(0.551211123140537, -0.0007456268495667027)
(0.3269536713833187, -0.009958009966372463)
(0.10416949440108585, -0.6215768195199111)
(0.5656973365430106, -0.00040090220211526514)
(0.931369577151073, -0.00010178693653588685)
(0.6408797143432194, -0.0002253269456281103)
(0.8550765228751737, -0.0003000234890895202)
(0.016466227924305393, -0.0001612126154329206)
(0.34273252998657305, -0.0006184471975909145)
(0.9722842235869029, -0.0001236218549458617)
(0.009511428375188247, -0.0008841507943658843)
(0.5040251298109318, -0.2904256034127675)
(0.011758211350014479, -0.001776976922440948)
(0.5275537259068886, -0.0001594425378880722)
(0.34450318738944047, -0.003351963820792495)
(0.7745772300332336, -0.0006418070818179997)
(0.9639043795974325, -0.0011342205144828255)
(0.3848840127075481, -0.0017822703376741285)
(0.433671084268243, -0.00010647361338662355)
(0.9049482684054558, -0.00029455947696185696)
(0.6120005955941051, -0.01833615919004385)
(0.21772200772200773, -5.658028994981244)
(0.4629427316301451, -0.003449920215315846)
(0.7827257206255184, -0.0013746649987097343)
(0.4173045093202404, -0.0001270795127749352)
(0.4470776270279727, -0.0006917998442042524)
(0.18944959051810253, -0.0005570327352355551)
(0.8138565419398361, -0.0015559438019154845)
(0.25784443757591735, -0.0007748398860570198)
(0.8224081419305552, -0.005455712633738002)
(0.5966779707698591, -0.0001073822078053213)
(0.9248687717426611, -0.004482129374454097)
(0.7614887362937073, -0.00024809142570706024)
(0.2657151272147604, -0.0038778604657259035)
(0.9005670668309249, -0.0005426717246647924)
(0.05397271103140668, -0.0005515133960862736)
(0.4500146015858012, -0.00034159633974331665)
(0.485888710968775, -14.666027919336894)
(0.34269914046673483, -0.0003808394684919048)
(0.44307620593433894, -0.016850005883701915)
(0.920634223471539, -6.4363558929205125)
(0.5653839752365989, -0.0008076286967393503)
(0.4321154279851618, -0.00042413735478498063)
(0.09130321344799283, -0.00020360450773083036)
(0.7483273055126255, -0.0011102375918940184)
(0.5924427204359467, -0.02891661963157295)
(0.7423977383726673, -0.013402844683238114)
(0.7995620970042293, -0.12901406762934975)
(0.7856409370304679, -0.003360929469561203)
(0.9609088525466176, -8.827034325888412e-05)
(0.19318984287647856, -1.0779655664833625)
(0.12115196791168942, -0.0019085560740822397)
(0.39619257986513495, -0.0006254374045879935)
(0.5209784093144714, -0.0006355840392682501)
(0.05750849621844105, -0.00018936863819995106)
(0.0942693739280119, -0.0008923924229627291)
(0.927798040534699, -0.00577972181892214)
(0.8513273443893274, -0.0002061291668332531)
(0.44358857472076785, -0.10879952526083017)
(0.845980147088351, -0.0001867001903631087)
(0.08623711493663787, -0.0023455361119498644)
(0.8390315638875575, -0.01206030648807509)
(0.8811072730654101, -0.00132710416822595)
(0.2279558081906296, -0.004513494595681517)
(0.331110519275066, -0.00023462079186290356)
(0.6540044491127343, -0.0016801687143660892)
(0.5518678657903839, -2.5344681938777973)
(0.26947350622586624, -0.0003254732359068734)
(0.15608547314516302, -0.0004937880496061812)
(0.4276484135765845, -0.00031952860125469997)
(0.43947607217664914, -0.0002651353598759801)
(0.23327614577389147, -0.0009650948983190475)
(0.6934651960614446, -0.03627246896581096)
(0.30285263371946514, -0.0008213723747889957)
(0.08013877135576476, -0.002051112902575838)
(0.35529278643476164, -0.00012036245068529556)
(0.7688687099967673, -0.0057715779953947345)
(0.45921705463494605, -0.00026052345651638576)
(0.2548983173243803, -0.0008609761245095533)
(0.36853178726923075, -0.0009672093651148444)
(0.8662089273457342, -0.0011731449126612579)
(0.17486278714330752, -0.0014316129786791287)
(0.8753386759832845, -0.0006389229711334809)
(0.1723311622628108, -0.00012837288582551876)
(0.47379825547578275, -0.004444996085000489)
(0.9980848825558896, -0.00019825987316182168)
(0.16050897869297437, -0.0024701393068823877)
(0.592462054065731, -0.0015892054086337451)
(0.2154063061254421, -0.0022020851160739394)
(0.10832077442562081, -0.00381803346342318)
(0.5374904833740373, -0.0001434561330532171)
(0.15092295369430858, -0.00019063697429181202)
(0.9432462103044251, -0.007383052018383915)
(0.7606362067695549, -0.0002785138754970324)
(0.7855438726086063, -0.03425629545986158)
(0.7291924733205428, -0.0017512985205926314)
(0.6795960303196413, -0.00032436414722862263)
(0.16635823507301112, -9.531796411959489e-05)
(0.02065457487982872, -0.00033906495738768663)
(0.330284490579627, -0.00020120641089703168)
(0.7719250309392516, -0.0756916399817847)
(0.031226821466620567, -0.0015618579977372403)
(0.40545775853418464, -0.0002903138160808202)
(0.44631978555552204, -0.0004680957395585328)
(0.9239499125291937, -7.936139360493695e-05)
(0.10467646105377257, -0.015403723199597524)
(0.17170710422096358, -0.03333867603713505)
(0.04038137675882806, -0.002421892498333503)
(0.5884943871113842, -0.23704013291387246)
(0.3244023384699384, -0.00046605215522364557)
(0.9427191150107189, -0.0007533873418854849)
(0.9680858579872635, -0.0007206861427839359)
(0.4018969561279467, -0.00021731491807658643)
(0.9944549185387249, -0.0003484583176438643)
(0.8315749553459129, -0.0012699143585929375)
(0.7420917235159987, -0.0014620603962055422)
(0.20017983391519062, -0.00025344723317918084)
(0.6411617423306989, -0.0009312794607636633)
(0.2180451469307508, -0.003760267164245343)
(0.061192259460261675, -0.00014745886457489008)
(0.5263438690652265, -0.00020999910804483625)
(0.6708146326641682, -0.007671678004684281)
(0.2833566448244673, -0.01398145171468397)
(0.39332784967931844, -0.004645749873413133)
(0.3670652035098759, -0.00132204538522723)
(0.7937340988873683, -0.008719161716547524)
(0.8000874134033262, -0.006839198119469071)
(0.5991890528237784, -0.0006167301305834489)
(0.8699120549854282, -0.0054016639388584885)
(0.5322063032525873, -0.0022789782559000343)
(0.03129431768400888, -0.2720186050185517)
(0.31676144284153723, -0.002277396808059911)
(0.997785276275514, -0.0005055085348985807)
(0.3443124332063884, -0.000420587944993733)
(0.8336272310806027, -0.0018449292405703813)
(0.9194307937697802, -0.001278644015555326)
(0.7282871266132851, -0.0017407368622154127)
(0.3280532312259907, -0.0022266888119028636)
(0.039694617232329935, -0.0003342529132289936)
(0.17955179259694512, -0.00031453618795400503)
(0.8338633224512956, -0.0002821840311694933)
(0.7698158574170947, -8.931751669884201e-05)
(0.09188440644102466, -0.0003485549341626769)
(0.6912689188488004, -0.00019350016556384563)
(0.6810446460813776, -0.0016814550529519652)
(0.28368894683245305, -0.00015895870689795112)
(0.9352142589264899, -0.026524071906048365)
(0.857480270093773, -0.003127397166960767)
(0.2312132314838396, -0.00830834102144694)
(0.7212480461616282, -0.000701681756478978)
(0.3509912188633976, -0.00015177610485664375)
(0.37590333129278897, -0.011442374738426228)
(0.5523280320845771, -0.00015789700569779087)
(0.9780869885248225, -8.464433800195444e-05)
(0.053126977018864284, -0.00013156300323362877)
(0.19924282546433986, -0.005039678014942452)
(0.5141202049670669, -0.0006721904078737252)
(0.6706155128745088, -0.02113677484898692)
(0.9323561345331212, -0.0008188766258738695)
(0.5382018641002573, -0.0021985361316303152)
(0.4236347775812117, -0.00029339476917575146)
(0.7718371575084134, -0.01094471521235593)
(0.3214958358630881, -0.0027457183090270937)
(0.37307270534049786, -0.8035034048142025)
(0.4133268171095938, -0.022772018822979516)
(0.5189148829244651, -0.00230804753332449)
(0.8531009597708595, -0.1282813334634862)
(0.16386306971185913, -0.0005945242513056804)
(0.2833922250339683, -0.0017117679865184252)
(0.9310303550474028, -0.00011980005119269662)
(0.9328661688896999, -0.00039029715501426353)
(0.3657993310789449, -0.06773470521160047)
(0.43882322636961424, -0.001460247092767909)
(0.9291897113010654, -0.0009659923421567354)
(0.5734496671580671, -0.005076459592001866)
(0.8273902660693288, -0.007584536374919997)
(0.1985149027801494, -0.0004278680123369676)
(0.8850341089228787, -0.0004919522904715676)
(0.3840590662331689, -0.00045403074069510477)
(0.9997656732100269, -0.12220263093948719)
(0.5525063940649518, -0.00022374906494961356)
(0.060692512609735905, -0.00033997970837152536)
(0.8661121068863421, -0.009407697476138687)
(0.6405169417555676, -0.009940083339959079)
(0.38804680018432314, -0.00021184633907871602)
(0.7791923179548781, -0.001285052949622188)
(0.6024818463219244, -0.00012809752616893416)
(0.4628992232451945, -0.021698044486464424)
(0.10031035759354022, -0.0007627383958150012)
(0.8912212705274313, -0.0002794228424996549)
(0.13336608941560854, -0.003128235407846616)
(0.74910087196669, -0.0003009544672371887)
(0.7892755017447013, -0.00012819296040409513)
(0.2173216423053208, -0.1328777982028347)
(0.8324226889883378, -0.0012376091751325647)
(0.21174268773608015, -0.0004111093888323411)
(0.9628835055239666, -0.0002007075157257818)
(0.4020542314154203, -0.0003201235749326833)
(0.9928208166407899, -0.000975958361755573)
(0.16654539575399369, -0.00024268692720772614)
(0.6594176138811321, -0.0013290443114984797)
(0.7417909122356298, -0.0010978003963839197)
(0.3616846889959294, -0.004970786817918401)
(0.4001424908119999, -0.0003838352985528759)
(0.6128843333482563, -0.0015680141376730873)
(0.06627904612353964, -0.001662817296460286)
(0.24681684517315355, -0.00020493398916018955)
(0.9829933663408299, -0.006311785726900046)
(0.9213389490000834, -0.015119354341048606)
(0.4374570263224634, -0.002749695238616244)
(0.8693250958241767, -7.78346835628079e-05)
(0.9741403264116614, -7.794119481652701e-05)
(0.6862510587177467, -0.00016456746451210617)
(0.18663472705989342, -0.0005117392626281648)
(0.5994467112579003, -0.00016377390996734212)
(0.07491176474857898, -0.001329589112886087)
(0.6465907923373049, -0.00021663723131960496)
(0.11400513250524037, -0.0002563086011125015)
(0.3292788842031329, -0.0034669908840372922)
(0.18604727926858744, -0.00010513987470863464)
(0.9664753879804672, -0.00029608665252168657)
(0.9481006076979647, -0.002791061875190398)
(0.14808652450289345, -0.0006832573237845385)
(0.7523678200650331, -0.0001528108039400892)
(0.983103874344371, -0.0002856092637610263)
(0.919790543438182, -0.0003010860175650511)
(0.9043169209431345, -2.540619815707598)
(0.8013028996083984, -8.349778162246836e-05)
(0.48244272815367284, -0.00013812738010910602)
(0.5785733143236449, -0.0007177758300543167)
(0.7079578004618733, -0.00032570328259893985)
(0.6587887765313369, -0.0014499409504789363)
(0.6629767749592899, -0.00011825975229899723)
(0.47775800615930175, -0.00027399075212894647)
(0.9198845095076624, -0.0017445232189294963)
(0.5397392330657773, -0.0004518004844656839)
(0.35307183829567496, -0.008537036907989574)
(0.5553745033272824, -0.009430407578590783)
(0.09772684501284097, -0.0010699315410197844)
(0.18001444418299586, -0.0012744714726082534)
(0.6392844380471185, -0.0026011650899294557)
(0.9382622358872903, -0.001595627339277311)
(0.004765678246566988, -0.00878273266880704)
(0.6868697555669575, -0.0011028102731173793)
(0.3394545598998009, -0.03424316762083576)
(0.9371016811266774, -0.011757051840222703)
(0.1292927102986632, -0.00016135839540648507)
(0.47565412876215524, -0.00014269801016531393)
(0.07081554213053844, -0.0008551246715037923)
(0.2106066425764368, -0.002021230004308499)
(0.7531489772677509, -0.001438898240600997)
(0.9833055130536856, -8.452032140446566e-05)
(0.11324363657649342, -0.003107968467289879)
(0.894051440217663, -0.009641912284842055)
(0.6078167825577814, -0.00010743519366746805)
(0.5858020036982223, -0.0001173044438937197)
(0.31522194170300666, -0.0672678223410669)
(0.8940213871471914, -0.00012152477688546226)
(0.6488747844303985, -0.0001253955274450286)
(0.5013144646694259, -0.000609013634923195)
(0.5925244180700487, -0.0036736266535878992)
(0.2407893943748411, -0.00030669771066304185)
(0.20853116252160675, -0.0010655258825670027)
(0.8886392930290936, -8.203417509286762e-05)
(0.006098699276761871, -0.00015994037573642062)
(0.43048803758957604, -0.0001619852160881209)
(0.21399577446519416, -0.00022263293492150478)
(0.9242096872640166, -0.012054619882402307)
(0.7053881326851169, -0.003572543577620789)
(0.5828632585266468, -0.0031457256723571854)
(0.4620870145742445, -0.004100277980882194)
(0.34434843474615695, -0.0009370048659460018)
(0.3533807582741721, -0.002768149829826896)
(0.2052402218195902, -0.0006207054728822071)
(0.8409889679759472, -0.00014174222789063305)
(0.6105316512600523, -0.0004277539048936345)
(0.5784382360262454, -0.0003892894619780883)
(0.5153929355751876, -0.005471331939330977)
(0.3538003114125867, -0.05336216022818992)
(0.32327139900660146, -0.0018642500045799304)
(0.9214046646124111, -7.42185738069315e-05)
(0.21950893998039414, -0.0016615189901879408)
(0.10295390363807742, -0.06892674691967249)
(0.060331061590433964, -0.00042289772484801715)
(0.8155742848242918, -0.00022533227995358109)
(0.33116966323192, -0.0003558130705666357)
(0.9054690183625682, -0.0007854528558006967)
(0.16260131966470795, -0.0020398671004767327)
(0.08485122538674876, -0.024389062617751207)
(0.19620898280398252, -0.00035862671242400994)
(0.056357123885852074, -0.0008290347851669499)
(0.03620289788075039, -0.0006226489186972777)
(0.6810214886736624, -0.0004102519620001966)
(0.824031867688584, -1.4778433942115192)
(0.28389216823984137, -0.16737971720549144)
(0.0382129089698042, -0.00696211680243238)
(0.7593153635215897, -0.00014736675707863306)
(0.2224379444089573, -0.000687679839955122)
(0.3955125861088927, -0.0001465951183088156)
(0.7088629701149163, -0.0037279134598627818)
(0.6916789711620663, -0.0025304819189710596)
(0.8888561653599496, -0.0008567128346702529)
(0.15086657468377357, -0.0012964661116564682)
(0.45765225259319414, -0.0009425308983630383)
(0.7066945316443822, -0.001072554728905096)
(0.32668665530117846, -0.00010100811162895465)
(0.10853219364676024, -0.0003451249163829949)
(0.08562680745907802, -0.0011251928082018274)
(0.40710541560625646, -0.007620546197656692)
(0.9691195787642676, -0.08212155076819383)
(0.9261498902113242, -0.00034470194643490955)
(0.9361512385744882, -0.0002176572256911959)
(0.36480987063055187, -0.007280407333420154)
(0.46536658389488517, -0.005839034557352168)
(0.2601164049984638, -0.0016365294491420827)
(0.8142809898951112, -0.0005362474808696054)
(0.4970676717754655, -0.00037741015460116196)
(0.06339763177998473, -1.3993788289726339)
(0.9146435356746155, -0.012906329008941264)
(0.14326851536005877, -0.000887504461173632)
(0.7485304563776128, -0.10086710023596275)
(0.9987221616964211, -0.0001822019106466082)
(0.7458515876400574, -1.4203752080992347)
(0.3419360740528819, -0.0019263521903738993)
(0.07952716814166925, -0.006320827555821101)
(0.08062422619492385, -0.00010806715794382041)
(0.7857339355153617, -0.0020183016771373784)
(0.27862601019976957, -0.0019231913647115044)
(0.9480223424642119, -0.0010719643199904741)
(0.08991937367641582, -7.475564490423427e-05)
(0.5023604220072713, -0.0010121498005275825)
(0.29900371239248996, -0.0006138241188379701)
(0.05866465296685913, -0.0065013845873533645)
(0.6586723827089198, -0.0001495540226074737)
(0.7658536337833916, -0.00024356968368712914)
(0.7702108999632327, -0.0011284238007247566)
(0.8097353206184866, -0.0027435044425757225)
(0.5553515505559101, -0.0023073247973694165)
(0.47884076549728055, -0.003076612942215138)
(0.9465927354327319, -0.00503896058555897)
(0.11890852952675995, -0.00012796010761825105)
(0.17277934562245656, -0.0007022663672403921)
(0.45637928748749984, -0.006869719061151092)
(0.13639877922846133, -0.0008332376820111431)
(0.21806024655248543, -0.00018712662639569372)
(0.393556286982764, -0.0638346687363718)
(0.6622526243646452, -0.0005828370898139447)
(0.08079681700183133, -0.005547116646466225)
(0.9654462670119501, -0.0002541954676844556)
(0.03296353375337331, -0.0015257968058785144)
(0.3254455265660488, -0.00020116318100844085)
(0.16275128037443568, -0.0035280042146935897)
(0.8193383056707774, -0.0010439708100555534)
(0.8692895050656142, -0.033071819281293525)
(0.45712874387804986, -0.0002578352248587448)
(0.9586520602402189, -0.011104013350160081)
(0.5618602932353798, -0.03694001262650811)
(0.28966121362521324, -0.0004706005227626637)
(0.5009379310945966, -0.0016807149807252027)
(0.5958622538045325, -0.0015297943207170843)
(0.8701610628709276, -0.21984564453654556)
(0.8753520491555911, -0.0010304050920112984)
(0.22896172193546702, -0.00020701467280114416)
(0.9021733269232018, -0.023801340762916234)
(0.48521318016119075, -0.005379055792834035)
(0.36041250214443765, -0.007646039383876158)
(0.7603745694637067, -0.0002550018952137644)
(0.9111296224443142, -0.00023182301927499545)
(0.10742735061730518, -0.00016366201400068754)
(0.826871217225457, -0.008703704575227752)
(0.4667945495580737, -0.0005175296810751161)
(0.7078459592369131, -0.005661911448545962)
(0.06067089845724569, -0.0018518985048882645)
(0.2713434351655712, -0.0002198186096031621)
(0.7529326636683759, -0.0007420294355134832)
(0.525850876956832, -0.024656915200026625)
(0.6223229277586102, -0.05711670178542195)
(0.8034614100718203, -0.0007777103539429728)
(0.4826514533997646, -0.000567396332419992)
(0.42969257610750333, -0.0026982281495427987)
(0.10145392612966915, -0.01622147804532516)
(0.9511236866681617, -0.00023669599220993234)
(0.3030712850614926, -0.0011152637658328592)
(0.569559488444898, -0.00039408594638109677)
(0.4484182517376521, -0.0004970955366971244)
(0.15843072466565883, -0.0003473664374499233)
(0.9873278970321905, -0.008650480800381468)
(0.7802978222996406, -0.004584178033764892)
(0.5319991226331591, -0.0002530106696011185)
(0.5805785380502493, -0.00015843993987622065)
(0.5218054220913166, -0.00019260876876835584)
(0.770170227941523, -0.003034196217770943)
(0.4861517587678001, -0.0021879702902195043)
(0.5506620221439407, -0.00019507087960149647)
(0.7421603280342798, -0.000738501207209037)
(0.7673046396811343, -0.0068944063454178675)
(0.10160002192962338, -0.00032162046873563527)
(0.5030727300856258, -0.0018271740036355994)
(0.16158898293752777, -0.00025581354507437157)
(0.03683206353783679, -0.004270296173491122)
(0.40556439612885703, -0.00016005536595071012)
(0.9621677700704118, -0.0001314207340316784)
(0.25036424298488275, -0.00577738303656726)
(0.2728068739809958, -0.00016509804856685954)
(0.8593827346907765, -0.0013986912370619778)
(0.3710264325369013, -0.0003664492499164821)
(0.514828751273936, -0.0002495739904606925)
(0.2823153718935092, -0.0031431129328581245)
(0.8567597061037705, -0.00014639275551628069)
(0.00700740061667364, -0.019526615166602382)
(0.8279747750834898, -0.00017365830292712916)
(0.5619462419113987, -3.647161547287562)
(0.043916101209358176, -0.0020290686683437356)
(0.6186491755839317, -0.0006368278857674512)
(0.09297326058536227, -0.00032502564126532545)
(0.5858904091878562, -0.004784349822433945)
(0.8712137911261985, -0.0002663972590997487)
(0.6255748215332073, -0.00011109622165068937)
(0.6566119124800215, -0.00012994448998273562)
(0.07708063677091638, -0.00012906346468462653)
(0.35835587512766015, -0.5056134276753921)
(0.5046023224122274, -0.004540293564934688)
(0.007135919831135917, -0.003268555447359612)
(0.968293572220216, -0.00022252745672944653)
(0.21508756503142823, -0.01179588736144613)
(0.721851146624821, -0.0008828747660435866)
(0.5514861138341886, -0.000730708084308942)
(0.12666099204438158, -0.004422962353543685)
(0.49446700579972797, -0.00029790604074527365)
(0.20243800315787863, -0.00031645936261179454)
(0.7479186856870651, -0.00047708660132489704)
(0.5037226868485785, -0.00983705422810378)
(0.05072033092575937, -0.002239987682456029)
(0.16659657015866314, -0.0010538059503673739)
(0.7977162356264194, -0.0058795448186908395)
(0.8402098267151987, -0.0003177678291484833)
(0.1939729243339287, -0.0008249560062535418)
(0.7932773694327341, -0.10002986430643597)
(0.7863613745395489, -0.000195546207057254)
(0.6603794902067259, -0.0032688179200693135)
(0.40161925998310855, -0.008479468282544396)
(0.3341111797332972, -0.010800104871815952)
(0.15517855689331989, -0.0013306801050423775)
(0.9935278544574647, -0.0004714330057775736)
(0.7698677478816747, -0.0002325459940657283)
(0.055469062839263804, -0.0012317552012746503)
(0.3767450909255375, -0.0006855455595404033)
(0.9521715023729354, -0.00036064590397935436)
(0.716599174961935, -0.0028151139214514552)
(0.24140511576557486, -0.0002638122119911744)
(0.8694788267524829, -0.01756521689261991)
(0.6754148456061984, -0.015351691749811878)
(0.8216940989623506, -8.344144267967229e-05)
(0.9580212667767095, -0.0002465468538980555)
(0.17531648098692068, -0.002799119896990761)
(0.960921019123701, -0.0016425444171877283)
(0.5875634702150011, -0.0006763609302821443)
(0.866317403721499, -0.0015301205587303684)
(0.07764224162849553, -0.002056259481559345)
(0.25104079337556906, -0.0009438819016513043)
(0.16504911468996583, -0.00021414367077766437)
(0.9765366795628307, -0.00020490474611472857)
(0.5803546256315635, -0.0002211378724919024)
(0.7500591472270918, -9.423772723012413e-05)
(0.7633303653784784, -0.0005569873594846349)
(0.6693053262295888, -0.00010136602611168225)
(0.20184351687946805, -0.005612431778960822)
(0.695087346681877, -0.0003460379461764475)
(0.2082295330955266, -0.0006191675811042676)
(0.22040702455592934, -0.0010061057938004852)
(0.13839380139840754, -0.00010887017688975789)
(0.8712631509999541, -0.0007420089061251669)
(0.3445526588602953, -0.050039456744439305)
(0.42800504204647877, -0.00010415452547915962)
(0.9339185344231655, -0.0005129747117801568)
(0.3370630822310193, -0.00034307999982678775)
(0.18544796597202845, -0.03772209639663011)
(0.42120189689929366, -0.002403948507948295)
(0.6179813857481746, -0.0009029418710990126)
(0.5799980991774408, -0.00031120363217658573)
(0.023678847525789585, -0.0008840590944141032)
(0.9436883553611548, -0.003768705585256676)
(0.41745369981259584, -0.0016644096878870376)
(0.8059804273526487, -0.005951185785424325)
(0.6497023383242352, -0.0021523205844714067)
(0.4839644949045046, -0.012600555721126463)
(0.12474017103930603, -8.174889837573344e-05)
(0.637246909568366, -0.00021712995330513057)
(0.344554462348533, -0.0003210874110423796)
(0.9937261088263639, -7.951906048365694e-05)
(0.11983779019450624, -0.00031676279304456654)
(0.17875753115505025, -0.0029230015236245384)
(0.8525482865573497, -0.0007657355058081977)
(0.34719532202194203, -0.0009294937732149254)
(0.6453287110933759, -0.36548022488531084)
(0.8655895692282568, -0.00015523744640158949)
(0.15165055146304154, -0.06539328488211875)
(0.7179635561572324, -0.00023655665766542783)
(0.3123156996493183, -0.006715881450627499)
(0.6296607327075827, -0.1861789626963698)
(0.9510694400380394, -0.0009742746604734761)
(0.3455477138067499, -0.0003319724871754462)
(0.6080951496890098, -0.0018397450723847927)
(0.8439966159842796, -0.00025502625316586115)
(0.9745603720997412, -0.00018748326990513476)
(0.024218307162120294, -0.00028545563179649717)
(0.9698288267130096, -0.0013176294348389368)
(0.08181668194360638, -0.00033434141522674274)
(0.8997004970783148, -0.0001369038790577167)
(0.4083550922107381, -0.00018912801687056888)
(0.7457863822788849, -0.002250219473671369)
(0.6748401802965966, -0.0004200593481113304)
(0.7641579227819377, -0.00235285074174501)
(0.4871102685593616, -0.000731222578183675)
(0.08577834928204335, -0.007757814883969389)
(0.4296201414290786, -0.11933115231965044)
(0.3771413912242901, -0.00032541446199887644)
(0.3887351239455666, -0.0033542038165377238)
(0.19493224436027276, -0.00022919201293588825)
(0.6096322532244568, -0.10570948940330542)
(0.9007680164154696, -0.011875845933979457)
(0.13478018564092845, -0.0005570173212174392)
(0.4832148282664511, -0.010516824784501598)
(0.641205955053078, -0.019449395821346048)
(0.3323484581247788, -0.002038385401064688)
(0.901343934332157, -0.00019399403564416285)
(0.8883693218208777, -0.0014981646469421723)
(0.02417124332206352, -0.00032096443637163525)
(0.6137847298220775, -0.0013030025304985211)
(0.6529553129842944, -0.0001211951866273961)
(0.09437877573695748, -0.00018040091155655232)
(0.011141247095539377, -0.0013232857056092843)
(0.7623383585998761, -8.723519168092713e-05)
(0.00764222837209702, -0.00026321794287356357)
(0.13441456679673972, -0.0008552521131959711)
(0.5987702197592492, -0.0002606746947958436)
(0.7387282501566989, -0.009927848807748189)
(0.063643928786718, -0.08798567122697987)
(0.20468749447893514, -0.0032362925424550947)
(0.9392667560764898, -0.000646677666923342)
(0.6493845680772671, -0.0006731644715687872)
(0.12989894989104261, -0.002095398494758238)
(0.816004503362727, -0.0005631430379491516)
(0.07706883710736165, -0.0006350478501563322)
(0.0018132950305057131, -0.0010667983666332213)
(0.5308715329118558, -0.004478721183980054)
(0.46530211092335566, -0.00139729223081512)
(0.13229361064407724, -0.005799498237944744)
(0.7063640528365275, -2.7972617960222617)
(0.5182767344154595, -0.0054730876574989595)
(0.5417509839135193, -0.005233786729878979)
(0.2288415726543232, -0.0009904037457649111)
(0.8858537872635228, -0.008574556943531835)
(0.8407009145495935, -0.006614783041381791)
(0.2876891701775175, -0.0002969339016278204)
(0.4990016557143856, -0.0006497875545655548)
(0.9672442502116948, -0.00033583824176534806)
(0.385873708465602, -0.08980558100357539)
(0.9259855156871444, -0.0002738443267164968)
(0.2290244557435847, -0.0008208309398235056)
(0.39527809219158305, -0.004015067212252943)
(0.6073436104597757, -0.0016938195276145766)
(0.09934586756158298, -0.0013892495652308478)
(0.5017851151258104, -0.0002770736494917127)
(0.6740066819858161, -0.00026358235885311183)
(0.5508463668056091, -0.0002661271473934688)
(0.0047051746633774766, -0.0019352553124027932)
(0.3583118972535036, -0.0005434848837030088)
(0.8629298494005773, -0.00032396933922978577)
(0.25578280066895936, -0.00018381986065838798)
(0.9542930633417217, -0.00017700272639828776)
(0.17492036624100274, -0.00010145831683879442)
(0.8903841861250207, -0.0001249678444699831)
(0.5397453807766994, -0.00012664827016449905)
(0.5972231722172323, -0.0002628076874087464)
(0.7522187280923662, -0.0006835748553131245)
(0.42574454139937806, -0.036715446977892564)
(0.48209977771012713, -0.10521645330621308)
(0.6021076667636924, -0.0006820486990372213)
(0.23547351610324863, -0.00043482894834156376)
(0.9977675908435684, -8.4160741059659e-05)
(0.05187037289144976, -0.0033836679628284805)
(0.88908355144386, -9.723595436809897e-05)
(0.9708163917012272, -9.814031305463363e-05)
(0.11667020974047197, -0.0004260496369813123)
(0.2649979827583191, -0.002321807640098706)
(0.08036512496800385, -0.00041585893820477143)
(0.8034801193848644, -0.03706569986088988)
(0.9758527698329624, -0.000572550837771109)
(0.18001408643616706, -0.008651583925287233)
(0.37996856507648635, -0.00013063989384481812)
(0.550283513104938, -0.013358255750845219)
(0.42862302993804197, -0.00016951324929086523)
(0.6805135637811578, -0.00015647570981886796)
(0.8658094460312507, -0.0034977059141596675)
(0.43439314980473315, -0.0764289064690568)
(0.08401441041397041, -0.0014242753580833943)
(0.31351017916612756, -0.016516653483892613)
(0.11201711003155429, -0.002378190246487692)
(0.04215472804124871, -0.00031294975417605085)
(0.9695015625101514, -0.0009520783721958579)
(0.08571514373843467, -0.005955086167395029)
(0.8775986112348133, -0.0018269788269463033)
(0.8493868109432194, -0.001132755313840447)
(0.6180213477677947, -0.0020688383116690048)
(0.833833827411134, -0.00029065229815023716)
(0.8688916454486605, -0.00019421092271710511)
(0.05449128804771105, -0.0013641120514035013)
(0.5324769119380948, -0.0019025353268017587)
(0.30066555258651356, -0.060616556900822426)
(0.8958653399534667, -0.0015540376271234683)
(0.24501976010072724, -0.01641555256254164)
(0.31564735535140676, -0.0004575381859350731)
(0.08158067147932592, -0.00010150958952186655)
(0.13655808929293836, -0.051461626486862776)
(0.815210571846301, -0.00021595449426443876)
(0.6254391374427349, -0.00023116283412170815)
(0.6987968553499041, -0.001236934298131781)
(0.3256441365867919, -0.00021593169388771813)
(0.5086182121082058, -0.017260564370457237)
(0.41664675332582185, -0.0007218403028713447)
(0.09923241423298439, -0.006558314972599838)
(0.5150300663680754, -0.0026717690271743054)
(0.291379317411879, -0.07508292616158144)
(0.8273759574261853, -9.026359264906912e-05)
(0.39827764842623326, -0.0003309832362377196)
(0.14340264459102134, -0.0009973497394992787)
(0.8960767274915827, -0.015977765357057184)
(0.5384685944805411, -0.00034816048091672384)
(0.7898260052230476, -0.0391309209146246)
(0.23666090345657118, -0.0055151794587605905)
(0.43346019323752527, -0.0010595048188641436)
(0.15276872185574406, -0.000534778089334148)
(0.23071796008537693, -0.00011020294890205152)
(0.42148916284677507, -0.003069520301701215)
(0.12232369656281075, -0.03775264988948394)
(0.6624355859366706, -0.0012878502134165298)
(0.24727772638608606, -0.0006353086704283644)
(0.43597165986104086, -0.00123465912560204)
(0.8186550021394606, -0.00020554563663932273)
(0.17798469327154695, -0.0001247913826869852)
(0.717063671014289, -0.0006169195687207544)
(0.9384874039282665, -3.9107320391229248)
(0.44228893939298375, -0.0025963224555863858)
(0.6063191204335412, -0.0002760530843309823)
(0.6354948358037038, -0.0002005540223683908)
(0.44916664826622366, -0.0009516900761649379)
(0.14011510092440554, -0.000288637569805719)
(0.6689677109889337, -0.0003193835249045529)
(0.26307577751239397, -0.0005858200868730198)
(0.2565984791631933, -0.00025983688148872847)
(0.21678465802854194, -0.03696722282961673)
(0.5642822995962546, -0.00011923338497526146)
(0.07521008403361344, -61.57266847479589)
(0.9977963045952273, -0.0021602661577403938)
(0.1296191504604874, -0.3803899631662381)
(0.4130846243906089, -0.00018946141000389347)
(0.1114428419075859, -0.011900968054495998)
(0.03511554195071261, -0.0027900305532087416)
(0.6793020914544664, -0.00034653282696547487)
(0.06753006252425221, -0.0006808411920883807)
(0.4897783471946882, -0.0002791500673189086)
(0.11790717195310979, -0.0005874864575753608)
(0.09361711068059576, -0.0004044212016529191)
(0.9752261066890863, -0.00019841588372277805)
(0.24739707149198886, -0.0023695508940955656)
(0.004798406029971951, -0.008250391059198163)
(0.5686743135978998, -0.0028509063764004298)
(0.7939506260123466, -0.002057304952914781)
(0.04702225899479496, -0.0001558855146837711)
(0.7720074410067745, -0.007421910501787535)
(0.4955074819899075, -0.0001474954215339839)
(0.7751666147291368, -0.0005505433926303321)
(0.0023151711607287523, -9.166909991077252e-05)
(0.12202319380206317, -0.0021135787121306393)
(0.7770531119237418, -0.0070745616442899695)
(0.26838813948214163, -0.0010643929126225118)
(0.882735424014349, -0.0021301415407961747)
(0.7106151292861301, -0.00036006360955545015)
(0.05093249025020745, -0.0007209058839278034)
(0.03500386466940558, -0.00013082287129720678)
(0.035360021594562696, -0.00017404056939846152)
(0.06811256973542681, -0.0005479923443040316)
(0.011481231560155007, -0.001778513731441997)
(0.0625664325554295, -9.568867943913925e-05)
(0.19234901547203703, -8.934337628705385e-05)
(0.9144425663785485, -0.0008252118425482813)
(0.8551465553792926, -0.0001567186027083225)
(0.4787218668951398, -0.0002626987118163069)
(0.8472706241186263, -0.0002286497543224157)
(0.674505650742865, -0.0005367438054002263)
(0.52114328221561, -4.19269143310867)
(0.7184011504089652, -0.02884347190347615)
(0.9899616359782393, -0.00034338807041567495)
(0.019647895924416733, -0.00024923141696274774)
(0.1445233800741347, -0.00901001687668799)
(0.11436998956274566, -0.016271340961783464)
(0.6157951274259675, -0.03294642951216126)
(0.573033516361898, -0.0017260866891503468)
(0.22000051135530038, -0.009808313443799524)
(0.15356559662098404, -0.0005184610701599851)
(0.18344410921827523, -0.0001197045188743532)
(0.49079686334285544, -0.0027793733864447264)
(0.8739449133718348, -16.275316633719928)
(0.339194716229786, -0.0003130384198752585)
(0.7580792850956035, -0.0004518072597656978)
(0.6170775113597, -0.0003057579675220684)
(0.20581151710223206, -0.0012289483390344929)
(0.43962772791531063, -0.00011950613921192084)
(0.3821055484736695, -0.00011480234923620234)
(0.1798228974470816, -0.0005386769185375243)
(0.2658359565309278, -0.08150059006374329)
(0.36701444627175084, -0.00016669732047019646)
(0.19834647460279334, -0.0019864121917492253)
(0.958722502268606, -0.05625181410559123)
(0.4889367324628894, -0.00040644647791240646)
(0.0018917054087005452, -0.009816781506318026)
(0.6983499620827509, -0.0009160081735863307)
(0.1176894435904007, -0.0002694060775824136)
(0.03415606811812891, -1.5794670292090347)
(0.8987089287759636, -0.0004551241555496147)
(0.6903180958182611, -0.002785514864891644)
(0.3186894782483018, -0.2647473460218497)
(0.22618862422678498, -0.00011615923512909324)
(0.8979738542027913, -0.006079016117323986)
(0.5478198003000703, -0.0010590842868562743)
(0.8893641310546588, -0.0009737988589785452)
(0.9099685213875385, -0.00331534336822543)
(0.48336892942226717, -0.003716059020246414)
(0.44425224472876096, -0.0005976710425524496)
(0.9834842657578166, -0.02467618023150321)
(0.1754664909745567, -0.0025902546269425146)
(0.7857876860456117, -0.03336026055947182)
(0.42991388377872886, -0.0007510024608339873)
(0.046387441338954734, -0.0008439182898646858)
(0.9427358461450125, -0.00023000080034085986)
(0.5033308416134832, -0.0019171017491665893)
(0.05013104816130062, -0.00010058875744528811)
(0.5095064684724071, -0.36402036667100773)
(0.4181417108136265, -0.004118642131495029)
(0.2616279770436436, -0.0003183243249914046)
(0.999566822863546, -0.0006790002660067556)
(0.6699048434228057, -0.001557386319358454)
(0.32075131357416564, -0.00019208857512410376)
(0.27100084073494646, -0.0002539111421527198)
(0.650697113304488, -0.0048252834416628665)
(0.04330704086901429, -0.00016716298529870303)
(0.4507476484575267, -0.0001323736007880107)
(0.10521530607968052, -0.0005352097403976571)
(0.4514025860002821, -0.0010752618142288938)
(0.285542567697301, -0.00013041628785684975)
(0.776015751340795, -0.00033092553453291796)
(0.22018296795980588, -0.00015101625791146252)
(0.5462777630885812, -0.0016510468689351866)
(0.03577177623042836, -7.325729726769393e-05)
(0.7543991720198744, -0.0009849231358047786)
(0.10081216885935024, -0.00027454044658841716)
(0.2779287820228036, -0.004185123438664365)
(0.009210959622744826, -0.035071613905544106)
(0.21420643186508082, -0.0002623694141711791)
(0.632479091705541, -0.0005454580228664256)
(0.48516896475988625, -0.0001609283348195322)
(0.8885766580887492, -0.003165161491478)
(0.34559432627745007, -0.0009286723229788998)
(0.6696512065672683, -0.006530571898393507)
(0.7099966246624663, -0.8243865378601161)
(0.3380425988381567, -0.0001990560274763592)
(0.9160749405351121, -0.0013482941870646655)
(0.6225909786719205, -0.000549386138660313)
(0.999680135979422, -0.0010338064331321464)
(0.5163990459024778, -0.00630439120657157)
(0.7798962711592928, -0.0006364452230350062)
(0.15572148290174273, -0.00178012239485918)
(0.413375725520868, -0.005336945962307448)
(0.8668775378223641, -0.0049328511227922705)
(0.34756599291541135, -0.0004553461601749573)
(0.710491838328624, -0.0004168869810632952)
(0.4013514917589682, -0.002382048251224505)
(0.9682606276522433, -9.715559690150126e-05)
(0.7989432419971104, -0.0002655788065152956)
(0.9360490213377362, -0.11543468781903747)
(0.13760312165677718, -0.003610026610538894)
(0.5729615340826703, -0.0020526573318817884)
(0.40505442730759916, -0.00026068991416834534)
(0.5491341387330895, -0.0013205007970064238)
(0.7840003706982294, -0.007421203886558959)
(0.7879983578082072, -0.0006724366586050576)
(0.8996972324993435, -0.0003177194647346436)
(0.44457011905188215, -0.0006165053672918703)
(0.9793602631870066, -0.002057277919397635)
(0.6337507537110441, -0.006584264713653346)
(0.4410325494074258, -0.02746807532594285)
(0.94170095566764, -0.48627206985006055)
(0.2300047479497714, -0.00045256834302178083)
(0.9358085909656478, -0.00030660005738459645)
(0.34077174559144047, -3.6294568795822824)
(0.6356828754500802, -0.01012528114259391)
(0.7000056207824151, -0.0002755724462626954)
(0.746803740038549, -0.00015114375789160935)
(0.08869757456838616, -0.0032439207256552403)
(0.2411180773763905, -0.000212080802846226)
(0.31550646381656383, -0.0007826147068212286)
(0.5296460341232581, -0.00012975820086927765)
(0.20089104752455683, -0.0008450726186715736)
(0.9782089909446601, -0.005088800134472125)
(0.49586316859962776, -0.007276806600438876)
(0.2223598213153779, -0.003860814689000547)
(0.9193074103564599, -0.00037470286070850786)
(0.8508916999410295, -0.00029043848544000635)
(0.5085249280695673, -0.0008097980192543381)
(0.2977573319741477, -0.0002772084466380291)
(0.3695901821127285, -0.034870820885048594)
(0.8454514556670535, -0.0004102205961763458)
(0.0890207864851244, -0.00010884447859584139)
(0.6750892143086159, -0.001145752901103127)
(0.6166964063708333, -0.0009649739485328676)
(0.18955599604821766, -0.0005465820280391838)
(0.19000410067493076, -0.24628073988614618)
(0.5669722901851602, -0.0010097602238473182)
(0.5187121006278603, -0.00021883526469462534)
(0.3472898407664158, -0.00010095661748649516)
(0.744776937498014, -0.5820555073322036)
(0.5348299014877335, -0.0022573332581522416)
(0.8480556022516178, -0.0007602371174568645)
(0.30667918981256337, -0.0002750903020453486)
(0.12662008615111162, -0.0002789309357270531)
(0.503430451380746, -0.002816909400337819)
(0.367307743354023, -0.08103853260389482)
(0.008126011199427428, -0.018465314406789998)
(0.7028688057990142, -0.004010570763008291)
(0.4956288405668816, -0.00021011235483887848)
(0.9403205869224343, -0.4193123318092223)
(0.068585116442844, -0.013298946285283083)
(0.7221872447768928, -0.0012593508914228177)
(0.050077596497841666, -0.0009670720317948076)
(0.8480005166866849, -0.004311890177892466)
(0.742212585285829, -0.0013681111145447825)
(0.49704869418604636, -0.0001968826324844361)
(0.11076628623597216, -0.005389404431315429)
(0.2584900528153972, -0.0068045120319595856)
(0.13665027012878458, -0.003607731146919645)
(0.9682302689215697, -0.00100882557258692)
(0.03327151531118047, -0.0003451685794220823)
(0.43150811098888103, -0.004106153473292446)
(0.34486772061519066, -9.868687770890948e-05)
(0.12405277216315662, -0.0003641474864981489)
(0.15525043263563945, -0.00015338130747725686)
(0.3261281316066123, -0.0005245200000238175)
(0.20214555024730033, -0.00097751289978875)
(0.5927776268579523, -0.0008171694276631042)
(0.5120850292205238, -0.026206008442480676)
(0.8968193884245246, -0.00035331040839221763)
(0.3065083417817829, -0.0016948901048864668)
(0.8549162426998216, -8.12853581386465e-05)
(0.17843873576374855, -0.005298005965650576)
(0.9993960998221454, -0.0002300788899568901)
(0.8972289563576097, -0.0002986673520170863)
(0.6928637308467979, -0.0007409235955498875)
(0.1398994479616708, -0.0003857360019792703)
(0.6999940718178966, -0.0012239127913634207)
(0.3805418394632827, -0.005747408971253111)
(0.11884983260383669, -0.002324306211105282)
(0.7276584714344637, -0.00022482805153520717)
(0.0033478631451206117, -0.0017629868540422358)
(0.09117306639476244, -0.0009807370561713048)
(0.6184019385193803, -0.00012416037282954792)
(0.8657586193094923, -0.0004952162444540859)
(0.47878650343057294, -0.0015882120210816133)
(0.3769120080828317, -0.0008356299158131173)
(0.795014590843754, -0.0002719638592697923)
(0.18463207164634077, -0.00010212457898642613)
(0.5216469327902351, -0.003827878971717059)
(0.39042761903143297, -0.00044955761148541727)
(0.43918319039802217, -0.00033993834488372257)
(0.5901901847112133, -0.00015147156548564426)
(0.7189560380660228, -0.0018056514368158462)
(0.2204409327473727, -9.741554372729924e-05)
(0.5324457913169257, -0.0003973311051986917)
(0.9541140219377645, -0.00016814731965284226)
(0.23017607807868817, -0.00014541968453738463)
(0.5864623197291282, -0.00031559643361161533)
(0.7977367889889684, -0.0038429620918072924)
(0.009969112541212171, -0.0003024212840738473)
(0.7031428571428572, -41.869414562861216)
(0.7207028262182444, -0.00032023302094863547)
(0.6323736124117343, -0.0004590060331172487)
(0.4183034722303437, -0.21422654135043656)
(0.0978968956190593, -9.572894965074964e-05)
(0.28015342342241967, -0.0012559701172724918)
(0.3676829401084546, -0.00014997146052683505)
(0.96937022735717, -0.00017505059924776615)
(0.021345553285569942, -0.005419720334526712)
(0.16280888647800937, -0.09838108237824074)
(0.04050861358561264, -0.0006153890895333127)
(0.15938081720789937, -0.00033666055337815414)
(0.2948715589989817, -0.00020994462319927365)
(0.7964540597235379, -0.0001371978798278312)
(0.9172578984688202, -0.0018896862112476314)
(0.37388546227160246, -0.0028960343225134335)
(0.7661077643303913, -0.0014182879444198553)
(0.4101435259002934, -0.004221299456825112)
(0.51072541754891, -0.0004882207211427693)
(0.8859877057403908, -0.0011837611258704698)
(0.2166962331919019, -0.0001012961177752799)
(0.42930786784234104, -0.0015380259332988173)
(0.4004335163586671, -0.0006874142905834781)
(0.90060640429523, -0.00019959031578471148)
(0.0931318094981029, -0.00013738121996792937)
(0.189847531038714, -0.007403526772805033)
(0.6817546325058137, -0.004751599862325514)
(0.30754361134450187, -0.014581521638806468)
(0.48788848263254114, -33.48787727833964)
(0.5490499628592643, -0.0005644211355398218)
(0.9604301230189516, -0.016241045214453534)
(0.5786031042128603, -16.246446892462775)
(0.33858871214690295, -0.00020259047778954688)
(0.07000243586656445, -0.0016752350033935484)
(0.11762310704705481, -0.00833254965710743)
(0.7970937802256616, -0.0012815501334521595)
(0.40710228605289356, -0.00022688707468109743)
(0.6814125393947587, -0.0005573896726910281)
(0.2622732441989025, -0.008274784098212055)
(0.7463931037770698, -0.000368095469015406)
(0.12599595451027007, -0.0002881872217684791)
(0.6589965622008717, -0.00037085570883087053)
(0.6792888880156176, -0.0009662296608599168)
(0.863596992912124, -0.00019196247903377334)
(0.180267200962576, -0.006546013112936609)
(0.43069407946886246, -0.008800025399699159)
(0.24606157415499574, -0.025014022689008635)
(0.40241002647656493, -0.006223060811593016)
(0.8021639468371468, -1.5408705308926465)
(0.464289256283054, -0.002133519199917792)
(0.11939354175891644, -0.0007256011498334034)
(0.18487248876763476, -0.0027167042649064834)
(0.27718428298885606, -0.0009862378174759318)
(0.909515599816976, -8.37126715468337e-05)
(0.6729841748304446, -5.521588205350951)
(0.1414603265790093, -0.0003298706963748788)
(0.4800642315972645, -0.00022027154718603462)
(0.6088270094857714, -0.0365808664428393)
(0.6902064370520229, -0.0025960606533071777)
(0.021043562759824094, -0.00032327207884647583)
(0.6286965662020783, -0.004342713343128914)
(0.6694571445279984, -0.0001841230614182237)
(0.9274567469276467, -0.014860113614609207)
(0.24382764096500176, -0.00019737611234838838)
(0.5918994417000515, -0.00012565414550694918)
(0.6237238732986324, -0.014805428915369517)
(0.14040406807419473, -0.00016534794497338225)
(0.9211044109715226, -0.002572584264394652)
(0.9872655232488494, -0.0013989774645823945)
(0.034016272701108755, -0.0004374155564393928)
(0.3410673755949886, -0.0010158318719809642)
(0.1873256240132061, -0.00027389635927486624)
(0.38562937604972847, -0.00015716174319678944)
(0.98214856399125, -0.00010668432251797174)
(0.5704619547257166, -0.005392848278099553)
(0.04117158769961412, -0.00010804712768475946)
(0.3735166264091995, -0.0011330856175624814)
(0.9665897965541027, -0.002717240444607056)
(0.513746423068457, -1.612843396104053)
(0.6191495666857977, -0.001226955947006335)
(0.24688348085476677, -0.0001681702235930547)
(0.6655610769751374, -0.0002479011514386071)
(0.30393498791294743, -0.0014075814588468147)
(0.8877701052334808, -0.0005815774813559406)
(0.9094587933894307, -8.019049257529804e-05)
(0.06426120342465169, -0.0014217278697486603)
(0.33588293273889025, -0.00012462076978750052)
(0.37775998232365215, -0.0032058715001709493)
(0.06927429566053865, -0.0007205092985128909)
(0.027338783066812932, -0.0007306661277743401)
(0.16447012231914487, -0.00016340860106723744)
(0.7705103980368315, -0.0013488770872243482)
(0.5146652925803462, -0.00047809019143506645)
(0.11198656215677093, -0.00022836167701164578)
(0.7645286591883577, -0.0010820718102711182)
(0.553546219080433, -0.001225326940729571)
(0.7084882044871829, -0.0008773551156293772)
(0.19493607535574164, -0.007146774397545695)
(0.5471082646414698, -0.0002902640362535021)
(0.31092036537949536, -0.011502326397175185)
(0.5798153010574779, -0.13177374916374204)
(0.720363364195397, -0.00017070957563909556)
(0.4217997105586119, -0.018314160253800383)
(0.40886191699761637, -0.035469294522825906)
(0.24341607639833251, -0.00509671001959534)
(0.20273598952537672, -0.006594472624265292)
(0.42594235236074174, -0.001035873519902086)
(0.3285345940051952, -0.012216269717033594)
(0.6800587456306062, -0.0002117648550892744)
(0.769668434644886, -0.0027576679836492485)
(0.3303155096139037, -0.003259672048317053)
(0.4325265461388861, -0.004120615557347562)
(0.24725097863600332, -0.00010127587406528462)
(0.21225550616071115, -0.00577516722465154)
(0.1602251560401695, -0.00023532049741379444)
(0.5666133221359446, -0.000270221193979252)
(0.5626630755898009, -0.00025792139788782825)
(0.5275292681978534, -0.0002513945873698002)
(0.04515059882918178, -0.0006568526132472601)
(0.2943079169035629, -0.0003261608509994544)
(0.5070054534013074, -0.004030449467476909)
(0.5765658577336406, -0.0006120337655829672)
(0.010111631257883655, -0.001644898015795173)
(0.9111771775841725, -0.0027281437522598652)
(0.6323793658489485, -0.003763216213141928)
(0.10043646794190862, -0.0007293741628343568)
(0.4676330992740401, -0.00026274734844605345)
(0.9860891227681877, -0.005962197765299611)
(0.12197477793189178, -0.0005058959510635588)
(0.09270155983275126, -0.00011511732914856481)
(0.9824144373152841, -0.02244046230188724)
(0.11836077216989865, -0.0014281812293129301)
(0.35534597078830477, -9.599882351730576e-05)
(0.7014964618174465, -0.0002879990937546629)
(0.4885855867027193, -0.0012415684169555065)
(0.7311894832975705, -8.834618590923412e-05)
(0.524965352408366, -0.00027608153653228254)
(0.5248250434628872, -0.05397609945266753)
(0.5142112368155991, -0.003929789504664868)
(0.928084679031206, -0.00021587169741811663)
(0.4385741747332932, -0.0008893663792705643)
(0.6521679084393326, -0.5189344987464738)
(0.27325217960460807, -0.00035121989142192244)
(0.6244110830088658, -0.00046505615733572706)
(0.6053135006840865, -0.0008932535308588818)
(0.40635328689182165, -0.000737826921484422)
(0.36101588005645924, -0.006578961707299755)
(0.9591859569908738, -0.00014173400134478645)
(0.6219205749744395, -0.0011251069726084292)
(0.014101911722383653, -0.02125693817045102)
(0.8437709994474535, -0.00014288199645137004)
(0.27578221185182505, -0.008291329696214052)
(0.009589974442925846, -0.000957756000592486)
(0.24287381810068132, -0.00018469045395431543)
(0.3925460440478843, -0.0008079961790060809)
(0.940838163410081, -0.005783106650826029)
(0.9767050044344521, -0.20695467675106377)
(0.28875494506624644, -0.00014463425037275013)
(0.811602103459763, -0.03486959286394476)
(0.9661810073089343, -0.000894507709776111)
(0.08418359049918067, -0.0003037350244176035)
(0.3772566387838066, -0.002505090612400681)
(0.152473076707071, -0.0025091699285449617)
(0.01673178608234656, -0.0008674686541358954)
(0.3929028010568279, -0.0014228578310523103)
(0.8067056507046018, -0.00025806326502227306)
(0.9982263750258111, -8.877096347028243e-05)
(0.6253610174279708, -0.00012996906866748128)
(0.9422792907145305, -0.00011190791296725137)
(0.8099429873889088, -0.0003831533288974504)
(0.2900624094380771, -0.00019214773070339248)
(0.0876197044047167, -0.010920647893477778)
(0.2841666244166257, -0.0001008324034929919)
(0.4005199884711794, -0.0001297849182975438)
(0.0542424244433421, -8.769152994935298e-05)
(0.050625518818289666, -0.0006042933130778639)
(0.3000300838966177, -0.02950858759730232)
(0.486877351898284, -0.002522951630926333)
(0.23164128168025536, -0.0007032083302126796)
(0.2229147174050588, -0.011560899085182737)
(0.9974982622088348, -0.09986707667408186)
(0.8135880260051648, -0.030756663103580377)
(0.4758288373296137, -0.025474583811677227)
(0.7129549108960946, -0.012862046139709713)
(0.05733382846571911, -0.000315781469853657)
(0.23755367835981858, -0.0183382334795308)
(0.41052913772861116, -0.003418836691568121)
(0.7811873001516009, -0.007677644294788687)
(0.4856951109549928, -0.00020608701645260505)
(0.981213664176148, -9.314079026688238e-05)
(0.8204605266406355, -0.0004674284911966501)
(0.49436797105753216, -0.0006770244812833538)
(0.02393512780954516, -0.0008665224393926901)
(0.7799698143286818, -0.00036431013298959916)
(0.863794358313632, -0.004651830511775308)
(0.26213916541771265, -0.004488850786976255)
(0.24823768369804614, -0.0037748857168252406)
(0.1339734981540012, -8.625159212619211e-05)
(0.16381397648147758, -0.07706783714265428)
(0.5158995230248908, -0.0007419406683505028)
(0.4026358114301731, -0.0039662661155077245)
(0.2240083186527824, -0.003071867570879899)
(0.38465675188432286, -0.000543493228523813)
(0.8907849041655573, -0.00023084682426322318)
(0.8793139775320644, -0.0030564382880538974)
(0.04621693533156322, -0.20350248154435227)
(0.17911871002517832, -0.005556451905316321)
(0.21085119518772882, -0.0016173226286185316)
(0.3358779866701481, -0.0042609629038518355)
(0.3353332876480819, -0.00018083766734849457)
(0.11488914105355749, -0.0004121310783132451)
(0.6818676888724334, -0.010474341522845543)
(0.22583371328990173, -0.05123922402496183)
(0.6500767197088371, -0.018669432963385288)
(0.16794519676483485, -0.00019017910551487826)
(0.8837901491888874, -0.0003259049849800152)
(0.23963192420970972, -0.0009215632462396727)
(0.1543864099026947, -0.0006086428491803682)
(0.1279227698962146, -0.00014002300383332176)
(0.45976876651409926, -0.2644835887213471)
(0.5873147051311393, -0.0013817529810528297)
(0.9178112291066433, -0.19052732774358797)
(0.5770260138826335, -0.0001597491889365541)
(0.6066585587528779, -0.00019877055410132038)
(0.06235971846560767, -0.10949278304369031)
(0.6797211314452072, -0.00385345711225978)
(0.5539226819519525, -0.007469158662144057)
(0.6562895017982238, -0.14938606658934261)
(0.7473347486002344, -0.0851851265427732)
(0.05555594694910045, -0.003464454265349399)
(0.9664427598738814, -0.0006184673787606956)
(0.3533460528690039, -0.001144703147675092)
(0.29935709466521015, -0.0006036795242653529)
(0.9040175873043286, -0.011297981220010472)
(0.44394110034508566, -0.0009133411118255924)
(0.24075536913735104, -0.008873154529408595)
(0.3691269348376519, -0.0007921339417035225)
(0.09092114192696288, -0.0028479561549132225)
(0.01797653405758712, -0.0008177528399682567)
(0.6868380052026486, -0.004835181854146817)
(0.3120455922447743, -2.7745938914346833)
(0.3737480460966845, -0.00014720845921611218)
(0.7009178413723856, -0.0018511259703627516)
(0.42727263277443384, -0.0006605752238937727)
(0.43254323539437073, -0.00036604640270361874)
(0.1945994335017427, -0.18399008498731184)
(0.36935364868795817, -0.0010412303790574536)
(0.438345746992418, -0.002635484273162574)
(0.8927331001228623, -0.00026903398002583583)
(0.641532385379722, -0.00015279612314182607)
(0.6004503725832747, -0.00038545596905244456)
(0.8223830283244085, -0.00014223257127808116)
(0.42808940877887647, -0.0024636951214306937)
(0.08397542131368514, -0.00016465499220963439)
(0.3932097468463423, -0.013480727654861892)
(0.7742993622878112, -0.00020789558622244343)
(0.5949943688079048, -0.001283616704686915)
(0.4351815400325976, -0.0029338137218758603)
(0.21007483615937686, -0.00018060667180839454)
(0.2806222955101318, -0.4054464717682086)
(0.7689447370275858, -0.01127590358304083)
(0.5295993390008324, -0.0047538657541707965)
(0.3458296196195869, -0.0003551220164160055)
(0.9095259398474221, -0.0006663951374289477)
(0.928434503568289, -0.00012470978112086534)
(0.4298986741806107, -0.00032017710355423305)
(0.11574902982510021, -0.00836553649730122)
(0.0585323538215536, -0.00035706272059281063)
(0.5594177286677746, -0.0003250618456193935)
(0.810876057225336, -0.0011413358323885288)
(0.0467987339205695, -0.0011688275873649062)
(0.9531116000669392, -0.0002705612253839555)
(0.6376437992457128, -0.0007671513665123627)
(0.7811635052105923, -0.0004173953686590271)
(0.4735126210568369, -0.0015101236113409446)
(0.8047719618299186, -0.1028227273154745)
(0.2802937561160943, -0.0005685462426818672)
(0.291584304056071, -0.006321400142956109)
(0.15179902494980074, -8.372490629576188e-05)
(0.4258900046626487, -0.03163325482454933)
(0.10851551957445739, -0.00026749405844395336)
(0.5038542357497743, -0.00023035545764346779)
(0.15359903442598408, -0.0012493648519498722)
(0.45076672666768136, -0.0034591608880600463)
(0.39759637397352937, -0.0002911685454216849)
(0.6101318557439422, -0.0006603906943461125)
(0.19597848309687496, -0.0008331176824104635)
(0.4067847313511437, -0.002061910652403509)
(0.6153783743184418, -0.0007975847122516333)
(0.6478726667561973, -0.0021674142320848677)
(0.28620934845552126, -0.01172099810999426)
(0.7348662821185108, -0.7684475667017002)
(0.6351118866735129, -0.00024275236117722644)
(0.3545691975144688, -0.0005337714207985496)
(0.7239799722200221, -0.002304769202946117)
(0.6953317692038437, -0.00022944098025047736)
(0.3258854423785899, -0.00014345256273950167)
(0.7672935022332692, -0.007409324365033295)
(0.09046056995273223, -0.0007528987816048214)
(0.2517069291983655, -0.0004947505203385509)
(0.7837546202068697, -0.002246416658486091)
(0.26816366625432625, -0.00028810672625421263)
(0.8215459521754541, -0.018341088689532728)
(0.4831696529774385, -0.004222229158702896)
(0.2751210827144808, -0.0008814833101408615)
(0.630250021104764, -0.02061836268818615)
(0.7788176868476672, -0.14919200419652778)
(0.11906073074788233, -0.0017682620721820382)
(0.5749286835723721, -0.0013544303154738176)
(0.9635705282233579, -0.002339355730236789)
(0.8549413229858626, -0.000563478392311605)
(0.9297866772573985, -0.0054149508078591485)
(0.042372900344284176, -0.0025257529048161287)
(0.7051828279261482, -0.0007666568941941783)
(0.379094443032221, -0.0006945195547062626)
(0.8024381149769838, -0.0009297247258782989)
(0.5629426037252417, -0.005131060736684694)
(0.41989674127142446, -0.000686895410247425)
(0.5281137651193393, -0.00029664797728253884)
(0.6401239234161789, -0.0004694410865414939)
(0.9369380489510888, -0.0006347001551731986)
(0.23353263846071584, -0.0008862045498521944)
(0.0076801818835338445, -0.00023312752584071967)
(0.04732584933974819, -0.0009439739061467802)
(0.3946203338394365, -0.0002468519779581057)
(0.748475499456989, -0.0004144501758281321)
(0.5498017679716242, -0.0012384786029452836)
(0.0898319054447559, -0.0005420972424371715)
(0.9593775332355269, -0.00010952692151750211)
(0.6625301121629902, -0.00042300910438477384)
(0.9791362762012137, -0.00511701473247408)
(0.7900867226854302, -0.0008382139943089438)
(0.22400973670211094, -0.0004209469236719106)
(0.8978299993119349, -0.00021915993511455292)
(0.11041918155138976, -0.00017380686524338162)
(0.7872966524419726, -0.055010432390414636)
(0.4020003800979827, -0.0001247126942313136)
(0.6117482088593049, -0.0005244284134202523)
(0.14223817163653973, -0.0003054470763254941)
(0.11327574092999489, -0.046800891341982065)
(0.3448402083443976, -0.0012675364028364273)
(0.5986506498216515, -0.002261188366961945)
(0.4053592913058459, -0.00260814211917005)
(0.7853043077336425, -0.00046403635203541685)
(0.6692694971149563, -0.0001389969378701646)
(0.7911318650124142, -0.00020497868193301158)
(0.6284675136857956, -0.0015064650140981708)
(0.9538451237253484, -0.0005277363133944048)
(0.487560103355323, -0.00040019642648231703)
(0.860128366693965, -0.00013234579412742421)
(0.33559511670376296, -0.00032526522603252677)
(0.8142960887095491, -0.019441159633729006)
(0.37779801232493737, -0.0008025173442992408)
(0.8311546887414544, -0.0006928549220417943)
(0.5422183493532711, -0.00020435978780224367)
(0.8183037522779089, -0.0021123298504570668)
(0.3425199879971854, -0.0005096568923186099)
(0.5879640602239306, -0.0003023952235682393)
(0.6200635449365813, -0.000538813930250328)
(0.024643164712605435, -0.000318756566788171)
(0.1759480937441354, -0.0006764393816259824)
(0.32335209951582305, -0.17288674101961982)
(0.6385133589306762, -0.0003308316284281579)
(0.4579548467679055, -0.0030366291867197632)
(0.3248648220851985, -0.0016639538463653803)
(0.07411911743200267, -0.0004785657573469476)
(0.30506647393619885, -0.0005327421864683936)
(0.09739578510625288, -0.002483398659547817)
(0.44232031371964925, -0.0003325614638323163)
(0.5872590727678302, -0.0003382290115260565)
(0.34326755167894596, -0.0010283268733803984)
(0.42598118755835834, -0.007401126246005283)
(0.9354881636914358, -0.0005059575106240452)
(0.8309961795543809, -0.004907087044158549)
(0.3477061859734095, -0.0006717243347707577)
(0.6500255429094295, -0.0033582750082182407)
(0.637690430868865, -0.002608528755504683)
(0.663635424925406, -0.0002705675736274693)
(0.6351022814234932, -0.00010001047322791851)
(0.7750031100124661, -0.0002176562416258681)
(0.8983044644906917, -0.03858091006622236)
(0.1027543858761488, -0.003943812832091856)
(0.04695700044485713, -0.0008658380268286349)
(0.4138558757672741, -0.00011690891441641554)
(0.6790189316159656, -0.00032740822099458456)
(0.24319734818262922, -0.0017806973447804194)
(0.421135024486011, -0.0007578946683644784)
(0.09138332225143708, -0.0008239618007554422)
(0.6875872159777571, -0.0006996708136121278)
(0.5651062756052105, -0.007157734005420028)
(0.7651227051331535, -0.00014167049026532214)
(0.5951895316180018, -0.00019362065345780713)
(0.7669543849347953, -0.0013148707593491696)
(0.9100373880893784, -0.014241424798940304)
(0.7968626025059019, -0.00022960518413124242)
(0.516504347388167, -0.0005105160387922444)
(0.5744201255111276, -0.0004018528112008307)
(0.5822722983839809, -0.00033110960146543497)
(0.42350032694080125, -0.00029416632779540855)
(0.5112192026309219, -0.0001072856416890142)
(0.05525892208604187, -0.021052892203147017)
(0.9594727775402135, -0.00018733204911666913)
(0.5751590425660001, -0.0011762676365957975)
(0.4315535326463657, -1.6928856218522046)
(0.3630275726925997, -0.0014811306798106793)
(0.4963548939321393, -0.0001524178316664364)
(0.33403732809430253, -7.197590912083213)
(0.12589344266360303, -0.0029306053462015177)
(0.7608895702800904, -0.00013945250720663393)
(0.11520604106804962, -1.2837528117774042)
(0.18222608713908803, -0.0003418541281542587)
(0.766959811596234, -0.005068669191219883)
(0.670622547893937, -0.008949909303834828)
(0.10710292642501913, -0.003853335520633001)
(0.08945113138831745, -0.00010299474327919225)
(0.3391025704159811, -0.00011017491126904118)
(0.4492861969164552, -0.00012040833013805024)
(0.3244036634065098, -0.0002982702711479322)
(0.3222130322209436, -0.5269812678726059)
(0.04829378681991121, -0.0001601947158168799)
(0.7725790759780594, -0.028674718340260388)
(0.35125167554101133, -0.00014130708540383732)
(0.16018600769972718, -0.000272315065929235)
(0.3684990991282483, -0.00012718588502392688)
(0.49147996663389454, -0.0004484262019046397)
(0.4818483981296807, -0.0002631352556175808)
(0.8101560257537324, -0.0002316345904320949)
(0.2577306954873748, -0.0008537555162950427)
(0.603972600939588, -0.0004356837194034953)
(0.4485416315654278, -0.0002529756948146624)
(0.2658696318126582, -0.0002724805033843618)
(0.6289423715964866, -0.0007268781702812903)
(0.5619583657058514, -0.00042464248908514665)
(0.7002242238143616, -0.004860856746398091)
(0.14647486715717156, -0.005933306947101518)
(0.3539606417420496, -0.012162548849238411)
(0.547795090157611, -0.008801989553750052)
(0.7511252052417347, -0.0002830351428740785)
(0.14122627924535247, -0.0037455048194228206)
(0.912451378785274, -0.0002013085951445573)
(0.8433835987575242, -0.0006725424491764951)
(0.20254342226220412, -8.316970029238791e-05)
(0.7773104120829704, -0.00699574778283153)
(0.37299413140942894, -0.00012821874764386325)
(0.4041355989455747, -0.000991439336405914)
(0.16654283344783335, -9.312414740917751e-05)
(0.019349899643664153, -0.009439354045945826)
(0.18425956596516732, -0.013105085301174288)
(0.9910865515820249, -0.00037612074608023863)
(0.7601692610592735, -0.003163890433619449)
(0.8321871436561157, -0.0003792416890601629)
(0.13944151199811938, -0.0003743127511324233)
(0.3574003823752892, -0.0005665992887068536)
(0.8344346855483846, -0.0052072552074351255)
(0.2774005670649097, -0.00039007193738343994)
(0.32975013543249043, -0.0004270030939122911)
(0.2791153245485522, -0.00017818231581308929)
(0.44292238435969283, -0.008613449016157166)
(0.2576333801808133, -0.0247542113694128)
(0.6981603328890478, -0.04763920255193727)
(0.9013392526957541, -0.003272505446399125)
(0.7093701029994005, -0.00028182751282326715)
(0.5043169209431345, -2.540619815707598)
(0.4550133244503664, -2.44075534593628)
(0.0576581310904593, -0.0026571612111525237)
(0.4357573172269483, -0.0003386365927178816)
(0.9371457769169873, -0.0008210899467153626)
(0.07028640162849241, -0.0002481161667030987)
(0.6332397043031622, -0.0008220074514872473)
(0.8599684126518455, -0.009108428201249958)
(0.5172501437297783, -0.0018022234834364098)
(0.446444442114276, -0.013246671944198252)
(0.4792210245478475, -0.011099532257376582)
(0.7020355276021502, -0.0004298804252742301)
(0.9486370311789105, -0.01569516047105678)
(0.1713725588772524, -0.000879992647519529)
(0.7068737811735987, -0.00011578887432981742)
(0.7325583588000207, -0.00013533800466253607)
(0.018466763566352427, -0.015843460911314108)
(0.07173502351997514, -0.0031425505246931696)
(0.6581555268734004, -0.00010153123884394057)
(0.6337896934491496, -0.0009955858875071626)
(0.5408017869187968, -0.00027248010212010585)
(0.8053186688042362, -0.0004899282455458289)
(0.5305646175667366, -0.00018818505766200007)
(0.07589066029232569, -0.0004162029214221477)
(0.9260533531439159, -0.007190640430566831)
(0.7235348379741101, -0.0005346904317487365)
(0.6725387165007994, -0.0004197400370633651)
(0.3736392834107752, -0.4822331908557681)
(0.29677975986292016, -0.007552365118218069)
(0.6903115525805715, -0.00021341291444154986)
(0.23824197707116723, -0.00040258971061534946)
(0.5180778071333649, -0.00011179713484835128)
(0.46149685759453446, -0.00024422753654057056)
(0.2746801455425976, -0.006351017718610518)
(0.24951580244739854, -3.2252608277580386)
(0.626629365384511, -0.0004768883018941627)
(0.2958271158784695, -0.0003511639697829998)
(0.7579288069399432, -0.0002767892192207506)
(0.75568827488979, -0.0007283567198198357)
(0.3200427186149359, -0.001671591961029835)
(0.029047261350762264, -0.00018394600013776246)
(0.41300377122980914, -0.00021552688630970408)
(0.6388401784134711, -0.01964035197123488)
(0.17244139666916192, -0.0001938416678351707)
(0.26078364548331273, -0.002145105752579612)
(0.7445415546312701, -0.0003108007463453996)
(0.6250575661144188, -0.0014862417693439613)
(0.7454902596458527, -0.0013834689362062621)
(0.31657284710470857, -0.0003363236147283107)
(0.8359189615412711, -0.0006160622367642456)
(0.6486652561468383, -0.0005696062063220235)
(0.04285018121427143, -0.0011244304565968474)
(0.31857672695606154, -0.00012628258867104414)
(0.45625114693961044, -0.008382838658375498)
(0.8409380672041021, -0.00021970465322208548)
(0.2987279303151012, -0.006411888881937435)
(0.43048618133602307, -0.00018058374187602004)
(0.18006276769493487, -0.0006032231165411094)
(0.09726022649321411, -0.00022984758330063643)
(0.555717251565998, -0.0019378169646153103)
(0.09648725192815732, -0.00046625171387170577)
(0.36089982635574575, -0.00020196150224635853)
(0.20744988382782137, -0.0003119393330574503)
(0.5674918688166259, -0.0004847869770023801)
(0.5695029772703926, -0.0006073071921793001)
(0.17336642156977577, -0.017164468107811193)
(0.08252795876819947, -0.00892258193217892)
(0.5189649805295419, -0.0003708882822001745)
(0.389100630092133, -0.0006155375750526319)
(0.19077753991354895, -0.010287117464386415)
(0.6544782210104139, -0.00024778449038235134)
(0.3130760349106501, -0.0020390558998132444)
(0.5669336518423836, -0.00013834679174549658)
(0.7219354930277226, -0.00033024447679379134)
(0.09050679844900972, -0.0016046787145090986)
(0.9751184691034578, -0.0006978519553605382)
(0.6445696887354725, -0.00021662794677037626)
(0.3489088168235137, -0.021522720298688076)
(0.4621744665098576, -0.0002152142991487223)
(0.08808574319532873, -0.00023251776284744448)
(0.5591330094677494, -0.05196374276444602)
(0.14047516424526893, -0.0006376701247789836)
(0.4930641272091529, -0.00042501743357174)
(0.4942712455840348, -0.002173760755404688)
(0.818030186787199, -0.00037698305188408455)
(0.012247991546571692, -9.672560274910187e-05)
(0.5537257306450235, -0.00011357833733753437)
(0.8165909660204606, -0.002753341407121414)
(0.3421500851549875, -0.009975110440778432)
(0.597170212638035, -0.00032875662720443377)
(0.46923226957424785, -0.01270329729226134)
(0.20242174517476982, -0.0003431168644260935)
(0.25948496490712825, -0.21958210858413935)
(0.013326509918749849, -0.001004813400638711)
(0.5612577315636681, -0.010028821912268684)
(0.41915058437947394, -0.0003008621931780985)
(0.6716324053660104, -0.0011858923807747702)
(0.264102952841581, -9.128495717688889e-05)
(0.2502019203720397, -0.02107550368921956)
(0.3488518464775448, -0.2658037999165897)
(0.7018682997949663, -0.00017685496530291583)
(0.8928678614234201, -0.011734378150538953)
(0.7184301854387596, -0.00029976330951751685)
(0.3495732467920755, -0.02244550801276771)
(0.6308393644325357, -0.00644164433353376)
(0.866278670682752, -0.0028642039524283216)
(0.8318026468521721, -0.0011745749242522174)
(0.9117837800374261, -0.36273366808090735)
(0.2534085934751628, -0.00035143417838980274)
(0.5106496192544979, -0.007396019280036411)
(0.8587948423497428, -0.0009216600632045456)
(0.02308498028726088, -0.02322156722139343)
(0.17548229131099127, -0.006646765972600592)
(0.371728758346719, -0.003924449599127561)
(0.5585864412377904, -0.01748649113665085)
(0.7180243061096526, -0.00020237214790071593)
(0.1606627192057018, -0.00035465848496299174)
(0.1995578933497411, -0.0015105317522348825)
(0.5429667648573974, -0.0012613070879728592)
(0.9641072227876327, -0.0010854934665484246)
(0.10996677808323882, -0.007830595314712323)
(0.6683996370144036, -0.0006780252641636423)
(0.6526283656712586, -0.0006161776542994174)
(0.46499703932494457, -0.000492581811404778)
(0.7981500033463282, -0.07662200240622659)
(0.8287634928968747, -0.00012214418042978223)
(0.602312176058776, -0.0011709960816771317)
(0.8128333410561207, -0.00031303338866856613)
(0.7385878262142176, -0.00022661239259674082)
(0.10768213045593632, -0.0005889892173093582)
(0.16388167645898422, -0.019532601349155777)
(0.7657820345901745, -0.00010201032800011716)
(0.23127180975873896, -0.27552296599560466)
(0.9624307524258175, -0.002968695639059222)
(0.585101040470873, -0.0007603079261361987)
(0.8270325247757088, -0.0006100334323976521)
(0.23610701541330545, -8.847948083576555e-05)
(0.867086804783159, -0.0014657601851979232)
(0.4880457429163399, -0.00040580956217063456)
(0.6650203981781723, -0.002823684819649179)
(0.8355100505321751, -0.00017801316499529215)
(0.028844827859433625, -0.00016046767183780852)
(0.8843115960568361, -0.0646414535829604)
(0.6732860872693234, -0.0004480866259862133)
(0.20427238094169398, -0.10277542119962622)
(0.6979475251907141, -0.004430534790819546)
(0.2247315089031983, -0.021936595469723832)
(0.3128976369265781, -0.0010268857505325154)
(0.14750359826157097, -0.0008400775378705693)
(0.18645309338540283, -0.004870644708613889)
(0.02756533616987085, -0.000550222262076145)
(0.7262063195324117, -0.0017673662119625227)
(0.12258925079613386, -0.20468036059279043)
(0.13317132060033995, -0.0018971704968354921)
(0.09485547780520058, -0.00018972254661672145)
(0.45215697592169984, -0.0003156569142391225)
(0.24395257812617316, -0.0014105984206122094)
(0.10480429301351406, -0.04887436831134828)
(0.7216133896238799, -0.00037757159356845285)
(0.20787531640830645, -0.0010632287764105108)
(0.7781449175114182, -9.637193105511631e-05)
(0.4972946644739391, -0.000585369379534591)
(0.17481926968370096, -0.00030550577484768327)
(0.8075307418636583, -0.004582493381880004)
(0.1483124190699237, -0.0002612203894005878)
(0.28831158895836145, -0.0008129686637237554)
(0.2807979816841715, -0.0003906967704099739)
(0.021086992279928784, -9.235019428857843e-05)
(0.005431709616086738, -8.288672986083027e-05)
(0.05510723767664755, -0.032982675546950016)
(0.8775892047875239, -0.00020984908819273248)
(0.3986687372919977, -0.0003861223634123314)
(0.9501245828020882, -0.0006355207419489515)
(0.7732417852483708, -0.003868358891424006)
(0.006936668087171381, -0.00014966994649144087)
(0.9171763755806402, -0.0002959016188929606)
(0.39658240858185023, -0.00614259173126783)
(0.9129157227768536, -0.008819579081516826)
(0.8356125385465558, -0.00016968287787603702)
(0.3567139661797619, -0.0003118209741782498)
(0.07093956256287658, -8.886796315958367e-05)
(0.529821531088215, -0.00040915003143533003)
(0.1153481220612574, -0.0007641533853149543)
(0.1464251930498497, -0.0006683399440069478)
(0.3922610551020398, -0.00377444235681836)
(0.9901631807577765, -8.666526985260052e-05)
(0.35346401333377936, -0.0023566810251277903)
(0.9741966869270935, -0.000900606282344194)
(0.5946169812095451, -0.0003113043171758548)
(0.26266606126215236, -0.0007144671216692151)
(0.7981778242886816, -0.00047654069642589266)
(0.34826531126748494, -0.00020241326418213838)
(0.520614213854499, -0.00038899357896396896)
(0.37549021072071814, -0.0034197474882144124)
(0.758642914948553, -0.14118362072720939)
(0.8391329116028742, -0.0037485822481835383)
(0.6758579883664633, -0.00043618753391372903)
(0.1977857660573674, -0.0003108058510621678)
(0.2580622705927311, -0.0049020148959516684)
(0.16951657712894092, -0.0001391229629676544)
(0.03673628681175342, -0.00034904366336831476)
(0.21536903209764774, -0.02335725503906838)
(0.9712594623728682, -0.008854687377340471)
(0.8325659622373818, -0.0011898552693711362)
(0.6299197123866673, -0.00010856355339346316)
(0.32201015817495043, -0.0001233956779532695)
(0.2526252712009279, -0.0003164974458907266)
(0.6866822351875465, -0.006873790800526469)
(0.4478932224400703, -0.0009870719415734034)
(0.4277817626081935, -0.0017728846559598025)
(0.8298452849989851, -0.00012989127871286153)
(0.752226890995224, -0.0004432402324874763)
(0.2666303020472839, -0.011427402362947566)
(0.7831687766170299, -0.000538088752563303)
(0.14759579479887056, -0.00936994561078067)
(0.6344513852537369, -0.0009330258033169657)
(0.5286679416051583, -0.0035463893664964053)
(0.5789988538072262, -0.0001209523089631369)
(0.9134956247744588, -7.859106244117816e-05)
(0.3986612572551033, -0.0006787762734256902)
(0.6403355034483483, -0.0005010362528842485)
(0.2120644977001662, -0.0006648604894988469)
(0.18418051816170358, -0.0004593833570962335)
(0.6437542124133019, -0.000525249500926298)
(0.07771929144617323, -0.0005718422959932786)
(0.2595392171780127, -0.00039988484227928964)
(0.3904330131825744, -0.0001199329547281104)
(0.16100571422232168, -0.00176706972549852)
(0.5010998998346399, -0.00010998611891901498)
(0.6241705533683595, -0.0001443951857872545)
(0.16287866006188656, -0.0004057183950046308)
(0.5909263149889138, -0.00017146244548450475)
(0.7028947726428627, -0.00039571506240397065)
(0.3864082384229227, -0.004086234228970796)
(0.40256876254559654, -0.00010402314979282236)
(0.15914402266203015, -0.006040043311110877)
(0.6061228250652881, -0.0004891365114328075)
(0.6486582114277499, -0.06269678494846005)
(0.9786614429130753, -0.0005914201419212442)
(0.35532236594020855, -0.005441082328445774)
(0.5710018945951552, -0.0006647883920994056)
(0.07446532201298023, -0.0008527516005326771)
(0.2917150784472892, -0.004354176673980359)
(0.9258764384888534, -7.710121966602107e-05)
(0.292652933920332, -0.0005066626875166147)
(0.8350429307604382, -0.028199015338464927)
(0.2775585620310983, -0.020347716359880766)
(0.7891902727318235, -0.00013980327338490578)
(0.10486972865871212, -0.005144536698056611)
(0.05810212304158135, -0.0006513030348173094)
(0.017091540288209226, -7.69851011150489e-05)
(0.3466211570470927, -0.010838917941414384)
(0.045559433916794956, -0.0003167256042445093)
(0.6664395152730757, -0.0004985213766247859)
(0.38903268407648883, -0.0007187479018713271)
(0.9188515993512254, -0.00045444412211286726)
(0.08385575607339456, -0.06747124264019971)
(0.41725142635877727, -0.0004390414909103411)
(0.2996830592423069, -0.001189146186293423)
(0.18156468658959307, -0.0001438420896176775)
(0.5757383266994254, -0.0005956986842666172)
(0.049831643623007904, -0.016278332211033125)
(0.8921171694265885, -0.01339968279674243)
(0.7366952887884094, -0.00033016172743647156)
(0.07560393541422308, -0.00750186293552389)
(0.9056182372930316, -0.036745533396291684)
(0.8999396400351185, -4.020603351898986)
(0.6923252908863168, -0.0004754899286421715)
(0.8656798143458486, -0.06205818249075296)
(0.4190743560710087, -0.00026348044264012547)
(0.6854939201491078, -0.00017199421856845977)
(0.3977955989118962, -0.00012756070163729162)
(0.7341038315003282, -0.0009473004315296079)
(0.7300529673308326, -0.0008960511086034525)
(0.9632819430585562, -0.04829139780910757)
(0.7413687561214496, -8.970552826274133)
(0.1279658308761418, -0.015184879067423716)
(0.9471812069139147, -0.00011629395205856882)
(0.46895586875668943, -0.001150913777371658)
(0.3806337075302056, -0.006219668414822657)
(0.1782834222564041, -0.005666987649124324)
(0.34229753812696007, -0.011838621125705806)
(0.13720095019205827, -0.00022907752387248657)
(0.6685183169061248, -0.0004813030218140446)
(0.5643614893839745, -0.0012681981205257778)
(0.19213155114515337, -0.34558104499965625)
(0.08801228027301543, -0.0002154255446008252)
(0.7208985136330238, -0.0005772991955572724)
(0.5880644133539509, -0.00014334086792195769)
(0.40686511905092426, -0.0006183240093070541)
(0.15125003829942898, -0.00017931346152981944)
(0.468010465780677, -0.0029350827208388807)
(0.09789744124887208, -0.007066634648844143)
(0.6632814959906029, -0.0020474654660981285)
(0.7627147161197114, -0.01883575803852091)
(0.9668694223033534, -0.00027424223528711657)
(0.4738627743961363, -0.015227045174183149)
(0.3643794991730984, -0.0010191985697540382)
(0.1825304853258107, -0.0010247598000630972)
(0.025255654273333695, -0.0064619300140424975)
(0.06250813414832863, -0.0003341749648738292)
(0.8904496961978223, -0.001467449424483956)
(0.6063914776625002, -0.0014520527352461792)
(0.17045106202924193, -0.0003523253746251533)
(0.20070982340858678, -0.000878788994921754)
(0.9766222078457292, -0.00044948235107236906)
(0.9632616882871541, -0.00014855084379804083)
(0.3404597313267833, -0.00016358132239819562)
(0.686745847073945, -0.00028603820656838996)
(0.8798206095731554, -0.0015005652449097031)
(0.3617638054520563, -0.003017459130869312)
(0.12489995808781085, -0.00185669162017236)
(0.863742633680513, -0.025686667350861916)
(0.52138936090964, -0.000678889666528987)
(0.5380247107025677, -0.0003303875109317516)
(0.8465952948663543, -0.000570440088468728)
(0.8259631980759438, -0.0003740925985725743)
(0.6310653578216889, -0.0007441185199926627)
(0.7741170495893502, -0.0014757425892105817)
(0.5414279559962645, -0.011929532591374947)
(0.41529761391229214, -0.000965097110167392)
(0.1736938645908278, -0.004616171551864709)
(0.5937716782699949, -0.00010561294088498046)
(0.15193704503541758, -0.00011805185761258534)
(0.2607118102849556, -0.00851541593779108)
(0.05630472905817348, -0.0026763968426315138)
(0.9035243425297085, -0.0635370856645177)
(0.030112771907141275, -0.00022023470915989956)
(0.4604152898472759, -0.0003263016331097132)
(0.048059082426295294, -0.19760163181898555)
(0.27004985667126424, -0.00561389209844755)
(0.3755510153814827, -0.0016022108245914077)
(0.11135316304695002, -0.00035454892686828817)
(0.1349502866951917, -0.0013959993693838852)
(0.549650827387278, -1.1123648927433902)
(0.5805579786358958, -0.0006117707591005236)
(0.01803241931934056, -7.039984699953673e-05)
(0.09396566290980322, -0.00016355448887652566)
(0.8815517639336711, -0.0016767972477600805)
(0.5607527217005506, -0.32638791353369884)
(0.4141633775650528, -0.6542913889683275)
(0.31832827509383255, -0.0001230243083229897)
(0.9330911558666813, -0.002953987322219347)
(0.13607827501382835, -0.001321022705285483)
(0.51098680791924, -0.00017212110725547134)
(0.4046660864468152, -0.0030520889699553826)
(0.7854132431393699, -0.02897173009385557)
(0.10341621923775798, -0.0016132689610441617)
(0.7073304091736103, -0.0060376901405613135)
(0.9160189416621263, -0.0011696896287799973)
(0.5352041570211299, -1.8044494775404403)
(0.16964922087402357, -0.05264451298519856)
(0.5490802945869538, -0.006638378594410494)
(0.8954785427490245, -0.000595285752571361)
(0.7864019434496251, -0.00028970057687885295)
(0.6429237181288978, -0.0002747931093139671)
(0.6428298553699803, -0.0051597276043323596)
(0.638335122973282, -0.00029119410700890585)
(0.43457658140757727, -0.0010179060825853921)
(0.9018939171505647, -0.0004055310929875479)
(0.23176698154733116, -0.000225311436080673)
(0.8847387586778674, -0.00019156067007134378)
(0.960172966092065, -0.0010216017713496753)
(0.36767657788280333, -0.0020712229530925113)
(0.39305477011272677, -0.00024462417397520933)
(0.3416402940173425, -0.00029483868727264083)
(0.23477495021553274, -0.02929944876598786)
(0.32969178920267755, -0.00011782821763222989)
(0.09116536653530054, -0.00793083475956396)
(0.4550982091860694, -0.00026311662946781807)
(0.02331400133754704, -0.0002548445646929886)
(0.6403069240264841, -0.411129365306964)
(0.2490557731156531, -0.0019117923375853863)
(0.0044650229259053185, -0.0002959233666926412)
(0.8294359552847661, -0.0033422605435092763)
(0.10837694516258911, -0.0005168347432144648)
(0.8722627510865859, -0.009669146277236846)
(0.3371728685905873, -0.0005350267948685423)
(0.7139151037390034, -0.0001292658489538897)
(0.7208610418143637, -0.0002932818681918443)
(0.29396907157601115, -0.0008272280027603267)
(0.579639927818638, -0.0020129844770347773)
(0.5235503234808292, -0.00017247567451085505)
(0.0566311652385918, -0.00021685932134908205)
(0.34515655809681217, -0.0015606772023712427)
(0.11704448354297084, -9.718178483934512e-05)
(0.46257887971844663, -0.0001782317809715563)
(0.9382016749921518, -0.0029649591329871353)
(0.5911308620156134, -0.0038042472282568377)
(0.03799840021585937, -0.0004105153198913169)
(0.3772260449177433, -0.00012661897641187488)
(0.7892082630970899, -0.0017991480918047255)
(0.7678878230601545, -0.00046566209069722045)
(0.39960904148435317, -0.007391208631955598)
(0.2476438422250474, -8.778421404231355e-05)
(0.06758420500454104, -0.14341759474532412)
(0.8281963692842432, -0.0011490592548689304)
(0.10018842861312434, -0.001103041736816728)
(0.616514151798792, -0.10221026892603557)
(0.6009795610047376, -0.031340937140169105)
(0.9020129293787874, -0.00040353764523417933)
(0.024971513879542474, -0.0002909646093255806)
(0.8132757930098216, -0.00015219346577753447)
(0.8226470466378489, -0.10119111641509636)
(0.4715177144900171, -0.4093241315095981)
(0.7679933537753092, -0.004936328604582987)
(0.3541479671601814, -0.0005197472710448867)
(0.01764038525190647, -0.0009389169788959641)
(0.7677369613212317, -0.00014638160916039764)
(0.7913994546308538, -0.015933015161829187)
(0.8141379982787296, -0.004034033602487777)
(0.3721344118838818, -0.0003895232191726364)
(0.5891254898693715, -0.00011882937226644977)
(0.5824263148727513, -0.0059139128139574825)
(0.2824051960203758, -0.059929492441697)
(0.9673787905280413, -0.005776181569551497)
(0.5960137537508136, -0.001259464018609493)
(0.7237821825939872, -0.31139863273384016)
(0.10858848402997291, -0.0007652293818960078)
(0.08371773189757967, -8.152410340591556e-05)
(0.1074948749353915, -0.0007700626388203295)
(0.4218818783317337, -0.000563623977078136)
(0.2372125743479403, -0.0006885890978383279)
(0.7676423976279501, -0.013502454696649078)
(0.3449479163202828, -0.0004289586807417339)
(0.5233229191411469, -0.005985435555222485)
(0.2126546594232456, -0.00061048315769464)
(0.6067165249195462, -0.0006509639081231598)
(0.7275881451200817, -0.748814261471713)
(0.7874901553034306, -0.0015672687525161379)
(0.7835140269673336, -0.010391133194287604)
(0.669984462656834, -0.002103555171635883)
(0.029498200248466555, -0.0014380794813685046)
(0.3844121817526939, -0.0002587218290458035)
(0.6460340824385036, -0.01845182915088722)
(0.4655415208095027, -0.0009159711408146086)
(0.5913056601522786, -0.005178154429357044)
(0.9144881831655738, -8.83678811001686e-05)
(0.935456282245153, -0.000922032218821475)
(0.7034250736360494, -0.0018797742337068035)
(0.09864183694706254, -0.0001676858800370195)
(0.1385499437279514, -0.00956644090194656)
(0.6685848358343411, -0.008594662605584497)
(0.5207509958215456, -0.0032353536843302937)
(0.3995942827280247, -0.0004791690344630834)
(0.5591845007825754, -0.0001325821608061425)
(0.29665572361926207, -0.00022413128327869464)
(0.017233934153826857, -0.0002095573798108012)
(0.9766836624014825, -0.0005884801998512012)
(0.23087631848909698, -0.09636672473499634)
(0.32413640389725423, -6.489944684234465)
(0.7082772269451566, -0.003898836177204368)
(0.35489366226497276, -0.00035005257603078714)
(0.7285599675835562, -0.00048462405858865266)
(0.41935617732590097, -0.00031283028551606635)
(0.735487575042406, -0.004013113996816034)
(0.5344143531626085, -0.014609065430428817)
(0.4278194048405256, -0.00021806941320362463)
(0.9851651328848219, -0.0003959605909662641)
(0.64589154935308, -0.014905906803850419)
(0.9721200670068083, -0.0002731963284443191)
(0.4019265706481629, -0.0003437603396261577)
(0.1634900211959134, -0.0008778294422044413)
(0.2194751177610722, -0.00028756486360550457)
(0.7780733096346312, -0.001100776905468606)
(0.3873466192070909, -0.0010713859654190292)
(0.20856537706152428, -0.00013586495967135085)
(0.5806735887872266, -0.011579066424766523)
(0.5945158896747886, -0.0001244957302086837)
(0.06594451468120333, -0.025789063814595295)
(0.3733494598266125, -0.013687681947980593)
(0.5160289178562667, -0.002573011026852926)
(0.3393715624363414, -0.7462973669281637)
(0.8349175012861472, -0.0002674136424612952)
(0.630770002557353, -0.0002958710139038531)
(0.38839135855228996, -0.0010314552968929047)
(0.14543016468659598, -0.00037718532325226267)
(0.8799355856346301, -0.0013759440009205911)
(0.8591489723740143, -0.012295579903551554)
(0.4467010893294573, -0.0008901942694148544)
(0.8281066718439142, -0.00045915115561392207)
(0.03829468640254664, -0.0009845742676814612)
(0.920141542319123, -0.024072732384091196)
(0.8562859034231723, -0.0010740551851986995)
(0.046373375177728486, -0.0011555975387483612)
(0.8649729467828062, -0.0002715624186269875)
(0.47513884973100806, -0.00020369489110531704)
(0.3957963598226545, -0.008973017989394629)
(0.7835164580600803, -0.00036322655341242826)
(0.7830919945286654, -0.00020392534463512256)
(0.024331175007014476, -0.0037791242781799873)
(0.15397887423595996, -0.0004177428091872919)
(0.8464940353008599, -0.0023981031404145758)
(0.7850232107920392, -0.06832820328980303)
(0.33757459503133785, -0.001334991301049856)
(0.06330205005241334, -0.009189763795719579)
(0.7142655603703237, -0.00023024980392396692)
(0.13566380058905073, -0.0006266750560776678)
(0.45174412160737737, -0.004909955723840161)
(0.6666178087588932, -0.008387093303418839)
(0.40683323810205774, -0.0004283009356144441)
(0.10323182238065211, -0.08524439120769234)
(0.5797565609387263, -0.175320810007961)
(0.3775934986275395, -0.0006066040028319576)
(0.14701577415766967, -0.00026104117070765883)
(0.21740626467401947, -0.0003992525278164872)
(0.8188531012214926, -0.00013792913315799875)
(0.6077287094334688, -0.00022956237346324405)
(0.24158020370085684, -8.718162222069273e-05)
(0.4399946014679126, -0.00011213308032619488)
(0.7751839691217784, -0.0054215858892292575)
(0.4629077068558112, -0.0014865380527414604)
(0.4391816903028745, -0.00012268531321245712)
(0.053650827653021704, -0.00017641652850420797)
(0.327195862707258, -0.00045245873664978505)
(0.6539223915079516, -0.00196710407478483)
(0.6766572186264913, -0.00024341770675506623)
(0.5332486530868208, -0.00041711442603920636)
(0.5140591611520339, -0.0012886721000916477)
(0.5952698896120618, -0.0005389640306680843)
(0.654288612276524, -0.0221253414411672)
(0.13468013151487201, -0.00023629938010960791)
(0.39915441281902964, -0.012812502926341065)
(0.597774019080713, -0.00042020233585245376)
(0.10616679563885689, -0.00034725561026661186)
(0.8018634043276855, -0.00023988571404543108)
(0.8691071112390556, -0.004412769340031577)
(0.36502229338187103, -0.022109758841917085)
(0.045353159355335494, -0.0005065023687616859)
(0.4151262364280927, -0.021424834027403795)
(0.8380276121512309, -0.12327461991232339)
(0.7639708744730489, -0.00016106341930944125)
(0.606284475598706, -0.0034088971160486322)
(0.09540692963661418, -0.005226076611799349)
(0.2548040944537636, -0.00015519966746849453)
(0.47320568069254004, -0.00017931382751018682)
(0.13564670259004957, -0.0002886257702217972)
(0.7526898495747152, -0.007572782877587879)
(0.07455025321376335, -0.0011615224188812078)
(0.655957957994123, -0.22060153272377978)
(0.4828629824931794, -0.00018132980020394332)
(0.3168380704806649, -0.00013120287508148644)
(0.6888549744395509, -0.00030125414292170473)
(0.9183239716060042, -0.0009657379559666513)
(0.9589346921540239, -0.00031561681420643834)
(0.5025395656173779, -0.0008617681555734485)
(0.8455771814190821, -0.00026902051469041667)
(0.46226942674081156, -0.002175752076900378)
(0.6931379535266283, -0.005175757871592586)
(0.9408814868136902, -0.09589879652510584)
(0.8538309205027141, -0.00014677869457983803)
(0.4521379047669234, -0.014195122626381342)
(0.5674309472766557, -0.0007250391281202264)
(0.9855559044191605, -0.00015259937096129462)
(0.8277927248009677, -0.0008405073708844832)
(0.2787592190343166, -0.00017884631469120644)
(0.8896777600627503, -9.59220259635772e-05)
(0.9498270494638533, -2.5344681938777973)
(0.5120948343312546, -0.0006436451444597792)
(0.042698250995954055, -0.00048222443133285486)
(0.9719814631762661, -0.0010771491314328797)
(0.17144915934661223, -0.0006689144199069224)
(0.1142885522456017, -0.00015397371959835655)
(0.982901381662704, -0.0011289942739556931)
(0.8284020330574604, -0.00016806541855395938)
(0.26818377323076675, -0.00019323357763524198)
(0.2577542331517065, -0.0008651114449968463)
(0.9493347618763425, -0.0005053044275114542)
(0.9108382002782834, -0.002033249480293004)
(0.15408933681330775, -0.02304061994434361)
(0.14289334191670067, -0.0005275550750791955)
(0.28135606946622693, -0.0012298229756082545)
(0.20030567406059613, -0.002212395854928909)
(0.41388797468050575, -0.0004628549513996745)
(0.8355322432587282, -0.00019191976057164568)
(0.6389333080848992, -0.007768715099801341)
(0.03728992549777546, -0.0004652601401078988)
(0.13958793981926554, -0.08804974462243693)
(0.5427838983918645, -0.004168334013250968)
(0.49832838708650035, -0.0017008845183953702)
(0.9941245315280015, -0.034342805959792076)
(0.4351250713337396, -0.002153132175175304)
(0.8022171231522218, -0.00026159744846052845)
(0.5244943722949365, -0.00016463749771907874)
(0.32395366873521847, -0.0001430915786585716)
(0.5889735273740816, -0.0008230652995087131)
(0.9894067650961097, -0.00019343883951126702)
(0.366542781183875, -1.9877238208726362)
(0.8847436395461294, -0.00025175148950253885)
(0.5124434791861143, -0.0003945104350351159)
(0.2881600882632748, -0.0002020862512263926)
(0.8908692123336691, -0.0038416999552242617)
(0.23407773249198735, -0.000707037131786801)
(0.38549583286674466, -0.004364379676410257)
(0.0858224202589723, -0.001353810788566564)
(0.9113272553035953, -0.0030544728005657065)
(0.3513273519805578, -0.0006396225421753226)
(0.6347678094108106, -0.007104921242851065)
(0.281837550015709, -0.0010337874421891674)
(0.02846225213092613, -0.00010798559498666759)
(0.9410521728050396, -0.0009811142915413813)
(0.048500700752254815, -0.0022711054343575133)
(0.49030408209752707, -0.00013129627125562136)
(0.2534641792440091, -0.3805480128232132)
(0.07044472370358823, -0.02899174520896313)
(0.20435371747557302, -0.0006680995472260743)
(0.9200374989364891, -0.0014239380620017434)
(0.1221341555733843, -0.0003460033072896538)
(0.3563521430679568, -0.004486578223909675)
(0.9916648976609058, -0.00010963024195903224)
(0.748000261061255, -0.0010480135513419911)
(0.8508537039297825, -9.123069937127429e-05)
(0.037860858523740375, -0.0010275890316371998)
(0.5974080188344675, -0.0001025062410941989)
(0.07788687086429899, -0.00036570863225393504)
(0.4392770946972383, -0.002444088652985932)
(0.12610638943522898, -0.0003672114193836671)
(0.051379945601326124, -0.0026519435124245454)
(0.3448750399038235, -0.0003383552180070948)
(0.39922003774171955, -0.00047439023782047896)
(0.8959774074662693, -0.00023238542525535992)
(0.35209259779502955, -0.05020554290716727)
(0.20398366878246574, -0.0011191451761110942)
(0.6752931358162352, -0.0006492452530601689)
(0.34661272781453495, -0.00015946653553648151)
(0.8473840328086074, -0.0013353177018048154)
(0.5731590023815806, -0.00022977105418733122)
(0.6700952216197457, -0.0005934744932764357)
(0.060899085550419244, -7.361843756162945e-05)
(0.7269435643819913, -0.007504865771926234)
(0.6569564352086965, -0.2514222225901668)
(0.02098353654997767, -9.666368211630758e-05)
(0.21675778585947147, -0.00025341788188824014)
(0.39356678798584444, -0.00030482603272979014)
(0.8174682080924855, -1.6941381615030546)
(0.3462823811736622, -0.0002490059401317192)
(0.7313239661274361, -0.0005948870901140973)
(0.5917299334238189, -0.0011375080515847746)
(0.3627974339313925, -0.0308350224787741)
(0.3643394925483879, -0.006819682684516971)
(0.7514446004014267, -0.0001936623604543892)
(0.7751056925647432, -0.0008108101208246208)
(0.5193666147673108, -0.00023993680219078065)
(0.3004195181123124, -0.0002612736227677356)
(0.40059722842802, -0.0001569251153458979)
(0.39549169265085177, -0.0012376915010736316)
(0.18429744918761098, -0.00013664710788985766)
(0.9741533373164218, -0.001835668224018042)
(0.20545929825485926, -0.0018743903745458235)
(0.6657929380301554, -0.00460333782611024)
(0.5884146341463414, -446.77728954272635)
(0.8958561036514552, -0.0002561242650234782)
(0.25855333403599134, -0.16788518755242926)
(0.8800081729285325, -0.008470191408946654)
(0.24370860389636226, -0.011660929762576207)
(0.4618818986888306, -0.00014155087403075752)
(0.5699250881023219, -0.0008594005345723424)
(0.5692723461713253, -0.0005186067534999491)
(0.38359526931666255, -0.0003631613541382606)
(0.3193025100504173, -0.044030427967506426)
(0.00332145424670562, -0.00021080291387517037)
(0.5843922902457278, -0.005986446856341822)
(0.1893077799784152, -0.0007385594931107014)
(0.7493717904664358, -0.0001960276451388997)
(0.42404891327879957, -0.015862950394153388)
(0.6230440310730375, -0.0007715051707495682)
(0.2806323237380453, -0.0006098625336188139)
(0.5530185299361784, -0.012209674140575414)
(0.2798405208696862, -0.0071188278649238716)
(0.51062703098385, -0.00042053956938239214)
(0.45733419152386634, -0.0002890614519687147)
(0.7246784196623407, -0.4207618897726376)
(0.23150218947282397, -0.04989919264296755)
(0.9950252927670339, -0.0003815029570752426)
(0.9345883206519067, -8.462912070521159e-05)
(0.5547941348349331, -0.00031361383147312957)
(0.9184440739664251, -0.007065861868799136)
(0.3748800630371936, -0.000900567030975061)
(0.6664829892849627, -0.0002568617226907382)
(0.6200057410268336, -0.001340087629486439)
(0.8545136721474201, -0.00030191554275408894)
(0.19571853619314689, -0.0009687228405439365)
(0.21339312657166806, -0.24567133440069444)
(0.3063869683756736, -0.005730242439431463)
(0.10260663779755612, -0.00021075966235355992)
(0.23188741745705607, -0.006597265659524841)
(0.16462378524157448, -0.00017177283263096325)
(0.11002882965802968, -0.0028771337259096293)
(0.8125439263658281, -0.00027040670750502126)
(0.15862072910668845, -9.903065910301454e-05)
(0.4747510835553918, -0.007383400197928691)
(0.5179695977204054, -0.0056307059400566755)
(0.2949288083526937, -0.0005387555091366235)
(0.17557900342113517, -0.05344810705819367)
(0.6652858858351002, -0.005473235653569545)
(0.874313558568142, -0.0007673858137822557)
(0.7305083733649623, -0.0007709924482248235)
(0.3166116284592203, -0.0007027785395668542)
(0.8086219382398275, -0.0007127155294639937)
(0.12361686696609499, -9.721107491415005e-05)
(0.8636321661348535, -0.0005700780889721491)
(0.0070561209283723095, -0.00011702226699800543)
(0.7905920421796282, -0.0038967162562180075)
(0.5781661778695852, -0.06563509475109609)
(0.6091763005780347, -10.588363509394092)
(0.619232578242543, -0.0008883062706444259)
(0.09252491661879278, -0.008952251565666456)
(0.5059391762624768, -0.0007166425128836772)
(0.21781846910523744, -0.01480116408801397)
(0.49865021007498617, -0.01577747457933477)
(0.35025673176064703, -0.00012037410968735738)
(0.47347791166187575, -0.0004126466463260265)
(0.7482484462538138, -0.00038035590091327245)
(0.5951520787166116, -0.003915963914053357)
(0.15534304106222604, -0.02687530048783433)
(0.8394301910529296, -0.0002830609846686608)
(0.43984198056694535, -0.0003272620974619119)
(0.34677394100291575, -0.0007815201072211528)
(0.41382525554818606, -0.0026388737600390832)
(0.8875231837385623, -0.01613973141776703)
(0.9421792493833039, -0.0037404272100061897)
(0.24383116632561322, -0.004712034416065941)
(0.7387856062859712, -0.00010968453585083867)
(0.8145053604564182, -0.00019659069574857265)
(0.4591799143902253, -0.00044221663389694616)
(0.051307705365545644, -0.0006829555428197616)
(0.9850198505513145, -0.0018617810171123153)
(0.387268827591541, -0.007303056226620337)
(0.7133470568765523, -0.002067858119313917)
(0.1873137929870571, -0.0002877779934029397)
(0.7437135367383898, -0.00031012250140241)
(0.5386517351469434, -0.00203929482190435)
(0.3550353139016941, -0.0007861807537793388)
(0.18848771210428855, -0.00024139036033088798)
(0.013232968239639755, -0.00132453194700589)
(0.8272181938035597, -0.9660049503626514)
(0.3321360583307576, -0.001960484038096442)
(0.3449273060919107, -0.0005965270360034481)
(0.4672448495511109, -0.0009328517793812552)
(0.38539037683338734, -0.00015025676632460572)
(0.6127624845345154, -0.00011864660274594093)
(0.03602497061159706, -0.012813636688514953)
(0.9916169266238681, -0.02541806109404983)
(0.7243484812134645, -0.00024602740390243624)
(0.8553720613514157, -0.000426807636860287)
(0.9384619739724741, -0.0025310364551379668)
(0.47495952501219424, -0.00015750167699259666)
(0.5902320121743553, -0.000690299768767962)
(0.43801558895406656, -0.147498148982827)
(0.33006747447441775, -0.0002660829524590375)
(0.35304964430881525, -0.005422695725252788)
(0.4953596018224563, -0.0005360712535410362)
(0.02631411549231811, -0.0009679944373610574)
(0.17198717408067687, -0.0005177464642946497)
(0.21667712411321544, -0.004109219905800379)
(0.16697234762979685, -10.337397782873465)
(0.3047797429884008, -0.017235602313011977)
(0.8502598389954931, -0.0071822795338471095)
(0.5971138116382332, -1.712350443678596)
(0.901680252678455, -0.0001573259960782172)
(0.306049231478775, -0.00029643052758274456)
(0.8060049609128352, -0.00020987692570234074)
(0.8423490702112688, -0.003027395392725354)
(0.8897722353080625, -0.002647858067438872)
(0.8840969247427959, -0.05125298718037101)
(0.5049062197283007, -0.0001232293938938031)
(0.9225758675440852, -9.034253983776977e-05)
(0.4823565986972824, -0.00014843087593583484)
(0.5158087830492692, -0.00013024067188948757)
(0.7735428664393487, -0.0070037802144858165)
(0.3805848090466951, -0.0002349597536028482)
(0.5993283288944056, -0.00011197966055824155)
(0.339532915229301, -0.0015394728584026784)
(0.4783903099374083, -0.0001649046578481514)
(0.0033524133192228043, -0.0006973241591261033)
(0.04480855916651974, -0.005975383212358014)
(0.8190774124815718, -0.003127413185193899)
(0.09548973738967803, -0.0005903185318259804)
(0.9936370490303298, -0.00016954077533891152)
(0.5648590043170026, -0.7254888855499932)
(0.2535184381854399, -0.00014357046518736572)
(0.5384863127042019, -0.0015242831173744914)
(0.5318991009305639, -0.0002052701047345234)
(0.16118600541032635, -0.0006993701699020765)
(0.9931357207457117, -0.005568629909408577)
(0.9113512425892524, -0.002235473088369035)
(0.9734743897256087, -8.928645363505484e-05)
(0.2305455115245727, -0.0004468221897237424)
(0.3834359759766707, -0.0001731682503605018)
(0.844599001578844, -0.0015274265943193532)
(0.7194833412775326, -9.841352517778431e-05)
(0.9866625532659071, -0.00028299108908863297)
(0.2525124865612123, -0.00019530032046521193)
(0.962415891186649, -0.005610430020043627)
(0.3144649209389598, -0.08950740218151682)
(0.6719859315314598, -0.00014178050742964264)
(0.23916142831304255, -9.701066790679531e-05)
(0.5028933226502582, -0.013434176333995303)
(0.5991224562521349, -0.006016273703740173)
(0.9812994546051521, -8.764390099524113e-05)
(0.7631706068014368, -0.004805757734412371)
(0.7418898443975233, -0.1373972410188364)
(0.607900696010195, -0.07182773795216853)
(0.08039963900900525, -0.00018705829935279926)
(0.12255708574555364, -0.000851057638625776)
(0.3092932461949156, -0.0001326667814641972)
(0.15447670718240514, -0.00020089498348213435)
(0.29801158566360914, -0.001291132053576639)
(0.6407970467105139, -0.0011457501778403512)
(0.21416300082924103, -0.00015043703652694372)
(0.6883005741307111, -9.391601092365041e-05)
(0.585738593716764, -0.00023344341417237213)
(0.7363458246244925, -0.0018124681515909995)
(0.221231861410853, -0.0002304937190704219)
(0.8863571706099153, -0.0005036053795889978)
(0.5734496126461064, -0.0006044457361951904)
(0.8164525775124005, -0.0030548051732693427)
(0.8076550546803504, -0.0004608955777774725)
(0.5721605718347682, -1.4467947927692741)
(0.08990871554882487, -0.0021994562401974915)
(0.17731245235809842, -0.00014783897782094608)
(0.9308037673470765, -0.0005504233651148194)
(0.9709935562808267, -0.00014835299097763324)
(0.8052771560416985, -0.0020441215457847254)
(0.4961423636475351, -0.005002251239785571)
(0.8986792143780196, -0.011237463431053044)
(0.3457622276860615, -0.0003156697246837575)
(0.13889160527689798, -0.003958682467923114)
(0.38756549351680336, -0.38778235239485115)
(0.18242865485090864, -0.002057083853466458)
(0.11527186135102817, -0.058101978524037354)
(0.46699368079752795, -0.00010659862007483611)
(0.8072909690085689, -0.0038279017693048432)
(0.6074281358595612, -0.00039744438418383893)
(0.9962410932867967, -0.0005184139699400888)
(0.3424280884336689, -0.0005533007632618404)
(0.5490568243658879, -0.01709871349998906)
(0.8475217331486226, -0.0005559067378971185)
(0.6379935801349542, -0.011951041268348584)
(0.48589105720962855, -0.0007816823048165374)
(0.7409678154974216, -0.00036080704654729395)
(0.415761740963646, -0.0006575335166631282)
(0.3994383631735875, -0.00033304569718127345)
(0.5818962258281742, -0.0002852971327324162)
(0.9730478903456975, -0.00041809382978405497)
(0.8091147484294854, -0.42228964028014015)
(0.048850538581457825, -0.00020740434123844647)
(0.5114666197360945, -0.0005386616403547024)
(0.9151282032172052, -0.00012600021899385373)
(0.6136723185665902, -0.00027516798423049603)
(0.5780058202772135, -0.002029333132656919)
(0.8102853339955348, -0.001710073276693179)
(0.6640522004174417, -0.00015812897903698503)
(0.3438894361839572, -0.00023884245347499127)
(0.07279319175921815, -0.0005759300173444204)
(0.49964980900179906, -0.0005351034094814904)
(0.7007238699650304, -0.018979789013083052)
(0.4625129265770424, -37.885974914688276)
(0.8309819913558508, -0.011729066029295201)
(0.8867534318725233, -0.15314151245884078)
(0.20597604916783022, -0.0029508219198524704)
(0.6438979895539212, -0.00019823356130502294)
(0.48077305639437384, -0.005347057352184034)
(0.6502982071513688, -0.0014098006917332877)
(0.6206212297938948, -0.00236309333056727)
(0.6981788485123309, -0.00013409650837880067)
(0.1398904398771278, -0.0016889965825421878)
(0.1413083199025758, -0.016548622538423815)
(0.18048598013194642, -0.0003622757434204278)
(0.5274809047762811, -0.0005200994809175753)
(0.7713845381390358, -0.004502978499279557)
(0.28706032277061144, -0.0014221898193097758)
(0.48070643597864227, -0.0014738288603754221)
(0.046595695815048306, -0.0006656200658398007)
(0.9327610371408549, -5.134651400491039)
(0.12078193773811934, -0.004074105043014784)
(0.6052758516107155, -0.000164172952408833)
(0.22105722134764455, -0.016464012798171293)
(0.4296535792455798, -0.0008131475902629153)
(0.9838287432528908, -0.0002930763101385503)
(0.33618628524039107, -0.00010759164057159199)
(0.7142792492825935, -0.0006511344572865563)
(0.11595041312560693, -0.00045995631115088996)
(0.06701931384248987, -0.0028067643338038294)
(0.9949247097956998, -0.00019667074955816304)
(0.7987701646127383, -0.0010047045813223368)
(0.6189769343033227, -0.002099888707996541)
(0.1548248054190159, -0.042025750354178756)
(0.06654090699364892, -0.0007883787234113371)
(0.22616226412528795, -0.0009024464944497163)
(0.04950927039108174, -0.001658876619806111)
(0.7164542229031755, -0.008340454371451466)
(0.031759128252017176, -0.00035510794824342694)
(0.2175873257787591, -0.02088075141976194)
(0.20714775963807316, -0.0020002318083305786)
(0.9184387169501947, -1.8772155022803627)
(0.9751121083366158, -0.0009399153537129926)
(0.1520412339513736, -0.00015819787230846838)
(0.8392138422440145, -0.0009395127952347916)
(0.2822585495347286, -0.0031566730122690786)
(0.3865047787044167, -0.0003942538111824698)
(0.28828377055461746, -0.0001415407136185057)
(0.8629111180004237, -0.0011414851546824895)
(0.22107822879241384, -0.000273190406280826)
(0.8456500871011464, -0.0010944812322431518)
(0.9807019879343242, -0.0006574163739606837)
(0.20699694262190915, -0.007695589276281229)
(0.419476140771076, -0.0037805886642932277)
(0.8512626562485605, -0.018751228513425557)
(0.7955464581522216, -0.0018261914365635473)
(0.3805739863939019, -0.001447734430845688)
(0.9688964305789065, -9.085532284020305e-05)
(0.6591633223226891, -0.00025469586871947953)
(0.28890927111490344, -0.00013167937452476038)
(0.6384913411394273, -0.18024076425515873)
(0.030806149562304014, -0.00011921502786049228)
(0.8756935188762762, -0.00037562042116421896)
(0.8071569833153666, -0.00036450398039090216)
(0.952523171555215, -0.0002840783325362104)
(0.21864643405086148, -0.00010246007243406086)
(0.16536456290289336, -0.00044630116240020474)
(0.16046539198386123, -0.00041335035227440853)
(0.27298268811824383, -0.0004908301647614559)
(0.5216202121796042, -0.0012679808064937432)
(0.918129042828144, -0.027533308539327502)
(0.28050944482342055, -0.005574687630149416)
(0.18369895296750136, -0.005776667925861395)
(0.28755218307162006, -0.07015652574205967)
(0.3128295145142565, -0.0014092934072671513)
(0.7719525273604393, -0.00047629948149476367)
(0.36772213018032973, -0.0002495473651557833)
(0.2918178606110567, -0.0008225472452216784)
(0.8893019717051251, -0.0020590001246280376)
(0.23295297290584646, -0.0007384473660596341)
(0.1471531713775688, -0.007112361348147991)
(0.40556845803551755, -0.0001678619789236384)
(0.9982429836701266, -0.007677441568480846)
(0.6487443209265874, -0.0006229485958731241)
(0.5241401690633225, -0.005434266464079763)
(0.2472697979115062, -0.00042005586593255766)
(0.5770721063731762, -0.0020988223653766514)
(0.8278729979291535, -0.00042575979238847656)
(0.7144818998069767, -0.0009438168551064478)
(0.5656350309338517, -0.0076911060699425314)
(0.8757389773191169, -0.0012166059109585793)
(0.22030929395086596, -0.0001784824826174354)
(0.23262408264558324, -0.019072401690739992)
(0.9560227065157828, -0.07966576874777884)
(0.8043790495950236, -0.002604718839470117)
(0.7606592590512964, -0.001044210909611052)
(0.4037806280374235, -0.0021473996643537755)
(0.8133113230938191, -0.0004280496526488619)
(0.19064357405903762, -0.019353994651940754)
(0.6612934191990159, -0.0006617157634915195)
(0.4397274211928477, -0.0015544858155337746)
(0.054148947648361395, -0.0030881235648124996)
(0.8586983608651245, -0.016361309817393668)
(0.8219156803419004, -0.0024029616105509344)
(0.7207701950048191, -0.00015342946560231558)
(0.9136141905012817, -0.0026278146040790203)
(0.013097952325424196, -0.0010124333134646957)
(0.34891683343751967, -0.0011416580318474748)
(0.1782136571680448, -0.000126343385746063)
(0.7645934185025426, -0.003927131417973386)
(0.6750447847401222, -0.0018889813706156086)
(0.0629654209785339, -0.012607636884829933)
(0.9386587016828346, -0.00011183161717561796)
(0.2001846303108115, -0.00022875885514192352)
(0.925302236073523, -0.0003132122843813114)
(0.6770756038152976, -0.004128941856123847)
(0.6431663434204882, -0.001809974611584778)
(0.36700353582236556, -0.010917611537092925)
(0.46429790924398656, -0.00047792153601532384)
(0.975746987608344, -0.00025294055855361124)
(0.03914883682583238, -0.00010446036414204836)
(0.6044150941159208, -0.0013083153341969871)
(0.714068485994328, -0.45569105107845614)
(0.3031554580325609, -0.00021019156366346804)
(0.03704602051531623, -0.010377975550141612)
(0.11702653610606044, -0.00020707440752606098)
(0.7113979015291628, -0.0005994998951408261)
(0.4443509484453569, -0.00025033876362312265)
(0.4794732203386301, -0.0002724477859889589)
(0.53911257967787, -0.00023005536880397453)
(0.8378881196928702, -0.001088210744364039)
(0.6977894817890258, -0.10849215011357927)
(0.3111913758613025, -1.628616925650303)
(0.8016422097372198, -0.0003595274982556232)
(0.2929414303222799, -0.02529611968894275)
(0.02610696684823603, -0.00027993775201104357)
(0.5986054083429801, -0.0006889660189376284)
(0.5257043906049162, -0.002755418233943238)
(0.4750623833384996, -0.009479301653974438)
(0.3192469734094905, -0.0017561471699110702)
(0.810484666552791, -0.0007341476348378423)
(0.30970423075065906, -0.006856621497504559)
(0.6813033143623948, -0.008667455063694176)
(0.3263558595102739, -0.0005607265360835612)
(0.9925760233650698, -0.0015370409870672807)
(0.4658895637434925, -0.014784994447921047)
(0.024752591023865036, -0.00034155608178728335)
(0.042335209640680896, -0.0003645447987132177)
(0.17524379590921785, -0.0005940221631797755)
(0.816651955753364, -0.00032231313307942786)
(0.5004044074701486, -0.005854298535009241)
(0.7940943583553963, -0.002852806240655938)
(0.4270048017920532, -0.00604318771402756)
(0.25586035534439994, -0.0001987957735686883)
(0.6707199581937106, -0.00035882397570235737)
(0.9719369987081319, -0.0002863831635644994)
(0.7636300162963048, -0.02109636571816235)
(0.8526040286244367, -4.85498777398669)
(0.9667183495356014, -0.05475007321657273)
(0.7598891455687731, -0.0007030187507070788)
(0.8281585975138522, -0.0008834818729617852)
(0.053877436972056617, -0.018765722214768334)
(0.9579668769300115, -0.0011942934214552183)
(0.059832769113918174, -0.03269801400939424)
(0.9570165725406005, -0.028852694538144534)
(0.41769088261722914, -0.028209177012777652)
(0.11986748161841732, -0.0003255826008687291)
(0.42623371664773413, -0.08688186756681969)
(0.5579763955127268, -0.00044947986947990157)
(0.6934647861033029, -0.04022722433075321)
(0.9249090157791697, -0.0009327430978465247)
(0.09980222692195112, -0.03550876069554825)
(0.46293652608539415, -0.23936322068866459)
(0.013298473029661615, -0.0029176716105480654)
(0.9880584849746992, -0.0118470855309378)
(0.8169358658055854, -0.004657891555699819)
(0.7736752306678059, -0.027076851138707815)
(0.45182616067126213, -0.0009467679732147085)
(0.3891879431709743, -0.00188179541202007)
(0.009044822593525709, -0.00017865607973002336)
(0.3800445595452253, -0.00040743448185657507)
(0.9715766441499566, -0.00020925666675975155)
(0.9938033642638312, -0.0005005941522666964)
(0.9287452059657488, -0.0004133999801231628)
(0.08186275244525383, -0.0007511738455310436)
(0.8687651181263731, -8.836044665127502e-05)
(0.569343173805068, -0.002172663441521129)
(0.5235220730644408, -0.00016682444920832433)
(0.7991413149602129, -0.002625627322551449)
(0.9276218417043463, -0.00026347229092870664)
(0.08809211969486785, -0.0020006194637652466)
(0.6505661892883372, -0.003253383881133201)
(0.03528301459258588, -0.03320559933155403)
(0.18163468624128631, -9.710950297800249e-05)
(0.776492031552764, -0.019217295974758398)
(0.9482160004672541, -0.0014696254667628064)
(0.8884004102942739, -0.003351041870166921)
(0.36757566201935954, -0.006831798438219774)
(0.6570297210014954, -0.0001520111451343999)
(0.3203048713734711, -0.00019588278944897446)
(0.29669874782221634, -0.004314144626917148)
(0.7273478514810301, -0.0002055761991655035)
(0.9917099377696297, -0.0002797784118840386)
(0.93462452503437, -0.0003003748706409712)
(0.7591908971480462, -0.0002809414050888776)
(0.6096239046647561, -0.000152782846889538)
(0.6461722488038277, -35.0581222416302)
(0.21564786184215579, -0.0028140286540851915)
(0.9531574887497621, -0.00016547939264989153)
(0.4206217023239382, -0.0005263973393625805)
(0.5325407825934939, -0.0031349312568817616)
(0.05008719273235243, -0.004201736370293979)
(0.47728030888030887, -0.2263211597992498)
(0.9632894727137747, -8.391303834736847e-05)
(0.34110857933211275, -0.16240901218875844)
(0.0380647007082696, -0.001224105649617583)
(0.9825823741084996, -0.0023653303046074466)
(0.023924304829393974, -0.0026206724539789973)
(0.5320968245607149, -0.00015889552051386632)
(0.5810360996450746, -0.0010665501595558222)
(0.8240462793574652, -0.0006423653603192696)
(0.9867003535822365, -0.0010917611537092926)
(0.4218780530309249, -0.00032329521173299596)
(0.9913414307830508, -0.07002109619942959)
(0.4531623025626463, -0.017937416272120112)
(0.33033184462077375, -0.007172237264715038)
(0.7197266272799272, -0.00047801311482526557)
(0.8605768742150128, -0.00045573948998016623)
(0.4776176825430248, -0.00013130235801886905)
(0.360850852755821, -0.002090560667693631)
(0.5085620101144536, -0.00043131900065869217)
(0.2933562904772717, -0.0043849702193690014)
(0.4252983045015369, -0.00018605705744139154)
(0.811870385963541, -0.00036468612666550434)
(0.1813729206222302, -0.0019710738029473543)
(0.9573927517775499, -0.00016622523186729453)
(0.8626030063689579, -0.0003475375088679433)
(0.5157466474148317, -0.00013412481553908823)
(0.2302119209017896, -0.0003012939691800903)
(0.26792284847320125, -0.0032385577603071362)
(0.692565058696722, -0.0029969864464255433)
(0.1218925256034779, -9.646272185173827e-05)
(0.16276899429777966, -0.00010687178084598225)
(0.5126547474506977, -0.00023606721766704467)
(0.3486855902869624, -0.03460981746724113)
(0.5157312924128176, -0.00021896827217814533)
(0.013081107731557432, -0.004888405264787652)
(0.09299016372868892, -0.0011105740141676367)
(0.9558470882627045, -0.00022562248206364213)
(0.12549643752958922, -0.021545807954470694)
(0.8862199748974039, -0.00010282772844291257)
(0.47668293210133433, -0.04551142047494849)
(0.2936814131458358, -0.004572497017671632)
(0.13965108554391198, -0.0001536961537879032)
(0.8219206144844937, -0.00010014579069900261)
(0.7783464542340277, -0.022881104805343434)
(0.5053958215031032, -0.0001111068247255262)
(0.3136962116683712, -0.0012161388901402903)
(0.26277357588774525, -0.003255257976998852)
(0.9009072023451339, -0.0006269901572229559)
(0.7200527721765628, -0.0025938788765798417)
(0.8656720246469004, -0.0006185656411392582)
(0.3033642437614272, -0.00024937891702423175)
(0.19479045699188582, -0.00012179098233479086)
(0.7434686623772178, -0.00010493198749000906)
(0.5504655886856314, -0.00023802422613897615)
(0.07192155258674725, -0.0014008980917159495)
(0.709634301391863, -0.24515349131760947)
(0.27452286188732306, -0.0004983694016532113)
(0.5958441349158528, -0.05133716035270877)
(0.7998784948329761, -0.0011825232599111048)
(0.7926175872010854, -0.10355514088558866)
(0.4598406509449407, -0.0061706535358562005)
(0.6057951973501685, -0.00011729174515241012)
(0.8149960994056064, -0.0005358424854976762)
(0.5364963241569721, -0.0003468435762947585)
(0.40312292729392585, -0.0033913799257219495)
(0.27700485332067587, -0.0001323975295378815)
(0.7099525386508935, -0.0259519632652725)
(0.03205734558056328, -0.0004652060824302618)
(0.00048262291340234875, -0.0005271021556282062)
(0.7295150194556643, -0.001052536736053309)
(0.1378099218850287, -0.0005408653323007405)
(0.19578576250658794, -0.0015860268004993605)
(0.011216763013258656, -8.2287132142157e-05)
(0.7871540060869863, -0.00020832670053944673)
(0.07870214998622373, -0.0003846534414466521)
(0.3788044995848615, -0.0068064019842122075)
(0.9884887839433294, -43.25352744097233)
(0.8136075741272911, -0.009714048599890958)
(0.8918691973032942, -0.011649349939776144)
(0.9296790579670247, -0.00023756655753331184)
(0.17545290794915383, -0.0001355516525089923)
(0.9634741735579946, -0.0010385463371845726)
(0.7505496165372345, -0.02951353216133113)
(0.9485958936873491, -0.0003994259518338478)
(0.7238020604745374, -0.011719400853499262)
(0.7633228347000588, -0.003954065951272724)
(0.06764101172155228, -0.0003610496123473895)
(0.6564990136907385, -0.00038124253470141054)
(0.7393249770459366, -0.0006518907340763492)
(0.9402336119095559, -0.000386897698878981)
(0.9728738297753394, -0.00038005404244616134)
(0.10761132578778601, -0.007998592604087912)
(0.16155944578838147, -0.00011676628118581717)
(0.13335362681529883, -0.0004543260272975005)
(0.953641550207155, -0.011701015060582652)
(0.49587530104269084, -0.0015864671144354585)
(0.2335886267008679, -0.004093484171770641)
(0.8559552788573018, -0.0006762016858226565)
(0.8690982514871151, -0.019698656013872155)
(0.11926396365533233, -0.007488491592966123)
(0.5554290789566259, -0.0007815560360127532)
(0.5823246222394528, -0.00010161990669808811)
(0.09707840188474054, -0.0005896370773984445)
(0.7611420351222744, -0.01658072309347183)
(0.6160713504544224, -0.0014908367673231585)
(0.6848335547295259, -0.000270104493295196)
(0.9716623075015219, -0.01652081700187304)
(0.5293949003787456, -0.0004337623558511103)
(0.7598590253745712, -0.00015623104758005736)
(0.45937736611238794, -0.00014659250803327996)
(0.3995157189048202, -0.0005533695196506956)
(0.6594666397261728, -0.0003338167533956509)
(0.22832547329590527, -0.008006254027632562)
(0.03168373625928193, -0.00019863663322367732)
(0.8396862057505752, -0.0003756756320455368)
(0.4020412422473326, -0.0003294023295815242)
(0.4111797248999578, -0.0001901770382667094)
(0.11364338204505485, -0.19175392420287013)
(0.5265090804308796, -0.0028385634688386134)
(0.7410480866744367, -0.0003483061665302869)
(0.41262563271962843, -0.0021641948856502007)
(0.987029853077545, -0.0007979832578381856)
(0.47536719643930103, -0.001888701490000217)
(0.9734928537975325, -0.00142356104200874)
(0.26386578367783237, -0.029202829227671912)
(0.9305660367799762, -0.001874760426843345)
(0.3432279208054814, -0.0005849367823961884)
(0.09168847179590399, -0.9217465340538308)
(0.025914227762176528, -0.0003133952156374311)
(0.8876065483420462, -0.09801574679486416)
(0.7785646347593381, -0.0017260493621097397)
(0.9642733902271121, -0.00016028536626920282)
(0.15613598213434418, -0.013916513896102337)
(0.3207979858889256, -0.007609880482000676)
(0.27666584689891316, -0.0138612906584325)
(0.03393948744856143, -0.000882174421466291)
(0.5515415799327574, -0.004582194196133919)
(0.6942140247525788, -0.00020107161985986443)
(0.7074463136889172, -0.00014946468971383406)
(0.09412333802841108, -0.0006821819749738487)
(0.658263145633406, -0.0015982874757820178)
(0.47038105140587866, -0.0013491212289075325)
(0.6933569110496027, -0.0009511152628664678)
(0.20755711380741523, -0.015363595425151654)
(0.0709100161614498, -0.00019388520418425618)
(0.32284926660316227, -0.00011785832765429203)
(0.4022392037165244, -0.002721410554604173)
(0.2592992381009807, -0.07889410021944664)
(0.21107331612605268, -0.0005731616757809072)
(0.7924114651824214, -0.2800983037898985)
(0.9781979839095108, -0.0008570466093079717)
(0.7271813943161635, -0.8134044791852477)
(0.09942851433762173, -0.001132677040333638)
(0.17926375475045195, -0.00010316701792074719)
(0.0345993301212015, -8.893009226309106e-05)
(0.9332474581408635, -0.002558672474344198)
(0.1610476030265408, -0.001391176573054611)
(0.8309549305017736, -9.021591974799535e-05)
(0.5927735066390516, -0.0004960319763177772)
(0.46507325200685323, -0.0008566216099827753)
(0.8361245252438329, -0.00020418862637635639)
(0.31447613139969144, -0.0019159655020454715)
(0.546539836031112, -0.3080574962581758)
(0.6991008101459911, -0.0008801855269877938)
(0.29647182135531003, -0.32961220842933353)
(0.18283139286837533, -9.094493243804766e-05)
(0.4472118394160952, -0.00011700853991039424)
(0.12714342525115122, -0.11562814705957739)
(0.7367098573960653, -0.00016214603424679922)
(0.4461736727061746, -0.0010770161026026446)
(0.5237203395433477, -0.00020812621868700022)
(0.016024453810110553, -0.0006602261967163686)
(0.4168687667943923, -0.0014246391836094687)
(0.9482977198963574, -0.00021968844304172088)
(0.739050741778855, -0.0006360313385089152)
(0.3820305395186938, -0.00018510338631933074)
(0.2245652333595498, -0.06563509475109609)
(0.22417017000831563, -0.08462472914742575)
(0.017603523213259968, -0.00010830834496880399)
(0.614235045438712, -0.0006173040470235442)
(0.9267866977851096, -7.564562289078282e-05)
(0.7724556852564831, -0.0002472204237929563)
(0.2537910926420403, -0.0001477875813286439)
(0.6219286621784645, -0.0015620393970723345)
(0.121906827018258, -0.0001715968205129025)
(0.6012380276052487, -0.00022545566492400602)
(0.8511690326233833, -0.0010829383969146486)
(0.7330736495833601, -0.001161579722397186)
(0.9104026020449076, -0.00042950913660147895)
(0.7061750099571082, -0.0012751411630460621)
(0.44402593449828803, -0.0013941697570427388)
(0.8085926890141293, -0.00026151695210691734)
(0.10837131039298466, -0.005824662005097102)
(0.11514435853943243, -0.00016317740221107301)
(0.9047617054471658, -0.00027032682687192714)
(0.9749677864489149, -0.00400906058363607)
(0.6200139791624936, -0.01946548578386842)
(0.08502531975777786, -0.00016841944825733772)
(0.5900637264525388, -0.0001091554368115478)
(0.1547892903765961, -0.00014338354222052108)
(0.8832226133137263, -0.0036401222864200946)
(0.5408547743952573, -0.00047310160317717923)
(0.927461505702262, -0.0011149920218123035)
(0.09929984778899163, -0.00964434898664733)
(0.039383141661450426, -0.00016537170347165952)
(0.33410944622678296, -0.0005453458359654128)
(0.9347345825062874, -0.012809344686808848)
(0.13058002713006062, -0.003177728069716186)
(0.4572920988678798, -0.21715214120386198)
(0.33820940096295676, -0.00021257334955815404)
(0.13247311278304735, -0.0003260897044031527)
(0.32630519880809544, -0.007390045705509444)
(0.0904072706433291, -0.0003046162939479441)
(0.9816068005908575, -0.0029077558523611683)
(0.5166025520614242, -0.0007289960004525627)
(0.5646343940070445, -0.0006353712423170328)
(0.4100883810777292, -0.0016733191311130726)
(0.9571715467872617, -0.004085777602839807)
(0.7315504853333745, -0.0008027660819064696)
(0.8614316696871465, -0.00014179890963344845)
(0.9866096486642666, -0.0007661861003256222)
(0.9837670599523917, -0.001823298520861308)
(0.7649281315269949, -0.013102535600735158)
(0.6092304312912302, -0.00014966536439043785)
(0.6031636205874503, -0.007324532690330263)
(0.43805035755479105, -0.007011150776321438)
(0.4435283478808344, -0.00010458166201468261)
(0.3161311263675532, -0.00028667473791545986)
(0.851492075204998, -0.0010377756538372937)
(0.6884367441669, -0.002595705841882261)
(0.9555692013940382, -0.06791438851865557)
(0.8882111962350279, -7.998722531923302e-05)
(0.8561951321298631, -0.000325228393154225)
(0.3172051294454762, -0.0003459304049489549)
(0.010771091665515488, -0.0006450309730558647)
(0.9523973489879534, -0.0013884854762456107)
(0.4935856411449849, -2.1314718258380005)
(0.14387548989592092, -9.109784302506273e-05)
(0.5199449796191422, -0.008944806938526244)
(0.11469012057205238, -0.00011663604399678176)
(0.2975187142002813, -0.0009032901744917215)
(0.8833651873025546, -0.0074228368225475365)
(0.8006997484573111, -0.00040001093762492026)
(0.8437267414200228, -0.0063962110161545046)
(0.42883422915890873, -0.0002546659920836066)
(0.34909610183522505, -0.0005513694937624497)
(0.6649358377107062, -0.00017014676118915848)
(0.48546989484455744, -0.0018640212196748942)
(0.8651273077891185, -0.0004199613153033981)
(0.8643251438971284, -0.00012778711253595126)
(0.47213846099100404, -0.0005668144115483858)
(0.6611888263571436, -9.396421447072435e-05)
(0.22095972807746528, -0.006163129589240111)
(0.2408236337605604, -0.00015395545665817175)
(0.23040255489356193, -8.572894978383931e-05)
(0.9540229167120744, -0.00042632255682562253)
(0.33967693286690176, -0.0025129999939296553)
(0.5938862450416917, -0.0016595599164263436)
(0.47800670925452693, -0.0004929733602144097)
(0.029837484967810843, -0.0002917426673528266)
(0.49456408102097976, -0.023283418829670974)
(0.3170120156364425, -0.000996438697339467)
(0.22946008768041012, -0.00013771008716733358)
(0.4029457883771012, -0.0010905029167352842)
(0.646171576261539, -0.0006070241920904917)
(0.695090542883089, -0.0019309071071079015)
(0.8038616026659803, -0.012390915881970763)
(0.2942457969982674, -0.0003341231505297454)
(0.34398906926792605, -0.023737725761411702)
(0.06039377843806936, -0.00040494089504564004)
(0.09367337289683057, -0.11945916832693218)
(0.8609232291100335, -0.00045657485701560546)
(0.3757858110792994, -0.3732741473759112)
(0.9485757468905754, -9.10204230225648e-05)
(0.1747541837317639, -0.00038966860416224017)
(0.3843651793095825, -0.0011589482429073563)
(0.9763967160768017, -0.002289662629364962)
(0.36090970840830533, -0.0003747992047941368)
(0.8373896673312549, -0.00037382244339962664)
(0.9744814615983541, -0.00020244664983377195)
(0.560854445628777, -0.0006294530132109374)
(0.3751098223519748, -0.0001101187596236547)
(0.006066423028902738, -0.00015445032836867095)
(0.6993127241034535, -0.00015603489503962498)
(0.08558593828813384, -0.0003855873390729265)
(0.9238029382597996, -0.001997278377573339)
(0.8286827503884073, -0.00129920920384402)
(0.0991300392845126, -0.0006851326742946082)
(0.34900329195126406, -0.0015595694245793647)
(0.19981653221611048, -0.05082402733288972)
(0.9644363202260512, -0.012499326255188407)
(0.9052924281340308, -9.567657967020712e-05)
(0.9904691472523774, -0.012040234885020639)
(0.9871300575041916, -0.0005809526185078018)
(0.46068303199360466, -0.15578273664595937)
(0.9199555642705403, -0.00010354277387809751)
(0.004138813074825703, -0.004983311681948229)
(0.7117069241498805, -0.0006490025392787624)
(0.44313060501573664, -0.006973367685701993)
(0.6769349499669788, -0.0021783656196374653)
(0.9886433924433936, -0.00016036464642171612)
(0.037959878877315, -0.00016051085606141394)
(0.30423326064321804, -0.010088607151050562)
(0.3620973133123547, -0.014816248546614761)
(0.9848677405721096, -0.0003020963609233264)
(0.024368842922190607, -0.00017142185292451658)
(0.8112251947510836, -0.0001406737522386866)
(0.293518620860885, -0.0002444515029594888)
(0.8722609257423927, -0.00037977665645687607)
(0.541690476924264, -0.001973915940972592)
(0.9234532260112945, -0.00303116261526965)
(0.24678671411617634, -0.00580171255037159)
(0.23802550570317726, -0.0007935574556953471)
(0.8333523891169947, -0.00023807076962596024)
(0.7211812773214845, -0.00014550013867213883)
(0.9137126670354879, -0.0012658044515928793)
(0.5463655938231148, -0.0001239340478142764)
(0.5917847814045978, -0.0015716820701780012)
(0.7333462545737237, -0.00039961660858157136)
(0.7099265424085996, -0.0034540744853078747)
(0.3449888939484393, -0.0027897044383470263)
(0.436979638033059, -0.00045739002095204317)
(0.7162408744255279, -0.0014925595861911892)
(0.22588371889632408, -0.04107808630821967)
(0.6817241564805642, -0.004692308437660355)
(0.6080037248488291, -0.0004240681455684586)
(0.5865751424669147, -1.7254150493337521)
(0.41230179825344276, -0.004189182549259045)
(0.239530781049021, -0.06544900983011212)
(0.5056985199392063, -0.00012096276332154001)
(0.4666971348574225, -0.049794408000793156)
(0.36296789698266585, -0.000742205710371446)
(0.10419669612364302, -0.00024071906249217354)
(0.6590881512328903, -0.0006806907329209811)
(0.1609122361346444, -0.00422684577884697)
(0.20209038400969642, -0.00011260796989596838)
(0.9267312340918277, -0.0001600844987164377)
(0.13578782989534438, -0.00016800507129159114)
(0.767538334159017, -0.00010717219081404932)
(0.8689775964756341, -0.0012910948335081033)
(0.01360005684629537, -0.001660770310027798)
(0.33362141733998646, -0.0002927898164813728)
(0.32425809093731556, -0.01680109152959705)
(0.6326638729626379, -0.004808598120399511)
(0.8218216293016364, -0.0009577037485132773)
(0.4570537137347541, -0.0035565300442835196)
(0.5056313332641659, -0.0010082238072115532)
(0.13573078116519088, -0.00022490622006192184)
(0.8773317618006972, -0.0006510028439109564)
(0.7629628455427216, -0.0009063439992589964)
(0.3911714211753264, -0.00020611719168651537)
(0.5852475657233873, -0.0025415081098042283)
(0.03435017685725264, -0.001083938390416407)
(0.4717872687521381, -0.00011190784733495112)
(0.3338748354932004, -9.997827632605551e-05)
(0.9088603032000672, -0.0008363884677035686)
(0.45019216560020797, -0.00264711268160038)
(0.520185937662315, -0.00036314686858921207)
(0.2561622602363136, -0.0027650103788635916)
(0.7820540771027522, -0.01469568402147952)
(0.037702454752042446, -0.00011003344139080538)
(0.7398896373666696, -0.004247299218726411)
(0.5570753319664699, -0.0003521984909240614)
(0.8153733016514285, -0.022418683191254448)
(0.8025683198200604, -0.0002217511678927212)
(0.5990974259901006, -0.0033470961287027385)
(0.5239290941536934, -0.0002183832878298542)
(0.5943461652270379, -0.002004924004184319)
(0.4007324132362431, -0.0006725805271141347)
(0.5699625121483767, -0.0001365365386762623)
(0.32683346488479476, -0.0001383789415783109)
(0.8365403438806319, -0.00037932741238138836)
(0.714933886248914, -0.0008010351553989712)
(0.009374772756164468, -7.636745248343541e-05)
(0.6980663113575922, -0.0005105217015987872)
(0.16978279592301465, -0.00044811716533191227)
(0.9420697183622607, -8.717853130846418e-05)
(0.0522726944944803, -0.00045432185241256614)
(0.028699084946095063, -0.004924376056750838)
(0.3919876379959665, -0.00011866941385876514)
(0.7814860862752527, -0.003311330346387334)
(0.6305988157266431, -0.001010455312517414)
(0.4758644956590894, -0.006069941305338915)
(0.11371738804306336, -0.00026246704267321946)
(0.4495942055017333, -0.0003509223760536768)
(0.10169946011474836, -0.0004999429889856536)
(0.388504357827221, -0.0010155670315492654)
(0.7516200068244763, -0.0026257059819310893)
(0.08088044720198916, -0.00034354607278766724)
(0.9078567230179226, -0.00036426570908362104)
(0.8457802300279764, -5.6940841999539265)
(0.20658497832051032, -0.001993834814778928)
(0.954691453936731, -0.055051929359591564)
(0.4765632085906789, -0.00016692690705447997)
(0.2510537697119069, -0.00015947566928254558)
(0.9656790576424703, -0.0001627632025577746)
(0.6487381900662114, -0.0004044676679793879)
(0.9541689472455747, -0.00043964406459467775)
(0.6054112082795633, -0.02346286444360704)
(0.9262033232878065, -0.006773056026475591)
(0.7628562329741593, -0.10101283139731435)
(0.21526274203831375, -0.0012086385396503994)
(0.855408507780683, -0.0009546523032064639)
(0.19677661120824907, -0.0005106909323427466)
(0.009688815188847951, -0.0005742897939856769)
(0.4784976672598721, -0.035241919813865194)
(0.5673065137396508, -0.00025141267603776603)
(0.40256674153806604, -0.012392932007693563)
(0.28051486796412334, -0.0009783342317796445)
(0.8081310565427516, -0.00010940341063095853)
(0.9975353080788913, -0.0012726188461730083)
(0.5400708739042138, -0.015819885259024002)
(0.12169609630007142, -0.00039138690252006066)
(0.032214219035379535, -0.0004783433041890821)
(0.9764587190731484, -0.000914622004648377)
(0.21926697071188528, -0.000330872795437907)
(0.13246767564897924, -8.062759347925052e-05)
(0.22759166523889723, -0.0014314450013452054)
(0.3118452553066535, -0.0657968246150843)
(0.8304484994449246, -0.00010184705142864658)
(0.18761837200913792, -0.03523937741253198)
(0.4661794171073476, -0.11820382123626272)
(0.18721998495872277, -0.00023143954012833526)
(0.6946879367489162, -0.0007589976283226803)
(0.10832827724918016, -0.0004719822648844029)
(0.8043957259357726, -0.0006740363455396657)
(0.31530275870450264, -0.5565373054399885)
(0.880074593126879, -8.166762248481954e-05)
(0.2568302285975262, -0.0025646578809333555)
(0.08465671132142187, -0.006835963092420986)
(0.4881243715466603, -0.00011755672388379173)
(0.4719673051922251, -0.0003697426748018398)
(0.510840126090556, -0.023330406764633226)
(0.6967276067790489, -0.000740658270360188)
(0.6296454127109292, -0.011825086412416093)
(0.42970015694267716, -0.004000077056572906)
(0.16208772548551656, -0.0007778740789273847)
(0.08290727096904324, -0.01616965715478182)
(0.5268521644033061, -0.0034485770651325577)
(0.8110360734890774, -0.00021278376282216226)
(0.9769774795745099, -0.00027842896466352397)
(0.07103583836555963, -0.0013776063862230993)
(0.8839566100505016, -0.0006048862089300037)
(0.3924419928213209, -0.00012352226878579957)
(0.4400850185949574, -0.000811913381512544)
(0.24234569271573905, -0.0015224540618557101)
(0.18821314412300608, -0.0007261979848496675)
(0.37590992130139095, -0.0008081685197071583)
(0.34649839378630537, -0.005976520787547742)
(0.41567246267749425, -0.0010255730165010652)
(0.31620295591691083, -0.0013285755948280905)
(0.40169784811123266, -0.00017362569695441094)
(0.7895315757131032, -0.0005117298201206181)
(0.5359322946056466, -0.002125754871048948)
(0.6275899266317222, -0.06915104152471543)
(0.528014382255211, -0.00013452183249783583)
(0.486325661084683, -0.00018220516197694592)
(0.4768113672478469, -0.0010846241361596003)
(0.6890289768980289, -0.00990575667195546)
(0.1420660525921752, -0.0036791583209822044)
(0.20774993451431714, -0.00032436928216583087)
(0.013975566452742656, -0.011137750770674745)
(0.6840602985339085, -0.0003505818229344485)
(0.7991415187887769, -0.00023080143665223207)
(0.1546648223520045, -0.00026322051297187975)
(0.9081138039856125, -0.00036957525065371493)
(0.06670739079008257, -0.00013645648089678861)
(0.5274008622590747, -0.001615831065253983)
(0.23564623126064582, -0.00016273594567870942)
(0.640677261723575, -0.00048284129467267566)
(0.23374580196410383, -0.009150566242796853)
(0.7806261727443885, -0.0015508848138268137)
(0.18368192395341776, -0.0006525101631287719)
(0.3140532892115073, -0.007392236188137259)
(0.7819954536164693, -0.0004576707463212628)
(0.6867671404829532, -0.02346286444360704)
(0.1927212766714693, -0.00040181407413886384)
(0.21945380618354526, -0.0008323214039175127)
(0.5264459819456604, -0.0006137972466299182)
(0.39887472593585926, -0.008760424897160292)
(0.8267416362337948, -0.002112444706496815)
(0.049814860823932584, -0.0018954854333055853)
(0.9369978395107899, -0.0003191873282464447)
(0.871804145951637, -0.0003100794436780117)
(0.7033710701136815, -0.04931681764856812)
(0.6844092498410549, -0.00030332451163338935)
(0.3661077582011097, -0.356621607539215)
(0.5484216456670884, -0.0038374972063879927)
(0.12216760752332463, -0.014916254356001524)
(0.04079129113514742, -9.62050705075312e-05)
(0.5470595527580832, -0.0034603361225939823)
(0.7735908832674045, -0.0005151828977417845)
(0.9746438592852449, -0.00038630578312948057)
(0.991565798942715, -0.19823138925564524)
(0.7543090836840959, -0.0006220088169906188)
(0.27196188542629496, -0.006421974145830404)
(0.17312394552633942, -0.0016438902334426797)
(0.7224428038741516, -0.0009251690263158522)
(0.8647605754742909, -0.0011432686221009725)
(0.3959038459317133, -0.00026598115992867386)
(0.3447334098206087, -0.004092747458213544)
(0.2449790943140915, -0.0017832252066841516)
(0.9173089010133597, -0.0015314277996391682)
(0.2822333451645568, -0.009375175195299268)
(0.020626538581000022, -8.421012925536793e-05)
(0.33323363585396004, -0.00042389903473883663)
(0.4035617150669715, -0.0003201333739788963)
(0.3355403008245188, -0.0006908260867667929)
(0.33122619937851316, -0.014388668760743097)
(0.13433062155183284, -0.001673748231600953)
(0.9060828637830168, -0.00014879946932887792)
(0.7264621773051451, -9.002782832903995e-05)
(0.37835862774903845, -0.0006920485822206496)
(0.11160307517084282, -2.0863176390947356)
(0.32171727399068045, -0.0010877996452809363)
(0.6811899018601131, -0.0002463331657492674)
(0.04921875546124172, -0.0003892067977787173)
(0.6260474616672783, -0.008065053132848147)
(0.2204322975813719, -0.00019873321554545107)
(0.7028620289887296, -0.005503796054398308)
(0.6021735605454454, -0.002174396678205064)
(0.3219128550704656, -0.0005097009254917198)
(0.26262050808868037, -0.000217339160321048)
(0.09322073772987335, -0.0289712489709847)
(0.2790358719973112, -0.022802066206196958)
(0.8157166668763103, -0.0004286763019969122)
(0.3276249402630125, -0.00019990715863625413)
(0.5171012402500393, -0.01768958778199854)
(0.8713837781690309, -0.0014072411032925883)
(0.05901172934289399, -0.00022966993113108592)
(0.07089297596181267, -0.0018217556628311478)
(0.6438679712222865, -0.02339753144089971)
(0.9249064170823104, -0.0020545193885581564)
(0.750722428323727, -0.000459642844094753)
(0.9786603996640427, -0.0005258050136188946)
(0.42430121128546083, -0.0002851901990965328)
(0.13604741706166978, -0.00027788097734997877)
(0.6829882865151833, -0.0014149235312668651)
(0.2392868541576514, -0.01434701081927421)
(0.7269483582419385, -0.003066691366770371)
(0.003632417592917557, -0.0001099242005836963)
(0.5519377196330926, -0.00035116505027443096)
(0.41031176278305076, -0.0004794051353417592)
(0.4186439271050757, -0.026793475894404718)
(0.5792352109265063, -0.025867234067455783)
(0.5983420133113667, -0.0002926396826108659)
(0.38205819094276494, -0.08755105207910995)
(0.240921625889013, -0.000307222782871692)
(0.014334091895551718, -0.0017806804673713853)
(0.8698033275706354, -0.00012117935366514536)
(0.7467418401183459, -9.426885889864428e-05)
(0.5231697496264274, -0.009366029045354995)
(0.4385223865163892, -0.7576411486403384)
(0.5478985452265621, -0.0058519569745669915)
(0.44691577514061326, -0.003509056674458582)
(0.7163314617294483, -0.00019066112944589442)
(0.6366574970731503, -0.00040162293114642724)
(0.1662190832696715, -0.002239006126356214)
(0.3016574688236451, -0.0002769610710685303)
(0.4286402219929385, -0.0003600847903975086)
(0.9181062315076749, -0.00018874561511448548)
(0.7892242086526973, -0.0007857492122291635)
(0.9655557565251004, -9.445102822086669e-05)
(0.6599641580663954, -0.000583642177286126)
(0.9265686214335708, -0.000163499808441098)
(0.9864853090029521, -0.014744620643060813)
(0.9723900213262542, -8.41654751735033e-05)
(0.13423075618924357, -0.0011719277140529508)
(0.012211634127834993, -0.010707983444684247)
(0.07731227588243246, -0.00022758264459885795)
(0.07641259352069078, -0.0007003678456767816)
(0.1465070703797845, -0.00046350909160441147)
(0.5143761195939606, -0.3906395306502555)
(0.06187941927484675, -0.00026524663188271235)
(0.4022773874196225, -0.00022754069357741708)
(0.4138887015583863, -0.0006450853313085831)
(0.6817329095419102, -0.0003256346220104676)
(0.5281485312600527, -0.00017890279997877508)
(0.9908767434092356, -0.0018471528902307855)
(0.41413938045101545, -0.0007671219220939681)
(0.048658665188500046, -0.12382711447398975)
(0.3440715021091181, -0.00010332883618920444)
(0.11456661245821556, -0.001862716834482552)
(0.9328777005475288, -0.00020254210260211718)
(0.29238570987855206, -8.989600146908617e-05)
(0.3559090004408154, -0.0008466811930946492)
(0.27716864092584986, -0.00013726793350423165)
(0.59519332866373, -0.0007634976039454652)
(0.20958332715534145, -9.96340235821997e-05)
(0.9164862635645998, -0.006104557329362614)
(0.6647388195863596, -0.0002126437039530801)
(0.6643802659276229, -0.003154367942529371)
(0.10670702688211188, -0.003533016450834445)
(0.5545343471495677, -0.0017971310126767201)
(0.13588456590612052, -0.0005237332777912793)
(0.7286418279639246, -0.0009414246445670873)
(0.5025458604065122, -0.00026022995669645893)
(0.6953420434446921, -0.04012171275524283)
(0.24579930413138248, -0.0026024561223086102)
(0.3383545073909157, -0.0019829850342720987)
(0.22769533630468672, -0.007148836967553805)
(0.9271855568504788, -0.0002501621326105982)
(0.47449238930876153, -0.0002078824624648553)
(0.061062592870574126, -0.00437640581724774)
(0.2752693402129009, -0.031400087202378905)
(0.09082212840913158, -0.05700738310104514)
(0.4731831526317216, -0.0005460439593946959)
(0.6768539416878186, -0.0009046892963546524)
(0.9486864954172698, -0.0001906917630182625)
(0.004515534055903301, -0.003466116073760375)
(0.026748975231427705, -7.20046848241003e-05)
(0.7653385984436127, -0.0004277036272191757)
(0.8840920378611801, -8.400104294132038e-05)
(0.7634169354527971, -0.003573752856823385)
(0.9647079654374616, -0.3459628664479301)
(0.4418158613525348, -0.0005723625634162302)
(0.8555150131836525, -0.0013290942149560652)
(0.9443360160510466, -9.016437152612775e-05)
(0.5528432844248602, -0.0039031324302919554)
(0.253966404188381, -0.006244076298826689)
(0.0853897432898661, -2.1423155220457026)
(0.48779460810373054, -0.00021964762912053402)
(0.8469358345472533, -0.0038826791846594665)
(0.04039255559255045, -0.0025465588430231916)
(0.1520112889550723, -0.015767411262488026)
(0.015258019387720286, -0.00045854676461379903)
(0.9891236458150816, -0.0010557898175468116)
(0.2976922982518158, -0.00013243511015427183)
(0.3180473640974707, -0.0001137526806093778)
(0.39086000905178075, -0.000125200538508689)
(0.36180687275136914, -0.00041042628403373146)
(0.06490237849353496, -0.00029239373579291006)
(0.4253412013794883, -0.001146935589522838)
(0.32286951650097945, -0.0003982683501967012)
(0.5762092117728151, -0.0006219799351208886)
(0.9571730845583842, -0.004707348216293838)
(0.7495222509126525, -0.005219230735286769)
(0.7021148758055539, -0.004403963757136364)
(0.8069295927729911, -0.0002702103498378284)
(0.49914660576093123, -0.0020460874353160122)
(0.7452213152846016, -0.00048426802682992505)
(0.11543612848502507, -0.0012081035900021212)
(0.7861546355634146, -0.004328932930068322)
(0.38222682014276005, -0.0017211815248052125)
(0.3228089768668568, -0.0012473228803131593)
(0.6279527718541132, -0.00037335685519933673)
(0.04014167620752729, -0.00019351678497304023)
(0.5964836218397229, -0.00597858746659762)
(0.39066555122016333, -0.00018329862100023824)
(0.8737899363340613, -0.0012271588908644292)
(0.6118451554822352, -0.00036899435127711534)
(0.8300955460685613, -0.004668757199248574)
(0.3274289365985811, -0.0003104110475681355)
(0.42364113643232565, -0.008504239787690436)
(0.8059654196762484, -0.007848027405848824)
(0.7291476650662038, -0.00026042294195898044)
(0.6993190102920711, -0.00022500961955870358)
(0.2346809682819883, -0.00013233470226766634)
(0.5782081848992581, -0.0008021425684953462)
(0.19924596836960956, -0.00019185316154003408)
(0.273737961479131, -9.848090673775661e-05)
(0.09769499484818847, -0.0002806382012585235)
(0.6358814037515819, -0.0003585584198475266)
(0.5721698638624119, -0.00026989371877105656)
(0.44821987697256616, -0.00020896544698006012)
(0.48471711656683386, -0.017816590197743176)
(0.8130130070667327, -0.012764135901777034)
(0.7626180198651683, -0.0042869308103772605)
(0.4252552006476347, -0.08906371991866535)
(0.9195647585707113, -7.93620673453214e-05)
(0.11807495698036105, -0.0032923672666203513)
(0.27821686304849014, -0.0007094676290490218)
(0.6313437208538624, -0.0007050447382629411)
(0.603201896319336, -0.0005092511315441196)
(0.43405274786978676, -0.0008228474021646854)
(0.06500274682636854, -0.0036101169672576876)
(0.20733084774711402, -0.0013874243504450694)
(0.36123043814875844, -0.004050830764873835)
(0.4863698261810835, -0.010181444144225251)
(0.746620035769379, -0.00017111025025134304)
(0.8806295224958578, -0.0015877051620680654)
(0.2527884851469857, -0.0005850106186431546)
(0.639136816358638, -0.07504893444848504)
(0.6648511967398087, -9.355418932063612e-05)
(0.007414734562008643, -0.0017460915928016033)
(0.35872495625141193, -0.0030881730237695233)
(0.2886314217791739, -0.0001565961025504743)
(0.7721955249425398, -0.03338771413593184)
(0.2667951242053493, -0.0021332220409428053)
(0.3258972955621618, -0.0006911998539274899)
(0.9012736336235061, -0.3861026678593634)
(0.8333869563965584, -0.00010019953745286756)
(0.9899924142700967, -0.16347577136834768)
(0.13755292844067676, -0.00042215466562605525)
(0.30257587263458696, -9.642238122376648e-05)
(0.15393648231350615, -8.663765106559116e-05)
(0.9122557876161991, -0.00039471149758998724)
(0.4395025868537007, -0.0004084995970057684)
(0.2768957412353572, -0.0012327741989948409)
(0.31694983604589283, -0.0003002629257124039)
(0.17516154754169858, -0.0006164291549807905)
(0.9879369171389248, -0.0004344842981296092)
(0.21456331848107113, -0.00015879710781611738)
(0.7251725779576291, -1.7441436678173559)
(0.44952668543243135, -0.00013516035167068468)
(0.6325431307714646, -0.000698971260229507)
(0.20732875679669127, -0.000798079492399501)
(0.5743489740955117, -0.0001647737455673553)
(0.9579706058468413, -0.00037875669364154243)
(0.7365216514281995, -0.02944216340092014)
(0.5563967921246276, -0.004020625414154331)
(0.41997891812507043, -0.0003476157441047755)
(0.02966726877272152, -0.0003010933346502513)
(0.13957128647333594, -0.0010933417097061947)
(0.36192337033126365, -0.18508599994191927)
(0.040874559623907465, -0.0040282146085842355)
(0.8734875404836926, -0.009805139717417352)
(0.3805358880153885, -0.0006355635304822095)
(0.2533583720586322, -0.0006100380441021159)
(0.9123017258879755, -0.006302749127336462)
(0.6062562494575592, -0.00027246231392562324)
(0.4042429822660102, -0.00042321261012681876)
(0.6078796396552095, -0.00016547144538202934)
(0.9779565280794639, -0.0002756710141509542)
(0.9180105653406696, -0.0016200916211133976)
(0.8386238912420834, -8.044990816027722e-05)
(0.3132384611394369, -0.06130365361832958)
(0.09918236439840142, -0.00026720262494764953)
(0.5949737626694332, -0.0001399039329474538)
(0.5745333675423566, -0.06713961449333118)
(0.08370998955873422, -0.011415203661548304)
(0.6190974156570291, -0.00013450743300607727)
(0.8763308827661591, -0.002871467199860012)
(0.6130369367259865, -0.000296186254064605)
(0.7712236824465892, -0.006177809361465572)
(0.2727221943323389, -0.001281301107793517)
(0.252099138423859, -0.0011005668561451117)
(0.1560936526514656, -0.00044287212416503256)
(0.24445292253104167, -0.0002948199028880588)
(0.5195823688901899, -0.00017984570184008053)
(0.5281099754975642, -0.00017969972362706467)
(0.7284544084084762, -0.007801754820178563)
(0.8382076410528111, -0.00044283266576564665)
(0.5580832033965943, -0.006028911821432537)
(0.31232454879191207, -0.0007390487872622782)
(0.5048931763359708, -0.0007272795042033578)
(0.953150357863453, -0.0006675827878465453)
(0.032069783297645045, -0.00011702789436019758)
(0.028092107227474624, -0.006434445454969196)
(0.9990584483019394, -9.412591323646128e-05)
(0.4864005885270227, -0.0004527554839962292)
(0.8306073278062557, -0.0002192874480171933)
(0.3596096691103626, -1.4517827518329132)
(0.21458698728031664, -0.0005995131586847966)
(0.6131384728701966, -0.0004558196110774758)
(0.026316189483528166, -0.00020439600588344892)
(0.5440307564486545, -0.000937891885310934)
(0.9984519210269847, -0.0004888898824438482)
(0.9195403176057205, -0.0008622756355610411)
(0.7424367387230026, -0.0003388436366886116)
(0.9182152287826018, -9.043277584734356e-05)
(0.07133607625407744, -0.0056279501005903525)
(0.3854161412822467, -0.00022169084570612454)
(0.5553575679928344, -0.0005133660643559549)
(0.5334784357200717, -0.0009634007580853705)
(0.5260225286262107, -0.0006684816011694746)
(0.39117182573472725, -0.0007050056770240642)
(0.21279159477082213, -0.0006085208872187684)
(0.26689156499058375, -9.38395345190314e-05)
(0.7891803804083611, -0.0013015657178331824)
(0.3860837799077815, -0.0009436076727140364)
(0.18817459078859694, -0.00037228206783930555)
(0.24345644561484275, -0.0009057967535994048)
(0.9087880899327803, -0.001690192841076149)
(0.3284084737228826, -0.00139584310187939)
(0.41181940959363006, -0.0028204130001140584)
(0.5448235189679397, -0.0009740181210382656)
(0.665265666034442, -0.0009127409049325199)
(0.899503179536923, -0.0005692050402212296)
(0.37415378973105134, -0.03582957236430666)
(0.08525868180446637, -0.0038250721452969382)
(0.8815281659858095, -0.39384796541070266)
(0.021498924861672715, -0.0003906812715265318)
(0.9258066766248122, -0.00011348852932407739)
(0.9662662337662338, -4.757888018506955)
(0.051486637736757074, -0.0002741133954577445)
(0.5370560039723308, -0.00017618555373679132)
(0.23539700608226224, -0.0008798499715493341)
(0.8844298030235633, -0.0014479232488673864)
(0.9360668215777433, -0.0010923806453936832)
(0.4348573388820937, -0.00046830464888242734)
(0.5838620914291067, -0.0005271953841221843)
(0.10789716862193906, -0.00048246000186215885)
(0.5727342417784262, -0.0016107823888687422)
(0.5795221198262854, -0.00021234394355945882)
(0.3450608976874798, -0.00018076904814686302)
(0.2119386431316844, -0.008434408226002032)
(0.1022090469828806, -0.0006000115355566221)
(0.009000380234280873, -0.0018499552981078957)
(0.07360986099183953, -0.04206034449237402)
(0.21300760913173863, -0.00028595799848655324)
(0.6347167468358855, -0.0011486719598000677)
(0.8442372333564541, -0.00017487420643746922)
(0.9643553246818724, -0.00047801841008398454)
(0.34780313901162946, -0.000535876744753122)
(0.8562310816333272, -0.0006701118595558616)
(0.06531150147042489, -0.00016995652643905053)
(0.5154645934250187, -0.00038892774924770306)
(0.6306238318319765, -0.0008824061308951193)
(0.9957073931148221, -0.0022444394186632117)
(0.8609070390473569, -0.004752492396619781)
(0.12765834036691495, -0.00041275651345902835)
(0.07073552107208993, -0.0009478871957133428)
(0.5746804072299122, -0.044561434478925195)
(0.8034985095692562, -0.005361648650344063)
(0.2535644151352904, -0.004519371440997708)
(0.35788089812502377, -0.005805538999014902)
(0.46505604366786923, -0.0013521913286365383)
(0.6457998195080591, -0.00059245022164006)
(0.40667216234438264, -0.002524828084103342)
(0.9386028074112932, -0.00019384270782626256)
(0.4793313649589437, -0.0006252053121551947)
(0.9259303471925127, -0.0002417992068967755)
(0.5908817784677857, -0.00011672186327437578)
(0.9061478383365655, -0.0004889850411563829)
(0.7376406924824442, -0.001030179206869473)
(0.3958571586806293, -0.0010224075845599598)
(0.14179459604091413, -0.00039007528075062835)
(0.17571583599323512, -0.0018596252917806044)
(0.244252383647362, -0.015234276178539358)
(0.5321012834832424, -0.004010144936154607)
(0.5825753858282884, -0.00023194850052099238)
(0.9644102006035454, -0.001349403977392775)
(0.36093725364531093, -0.0011213835951970781)
(0.00727482796233373, -0.00015649656038509553)
(0.25776072503778213, -0.0019103956565618182)
(0.8109502029136726, -0.00012446659905766586)
(0.35842034290257957, -0.0006514590609569635)
(0.6488216234564687, -0.001977087495625566)
(0.7077837222614479, -0.016319940905721135)
(0.1905176252269263, -0.0002982729399512869)
(0.7826656335395699, -0.0002802757636309112)
(0.7475242487306002, -0.00011713262443855343)
(0.1635847825466547, -0.00030652047616788796)
(0.6315398396890463, -0.00023837628167454875)
(0.7261354461355098, -0.0029559030856476194)
(0.30229504074422064, -0.00022721499375723985)
(0.4619431345955119, -0.007092298838598434)
(0.8813580707525529, -0.0018200579784972471)
(0.7945197157197524, -0.0004330809205778398)
(0.8121086623869997, -0.005125713908306981)
(0.9232332556309576, -0.00010398591911839075)
(0.4501927611337763, -0.0005165658819596995)
(0.48815408696071777, -0.002455315481245116)
(0.6119432637129336, -0.0004984080139089368)
(0.2878566605736805, -0.0010391234876321992)
(0.49584370617247703, -0.05721705613749865)
(0.0015423886283010158, -0.0026303830038034103)
(0.7977059248554913, -2.647090877348523)
(0.7233950354091767, -0.0017505803530067762)
(0.6212177204965534, -0.0718240766915196)
(0.6086276838109961, -0.00019586324070756063)
(0.05533972855126854, -0.00011812273293396269)
(0.0125029653779137, -0.006043883591306676)
(0.9829691174490622, -0.001212823061948058)
(0.9455181571371091, -0.004330504357072659)
(0.5062672314031976, -0.12010181564489641)
(0.2445332872851406, -0.002121135179188662)
(0.31964782664068914, -0.04963694391416519)
(0.8142077134808544, -0.0011779442520774874)
(0.7122998832565217, -0.00021395186965642712)
(0.330893913500723, -0.1926422386880692)
(0.1284215167197687, -0.0003107577953191934)
(0.2742801890794458, -0.0005925024795734062)
(0.02359930337427278, -0.00018086889882272422)
(0.7358462795111282, -0.00033072753458058505)
(0.9161167069791126, -0.002870042812209564)
(0.9088938374859578, -0.0030051745826905557)
(0.21629496984668753, -0.0004894587621294559)
(0.8622074292315063, -0.00047121400538030484)
(0.043188228721221904, -0.0003305328250785191)
(0.029098707555290256, -0.0008229986813304673)
(0.14571850275358958, -0.00018430581089907107)
(0.7622934498085344, -0.0019847724531430887)
(0.47068130119419754, -0.021417882471190683)
(0.05509900000698683, -0.0016303667342328582)
(0.36176408489574047, -0.0003397655675227232)
(0.03561736770691994, -49.70927780529655)
(0.5182886240597097, -0.002974354552688618)
(0.521349236039673, -0.0003829293696323857)
(0.8316891272652654, -0.0002147662965470329)
(0.11844151864492745, -0.07742370899860215)
(0.09947769565409557, -0.0005056933107198385)
(0.6814592983318115, -0.000579637691929088)
(0.36701807774344625, -0.034916251996675286)
(0.28922991573418233, -0.008955501268803744)
(0.1523027208468702, -0.001172544459935923)
(0.6667069672388509, -0.001862821398482832)
(0.7784409159740274, -0.007938893258545826)
(0.6968100069449764, -0.0012950289297134084)
(0.4535765952723002, -0.0002410736933161094)
(0.33256390326626506, -0.02588686445088488)
(0.35461096025514266, -0.003616831650416202)
(0.4271447043216639, -0.00025770561550157755)
(0.2602982652373116, -0.002689731083150447)
(0.03139067209306069, -0.0006111781327337323)
(0.46624477391302394, -0.0009352361853961901)
(0.30371830737321615, -0.00017284865666250123)
(0.6805278158803747, -0.0010241293473360429)
(0.15953333028892, -0.0021898101100485817)
(0.6461393208454252, -0.00021208973853687632)
(0.6506777512091118, -0.000115479815155775)
(0.25314515284862316, -0.0012804413333064291)
(0.1520389097564818, -0.0002272290935611981)
(0.2373779638992452, -0.001542148952656478)
(0.4757282890082695, -0.0013477499170435358)
(0.7041286934091278, -9.047720801543994e-05)
(0.15953018632516247, -0.0006886283932545805)
(0.9964508151342532, -0.026687260699094946)
(0.5092965804612767, -0.004365367756209643)
(0.9104839347416622, -0.0012132084275109914)
(0.07207321674857073, -0.0002700804194054241)
(0.4567720426369316, -0.00042855136579211925)
(0.2810270854928064, -0.00043577914853577896)
(0.4507577403547045, -0.0022265122121145203)
(0.8802469737560711, -0.010292302165484738)
(0.18035959978758329, -0.2210807771465166)
(0.8466234852924596, -0.00043457647549743905)
(0.038339304827588946, -0.003642626848557725)
(0.9528802476558278, -0.0005940972994942298)
(0.2805873794207675, -0.029580709052720634)
(0.8234388383419814, -0.0023551436009207442)
(0.1263722903149404, -0.0004726591964042495)
(0.13732784740652976, -0.00017176696478986704)
(0.02633355858224379, -0.03814557785977116)
(0.19924018282747707, -0.0005255162175543635)
(0.6403031909307356, -0.005865163939918551)
(0.23611545447242366, -0.0007567740081694326)
(0.9037177724282622, -0.0006474273387234787)
(0.3315078738808172, -0.015312141442511164)
(0.1061127342554065, -0.0007153025595191802)
(0.35316748283971083, -0.004913768715972124)
(0.6395516132867882, -0.003906859793906612)
(0.7346027013668408, -0.00042653002375018926)
(0.2978655510318961, -0.0004505494377875276)
(0.14504726000500517, -0.0001236183314344213)
(0.3381391116656786, -0.0003419012845318691)
(0.4169157329029589, -0.007503371737118681)
(0.32409279885994524, -0.00013951417068707445)
(0.4645989253330794, -0.00012064218596441001)
(0.4200760960188663, -0.00022425075354787303)
(0.9738842351791407, -0.003971191823780793)
(0.9686693128692133, -0.00018091362748223676)
(0.3705986055637265, -0.00026391644976514077)
(0.3462615812229771, -0.22628621212170202)
(0.34272349002622127, -0.00468283255142877)
(0.7594067663615411, -0.009695423418945685)
(0.11504718003796582, -0.00036602795226799444)
(0.5629641267494825, -0.000766403780419008)
(0.9185963369206953, -0.0001650237769429384)
(0.9580192163462208, -0.00021939918103383604)
(0.10814074144122329, -0.00038536861306597405)
(0.6645182574579418, -9.681762307546426e-05)
(0.03507241081197668, -0.0032706088166824347)
(0.17280231934166512, -0.004861363078654907)
(0.023633638905506318, -0.00069454933817243)
(0.3979263388494789, -0.002940389409554533)
(0.06076557058624229, -0.0002150222584934066)
(0.7615451952183648, -0.00027788363099343945)
(0.10001567781955287, -8.075422816194293e-05)
(0.4898121740892276, -0.0001870484652011319)
(0.1272159090909091, -8.326304032387172)
(0.18988589493775357, -0.0037961525023175458)
(0.2720563591803285, -0.00708103895846046)
(0.7640273384056017, -0.0034837204360428586)
(0.04920399887021982, -0.00034557601515594627)
(0.02598367261946147, -0.0006416089751381496)
(0.23196124349409333, -0.2245924052850556)
(0.13604310189186433, -0.00765550118074425)
(0.7738231485520563, -0.025167352650129364)
(0.2024374839318232, -9.367378944349987e-05)
(0.9769985667224977, -0.0004137024123215404)
(0.9033407102547536, -0.005230818551649072)
(0.7280059428717903, -0.0005919594243213748)
(0.9633640504507083, -0.007709597554380885)
(0.4965876404085274, -0.16674132854459192)
(0.9536467099730326, -0.0012219038316679531)
(0.9854729173709444, -7.60015523266448e-05)
(0.012637078117683786, -0.0003593864166039946)
(0.9974806451498818, -8.730986527917841e-05)
(0.6441153806454593, -0.00036946455586664624)
(0.9515047966487967, -0.00042597608757235703)
(0.3140259654830106, -0.04381688742211379)
(0.20796138950658719, -0.002072750800484005)
(0.6035207033736452, -0.0008375765593231529)
(0.933942389276518, -0.007962227558098762)
(0.11410003550895742, -0.0008432051152440028)
(0.5423453267232715, -0.017659053724427692)
(0.35284502172921295, -0.007579773830497358)
(0.5951398055545939, -0.00026561460515593394)
(0.10683545679024081, -0.0007505587179445777)
(0.8657210119255866, -0.00014834054645890068)
(0.18509717545674656, -9.581193339243423e-05)
(0.21521933966038762, -0.11726625719796924)
(0.4653065198655997, -0.00038211237105066046)
(0.44634896793987056, -0.004189273085992267)
(0.5501256885923433, -0.040713477509413926)
(0.9476790879432236, -0.002063043198725515)
(0.17800649863048654, -0.000105557654142992)
(0.376145577718485, -0.0022175212759121122)
(0.203021477604177, -0.0008814375855872509)
(0.2638890913003654, -0.0015985495551511207)
(0.8212137641721413, -0.0108216002715473)
(0.4071628938450624, -0.0032013055700637126)
(0.3118697886267624, -0.0017856262173733062)
(0.5639195967027851, -0.00037854332294336504)
(0.7447207524450494, -0.006059610370434057)
(0.4536142776416079, -0.0006783222631956539)
(0.01637699403190652, -0.0036805909866772578)
(0.8914889362787505, -0.00016548505403963403)
(0.7871421637021462, -0.003261793547227973)
(0.4294644796299186, -0.0009725890899949361)
(0.22866521163446576, -0.00019104559278923172)
(0.9056962291987664, -0.0018442198798672915)
(0.666368200244912, -0.00015858973489686585)
(0.47091860719619016, -0.0009154641137798291)
(0.43173727059291755, -0.0019235836659350122)
(0.5701983214852475, -0.00022746453319746847)
(0.7442456996582231, -0.2576389101288595)
(0.07783874945045424, -0.004220757684481883)
(0.22669270938899203, -0.007816387764927978)
(0.6287657960012577, -0.020643829821015407)
(0.018876125256238756, -0.0031711834809297046)
(0.6315868419298285, -0.04284786389835028)
(0.0742026740458687, -0.00591472819880958)
(0.3759062311892252, -0.0005393042854624666)
(0.9036102838731636, -0.000132597124750341)
(0.009884818371251193, -0.00016351839756939632)
(0.3580851107403933, -0.0001587252703881702)
(0.9181753616669078, -0.0026117250256821154)
(0.28917733714503835, -0.0016215623544896104)
(0.7215643850160045, -0.009675509909705041)
(0.3061381054546997, -0.006613504155584099)
(0.042265298374133536, -0.0002976864072144013)
(0.5653200776707159, -0.19174689888939017)
(0.8080296456194787, -0.01724443714768282)
(0.11079592827938801, -0.001700297365857016)
(0.9017793781852336, -0.015633375910152063)
(0.08486558344761283, -0.0006244942694195492)
(0.6269784350578692, -1.812035698016795)
(0.5122844277059809, -0.003896081806659072)
(0.7215640128667994, -0.00033515683960740885)
(0.36268245230867435, -0.00012133463390171222)
(0.952080784371501, -0.0007811080710601835)
(0.03500779292107955, -0.00381377789097526)
(0.573437098133265, -0.00091900106865126)
(0.5360865763452763, -0.004433227778916358)
(0.6403832889383885, -0.0002490766637807866)
(0.8189187364710325, -0.0004987640979705653)
(0.8339512937037309, -0.02685313915011622)
(0.2644324803757124, -0.0012840977066166086)
(0.6766023895993427, -0.003477999873974628)
(0.6793872917545, -0.00019574952239763334)
(0.8405296925998907, -0.001069174589396884)
(0.9306209706032171, -0.0013759204366510615)
(0.22601004922556295, -0.034943127585394626)
(0.23750024496514963, -0.23931943940544384)
(0.921268133740136, -0.03302108470524402)
(0.8617092584117478, -0.00010254281507362956)
(0.024383983572895278, -37.613693780804475)
(0.9740489480814825, -0.0014472447062961664)
(0.6927464315787649, -0.0002025094455335796)
(0.529246395056077, -0.08385382866217339)
(0.5599855738589116, -0.0001238583668776865)
(0.6285260595566833, -0.0005658071900206002)
(0.19774627709184223, -0.03913953279492789)
(0.40637108859013793, -0.004487070032585695)
(0.7403921537623821, -0.000817036445637284)
(0.5541536934970804, -0.0001161002769240978)
(0.7381459842401061, -0.0004622478805286283)
(0.8737255011789257, -0.0034839728818093552)
(0.7004743295934956, -0.016711462798302185)
(0.28778358450623426, -0.0002073754301743801)
(0.5487413071407276, -0.002985171711140244)
(0.2820335983597727, -0.0015550196663476565)
(0.4501501971524749, -0.0024374677686560373)
(0.06825904182350574, -0.020363550419270893)
(0.8270985535733804, -0.0031529069020465776)
(0.690996833033344, -0.002538377523551218)
(0.4649042154866742, -0.00035767056446838467)
(0.63529659323937, -0.004772690176181943)
(0.7773486468157599, -0.012980781581622816)
(0.03535830668851342, -0.00019216674837940133)
(0.05653938402924232, -0.12053489549850979)
(0.600111313676682, -0.12844279263227415)
(0.6176644126010465, -0.00039135899457004797)
(0.9362898740515883, -0.004230001908860744)
(0.1442062274618751, -0.0003292604488522106)
(0.10027453519722246, -7.621851830556574e-05)
(0.3070538416541621, -0.186351319934401)
(0.17438824291530663, -0.006847279262161607)
(0.269110818859171, -0.00023400143005625763)
(0.10583829263287503, -7.518107478453429)
(0.7912223579505183, -0.001489319323532286)
(0.625128465355601, -0.0023750321462411785)
(0.5730199168800273, -0.02657209007021212)
(0.8998655892090456, -0.0003951006749577386)
(0.7230078427218933, -0.0006831611167198999)
(0.794137700847286, -0.09515924337133451)
(0.37903284932691306, -0.0010923161568450203)
(0.06602652272359125, -0.004170370073761024)
(0.17051698651574795, -0.0012586929660975226)
(0.6845741306688575, -0.00015151654207008148)
(0.15049378815960004, -0.0001434849340524194)
(0.9215998679069628, -0.0003307267344340872)
(0.7166447233181961, -0.0016569785498305202)
(0.9722939452074443, -0.006568605038638714)
(0.4660363198173439, -0.15490143225446518)
(0.9399106170585653, -0.00033143859468037936)
(0.7396292735468531, -0.0008035786428277178)
(0.7686468221340406, -9.048410499206861e-05)
(0.5687193999038245, -0.0006072631409819073)
(0.43051779012745134, -0.00014494119079663678)
(0.7385657694773241, -0.00012484821583497884)
(0.8314123288505016, -0.0001985642725949021)
(0.2577009431897618, -0.006947853129591314)
(0.22507973300682027, -0.009688482677575471)
(0.24920158006622245, -0.0051039440415740584)
(0.8969457934187808, -0.0002009081487472128)
(0.2106310051283899, -0.00037626286611307095)
(0.5295141151988693, -0.02876888589461978)
(0.5834854424624364, -0.04842256476809391)
(0.4094583068059015, -0.00031402825805260164)
(0.16057223687061847, -0.0007000859872590846)
(0.23917006674420624, -0.0004984534545347025)
(0.6945529561278928, -0.00012993774407615364)
(0.7415968765354488, -0.002563842144860327)
(0.8161164573544658, -0.003349653922618889)
(0.6411740606344376, -0.8576785143978359)
(0.2547361819702597, -0.005661033932993244)
(0.6747538245568208, -0.00010098966567939959)
(0.1196185215199661, -0.05447571837431665)
(0.66680022866976, -0.0006393270060023728)
(0.7978997643142683, -0.002407036311220246)
(0.09395732969232444, -0.0002558390070231827)
(0.7517020327758636, -0.0002791360552481193)
(0.5529283134611235, -0.00022618022873262023)
(0.03156809276447298, -0.004039057037536572)
(0.6909938480103146, -0.001462308475474767)
(0.4141020339231733, -0.0013200610117320222)
(0.7026843900733419, -0.0015930419166394958)
(0.09611677135528258, -0.005405192855714364)
(0.8136317160115323, -0.011351277629743424)
(0.6673274346003677, -0.00010592593046076983)
(0.22358041606113377, -0.0005854945506234598)
(0.9631692671608864, -0.00040964832868808335)
(0.9023815793185815, -0.06890496768293926)
(0.8224681799651559, -0.00043270175474955535)
(0.8627591708247039, -0.0005487129035011082)
(0.25801795465928706, -0.0008238816785920823)
(0.9331507057136476, -0.0002235268088726767)
(0.14245704864304548, -0.0002668026460733173)
(0.047551487609213926, -0.0009320403434831775)
(0.013995875645949632, -0.003940610091448447)
(0.3298038482376598, -0.00012972650147090482)
(0.7054722240644694, -0.005040902622276551)
(0.10925273879383537, -0.0008868163966956813)
(0.6050173900782968, -0.0006147194849518502)
(0.2881857715301552, -0.004337522901328646)
(0.08588946287957558, -0.0012241413571447471)
(0.1264001184754848, -0.0002658603938653382)
(0.12813951093120624, -0.045461778306480245)
(0.5580608834078244, -0.000104441084868592)
(0.03506065059945086, -7.101994810916895e-05)
(0.6508788136034301, -0.0026300685945194707)
(0.6434134780571862, -0.002395367050162007)
(0.9895689430837604, -0.0023061583569947836)
(0.635737004729257, -0.00025959833001956364)
(0.8280052160593894, -0.001016945260175731)
(0.25078460997618585, -0.0020346315101623207)
(0.40167601267971226, -0.000257807880007486)
(0.47734044517901447, -0.0001819547744709086)
(0.4783383864937395, -0.0024490299999300478)
(0.6886202061308151, -0.0013489322659464096)
(0.571220659879513, -0.001818130544975756)
(0.24911076721015182, -0.0045678209872283835)
(0.7312217248811684, -0.000996972968072133)
(0.632020382722307, -0.0005047676294553551)
(0.9218338221304148, -0.06563509475109609)
(0.24250429767666715, -0.002446277805859768)
(0.7590044253845419, -0.00022381392671481703)
(0.5987901868466762, -0.1644310792157357)
(0.8539470821540162, -0.03742055912911856)
(0.6940904506663418, -0.0006800859373424218)
(0.7127625703289499, -0.0006876997192474059)
(0.9494471877404561, -0.0003217086414812574)
(0.35347893476756576, -0.00012690976819417648)
(0.9080973292259075, -0.005205670314067966)
(0.45628779099288064, -0.0016586684288071405)
(0.9029916471003381, -0.0004370451468924498)
(0.7032009404973393, -0.0012807900479182225)
(0.17267451409885973, -0.011483628516096052)
(0.3046221669810726, -0.001263015729254029)
(0.4104515065477695, -0.0011979443493546585)
(0.8357947005561864, -0.000569345326551527)
(0.6221534918564001, -0.00033585981192599246)
(0.813577492749186, -0.00021774752859007927)
(0.2207338891568971, -0.0067663172808842525)
(0.9942228257931776, -0.0015471538914139677)
(0.3799320239774315, -0.00014612896469046684)
(0.33452660847374793, -0.0001331669919326693)
(0.5542036472066628, -0.0005588321438490173)
(0.8106067363335103, -0.00044087454393392796)
(0.964907465931784, -0.00035531300906101757)
(0.48026746119733926, -0.2030805861557847)
(0.6995093783518563, -0.0015410515603765012)
(0.959404892754679, -0.00017372676443612394)
(0.6871784110186251, -0.03220129711657941)
(0.38912975983540976, -0.001967567331365585)
(0.7059394744891823, -0.00032745459001963317)
(0.7932173779620114, -0.00018031348489829822)
(0.02399481076568196, -0.13183871536763156)
(0.48851406659438373, -0.0002078841646259147)
(0.8724589999111712, -9.499974396484255e-05)
(0.953857424013617, -7.161812732856942e-05)
(0.01949550459220113, -0.006276274505630812)
(0.7703551318001548, -0.0006901277186689467)
(0.5805059395757198, -0.00025840556041809834)
(0.49925100317758236, -0.00031969581368270666)
(0.2604241106803093, -0.0003255187923363922)
(0.37893366841455967, -0.0005645429094746523)
(0.020577470358759384, -0.00023196294279038144)
(0.24672656304655177, -0.00018253585311129499)
(0.28571568868441644, -0.0018522106583920696)
(0.7002375904330136, -0.010688648362513245)
(0.8541764914730525, -0.0006459684979401109)
(0.4690156263371032, -0.002528297434038787)
(0.9417896449942827, -0.002330922762308536)
(0.33732444879779494, -0.0010968592297476833)
(0.09115105370040347, -0.00028851328262104273)
(0.02764966161386089, -0.0020522838539352058)
(0.8996176901167615, -7.606860748684355e-05)
(0.08643373346495765, -0.01932985440378008)
(0.9655975042742171, -0.038192462514598596)
(0.5649490086144808, -0.0005129470599239972)
(0.7700659880262003, -0.013225668920720347)
(0.9746981705915735, -0.0002518955661566544)
(0.08433016376012259, -0.0016275185767055163)
(0.6221178600083608, -0.003128723230996372)
(0.31803236043880634, -0.004178969415430993)
(0.7051369046771915, -0.0005938422889490948)
(0.6123511499163528, -0.00010933443526806142)
(0.558065222077624, -0.0003595862002684662)
(0.36348978269970406, -0.00028251421111948267)
(0.7190531568812775, -0.0029912135732066765)
(0.6560295391553278, -0.00025174264100510295)
(0.415078034550155, -0.1520262331471662)
(0.4013452582805062, -0.0002511977282179071)
(0.7491670867515747, -0.0005971914188166289)
(0.22611640552514925, -0.00031661915509564615)
(0.16888254749551687, -0.002219798308255312)
(0.5120826025846887, -0.0017845198633740244)
(0.46532353186233233, -0.0005714084561648866)
(0.11381240644402084, -0.0017196574809111094)
(0.4680674446438432, -0.00047713309025154433)
(0.4424348677618575, -0.00040793635121285894)
(0.7364062860437449, -0.00014104964937963028)
(0.9994368115999478, -0.00289289109662911)
(0.36449412429001427, -0.0001798036836682234)
(0.2561520156016793, -0.00040084929696599856)
(0.1876046517008549, -0.00015193266313461845)
(0.2637707672280402, -0.00028889899284042955)
(0.6276774860826594, -0.0009974900769638849)
(0.7751379334434689, -0.00040286392758328925)
(0.05118883715342933, -0.0002710605395179446)
(0.09266470837901528, -0.00025352009204364557)
(0.94135789791845, -0.0007995705418718827)
(0.76155539418568, -0.00047696308496588156)
(0.17587210834461545, -0.0016024099893239068)
(0.09163485448346025, -0.00024267624975671468)
(0.8442058819573799, -0.012317928888804161)
(0.46237879916826546, -0.0002473360498985052)
(0.11456930966075685, -0.0007313526106128049)
(0.6027317814511338, -0.000726997428969427)
(0.2632037733602338, -0.007734822180262499)
(0.7219732666896672, -0.00046397584429053174)
(0.5805516726454842, -0.0004673533589885863)
(0.12262923259658046, -0.0006345806298523471)
(0.44449791570590336, -0.000541477169374632)
(0.6757692306275883, -0.0011243210321812212)
(0.5409354610343464, -0.00013175176668334083)
(0.2867264868868405, -0.0011378076678991418)
(0.1099836777028397, -0.0007778593796678544)
(0.15230687684095773, -0.00042498159533826746)
(0.9875498958413769, -0.001961815845160855)
(0.14923083108508264, -0.0014533309942390206)
(0.5594597135363952, -0.0018074361137113955)
(0.9692681132889726, -0.0005280140776874242)
(0.9877982054506865, -0.051596796433017844)
(0.25932527631561636, -0.0001480152073199949)
(0.9450610729220996, -0.02288367739412011)
(0.5157212202157586, -0.000645404510163671)
(0.02989367541620188, -0.004977674995346956)
(0.5921006652046329, -0.000765633344237568)
(0.3796865623874865, -0.1465605382346024)
(0.3293015473025101, -0.0013775393060809853)
(0.7074214285714285, -1.0467353640715302)
(0.859703602504451, -0.0012731507468573273)
(0.6476823734850871, -0.0002408298097960952)
(0.6791264407737311, -0.0004710894702533411)
(0.35343377137203985, -0.00096634725514909)
(0.6865137002332825, -0.003428601753161139)
(0.43409258285261054, -0.00041216892276844084)
(0.24266108958095664, -0.002625936906425747)
(0.8283609627646367, -0.02100850114230016)
(0.384279278980309, -0.00199308615369176)
(0.3302534432388299, -0.0002840256605989347)
(0.5445715111964191, -0.00011137551845309728)
(0.7359677654864621, -0.0031615876384199996)
(0.9187414345069104, -9.201460503584188e-05)
(0.34419648249795826, -0.002783289034776438)
(0.19437875306344404, -0.0012699825482746078)
(0.5684835934882299, -0.0001355706770475445)
(0.6477868480877083, -0.0021094979704662157)
(0.258015319690375, -0.0005994370974814898)
(0.6232052075072744, -0.00174344380025612)
(0.742586586000056, -0.002011854946312455)
(0.7219607545105338, -0.001321741223703293)
(0.687192723332107, -0.006800457551502857)
(0.842737351726062, -0.00016661657162248773)
(0.9295786992999462, -0.0006819502551087313)
(0.8450130131834761, -0.00023368031930022385)
(0.16655961119915402, -0.0002488995900403876)
(0.5087172792815439, -0.008371873662893147)
(0.6211126289193039, -0.0007879307345191141)
(0.31272406292658067, -0.02027154959969742)
(0.11017982722099012, -0.0008423854565672541)
(0.9600013870049764, -0.01932089374935584)
(0.04636014216531294, -0.06842263689855418)
(0.18667340173467237, -0.00010831535552192908)
(0.6749949584488057, -0.00024347607087806607)
(0.32863100438365334, -0.000329730839502685)
(0.3988318108032246, -0.0011308963820194943)
(0.4214323671543672, -0.0003548334136192478)
(0.19044280565166716, -0.006711865471258104)
(0.8104442966455504, -0.048249993734282765)
(0.8161307634870263, -0.3419426707345862)
(0.06666546375956678, -0.0011304674401077562)
(0.8203289695215638, -0.00025366048206030975)
(0.6644309051311588, -0.047577582614634614)
(0.1818943165615653, -0.00442116465414343)
(0.29952945982463186, -0.0004112792923244914)
(0.2303704328806612, -0.0006897154130265115)
(0.18955570335444955, -0.048249993734282765)
(0.10172845272331002, -0.0033636807780650342)
(0.6435794947850932, -0.000980231160863666)
(0.2567992134485436, -0.00022936380977106819)
(0.2241908054940797, -0.0004423888301129064)
(0.22843401557323603, -0.0002743111370100835)
(0.6008135053028957, -0.00014785157938508847)
(0.40437950440259735, -0.0062552802555851696)
(0.16989367614065817, -0.0003516285370781736)
(0.5218373322297054, -0.001677221684206304)
(0.8239048098698973, -0.000607940701337261)
(0.00682694945071568, -8.511755194802101e-05)
(0.5466414581700443, -0.002049727092320432)
(0.4011023973023082, -0.2366665013501609)
(0.28723023300229183, -1.7492235362157926)
(0.048330815873747254, -0.00013794310390036074)
(0.08141584576345691, -0.000496127046897634)
(0.6922291233429883, -0.00041021621875604434)
(0.9678189658128687, -0.0014920917569894575)
(0.8286556140313991, -0.014813115395020678)
(0.8589751676871071, -0.00018246160638863814)
(0.31928314487540327, -0.02123853976312769)
(0.6506988504005606, -0.13876910567036063)
(0.7122599092884857, -0.0003685215645353572)
(0.7576036478985729, -0.0006131615055553064)
(0.06701009742899516, -0.0023692902285223534)
(0.315493431260991, -1.8948866112808296)
(0.9147089520285413, -0.00035136915008284565)
(0.4692555705113289, -0.0004886239829814175)
(0.5433751543260362, -0.001581164284149615)
(0.8182890158973369, -0.0005306906212682895)
(0.396280572231987, -0.0017795478160967052)
(0.3665949788161438, -0.0009482331975284253)
(0.7371718249170476, -0.0011101549310690113)
(0.026045456300606565, -0.012301116174963295)
(0.9997727226051975, -0.0004241223003368108)
(0.01177536515546038, -0.0006555972091591708)
(0.7536971011050576, -0.00015377509518828196)
(0.572021720016248, -0.00044949370608610763)
(0.009889993844653937, -0.018918258730317123)
(0.14609467355518047, -0.00014423627370968069)
(0.18936999213495237, -0.00030585706396709137)
(0.5349054568797501, -0.00026975941672247587)
(0.9551822637820151, -0.24365510373508445)
(0.9069513364268127, -0.0018255978366193627)
(0.7910039196482209, -0.0007251093439804244)
(0.3091919260066077, -0.0020426820649047167)
(0.14154805881833762, -0.016841105970877474)
(0.26770517504516284, -0.00015001008608650406)
(0.4544331384427127, -0.0009427600303556584)
(0.6900042868212237, -0.00011491077770253237)
(0.18187535086385126, -0.0019174575481565282)
(0.643589017687983, -0.0025688270329333024)
(0.3319762850776551, -0.00018099583549741839)
(0.922758680612705, -0.02804600396892806)
(0.725367830736438, -0.001505207940998498)
(0.7759166618843983, -0.014499469758915723)
(0.11357576951028048, -0.0031627776616397246)
(0.5227468267127391, -0.12761330391977108)
(0.9951226172883442, -0.0003621184084719111)
(0.946674111219334, -0.13938842204337204)
(0.024483521782909173, -0.0023727359152124613)
(0.2234705846249772, -0.0012775753423858623)
(0.007138015182123568, -0.0017435012990216817)
(0.5535506887400414, -0.0006380342382898617)
(0.8206270605207924, -0.00135154218584198)
(0.15630173790069504, -0.00010829592302335826)
(0.12290450856866683, -0.0002317835642177617)
(0.1984696061078698, -0.0007300390594915662)
(0.5919762033223381, -0.0009070891680656561)
(0.30271817774486315, -0.0002902621228701891)
(0.9153463354758512, -0.0001820132379286048)
(0.943293371314505, -8.126304739182248e-05)
(0.1993053339081423, -0.005298192915489568)
(0.5949457237538357, -0.001457583744526803)
(0.18165256851439207, -8.784484474861171e-05)
(0.1017938851930363, -0.0007931415956558225)
(0.11408729260195953, -0.0011363633971523453)
(0.7020207190948844, -0.12714561582044687)
(0.11570745865433842, -0.005148505100480404)
(0.7043515707748068, -0.002046606937737899)
(0.8054889242391935, -0.0002255109780885645)
(0.14438334743116338, -0.0001301930236001156)
(0.3270772642050975, -0.006792677913682823)
(0.2715378362807015, -0.06722079709673574)
(0.17297151477019257, -0.0048405200970361795)
(0.3200538260316884, -0.00027275129160791555)
(0.9379161544635328, -0.03721971507198297)
(0.9295078679303295, -0.0030775937660137967)
(0.04477169140711637, -0.0021760716732257494)
(0.39337609833523435, -0.001770040100251949)
(0.2425965974030529, -0.0012697056089914888)
(0.06226616012904847, -0.005718173583694373)
(0.09944874607426182, -0.0004871720189572861)
(0.6554154702081838, -0.6574970879846296)
(0.40507291685427044, -0.014343657377899726)
(0.5188646401314051, -0.000308876412883034)
(0.8926653612056, -0.36979275209197)
(0.6284219279377531, -0.00035323782437557595)
(0.14098791870145844, -0.010552086898510341)
(0.150617629506143, -0.09034662650863266)
(0.1509299332994273, -8.685018735995703e-05)
(0.34226565949418797, -0.0002603301891170214)
(0.32733476094545344, -0.0056339270983596906)
(0.6699828355985301, -0.0001291339146451479)
(0.09828883918621178, -0.008366371345339215)
(0.05615472632977303, -0.0009667150047640413)
(0.825472960165774, -0.0027666045977877847)
(0.9909151102888876, -0.0008477114206053095)
(0.29320408867440034, -0.0002885348600585559)
(0.5983873746395989, -0.009107472661352915)
(0.45819470436041154, -0.0009554725814754083)
(0.34374694619063983, -0.002161904518534561)
(0.9306376053039082, -0.0003442002148561258)
(0.15143063771448206, -0.00023248439692102025)
(0.02371725035289559, -0.00046071110937420597)
(0.2792835407790673, -0.0010570258123622518)
(0.06131515727367404, -0.15200730974056817)
(0.8353659532322996, -0.0004936181150805329)
(0.4829402929511916, -0.0027805080514335103)
(0.7229529297968089, -0.016778738417478095)
(0.3286141070919957, -0.0002599911777406016)
(0.7842982651799091, -0.0013951914958403703)
(0.16283949756271915, -0.004913555190044005)
(0.7531107044516749, -0.0004572046785879462)
(0.990442609359109, -0.00502555977483635)
(0.9130602451138528, -7.588653457276889e-05)
(0.32504621884748064, -0.001899393224780382)
(0.36673241054174543, -0.00011179943566973517)
(0.4758620049797413, -0.0038735508303044145)
(0.5416521676501305, -0.007538954474460685)
(0.2006829841599829, -0.013268794149499035)
(0.8585209481715649, -0.00014198567096559265)
(0.7811793771284858, -0.038295222933085904)
(0.3005541506618495, -0.001866558634617745)
(0.9824071501354537, -0.0018308229588373504)
(0.3257137006457994, -0.0015604878771255466)
(0.6095706160237154, -0.0004705438572465802)
(0.30604199945217814, -0.00033374116081996805)
(0.012097096972525558, -0.00010939907476406046)
(0.3735319634760075, -0.0005776584492629876)
(0.5955602182767418, -0.0006013573272154886)
(0.7225509415795248, -0.008203438890817878)
(0.7914998845412543, -0.0013005123224035426)
(0.5445639579589096, -0.001077468236870234)
(0.1370807776018995, -0.18122149654978018)
(0.43174807197943443, -18.835854880464552)
(0.13920320694509572, -0.0037224763792372165)
(0.9791104867358518, -0.000888404756731584)
(0.4521498857729271, -0.0007999757390161472)
(0.0944431009465902, -1.2656580440303862)
(0.7340905543402454, -0.0002918486783444752)
(0.5576280378802926, -0.004933425048057818)
(0.14369731063572594, -0.0001865503797556802)
(0.7453158782038626, -0.001044992138043764)
(0.23193513394761409, -0.0009629763421573212)
(0.9792943671354897, -0.0001301618203489814)
(0.7926805693472707, -0.0013885273129971105)
(0.5692799501206971, -0.0003850456528985083)
(0.3563576906610935, -0.04216218880190162)
(0.3499461788952568, -0.0002511896402284197)
(0.0684655977205584, -0.009405864238000045)
(0.8451735602389271, -0.4128900906401844)
(0.7545363589818994, -0.0022777377606314968)
(0.9986141669399283, -0.01937640169589873)
(0.5581018016139041, -0.00018452027102101677)
(0.42449485730585496, -0.003027289574971943)
(0.11930586002009956, -0.21531056015764377)
(0.1663756789887681, -0.009242582114406801)
(0.4196230220771568, -0.00022222272074656814)
(0.9023325862301241, -0.00031178626864672475)
(0.059098330224026586, -0.0003025611364350936)
(0.5906829138520785, -0.0003913388029845999)
(0.18705422652003478, -0.0002282052860804372)
(0.8437850962502716, -0.00014566925822374796)
(0.18001327134503117, -0.0002633904038854573)
(0.8357715096940892, -0.0015751476138554288)
(0.022812162703712478, -0.0061506789018255835)
(0.9663104404065291, -0.4513179888204935)
(0.4138088244312212, -0.005602530629405843)
(0.41302637578054685, -0.0003801326983739225)
(0.062021688008914125, -8.234383052932083e-05)
(0.1544874496193027, -0.0006160378200846205)
(0.08886234703699837, -0.0006731113010898333)
(0.5503149841941573, -0.00016816969480398726)
(0.31578529752496337, -0.00024392681399147985)
(0.6961156321040907, -0.0037139064919829547)
(0.4902235938609349, -0.01865908760630834)
(0.7828756979296825, -0.00014904258772925724)
(0.8271843926820327, -0.0010940392454152081)
(0.967472591319726, -0.0009766328011256993)
(0.803226849858166, -0.0014036186365271246)
(0.045464737949908865, -0.00015849456248922606)
(0.3574481803282044, -0.0001379496397163981)
(0.4412776541795458, -0.00015708734069142557)
(0.5318870394955016, -0.0015727255659885816)
(0.9695635315297525, -0.0006903384661718081)
(0.5898894773384685, -0.0009887861397970934)
(0.8446646708398577, -0.00350778396799345)
(0.5432289489958336, -0.0016693306345645028)
(0.22102940978689925, -0.061589644444020805)
(0.0366200652063007, -0.00044100843136133077)
(0.4368084809712801, -0.03382982444350996)
(0.4162560406677161, -0.00384484232607107)
(0.8036693333555326, -0.030498266576623786)
(0.8310514624298828, -0.003256843811859434)
(0.7900080209167365, -0.0012112122419172613)
(0.41500095368248313, -0.00026128373723106066)
(0.07090457898859864, -0.0022527075445277285)
(0.2941641759889794, -0.00019227809779076866)
(0.9394622356631259, -0.0008949211236412529)
(0.5072682943992582, -0.0005237793276919601)
(0.3329023625901478, -0.00010365388455630791)
(0.2626501026456557, -0.0004642964340090975)
(0.29722418672136847, -0.00020947815586512024)
(0.3948516687503594, -0.0002790287674694391)
(0.6693251308009085, -0.05286252376132847)
(0.5771719021355098, -0.00032194776437026283)
(0.05793160683122197, -0.0008661299269560794)
(0.32308941058330287, -0.0019909804041423275)
(0.9161006848099126, -0.0013371413840594043)
(0.6522838339821241, -0.09060581819970114)
(0.9870916532053859, -0.0015170385545091212)
(0.5368846404923331, -0.003264069025139157)
(0.6984908022809783, -0.002777548349672426)
(0.08497432835443816, -0.003989563392815332)
(0.4582868005062178, -0.0015687414905464648)
(0.206733202595707, -0.0016687193030839533)
(0.07246592123963153, -0.0002892610356626966)
(0.6471837898522991, -0.0003722546013161723)
(0.33850487516299144, -0.0006737822675389672)
(0.23010060603124644, -0.0013068923347698655)
